id	id_ref	Pos	Pos_ref	fold_1	fold_2	fold_3	fold_4	fold_5	fold_6	fold_7	fold_8	fold_9	fold_10	n	mean	std	ci95	trait_name	mean_kcal/mol	std_kcal/mol	ci95_kcal/mol
A10C	A10C	10	10	-0.19274136	-0.342361	-0.3872425	-0.42569706	-0.34510943	-0.23393646	-0.35501653	-0.25525466	-0.40956378	-0.25043452	10	-0.3197357	0.08076307	0.31659123	Binding_K27	-0.1925004	0.048624292	0.19060723
A10D	A10D	10	10	-0.23199761	-0.33136234	-0.47605515	-0.29512128	-0.43226653	-0.43413144	-0.348593	-0.4218282	-0.36420965	-0.48826247	10	-0.38238275	0.08233579	0.32275632	Binding_K27	-0.23021773	0.049571168	0.19431898
A10E	A10E	10	10	-0.9955628	-0.8326738	-0.59054315	-1.1024237	-0.77798605	-0.9290835	-0.86348575	-0.84935755	-0.7255787	-0.9537703	10	-0.86204654	0.1448925	0.5679786	Binding_K27	-0.5190046	0.08723412	0.34195775
A10F	A10F	10	10	-0.1843834	0.044955075	-0.28024316	-0.43495795	-0.22501439	-0.09199222	-0.14681561	-0.2989254	-0.08438859	-0.10451542	10	-0.1806281	0.13561706	0.5316189	Binding_K27	-0.10874914	0.08164974	0.320067
A10G	A10G	10	10	-0.032298263	0.033065017	0.035762597	0.066800036	0.13088436	0.1514607	-0.17318185	0.052686803	0.031784263	-0.06931528	10	0.022764837	0.09507252	0.3726843	Binding_K27	0.01370582	0.057239454	0.22437866
A10H	A10H	10	10	0.27288157	0.26435417	0.3517612	0.2568579	-0.017529579	0.294687	0.38681558	0.27063125	0.12556025	0.3248147	10	0.2530834	0.11777217	0.4616669	Binding_K27	0.15237164	0.07090603	0.27795163
A10I	A10I	10	10	0.027283838	0.3043633	0.092121735	0.2091368	0.027542833	0.05818803	-0.057166126	0.018215412	-0.19770573	-0.07336533	10	0.04086148	0.1418621	0.5560994	Binding_K27	0.024601102	0.085409634	0.33480576
A10K	A10K	10	10	0.60446495	0.1532527	-0.07555625	-0.20479758	-0.00083487754	0.31827965	0.03954479	-0.088493705	-0.10207106	-0.25714308	10	0.038664557	0.26008636	1.0195385	Binding_K27	0.02327842	0.15658784	0.61382437
A10L	A10L	10	10	-0.31520674	-0.37737995	-0.26920584	-0.26086214	-0.2713466	-0.26382536	-0.33095863	-0.3170666	-0.20381056	-0.25657946	10	-0.28662416	0.048793115	0.19126901	Binding_K27	-0.17256522	0.02937643	0.11515561
A10M	A10M	10	10	-0.45764366	-0.31955793	-0.53330994	-0.526191	-0.37673312	-0.19051829	-0.5893622	-0.23199673	-0.5729562	-0.45103598	10	-0.4249305	0.14075184	0.5517472	Binding_K27	-0.25583407	0.08474119	0.33218548
A10N	A10N	10	10	0.067186326	0.08552272	0.21002303	0.15294431	-0.023818308	0.07638061	0.09414444	0.32075858	0.07951029	0.4976768	10	0.15603288	0.15203136	0.59596294	Binding_K27	0.0939413	0.09153215	0.358806
A10P	A10P	10	10	-0.10607097	-0.08946763	0.016412402	0.11515242	-0.032070547	-0.04480467	-0.07822648	-0.23039126	-0.108852774	0.084717974	10	-0.047360152	0.10089415	0.3955051	Binding_K27	-0.0285137	0.06074443	0.23811817
A10Q	A10Q	10	10	0.3994098	0.10525897	-0.08286854	0.09422978	-0.017394846	-0.012122047	-0.061160393	0.09583572	-0.19819327	0.0913567	10	0.04143519	0.15992588	0.62690943	Binding_K27	0.02494651	0.09628513	0.3774377
A10R	A10R	10	10	0.24292263	-0.0156911	0.01686264	-0.016177969	0.29572618	0.32308152	0.20906626	0.1215197	0.3206756	0.02074619	10	0.15187317	0.14248733	0.55855036	Binding_K27	0.09143691	0.08578606	0.33628136
A10S	A10S	10	10	0.09851714	0.094606236	0.17854518	0.03957633	-0.16997434	0.20197333	0.074327484	0.15308829	0.051203012	0.2266865	10	0.09485491	0.112930514	0.44268763	Binding_K27	0.057108443	0.067991056	0.26652494
A10T	A10T	10	10	-0.3136364	-0.18212883	-0.19465795	0.036050696	-0.26630577	-0.2635026	-0.46185577	-0.25545567	-0.17459977	-0.30637142	10	-0.23824637	0.12753479	0.4999364	Binding_K27	-0.14343885	0.076783724	0.3009922
A10V	A10V	10	10	-0.023460263	-0.22165021	-0.1544418	-0.052158464	-0.044950034	-0.18123826	-0.07626217	-0.11981296	-0.15474564	-0.093874015	10	-0.11225939	0.065002315	0.25480908	Binding_K27	-0.067586996	0.039135356	0.1534106
A10W	A10W	10	10	0.18893279	0.51405245	0.4454127	-0.003929263	0.3367983	0.24954428	0.22254921	0.24522366	0.39812148	0.37758943	10	0.2974295	0.14912823	0.5845827	Binding_K27	0.1790707	0.08978429	0.3519544
A10Y	A10Y	10	10	0.14848816	-0.26357424	-0.10767041	-0.23587061	-0.052319273	0.0011852253	0.074695855	0.29564553	-0.034750845	-0.06291752	10	-0.023708815	0.16800053	0.6585621	Binding_K27	-0.014274152	0.101146564	0.39649454
A129C	A129C	129	129	-0.43049592	-0.40161523	-0.3429972	-0.22949526	-0.20196144	-0.23244613	-0.34511164	-0.29077694	-0.4997776	-0.28877625	10	-0.32634535	0.09635928	0.3777284	Binding_K27	-0.1964798	0.058014162	0.22741552
A129D	A129D	129	129	0.7670272	0.7970769	0.47555226	0.8125594	0.47085986	0.8384889	0.63744116	0.7476504	0.5208874	0.64302444	10	0.6710568	0.14211966	0.55710906	Binding_K27	0.40401712	0.0855647	0.33541363
A129E	A129E	129	129	0.25885323	0.29213843	0.36414936	0.2729275	0.23880512	0.37626088	0.336905	0.32642815	0.059962016	0.0042647184	10	0.25306946	0.1252893	0.49113408	Binding_K27	0.15236324	0.0754318	0.29569265
A129F	A129F	129	129	-0.21507242	-0.19908093	-0.32603884	-0.547813	-0.3789056	-0.070906915	0.021145482	-0.18060958	-0.25465673	-0.12476119	10	-0.22766995	0.16194417	0.6348211	Binding_K27	-0.13707119	0.097500265	0.38220105
A129G	A129G	129	129	-0.037202187	-0.081608064	-0.12752952	-0.102379374	-0.16281477	0.0056721107	-0.014833905	0.007959558	0.025689345	-0.14634764	10	-0.06333945	0.0695798	0.27275282	Binding_K27	-0.03813421	0.041891284	0.16421384
A129H	A129H	129	129	0.043374296	0.032829084	0.16249749	0.12379224	0.057570893	0.18218362	0.16722035	0.082067445	0.25191808	0.29758346	10	0.1401037	0.0892065	0.34968948	Binding_K27	0.084350966	0.053707752	0.2105344
A129I	A129I	129	129	-0.44027427	-0.3698326	-0.3545182	-0.3849038	-0.3676766	-0.2922818	-0.5965953	-0.5437641	-0.40748924	-0.4373808	10	-0.41947165	0.09095565	0.35654616	Binding_K27	-0.2525475	0.054760847	0.21466252
A129K	A129K	129	129	1.2621716	1.0378685	0.832874	1.269451	1.2919542	1.3289272	1.1797055	1.4909958	1.2000391	1.1829808	10	1.2076967	0.17626442	0.69095653	Binding_K27	0.72710705	0.10612193	0.41599795
A129L	A129L	129	129	-0.46647304	-0.3618141	-0.39355922	-0.3817456	-0.39488086	-0.34471917	-0.36945283	-0.3638648	-0.31762356	-0.25635406	10	-0.3650487	0.054545302	0.21381758	Binding_K27	-0.21978158	0.032839596	0.12873122
A129M	A129M	129	129	-0.32291034	-0.25432393	-0.43721053	-0.22592904	-0.39110738	-0.4036437	-0.55152863	-0.41538438	-0.34960175	-0.3534217	10	-0.37050614	0.09318456	0.3652835	Binding_K27	-0.22306728	0.056102786	0.21992293
A129N	A129N	129	129	0.8048303	0.48043182	0.88778573	1.0293856	0.65433854	0.9952433	0.5940398	0.683204	0.3626121	0.8008855	10	0.7292757	0.2158083	0.84596854	Binding_K27	0.43906844	0.12992975	0.5093246
A129P	A129P	129	129	-0.40606242	-0.25873354	-0.07014971	-0.11248145	-0.33622986	-0.12528566	-0.2429687	-0.14209764	-0.2034037	-0.08528877	10	-0.19827014	0.112007976	0.43907127	Binding_K27	-0.119370714	0.06743563	0.26434767
A129Q	A129Q	129	129	0.022987729	0.32267892	0.20869811	0.08468117	0.37174374	0.4079074	0.2692708	-0.04117009	0.13370827	0.0036695532	10	0.17841756	0.16114956	0.6317063	Binding_K27	0.107418254	0.09702186	0.3803257
A129R	A129R	129	129	1.2653115	1.0669721	0.89083517	0.62683296	0.6212675	0.59909713	0.636953	0.7636655	1.0384016	1.480824	10	0.899016	0.30705652	1.2036616	Binding_K27	0.54126245	0.18486674	0.7246776
A129S	A129S	129	129	-0.08231258	-0.18442255	-0.15309669	-0.19884677	-0.08344189	-0.09440051	-0.09263737	-0.07742044	-0.08808116	-0.0523515	10	-0.110701144	0.049628418	0.1945434	Binding_K27	-0.06664884	0.029879333	0.11712699
A129T	A129T	129	129	-0.12193971	-0.11170484	0.12129443	0.027982065	-0.21020065	0.005627829	-0.024295991	-0.046744116	-0.121537045	0.08818154	10	-0.03933365	0.10376778	0.40676972	Binding_K27	-0.023681255	0.062474534	0.24490018
A129V	A129V	129	129	-0.44726875	-0.4149181	-0.3205704	-0.40483737	-0.3335996	-0.1538982	-0.33978185	-0.21299481	-0.19161585	-0.35652393	10	-0.3176009	0.099877484	0.39151976	Binding_K27	-0.19121511	0.060132336	0.23571876
A129W	A129W	129	129	-0.064905025	-0.24718454	-0.5640789	-0.3452767	0.498487	-0.16881523	-0.10226955	-0.34878108	0.08274009	0.3160181	10	-0.09440659	0.3213507	1.2596947	Binding_K27	-0.056838524	0.19347271	0.7584131
A129Y	A129Y	129	129	-0.4533496	-0.2669063	-0.37781098	-0.103106536	-0.129316	-0.42367503	-0.5098035	-0.39932144	-0.24061282	-0.123045735	10	-0.30269477	0.15000395	0.5880155	Binding_K27	-0.18224071	0.09031153	0.3540212
A133C	A133C	133	133	-0.35150102	-0.30930263	-0.42969075	-0.5761656	-0.1093904	-0.040630996	-0.25612122	-0.5600807	-0.35389227	-0.1984251	10	-0.3185201	0.17600176	0.6899269	Binding_K27	-0.19176853	0.10596379	0.41537806
A133D	A133D	133	133	0.66229874	0.88795847	1.3027505	1.2115917	1.4126828	0.8029919	1.1610639	0.69708806	0.07054613	1.0541073	10	0.926308	0.39473587	1.5473646	Binding_K27	0.5576939	0.23765506	0.93160784
A133E	A133E	133	133	0.685679	0.47230545	0.0508429	0.2840709	0.73914486	-0.21937059	0.13613527	0.44820938	0.8197732	0.50918156	10	0.3925972	0.3300439	1.2937721	Binding_K27	0.23636745	0.19870655	0.7789297
A133F	A133F	133	133	0.7660287	0.71452457	0.9387582	1.0003724	0.41006196	1.239362	1.1916137	0.49736136	0.71269953	0.8634346	10	0.8334217	0.2704688	1.0602378	Binding_K27	0.5017707	0.16283871	0.6383278
A133G	A133G	133	133	-0.21423547	-0.35348454	-0.18631504	-0.31989932	-0.14945377	-0.1015989	0.011365891	-0.08571742	0.0044402136	0.07657008	10	-0.13183282	0.141467	0.55455065	Binding_K27	-0.0793714	0.08517176	0.3338733
A133H	A133H	133	133	0.8580445	0.51515555	1.2662501	0.66605	0.8707971	0.2728322	0.6113248	1.0008527	1.2118616	0.46120194	10	0.7734371	0.32592666	1.2776326	Binding_K27	0.46565628	0.19622773	0.7692127
A133I	A133I	133	133	1.1082892	0.55317974	0.5163819	0.9283538	0.16158761	0.18259217	0.47122005	0.79941034	1.0195332	0.51068944	10	0.62512374	0.3292777	1.2907686	Binding_K27	0.37636262	0.19824524	0.77712137
A133K	A133K	133	133	0.90313166	0.6925558	1.5223145	1.3575752	0.78969383	0.86725146	1.0283391	1.0171185	0.8325624	1.1150279	10	1.012557	0.25974664	1.0182068	Binding_K27	0.60962105	0.15638332	0.6130226
A133L	A133L	133	133	0.7137072	0.94330657	0.7586288	1.0074872	0.84006834	0.98482615	0.9734689	0.5627251	1.0406799	1.062555	10	0.8887453	0.16431925	0.6441315	Binding_K27	0.5350789	0.0989302	0.38780642
A133M	A133M	133	133	0.76006055	0.89405805	0.48154753	0.48377275	0.5854495	0.7119301	0.4631643	0.4897851	1.2122002	0.80442566	10	0.6886394	0.24065886	0.94338274	Binding_K27	0.4146029	0.1448913	0.5679739
A133N	A133N	133	133	0.93494195	1.8238101	0.92595816	1.765963	1.7326291	1.0657183	1.229787	1.0981284	0.42130384	1.3913625	10	1.2389601	0.4466675	1.7509366	Binding_K27	0.74592954	0.26892108	1.0541706
A133P	A133P	133	133	0.9132219	0.526147	1.6012418	0.90615493	1.4016031	0.5168337	1.1414136	0.8490044	0.7352622	0.95735854	10	0.9548241	0.34823263	1.3650719	Binding_K27	0.5748623	0.20965728	0.82185656
A133Q	A133Q	133	133	0.38876578	0.22780779	0.31419435	-0.24322963	0.4539755	0.6835819	0.37004602	0.81907886	0.91605926	0.8677175	10	0.4797997	0.35467303	1.3903183	Binding_K27	0.28886867	0.21353479	0.8370564
A133R	A133R	133	133	0.70949715	0.36309063	0.23816691	0.31034258	0.41508126	0.20270985	0.66210186	0.43865165	0.59003645	0.49775398	10	0.44274324	0.17260142	0.6765976	Binding_K27	0.26655844	0.10391658	0.40735298
A133S	A133S	133	133	-0.42710656	-0.27468863	-0.28671116	-0.4461924	-0.38898444	-0.5189086	-0.41871908	-0.2411896	-0.22355387	-0.35746878	10	-0.35835233	0.09822559	0.38504434	Binding_K27	-0.21574995	0.059137795	0.23182017
A133T	A133T	133	133	0.043560714	0.6141802	0.16493009	0.5569009	0.43746385	0.2722241	0.3624995	0.26037738	0.36042428	0.19440438	10	0.32669654	0.17686489	0.6933104	Binding_K27	0.19669124	0.10648345	0.41741514
A133V	A133V	133	133	-0.08854513	0.06304685	0.0717788	0.02747474	0.0319033	0.21174215	0.26005095	0.21143198	-0.008297357	0.18292393	10	0.09635101	0.11382226	0.44618326	Binding_K27	0.058009185	0.06852794	0.26862952
A133W	A133W	133	133	0.88548315	0.6282457	0.57807696	0.27268502	0.6159667	0.5373591	0.9310136	1.3433384	1.0296458	0.64367604	10	0.746549	0.3033062	1.1889603	Binding_K27	0.44946802	0.18260883	0.71582663
A133Y	A133Y	133	133	0.8343425	1.0009706	0.89940757	0.47751448	0.49068105	0.63546413	0.12791455	0.69462186	0.9914488	0.62423646	10	0.67766017	0.27057064	1.0606369	Binding_K27	0.40799275	0.16290002	0.6385681
A145C	A145C	145	145	-0.64092916	-0.64816916	-0.7331397	-0.6884357	-0.70010597	-0.6088869	-0.6493965	-0.72169745	-0.63245076	-0.8980856	10	-0.6921297	0.08294728	0.32515332	Binding_K27	-0.41670427	0.04993932	0.19576214
A145D	A145D	145	145	1.464982	2.0705998	1.8002784	1.4109728	1.8999476	1.7494475	1.9520198	1.9757296	1.5271038	2.020974	10	1.7872055	0.24152394	0.9467738	Binding_K27	1.0760067	0.14541213	0.57001555
A145E	A145E	145	145	2.4636633	1.8982673	1.8688133	1.2223567	1.9498917	2.309653	1.7782843	1.8680795	1.3841096	2.471464	10	1.9214582	0.41528305	1.6279097	Binding_K27	1.1568351	0.25002572	0.9801008
A145F	A145F	145	145	0.25943047	0.25322255	0.28819928	0.28528982	0.24296404	0.2805752	0.30637813	0.23828234	0.2661877	0.32353476	10	0.2744064	0.02752107	0.1078826	Binding_K27	0.16520938	0.016569363	0.064951904
A145G	A145G	145	145	0.09269526	0.016847856	0.0037217748	0.065747276	0.08029491	0.019076183	-0.041008264	-0.14848876	-0.2218414	0.25487363	10	0.012191847	0.13184264	0.5168232	Binding_K27	0.007340235	0.07937731	0.31115904
A145H	A145H	145	145	1.7514223	2.1977055	2.2517107	2.1250486	1.9980826	1.9295261	0.86339796	1.2330399	1.2836516	0.7824847	10	1.641607	0.55537564	2.1770725	Binding_K27	0.98834753	0.33437	1.3107303
A145I	A145I	145	145	0.4801625	-0.005768873	-0.5142273	0.5523387	0.20732158	0.02724918	0.5594691	0.44321102	0.16523905	0.3605693	10	0.22755642	0.3321242	1.3019269	Binding_K27	0.13700284	0.19995902	0.7838394
A145K	A145K	145	145	0.41823196	0.2735359	0.507109	0.011507991	0.42450726	0.13776693	0.42399657	0.4467547	0.47896272	0.42155948	10	0.35439324	0.16219081	0.63578796	Binding_K27	0.21336634	0.097648755	0.38278311
A145L	A145L	145	145	-0.84506845	-0.89200443	-0.5161558	-0.060456943	0.27324438	0.26810643	-0.35079148	-0.63413674	-0.47430196	-0.3560734	10	-0.35876387	0.41045338	1.6089773	Binding_K27	-0.21599773	0.24711797	0.96870244
A145M	A145M	145	145	-0.11114565	0.033688385	0.30048355	0.37963727	-0.7175935	-0.50666726	-0.11674636	0.2296098	0.6534465	-0.16972916	10	-0.0025016472	0.41387644	1.6223956	Binding_K27	-0.0015061442	0.24917886	0.97678113
A145N	A145N	145	145	0.25321856	0.4264682	0.0415372	0.17526837	0.39463615	0.46716025	-0.25432616	-0.13780738	0.07040697	0.19400907	10	0.16305712	0.23870218	0.9357126	Binding_K27	0.098170325	0.14371327	0.56335604
A145P	A145P	145	145	0.33170438	0.1894614	-0.03107967	0.5392456	0.6913292	-0.17984672	0.7175504	-0.20921041	-0.22564618	0.19948274	10	0.20229909	0.36332783	1.4242451	Binding_K27	0.121796384	0.21874551	0.85748243
A145Q	A145Q	145	145	-0.43354842	0.13955206	-0.45403883	-0.3004939	-0.03738263	1.167371	0.8443363	0.29566738	-0.60044646	-0.14189635	10	0.047912024	0.57985413	2.2730281	Binding_K27	0.02884596	0.34910753	1.3685015
A145R	A145R	145	145	0.8749588	0.8066957	0.9154764	1.4025747	1.6581751	1.7853802	1.3392959	1.0936822	1.1265852	0.9495259	10	1.195235	0.33887583	1.3283932	Binding_K27	0.7196044	0.20402391	0.79977375
A145S	A145S	145	145	-0.25815225	-0.20558767	-0.13362926	-0.35280284	-0.20071702	-0.2787658	-0.15944228	-0.24931806	-0.1322693	-0.22646022	10	-0.21971448	0.069000356	0.2704814	Binding_K27	-0.13228151	0.041542422	0.1628463
A145T	A145T	145	145	-0.8065322	-0.5805344	-0.76835036	-0.5008325	-0.49557507	-0.64993954	-0.4424092	-0.55967826	-0.5839857	-0.61669844	10	-0.60045356	0.11623872	0.45565578	Binding_K27	-0.36150965	0.0699828	0.27433258
A145V	A145V	145	145	-0.4057114	-0.26180395	-0.2782687	-0.24300167	-0.30404994	-0.34160605	-0.23442812	-0.46187085	-0.39233437	-0.48052278	10	-0.3403598	0.09032607	0.3540782	Binding_K27	-0.20491736	0.054381803	0.21317667
A145W	A145W	145	145	2.2570803	1.4143065	1.986439	1.2954358	1.2500216	1.981191	1.4522258	1.3254076	1.895936	0.94035953	10	1.5798403	0.42058167	1.6486802	Binding_K27	0.9511602	0.25321582	0.99260604
A145Y	A145Y	145	145	0.3376657	0.7882145	0.7915695	0.5996439	1.0046424	0.31271815	0.1380163	0.17142661	0.047501314	0.36172718	10	0.45531255	0.32266212	1.2648355	Binding_K27	0.2741259	0.19426227	0.7615081
A154C	A154C	154	154	-0.4194705	-0.28976005	-0.17746681	-0.16518775	-0.26662815	-0.22688614	-0.44960696	-0.13430801	-0.41314498	-0.26314718	10	-0.28056067	0.11266628	0.44165182	Binding_K27	-0.16891463	0.06783197	0.26590133
A154D	A154D	154	154	0.5122113	-0.37907362	-0.28269476	-0.074042276	-0.025934093	0.14351091	0.1603056	-0.21016079	-0.08910715	0.0799084	10	-0.016507644	0.25694567	1.0072271	Binding_K27	-0.009938608	0.15469696	0.60641205
A154E	A154E	154	154	-0.23744537	0.13838452	-0.15824467	-0.11877039	0.7334506	0.049815796	0.30772638	0.115146086	0.25574106	0.4468139	10	0.1532618	0.296876	1.163754	Binding_K27	0.092272945	0.17873746	0.7006509
A154F	A154F	154	154	1.1456228	1.4569608	0.51507556	1.0769064	0.93841326	1.2091124	0.6644525	0.9050931	1.0906292	1.3485606	10	1.0350827	0.29013523	1.1373302	Binding_K27	0.6231829	0.1746791	0.6847421
A154G	A154G	154	154	-0.3764727	-0.012978241	-0.36096373	-0.36442795	-0.13983881	-0.30757475	-0.038947105	-0.24301708	-0.15976769	-0.44388163	10	-0.24478698	0.15021613	0.5888473	Binding_K27	-0.14737669	0.09043927	0.35452193
A154H	A154H	154	154	0.2245825	0.822127	0.06678422	0.44682458	0.69639045	0.20016015	0.36923617	0.17881341	-0.32150283	0.32337323	10	0.3006789	0.32104555	1.2584985	Binding_K27	0.18102704	0.193289	0.7576929
A154I	A154I	154	154	-0.37454578	-0.113595985	-0.013884437	-0.050853275	-0.7051989	-0.5185787	-0.31677213	-0.23019943	-0.34499678	-0.2969722	10	-0.29655975	0.21167886	0.8297812	Binding_K27	-0.17854705	0.12744358	0.49957886
A154K	A154K	154	154	0.89856696	1.4299757	0.88009775	0.93384963	0.34863132	0.7344152	0.5006298	0.69320434	1.3962736	0.9441236	10	0.87597674	0.34295583	1.3443868	Binding_K27	0.52739143	0.20648032	0.8094029
A154L	A154L	154	154	-0.9470663	-0.56900275	-0.4110121	-0.62621886	-0.67083496	-0.8463333	-1.2057983	-1.059657	-0.5678531	-0.85917586	10	-0.7762952	0.24926534	0.97712016	Binding_K27	-0.46737704	0.15007293	0.5882859
A154M	A154M	154	154	-1.0933274	-0.43310943	-0.5318678	-0.7101819	-0.57500505	-0.6382962	-0.7294033	-0.72305375	-1.0120101	-0.56653255	10	-0.70127875	0.20824233	0.8163099	Binding_K27	-0.42221257	0.12537459	0.49146837
A154N	A154N	154	154	0.26969653	0.9574358	0.39629948	0.19230174	0.30349472	0.91749066	0.365441	0.7814545	0.03113568	0.37815443	10	0.45929042	0.31553522	1.2368981	Binding_K27	0.27652085	0.18997145	0.7446881
A154P	A154P	154	154	-0.3310804	-0.92824584	-0.86234194	-0.7663452	-0.20237234	-0.73607403	-0.54644716	-0.7921135	-0.3995837	-0.62097085	10	-0.6185575	0.24269761	0.95137465	Binding_K27	-0.37240934	0.14611876	0.57278556
A154Q	A154Q	154	154	1.200374	1.7755255	1.4682438	0.8733167	-0.46946248	0.15230742	0.3744577	0.45660624	-0.10863268	-0.051226318	10	0.567151	0.7380104	2.8930008	Binding_K27	0.34145948	0.44432727	1.7417629
A154R	A154R	154	154	0.6565993	1.2024856	0.571716	1.0434674	0.6537136	-0.06451002	0.74233836	1.0294254	0.19507594	0.34481585	10	0.63751274	0.3983007	1.5613388	Binding_K27	0.38382155	0.23980132	0.94002116
A154S	A154S	154	154	-0.5221287	-0.40154913	-0.38463023	-0.3860064	-0.5501259	-0.44267744	-0.46645287	-0.48892152	-0.47136456	-0.46763867	10	-0.45814952	0.055663906	0.21820252	Binding_K27	-0.27583393	0.033513065	0.13137121
A154T	A154T	154	154	-0.8730742	-0.7481656	-0.63313884	-0.7543345	-0.67895424	-1.0264024	-1.0716592	-0.9071918	-1.0321285	-0.57605517	10	-0.83011043	0.177677	0.69649386	Binding_K27	-0.4997771	0.10697239	0.41933176
A154V	A154V	154	154	-0.50156385	-0.4173581	-0.33370638	-0.419005	-0.31968585	-0.38437575	-0.33289427	-0.35795876	-0.5313784	-0.50585794	10	-0.4103784	0.078688376	0.30845845	Binding_K27	-0.24707282	0.0473752	0.18571079
A154W	A154W	154	154	0.63597554	0.8127842	1.0620658	0.9168248	0.67165786	0.72206575	0.8492608	0.6793354	0.49147442	1.0901316	10	0.7931577	0.19085254	0.74814194	Binding_K27	0.4775293	0.114904866	0.4504271
A154Y	A154Y	154	154	0.5149913	0.39332178	0.4367659	0.94259185	0.74832296	1.1752664	0.6039951	1.1058927	1.1347678	1.6735276	10	0.87294436	0.40774223	1.5983496	Binding_K27	0.52556574	0.24548568	0.9623039
A17C	A17C	17	17	0.35016373	0.30497447	0.30420595	0.44290465	0.35978988	0.39075103	0.2950302	0.21525289	0.33442542	0.45093593	10	0.34484342	0.07137956	0.27980787	Binding_K27	0.20761676	0.042974845	0.1684614
A17D	A17D	17	17	0.24552932	0.2914626	0.3351389	0.44751656	0.24324575	0.2922018	0.3023051	0.27490067	0.35850453	0.3427582	10	0.31335634	0.06093721	0.23887387	Binding_K27	0.18865962	0.036687918	0.14381664
A17E	A17E	17	17	2.3640485	2.6039782	2.1045535	2.0769074	2.4110217	2.1439304	2.6086822	1.8690367	2.1469517	2.423395	10	2.2752507	0.24374324	0.95547354	Binding_K27	1.3698397	0.14674829	0.5752533
A17F	A17F	17	17	2.6046104	2.883017	2.0049257	1.6910969	1.8949215	2.0460272	1.9985795	2.5724852	2.0351334	1.9937915	10	2.172459	0.37792885	1.4814811	Binding_K27	1.3079528	0.22753622	0.89194196
A17G	A17G	17	17	-0.14361738	-0.085783064	-0.13296962	-0.07875501	-0.06533181	-0.13461387	-0.14886694	-0.14934167	-0.14141117	-0.14058295	10	-0.12212734	0.03219936	0.1262215	Binding_K27	-0.0735281	0.019385979	0.07599304
A17H	A17H	17	17	0.60639995	0.5109734	0.43843412	0.5464439	0.28440386	0.6999602	0.43162376	0.4146961	0.11907438	0.34367293	10	0.43956822	0.16627592	0.6518016	Binding_K27	0.26464686	0.10010824	0.39242432
A17I	A17I	17	17	-0.11558998	-0.19587809	0.11107009	0.26221406	0.0772198	-0.0017644556	0.09983827	0.04474035	0.040891178	0.20828907	10	0.05310303	0.13646919	0.5349592	Binding_K27	0.03197126	0.08216277	0.32207805
A17K	A17K	17	17	1.8395221	2.1465025	1.6821051	1.8923259	1.6624625	1.5723121	1.7867826	1.8996739	2.2347858	1.9025762	10	1.8619049	0.20713808	0.81198126	Binding_K27	1.1209803	0.124709755	0.48886225
A17L	A17L	17	17	2.023263	2.072755	2.2358706	1.9885905	2.1200445	1.9165686	2.4037256	2.1647007	2.099711	2.0871046	10	2.1112332	0.13617493	0.5338057	Binding_K27	1.2710911	0.081985615	0.32138363
A17M	A17M	17	17	0.28813305	0.37415344	0.46460944	0.5871067	0.15858263	0.4700603	0.30708522	0.19171418	0.25952744	0.21734671	10	0.3318319	0.13912359	0.5453645	Binding_K27	0.19978304	0.08376088	0.32834265
A17N	A17N	17	17	-0.973046	-1.0308015	-1.0552984	-0.97896814	-0.9357274	-1.164103	-1.0304104	-0.9189676	-0.8854113	-0.5095578	10	-0.94822913	0.17339398	0.6797044	Binding_K27	-0.57089174	0.10439375	0.4092235
A17P	A17P	17	17	-1.0280106	-1.0684439	-1.3192511	-0.95104164	-0.88336205	-0.96950746	-0.9014152	-1.0045362	-1.0394099	-0.9779077	10	-1.0142887	0.12204764	0.47842675	Binding_K27	-0.6106636	0.07348012	0.28804207
A17Q	A17Q	17	17	1.3062752	0.8451617	1.4275815	0.9622011	1.1263316	1.3455821	1.2222158	1.1521981	1.077319	1.2893331	10	1.17542	0.18010347	0.7060056	Binding_K27	0.70767456	0.10843327	0.42505842
A17R	A17R	17	17	1.1406522	1.315488	1.0311025	1.1082323	1.0996581	1.1894152	1.142034	1.0662186	1.1429619	1.3467106	10	1.1582472	0.1014286	0.3976001	Binding_K27	0.6973355	0.0610662	0.23937951
A17S	A17S	17	17	-0.46538287	-0.6832912	-0.67276835	-0.69848514	-0.45356956	-0.5650522	-0.5263769	-0.7324114	-0.54005706	-0.7088724	10	-0.6046267	0.10588379	0.41506448	Binding_K27	-0.36402214	0.0637485	0.24989413
A17T	A17T	17	17	-0.35086176	-0.55100703	-0.6330033	-0.5460635	-0.62780344	-0.6052091	-0.82998395	-0.62991655	-0.38632515	-0.59777606	10	-0.575795	0.13451947	0.52731633	Binding_K27	-0.34666368	0.08098892	0.31747657
A17V	A17V	17	17	0.51014054	0.4516703	0.54545534	0.49507433	0.51299274	0.5279984	0.5019155	0.56701875	0.53562844	0.50440466	10	0.5152298	0.031528175	0.12359045	Binding_K27	0.31019977	0.018981883	0.074408986
A17W	A17W	17	17	2.6837597	2.9996512	3.3789515	3.5581548	3.2375178	3.1820633	2.9385295	2.7545946	3.333196	2.8367646	10	3.0903184	0.29151037	1.1427207	Binding_K27	1.8605602	0.17550702	0.68798757
A17Y	A17Y	17	17	2.1980045	2.5257466	2.5817916	2.5485706	2.139355	2.398872	1.6598485	1.384482	1.130634	1.0769193	10	1.9644226	0.5984543	2.3459408	Binding_K27	1.1827022	0.36030596	1.4123994
A58C	A58C	58	58	-0.5577811	-0.7319532	-0.46152702	-0.57532525	-0.6009521	-0.41551465	-0.51594424	-0.7142615	-0.5110935	-0.8663203	10	-0.5950673	0.1381312	0.54147434	Binding_K27	-0.3582668	0.0831634	0.32600054
A58D	A58D	58	58	0.5459049	0.1361735	0.30251724	0.3176027	0.40070435	0.3679141	0.24682543	0.32242927	0.16450624	0.08036715	10	0.28849447	0.13783331	0.54030657	Binding_K27	0.17369126	0.08298406	0.32529753
A58E	A58E	58	58	0.7532469	0.7195296	0.4332164	0.6160843	0.7033303	0.5725828	0.7290954	0.6083577	0.69870645	0.7841796	10	0.6618329	0.10511566	0.4120534	Binding_K27	0.3984638	0.063286036	0.24808127
A58F	A58F	58	58	0.37152472	0.4978032	0.43875822	0.5524537	0.23579293	0.57716304	0.48145247	0.43107426	0.3724836	0.13722186	10	0.40957278	0.13742253	0.53869635	Binding_K27	0.24658778	0.082736745	0.32432804
A58G	A58G	58	58	1.2567742	0.9148889	1.053061	1.0518798	1.1853989	1.0023894	1.0705658	0.94155836	0.9506262	1.242821	10	1.0669963	0.12381526	0.48535582	Binding_K27	0.64239687	0.07454433	0.2922138
A58H	A58H	58	58	0.8799414	0.65206903	0.9845356	0.8095609	0.69391555	0.8132881	0.6859587	0.91813445	0.7966551	0.7528352	10	0.7986894	0.10699386	0.41941595	Binding_K27	0.48085973	0.064416826	0.25251397
A58I	A58I	58	58	-0.17664649	-0.21641918	-0.17254099	0.07024	-0.07924595	-0.10245885	-0.23604684	-0.59274113	-0.2915978	-0.16830696	10	-0.19657643	0.17111295	0.6707628	Binding_K27	-0.118351	0.10302043	0.4038401
A58K	A58K	58	58	1.3371285	1.5437089	1.5572064	1.5183426	1.4652865	1.5966332	1.6178285	1.5988421	1.6310993	1.5326334	10	1.539871	0.087304056	0.3422319	Binding_K27	0.92709625	0.052562363	0.20604447
A58L	A58L	58	58	0.43721893	0.74176323	0.5601759	0.5881013	0.41943663	0.3498348	0.4128805	0.37298116	0.39145985	0.37432402	10	0.4648176	0.12549235	0.49193	Binding_K27	0.27984855	0.07555404	0.29617184
A58M	A58M	58	58	-0.14205123	-0.058415774	0.08509714	0.06525253	-0.08297891	-0.063948706	-0.15357442	-0.040817726	0.033326108	0.0930624	10	-0.02650486	0.09071486	0.35560223	Binding_K27	-0.015957542	0.054615874	0.21409424
A58N	A58N	58	58	-0.053006805	0.08324962	-0.12205037	-0.1338052	-0.059187748	0.023554837	-0.027464148	-0.015874065	0.0469505	-0.039059676	10	-0.029669303	0.06874426	0.2694775	Binding_K27	-0.01786273	0.041388236	0.16224189
A58P	A58P	58	58	0.4813227	0.44034052	1.4144592	1.3662484	0.66200334	0.556248	0.504152	0.51289696	0.55644745	0.57780594	10	0.7071925	0.36515984	1.4314266	Binding_K27	0.425773	0.21984848	0.8618061
A58Q	A58Q	58	58	0.54200405	0.5918159	0.73583096	0.51319706	0.6027477	0.6065255	0.8078961	0.625918	0.4697045	0.72669834	10	0.6222338	0.10616755	0.4161768	Binding_K27	0.3746227	0.063919336	0.2505638
A58R	A58R	58	58	1.0915656	1.026387	1.0611289	1.0272985	0.81911606	0.84417593	1.0577233	0.9566763	0.96830666	1.0667086	10	0.99190867	0.09461697	0.37089854	Binding_K27	0.5971895	0.056965187	0.22330354
A58S	A58S	58	58	0.25965372	0.24629486	0.24774961	0.18729101	0.23010667	0.2903601	0.27483475	0.30106214	0.2328303	0.32711792	10	0.25973007	0.040260836	0.15782247	Binding_K27	0.15637334	0.024239479	0.09501876
A58T	A58T	58	58	-0.6520092	-0.46854758	-0.5768969	-0.62632275	-0.7973014	-0.67618734	-0.64054257	-0.7357826	-0.54651946	-0.5816833	10	-0.6301793	0.094346926	0.36983997	Binding_K27	-0.37940636	0.0568026	0.2226662
A58V	A58V	58	58	-0.36208943	-0.49132377	-0.4436447	-0.51916486	-0.46386606	-0.4479067	-0.41936398	-0.38620007	-0.44997782	-0.4160989	10	-0.43996364	0.046675876	0.18296944	Binding_K27	-0.26488495	0.028101724	0.11015876
A58W	A58W	58	58	0.19316426	0.0761223	0.03649824	-0.26522833	0.18464005	0.095628805	0.022253454	0.22835533	0.11046025	0.29554838	10	0.09774428	0.15444319	0.6054173	Binding_K27	0.058848016	0.092984214	0.36449814
A58Y	A58Y	58	58	0.34459537	0.26707387	-0.027909717	0.35864955	0.3316664	0.29028985	0.5166265	0.38327348	0.27010152	0.34710586	10	0.30814728	0.13801976	0.54103744	Binding_K27	0.18552345	0.08309631	0.32573754
A65C	A65C	65	65	0.29078993	0.3023785	0.29127893	0.18615249	-0.06166982	0.22385396	0.26603305	0.2892965	0.31704104	0.1973695	10	0.23025241	0.11213858	0.43958324	Binding_K27	0.138626	0.06751426	0.26465592
A65D	A65D	65	65	0.01646926	0.04366758	0.06271612	0.07009392	0.04329409	-0.029708104	0.028124072	-0.09154161	0.08574235	-0.06401482	10	0.016484285	0.059333965	0.23258916	Binding_K27	0.009924545	0.035722665	0.14003286
A65E	A65E	65	65	-0.099262305	-0.157804	-0.05476535	0.11040593	-0.19331674	0.0026524514	-0.033016082	-0.098458886	0.09143896	0.07528949	10	-0.035683654	0.10509403	0.41196862	Binding_K27	-0.021483736	0.06327301	0.24803022
A65F	A65F	65	65	0.16851023	0.09006425	0.081680425	0.20357984	0.26981685	0.20762794	0.2754575	0.2854379	0.17211151	0.18391038	10	0.19381969	0.07123556	0.2792434	Binding_K27	0.11669127	0.04288815	0.16812155
A65G	A65G	65	65	0.21923506	0.20510723	0.20455353	0.17424805	0.2747971	0.056934845	0.24897198	0.22197789	0.2611873	0.29025578	10	0.21572688	0.066198476	0.25949803	Binding_K27	0.12988074	0.039855517	0.15623364
A65H	A65H	65	65	0.26966634	0.22691026	0.13519017	0.33459243	0.18044613	0.20784615	0.23870382	0.14396112	0.0819047	0.104251504	10	0.19234726	0.07853088	0.30784103	Binding_K27	0.11580478	0.047280375	0.18533908
A65I	A65I	65	65	-0.0104558505	-0.07973186	-0.0317629	0.1564285	0.13727148	0.24049397	0.15197438	0.043804705	-0.0150188105	-0.11319166	10	0.04798119	0.11721636	0.45948815	Binding_K27	0.028887603	0.0705714	0.2766399
A65K	A65K	65	65	-0.13271733	-0.07685641	-0.15308566	0.058946554	0.0316966	-0.047571927	-0.24753067	-0.1457979	-0.21336228	-0.018161925	10	-0.094444096	0.10158925	0.39822987	Binding_K27	-0.056861106	0.061162923	0.23975866
A65L	A65L	65	65	0.20646577	0.058096427	0.054846913	0.032044183	0.06406784	0.02484749	0.0437413	0.037637882	0.12999256	0.04237484	10	0.06941152	0.056376137	0.22099446	Binding_K27	0.04178997	0.033941872	0.13305214
A65M	A65M	65	65	-0.1583246	-0.22967656	-0.18798396	-0.2500894	0.12742122	-0.078773566	0.15418771	-0.11182979	-0.27759907	-0.070915386	10	-0.10835834	0.14873421	0.58303815	Binding_K27	-0.06523833	0.08954707	0.3510245
A65N	A65N	65	65	0.36509338	0.23673695	0.0053574806	0.1567352	0.2237563	0.23658074	0.17705107	0.28090143	0.24202022	0.30225888	10	0.22264917	0.096856095	0.3796759	Binding_K27	0.13404837	0.058313277	0.22858804
A65P	A65P	65	65	-0.00027067738	0.012899139	-0.035558037	-0.011549205	-0.026312716	-0.031396978	-0.005947178	-0.006697528	-0.015770098	-0.00991108	10	-0.013051437	0.014780242	0.05793855	Binding_K27	-0.007857761	0.0088986065	0.034882538
A65Q	A65Q	65	65	-0.017689671	-0.089577645	-0.049989093	-0.034559574	0.015950037	-0.09586641	-0.21748993	-0.15058993	-0.15834035	-0.2722334	10	-0.107038595	0.09193258	0.36037573	Binding_K27	-0.06444376	0.05534902	0.21696816
A65R	A65R	65	65	0.011152835	0.05233841	0.015943108	0.0801322	-0.014389727	0.05729554	-0.016173769	0.08432407	0.06086289	0.10154815	10	0.04330337	0.04172067	0.16354503	Binding_K27	0.026071269	0.025118386	0.09846408
A65S	A65S	65	65	0.061495315	-0.025486393	-0.0018140436	0.16456762	0.06376066	0.014775878	0.02887999	-0.026743198	0.08989829	0.03729084	10	0.040662497	0.058011442	0.22740486	Binding_K27	0.024481302	0.034926426	0.13691159
A65T	A65T	65	65	0.11599391	0.14231218	0.022401309	-0.050849855	0.18195973	-0.13719618	0.025930952	0.08438162	0.06570651	0.040732652	10	0.04913728	0.09330443	0.36575338	Binding_K27	0.029583639	0.056174956	0.22020583
A65V	A65V	65	65	-0.009178596	0.018759875	0.004124209	0.018743126	0.060646515	-0.08455531	0.06984885	-0.04027969	0.011767375	-0.076480255	10	-0.0026603905	0.051693898	0.20264009	Binding_K27	-0.0016017173	0.031122878	0.122001685
A65W	A65W	65	65	0.4397102	0.46226034	0.35728306	0.48461926	0.5398882	0.35112745	0.49174637	0.4068722	0.43202603	0.43914008	10	0.44046736	0.05872898	0.2302176	Binding_K27	0.26518822	0.03535843	0.13860504
A65Y	A65Y	65	65	-0.07649419	0.094522856	0.15748557	0.15629904	0.08042872	0.051651496	-0.013963904	0.19962695	0.028481646	0.039627824	10	0.0717666	0.08437793	0.3307615	Binding_K27	0.04320787	0.05080066	0.19913858
A82C	A82C	82	82	0.13245311	-0.05880232	0.07108759	0.14700516	0.07488838	0.16557574	0.037514314	0.12530345	0.17510948	0.044963624	10	0.09150984	0.07206625	0.2824997	Binding_K27	0.055094503	0.043388274	0.17008203
A82D	A82D	82	82	-1.4118363	-0.48244584	-1.082866	-1.0736514	-1.2531009	-1.2354887	-1.3607388	-1.3100193	-1.8541144	-1.855815	10	-1.2920077	0.3950764	1.5486995	Binding_K27	-0.7778674	0.23786008	0.93241155
A82E	A82E	82	82	-0.4349929	-0.93192357	-0.59714866	-0.93336964	-0.3508893	-0.19135706	-0.1087183	-0.17239924	-0.23631833	-0.24747966	10	-0.42045966	0.3047726	1.1947086	Binding_K27	-0.25314236	0.18349168	0.7192874
A82F	A82F	82	82	1.4486481	1.4972398	1.1958431	1.3495204	1.4732397	1.8032415	1.9595934	2.3205018	1.6731036	2.1167037	10	1.6837635	0.36017266	1.4118768	Binding_K27	1.0137283	0.2168459	0.85003597
A82G	A82G	82	82	-0.15189026	0.005103805	-0.030571356	0.07141945	0.08123042	0.16571625	-0.040917322	0.10031146	-0.15259063	0.18262793	10	0.023043975	0.118441515	0.46429074	Binding_K27	0.013873878	0.071309015	0.27953136
A82H	A82H	82	82	-0.19124068	-0.11037115	0.043667257	-0.03898946	-0.2260349	0.1461914	-0.099743225	-0.032227755	0.14176138	-0.030066328	10	-0.03970535	0.12510793	0.49042308	Binding_K27	-0.023905043	0.0753226	0.2952646
A82I	A82I	82	82	1.8191713	1.0763323	0.6024376	1.7128545	0.89504325	1.5044397	1.2636414	1.2589576	0.9724537	1.5216541	10	1.2626985	0.38411564	1.5057334	Binding_K27	0.7602215	0.23126103	0.90654325
A82K	A82K	82	82	0.7431979	0.3651279	0.55169564	0.5418217	0.2809602	0.18806908	0.9725136	0.6524358	0.75126165	0.7762507	10	0.58233345	0.24612582	0.96481323	Binding_K27	0.35060024	0.14818275	0.5808764
A82L	A82L	82	82	1.3163477	0.92116576	1.2050576	1.0459332	1.294153	1.206043	1.4169115	1.5462959	1.8926147	1.6135305	10	1.3458053	0.28461495	1.1156906	Binding_K27	0.81025684	0.17135556	0.6717138
A82M	A82M	82	82	0.30011126	0.20092265	0.39322257	0.40176895	0.29589206	0.40229937	0.28838766	0.5507743	0.4964289	0.39462098	10	0.37244287	0.104043834	0.40785185	Binding_K27	0.22423331	0.062640734	0.24555168
A82N	A82N	82	82	-0.038861264	0.011329352	0.08782969	-0.14958692	-0.10839838	0.16755337	0.032906294	0.06230757	0.0545113	0.16191861	10	0.02815096	0.10423403	0.4085974	Binding_K27	0.016948596	0.06275524	0.24600056
A82P	A82P	82	82	-0.4355867	-0.28989917	-0.51527995	-0.49055457	-0.21443877	-0.41319928	-0.27976534	-0.17705329	-0.26201096	-0.19590564	10	-0.3273694	0.12542833	0.49167907	Binding_K27	-0.19709633	0.0755155	0.29602078
A82Q	A82Q	82	82	0.13644058	0.2081448	0.0275707	0.18954037	0.26138324	0.1074308	0.11032739	0.14552432	0.09016423	0.21457475	10	0.14911011	0.06965922	0.27306414	Binding_K27	0.08977338	0.0419391	0.16440126
A82R	A82R	82	82	0.77595955	0.39327058	0.21094702	0.33944368	0.237419	0.113769434	0.22993612	0.23128955	0.526968	0.6285319	10	0.3687535	0.21216573	0.83168966	Binding_K27	0.22201209	0.1277367	0.5007279
A82S	A82S	82	82	0.012673604	0.039640147	-0.004654201	-0.06466119	-0.028286213	-0.03346415	0.07342632	-0.013975394	0.010647831	0.032307513	10	0.0023654276	0.04019755	0.1575744	Binding_K27	0.0014241316	0.024201376	0.0948694
A82T	A82T	82	82	-0.17051314	0.12805904	0.03411108	0.08352939	0.0050399126	0.20829475	0.075962566	0.16181102	-0.0009145448	-0.01846299	10	0.050691705	0.1073028	0.420627	Binding_K27	0.030519497	0.06460283	0.2532431
A82V	A82V	82	82	1.2249134	0.830607	1.0547541	0.78299546	0.7299484	0.94469684	1.0848285	0.9485213	0.950019	0.91553926	10	0.94668233	0.14772542	0.5790836	Binding_K27	0.5699605	0.08893971	0.3486437
A82W	A82W	82	82	1.3222543	1.4425519	1.5128601	1.713331	1.8910092	1.5690471	1.8461024	1.640717	1.3162276	1.2011982	10	1.54553	0.23097336	0.9054156	Binding_K27	0.93050325	0.13906005	0.5451154
A82Y	A82Y	82	82	1.8132437	1.9800249	1.4344218	1.5286607	1.2126693	1.8762755	1.3323154	1.655733	0.84038305	1.1164669	10	1.4790194	0.36331362	1.4241894	Binding_K27	0.89045984	0.21873695	0.8574489
C117A	C117A	117	117	-0.084214315	-0.11191722	-0.12641133	-0.037734125	-0.0808462	-0.11381979	-0.011392497	0.016094798	-0.060717117	-0.13899153	10	-0.07499494	0.051276922	0.20100553	Binding_K27	-0.045151524	0.030871835	0.1210176
C117D	C117D	117	117	-0.023666948	-0.082728185	-0.29595596	0.04267722	-0.092897944	-0.114356644	-0.08176599	-0.02424643	-0.19903909	-0.14390442	10	-0.10158844	0.09598572	0.37626404	Binding_K27	-0.06116244	0.057789255	0.22653389
C117E	C117E	117	117	0.1303678	0.09819814	0.1418488	-0.056512594	-0.13048254	-0.09673262	-0.00923215	-0.10688844	-0.13686743	0.028235512	10	-0.013806554	0.108254015	0.42435575	Binding_K27	-0.008312387	0.06517552	0.25548804
C117F	C117F	117	117	-0.07945113	-0.0860139	-0.07933551	-0.056526907	-0.043804232	-0.017421097	-0.10859172	-0.034307454	0.013734664	-0.10172916	10	-0.059344642	0.039031826	0.15300477	Binding_K27	-0.03572909	0.02349954	0.092118196
C117G	C117G	117	117	-0.0748766	-0.114272706	-0.098563336	-0.1329106	-0.10038207	-0.1667453	-0.12267015	-0.050334837	-0.15780035	-0.10370126	10	-0.11222571	0.035301257	0.13838093	Binding_K27	-0.06756672	0.02125351	0.083313756
C117H	C117H	117	117	0.0129229305	-0.07983745	-0.24687743	-0.2009174	-0.088099696	-0.076504126	-0.18905327	-0.31400356	-0.20179822	0.01606823	10	-0.13680999	0.11036407	0.43262717	Binding_K27	-0.08236796	0.0664459	0.26046795
C117I	C117I	117	117	-0.1309349	-0.09683758	0.04472285	-0.0012523896	-0.10454734	-0.049026523	-0.14066707	0.022309449	-0.035558417	-0.2242603	10	-0.07160522	0.08328389	0.32647285	Binding_K27	-0.04311071	0.05014198	0.19655657
C117K	C117K	117	117	-0.03312604	0.07303611	-0.10301217	-0.02038084	-0.08521168	-0.25160074	-0.094339274	-0.020684805	-0.07972784	-0.22483957	10	-0.08398868	0.096447214	0.3780731	Binding_K27	-0.05056631	0.058067106	0.22762306
C117L	C117L	117	117	-0.13089676	-0.15863541	-0.045536865	-0.054396037	-0.018224996	-0.16929589	-0.07441315	-0.13417527	-0.13052753	-0.16137198	10	-0.10774739	0.05461849	0.21410447	Binding_K27	-0.0648705	0.03288366	0.12890394
C117M	C117M	117	117	-0.23640163	-0.334316	-0.25880438	-0.24117507	-0.23373212	-0.093634136	-0.18224823	-0.3214427	-0.26046512	-0.37561005	10	-0.25378293	0.080002144	0.3136084	Binding_K27	-0.1527928	0.048166167	0.18881138
C117N	C117N	117	117	0.013891076	-0.10432785	-0.13542034	-0.16325368	0.052381683	-0.107729696	-0.22978066	-0.005868472	-0.005985927	-0.043621708	10	-0.07297156	0.08940607	0.35047182	Binding_K27	-0.04393333	0.053827908	0.2110054
C117P	C117P	117	117	0.08726785	-0.109924994	0.1695395	0.20265113	0.31118616	0.008539092	-0.050197702	-0.03070817	-0.23761556	-0.29838526	10	0.005235204	0.19296047	0.75640506	Binding_K27	0.003151912	0.11617397	0.45540196
C117Q	C117Q	117	117	-0.20738424	-0.11379563	-0.13308474	0.059985533	-0.14704613	-0.12523355	-0.033007156	0.0068356344	-0.03261569	-0.08906941	10	-0.08144154	0.08053956	0.31571507	Binding_K27	-0.04903277	0.048489727	0.19007973
C117R	C117R	117	117	-0.016162787	-0.019410672	-0.104379356	-0.17793322	0.0055863555	0.015000568	0.014466406	0.007756485	0.075177416	0.037461296	10	-0.01624375	0.07313257	0.28667966	Binding_K27	-0.009779728	0.044030264	0.17259865
C117S	C117S	117	117	-0.14333071	-0.12967972	0.0011699339	-0.06909668	0.024017362	-0.11170073	-0.048814613	0.00472608	-0.113002196	-0.14800668	10	-0.07337179	0.065350845	0.2561753	Binding_K27	-0.04417429	0.039345194	0.15423316
C117T	C117T	117	117	-0.10548885	0.0056019863	0.015777927	-0.13932969	0.06867439	-0.17495413	-0.086532675	-0.051947985	-0.016918965	0.0547927	10	-0.043032527	0.082396805	0.32299548	Binding_K27	-0.025908206	0.0496079	0.19446297
C117V	C117V	117	117	0.03762282	-0.00081416324	-0.009236142	-0.009968569	0.06405545	-0.023261003	0.020878464	-0.0017990619	-0.014350592	-0.07405069	10	-0.0010923482	0.037060987	0.14527908	Binding_K27	-0.00065766025	0.022312975	0.08746686
C117W	C117W	117	117	0.057952583	-0.005352464	-0.06447081	-0.053279474	-0.0031831986	0.0044278377	-0.029789215	-0.06717213	-0.21008779	0.0019557653	10	-0.03689989	0.07175286	0.28127122	Binding_K27	-0.022215985	0.0431996	0.16934243
C117Y	C117Y	117	117	-0.028121665	-0.039231732	0.025029132	0.028545847	-0.006222023	-0.07480798	-0.11132293	0.058804084	-0.04275142	-0.10758111	10	-0.029765982	0.057540502	0.22555877	Binding_K27	-0.017920936	0.03464289	0.13580014
C184A	C184A	184	184	-0.41022208	-0.34681615	-0.42083886	-0.49752063	-0.3926064	-0.3108099	-0.2066446	-0.33163857	-0.13812001	-0.46842238	10	-0.35236394	0.11230786	0.44024682	Binding_K27	-0.21214458	0.06761618	0.26505542
C184D	C184D	184	184	-0.81802356	-0.4048804	-0.45140773	-0.48599723	-0.19265404	-0.30583027	-0.3877979	-0.7193816	-0.47243008	-0.6038079	10	-0.48422107	0.18698528	0.73298234	Binding_K27	-0.2915306	0.112576544	0.44130006
C184E	C184E	184	184	-0.40371928	-0.37404245	-0.19331379	-0.66477334	-0.58854437	-0.42470273	-0.5646039	-0.03540087	-0.96344745	-0.518122	10	-0.47306705	0.25554645	1.0017421	Binding_K27	-0.2848152	0.15385455	0.60310984
C184F	C184F	184	184	-0.22259714	-0.17208634	-0.32881933	-0.32956818	-0.48115733	-0.41359502	-0.3988046	-0.0849278	-0.36394766	-0.034135815	10	-0.28296393	0.14819992	0.5809437	Binding_K27	-0.17036153	0.08922539	0.34976354
C184G	C184G	184	184	-0.11647325	-0.06408617	0.13869518	0.080926836	-0.2862552	-0.124744505	-0.14420266	-0.022322023	-0.2016899	-0.22414143	10	-0.09642931	0.13341103	0.5229713	Binding_K27	-0.058056325	0.08032158	0.3148606
C184H	C184H	184	184	-0.06792516	-0.08496701	-0.48721367	-0.5086574	-0.36240727	0.09211874	-0.18406934	0.029499404	-0.15597342	-0.2615522	10	-0.19911472	0.20515302	0.8041999	Binding_K27	-0.11987921	0.12351462	0.48417732
C184I	C184I	184	184	-0.05435721	-0.14227605	-0.1905246	-0.08241215	-0.24351715	-0.19334283	-0.14727044	-0.30555105	0.051932476	0.13754444	10	-0.11697747	0.13449445	0.5272183	Binding_K27	-0.07042757	0.08097386	0.31741756
C184K	C184K	184	184	-0.52181685	-0.11350994	-0.6977723	-0.18146297	-0.023670483	-0.15103105	-0.38148355	-0.3094346	-0.4369145	-0.3429602	10	-0.31600565	0.20536222	0.8050199	Binding_K27	-0.19025467	0.123640575	0.48467106
C184L	C184L	184	184	-0.3960128	-0.5603847	-0.7351938	-0.7542253	-0.46208936	-0.60314053	-0.41205093	-0.43795297	-0.63408315	-0.5961768	10	-0.559131	0.12924129	0.50662583	Binding_K27	-0.33663097	0.07781114	0.30501968
C184M	C184M	184	184	-0.53699166	-0.6568075	-0.648773	-0.759438	-0.7566838	-0.96158403	-0.7905863	-0.749102	-0.5301956	-0.85751367	10	-0.72476757	0.13513792	0.52974063	Binding_K27	-0.43635428	0.081361264	0.31893617
C184N	C184N	184	184	-0.115047574	-0.12165517	-0.2465505	0.08684192	0.08258033	0.11436056	0.18606682	-0.026056323	-0.06405871	-0.2364784	10	-0.033999704	0.14908163	0.5844	Binding_K27	-0.020469895	0.089756235	0.35184446
C184P	C184P	184	184	-0.3049422	-0.23601495	-0.17934746	-0.5080604	-0.42219645	-0.32700747	-0.08506618	-0.044287976	-0.22860734	-0.5046274	10	-0.2840158	0.1611161	0.6315751	Binding_K27	-0.17099483	0.09700171	0.3802467
C184Q	C184Q	184	184	-0.053988498	-0.3154594	-0.1881295	-0.26356485	-0.18217452	-0.14948559	-0.49956197	-0.66306895	-0.050375372	-0.1701161	10	-0.2535925	0.19448803	0.7623931	Binding_K27	-0.15267815	0.11709365	0.4590071
C184R	C184R	184	184	-0.31428233	-0.25624597	-0.20873992	-0.287607	-0.11337874	0.09362413	-0.27432427	-0.26573753	-0.35849625	-0.2963452	10	-0.2281533	0.13081653	0.5128008	Binding_K27	-0.1373622	0.07875953	0.30873737
C184S	C184S	184	184	-0.18983366	-0.15625876	-0.090939105	0.00032682298	-0.20496221	-0.117821634	-0.25808015	-0.18037409	-0.27516124	-0.18368082	10	-0.16567847	0.08076992	0.31661808	Binding_K27	-0.099748544	0.048628416	0.19062339
C184T	C184T	184	184	-0.3119375	-0.62007374	-0.21183026	-0.3407455	-0.2908065	-0.29373384	-0.30529186	-0.36564636	-0.50362426	-0.5122304	10	-0.37559202	0.1273002	0.4990168	Binding_K27	-0.2261293	0.07664248	0.30043855
C184V	C184V	184	184	-0.29909918	-0.4839757	-0.39781222	-0.5672657	-0.5210304	-0.43915647	-0.45727846	-0.3109767	-0.31746557	-0.37341785	10	-0.41674787	0.092686266	0.36333016	Binding_K27	-0.25090763	0.055802785	0.21874692
C184W	C184W	184	184	0.1020008	0.06822805	0.121225365	0.0087221395	-0.106074564	0.14246866	0.17407458	-0.090396374	0.47227335	0.22128163	10	0.11138036	0.16593349	0.6504593	Binding_K27	0.067057766	0.09990208	0.39161617
C184Y	C184Y	184	184	0.18842648	0.28418666	0.34624264	0.20566216	0.31991372	0.30640817	0.34312192	0.36043683	0.22650237	0.21483944	10	0.27957407	0.065122515	0.25528026	Binding_K27	0.16832064	0.039207723	0.15369427
C50A	C50A	50	50	-0.0039381953	-0.12843	-0.14992423	0.0102604255	-0.28522503	-0.000929071	-0.08843626	-0.031129802	-0.0684583	0.15491131	10	-0.059129916	0.11688414	0.45818585	Binding_K27	-0.035599817	0.07037138	0.2758558
C50D	C50D	50	50	-0.2185353	-0.028385175	-0.04080663	-0.33215144	-0.03346925	-0.019194882	0.13615376	0.20572735	-0.10398452	-0.2234273	10	-0.065807335	0.1634115	0.6405731	Binding_K27	-0.039620027	0.09838369	0.38566408
C50E	C50E	50	50	-0.20760316	0.14129625	0.07091145	0.31076542	0.16058311	0.023559459	0.043210045	-0.038307365	0.283532	-0.18104513	10	0.060690206	0.17342259	0.67981654	Binding_K27	0.036539204	0.104410976	0.40929103
C50F	C50F	50	50	-0.1960543	-0.24332324	-0.24640456	-0.15170537	-0.263878	-0.15368053	-0.30786115	-0.0523459	-0.086764	0.07612075	10	-0.16258962	0.11600267	0.45473048	Binding_K27	-0.097888865	0.069840685	0.2737755
C50G	C50G	50	50	0.23478548	0.15722953	0.14325081	0.11209414	0.2503975	0.1869653	0.2218391	0.12045988	0.2356357	0.20220172	10	0.18648592	0.050496522	0.19794637	Binding_K27	0.11227589	0.030401986	0.119175784
C50H	C50H	50	50	-0.4679693	-0.112093404	-0.29502305	-0.31350547	-0.29967472	-0.36758372	-0.20083709	-0.17290041	-0.34051985	-0.28514603	10	-0.2855253	0.10222651	0.40072793	Binding_K27	-0.17190364	0.061546594	0.24126266
C50I	C50I	50	50	-0.1725928	-0.07268192	-0.504374	-0.23158653	-0.20422943	-0.2749338	-0.3924491	-0.21421169	-0.21908727	-0.3226118	10	-0.26087585	0.121020295	0.47439957	Binding_K27	-0.15706317	0.0728616	0.28561747
C50K	C50K	50	50	0.15952222	0.0851922	0.12339515	0.3030557	0.20801945	0.32680905	-0.15599848	0.008419726	0.12651101	0.13871902	10	0.13236448	0.13916466	0.5455255	Binding_K27	0.07969149	0.08378561	0.3284396
C50L	C50L	50	50	0.079097845	-0.045355298	0.049450845	0.181479	-0.05833104	-0.15040432	-0.10414372	-0.075729035	-0.07896003	-0.05337853	10	-0.025627425	0.0993393	0.38941005	Binding_K27	-0.015429272	0.059808314	0.2344486
C50M	C50M	50	50	-0.43093252	-0.06259075	-0.37108898	-0.3663384	-0.17540888	-0.29337293	0.103348196	-0.26557198	-0.41280746	-0.3307928	10	-0.26055565	0.17013654	0.66693527	Binding_K27	-0.1568704	0.10243257	0.4015357
C50N	C50N	50	50	-0.1880052	-0.048544984	-0.2643393	-0.39197364	-0.22425292	-0.09088741	0.06828022	-0.13435882	-0.13808085	-0.32391992	10	-0.17360827	0.13543248	0.53089535	Binding_K27	-0.104522765	0.08153861	0.31963137
C50P	C50P	50	50	0.11633581	0.13248114	-0.07854784	0.09805735	-0.0414498	-0.13471724	-0.18077387	-0.14437397	0.18116312	0.0611209	10	0.00092956016	0.13199635	0.5174257	Binding_K27	0.0005596519	0.07946985	0.31152183
C50Q	C50Q	50	50	-0.04634604	0.08220078	-0.14732112	-0.11435747	-0.0080999285	-0.12936418	-0.062211253	-0.123490006	0.3279609	-0.05203766	10	-0.027306592	0.14236751	0.5580807	Binding_K27	-0.016440233	0.08571392	0.3359986
C50R	C50R	50	50	0.19774108	0.19312887	0.3006173	0.26623234	0.33975855	0.3774246	0.48108566	0.36435658	0.3590084	0.37377977	10	0.3253133	0.0882206	0.34582475	Binding_K27	0.19585845	0.05311418	0.20820759
C50S	C50S	50	50	-0.111036316	-0.12205221	-0.19149545	-0.07675209	-0.09569631	0.036230918	-0.06810504	-0.11445432	0.045923617	0.043681223	10	-0.06537561	0.08115355	0.3181219	Binding_K27	-0.039360102	0.048859384	0.19152878
C50T	C50T	50	50	0.05874589	-0.015831796	-0.063771985	0.03321697	-0.08119198	-0.044900574	0.1126804	-0.11070148	-0.011165196	-0.046870906	10	-0.016979065	0.06820761	0.26737383	Binding_K27	-0.010222432	0.041065138	0.16097534
C50V	C50V	50	50	-0.32902417	-0.23845296	-0.41969952	-0.31547043	-0.18230705	-0.19967878	-0.27841666	-0.55209583	-0.26669753	-0.32418752	10	-0.31060308	0.109393135	0.4288211	Binding_K27	-0.18700199	0.06586134	0.25817645
C50W	C50W	50	50	-0.09257837	-0.11754206	-0.0971461	0.029883832	-0.06548989	-0.06604745	0.06320552	-0.0965446	-0.020552685	-0.12781024	10	-0.059062205	0.06373445	0.24983905	Binding_K27	-0.035559047	0.038372025	0.15041834
C50Y	C50Y	50	50	-0.38846424	-0.25965852	-0.19192646	-0.5124081	-0.20141906	-0.40386432	-0.3505691	-0.52647305	-0.33657154	-0.2435879	10	-0.34149423	0.11921307	0.46731523	Binding_K27	-0.20560035	0.07177354	0.28135228
C79A	C79A	79	79	0.070354976	-0.0007815215	-0.08804675	0.15902318	0.13058048	0.07811413	-0.14434306	0.0337544	0.15009467	0.1423221	10	0.05310726	0.10418924	0.4084218	Binding_K27	0.03197381	0.06272828	0.24589485
C79D	C79D	79	79	0.41797823	0.8915149	0.8353233	0.8362626	0.19746058	0.7256715	0.80876565	1.0604955	0.73691696	1.1542748	10	0.7664664	0.2811952	1.1022851	Binding_K27	0.4614595	0.16929665	0.6636429
C79E	C79E	79	79	1.4737705	1.0767392	0.5623724	0.83968455	0.5729343	1.0347817	1.0076321	1.3182532	0.9345207	1.1454145	10	0.9966103	0.2901767	1.1374927	Binding_K27	0.6000202	0.17470406	0.6848399
C79F	C79F	79	79	0.036764435	0.029055486	0.08436232	0.047877874	-0.028869692	-0.0136196995	-0.045001872	0.05601498	0.0010753095	-0.053392336	10	0.011426682	0.046347894	0.18168375	Binding_K27	0.0068795593	0.027904257	0.10938469
C79G	C79G	79	79	0.4942407	0.44676426	0.54643136	0.3016571	0.30155402	0.34198675	0.3297357	0.51304245	0.5858168	0.4060835	10	0.42673126	0.10560607	0.4139758	Binding_K27	0.25691825	0.063581295	0.24923868
C79H	C79H	79	79	0.18292366	0.45015278	0.3382308	0.23957895	0.31858855	0.35730878	0.07821761	0.47349092	0.3716327	0.370462	10	0.31805867	0.12069998	0.47314394	Binding_K27	0.19149071	0.072668746	0.2848615
C79I	C79I	79	79	-0.17318873	-0.15800431	-0.17499346	-0.1367474	-0.12248446	-0.15111987	-0.21491116	-0.14523126	-0.11428033	-0.13417463	10	-0.15251356	0.02955185	0.11584326	Binding_K27	-0.09182247	0.017792016	0.069744706
C79K	C79K	79	79	0.7631297	0.122379415	0.8355019	0.8280377	0.6295124	0.8703858	0.29657528	0.7720203	0.58128005	0.5321777	10	0.6231001	0.24887441	0.9755877	Binding_K27	0.37514424	0.14983757	0.5873633
C79L	C79L	79	79	-0.35818717	-0.31261036	-0.25706995	-0.2959504	-0.28644153	-0.30229846	-0.2424943	-0.29441547	-0.22723493	-0.34121734	10	-0.29179198	0.04116535	0.16136816	Binding_K27	-0.17567655	0.024784049	0.09715348
C79M	C79M	79	79	-0.16529666	-0.15715133	-0.23322076	-0.13937554	-0.10561244	-0.28438076	-0.19239913	-0.20634197	-0.35361612	-0.24007289	10	-0.20774677	0.0734469	0.28791186	Binding_K27	-0.12507622	0.044219512	0.1733405
C79N	C79N	79	79	0.51249593	0.59144133	0.56289953	0.5756745	0.8106601	0.27692887	0.27541694	0.3489755	0.45097038	0.21372285	10	0.4619186	0.1848644	0.72466844	Binding_K27	0.27810314	0.11129964	0.43629462
C79P	C79P	79	79	0.5641537	0.9624425	1.0201726	1.0381452	0.98491013	1.0218985	1.0741472	0.5983812	0.72129214	1.1163408	10	0.9101884	0.20311171	0.7961979	Binding_K27	0.5479889	0.122285634	0.4793597
C79Q	C79Q	79	79	0.24319592	0.5312994	0.2597649	0.3934233	0.5141989	0.14072013	0.6057785	0.4656021	0.08963135	0.22357816	10	0.34671926	0.17873539	0.70064276	Binding_K27	0.20874614	0.1076096	0.42182964
C79R	C79R	79	79	1.3842422	1.2879789	1.5042337	1.4266074	1.2426194	1.3385642	1.3349719	1.5135626	1.2757908	1.3503786	10	1.365895	0.0920727	0.360925	Binding_K27	0.8223521	0.05543338	0.21729887
C79S	C79S	79	79	0.518707	0.5395484	0.44723645	0.5786739	0.4391975	0.44924203	0.5869992	0.57683444	0.68646693	0.5792616	10	0.5402168	0.07853644	0.30786288	Binding_K27	0.32524344	0.047283728	0.18535222
C79T	C79T	79	79	0.26431307	0.14177611	0.34464008	0.16258235	0.26798883	0.11552874	0.25326008	0.3091833	0.20335811	0.0316254	10	0.20942561	0.09651447	0.37833673	Binding_K27	0.126087	0.058107596	0.22778179
C79V	C79V	79	79	-0.15865962	-0.23150165	-0.1577696	-0.115400575	-0.14242212	-0.1924571	-0.16909672	-0.1883782	-0.20611113	-0.12444279	10	-0.16862395	0.036523525	0.14317222	Binding_K27	-0.1015219	0.021989388	0.086198404
C79W	C79W	79	79	1.0084515	1.1192088	1.1672285	0.9956514	1.1531754	1.0279726	1.0536828	1.0675986	1.093645	1.0831431	10	1.0769758	0.058111474	0.22779699	Binding_K27	0.64840513	0.03498665	0.13714767
C79Y	C79Y	79	79	0.40520597	0.53028524	0.5676695	0.45895737	0.27850616	0.33521473	0.37271667	0.3664487	0.53239864	0.3381063	10	0.4185509	0.09850956	0.38615748	Binding_K27	0.25199318	0.05930876	0.23249035
D104A	D104A	104	104	-0.13739173	-0.0045481594	-0.17349033	-0.07254773	-0.023307513	0.011652726	-0.11770863	-0.03267699	-0.013981039	0.030770268	10	-0.05332292	0.06877526	0.26959902	Binding_K27	-0.032103647	0.0414069	0.16231506
D104C	D104C	104	104	-0.1678934	-0.07586727	-0.036503833	-0.045860138	-0.02563614	0.0025102308	-0.056767408	-0.12627672	-0.28561005	-0.16433637	10	-0.09822411	0.08775684	0.34400684	Binding_K27	-0.059136905	0.05283497	0.20711309
D104E	D104E	104	104	-0.03618125	-0.09219888	0.012924994	-0.025104081	0.04722658	0.02368959	-0.0047335187	0.123507746	0.0062613823	0.019734966	10	0.0075127548	0.05631199	0.22074302	Binding_K27	0.0045231367	0.033903252	0.13290074
D104F	D104F	104	104	0.15336357	0.17038774	0.07751943	0.13828558	0.14869024	0.10462171	0.06563685	0.06706051	0.05814201	0.06860414	10	0.10523118	0.04332736	0.16984326	Binding_K27	0.06335559	0.026085714	0.102256
D104G	D104G	104	104	-0.35649106	-0.4722778	-0.48871467	-0.46676362	-0.41963884	-0.4730587	-0.42905372	-0.41293457	-0.29505193	-0.33679274	10	-0.41507778	0.06575656	0.2577657	Binding_K27	-0.24990213	0.039589457	0.15519068
D104H	D104H	104	104	0.018433418	-0.3021418	-0.29367185	-0.08112441	-0.20911415	-0.11636711	-0.045097567	0.02360965	-0.15452434	-0.19117756	10	-0.13511758	0.11651136	0.45672452	Binding_K27	-0.08134902	0.07014694	0.27497602
D104I	D104I	104	104	0.08594708	0.00028961818	0.05336339	0.26910418	-0.036734004	0.18781401	-0.028052272	0.20539786	0.14996088	0.018418837	10	0.09055096	0.10702189	0.41952583	Binding_K27	0.0545172	0.0644337	0.2525801
D104K	D104K	104	104	-0.10616604	0.03550188	-0.090880215	0.09542122	-0.07909775	0.055262845	-0.05125295	0.25466713	0.09829142	0.10592567	10	0.03176732	0.11425046	0.44786182	Binding_K27	0.019125864	0.06878574	0.26964012
D104L	D104L	104	104	-0.020553226	-0.043874726	-0.020737285	-0.034039125	0.03886737	0.04706292	0.10471751	-0.073738344	0.05938181	-0.059437685	10	-0.00023507811	0.05880599	0.23051949	Binding_K27	-0.00014153136	0.035404794	0.1387868
D104M	D104M	104	104	-0.105461724	-0.07183692	0.17263392	0.13377129	-0.14055435	-0.02032113	0.045273967	-0.05082688	-0.08211846	-0.04004325	10	-0.015948355	0.10251554	0.40186092	Binding_K27	-0.009601883	0.061720606	0.24194477
D104N	D104N	104	104	-0.054330204	-0.28336945	-0.054977056	-0.12757692	-0.00567043	-0.12556876	-0.2911396	-0.1515435	-0.03971075	-0.11870073	10	-0.12525874	0.097093895	0.38060808	Binding_K27	-0.0754134	0.058456443	0.22914927
D104P	D104P	104	104	-0.27557075	-0.29404023	-0.2439643	-0.34172493	-0.16423471	-0.2078423	-0.18835051	-0.17855169	-0.36406636	-0.4409366	10	-0.26992822	0.09103012	0.35683808	Binding_K27	-0.16251324	0.054805685	0.2148383
D104Q	D104Q	104	104	0.010380519	-0.32789126	-0.28547454	-0.19595648	-0.102285974	-0.062432572	-0.1336692	0.06261856	-0.027950356	0.08959784	10	-0.09730635	0.14054957	0.55095434	Binding_K27	-0.058584355	0.08461941	0.3317081
D104R	D104R	104	104	0.112490624	0.11247967	0.012395666	0.0064092283	0.1134645	-0.06791577	-0.049840618	0.121382385	0.08250868	0.117624536	10	0.05609989	0.07406926	0.2903515	Binding_K27	0.033775557	0.044594213	0.17480932
D104S	D104S	104	104	-0.08630911	-0.059512727	-0.0902489	0.07349276	-0.09596823	-0.0337148	-0.11848828	-0.05511833	-0.096649915	-0.08721895	10	-0.064973645	0.05446076	0.21348618	Binding_K27	-0.039118096	0.032788698	0.1285317
D104T	D104T	104	104	-0.1345271	-0.2544871	-0.08265419	-0.10974041	-0.036964715	0.019112073	0.018582422	-0.10317564	-0.06471798	-0.28511617	10	-0.10336888	0.10170025	0.39866498	Binding_K27	-0.06223437	0.06122975	0.24002063
D104V	D104V	104	104	0.07317846	0.13110107	0.12406273	0.25033307	0.112270474	-0.023738632	0.10455696	0.11651446	0.06712172	0.064075164	10	0.101947546	0.06908503	0.27081332	Binding_K27	0.06137864	0.041593403	0.16304614
D104W	D104W	104	104	0.3263532	0.20501392	0.09777714	0.18194872	0.26675493	0.21640477	0.14013267	0.21671072	0.17339139	0.16304138	10	0.19875288	0.06447456	0.2527403	Binding_K27	0.11966135	0.038817618	0.15216507
D104Y	D104Y	104	104	0.17662568	0.122615874	0.086752206	0.21965335	0.11404991	0.2652921	0.0039119367	0.16517605	0.018625997	0.11220433	10	0.12849073	0.08200851	0.32147336	Binding_K27	0.07735925	0.049374122	0.19354656
D107A	D107A	107	107	0.026199337	-0.059449032	0.11940034	0.15932733	0.012460341	-0.107548326	0.13800406	0.07784249	0.05336877	-0.074206084	10	0.034539923	0.092564344	0.36285225	Binding_K27	0.02079514	0.055729378	0.21845916
D107C	D107C	107	107	-0.009102212	-0.109538086	0.097873434	-0.18676348	-0.07353558	0.10274597	0.009444119	-0.04268927	0.15650155	0.006810483	10	-0.004825308	0.10473422	0.41055813	Binding_K27	-0.0029051297	0.06305639	0.24718104
D107E	D107E	107	107	0.08385317	-0.015456542	0.1474695	-0.022484785	-0.032196447	0.066543914	-0.06178701	0.03629756	0.11588433	0.043511588	10	0.03616353	0.06861111	0.26895556	Binding_K27	0.021772651	0.04130807	0.16192764
D107F	D107F	107	107	0.1733065	-0.047355976	-0.030109957	0.020071002	0.013106467	0.13810658	0.15539376	0.14138351	0.061637778	0.074834235	10	0.07003739	0.07980248	0.31282574	Binding_K27	0.042166777	0.04804596	0.18834016
D107G	D107G	107	107	-0.023136556	-0.0048862114	-0.045889016	-0.091847345	0.025405077	-0.012114191	-0.005266494	0.056034766	-0.08247385	-0.10365935	10	-0.028783316	0.051986236	0.20378605	Binding_K27	-0.017329311	0.031298883	0.122691624
D107H	D107H	107	107	0.07247957	0.14309151	-0.19086099	0.2682958	0.107343145	-0.011684784	0.0555708	-0.01934708	0.010369797	0.16160868	10	0.059686642	0.12465975	0.4886662	Binding_K27	0.035935	0.07505277	0.29420686
D107I	D107I	107	107	0.25313315	0.12070569	0.043303773	0.103276454	0.054810416	0.25140065	0.1697574	0.091133274	-0.0090154065	0.21117482	10	0.12896803	0.08997863	0.35271624	Binding_K27	0.07764662	0.05417262	0.21235667
D107K	D107K	107	107	0.29716203	0.0821618	0.12644534	0.2181362	0.25073445	0.26358327	-0.008557068	0.098817006	0.042903885	-0.018492278	10	0.13528948	0.11545076	0.452567	Binding_K27	0.08145251	0.069508396	0.27247292
D107L	D107L	107	107	0.09453775	0.1646788	-0.18497688	0.074066326	-0.103627466	0.045758095	0.032388356	0.24840167	0.06895735	0.2132958	10	0.065347984	0.13287012	0.5208509	Binding_K27	0.039343473	0.079995915	0.313584
D107M	D107M	107	107	-0.081050105	-0.1344765	0.008267534	0.05650238	-0.059026584	-0.17243838	-0.17193553	-0.049594037	-0.07153027	-0.046780463	10	-0.07220619	0.073274285	0.2872352	Binding_K27	-0.04347253	0.044115588	0.1729331
D107N	D107N	107	107	-0.18324378	-0.12270136	0.0332275	-0.07234466	-0.101118036	0.025229627	-0.014325047	-0.057440497	-0.06251636	0.005708174	10	-0.05495245	0.069186464	0.27121094	Binding_K27	-0.033084724	0.04165447	0.16328552
D107P	D107P	107	107	-0.20253657	-0.3160468	-0.10727864	-0.3099366	-0.04387763	-0.32856005	-0.1607069	-0.06259824	-0.15817578	-0.43895456	10	-0.21286719	0.13024531	0.51056165	Binding_K27	-0.12815903	0.07841562	0.30738923
D107Q	D107Q	107	107	-0.15801553	-0.040313333	0.00026005972	0.12223327	-0.005539384	0.08612469	0.092935495	0.044658203	-0.13065974	-0.15491618	10	-0.014323247	0.10468687	0.41037256	Binding_K27	-0.008623468	0.06302788	0.2470693
D107R	D107R	107	107	0.18384893	-0.1009679	0.014777579	0.080042854	0.22828348	0.051332932	-0.10941591	-0.0059203184	0.04756992	0.07270707	10	0.046225864	0.10726727	0.4204877	Binding_K27	0.027830789	0.06458144	0.25315925
D107S	D107S	107	107	0.06659377	0.00028890301	0.1907029	-0.018976646	0.06835347	0.13731968	0.106626764	0.085779175	0.083990045	0.13626345	10	0.08569415	0.06289844	0.2465619	Binding_K27	0.051593103	0.037868697	0.1484453
D107T	D107T	107	107	-0.2600871	-0.058631543	0.060892828	0.1471182	-0.016398907	-0.077082515	0.13401137	0.10167339	-0.07676773	0.0064660455	10	-0.0038805963	0.123255074	0.4831599	Binding_K27	-0.0023363556	0.07420707	0.2908917
D107V	D107V	107	107	0.04706497	0.07201218	-0.0028113334	0.14967401	0.04881489	0.091855615	-0.0018388511	0.2060669	-0.041544776	0.057942245	10	0.06272359	0.07366528	0.2887679	Binding_K27	0.037763428	0.044350993	0.1738559
D107W	D107W	107	107	0.26477128	0.028595775	0.11282934	0.17073436	0.26291618	0.27208754	0.34710625	0.3077006	0.05514589	0.2139064	10	0.20357935	0.10825517	0.42436028	Binding_K27	0.122567184	0.06517621	0.25549075
D107Y	D107Y	107	107	0.0061645457	-0.037470885	-0.10068246	-0.005795815	0.06770775	-0.013935153	-0.0113793835	0.05798799	0.11223085	-0.0003881865	10	0.007443925	0.059558596	0.23346971	Binding_K27	0.0044816965	0.03585791	0.14056301
D118A	D118A	118	118	0.11400048	0.23094717	-0.18965314	-0.9065683	-1.0807098	-0.5427939	-0.7846049	0.34698412	-0.41047174	-0.28175694	10	-0.3504627	0.48789364	1.912543	Binding_K27	-0.21099992	0.29374173	1.1514676
D118C	D118C	118	118	-0.73020977	-0.82713115	-1.0388862	-0.7432701	-0.3567116	-0.18674925	-0.35949934	-0.4782593	-0.375717	-0.58691365	10	-0.5683347	0.2634735	1.0328162	Binding_K27	-0.34217215	0.15862712	0.6218183
D118E	D118E	118	118	-0.18607213	-0.1577851	-0.07867076	-0.2121116	-0.24866483	-0.14728896	-0.17206593	-0.20837641	-0.075300455	-0.074517734	10	-0.1560854	0.062228613	0.24393617	Binding_K27	-0.09397293	0.03746542	0.14686444
D118F	D118F	118	118	1.6140823	1.8124803	2.8897073	1.7796751	1.8685197	1.9326013	1.6585873	1.0811381	0.35478657	1.4555756	10	1.6447155	0.6453054	2.5295973	Binding_K27	0.99021906	0.3885132	1.5229717
D118G	D118G	118	118	0.26645115	0.15848692	0.10893733	-0.5849043	-0.4530881	-0.60908145	-0.39322293	-0.45141962	-0.25475597	0.5171864	10	-0.16954105	0.39856803	1.5623868	Binding_K27	-0.10207405	0.23996226	0.9406521
D118H	D118H	118	118	0.28969923	0.5656386	0.50477743	0.5105727	0.94876057	0.95963037	0.8028551	0.5036964	1.120234	0.6150228	10	0.68208873	0.26234156	1.028379	Binding_K27	0.41065902	0.15794562	0.6191468
D118I	D118I	118	118	1.0105557	0.47531638	2.0070848	1.5850087	2.1911693	1.3467647	0.39029288	0.81381935	1.303831	0.96480685	10	1.2088649	0.5995092	2.350076	Binding_K27	0.7278104	0.36094108	1.4148891
D118K	D118K	118	118	1.0157601	0.6828954	0.68165064	1.2372824	0.80817574	0.9807701	1.1181489	1.3484144	0.8031127	0.51248604	10	0.9188697	0.2669965	1.0466263	Binding_K27	0.55321556	0.16074817	0.63013285
D118L	D118L	118	118	0.0069260057	0.55880344	1.1817259	1.2940637	1.782725	0.9661275	1.5817149	1.188403	0.76933026	0.7953904	10	1.012521	0.51440877	2.0164824	Binding_K27	0.6095994	0.30970544	1.2140453
D118M	D118M	118	118	1.8493181	1.411352	1.5695374	1.1580479	-0.9078573	0.21913998	0.7959491	0.44835383	0.7988916	0.8945919	10	0.8237325	0.78714454	3.0856066	Binding_K27	0.4959372	0.47390902	1.8577234
D118N	D118N	118	118	0.37867615	0.48629645	0.35989052	0.14118539	0.4540744	0.27348748	0.36442283	0.38669387	0.37247708	0.33146444	10	0.35486686	0.09542446	0.37406388	Binding_K27	0.2136515	0.05745134	0.22520927
D118P	D118P	118	118	0.6279279	0.44259995	0.19086644	0.68885857	0.6446532	1.1450708	1.2216368	0.9204375	0.89114857	0.6101632	10	0.7383363	0.31314728	1.2275374	Binding_K27	0.44452348	0.18853375	0.73905236
D118Q	D118Q	118	118	0.92384803	1.4896985	0.5665708	1.1719309	-0.13222292	1.0729253	0.44397292	0.80316126	1.3804502	1.2486738	10	0.89690083	0.4942413	1.937426	Binding_K27	0.539989	0.2975634	1.1664486
D118R	D118R	118	118	0.78868824	0.90025395	0.5083544	1.2171086	0.59250623	0.057336874	-0.4094833	-0.124213554	0.4331602	0.47258368	10	0.44362956	0.48905942	1.917113	Binding_K27	0.26709205	0.29444358	1.1542188
D118S	D118S	118	118	0.2844789	0.055136397	-0.11994771	0.07286353	-0.4159349	-0.09549891	-0.046194676	-0.06862079	-0.18804888	-0.0201693	10	-0.054193635	0.18227851	0.7145318	Binding_K27	-0.032627873	0.10974278	0.43019173
D118T	D118T	118	118	0.15936133	0.045107365	0.63184756	0.448514	-0.17639653	-0.90500426	-0.5567833	-0.06368942	0.24521902	0.030739188	10	-0.0141084995	0.45352033	1.7777997	Binding_K27	-0.008494177	0.27304688	1.0703439
D118V	D118V	118	118	-0.22825956	-0.13190366	0.8621083	1.6448376	1.8078756	1.5161371	0.42834264	-0.57267183	-0.23742616	-0.085474685	10	0.50035655	0.89174294	3.4956324	Binding_K27	0.30124515	0.53688365	2.104584
D118W	D118W	118	118	1.402764	1.7568077	2.136816	1.1720232	0.19174713	0.20770177	0.25966668	0.33352217	0.6450172	0.62838405	10	0.8734449	0.70191514	2.7515075	Binding_K27	0.5258671	0.4225957	1.6565752
D118Y	D118Y	118	118	0.72735256	0.52043253	0.97357684	0.89845467	1.1559527	1.1965798	1.116765	1.1144693	1.1438177	0.65350246	10	0.9500904	0.24057056	0.9430366	Binding_K27	0.57201236	0.14483814	0.56776553
D125A	D125A	125	125	0.01865984	-0.005628728	-0.022718852	-0.050840273	-0.035154056	-0.040790923	-0.025250329	0.033981677	0.035255816	-0.06148903	10	-0.015397484	0.03468243	0.13595513	Binding_K27	-0.009270225	0.020880938	0.08185328
D125C	D125C	125	125	0.0067747054	-0.12426856	-0.042580742	-0.097010754	-0.096341334	-0.04330795	-0.04018069	-0.03373102	-0.18584865	-0.031193675	10	-0.06876887	0.05661122	0.22191599	Binding_K27	-0.04140305	0.034083407	0.13360696
D125E	D125E	125	125	0.08450973	0.024430297	-0.033153933	-0.0364895	-0.120251685	-0.12443365	-0.095145606	-0.069697395	-0.012205798	0.023335295	10	-0.035910223	0.06816817	0.26721925	Binding_K27	-0.021620143	0.041041397	0.16088228
D125F	D125F	125	125	0.14502805	0.15111078	0.19876012	0.09998622	0.15889157	0.16776744	0.19523308	0.116567485	0.06497783	0.1207407	10	0.14190634	0.04202273	0.1647291	Binding_K27	0.08543627	0.025300246	0.099176966
D125G	D125G	125	125	-0.095901445	-0.15794748	-0.13780953	-0.11025792	-0.16420609	-0.09281409	-0.06717884	-0.05302155	-0.04680659	-0.01957133	10	-0.09455148	0.048727363	0.19101126	Binding_K27	-0.05692576	0.029336844	0.11500043
D125H	D125H	125	125	-0.027399754	0.0089260675	-0.040363237	0.054831073	-0.04843838	-0.046142567	-0.15482394	-0.02365016	-0.07410458	-0.007699364	10	-0.035886485	0.05491774	0.21527755	Binding_K27	-0.021605853	0.03306383	0.12961021
D125I	D125I	125	125	0.03698208	-0.10884628	0.03458377	-0.045559946	0.04416927	0.057076227	-0.01708733	0.027424317	-0.014965291	-0.034094702	10	-0.0020317882	0.051730875	0.20278503	Binding_K27	-0.0012232604	0.03114514	0.122088954
D125K	D125K	125	125	-0.07739792	0.030861713	-0.22296111	-0.06914381	-0.16528772	-0.11187831	-0.09078465	-0.08062295	-0.10736514	0.09684605	10	-0.07977338	0.09023587	0.3537246	Binding_K27	-0.04802844	0.054327495	0.21296379
D125L	D125L	125	125	-0.0076895687	0.018366471	-0.01577086	0.0127023915	-0.017169595	0.071839035	0.091911435	0.06625459	0.008399384	0.02635095	10	0.025519421	0.038517047	0.15098682	Binding_K27	0.015364247	0.02318961	0.090903275
D125M	D125M	125	125	0.008770624	0.06678538	0.0955885	0.09353881	0.08021554	0.06139003	0.035523098	0.09602845	0.08713743	-0.0012809897	10	0.062369686	0.036217395	0.1419722	Binding_K27	0.037550353	0.02180508	0.085475914
D125N	D125N	125	125	-0.08016659	-0.05473552	-0.08778088	-0.07715478	-0.14528233	-0.013470585	-0.13154201	-0.16437848	-0.105019644	-0.17144687	10	-0.103097774	0.050359435	0.19740899	Binding_K27	-0.062071145	0.03031945	0.11885225
D125P	D125P	125	125	0.015894456	0.050920613	0.092632495	0.08784004	0.06813845	0.03585767	0.02089074	0.07794674	0.070022374	-0.053078737	10	0.046706483	0.044081315	0.17279875	Binding_K27	0.02812015	0.02653964	0.10403539
D125Q	D125Q	125	125	0.08865421	-0.012773607	-0.025267864	-0.13230962	-0.0051985746	0.14079088	0.02838178	0.005848947	0.04822595	0.027327267	10	0.016367938	0.072456345	0.2840289	Binding_K27	0.009854496	0.04362314	0.1710027
D125R	D125R	125	125	0.17329487	0.11238366	0.05013346	0.03615702	0.12901637	0.0550218	0.13858663	0.19427045	0.12188146	0.15478681	10	0.11655326	0.05381988	0.21097393	Binding_K27	0.07017217	0.03240285	0.12701918
D125S	D125S	125	125	-0.17335539	-0.112676345	-0.20079298	-0.1751222	-0.17768492	-0.1295567	-0.15142815	-0.13168924	-0.12453141	-0.11758833	10	-0.14944255	0.030491067	0.119524986	Binding_K27	-0.08997353	0.018357482	0.07196133
D125T	D125T	125	125	-0.14284454	-0.17491883	-0.17981787	-0.14997073	-0.08654317	-0.12401112	0.024595791	-0.12180942	-0.107813396	-0.15371066	10	-0.12168441	0.058989253	0.23123787	Binding_K27	-0.07326143	0.035515126	0.1392193
D125V	D125V	125	125	0.068664506	0.09735271	0.05126292	0.059621733	0.08778206	0.09049544	0.101755135	0.13300535	0.061259463	0.034701392	10	0.07859007	0.028882068	0.113217704	Binding_K27	0.047316015	0.017388767	0.06816397
D125W	D125W	125	125	0.061975956	-0.012023321	0.06779678	0.054048304	0.07437044	-0.06301827	0.050736506	0.11670582	0.07971077	0.06590096	10	0.049620394	0.05085362	0.1993462	Binding_K27	0.029874502	0.03061698	0.120018564
D125Y	D125Y	125	125	0.022510694	-0.03884283	-0.05881702	-0.056017682	0.04979227	0.053069644	0.04544158	0.055450957	0.04505497	0.06100687	10	0.017864946	0.04899949	0.192078	Binding_K27	0.010755787	0.02950068	0.11564267
D131A	D131A	131	131	-0.18912548	-0.3730107	-0.17276941	-0.22021735	-0.18361254	-0.16450122	-0.30987045	-0.07606006	-0.2865672	-0.37258843	10	-0.23483229	0.09735976	0.38165027	Binding_K27	-0.14138335	0.05861651	0.22977673
D131C	D131C	131	131	-0.064883605	-0.163407	-0.06649067	-0.08090187	-0.16251072	-0.20463191	-0.006763739	0.11387026	-0.053177286	-0.20697814	10	-0.089587465	0.09920944	0.38890103	Binding_K27	-0.053937115	0.059730135	0.23414214
D131E	D131E	131	131	-0.3303279	-0.20679252	-0.19284083	-0.53945744	-0.42079115	-0.4337442	-0.37203702	-0.36369306	-0.18765143	-0.4361354	10	-0.3483471	0.119226746	0.46736884	Binding_K27	-0.2097262	0.07178177	0.28138453
D131F	D131F	131	131	-0.15468422	-0.19227482	-0.25194454	-0.28732792	-0.16536777	-0.10250935	-0.18142773	0.055825356	-0.22772004	0.06677431	10	-0.14406566	0.119992316	0.47036988	Binding_K27	-0.086736314	0.07224269	0.28319135
D131G	D131G	131	131	-0.12072003	-0.18392535	-0.268759	-0.24347936	-0.27840754	-0.1697732	-0.25449634	-0.089058675	-0.19911797	-0.112644665	10	-0.19203821	0.06871764	0.26937318	Binding_K27	-0.11561871	0.04137221	0.16217907
D131H	D131H	131	131	-0.12361699	-0.122880146	-0.2222866	-0.12180701	-0.22219023	-0.053835552	-0.07289376	-0.0167985	-0.13825019	-0.22576502	10	-0.13203241	0.073218726	0.2870174	Binding_K27	-0.07949156	0.04408214	0.17280199
D131I	D131I	131	131	0.010132426	0.018730849	-0.037748482	0.08020384	0.09120575	-0.1662186	-0.06530177	-0.09778286	-0.13904627	-0.14582825	10	-0.045165338	0.09326468	0.36559755	Binding_K27	-0.027192287	0.05615102	0.22011201
D131K	D131K	131	131	-0.28732088	-0.14302488	-0.16406603	-0.14330111	-0.12353689	-0.10638899	-0.10637203	-0.047707282	-0.09761526	-0.19915901	10	-0.14184925	0.06550169	0.25676662	Binding_K27	-0.0854019	0.039436013	0.15458918
D131L	D131L	131	131	0.11948833	-0.036049247	-0.053859193	-0.07114796	-0.13023075	-0.034345686	-0.0905471	0.042958558	-0.018938862	-0.035363086	10	-0.030803498	0.06979686	0.2736037	Binding_K27	-0.018545585	0.042021967	0.16472611
D131M	D131M	131	131	-0.20254944	-0.21406975	-0.09162727	-0.09076355	-0.17839761	-0.09296669	-0.12647271	-0.23716691	-0.061819673	-0.13805063	10	-0.14338842	0.060987215	0.2390699	Binding_K27	-0.08632857	0.036718022	0.14393465
D131N	D131N	131	131	-0.15736313	-0.05541056	-0.10649343	-0.038088895	-0.055909507	-0.11763316	-0.1880225	-0.33162916	-0.23417626	-0.021204626	10	-0.13059312	0.09869223	0.38687354	Binding_K27	-0.07862502	0.05941874	0.23292147
D131P	D131P	131	131	0.23803161	0.7591605	0.553967	0.27946135	0.566931	0.38431644	0.21269158	0.3869156	0.33951575	0.24586588	10	0.39668566	0.17768225	0.6965144	Binding_K27	0.23882896	0.10697555	0.41934416
D131Q	D131Q	131	131	-0.16189161	-0.2087931	-0.1706249	-0.2102244	-0.1531012	-0.1825139	-0.36704907	-0.17469063	-0.2613583	-0.121238165	10	-0.20114854	0.06952481	0.27253726	Binding_K27	-0.12110369	0.041858174	0.16408405
D131R	D131R	131	131	-0.11046406	-0.078540415	-0.1265237	-0.15247808	-0.11327916	-0.1299572	-0.067830876	-0.118180156	-0.10197025	-0.13335867	10	-0.11325826	0.025441602	0.09973108	Binding_K27	-0.06818838	0.015317395	0.06004419
D131S	D131S	131	131	-0.1587486	-0.20238785	-0.23913081	-0.14582457	-0.15769765	-0.13441205	-0.07954084	-0.102902904	-0.16530316	-0.22872247	10	-0.16146709	0.050972868	0.19981365	Binding_K27	-0.09721303	0.030688774	0.120299995
D131T	D131T	131	131	-0.13433068	-0.116897956	-0.02295032	-0.16350618	-0.09821891	-0.10635939	0.015081852	-0.06683613	-0.07824912	0.004222239	10	-0.07680446	0.05941956	0.23292468	Binding_K27	-0.046240967	0.035774197	0.14023486
D131V	D131V	131	131	0.12941815	0.055227015	0.049556244	0.035534166	-0.00076564157	0.034976315	-0.06275144	0.05817228	-0.0067948652	-0.026789501	10	0.026578272	0.053502925	0.20973147	Binding_K27	0.01600174	0.032212023	0.12627113
D131W	D131W	131	131	-0.17490402	-0.026027989	-0.059195597	-0.24258994	-0.14536548	0.194126	-0.12329386	-0.030115284	-0.0036511316	0.17815769	10	-0.043285966	0.1420344	0.55677485	Binding_K27	-0.026060792	0.08551337	0.3352124
D131Y	D131Y	131	131	-0.09219293	0.09209412	-0.03921367	-0.17960134	-0.02009908	-0.08500677	0.030462591	0.08620939	0.051962815	0.028982623	10	-0.012640225	0.087373875	0.3425056	Binding_K27	-0.007610186	0.0526044	0.20620926
D152A	D152A	152	152	-0.50573665	-0.43753675	-0.37305447	-0.39354837	-0.4049711	-0.33702675	-0.42254508	-0.39090675	-0.39463168	-0.42979208	10	-0.40897498	0.044782348	0.17554681	Binding_K27	-0.24622788	0.026961705	0.10568988
D152C	D152C	152	152	-0.35929736	-0.3367159	-0.27131096	-0.2253172	-0.26861143	-0.14960115	-0.4328353	-0.24453679	-0.3104457	-0.30585283	10	-0.29045248	0.07804776	0.3059472	Binding_K27	-0.1748701	0.04698951	0.18419889
D152E	D152E	152	152	-0.6703895	-0.5850958	-0.42552093	-0.54576355	-0.3715832	-0.41486007	-0.53581077	-0.38109955	-0.34245884	-0.5872253	10	-0.48598075	0.112317406	0.44028425	Binding_K27	-0.29259005	0.067621924	0.26507795
D152F	D152F	152	152	-0.3730279	-0.30735305	-0.1806271	-0.38407305	-0.18963428	-0.110379234	-0.087548405	-0.11049255	-0.30462256	-0.2601848	10	-0.23079428	0.11035448	0.4325896	Binding_K27	-0.13895223	0.06644013	0.2604453
D152G	D152G	152	152	-0.22690918	-0.20429254	-0.12927426	-0.2092059	-0.29920182	-0.25565827	-0.21411604	-0.231937	-0.36180153	-0.22672735	10	-0.2359124	0.061449688	0.24088278	Binding_K27	-0.14203365	0.036996458	0.14502612
D152H	D152H	152	152	-0.38711715	-0.4479078	-0.40195215	-0.37629843	-0.36504522	-0.49035168	-0.41026726	-0.31637868	-0.33669034	-0.37079808	10	-0.39028066	0.051018644	0.19999309	Binding_K27	-0.23497276	0.030716335	0.120408036
D152I	D152I	152	152	-0.50494653	-0.23313105	-0.3293854	-0.46885484	-0.3744703	-0.36192393	-0.25129205	-0.3668974	-0.4384424	-0.53719616	10	-0.38665402	0.10133403	0.3972294	Binding_K27	-0.2327893	0.06100926	0.2391563
D152K	D152K	152	152	-0.72577584	-0.41805834	-0.3663201	-0.27918294	-0.35537028	-0.23307976	-0.21606068	-0.2543878	-0.4348745	-0.26518047	10	-0.35482907	0.15131508	0.59315515	Binding_K27	-0.21362874	0.0911009	0.35711554
D152L	D152L	152	152	-0.66603017	-0.74820274	-0.6274535	-0.55651224	-0.5892644	-0.4908154	-0.6664843	-0.50538254	-0.5126236	-0.55647355	10	-0.5919243	0.08383521	0.32863402	Binding_K27	-0.35637453	0.050473906	0.19785772
D152M	D152M	152	152	-0.46344838	-0.48331326	-0.3333987	-0.29098696	-0.38730153	-0.31244668	-0.2959911	-0.4546431	-0.5468228	-0.47871196	10	-0.40470642	0.09216406	0.36128312	Binding_K27	-0.24365795	0.055488385	0.21751447
D152N	D152N	152	152	-0.3951627	-0.40693632	-0.263181	-0.29568797	-0.344876	-0.28433827	-0.29157957	-0.2914078	-0.39184076	-0.32159173	10	-0.3286602	0.052658513	0.20642138	Binding_K27	-0.19787347	0.031703636	0.124278255
D152P	D152P	152	152	-0.18357076	-0.28968754	-0.3696483	-0.24533913	-0.20377816	-0.31878173	-0.29389134	-0.106791265	-0.15336218	-0.2501727	10	-0.24150231	0.080446504	0.3153503	Binding_K27	-0.14539912	0.0484337	0.1898601
D152Q	D152Q	152	152	-0.4842071	-0.54706967	-0.4565961	-0.55979604	-0.54360384	-0.421532	-0.47178835	-0.8816368	-0.5723984	-0.5520231	10	-0.5490651	0.12749708	0.49978855	Binding_K27	-0.33057067	0.076761015	0.30090317
D152R	D152R	152	152	-0.3373239	-0.2665117	-0.2907669	-0.32447016	-0.36229438	-0.236995	-0.28953376	-0.15695032	-0.24198668	-0.3181273	10	-0.28249604	0.05986262	0.23466147	Binding_K27	-0.17007984	0.036040947	0.14128052
D152S	D152S	152	152	-0.41558826	-0.5599677	-0.308665	-0.3347485	-0.34857994	-0.32090652	-0.4093455	-0.39009073	-0.32403636	-0.38790986	10	-0.37998384	0.074108034	0.2905035	Binding_K27	-0.22877344	0.044617556	0.17490083
D152T	D152T	152	152	-0.5523056	-0.42933798	-0.3117896	-0.41329592	-0.5100975	-0.43336293	-0.40951097	-0.36777395	-0.45883387	-0.5421436	10	-0.4428452	0.07578347	0.2970712	Binding_K27	-0.2666198	0.045626268	0.17885497
D152V	D152V	152	152	-0.35090473	-0.23666345	-0.33455253	-0.56080896	-0.4995984	-0.46752107	-0.62768686	-0.5181702	-0.4481698	-0.41349182	10	-0.44575676	0.11598948	0.45467874	Binding_K27	-0.26837274	0.069832735	0.27374431
D152W	D152W	152	152	-0.17646344	-0.3060511	-0.09584061	-0.2292912	-0.4010129	-0.1580175	-0.2594414	-0.16752018	-0.20439228	-0.30201453	10	-0.23000452	0.08924899	0.34985605	Binding_K27	-0.13847674	0.053733334	0.21063468
D152Y	D152Y	152	152	-0.38233957	-0.29549727	-0.33701202	-0.38589165	-0.3927462	-0.2621328	-0.27525067	-0.4188061	-0.36933625	-0.33846998	10	-0.34574825	0.053405136	0.20934814	Binding_K27	-0.20816153	0.03215315	0.12604034
D153A	D153A	153	153	-0.48785678	-0.41239715	-0.4660008	-0.32563087	-0.23196927	-0.30206117	-0.26425853	-0.4798024	-0.4907939	-0.45017654	10	-0.39109474	0.10019318	0.39275727	Binding_K27	-0.23546289	0.060322404	0.23646383
D153C	D153C	153	153	-0.22435558	-0.10631543	-0.14538574	-0.11714864	-0.27911747	-0.05773268	-0.18955636	-0.39008662	-0.06245347	-0.17827798	10	-0.17504302	0.10280564	0.4029981	Binding_K27	-0.10538657	0.061895262	0.24262944
D153E	D153E	153	153	-0.47790816	-0.5226195	-0.5576107	-0.44949752	-0.5466918	-0.5940506	-0.39127824	-0.37247837	-0.48097154	-0.48060155	10	-0.4873708	0.07080522	0.27755648	Binding_K27	-0.29342693	0.04262906	0.16710591
D153F	D153F	153	153	-0.24580857	-0.30841416	-0.1466657	-0.29217002	-0.27432978	-0.37243223	-0.24352135	-0.21738344	-0.20821254	-0.26674607	10	-0.2575684	0.06148829	0.2410341	Binding_K27	-0.15507187	0.0370197	0.14511722
D153G	D153G	153	153	-0.22156015	-0.20307693	-0.16913767	-0.3058752	-0.298932	-0.28504556	-0.20104557	-0.17440486	-0.19980747	-0.26040366	10	-0.2319289	0.051388424	0.20144263	Binding_K27	-0.13963534	0.030938964	0.121280745
D153H	D153H	153	153	-0.23035899	-0.2858546	-0.18339121	-0.30793884	-0.44105953	-0.2311428	-0.3293925	-0.16650853	-0.30486006	-0.088736884	10	-0.2569244	0.09895804	0.38791552	Binding_K27	-0.15468416	0.059578773	0.23354879
D153I	D153I	153	153	-0.21249057	-0.23491205	-0.23452756	-0.23688322	-0.30040666	-0.4473845	-0.23534718	-0.2587516	-0.11140644	-0.3363625	10	-0.26084724	0.08776791	0.3440502	Binding_K27	-0.15704595	0.05284163	0.2071392
D153K	D153K	153	153	-0.3960783	-0.27449226	-0.21399459	-0.3584219	-0.3390501	-0.30673787	-0.20175801	-0.14386253	-0.3578149	-0.5081282	10	-0.31003386	0.106429726	0.41720453	Binding_K27	-0.18665929	0.06407718	0.25118256
D153L	D153L	153	153	-0.39178643	-0.37513632	-0.39282787	-0.32865357	-0.30590954	-0.24934502	-0.37740853	-0.2856015	-0.46906593	-0.41976717	10	-0.35955018	0.066477835	0.26059312	Binding_K27	-0.21647114	0.04002371	0.15689296
D153M	D153M	153	153	-0.31610897	-0.17751475	-0.1752819	-0.3186518	-0.14840871	-0.20937954	-0.27980873	-0.23009412	-0.11169566	-0.29948822	10	-0.22664323	0.07401034	0.29012054	Binding_K27	-0.13645305	0.044558737	0.17467025
D153N	D153N	153	153	-0.21155179	-0.22885592	-0.25527966	-0.35734358	-0.11996946	-0.18589361	-0.19093835	-0.1878928	-0.21140093	-0.26191014	10	-0.22110364	0.062468432	0.24487625	Binding_K27	-0.13311787	0.037609804	0.14743043
D153P	D153P	153	153	-0.6504497	-0.50895965	-0.6691742	-0.8412605	-0.6849088	-0.6267842	-0.5633059	-0.34098202	-0.25332725	-0.3859881	10	-0.5525141	0.18062323	0.7080431	Binding_K27	-0.33264717	0.1087462	0.42628512
D153Q	D153Q	153	153	-0.4676017	-0.49720383	-0.5381059	-0.40744963	-0.49632907	-0.23630658	-0.42923433	-0.19167969	-0.28341296	-0.35604364	10	-0.39033672	0.11928725	0.46760604	Binding_K27	-0.23500651	0.0718182	0.28152737
D153R	D153R	153	153	-0.36894432	-0.3910286	-0.38997102	-0.4233613	-0.43613398	-0.19812438	-0.45386258	-0.46129587	-0.44621447	-0.5257224	10	-0.40946588	0.08657362	0.3393686	Binding_K27	-0.24652342	0.0521226	0.2043206
D153S	D153S	153	153	-0.5396906	-0.4748657	-0.34935507	-0.35730538	-0.39786524	-0.49180114	-0.55998063	-0.4632581	-0.56920874	-0.658077	10	-0.48614073	0.09920042	0.38886565	Binding_K27	-0.29268637	0.0597247	0.23412083
D153T	D153T	153	153	-0.60416716	-0.58521014	-0.68445486	-0.69115275	-0.48289728	-0.21201894	-0.48885727	-0.3791248	-0.5847722	-0.5132011	10	-0.52258563	0.14487335	0.5679035	Binding_K27	-0.31462842	0.08722259	0.34191257
D153V	D153V	153	153	-0.17286032	-0.20963334	-0.1722373	-0.26587638	-0.19087471	-0.11511576	-0.20908503	-0.090959564	-0.049277544	-0.08643248	10	-0.15623525	0.068037644	0.26670757	Binding_K27	-0.09406315	0.04096281	0.16057423
D153W	D153W	153	153	-0.14682674	-0.42809114	-0.2892839	-0.42964956	-0.47788718	-0.39985958	-0.15221244	-0.23037075	-0.14163926	-0.32377553	10	-0.3019596	0.12940179	0.507255	Binding_K27	-0.1817981	0.07790776	0.30539843
D153Y	D153Y	153	153	-0.11845012	-0.09477621	-0.18389386	-0.078887336	-0.01918438	-0.08217365	-0.05372206	-0.21200077	-0.21191673	-0.2534409	10	-0.1308446	0.07884017	0.30905345	Binding_K27	-0.07877643	0.047466587	0.18606903
D172A	D172A	172	172	-0.21083875	0.024659323	-0.17285863	-0.3555314	-0.3913362	-0.20748264	-0.39777744	-0.23122753	-0.28841788	-0.09501622	10	-0.23258273	0.13353965	0.5234754	Binding_K27	-0.14002898	0.08039901	0.31516412
D172C	D172C	172	172	-0.30174533	-0.17192908	-0.4896248	-0.10339337	-0.16824004	-0.18440168	-0.21227935	-0.3527581	-0.1479078	0.048423048	10	-0.20838566	0.14637004	0.5737706	Binding_K27	-0.12546088	0.08812369	0.34544486
D172E	D172E	172	172	-0.6279734	-0.3872052	-0.57775587	-0.71736896	-0.4537099	-0.5182153	-0.5029867	-0.47946844	-0.40176216	-0.5764677	10	-0.52429134	0.102684736	0.40252417	Binding_K27	-0.31565535	0.061822474	0.2423441
D172F	D172F	172	172	-0.25863016	0.010405136	-0.09443107	-0.15145399	-0.09662083	-0.18074818	-0.12404248	-0.15205187	-0.07511959	-0.29140484	10	-0.14140978	0.08816501	0.34560683	Binding_K27	-0.085137315	0.05308071	0.20807639
D172G	D172G	172	172	-0.14170851	-0.48506847	-0.32738855	-0.30900767	-0.22760032	-0.41775376	-0.32755247	-0.356393	-0.29377604	-0.42310935	10	-0.3309358	0.09933623	0.38939804	Binding_K27	-0.19924353	0.059806466	0.23444135
D172H	D172H	172	172	-0.33783063	-0.35785067	-0.2916126	-0.4945758	-0.47937268	-0.69443893	-0.8325335	-0.44846338	-0.40696484	-0.44631475	10	-0.4789958	0.16618346	0.6514392	Binding_K27	-0.28838468	0.10005257	0.3922061
D172I	D172I	172	172	0.22412553	0.35790268	0.33757606	0.31104207	0.10279055	0.1866623	0.10202998	0.22190209	0.48714432	0.20980233	10	0.2540978	0.12007426	0.47069108	Binding_K27	0.15298237	0.07229202	0.28338474
D172K	D172K	172	172	-0.6639523	-0.44570398	-1.0461408	-0.6789445	-0.862247	-0.66534144	-0.6211583	-0.34382725	-0.40914395	-0.4411455	10	-0.6177605	0.21878263	0.8576279	Binding_K27	-0.37192947	0.13172048	0.5163443
D172L	D172L	172	172	-0.14554021	-0.0817994	-0.0037591243	-0.0974339	-0.06814109	-0.1517286	-0.2784534	-0.08939944	-0.22818597	-0.15562032	10	-0.13000615	0.08016959	0.3142648	Binding_K27	-0.07827163	0.04826698	0.18920657
D172M	D172M	172	172	0.12799822	-0.04187549	0.043055374	0.28687078	0.018224357	0.14515844	-0.054085094	0.05303155	-0.24323611	-0.08914427	10	0.024599776	0.1454821	0.5702898	Binding_K27	0.014810565	0.08758909	0.34334925
D172N	D172N	172	172	-0.21326526	-0.27678797	-0.15751567	-0.2650855	-0.17119735	-0.19757392	-0.22550991	-0.24042797	-0.3674256	-0.36654142	10	-0.24813306	0.07290291	0.28577942	Binding_K27	-0.14939123	0.043891996	0.17205663
D172P	D172P	172	172	-0.6035085	-0.5176664	-0.4694442	-0.46888143	-0.40897557	-0.530609	-0.37269548	-0.46901122	-0.34173617	-0.42337498	10	-0.4605903	0.07796354	0.30561706	Binding_K27	-0.27730346	0.046938803	0.1840001
D172Q	D172Q	172	172	-0.28297675	-0.6289936	-0.7978711	-0.52042747	-0.3783371	-0.5025244	-0.5800456	-0.37446257	-0.28260905	-0.38760495	10	-0.47358522	0.16423972	0.6438197	Binding_K27	-0.28512716	0.098882325	0.38761872
D172R	D172R	172	172	-0.40187368	-0.51444674	-0.36278984	-0.25293466	-0.2702403	-0.34024286	-0.31697488	-0.52627295	-0.8309011	-0.731765	10	-0.45484418	0.19579633	0.7675216	Binding_K27	-0.2738439	0.11788133	0.4620948
D172S	D172S	172	172	-0.17774342	-0.22646554	-0.26882595	-0.14025983	-0.24247442	-0.1938764	-0.26076633	-0.31760284	-0.2736	-0.18823767	10	-0.22898524	0.053769156	0.21077509	Binding_K27	-0.13786307	0.03237231	0.12689947
D172T	D172T	172	172	-0.4423936	-0.35960734	-0.33106107	-0.34703425	-0.42284045	-0.25357905	-0.40985787	-0.23401992	-0.41925925	-0.5018396	10	-0.37214926	0.084050015	0.32947606	Binding_K27	-0.22405654	0.050603233	0.19836468
D172V	D172V	172	172	-0.08973568	0.040180817	0.012052826	-0.2530498	-0.014058754	-0.22868986	-0.07168217	0.069744535	0.091460675	0.032606795	10	-0.04111706	0.11966059	0.46906954	Binding_K27	-0.024754977	0.07204297	0.28240845
D172W	D172W	172	172	0.1874546	0.06014703	0.104459286	0.16230094	0.12519734	0.016800845	0.25206876	0.11953861	0.020140523	0.12423786	10	0.11723459	0.0731788	0.28686088	Binding_K27	0.07058237	0.0440581	0.17270775
D172Y	D172Y	172	172	-0.02719376	0.054511487	-0.041235454	-0.18300372	0.082168885	0.06749516	-0.12520196	-0.058232233	-0.0626351	0.023220187	10	-0.02701065	0.08592125	0.3368113	Binding_K27	-0.016262058	0.05172983	0.20278095
D29A	D29A	29	29	0.13604018	0.08333311	0.049197	0.18701808	0.126846	0.13683653	0.2375172	0.29187953	0.13294138	0.2138077	10	0.15954167	0.07312194	0.28663802	Binding_K27	0.09605381	0.044023868	0.17257357
D29C	D29C	29	29	0.021183632	-0.0986879	-0.09062908	0.03628925	-0.025604429	-0.04663432	-0.02775059	-0.019327655	-0.08350338	0.030027851	10	-0.03046366	0.049762465	0.19506887	Binding_K27	-0.01834098	0.029960038	0.11744335
D29E	D29E	29	29	0.06960181	0.07521144	0.20847227	0.24825515	0.063596874	0.03617642	0.08519645	-0.040459055	-0.04142875	0.17554322	10	0.088016585	0.097127475	0.38073972	Binding_K27	0.05299135	0.05847666	0.22922851
D29F	D29F	29	29	0.1461116	0.003286606	0.035245173	0.14641282	-0.050265517	0.18102786	0.13301216	0.043032713	0.2232626	0.4436227	10	0.13047488	0.13955902	0.54707134	Binding_K27	0.07855383	0.084023036	0.32937032
D29G	D29G	29	29	0.032297622	0.04391029	0.04558985	0.072340965	-0.003987198	0.10434142	0.04536974	0.10102555	0.111631006	0.10008191	10	0.06526012	0.038498987	0.15091603	Binding_K27	0.03929057	0.023178738	0.09086065
D29H	D29H	29	29	-0.14682768	-0.18929686	-0.27875164	-0.24202666	-0.39984298	-0.37656784	-0.29641214	-0.23841813	-0.10214678	-0.0126389945	10	-0.22829299	0.119939364	0.47016233	Binding_K27	-0.1374463	0.07221081	0.2830664
D29I	D29I	29	29	0.3400206	0.163703	0.2500901	0.32732654	0.2917702	0.1721262	0.31865194	0.33986428	0.4631517	0.19438927	10	0.2861094	0.09286511	0.36403123	Binding_K27	0.17225529	0.055910457	0.21916899
D29K	D29K	29	29	0.21689452	0.12687136	-0.032661907	0.095185496	0.14210948	0.017325727	-0.010368311	-0.11437405	0.09227387	0.12918589	10	0.06624421	0.099034995	0.38821718	Binding_K27	0.03988305	0.059625104	0.2337304
D29L	D29L	29	29	-0.075494014	-0.16737777	-0.24186984	-0.028091123	-0.13547137	-0.20673041	-0.15264943	-0.13500942	-0.17494462	-0.116368964	10	-0.1434007	0.06158454	0.2414114	Binding_K27	-0.086335965	0.037077647	0.14534438
D29M	D29M	29	29	-0.23075697	0.030949343	0.04234254	-0.1641534	0.1282729	0.060339164	-0.14625609	-0.17950663	-0.10775832	0.047641665	10	-0.051888585	0.12632033	0.49517572	Binding_K27	-0.031240093	0.07605254	0.29812595
D29N	D29N	29	29	0.1285357	0.37748235	0.13434221	0.09078804	0.21789956	0.03458354	-0.071833685	0.13864474	0.32721364	0.05042519	10	0.14280812	0.13500337	0.52921325	Binding_K27	0.0859792	0.08128026	0.31861863
D29P	D29P	29	29	-0.115777716	-0.07742911	-0.04399526	-0.2626606	-0.2196048	-0.04436533	-0.07285311	-0.08240475	-0.0073070414	-0.06989615	10	-0.09962939	0.08048278	0.3154925	Binding_K27	-0.059982967	0.04845554	0.18994573
D29Q	D29Q	29	29	0.1422293	0.2946147	0.2395452	0.44749972	0.26490024	0.1938986	0.123861834	0.12564245	0.22435772	0.15613927	10	0.22126892	0.09926287	0.38911048	Binding_K27	0.13321738	0.0597623	0.23426822
D29R	D29R	29	29	0.19507699	0.18182492	0.04625661	0.17956269	0.19208552	-0.037621677	0.14607956	0.21480216	0.1193959	0.15401064	10	0.13914733	0.078629985	0.30822954	Binding_K27	0.08377518	0.047340047	0.18557298
D29S	D29S	29	29	0.017697368	0.005829837	-0.030501937	-0.114513025	-0.035415646	-0.043757465	-0.006678085	0.0063233627	-0.06285167	0.035093784	10	-0.022877347	0.04421227	0.1733121	Binding_K27	-0.013773558	0.026618483	0.10434445
D29T	D29T	29	29	-0.06912878	-0.19410045	-0.21558563	-0.08053112	0.010848386	-0.15089571	-0.117243886	-0.09133116	-0.19111407	-0.3035139	10	-0.14025964	0.089634165	0.35136592	Binding_K27	-0.08444486	0.053965233	0.21154372
D29V	D29V	29	29	0.11924571	0.11633996	0.1257243	0.079232484	0.17917785	0.17305687	0.24981886	0.18226452	0.13052662	0.27575675	10	0.1631144	0.061948046	0.24283634	Binding_K27	0.098204814	0.0372965	0.14620228
D29W	D29W	29	29	0.28063285	0.16747187	0.261553	0.3323379	0.448166	0.27365774	0.39985627	0.21149303	0.28376183	0.34896603	10	0.30078965	0.08404341	0.3294502	Binding_K27	0.18109371	0.05059926	0.1983491
D29Y	D29Y	29	29	0.14344534	0.12883928	0.045162797	0.17368275	0.006228992	0.16758558	0.2935701	-0.15179874	0.14561787	0.17739455	10	0.11297284	0.121003315	0.47433302	Binding_K27	0.06801654	0.072851375	0.2855774
D32A	D32A	32	32	1.0659257	0.8380569	0.86080384	0.92520213	0.8171474	0.8618384	0.85304576	0.9291726	1.1804669	1.0640287	10	0.9395688	0.12239578	0.4797915	Binding_K27	0.5656777	0.07368972	0.28886372
D32C	D32C	32	32	1.1623594	0.9534795	1.0594704	1.1979774	1.2556411	0.7071804	0.73064065	0.76631874	0.8468067	0.8908266	10	0.95707005	0.20178945	0.7910147	Binding_K27	0.57621455	0.121489555	0.47623906
D32E	D32E	32	32	0.41526031	0.2360322	0.20640433	0.23724075	0.29245386	0.20480329	0.24974906	0.2720328	0.3068218	0.28602955	10	0.27068278	0.06159825	0.24146514	Binding_K27	0.16296753	0.037085902	0.14537674
D32F	D32F	32	32	0.87553626	0.93638486	0.6341821	0.8199008	0.74811286	0.8976447	0.73253703	0.76574963	0.7830376	0.85147494	10	0.8044561	0.08999266	0.35277122	Binding_K27	0.48433164	0.054181065	0.21238978
D32G	D32G	32	32	-0.4382631	-0.65211725	-0.58570564	-0.39631298	-0.46345496	-0.49717367	-0.49939245	-0.4696799	-0.52580774	-0.53650314	10	-0.5064411	0.07370693	0.2889312	Binding_K27	-0.30490842	0.044376068	0.17395419
D32H	D32H	32	32	0.69300294	0.8384149	0.6522151	0.88359976	0.88407576	0.73978555	0.83932805	0.79013705	0.7006301	0.9435213	10	0.79647106	0.09686191	0.3796987	Binding_K27	0.47952414	0.058316775	0.22860175
D32I	D32I	32	32	1.6883918	1.8495014	1.8326031	1.7803417	1.8177251	1.7320257	1.7373016	1.881593	1.855846	1.9074478	10	1.8082777	0.071381584	0.27981582	Binding_K27	1.0886935	0.042976066	0.16846618
D32K	D32K	32	32	2.6867018	2.935921	3.049448	2.3998406	2.1465437	2.4704947	2.9827988	2.948069	2.4840817	2.6190653	10	2.6722965	0.30074745	1.17893	Binding_K27	1.6088854	0.1810683	0.7097877
D32L	D32L	32	32	1.1120927	0.9530274	1.1383207	0.9600979	1.0270451	1.0226706	0.9662721	0.9972065	1.0427349	1.0127306	10	1.0232198	0.061899096	0.24264446	Binding_K27	0.6160407	0.03726703	0.14608675
D32M	D32M	32	32	1.1929861	1.0328305	0.9827586	1.1353017	1.0229414	0.90525675	1.133243	0.9493367	1.0101858	1.0175173	10	1.0382358	0.089777015	0.3519259	Binding_K27	0.62508124	0.054051235	0.21188085
D32N	D32N	32	32	1.060597	0.98802406	1.0540775	0.88518685	0.86626107	0.9999368	0.9459409	0.92290837	0.9869523	1.2834384	10	0.9993323	0.11887276	0.46598125	Binding_K27	0.601659	0.07156865	0.28054914
D32P	D32P	32	32	-1.1797683	-1.5283018	-1.499035	-1.4372221	-1.4215083	-1.4735863	-1.5194932	-1.286192	-1.4419171	-1.334415	10	-1.412144	0.11247167	0.44088894	Binding_K27	-0.8501968	0.0677148	0.26544204
D32Q	D32Q	32	32	0.7358154	0.71998966	0.799458	0.9045203	0.9250857	0.90703446	0.7258137	0.9193092	0.8194265	0.66623116	10	0.81226844	0.09721314	0.38107553	Binding_K27	0.48903513	0.058528237	0.22943069
D32R	D32R	32	32	1.5113341	1.28099	0.99283606	0.98806185	0.9147291	0.94465196	0.9903301	0.95813125	1.0346011	1.4135698	10	1.1029235	0.21579246	0.8459065	Binding_K27	0.6640272	0.12992021	0.50928724
D32S	D32S	32	32	1.4224057	1.4604168	1.4504651	1.366891	1.4769863	1.4649645	1.4958143	1.3358865	1.498495	1.4490347	10	1.442136	0.05331727	0.2090037	Binding_K27	0.8682538	0.03210025	0.12583297
D32T	D32T	32	32	1.7969273	2.1130607	1.7273967	1.9859681	1.9156426	2.1543746	1.8920004	1.7369308	1.9920926	1.9747453	10	1.9289138	0.14549367	0.5703352	Binding_K27	1.1613238	0.08759606	0.34337655
D32V	D32V	32	32	1.2482259	1.3673193	1.4639986	1.3986634	1.4153057	1.2799875	1.4338728	1.3389139	1.2505116	1.3424479	10	1.3539246	0.076118916	0.29838616	Binding_K27	0.8151452	0.04582823	0.17964667
D32W	D32W	32	32	0.99808985	1.0413771	1.0560528	1.0676695	1.0405942	1.051696	1.3093289	0.9551978	1.0097843	1.0263802	10	1.0556171	0.09504843	0.37258986	Binding_K27	0.63554585	0.057224948	0.2243218
D32Y	D32Y	32	32	0.03643072	-0.077166155	-0.026694765	0.046096124	-0.015765361	-0.097697064	-0.02581416	-0.12546206	-0.14775519	0.028294342	10	-0.040553357	0.06872332	0.2693954	Binding_K27	-0.024415594	0.04137563	0.16219246
D37A	D37A	37	37	1.8575388	1.8650248	2.3216634	2.1711884	1.8321373	2.0509546	1.8852812	1.7931424	2.2422717	1.5811884	10	1.9600391	0.23000988	0.90163875	Binding_K27	1.1800631	0.13847998	0.5428415
D37C	D37C	37	37	1.8514789	1.861105	1.8705894	1.8581223	1.8809443	1.8914733	1.9159693	1.9113997	1.8600978	1.934042	10	1.8835223	0.028562794	0.111966155	Binding_K27	1.1339953	0.017196544	0.067410454
D37E	D37E	37	37	0.5393532	0.4841246	0.3081103	0.45990002	0.43863833	0.34676954	0.5592023	0.5840865	0.2899646	0.29730213	10	0.43074518	0.11318108	0.44366983	Binding_K27	0.25933486	0.06814191	0.26711628
D37F	D37F	37	37	1.7704864	2.4864483	2.1213193	1.8395503	1.9882976	2.0342262	2.4005125	1.9455092	2.0917153	2.1713428	10	2.0849407	0.22609721	0.8863011	Binding_K27	1.2552614	0.13612431	0.5336073
D37G	D37G	37	37	2.2829142	2.1681736	2.255686	2.1429994	2.4169273	2.197747	2.1804948	2.1511545	2.094323	2.2929788	10	2.2183397	0.09458433	0.37077057	Binding_K27	1.3355757	0.056945533	0.22322649
D37H	D37H	37	37	1.8765177	2.427015	2.2364767	2.1813831	2.09859	2.1853602	2.1451497	2.2777326	1.8526403	1.650192	10	2.0931058	0.23239975	0.91100705	Binding_K27	1.2601773	0.13991882	0.54848176
D37I	D37I	37	37	2.4546304	2.3667068	2.162762	1.8425858	2.4098823	2.479208	3.1900296	3.1061962	1.9475256	1.9825732	10	2.3942099	0.4569172	1.7911154	Binding_K27	1.4414604	0.275092	1.0783607
D37K	D37K	37	37	2.7155502	2.8318934	2.484214	2.295275	2.7462952	2.6075506	2.1583807	2.4738321	2.0425327	2.4591258	10	2.4814649	0.25731632	1.00868	Binding_K27	1.4939932	0.15492012	0.6072869
D37L	D37L	37	37	2.7241056	2.7039566	2.3725955	2.558283	2.3670006	3.0486557	2.307142	2.9616833	2.9098623	3.3434978	10	2.7296784	0.33870056	1.3277062	Binding_K27	1.6434329	0.2039184	0.79936016
D37M	D37M	37	37	2.8662648	2.1805458	1.6799256	1.8126463	2.125916	2.247828	1.7180388	1.9515402	1.6289309	1.53138	10	1.9743017	0.39866132	1.5627524	Binding_K27	1.18865	0.24001841	0.9408722
D37N	D37N	37	37	1.3799758	1.6542765	1.4627371	1.4169695	1.8749877	2.0287833	1.5521737	1.4104176	1.6004268	1.7560915	10	1.6136839	0.21702337	0.8507316	Binding_K27	0.9715361	0.13066131	0.51219237
D37P	D37P	37	37	2.003668	1.983568	2.0539277	1.78068	2.4429615	2.8572683	1.8097152	2.6280262	2.084243	2.1518054	10	2.1795864	0.35287255	1.3832604	Binding_K27	1.3122439	0.21245079	0.8328071
D37Q	D37Q	37	37	1.1105964	1.6346332	1.9531647	1.9073306	1.7387122	1.8280631	2.1271536	2.562433	1.9927733	1.2983112	10	1.8153172	0.41055343	1.6093695	Binding_K27	1.0929316	0.2471782	0.9689385
D37R	D37R	37	37	3.1803305	2.2777774	1.8648083	2.1693447	2.9744394	2.0055656	2.1820142	2.4985652	2.618228	2.5657558	10	2.433683	0.4176696	1.6372648	Binding_K27	1.4652255	0.25146255	0.9857332
D37S	D37S	37	37	2.7737322	2.2740102	2.6463003	2.6180243	2.2831051	2.3594391	2.5164685	2.3528633	2.4156628	2.357621	10	2.4597228	0.17036475	0.6678299	Binding_K27	1.480903	0.10256997	0.40207428
D37T	D37T	37	37	1.9964257	2.1107626	2.2292023	1.695833	1.8521967	2.3082974	1.8095657	2.0210326	1.9469067	1.7788508	10	1.9749073	0.19898704	0.7800292	Binding_K27	1.1890146	0.119802326	0.46962512
D37V	D37V	37	37	1.6924098	1.3734505	1.7421572	2.0732312	1.8047806	1.6383228	1.6559843	1.6219134	1.5806528	1.5318727	10	1.6714776	0.18407851	0.7215878	Binding_K27	1.0063314	0.11082649	0.43443987
D37W	D37W	37	37	1.3195454	1.4445268	1.4204768	0.35166383	1.6505786	1.5846412	1.2099731	1.80981	1.5075349	1.3048731	10	1.3603624	0.39633343	1.553627	Binding_K27	0.8190211	0.23861688	0.9353782
D37Y	D37Y	37	37	0.5954112	0.76418424	0.6183191	0.6838188	0.64441127	0.9194509	0.83802044	0.68525326	0.86133313	0.8486964	10	0.7458898	0.115271725	0.45186517	Binding_K27	0.44907114	0.06940061	0.27205038
D46A	D46A	46	46	0.17945027	0.4169504	0.35356998	0.34883636	0.31247067	0.32491833	0.33352605	0.41657165	0.30323285	0.44092587	10	0.34304523	0.07475544	0.29304132	Binding_K27	0.20653415	0.045007333	0.17642875
D46C	D46C	46	46	0.3483448	0.5490796	0.5086236	0.36555675	0.47904518	0.4009071	0.25874877	0.5979065	0.46925715	0.34578308	10	0.43232527	0.10568983	0.41430414	Binding_K27	0.26028618	0.06363172	0.24943635
D46E	D46E	46	46	0.10187892	-0.047825422	0.067290775	-0.053156476	0.07845584	-0.08723197	-0.1432926	0.0656822	0.028828861	0.17108102	10	0.018171115	0.09742794	0.38191754	Binding_K27	0.010940119	0.05865756	0.22993764
D46F	D46F	46	46	0.8584808	0.89969134	0.87524223	1.1980103	0.69165546	0.7439912	1.0400517	1.0506362	0.49962303	0.8187768	10	0.8676159	0.19933517	0.7813939	Binding_K27	0.52235764	0.120011926	0.47044677
D46G	D46G	46	46	0.12184763	0.06781562	0.06926996	0.15512738	0.12460532	0.13733098	0.14516494	0.09451342	0.09205269	0.1334447	10	0.114117265	0.03118805	0.12225716	Binding_K27	0.06870555	0.018777108	0.07360627
D46H	D46H	46	46	0.4146417	0.55866015	0.41844606	0.1760874	0.5934492	0.19983971	0.48851806	0.77483475	0.46146315	0.49828893	10	0.45842296	0.17669618	0.69264907	Binding_K27	0.27599856	0.10638188	0.41701698
D46I	D46I	46	46	1.4666798	1.1180855	1.2376524	2.2234166	1.7323549	1.2379332	1.1223037	1.4971957	0.8802763	1.5814517	10	1.409735	0.38205162	1.4976424	Binding_K27	0.8487464	0.23001836	0.901672
D46K	D46K	46	46	0.3207321	0.22908095	0.18973218	0.24884604	0.24733798	0.12703201	0.22152811	0.29150262	-0.09117756	0.12363574	10	0.19082502	0.117420785	0.46028948	Binding_K27	0.114888296	0.07069447	0.27712232
D46L	D46L	46	46	0.723359	0.8439093	0.6975062	1.0537515	0.6981114	0.83216894	0.7797473	0.6379322	0.83034	0.7418526	10	0.7838679	0.116661005	0.45731115	Binding_K27	0.47193626	0.07023704	0.2753292
D46M	D46M	46	46	0.55058753	0.520721	0.483268	0.9676822	0.456194	0.6699175	0.82182306	0.6980818	0.78478855	0.68099964	10	0.6634063	0.16412784	0.6433812	Binding_K27	0.39941105	0.09881497	0.3873547
D46N	D46N	46	46	0.2681593	0.2935423	0.35789922	0.39623725	0.3278707	0.3557029	0.529001	0.26900902	0.30705658	0.29446396	10	0.33989424	0.07825592	0.30676323	Binding_K27	0.20463705	0.047114838	0.18469016
D46P	D46P	46	46	0.13521588	0.448607	0.1180108	0.24310578	0.46168557	0.26197797	0.24580725	0.3521203	0.25742427	0.55701464	10	0.30809695	0.1437783	0.5636109	Binding_K27	0.18549314	0.0865633	0.33932814
D46Q	D46Q	46	46	-0.08186693	-0.032854512	0.21899638	0.06502374	-0.079110004	0.13543236	0.39596054	0.28148782	0.26447615	0.23388629	10	0.14014319	0.16627918	0.6518144	Binding_K27	0.08437474	0.1001102	0.392432
D46R	D46R	46	46	0.42762685	0.34881282	0.4131	0.38837454	0.22181493	0.22374636	0.21253753	0.44283915	0.33331951	0.32854727	10	0.33407187	0.08792004	0.34464657	Binding_K27	0.20113164	0.052933224	0.20749824
D46S	D46S	46	46	0.3761751	0.3058363	0.2975658	0.30198753	0.39307323	0.2691899	0.35398218	0.15844876	0.18401521	0.3369982	10	0.29772723	0.076868564	0.30132478	Binding_K27	0.17924994	0.04627956	0.18141589
D46T	D46T	46	46	0.19091178	0.28067204	0.1990618	0.44602844	0.1518672	0.4196469	0.4451572	0.13873456	0.33937824	0.2516517	10	0.286311	0.11978537	0.46955866	Binding_K27	0.17237668	0.072118096	0.28270295
D46V	D46V	46	46	0.86426985	0.7047783	0.86286575	0.7337221	0.7751437	0.70434916	0.7150185	0.7407265	0.7797636	0.68235886	10	0.7562996	0.064287975	0.25200886	Binding_K27	0.45533848	0.038705282	0.15172471
D46W	D46W	46	46	1.0820705	0.7899493	0.9310685	1.0166101	0.93266976	0.5016085	0.8509441	0.87328374	0.8248673	0.9345587	10	0.8737631	0.1572976	0.6166066	Binding_K27	0.5260587	0.09470274	0.37123477
D46Y	D46Y	46	46	0.8509844	0.70829356	0.530077	0.8174877	0.8425157	0.70451504	0.9022899	0.78688544	0.7960539	0.86996996	10	0.7809073	0.10903616	0.42742178	Binding_K27	0.47015378	0.06564642	0.25733396
D53A	D53A	53	53	1.4497553	1.1142212	1.1039344	1.6479913	1.2907721	1.4376466	1.4880222	1.4615049	1.375165	1.4402176	10	1.3809232	0.16890936	0.6621247	Binding_K27	0.8313999	0.101693735	0.39863944
D53C	D53C	53	53	1.3893965	1.2286675	1.6062727	1.2322314	1.0265859	1.4720856	1.1315473	1.6114464	1.6142393	1.2673198	10	1.3579792	0.21276432	0.8340362	Binding_K27	0.81758624	0.1280971	0.50214064
D53E	D53E	53	53	-0.14700885	-0.22264291	-0.43864825	-0.29619148	-0.3266614	-0.2697786	-0.17924239	-0.1492657	-0.21282515	0.09831098	10	-0.21439536	0.14162754	0.55517995	Binding_K27	-0.12907907	0.08526841	0.33425218
D53F	D53F	53	53	2.089574	1.8228657	2.505952	1.9502662	1.9484828	1.8714358	2.3600688	2.4239233	2.0849571	2.1743574	10	2.1231885	0.2385765	0.9352199	Binding_K27	1.278289	0.1436376	0.5630594
D53G	D53G	53	53	1.2169309	1.3705018	1.1626524	1.1054461	1.1948154	1.183913	1.2009687	1.2785237	1.086308	1.4742527	10	1.2274313	0.11867839	0.4652193	Binding_K27	0.73898846	0.07145163	0.2800904
D53H	D53H	53	53	0.47098073	0.1950959	0.21154112	0.56661105	0.62792164	0.41666505	0.44324932	0.40809187	0.34798446	0.44373617	10	0.41318774	0.13635787	0.5345229	Binding_K27	0.24876422	0.08209576	0.32181537
D53I	D53I	53	53	2.9176722	2.4293506	1.9775425	1.9834924	2.552368	2.3317487	2.020068	1.985913	2.439295	1.9589665	10	2.2596416	0.3271995	1.282622	Binding_K27	1.360442	0.19699404	0.7722166
D53K	D53K	53	53	0.9016572	1.0686456	1.0665638	1.06044	0.80426514	1.1191554	0.9183083	1.0088367	1.0292567	0.96550244	10	0.99426305	0.09629004	0.37745696	Binding_K27	0.598607	0.057972472	0.2272521
D53L	D53L	53	53	1.3202401	1.5592555	1.212602	1.6001471	1.2422926	1.8468099	2.0115547	1.7373886	1.3311827	1.3648437	10	1.5226316	0.27382642	1.0733995	Binding_K27	0.9167171	0.1648602	0.64625204
D53M	D53M	53	53	2.0666296	1.5804557	1.3137205	1.7878395	1.589364	1.273572	2.2804623	1.2594956	0.8839277	1.5117859	10	1.5547252	0.41110268	1.6115226	Binding_K27	0.9360393	0.24750888	0.9702349
D53N	D53N	53	53	0.27284327	0.29029498	0.14621553	0.35067216	0.29502118	0.10544771	0.43443564	0.29609728	0.12545513	0.4020541	10	0.2718537	0.11351523	0.4449797	Binding_K27	0.16367249	0.06834309	0.2679049
D53P	D53P	53	53	1.9760293	2.6128106	1.8062282	2.7467802	1.9870957	2.145536	2.423232	2.3469055	2.3549302	2.7149513	10	2.3114498	0.32647547	1.2797838	Binding_K27	1.3916337	0.19655813	0.7705079
D53Q	D53Q	53	53	0.9009231	0.86768246	0.6269539	0.6393547	0.68143785	0.742417	0.959867	0.5559491	0.6446716	0.52089506	10	0.7140151	0.1494813	0.5859667	Binding_K27	0.42988065	0.08999685	0.35278767
D53R	D53R	53	53	1.9582275	2.1241274	1.2498908	1.3214563	1.3772821	1.474906	1.3563607	1.4364525	1.483143	1.4860481	10	1.5267894	0.28433195	1.1145812	Binding_K27	0.9192203	0.17118517	0.67104584
D53S	D53S	53	53	0.5894544	0.51163954	0.49428728	0.5709821	0.8444324	0.42135444	0.47162992	0.4161061	0.40724158	0.3679514	10	0.50950795	0.1378435	0.54034656	Binding_K27	0.30675486	0.08299019	0.32532156
D53T	D53T	53	53	0.81238556	0.6970705	0.8361573	0.6688198	0.43545926	0.7465769	0.6609679	0.933431	1.06899	0.5936721	10	0.7453531	0.17863841	0.7002626	Binding_K27	0.44874802	0.10755122	0.4216008
D53V	D53V	53	53	1.1572677	1.2590272	1.4510123	1.0821716	1.2802751	1.1182652	1.1236935	1.1673031	0.89460707	1.0092018	10	1.1542825	0.15311044	0.60019296	Binding_K27	0.69494843	0.092181824	0.36135277
D53W	D53W	53	53	1.6039152	1.9540728	1.6316254	1.1269684	1.8055769	1.5019137	1.4054198	1.8054866	1.986568	1.5956086	10	1.6417154	0.26122853	1.0240159	Binding_K27	0.9884128	0.1572755	0.61652
D53Y	D53Y	53	53	0.77994317	0.7514143	0.65957934	0.8027681	0.8200401	0.8191328	0.7004741	0.6281221	0.6153997	0.61367947	10	0.71905535	0.08561915	0.33562708	Binding_K27	0.43291518	0.05154795	0.20206796
D56A	D56A	56	56	1.97481	2.0273771	1.9271905	2.240724	2.0263302	1.8396868	1.9835628	2.5035708	1.5918825	2.2831802	10	2.0398314	0.25293085	0.99148893	Binding_K27	1.2281029	0.1522798	0.5969368
D56C	D56C	56	56	2.361643	1.968216	2.0503917	2.1687703	1.789642	2.2915397	1.8865805	1.9415315	1.8543782	2.2629	10	2.0575593	0.20153262	0.7900079	Binding_K27	1.2387761	0.121334925	0.4756329
D56E	D56E	56	56	2.4080582	2.0672638	2.2171526	2.2561176	2.2066717	2.0911503	2.0855842	2.362526	1.9541471	2.222958	10	2.1871629	0.13947192	0.5467299	Binding_K27	1.3168054	0.0839706	0.32916474
D56F	D56F	56	56	3.4019346	3.2397215	3.0105705	3.0403564	3.1882186	3.0130177	2.7205167	3.190389	2.9098208	3.5409997	10	3.1255546	0.23895288	0.9366953	Binding_K27	1.8817744	0.1438642	0.5639477
D56G	D56G	56	56	2.937423	3.2718704	2.8654642	2.4883556	2.8995428	2.7784297	2.5964065	2.568261	2.9248776	2.8728044	10	2.8203435	0.22736125	0.8912561	Binding_K27	1.6980188	0.13688533	0.5365905
D56H	D56H	56	56	2.8631408	3.174824	2.9538279	2.1843426	2.6975029	2.0991244	3.1579812	2.5897768	1.7085423	2.9670196	10	2.6396081	0.49251887	1.930674	Binding_K27	1.589205	0.2965264	1.1623836
D56I	D56I	56	56	1.9161168	2.3181906	2.4265897	2.35607	2.812568	2.840966	2.2163477	2.3333929	2.2221684	2.2318509	10	2.3674262	0.27800643	1.0897852	Binding_K27	1.4253349	0.16737683	0.6561172
D56K	D56K	56	56	1.4534408	1.8885343	2.2931435	2.6533399	1.7538615	2.059759	1.8911874	2.350069	1.833614	1.4891728	10	1.9666122	0.38005304	1.489808	Binding_K27	1.1840205	0.22881511	0.89695525
D56L	D56L	56	56	3.4629767	2.7688096	3.0070953	2.5261073	2.429566	2.7003133	3.1516998	3.0910625	2.501934	2.6866128	10	2.8326178	0.33417335	1.3099595	Binding_K27	1.7054086	0.20119274	0.78867555
D56M	D56M	56	56	2.5135787	2.6448443	2.53034	2.0384007	2.2080824	2.7895265	2.5554082	2.2650104	2.2742536	2.702724	10	2.4522169	0.24306299	0.95280695	Binding_K27	1.476384	0.14633875	0.5736479
D56N	D56N	56	56	3.0311403	2.1043046	2.4325714	2.4292738	2.0053282	3.0014968	2.629774	1.4067674	1.9448186	2.7472923	10	2.3732767	0.5126428	2.0095599	Binding_K27	1.4288573	0.30864224	1.2098776
D56P	D56P	56	56	2.1210628	2.0756655	1.994025	1.6303024	1.9104213	1.912643	1.926262	2.0086768	2.191983	1.8506067	10	1.9621649	0.1574528	0.61721504	Binding_K27	1.1813428	0.09479619	0.37160107
D56Q	D56Q	56	56	1.7411463	2.2478254	2.614065	2.901189	2.4523082	2.4527345	2.4033623	2.4443402	2.3478465	2.6693952	10	2.427421	0.30359486	1.1900918	Binding_K27	1.4614555	0.18278262	0.7165079
D56R	D56R	56	56	3.1094613	3.2853062	3.0955951	2.5306587	3.3828986	3.2165663	2.8192225	2.4813793	3.5490508	2.5879905	10	3.0058131	0.37842247	1.4834161	Binding_K27	1.8096827	0.2278334	0.89310694
D56S	D56S	56	56	2.3850055	2.5464075	2.5697267	2.589441	2.440975	3.0707324	2.9253774	2.8370748	2.7880402	3.0486934	10	2.7201471	0.24752252	0.9702883	Binding_K27	1.6376945	0.14902365	0.5841727
D56T	D56T	56	56	2.34197	2.5287342	3.0795126	2.5984123	2.8166785	2.5790505	2.1841497	2.6673276	2.5101008	2.256848	10	2.5562787	0.26523897	1.0397367	Binding_K27	1.5390357	0.15969004	0.62598497
D56V	D56V	56	56	1.4779406	1.3960676	1.5054976	1.4633478	1.4792889	1.5638025	1.4744191	1.5257963	1.5164669	1.3290923	10	1.473172	0.06730104	0.26382008	Binding_K27	0.88693935	0.04051933	0.15883578
D56W	D56W	56	56	3.0196543	3.1943104	3.3747642	3.0805643	2.7215893	2.647641	2.6461587	2.6823676	2.3522098	3.3149226	10	2.903418	0.33966863	1.331501	Binding_K27	1.7480347	0.20450123	0.8016448
D56Y	D56Y	56	56	2.915436	2.607234	3.3016782	2.7121265	2.9062655	2.5092716	2.6815228	2.7006755	2.4896154	2.9184787	10	2.7742305	0.24343367	0.95426	Binding_K27	1.6702559	0.1465619	0.5745227
D68A	D68A	68	68	0.07129902	-0.021174407	0.002183952	0.029087199	0.035304014	0.14186457	0.045133725	0.16488256	-0.014684296	0.09671922	10	0.055061556	0.06344768	0.2487149	Binding_K27	0.033150416	0.03819937	0.14974153
D68C	D68C	68	68	0.81119853	0.75952554	0.5685888	0.63685507	0.57608014	0.5264868	0.58863103	0.7076584	0.4855711	0.46734402	10	0.61279386	0.115059815	0.4510345	Binding_K27	0.36893928	0.069273025	0.27155027
D68E	D68E	68	68	-0.17207852	-0.122993834	-0.14222609	-0.26190916	-0.2559821	-0.21413715	-0.1998365	-0.20709717	-0.20885824	-0.30449787	10	-0.20896165	0.0552364	0.21652669	Binding_K27	-0.12580766	0.03325568	0.13036227
D68F	D68F	68	68	0.48635975	0.3756341	0.40752894	0.71594083	0.5185372	0.6830807	0.6318062	0.5750257	0.5607272	0.51796263	10	0.5472603	0.110238746	0.43213588	Binding_K27	0.32948405	0.06637045	0.26017216
D68G	D68G	68	68	0.28984225	0.2850986	0.24419363	0.36638492	0.2645749	0.30290595	0.23626383	0.36988652	0.31328854	0.3431168	10	0.30155557	0.04722028	0.18510349	Binding_K27	0.18155484	0.028429488	0.111443594
D68H	D68H	68	68	0.25115055	0.18500084	0.12389244	0.048570313	0.1060084	-0.0958689	0.10245727	0.032436274	0.12000244	0.108687624	10	0.09823373	0.09231798	0.3618865	Binding_K27	0.059142694	0.055581056	0.21787775
D68I	D68I	68	68	0.3688778	0.6231955	0.26854157	0.61882216	0.29652613	0.47586194	0.41282403	0.4115627	0.2990299	0.52088547	10	0.42961273	0.12855972	0.5039541	Binding_K27	0.25865304	0.07740079	0.3034111
D68K	D68K	68	68	-0.00583732	-0.014539867	-0.028900933	-0.031376645	-0.093008205	0.08205255	0.073648185	-0.041696787	-0.17081591	-0.18481894	10	-0.041529387	0.08863175	0.34743646	Binding_K27	-0.025003223	0.053361718	0.20917794
D68L	D68L	68	68	0.3412908	0.20733485	0.26254463	0.23931319	0.24861255	0.24014553	0.20206815	0.34502754	0.3393858	0.23885298	10	0.2664576	0.05503351	0.21573135	Binding_K27	0.16042371	0.03313353	0.12988344
D68M	D68M	68	68	-0.03551876	0.011559332	-0.012958218	-0.083713725	-0.16599426	-0.13307749	0.04797001	0.01799642	-0.016444784	0.0656741	10	-0.030450735	0.07584403	0.2973086	Binding_K27	-0.018333199	0.045662727	0.17899789
D68N	D68N	68	68	0.36075795	0.15172175	0.07471373	0.22173825	0.279638	0.2794495	0.32088906	0.3670213	0.28302217	0.36380193	10	0.27027535	0.09652018	0.3783591	Binding_K27	0.16272224	0.05811103	0.22779524
D68P	D68P	68	68	1.160887	0.951139	0.9814232	1.0385503	1.0919515	0.9535062	1.057308	1.1493875	1.0052841	1.1685653	10	1.0558002	0.084080905	0.32959715	Binding_K27	0.6356561	0.05062183	0.19843757
D68Q	D68Q	68	68	-0.07439893	-0.20214967	-0.18973331	-0.1173421	-0.19764605	-0.30212906	-0.1693173	-0.1323078	-0.19922517	-0.15415779	10	-0.17384072	0.061406262	0.24071255	Binding_K27	-0.10466271	0.036970314	0.14492363
D68R	D68R	68	68	0.18962887	0.17034075	0.11584908	0.30514064	0.22067913	0.2189966	0.17374602	0.22569305	0.16158816	0.1414036	10	0.1923066	0.053310607	0.20897758	Binding_K27	0.115780294	0.032096237	0.12581725
D68S	D68S	68	68	0.03956186	0.078077905	-0.05571359	0.09308678	-0.0045585893	-0.0777426	0.034505233	0.09670649	0.07113138	0.05716984	10	0.033222474	0.060853776	0.2385468	Binding_K27	0.020001955	0.036637682	0.14361972
D68T	D68T	68	68	0.2378372	0.23415689	0.24938667	0.26093814	0.20475343	0.22022253	0.18177693	0.20351537	0.16714683	0.21994446	10	0.21796784	0.029392948	0.11522036	Binding_K27	0.13122992	0.017696347	0.06936968
D68V	D68V	68	68	0.55499095	0.54121846	0.5420988	0.57357746	0.4427107	0.36297548	0.45441413	0.57642686	0.56166834	0.5847463	10	0.51948273	0.07384291	0.28946424	Binding_K27	0.3127603	0.044457935	0.17427512
D68W	D68W	68	68	0.23334725	0.28566423	0.24013695	0.33951262	0.32693124	0.37849298	0.2646512	0.660336	0.65548486	0.3737378	10	0.37582952	0.15708333	0.6157667	Binding_K27	0.22627228	0.09457374	0.3707291
D68Y	D68Y	68	68	0.28486875	0.3269778	0.31958804	0.2778407	0.34695292	0.48347118	0.40935946	0.26769495	0.45377985	0.13925903	10	0.3309793	0.100327015	0.3932819	Binding_K27	0.19926971	0.060402982	0.23677969
D91A	D91A	91	91	0.22571532	0.20526238	0.11479514	0.11726511	0.018745417	0.09600701	0.16062295	0.27199358	0.27389172	0.1780034	10	0.1662302	0.081469245	0.31935945	Binding_K27	0.10008071	0.049049452	0.19227386
D91C	D91C	91	91	0.3287759	0.17709063	0.4830508	0.20791374	0.30042642	0.5557386	0.6255318	0.24960622	0.33681262	0.1960456	10	0.3460992	0.15731971	0.61669326	Binding_K27	0.20837282	0.09471606	0.37128696
D91E	D91E	91	91	-0.2947618	-0.15592927	-0.07311026	-0.07396416	-0.21348663	-0.12572779	-0.131126	-0.2581239	-0.13685226	0.022267686	10	-0.14408144	0.09360083	0.36691526	Binding_K27	-0.08674581	0.05635341	0.22090536
D91F	D91F	91	91	0.511814	0.39371514	0.45211482	0.41436738	0.32189593	0.29109114	0.46190304	0.35398853	0.2996499	0.4578175	10	0.39583573	0.07645933	0.2997206	Binding_K27	0.23831724	0.04603318	0.18045007
D91G	D91G	91	91	0.34095109	0.35406032	0.33718142	0.3039172	0.3739218	0.22942239	0.23392645	0.3038255	0.25115347	0.28804627	10	0.3016406	0.050908692	0.19956207	Binding_K27	0.18160604	0.030650137	0.12014854
D91H	D91H	91	91	-0.06889034	0.089099504	0.28450352	0.14169016	0.05071458	-0.009598662	0.18574072	0.1939657	-0.09058671	-0.18631116	10	0.059032727	0.14778307	0.57930964	Binding_K27	0.0355413	0.088974416	0.3487797
D91I	D91I	91	91	0.4804174	0.30514485	0.36445165	0.4044901	0.39630714	0.4581681	0.38925466	0.39329088	0.45047212	0.35991338	10	0.40019107	0.052132256	0.20435844	Binding_K27	0.24093942	0.031386796	0.12303624
D91K	D91K	91	91	0.26105782	0.23510128	0.13868128	0.3852593	0.3309075	0.0710025	0.1706054	0.39227828	0.38107654	0.14058562	10	0.25065556	0.117998205	0.46255296	Binding_K27	0.15090993	0.07104211	0.2784851
D91L	D91L	91	91	0.10306917	0.12543148	-0.012049435	0.07210183	0.114727564	0.1028189	0.030437661	0.08157464	0.046412215	-0.025755236	10	0.06387688	0.0527363	0.2067263	Binding_K27	0.038457777	0.03175047	0.124461845
D91M	D91M	91	91	0.16520464	0.19604145	0.23905921	0.06703367	0.1325452	-0.015464588	0.06327322	0.19380601	0.0842871	0.14840701	10	0.1274193	0.0771085	0.30226535	Binding_K27	0.07671418	0.04642402	0.18198216
D91N	D91N	91	91	0.36931506	0.2620222	0.24826448	0.21565816	0.20491251	0.40159917	0.21090123	0.16077833	0.27061644	0.2757837	10	0.26198512	0.07432721	0.29136267	Binding_K27	0.15773101	0.04474951	0.17541808
D91P	D91P	91	91	0.36439762	0.07073093	0.3678375	0.4776549	0.37963867	0.6102896	0.56885517	0.17450921	0.29335636	-0.087131284	10	0.32201388	0.2182242	0.8554389	Binding_K27	0.19387199	0.13138427	0.51502633
D91Q	D91Q	91	91	0.27669945	0.13504331	0.18409604	-0.05306163	0.3048291	-0.19181545	-0.033554893	-0.27139923	-0.13958721	0.24794233	10	0.04591918	0.20972942	0.8221393	Binding_K27	0.027646147	0.12626989	0.49497798
D91R	D91R	91	91	0.06174294	0.13190714	0.13062687	0.30776215	0.26359934	0.2328779	0.20011038	0.378948	0.3016274	0.104514964	10	0.2113717	0.102998145	0.40375274	Binding_K27	0.12725866	0.062011164	0.24308376
D91S	D91S	91	91	0.0578845	0.21331058	0.12620768	0.21677697	0.22234207	0.08815199	0.2580974	0.25042385	0.08886694	0.19657058	10	0.17186327	0.07414201	0.2906367	Binding_K27	0.103472166	0.04463801	0.17498101
D91T	D91T	91	91	0.22127119	0.11691547	0.07136447	0.11645982	0.161445	-0.052857205	-0.03749608	0.23155482	0.32389393	0.18246627	10	0.13350177	0.11791801	0.4622386	Binding_K27	0.08037621	0.07099383	0.27829584
D91V	D91V	91	91	0.20474032	0.33432606	0.23749705	0.33669356	0.31927335	0.17727913	0.18876418	0.23433545	0.33820334	0.29228997	10	0.26634023	0.064817674	0.2540853	Binding_K27	0.16035305	0.039024193	0.15297484
D91W	D91W	91	91	0.3760298	0.009862776	0.24422425	0.13779622	0.27449167	0.1531648	0.17015724	0.30305865	0.31212276	0.25190967	10	0.22328179	0.10649136	0.41744614	Binding_K27	0.13442925	0.06411429	0.25132802
D91Y	D91Y	91	91	0.19276756	0.19528003	0.2690964	0.39105314	0.29150876	0.23914188	0.39541835	0.37204054	0.29046327	0.23997027	10	0.287674	0.075979754	0.29784065	Binding_K27	0.1731973	0.045744445	0.17931823
E106A	E106A	106	106	-0.179013	-0.24612772	-0.06946318	-0.1257866	-0.06694008	-0.06557322	-0.21257646	-0.11494495	-0.051772792	-0.16322467	10	-0.12954228	0.06828417	0.26767394	Binding_K27	-0.07799235	0.041111235	0.16115604
E106C	E106C	106	106	-0.09003522	-0.111412466	-0.09970225	-0.024141362	-0.04496761	-0.24644737	-0.07965147	-0.20432015	-0.08493391	-0.11213796	10	-0.10977497	0.06763885	0.26514432	Binding_K27	-0.066091225	0.040722713	0.15963304
E106D	E106D	106	106	-0.15477215	-0.19171618	-0.23993766	-0.11901248	-0.046231013	-0.11526206	-0.17807229	-0.17970717	-0.22033635	-0.24049868	10	-0.16855459	0.061600685	0.24147469	Binding_K27	-0.10148014	0.03708737	0.1453825
E106F	E106F	106	106	-0.28483614	-0.2315499	-0.1403524	-0.20635541	-0.21201953	-0.26218328	-0.28859785	-0.11088057	-0.13527565	-0.028736053	10	-0.19007868	0.0844131	0.33089936	Binding_K27	-0.11443895	0.05082183	0.19922158
E106G	E106G	106	106	-0.07532138	-0.038367324	-0.042186677	-0.03407001	-0.03641359	-0.14888915	-0.17732584	-0.16268848	-0.055487998	-0.01925716	10	-0.07900076	0.060120545	0.23567255	Binding_K27	-0.047563277	0.036196236	0.14188924
E106H	E106H	106	106	-0.08463565	0.06945651	-0.018899288	0.028405774	0.15978438	0.029678268	-0.011438467	0.12829484	0.115288556	0.0036764874	10	0.04196114	0.07590295	0.29753956	Binding_K27	0.025263166	0.045698203	0.17913696
E106I	E106I	106	106	-0.1506483	-0.098581806	-0.096661285	-0.07893114	-0.25851706	-0.17259325	-0.1230606	-0.2031108	-0.1785129	-0.18226433	10	-0.15428814	0.055820186	0.21881513	Binding_K27	-0.092890866	0.033607155	0.13174005
E106K	E106K	106	106	-0.1622504	-0.12771095	0.15145406	-0.17319342	-0.08509986	-0.19367847	-0.11822829	-0.27072018	-0.087915644	-0.22772975	10	-0.12950729	0.11520941	0.45162088	Binding_K27	-0.07797129	0.06936309	0.2719033
E106L	E106L	106	106	-0.22609617	-0.19411685	-0.15882994	-0.3288214	-0.23755713	-0.25628754	-0.23387706	-0.2049077	-0.25161475	-0.20054807	10	-0.22926566	0.045772027	0.17942636	Binding_K27	-0.1380319	0.027557552	0.1080256
E106M	E106M	106	106	-0.29064545	-0.16789305	-0.34316513	-0.25618175	-0.06565137	-0.25355065	-0.059427388	-0.33820292	-0.24120554	-0.32328084	10	-0.23392041	0.10438611	0.40919358	Binding_K27	-0.14083435	0.0628468	0.24635947
E106N	E106N	106	106	0.09871475	0.21164913	0.06637399	0.107516035	-0.06955411	0.06018721	0.10275376	-0.047685217	0.14337574	0.08802421	10	0.07613555	0.083090514	0.32571483	Binding_K27	0.045838244	0.050025556	0.19610019
E106P	E106P	106	106	-0.14776985	-0.09114748	-0.08093726	-0.18155769	-0.105749734	-0.13985798	0.084284276	-0.07928586	-0.07294768	-0.18415558	10	-0.09991248	0.07688431	0.30138648	Binding_K27	-0.060153406	0.04628904	0.18145305
E106Q	E106Q	106	106	0.0064615468	-0.07781632	-0.13720572	0.13959175	-0.062665254	-0.18204555	-0.06827173	-0.08069547	-0.13548705	-0.20737475	10	-0.08055086	0.09951288	0.3900905	Binding_K27	-0.048496526	0.059912823	0.23485827
E106R	E106R	106	106	-0.12252115	-0.060754377	-0.10963383	-0.16154997	-0.14707938	-0.015347791	-0.0031483823	-0.046414994	-0.0032374323	-0.08138065	10	-0.07510679	0.05876095	0.23034292	Binding_K27	-0.04521887	0.035377674	0.13868049
E106S	E106S	106	106	-0.1111736	-0.10349811	-0.12547505	-0.11947611	-0.056197107	0.002894326	-0.024161221	-0.0111586265	-0.066024706	-0.1637492	10	-0.07780194	0.055383883	0.21710482	Binding_K27	-0.046841513	0.033344474	0.13071033
E106T	E106T	106	106	-0.03022659	0.040893722	-0.07447701	-0.12604688	-0.06022074	0.059185352	-0.09672734	-0.087418936	-0.094287515	-0.061533857	10	-0.053085983	0.060225148	0.23608258	Binding_K27	-0.031960998	0.03625921	0.14213611
E106V	E106V	106	106	-0.03666269	-0.08814374	-0.13611937	-0.015405252	-0.15119655	-0.091471985	-0.14810072	-0.09783232	-0.038199265	-0.14780861	10	-0.09509405	0.05108769	0.20026374	Binding_K27	-0.057252415	0.030757904	0.12057099
E106W	E106W	106	106	-0.040224902	0.065693974	-0.026745182	-0.0059297406	0.113503	-0.070295714	-0.0024326479	0.04731687	-0.015195209	-0.08344217	10	-0.0017751716	0.06138712	0.24063753	Binding_K27	-0.0010687616	0.03695879	0.14487846
E106Y	E106Y	106	106	-0.4769585	-0.4342164	-0.4340294	-0.51292044	-0.3878714	-0.42757314	-0.46808836	-0.42589328	-0.5710275	-0.42794517	10	-0.45665234	0.052865352	0.20723219	Binding_K27	-0.27493256	0.031828165	0.12476641
E142A	E142A	142	142	-0.14991862	-0.4263721	-0.07000413	-0.251413	-0.38928923	-0.21351962	-0.15731435	-0.2246181	-0.42689234	-0.21957083	10	-0.25289124	0.12275737	0.4812089	Binding_K27	-0.15225595	0.07390742	0.28971708
E142C	E142C	142	142	0.11000309	0.16391194	0.10149392	0.32762107	0.0054435795	0.046577085	-0.034516316	-0.25742576	0.23526844	-0.26847512	10	0.04299019	0.19299148	0.7565266	Binding_K27	0.025882715	0.11619264	0.45547515
E142D	E142D	142	142	-0.33196804	-0.25415134	-0.12252677	-0.37883627	-0.32143164	-0.065410644	-0.029526254	-0.08435963	-0.013058756	-0.0546107	10	-0.165588	0.14058197	0.5510813	Binding_K27	-0.09969407	0.084638916	0.33178455
E142F	E142F	142	142	0.514634	0.4471026	0.53153414	0.75694346	0.34982857	0.18878302	0.2671362	0.47223303	0.3128824	0.31181762	10	0.4152895	0.16434976	0.6442511	Binding_K27	0.2500296	0.09894858	0.38787845
E142G	E142G	142	142	-0.07790768	-0.16251352	0.033381842	-0.26199484	-0.15802725	-0.17130244	-0.28576127	-0.18014035	0.0052910396	-0.21879485	10	-0.14777693	0.10550516	0.41358024	Binding_K27	-0.08897072	0.06352054	0.24900053
E142H	E142H	142	142	0.1382533	-0.091927215	0.022733573	-0.40171212	0.004425852	-0.00335517	-0.10282578	-0.40337214	-0.08040702	-0.11193284	10	-0.10301195	0.1750069	0.68602705	Binding_K27	-0.062019475	0.10536482	0.41303012
E142I	E142I	142	142	0.19513358	0.5365762	0.33504236	0.20764183	0.34260368	0.06958164	0.4506942	0.42680782	0.13216512	0.15981907	10	0.28560656	0.15497938	0.60751915	Binding_K27	0.17195256	0.09330703	0.36576357
E142K	E142K	142	142	0.12186898	0.0064249216	-0.0015240401	0.07086654	-0.18446203	-0.20447873	-0.27425575	-0.020877067	-0.19006409	0.07417812	10	-0.06023232	0.1401408	0.54935193	Binding_K27	-0.03626353	0.08437331	0.33074337
E142L	E142L	142	142	0.21254712	0.32442608	0.47651982	0.3820673	-0.09384603	0.16419792	0.16737166	0.2624894	0.254787	0.19533664	10	0.2345897	0.15235437	0.5972292	Binding_K27	0.1412373	0.09172662	0.35956836
E142M	E142M	142	142	0.43087605	0.2121576	0.16422507	-0.23658669	-0.09475827	-0.24490532	-0.087513365	0.3230399	0.079773754	0.4523653	10	0.0998674	0.25945294	1.0170555	Binding_K27	0.060126267	0.15620649	0.6123294
E142N	E142N	142	142	-0.20974925	-0.09147358	-0.08168812	-0.096749425	-0.080387056	-0.014633536	0.23345193	0.13909969	-0.005890168	-0.075658895	10	-0.028367842	0.12764183	0.50035596	Binding_K27	-0.01707917	0.076848164	0.3012448
E142P	E142P	142	142	-0.21283801	-0.18442847	-0.17721377	-0.1853186	-0.30509502	-0.17647542	0.08669834	-0.16862491	-0.5714681	-0.4762498	10	-0.23710136	0.18149322	0.71145344	Binding_K27	-0.14274947	0.109269984	0.42833835
E142Q	E142Q	142	142	0.08884452	-0.11392963	-0.13012433	-0.22609602	-0.32175535	-0.07710207	-0.09039424	0.08208812	-0.023531986	0.095218286	10	-0.071678266	0.13806134	0.54120046	Binding_K27	-0.043154687	0.083121344	0.32583568
E142R	E142R	142	142	0.0061869402	0.070403986	-0.041223887	0.008426735	0.05486992	0.061238103	0.13341105	0.17425436	0.032182626	0.09005078	10	0.05898006	0.063287444	0.24808678	Binding_K27	0.03550959	0.0381029	0.14936337
E142S	E142S	142	142	0.12036908	0.04294882	-0.117570974	-0.13225412	-0.23669292	-0.11064341	-0.05353917	-0.025420435	0.01578564	-0.07730358	10	-0.057432108	0.10147036	0.39776382	Binding_K27	-0.03457763	0.06109134	0.23947807
E142T	E142T	142	142	-0.00079196563	0.19974816	0.07966485	0.05886932	0.024596578	-0.015796801	-0.045611154	-0.035756834	-0.034083664	0.017411513	10	0.024825003	0.07395761	0.28991383	Binding_K27	0.0149461655	0.04452699	0.17454581
E142V	E142V	142	142	0.45094374	0.50239825	0.24160396	0.10490181	-0.26835534	0.1392404	-0.024615498	-0.20208529	0.19408877	0.035200972	10	0.117332175	0.24926986	0.97713786	Binding_K27	0.07064112	0.15007566	0.5882966
E142W	E142W	142	142	0.50691223	0.25199786	0.5045302	-0.07745355	0.12300139	-0.13550976	0.31857726	0.057093833	-0.06594529	0.25484577	10	0.173805	0.23249123	0.9113656	Binding_K27	0.10464121	0.1399739	0.54869765
E142Y	E142Y	142	142	0.4569691	0.6856819	0.39476565	0.29582846	0.2108375	0.16281822	0.2869342	0.5240937	0.061757002	0.78171	10	0.38613957	0.22952832	0.89975107	Binding_K27	0.23247957	0.13819005	0.541705
E161A	E161A	161	161	-0.16582924	-0.4027878	-0.29498807	-0.3072799	-0.07805939	-0.09819241	-0.039098166	-0.17364568	-0.03963985	-0.18516847	10	-0.17846891	0.12290013	0.48176852	Binding_K27	-0.10744917	0.07399337	0.29005402
E161C	E161C	161	161	0.07039171	0.009144941	-0.13274957	-0.009560816	-0.045780346	-0.11967928	0.10225993	0.11133156	-0.054553952	0.06340294	10	-0.00057928934	0.08756964	0.34327298	Binding_K27	-0.0003487675	0.05272226	0.20667127
E161D	E161D	161	161	-0.37212908	-0.21203241	-0.34876117	-0.35253766	-0.1409304	-0.33848518	-0.23298724	-0.31462613	-0.16316615	-0.23820859	10	-0.2713864	0.08427596	0.33036178	Binding_K27	-0.16339117	0.050739266	0.19889793
E161F	E161F	161	161	0.10138643	-0.28668013	-0.0065580257	-0.047488555	-0.01905101	-0.1466901	-0.033364736	-0.118880644	0.15828076	0.13503169	10	-0.026401436	0.1367096	0.53590167	Binding_K27	-0.015895274	0.08230752	0.3226455
E161G	E161G	161	161	-0.325937	-0.38763544	-0.2108392	-0.4241854	-0.34995738	-0.2995496	-0.5214753	-0.57092106	-0.4562803	-0.39395994	10	-0.39407405	0.10615636	0.41613293	Binding_K27	-0.2372566	0.0639126	0.2505374
E161H	E161H	161	161	-0.25278088	-0.2771761	-0.2515081	-0.21966423	-0.1684427	-0.33384502	-0.10896038	0.006114217	-0.15575266	-0.10226979	10	-0.18642858	0.100626126	0.39445442	Binding_K27	-0.11224137	0.060583062	0.2374856
E161I	E161I	161	161	0.04240831	0.09274627	-0.0017271744	-0.016530942	-0.058741372	0.006272317	-0.06324115	0.22809741	0.025501387	-0.076966286	10	0.017781878	0.09043508	0.3545055	Binding_K27	0.010705775	0.05444743	0.21343394
E161K	E161K	161	161	-0.3560892	-0.2320005	-0.35825968	-0.22825387	-0.25364572	-0.15119168	-0.30558598	0.027928008	-0.27055535	-0.3015209	10	-0.24291746	0.11375286	0.4459112	Binding_K27	-0.14625113	0.068486154	0.26846573
E161L	E161L	161	161	-0.40738177	-0.20107241	-0.24092	-0.26937017	-0.42533338	-0.26850986	-0.3636068	-0.3259351	-0.30951232	-0.3660033	10	-0.31776452	0.07337561	0.2876324	Binding_K27	-0.19131361	0.044176593	0.17317225
E161M	E161M	161	161	-0.46013534	-0.39184064	-0.34748104	-0.5071032	-0.5140405	-0.34446955	-0.728213	-0.37149256	-0.35363021	-0.548717	10	-0.4567123	0.12231178	0.47946218	Binding_K27	-0.27496865	0.07363915	0.28866547
E161N	E161N	161	161	-0.5641396	-0.4118343	-0.49568844	-0.5072967	-0.28378206	-0.34701157	-0.35779664	-0.5355572	-0.5275404	-0.44874883	10	-0.44793957	0.094211906	0.36931068	Binding_K27	-0.26968694	0.05672131	0.22234754
E161P	E161P	161	161	0.21981427	0.85089386	0.66483825	1.7487986	1.8289798	1.3066974	1.1605228	1.4825779	0.32183662	0.36484575	10	0.99498045	0.59693193	2.3399732	Binding_K27	0.5990389	0.35938942	1.4088066
E161Q	E161Q	161	161	-0.3901776	-0.12785196	-0.2805322	-0.17254739	-0.056658566	-0.59408486	-0.20445497	-0.21149038	-0.31954667	-0.1422435	10	-0.2499588	0.15537834	0.6090831	Binding_K27	-0.15049043	0.09354723	0.36670515
E161R	E161R	161	161	-0.08128319	-0.12405356	-0.33042893	-0.11806697	-0.113028795	-0.11045744	-0.06989691	-0.11319395	-0.22645706	-0.29537508	10	-0.1582242	0.0918782	0.36016256	Binding_K27	-0.09526061	0.055316277	0.2168398
E161S	E161S	161	161	-0.3146662	-0.37160408	-0.35946605	-0.34973076	-0.23598847	-0.21971183	-0.33382538	-0.30729553	-0.24365869	-0.37676424	10	-0.31127113	0.058584563	0.2296515	Binding_K27	-0.1874042	0.03527148	0.13826421
E161T	E161T	161	161	-0.29933947	-0.35714537	-0.3680023	-0.299698	-0.33961156	-0.2961316	-0.3559261	-0.39862168	-0.348247	-0.4075216	10	-0.3470245	0.039586894	0.15518063	Binding_K27	-0.20892991	0.023833724	0.0934282
E161V	E161V	161	161	0.4031919	0.29611298	0.29013273	0.18663444	0.20081346	0.4169093	0.4892789	0.39061248	0.12851389	0.31763023	10	0.31198305	0.11519937	0.45158154	Binding_K27	0.18783282	0.069357045	0.2718796
E161W	E161W	161	161	-0.4574303	-0.36404663	-0.3706589	-0.07302548	-0.42757025	-0.40707168	-0.65229803	-0.525705	-0.30363467	-0.30816418	10	-0.3889605	0.15243639	0.5975507	Binding_K27	-0.23417795	0.091776	0.35976192
E161Y	E161Y	161	161	0.2254973	0.35917035	0.1042297	-0.015131435	0.1524006	-0.16037296	0.06800535	0.30158943	0.029113445	0.1475764	10	0.12120782	0.15318273	0.6004763	Binding_K27	0.072974496	0.09222534	0.36152336
E167A	E167A	167	167	-0.2714308	-0.39507586	-0.38938227	-0.38053846	-0.2683928	-0.21782865	-0.1292161	-0.27421013	-0.2176056	-0.18252826	10	-0.2726209	0.091291316	0.35786197	Binding_K27	-0.1641344	0.054962937	0.21545471
E167C	E167C	167	167	-0.6178583	-0.82412285	-0.659526	-0.528392	-0.5346966	-0.61549056	-0.44105044	-0.41279557	-0.46485785	-0.48896715	10	-0.5587757	0.12366319	0.4847597	Binding_K27	-0.33641705	0.07445278	0.29185492
E167D	E167D	167	167	-0.3148938	-0.44983622	-0.53830194	-0.25081983	-0.35155517	-0.3234298	-0.46261355	-0.3549679	-0.5690709	-0.39770833	10	-0.40131974	0.102111	0.4002751	Binding_K27	-0.24161896	0.061477046	0.24099003
E167F	E167F	167	167	-0.03430418	-0.14915302	-0.009062594	0.036144853	0.19306667	0.108170174	-0.0752329	0.061566398	0.023111548	0.016203646	10	0.01705106	0.09494281	0.3721758	Binding_K27	0.010265778	0.05716136	0.22407255
E167G	E167G	167	167	-0.45592725	-0.5460612	-0.38701665	-0.4988355	-0.4630489	-0.426995	-0.38298878	-0.4818799	-0.47732717	-0.6014649	10	-0.47215453	0.0671658	0.26328993	Binding_K27	-0.28426582	0.040437907	0.1585166
E167H	E167H	167	167	-0.35329512	-0.4326512	-0.2675342	-0.28403333	-0.3837803	-0.5082454	-0.30830446	-0.1629164	-0.24127384	-0.57271695	10	-0.35147512	0.1257503	0.4929412	Binding_K27	-0.21160945	0.07570935	0.29678065
E167I	E167I	167	167	-0.19084494	-0.23626988	-0.25968945	-0.1895792	-0.09258359	-0.16868438	-0.17024802	-0.29602605	-0.17411296	-0.3431971	10	-0.21212354	0.07257304	0.28448632	Binding_K27	-0.12771131	0.043693397	0.17127812
E167K	E167K	167	167	-0.26086178	-0.1838918	-0.12071135	-0.18052036	-0.46756563	-0.59356403	-0.32803392	-0.039638873	0.04315928	-0.124922805	10	-0.22565512	0.19362143	0.758996	Binding_K27	-0.13585815	0.1165719	0.45696187
E167L	E167L	167	167	-0.21927866	-0.22034308	-0.17978914	-0.23653293	-0.32880178	-0.29354182	-0.26319999	-0.17499068	-0.28811055	-0.2236347	10	-0.24282233	0.049969837	0.19588177	Binding_K27	-0.14619385	0.03008489	0.11793277
E167M	E167M	167	167	-0.1798559	-0.39044628	-0.2271015	-0.47251567	-0.19240168	-0.22354081	-0.26793823	-0.2364092	-0.2686543	-0.22754419	10	-0.26864082	0.09224637	0.36160576	Binding_K27	-0.16173816	0.05553794	0.21770872
E167N	E167N	167	167	-0.033162232	-0.047444373	0.03417176	0.032926977	-0.10956836	0.060252186	-0.14213628	0.024577988	-0.018516703	-0.07598935	10	-0.027488839	0.06716963	0.26330495	Binding_K27	-0.016549958	0.040440213	0.15852563
E167P	E167P	167	167	-0.5366955	-0.49792445	-0.6273231	-0.21419528	-0.5263125	-0.32846004	-0.5585749	-0.35774663	-0.5927323	-0.62693536	10	-0.48669004	0.13983007	0.54813385	Binding_K27	-0.2930171	0.084186226	0.33001003
E167Q	E167Q	167	167	-0.38296136	-0.046258174	-0.1646035	-0.02249505	-0.39419964	-0.121773005	-0.4766419	-0.2977897	-0.31536454	-0.51599306	10	-0.273808	0.17590503	0.6895477	Binding_K27	-0.16484912	0.105905555	0.41514978
E167R	E167R	167	167	-0.38003066	-0.41078216	-0.38014007	-0.33894166	-0.39586842	-0.31386158	-0.4658273	-0.49789533	-0.56471366	-0.47782117	10	-0.4225882	0.0775139	0.3038545	Binding_K27	-0.25442386	0.046668097	0.18293895
E167S	E167S	167	167	-0.3481787	-0.3440953	-0.25822648	-0.2862267	-0.22211306	-0.21344474	-0.23979637	-0.31706715	-0.42946726	-0.24046506	10	-0.28990808	0.06909091	0.27083638	Binding_K27	-0.17454234	0.04159694	0.16306001
E167T	E167T	167	167	-0.2027413	-0.3054704	-0.11047205	-0.27848008	-0.22986813	-0.33789375	-0.34162882	0.1023529	-0.16934964	-0.30348873	10	-0.21770401	0.1354842	0.53109807	Binding_K27	-0.13107109	0.08156975	0.31975344
E167V	E167V	167	167	-0.18613075	-0.2391388	-0.16795023	-0.27537334	-0.35744134	-0.1307481	-0.17344092	-0.28911567	-0.17762229	-0.22886394	10	-0.22258253	0.069038875	0.2706324	Binding_K27	-0.13400826	0.041565612	0.16293721
E167W	E167W	167	167	-0.7230916	-0.48378736	-0.5578375	-0.61644447	-0.51662165	-0.7764731	-0.6474012	-0.72927207	-0.31920305	-0.5737126	10	-0.5943844	0.13621081	0.5339464	Binding_K27	-0.35785565	0.082007214	0.3214683
E167Y	E167Y	167	167	-0.7172075	-0.8232765	-0.87530744	-0.57542133	-0.6941146	-0.6398752	-0.49015504	-0.5119068	-0.7073461	-0.8081295	10	-0.684274	0.13084435	0.5129099	Binding_K27	-0.41197467	0.07877628	0.30880302
E2A	E2A	2	2	-0.10185278	-0.036607303	0.021040583	0.12910724	-0.013363787	-0.012536481	-0.118910514	-0.2328956	0.12482769	-0.10052192	10	-0.03417129	0.111330904	0.43641716	Binding_K27	-0.0205732	0.06702799	0.26274973
E2C	E2C	2	2	0.23932232	0.047142953	0.1557874	0.12714499	0.28408888	0.30198607	0.1948324	0.21327126	0.11343235	0.1853884	10	0.1862397	0.0786434	0.3082821	Binding_K27	0.112127654	0.04734812	0.18560463
E2D	E2D	2	2	-0.26563334	-0.28710634	-0.6601842	-0.49955112	-0.42349157	-0.40889984	-0.3319349	-0.48623568	-0.19185087	-0.4196669	10	-0.3974555	0.13529976	0.53037506	Binding_K27	-0.23929246	0.0814587	0.31931812
E2F	E2F	2	2	1.0017996	0.77569044	0.9126192	1.0476509	0.86860424	0.56627524	0.8320512	0.9473543	0.77700794	0.8215514	10	0.85506046	0.13665815	0.53569996	Binding_K27	0.5147985	0.08227654	0.32252404
E2G	E2G	2	2	0.15751225	0.09609996	0.079093106	0.036263283	0.039028894	-0.17672212	-0.04238178	-0.1146601	-0.09965281	-0.028826112	10	-0.005424542	0.10529353	0.41275063	Binding_K27	-0.003265905	0.06339312	0.24850105
E2H	E2H	2	2	0.024972852	-0.008105874	0.23145992	0.38693553	-0.09760334	0.045496237	-0.025941651	-0.10495503	0.09450327	0.03935684	10	0.058611877	0.15033048	0.5892955	Binding_K27	0.035287924	0.09050812	0.35479182
E2I	E2I	2	2	0.5681011	0.7812923	0.96166635	1.2794479	0.78285944	0.69830537	0.79789275	0.8093349	0.74660385	0.5991806	10	0.8024684	0.2011023	0.788321	Binding_K27	0.48313493	0.121075846	0.47461733
E2K	E2K	2	2	0.09919767	0.18068466	0.17725953	0.2685271	-0.010576877	0.25267217	0.25560412	0.16919567	0.12050787	0.33874908	10	0.1851821	0.10015521	0.39260843	Binding_K27	0.11149091	0.060299546	0.23637423
E2L	E2L	2	2	0.53667563	0.526803	0.65292585	0.5967134	0.58272606	0.3279585	0.49934676	0.58842933	0.5004744	0.54088205	10	0.5352935	0.08710186	0.3414393	Binding_K27	0.32227933	0.052440632	0.20556729
E2M	E2M	2	2	0.2832854	0.32096592	0.018406844	0.13743366	0.08266784	0.14040788	0.1827359	0.024121158	0.14243932	-0.013469616	10	0.13189945	0.11031014	0.43241575	Binding_K27	0.07941151	0.06641343	0.26034066
E2N	E2N	2	2	-0.023243552	-0.37614408	-0.19418386	-0.30112764	-0.13600138	-0.038744748	-0.109059684	-0.010787307	-0.18738341	-0.27693945	10	-0.1653615	0.12506953	0.49027255	Binding_K27	-0.099557705	0.07529948	0.29517397
E2P	E2P	2	2	-0.213042	-0.22038329	-0.16764064	0.038042642	-0.17277972	-0.20599468	-0.1443166	-0.1499323	-0.06819198	-0.24691662	10	-0.15511551	0.08439961	0.3308465	Binding_K27	-0.093389	0.050813712	0.19918975
E2Q	E2Q	2	2	0.14411595	-0.08733536	-0.114078924	0.21840656	0.042798914	0.09901304	-0.45027587	0.099364504	-0.18934494	-0.14254822	10	-0.037988435	0.1986369	0.77865666	Binding_K27	-0.022871355	0.11959153	0.4687988
E2R	E2R	2	2	0.7501309	0.27841708	0.48532748	0.46879262	0.4870735	0.42995396	0.4747698	0.46011174	0.44219142	0.5459031	10	0.4822672	0.116647236	0.45725718	Binding_K27	0.29035425	0.07022875	0.2752967
E2S	E2S	2	2	0.10601264	0.12609349	0.20324422	0.1992188	0.25445187	0.20029621	0.2637451	0.23635106	0.1915008	0.29186198	10	0.20727761	0.05834579	0.22871551	Binding_K27	0.12479376	0.035127725	0.13770069
E2T	E2T	2	2	0.13605565	0.08537036	0.12596302	0.3078094	0.19291903	0.02136468	-0.009446589	0.042143095	0.19497459	0.08007246	10	0.117722556	0.0953314	0.3736991	Binding_K27	0.07087616	0.057395317	0.22498965
E2V	E2V	2	2	0.15661685	0.23987061	0.18307696	0.2083617	0.09810378	0.23746215	0.24887519	0.16611859	0.16611713	0.23427063	10	0.19388735	0.048419394	0.18980403	Binding_K27	0.11673201	0.029151427	0.11427359
E2W	E2W	2	2	0.17288952	0.44716364	0.39502242	0.17394567	0.51952976	0.28976876	0.59695864	0.475024	0.18932903	0.09109119	10	0.33507228	0.17430475	0.6832746	Binding_K27	0.20173395	0.10494209	0.411373
E2Y	E2Y	2	2	0.587169	0.7338001	0.3553095	0.28810108	0.38510245	0.36357155	0.5780961	0.544089	0.14795192	0.33778027	10	0.4320971	0.1738772	0.6815986	Binding_K27	0.2601488	0.10468467	0.4103639
E30A	E30A	30	30	-0.18968692	-0.14519668	-0.31666958	-0.24184716	-0.30036953	-0.22345196	-0.24624538	-0.284588	-0.09056911	-0.2126854	10	-0.22513096	0.070087984	0.2747449	Binding_K27	-0.13554257	0.04219724	0.16541319
E30C	E30C	30	30	-0.3830061	-0.5897171	-0.4290364	-0.25679672	-0.3330839	-0.30472258	-0.31971654	-0.38884512	-0.36855906	-0.32864365	10	-0.3702127	0.09126549	0.35776073	Binding_K27	-0.22289062	0.05494739	0.21539378
E30D	E30D	30	30	-0.22903462	-0.16932082	-0.19973123	-0.29158628	-0.23613419	-0.21008492	-0.1324477	-0.18192682	-0.20981616	-0.33440644	10	-0.2194489	0.05854582	0.22949962	Binding_K27	-0.13212161	0.035248153	0.13817276
E30F	E30F	30	30	0.10233352	0.27200752	0.18273978	0.27010402	0.1965359	0.15618412	0.3887304	0.3795442	0.28261018	0.23334292	10	0.24641326	0.091964796	0.360502	Binding_K27	0.14835581	0.055368416	0.21704419
E30G	E30G	30	30	-0.26395333	-0.36264774	-0.30797705	-0.30101165	-0.3415737	-0.25051463	-0.23626465	-0.21771725	-0.21290605	-0.14769696	10	-0.26422632	0.065219775	0.25566152	Binding_K27	-0.15908036	0.03926628	0.15392382
E30H	E30H	30	30	0.4938792	0.3983948	0.41980478	0.18975541	0.13750975	-0.030079946	0.65677446	0.5539932	-0.015462704	0.49318063	10	0.32977495	0.24241932	0.95028377	Binding_K27	0.19854462	0.14595121	0.5721288
E30I	E30I	30	30	0.3787634	0.2816981	0.357739	0.22204615	0.071596645	0.3321066	0.57069594	0.26674706	0.63734114	0.08989604	10	0.32086298	0.18169579	0.7122475	Binding_K27	0.19317907	0.10939194	0.42881644
E30K	E30K	30	30	-0.052246224	-0.062044457	-0.22450683	-0.087401114	-0.40164307	-0.31522924	-0.055411324	-0.011356876	0.008911021	-0.0801297	10	-0.12810579	0.13779886	0.54017156	Binding_K27	-0.077127494	0.08296332	0.3252162
E30L	E30L	30	30	-0.28229186	-0.06661445	-0.08481939	-0.1407023	-0.1690651	-0.09316715	-0.31892675	-0.28529486	-0.0816673	0.0009832405	10	-0.15215659	0.10885385	0.4267071	Binding_K27	-0.09160755	0.065536655	0.2569037
E30M	E30M	30	30	0.033561572	0.11889768	-0.5397749	-0.57056	-0.32482606	-0.247016	0.045869604	-0.4793306	-0.46180797	-0.19787493	10	-0.2622862	0.2571273	1.0079391	Binding_K27	-0.15791227	0.15480632	0.6068408
E30N	E30N	30	30	-0.115176536	-0.3176138	-0.32427543	-0.30752507	-0.27387175	-0.11139317	0.010744284	-0.18483803	-0.25224042	-0.3040368	10	-0.21802267	0.11367099	0.4455903	Binding_K27	-0.13126294	0.06843687	0.26827252
E30P	E30P	30	30	0.18355963	-0.23420887	0.23607728	0.08652733	0.16845927	-0.09588719	-0.12886676	0.16511634	0.33514592	-0.11368352	10	0.060223944	0.1892053	0.7416848	Binding_K27	0.036258485	0.11391313	0.44653946
E30Q	E30Q	30	30	-0.29148653	-0.77211124	-0.555005	-0.4430825	0.041096155	-0.28787726	-0.40161362	-0.17074575	-0.21966653	-0.14315824	10	-0.32436505	0.23024225	0.9025496	Binding_K27	-0.19528754	0.13861987	0.5433899
E30R	E30R	30	30	-0.060647517	-0.14664574	0.053103283	-0.009236783	0.037503317	-0.09943077	0.034594625	0.007970005	-0.0024833526	0.24118501	10	0.0055912076	0.10461857	0.4101048	Binding_K27	0.003366248	0.06298676	0.24690811
E30S	E30S	30	30	-0.36186916	-0.5354328	-0.37204337	-0.25976527	-0.20096907	-0.4107911	-0.20640485	-0.30937552	-0.52295005	-0.18698943	10	-0.33665904	0.12738153	0.49933562	Binding_K27	-0.20268928	0.07669145	0.30063048
E30T	E30T	30	30	-0.103000805	0.04336416	0.11636162	-0.12292535	-0.035231628	-0.33285046	-0.04348984	-0.17366262	-0.13866223	-0.26881322	10	-0.105891034	0.13522808	0.5300941	Binding_K27	-0.06375286	0.08141555	0.31914896
E30V	E30V	30	30	0.24251595	0.2628419	0.16357243	0.2189996	0.2869609	0.23966667	0.5367183	0.192641	0.12940305	0.23646286	10	0.2509783	0.11072454	0.4340402	Binding_K27	0.15110424	0.06666292	0.26131865
E30W	E30W	30	30	0.21427521	0.059124317	0.072510414	-0.036697265	-0.008432346	0.030955069	0.19434692	0.07173166	0.19034025	0.12638345	10	0.09145377	0.087256804	0.34204668	Binding_K27	0.055060744	0.052533917	0.20593296
E30Y	E30Y	30	30	0.13616537	-0.22759625	0.19999175	0.035956804	0.02495684	0.059327528	0.2830972	0.17412323	-0.12872899	-0.3225147	10	0.023477877	0.19473942	0.7633785	Binding_K27	0.014135113	0.117245	0.45960042
E36A	E36A	36	36	0.37258828	0.3548912	0.5958156	0.36702752	0.44493717	0.5251933	0.29483315	0.3094821	0.5206563	0.6406485	10	0.4426073	0.12178269	0.47738814	Binding_K27	0.2664766	0.073320605	0.2874168
E36C	E36C	36	36	-0.05824932	-0.16761178	-0.025484707	-0.081201755	-0.14968634	0.041742787	0.05611085	-0.29360747	-0.12001281	-0.015412497	10	-0.081341304	0.1057821	0.41466585	Binding_K27	-0.048972424	0.06368727	0.24965411
E36D	E36D	36	36	0.12356487	-0.053629786	-0.092254385	-0.2735861	0.004348507	-0.24102363	-0.041786853	0.14764301	-0.009732329	-0.08615944	10	-0.052261613	0.13472852	0.52813584	Binding_K27	-0.031464677	0.081114784	0.31796995
E36F	E36F	36	36	0.45823455	0.44131997	0.43965033	0.35175633	0.33599958	-0.04652795	0.5958972	0.3694537	-0.02383359	0.03197697	10	0.2953927	0.22544752	0.8837543	Binding_K27	0.1778444	0.13573316	0.532074
E36G	E36G	36	36	1.8083558	1.7847651	1.8412787	1.8265201	1.8473914	1.8711863	1.9033712	1.829341	1.7468208	1.8448683	10	1.8303897	0.043684278	0.17124237	Binding_K27	1.1020062	0.026300598	0.10309835
E36H	E36H	36	36	1.2977158	0.7451741	0.45100656	0.62338877	0.12408332	0.1460862	0.5043625	1.2327545	0.50778043	0.27816412	10	0.59105164	0.40606102	1.5917592	Binding_K27	0.35584912	0.2444735	0.9583362
E36I	E36I	36	36	0.6756885	0.79735655	1.231878	0.7761975	0.7723015	1.0824305	0.72974366	0.17478617	0.3682812	0.7136582	10	0.7322322	0.30309868	1.1881468	Binding_K27	0.44084844	0.18248388	0.71533686
E36K	E36K	36	36	0.8402364	1.2814702	1.1242384	1.215914	1.2097799	0.47427353	0.53368825	1.1267662	1.041587	1.2939532	10	1.0141907	0.2994143	1.1737041	Binding_K27	0.61060464	0.18026567	0.70664144
E36L	E36L	36	36	1.2866284	0.9202346	1.478184	0.94095045	1.0432528	1.2462314	0.96496475	0.86260927	1.5270243	0.9948372	10	1.1264917	0.24061246	0.9432009	Binding_K27	0.6782167	0.14486337	0.5678644
E36M	E36M	36	36	-1.2265613	-1.0040689	-1.0362874	-0.63719594	-1.4906329	-1.6570255	-1.1241001	-1.3081708	-1.0680722	-0.9148104	10	-1.1466925	0.29131263	1.1419456	Binding_K27	-0.6903788	0.17538796	0.6875208
E36N	E36N	36	36	1.2629826	1.2035621	0.14537263	0.19500102	1.0673355	0.3700999	0.41997337	0.8530456	0.14580053	1.4557583	10	0.7118932	0.5116053	2.005493	Binding_K27	0.4286031	0.3080176	1.207429
E36P	E36P	36	36	1.2009656	1.2874793	1.2878026	1.5280935	1.4384893	1.3323759	1.4093032	1.3998106	1.0501131	1.4768479	10	1.341128	0.14184509	0.5560328	Binding_K27	0.8074408	0.0853994	0.33476564
E36Q	E36Q	36	36	0.55979747	0.38631248	0.5640821	0.8367577	0.43085635	0.14656594	0.34280625	0.612272	0.71353245	1.1163001	10	0.5709283	0.27409202	1.0744407	Binding_K27	0.34373364	0.16502011	0.64687884
E36R	E36R	36	36	2.6117685	2.2556496	2.5942538	2.575317	2.4644613	2.4434092	3.0317538	2.5166566	2.1888638	2.7320888	10	2.5414224	0.23752749	0.93110776	Binding_K27	1.5300912	0.14300603	0.56058365
E36S	E36S	36	36	0.3917157	0.40261948	0.31562665	0.63564104	0.37889975	0.51403445	0.37989807	0.30398172	0.19249745	0.6970179	10	0.4211932	0.15368769	0.60245574	Binding_K27	0.253584	0.09252936	0.3627151
E36T	E36T	36	36	1.0921963	0.5973344	0.8649462	1.062683	0.6592674	0.88499075	0.93629616	0.80799174	1.1804154	0.98212785	10	0.90682495	0.18532637	0.72647935	Binding_K27	0.5459639	0.11157777	0.43738487
E36V	E36V	36	36	0.5684796	0.32161814	0.58152246	0.3799502	0.31369606	0.39190343	0.46197024	0.41835216	0.49526113	0.44353518	10	0.4376289	0.09212504	0.36113018	Binding_K27	0.2634793	0.055464894	0.21742238
E36W	E36W	36	36	0.808552	0.73743826	0.86506474	1.2246006	0.74147266	1.1110808	1.1740816	0.7059529	0.87249434	0.93261623	10	0.9173354	0.18934134	0.7422181	Binding_K27	0.5522918	0.11399503	0.44686052
E36Y	E36Y	36	36	0.95732695	0.29470298	-0.38194466	0.385971	-0.525731	0.2001154	0.5826695	0.6236669	0.857422	-0.12851557	10	0.28656834	0.50261074	1.9702342	Binding_K27	0.17253162	0.30260232	1.1862011
E48A	E48A	48	48	-0.07058914	-0.11119554	-0.032191183	-0.094871014	0.04355776	-0.064412534	-0.038429443	-0.1309654	-0.14629701	-0.237719	10	-0.08831125	0.07599959	0.29791838	Binding_K27	-0.053168755	0.045756385	0.17936504
E48C	E48C	48	48	0.10614013	-0.018436259	0.039424952	0.062366627	0.16254649	-0.15018769	0.19335547	0.19895738	0.14931755	0.080216244	10	0.08237009	0.10743457	0.42114353	Binding_K27	0.049591813	0.06468216	0.25355408
E48D	E48D	48	48	-0.1878131	-0.1742815	-0.017009849	-0.18186775	-0.009080101	-0.17290008	-0.1406274	0.039542764	-0.07625942	-0.06754373	10	-0.09878402	0.08374859	0.32829446	Binding_K27	-0.059474006	0.050421756	0.1976533
E48F	E48F	48	48	0.53615785	0.35525328	0.2992489	0.35028818	0.48861244	0.36090526	0.42516273	0.291223	0.2587899	0.25486216	10	0.36205035	0.09522662	0.37328836	Binding_K27	0.21797639	0.057332233	0.22474235
E48G	E48G	48	48	0.06825112	0.067141764	0.015379322	0.066749394	0.018083936	0.07543615	0.023880402	-0.0047828015	-0.027508946	0.030450128	10	0.033308048	0.03505348	0.13740964	Binding_K27	0.020053476	0.021104332	0.08272898
E48H	E48H	48	48	-0.073319465	-0.28519607	0.04120138	-0.14409219	-0.43191096	-0.29522133	-0.4381675	0.0329979	-0.35987577	-0.3490888	10	-0.23026729	0.1816891	0.71222126	Binding_K27	-0.13863495	0.10938791	0.4288006
E48I	E48I	48	48	0.3497154	0.39458376	0.163558	-0.060995173	0.54428077	0.8167804	0.31749094	0.5291242	0.19567473	0.25256634	10	0.35027793	0.24215366	0.94924235	Binding_K27	0.21088867	0.14579126	0.57150173
E48K	E48K	48	48	-0.16955285	-0.4523663	-0.051784046	-0.35281804	-0.2991447	-0.24552606	-0.32502663	-0.28746882	-0.5092248	-0.36147034	10	-0.30543822	0.13150506	0.51549983	Binding_K27	-0.18389243	0.079174064	0.31036234
E48L	E48L	48	48	0.6753716	0.41218188	0.6155015	0.37622282	0.5210747	0.5983125	0.66516644	0.5984368	0.3688497	0.41327152	10	0.524439	0.12154444	0.47645423	Binding_K27	0.31574425	0.07317717	0.2868545
E48M	E48M	48	48	0.12371675	0.30023426	0.18844606	-0.11371228	-0.20578058	-0.16146861	0.20124611	-0.19229479	-0.038672473	-0.00648781	10	0.00952266	0.18270034	0.71618533	Binding_K27	0.005733222	0.10999674	0.43118724
E48N	E48N	48	48	-0.044181596	-0.2735586	-0.49099484	-0.3175951	-0.09802659	-0.120823324	0.049286637	-0.0024264797	-0.10613514	0.090832055	10	-0.13136229	0.18022396	0.70647794	Binding_K27	-0.07908811	0.10850581	0.42534277
E48P	E48P	48	48	-0.12481988	-0.46548495	-0.25183728	-0.1808988	-0.05110934	-0.3939595	-0.11327791	-0.33425647	0.28915536	-0.103367455	10	-0.17298563	0.21235022	0.8324129	Binding_K27	-0.104147896	0.12784778	0.5011633
E48Q	E48Q	48	48	-0.27578574	-0.306755	-0.8852552	-0.21469441	-0.31555954	-0.5321464	-0.20613551	-0.2794159	-0.19829524	-0.11121874	10	-0.33252618	0.22340886	0.87576276	Binding_K27	-0.20020103	0.13450576	0.5272626
E48R	E48R	48	48	0.028738713	-0.05001474	0.033672687	-0.025304712	0.08447752	0.0084383795	0.008042231	-0.024750907	-0.08963159	0.023517087	10	-0.0002815336	0.048958704	0.19191812	Binding_K27	-0.0001695004	0.029476125	0.11554641
E48S	E48S	48	48	-0.15619092	-0.15077955	-0.17911577	-0.20194857	-0.4209638	-0.030009458	-0.1676172	-0.11936739	-0.1671061	-0.07330191	10	-0.16664007	0.103311524	0.4049812	Binding_K27	-0.100327484	0.06219984	0.24382336
E48T	E48T	48	48	-0.15652254	-0.24505848	-0.2612989	-0.18433306	-0.2577411	-0.31425923	-0.21933958	-0.251107	-0.25921866	-0.37893036	10	-0.25278088	0.062328354	0.24432716	Binding_K27	-0.15218951	0.037525468	0.14709984
E48V	E48V	48	48	-0.04049285	-0.15977755	-0.14178349	0.022908956	-0.10296364	-0.07041116	-0.1776094	-0.14316	-0.03959978	-0.10802139	10	-0.09609103	0.06350586	0.24894297	Binding_K27	-0.05785266	0.038234398	0.14987884
E48W	E48W	48	48	0.0029368447	0.20032707	-0.07058641	0.1517548	-0.10823547	0.08985504	-0.061137363	-0.051113963	0.033385556	0.22550175	10	0.041268785	0.1198264	0.4697195	Binding_K27	0.024846325	0.072142795	0.28279975
E48Y	E48Y	48	48	0.3044891	-0.04397214	-0.43055642	0.18018253	0.23166354	0.106967114	0.0064750738	-0.2049687	0.2433506	0.20009272	10	0.059372343	0.23181929	0.90873164	Binding_K27	0.03574577	0.13956934	0.5471118
E61A	E61A	61	61	-0.17081103	-0.13658074	-0.17095776	-0.095846735	-0.11872676	-0.14632645	-0.1875395	-0.1614938	-0.10377756	-0.13380726	10	-0.14258675	0.030490378	0.11952228	Binding_K27	-0.08584592	0.018357066	0.071959704
E61C	E61C	61	61	0.21852833	0.24214129	0.19500388	0.25965068	0.36382693	0.35833624	0.1671043	0.25911227	0.3024205	0.24932323	10	0.26154476	0.06431997	0.2521343	Binding_K27	0.15746589	0.03872454	0.1518002
E61D	E61D	61	61	-0.31112355	-0.44306695	-0.43355343	-0.46083742	-0.24793406	-0.27356192	-0.28725016	-0.31759933	-0.32338023	-0.33333626	10	-0.34316432	0.07542881	0.29568097	Binding_K27	-0.20660585	0.045412745	0.17801796
E61F	E61F	61	61	0.4413225	0.3540053	0.45114702	0.29934156	0.16069336	0.47863898	0.29126516	0.27952597	0.26709795	0.43418756	10	0.34572256	0.10313504	0.40428936	Binding_K27	0.20814607	0.062093582	0.24340685
E61G	E61G	61	61	-0.3412923	-0.29472843	-0.33930424	-0.2779448	-0.2550312	-0.32207334	-0.31077132	-0.25616077	-0.29179227	-0.2782704	10	-0.29673693	0.031170655	0.12218897	Binding_K27	-0.17865372	0.018766634	0.07356521
E61H	E61H	61	61	0.116511114	0.06279883	-0.028852971	0.01991996	0.12192818	-0.11599499	0.008380434	-0.17284995	-0.11149002	-0.0025449374	10	-0.010219438	0.09911196	0.3885189	Binding_K27	-0.006152725	0.059671443	0.23391207
E61I	E61I	61	61	0.42933378	0.39981547	0.1446387	0.19770218	0.10696851	0.2533988	0.24491088	0.16448888	0.24405862	0.27750865	10	0.24628246	0.103764035	0.40675503	Binding_K27	0.14827706	0.062472276	0.24489133
E61K	E61K	61	61	0.5920203	0.4050534	0.5535654	0.27041596	0.1394721	0.45464492	0.30847389	0.29328832	0.36549175	0.551015	10	0.39334407	0.1458501	0.5717324	Binding_K27	0.23681712	0.08781066	0.34421778
E61L	E61L	61	61	0.18920515	0.07113564	0.18705139	0.16315046	0.15218821	0.13016717	0.24070549	0.16667478	0.11919726	0.13329308	10	0.15527686	0.04613448	0.18084717	Binding_K27	0.09348614	0.02777577	0.10888102
E61M	E61M	61	61	0.25825977	0.3811386	0.17091073	0.42034623	0.20375136	0.33310688	0.14053516	0.2957295	0.33058497	0.3710359	10	0.29053992	0.09449675	0.37042725	Binding_K27	0.17492275	0.056892805	0.2230198
E61N	E61N	61	61	-0.053495403	-0.09786928	-0.034153126	-0.16683744	-0.109981515	-0.16211806	-0.049902726	0.12713692	-0.03215854	0.00011133585	10	-0.057926785	0.08560417	0.33556834	Binding_K27	-0.034875456	0.05153893	0.20203261
E61P	E61P	61	61	0.07986416	0.0050667217	-0.022908593	0.023362026	0.04911326	0.080030695	0.00015973952	-0.061659317	-0.050484747	0.005849093	10	0.010839304	0.048877943	0.19160154	Binding_K27	0.006525922	0.029427502	0.11535581
E61Q	E61Q	61	61	-0.1431079	-0.06993188	-0.09217611	-0.09980607	-0.16500364	0.0029533359	-0.0012251697	-0.10729968	-0.108512096	-0.06129674	10	-0.0845406	0.05440457	0.21326593	Binding_K27	-0.050898597	0.03275487	0.12839909
E61R	E61R	61	61	0.532014	0.5536948	0.44287363	0.6225082	0.5951101	0.6505649	0.44263473	0.45522228	0.5583624	0.526406	10	0.5379391	0.073711865	0.2889505	Binding_K27	0.32387212	0.044379037	0.17396583
E61S	E61S	61	61	0.08557067	0.047184367	0.060412843	0.07994589	0.085084155	0.06173183	0.052860368	0.15822195	0.007239236	0.061808452	10	0.070005976	0.038488988	0.15087683	Binding_K27	0.042147867	0.023172718	0.090837054
E61T	E61T	61	61	0.0892995	0.15449344	0.10026185	0.12813826	0.09727189	0.20958078	0.10594338	0.11779601	0.017922396	0.15314333	10	0.11738509	0.05031215	0.19722363	Binding_K27	0.07067298	0.030290982	0.11874065
E61V	E61V	61	61	0.39725718	0.43761492	0.34126487	0.37378514	0.3657947	0.3986263	0.4512385	0.46240863	0.40703058	0.45746312	10	0.4092484	0.0418299	0.16397321	Binding_K27	0.2463925	0.025184149	0.09872187
E61W	E61W	61	61	0.35604548	0.22797464	0.3364882	0.28060135	0.48979983	0.43852443	0.5520399	0.4543535	0.28763232	0.4433514	10	0.38668108	0.10443765	0.4093956	Binding_K27	0.2328056	0.062877834	0.24648112
E61Y	E61Y	61	61	0.5161007	0.47856775	0.3814266	0.57943827	0.50120306	0.5152204	0.46135294	0.4973186	0.44698727	0.612299	10	0.49899143	0.06517822	0.25549865	Binding_K27	0.30042326	0.039241266	0.15382576
E62A	E62A	62	62	0.34521398	0.29707175	0.33475706	0.3890832	0.37906158	0.38211784	0.29768598	0.44623306	0.48537958	0.4094563	10	0.37660605	0.060774367	0.23823552	Binding_K27	0.22673981	0.036589876	0.14343232
E62C	E62C	62	62	0.7416816	0.6048266	0.6367685	0.675597	0.62741536	0.82839304	0.67538613	0.7707776	0.6637983	0.85726243	10	0.7081907	0.087005	0.3410596	Binding_K27	0.42637396	0.052382313	0.20533867
E62D	E62D	62	62	0.053847615	0.09427436	0.04357165	0.109838575	0.09933679	0.09698775	0.13408685	0.08648619	0.10519973	0.09235904	10	0.09159886	0.02619894	0.102699846	Binding_K27	0.0551481	0.01577336	0.06183157
E62F	E62F	62	62	0.47390682	0.48805785	0.5073333	0.5029588	0.5207426	0.4497607	0.46348047	0.37908533	0.52248764	0.36955214	10	0.46773657	0.05467817	0.21433842	Binding_K27	0.28160593	0.03291959	0.12904479
E62G	E62G	62	62	0.25431478	0.31099945	0.34413835	0.28245568	0.21714589	0.23141108	0.23830748	0.26494923	0.24610445	0.2506404	10	0.2640467	0.03870484	0.15172297	Binding_K27	0.15897222	0.023302672	0.09134648
E62H	E62H	62	62	0.22994685	0.23969221	0.16267094	0.04203357	0.13744494	0.12442244	0.26578212	0.19082625	0.19438305	0.16550398	10	0.17527063	0.06494596	0.25458816	Binding_K27	0.10552361	0.039101426	0.15327759
E62I	E62I	62	62	0.59026074	0.60737073	0.6459482	0.7693911	0.74303544	0.46716172	0.660832	0.69374377	0.61587685	0.6706737	10	0.6464294	0.08513863	0.33374342	Binding_K27	0.38918993	0.051258646	0.2009339
E62K	E62K	62	62	0.64230204	0.63652265	0.5710039	0.6403893	0.70953715	0.56028247	0.63254356	0.6239402	0.6029578	0.6810162	10	0.6300495	0.045149326	0.17698537	Binding_K27	0.37932822	0.027182648	0.10655598
E62L	E62L	62	62	0.4882326	0.509017	0.55607015	0.594705	0.5141771	0.50116104	0.45092726	0.56574833	0.4930067	0.5703966	10	0.52434415	0.045146905	0.17697588	Binding_K27	0.31568715	0.02718119	0.10655026
E62M	E62M	62	62	0.47504267	0.49210227	0.42119652	0.43561906	0.4268136	0.45439067	0.4027358	0.5037622	0.49130818	0.51727575	10	0.4620247	0.03930482	0.15407489	Binding_K27	0.27816704	0.023663897	0.09276248
E62N	E62N	62	62	0.14918038	0.14170663	0.20581466	0.1522521	0.16936941	0.09724324	0.06771289	0.15916052	0.23271681	0.14885896	10	0.15240157	0.047127526	0.1847399	Binding_K27	0.09175503	0.028373644	0.11122469
E62P	E62P	62	62	0.14492014	0.12699687	0.10439851	0.18705553	0.17336234	0.24319367	0.14901137	0.17835067	0.106147565	0.093755744	10	0.15071924	0.04609704	0.1807004	Binding_K27	0.09074217	0.027753228	0.108792655
E62Q	E62Q	62	62	0.4398868	0.35185462	0.29658854	0.3003805	0.36211807	0.2870513	0.32974088	0.34912255	0.3068217	0.31172317	10	0.33352882	0.045381136	0.17789406	Binding_K27	0.20080468	0.02732221	0.107103065
E62R	E62R	62	62	0.630359	0.5885208	0.67167455	0.6778107	0.6095205	0.628929	0.6401683	0.6164569	0.63365877	0.6452963	10	0.6342395	0.026911957	0.10549487	Binding_K27	0.38185084	0.01620264	0.06351435
E62S	E62S	62	62	0.10026958	0.020377364	0.061516535	0.11293545	0.17816795	0.10692157	0.116471164	0.083782636	0.047688898	0.101861216	10	0.092999235	0.043372273	0.17001931	Binding_K27	0.05599121	0.026112754	0.102362
E62T	E62T	62	62	0.16145852	0.12786233	0.22228542	0.26180398	0.13975069	0.19286646	0.16317806	0.21741927	0.16363308	0.15065838	10	0.18009162	0.042347144	0.16600081	Binding_K27	0.10842614	0.025495563	0.09994261
E62V	E62V	62	62	0.9372369	0.9253205	0.9411088	0.92744297	0.8850541	0.9371528	0.92608595	0.95685	0.88821715	0.88317704	10	0.9207646	0.02602782	0.102029055	Binding_K27	0.55435646	0.015670335	0.061427712
E62W	E62W	62	62	0.82638204	0.549859	0.63295823	0.7866299	0.82396317	0.77906495	0.9859975	0.8282284	0.57690775	0.70776427	10	0.7497755	0.13366844	0.52398026	Binding_K27	0.4514106	0.08047655	0.3154681
E62Y	E62Y	62	62	0.41412428	0.30557135	0.3253042	0.35860133	0.28288278	0.316485	0.3469853	0.33416483	0.32317722	0.324646	10	0.3331942	0.035269532	0.13825656	Binding_K27	0.20060322	0.02123441	0.083238885
E75A	E75A	75	75	-0.85258424	-0.7029445	-0.6251694	-0.59489787	-0.5872702	-0.4975554	-0.64427996	-0.6576354	-0.568729	-0.66809785	10	-0.6399164	0.09467924	0.37114263	Binding_K27	-0.3852687	0.057002675	0.2234505
E75C	E75C	75	75	-0.6662107	-0.52523077	-0.57612544	-0.5115409	-0.6524299	-0.6235242	-0.7872577	-0.70649624	-0.68186146	-0.58341676	10	-0.6314094	0.0851073	0.3336206	Binding_K27	-0.38014695	0.05123978	0.20085995
E75D	E75D	75	75	-0.8804038	-0.8811119	-1.2176567	-0.9116405	-0.7462962	-0.7112342	-0.82121015	-0.78546786	-0.7546179	-0.6054253	10	-0.83150643	0.16376184	0.64194643	Binding_K27	-0.50061756	0.09859461	0.38649088
E75F	E75F	75	75	0.004690209	-0.06712742	-0.08959973	-0.107380554	-0.13344558	-0.17019315	-0.14015763	-0.05582672	-0.060595382	0.0027266843	10	-0.08169093	0.058277264	0.22844689	Binding_K27	-0.04918292	0.035086468	0.13753895
E75G	E75G	75	75	-0.31639317	-0.32252175	-0.33344892	-0.38381934	-0.41146666	-0.44202963	-0.46169034	-0.3546694	-0.45944133	-0.39430544	10	-0.3879786	0.055340298	0.21693397	Binding_K27	-0.23358679	0.033318233	0.13060747
E75H	E75H	75	75	-0.8868453	-0.9158784	-0.81779444	-0.7953589	-0.6123848	-0.823868	-0.692582	-0.73916256	-0.82185704	-0.6715583	10	-0.777729	0.09679995	0.3794558	Binding_K27	-0.46824026	0.05827947	0.22845553
E75I	E75I	75	75	0.04302203	-0.018978924	-0.11491956	-0.2206291	-0.22038577	-0.15205677	-0.060167946	-0.0138920825	-0.19024086	-0.08842622	10	-0.10366752	0.091978475	0.36055562	Binding_K27	-0.06241417	0.05537665	0.21707647
E75K	E75K	75	75	-0.3638242	-0.44514614	-0.27807283	-0.5176019	-0.38797364	-0.50767565	-0.48806056	-0.43369195	-0.45609143	-0.37672445	10	-0.42548627	0.074434385	0.2917828	Binding_K27	-0.25616866	0.04481404	0.17567104
E75L	E75L	75	75	-0.54414594	-0.53511506	-0.5935618	-0.5562281	-0.46083453	-0.48751697	-0.59305316	-0.61887854	-0.555646	-0.582739	10	-0.5527719	0.0490709	0.19235793	Binding_K27	-0.3328024	0.029543674	0.11581121
E75M	E75M	75	75	-0.46792728	-0.40289947	-0.41496405	-0.4498468	-0.3607119	-0.36128584	-0.42234585	-0.33311215	-0.47387698	-0.31823316	10	-0.40052032	0.055264745	0.2166378	Binding_K27	-0.24113765	0.033272747	0.13042916
E75N	E75N	75	75	-0.8071484	-0.74413913	-0.75787026	-0.66707397	-0.76314515	-0.7129034	-1.0702773	-0.74675244	-0.71608585	-0.5922706	10	-0.7577666	0.12463348	0.48856327	Binding_K27	-0.4562217	0.07503696	0.29414487
E75P	E75P	75	75	0.41566187	0.17460522	0.17059718	0.072108276	0.4333873	0.3014889	0.048744313	0.3169439	0.5340025	0.42726168	10	0.28948012	0.16627894	0.65181345	Binding_K27	0.17428468	0.10011006	0.39243144
E75Q	E75Q	75	75	-0.40931317	-0.37129197	-0.39741936	-0.33374202	-0.21563669	-0.19460382	-0.2694038	-0.26638693	-0.23178117	-0.35296282	10	-0.30425414	0.078337125	0.30708155	Binding_K27	-0.18317954	0.047163725	0.1848818
E75R	E75R	75	75	-0.25154945	-0.30603135	-0.34191015	-0.37887558	-0.31152728	-0.40988776	-0.43108004	-0.41600147	-0.25890887	-0.2605171	10	-0.3366289	0.06915264	0.27107835	Binding_K27	-0.20267113	0.041634105	0.1632057
E75S	E75S	75	75	-0.6317641	-0.5465061	-0.64148885	-0.62269217	-0.6348996	-0.6196665	-0.5876469	-0.5728606	-0.5982884	-0.6125885	10	-0.6068402	0.030357566	0.11900166	Binding_K27	-0.3653548	0.018277105	0.07164625
E75T	E75T	75	75	-0.2753149	-0.28658617	-0.33137396	-0.45130366	-0.37252498	-0.47648162	-0.25234464	-0.34378687	-0.2500807	-0.33374676	10	-0.3373544	0.07812925	0.30626667	Binding_K27	-0.20310791	0.04703857	0.1843912
E75V	E75V	75	75	-0.31494054	-0.41017896	-0.3382429	-0.2970521	-0.41883084	-0.3343936	-0.3349065	-0.3448829	-0.3058867	-0.30457506	10	-0.340389	0.04231276	0.16586602	Binding_K27	-0.20493494	0.025474861	0.09986146
E75W	E75W	75	75	0.22683722	0.24535263	0.015942376	-0.08472454	0.09839836	0.14556473	-0.09531793	0.0820681	0.08772502	0.1877578	10	0.090960376	0.11831606	0.46379897	Binding_K27	0.054763693	0.07123348	0.27923524
E75Y	E75Y	75	75	-0.19399804	-0.17045532	0.021763284	0.042599335	-0.14665921	-0.061148886	-0.08459028	-0.12345935	-0.13584316	-0.0362652	10	-0.08880568	0.07995031	0.31340522	Binding_K27	-0.053466436	0.04813496	0.18868905
E90A	E90A	90	90	0.012981072	0.1218511	-0.11596801	-0.13885637	-0.07688244	-0.24292666	-0.038388833	-0.05433396	0.111949265	0.027110346	10	-0.039346445	0.112980925	0.44288522	Binding_K27	-0.023688959	0.0680214	0.2666439
E90C	E90C	90	90	-0.09976865	0.07536122	-0.09648901	-0.16402164	0.08602064	0.0901505	0.02678348	0.09569142	-0.049580365	0.07229256	10	0.0036440156	0.09706746	0.38050446	Binding_K27	0.0021939196	0.05844053	0.22908688
E90D	E90D	90	90	-0.20607787	-0.26130912	-0.09874707	-0.22249416	0.15137473	-0.22859874	-0.2118378	-0.20920715	-0.1313552	-0.026144596	10	-0.1444397	0.12610808	0.4943437	Binding_K27	-0.08696151	0.075924754	0.29762504
E90F	E90F	90	90	0.41162527	0.1410403	0.18335608	0.07324284	0.18989092	0.15065028	0.03909632	0.10870117	0.19347781	0.24773465	10	0.17388156	0.10374561	0.4066828	Binding_K27	0.1046873	0.062461182	0.24484783
E90G	E90G	90	90	0.1228307	0.16940427	0.14462683	0.14038584	0.13848157	0.19025396	0.22764015	0.082962364	0.12615387	0.09615693	10	0.14388964	0.042954035	0.16837981	Binding_K27	0.08663034	0.025860948	0.10137492
E90H	E90H	90	90	0.08111336	0.09316449	0.012693411	-0.13536854	-0.01127057	-0.05366003	-0.40766087	0.0549744	0.2696627	-0.0076829023	10	-0.010403456	0.1756434	0.68852216	Binding_K27	-0.006263515	0.105748035	0.4145323
E90I	E90I	90	90	-0.025805838	0.016657557	0.10879884	0.04634164	0.09374762	0.014945748	0.1338192	-0.07607364	0.15609667	-0.06643227	10	0.04020955	0.08181704	0.3207228	Binding_K27	0.024208602	0.049258847	0.19309469
E90K	E90K	90	90	0.09175242	-0.07579956	-0.17623782	0.017348915	0.21968257	0.11954691	0.31262082	0.122643195	0.060691338	0.01245979	10	0.07047086	0.13945414	0.54666024	Binding_K27	0.042427756	0.08395989	0.32912278
E90L	E90L	90	90	0.11073809	0.023983844	0.031836245	0.06022533	0.029167514	0.045590978	0.042243395	0.23691915	0.15557028	0.111002356	10	0.08472772	0.069168895	0.27114207	Binding_K27	0.051011253	0.04164389	0.16324405
E90M	E90M	90	90	0.001509411	-0.14771836	0.06469754	0.16842602	-0.18292256	-0.040228616	0.0044427267	0.007201633	0.12836242	-0.11063793	10	-0.01068677	0.11406737	0.4471441	Binding_K27	-0.006434087	0.06867551	0.269208
E90N	E90N	90	90	-0.04195833	-0.2564516	-0.094264045	0.0156516	0.04246665	0.019357027	0.07926044	0.13498005	0.10682733	-0.112465166	10	-0.010659606	0.11844491	0.46430406	Binding_K27	-0.0064177327	0.07131106	0.27953935
E90P	E90P	90	90	1.113115	0.82468265	0.54095536	0.5758481	1.2230719	1.0029892	1.6233133	1.5216116	1.204319	0.9532897	10	1.0583196	0.35814995	1.4039478	Binding_K27	0.63717294	0.2156281	0.84526217
E90Q	E90Q	90	90	-0.42091388	-0.13077614	-0.21604364	-0.35855994	-0.31107742	-0.2513099	-0.17403686	-0.236946	-0.227034	-0.1607737	10	-0.24874716	0.09098854	0.3566751	Binding_K27	-0.14976096	0.054780647	0.21474014
E90R	E90R	90	90	-0.008254417	-0.24368651	-0.16269161	-0.152953	-0.19723032	-0.12940246	-0.10403198	-0.02143118	-0.0035320153	-0.22000659	10	-0.12432202	0.08825275	0.3459508	Binding_K27	-0.074849434	0.05313354	0.20828348
E90S	E90S	90	90	-0.08334246	-0.087182045	-0.057543296	-0.038670853	-0.020796524	-0.018635767	0.011390188	0.14613758	-0.024650762	-0.08848912	10	-0.026178306	0.069285244	0.27159816	Binding_K27	-0.015760936	0.04171394	0.16351865
E90T	E90T	90	90	-0.09842268	-0.017295795	-0.29215756	-0.23857023	-0.08655102	-0.0052075596	0.071800455	0.1237084	-0.021055928	-0.024667665	10	-0.058841962	0.12765549	0.50040954	Binding_K27	-0.03542645	0.07685639	0.30127704
E90V	E90V	90	90	-0.049715094	-0.021325355	0.018163346	-0.07802311	-0.0012476328	-0.068921424	-0.08471747	-0.06125972	-0.012569936	-0.045776747	10	-0.040539313	0.03471239	0.13607256	Binding_K27	-0.024407139	0.020898975	0.081923984
E90W	E90W	90	90	-0.11138748	-0.228408	-0.18628204	-0.07608923	-0.051449258	-0.04781813	-0.10183034	0.008032916	-0.03099084	0.0371408	10	-0.07890816	0.0819962	0.3214251	Binding_K27	-0.047507524	0.049366713	0.19351752
E90Y	E90Y	90	90	-0.038148664	-0.08523008	-0.15689033	-0.019946132	0.13440606	0.05265255	0.04975294	0.04063477	0.19917735	-0.05760141	10	0.011880706	0.10555344	0.41376948	Binding_K27	0.0071529094	0.06354961	0.24911447
E97A	E97A	97	97	0.13118157	0.07490361	0.17490296	0.24928243	0.21055046	0.19589797	0.06566225	0.20707498	0.018065775	-0.044796627	10	0.12827255	0.096174434	0.3770038	Binding_K27	0.0772279	0.057902873	0.22697927
E97C	E97C	97	97	0.49117407	0.43241274	0.40105957	0.46443778	0.5872228	0.53952295	0.47522706	0.39738086	0.35072193	0.5170282	10	0.4656188	0.07208584	0.2825765	Binding_K27	0.2803309	0.04340007	0.17012829
E97D	E97D	97	97	0.02792684	-0.0713528	-0.008415122	0.016195485	-0.1195987	-0.04489246	-0.14700118	0.05278907	0.03773185	-0.101410516	10	-0.03580275	0.071343355	0.27966595	Binding_K27	-0.02155544	0.042953048	0.16837595
E97F	E97F	97	97	0.7627386	0.76277125	0.62624633	0.5261494	0.33644882	0.14598078	0.5916507	0.68454903	0.57926416	0.64967895	10	0.56654775	0.19253846	0.7547508	Binding_K27	0.34109628	0.11591989	0.45440596
E97G	E97G	97	97	0.16895226	0.045817282	-0.014586493	0.2533681	0.15604126	0.24011435	0.10863977	0.19522245	0.24640869	0.14538592	10	0.15453637	0.08819793	0.3457359	Binding_K27	0.09304032	0.053100534	0.2081541
E97H	E97H	97	97	0.030865552	0.03313191	-0.20850201	-0.07002326	-0.12444124	-0.04123347	-0.15463305	-0.06527717	-0.107715584	-0.043371405	10	-0.07511997	0.07662222	0.3003591	Binding_K27	-0.045226805	0.046131246	0.18083449
E97I	E97I	97	97	0.5086801	0.9645321	0.9038305	0.9470509	0.9835094	0.82581013	0.8700179	0.25058368	0.4348776	0.6182102	10	0.73071027	0.25901452	1.0153369	Binding_K27	0.43993214	0.15594253	0.61129475
E97K	E97K	97	97	0.28559816	0.21938461	0.3299833	0.061951943	0.118318714	-0.015174933	0.005817055	0.2895982	0.11725504	0.03499457	10	0.14477268	0.1273384	0.49916652	Binding_K27	0.08716198	0.076665476	0.30052868
E97L	E97L	97	97	0.3442584	0.26814455	0.36095062	0.55571085	0.46122554	0.4116104	0.33199602	0.41530147	0.41659638	0.21237071	10	0.3778165	0.09750491	0.38221925	Binding_K27	0.22746857	0.0587039	0.23011929
E97M	E97M	97	97	0.23889199	0.07157222	0.2942226	0.14649796	0.25141335	0.3738406	0.3932574	0.18026674	0.2527135	0.15337978	10	0.2356056	0.10144671	0.3976711	Binding_K27	0.14184894	0.061077107	0.23942226
E97N	E97N	97	97	0.09217269	-0.020111058	0.16799904	0.11947322	0.2053486	0.07345747	0.037034635	0.19562082	0.10204898	0.1528341	10	0.11258785	0.0711906	0.27906716	Binding_K27	0.06778475	0.042861085	0.16801547
E97P	E97P	97	97	0.5825461	0.6764177	0.55809456	0.09765084	0.26484838	-0.14942195	0.60357493	1.1598337	0.9375716	-0.14417206	10	0.45869437	0.4366177	1.7115414	Binding_K27	0.27616197	0.2628705	1.0304524
E97Q	E97Q	97	97	-0.17058714	-0.35994264	-0.05470753	-0.18978591	-0.186252	0.07321508	-0.24949065	-0.27452996	-0.0067106374	-0.37302575	10	-0.17918172	0.1466156	0.57473314	Binding_K27	-0.10787833	0.08827153	0.3460244
E97R	E97R	97	97	-0.030717278	-0.06140992	-0.1143999	-0.09263997	-0.059439987	-0.24026532	-0.14669777	0.016124362	0.087952085	0.018719789	10	-0.062277395	0.09352734	0.3666272	Binding_K27	-0.03749479	0.05630916	0.22073191
E97S	E97S	97	97	0.113093264	0.004884793	0.10392143	0.16828772	0.19708356	0.13812263	0.10459404	0.15006286	0.021805743	0.027957536	10	0.102981366	0.06542039	0.25644794	Binding_K27	0.06200106	0.039387062	0.1543973
E97T	E97T	97	97	0.07110732	0.1399564	0.014607559	0.16963397	0.025418678	0.08799187	0.1384459	0.20518662	0.09835418	0.27925	10	0.12299524	0.08142235	0.31917563	Binding_K27	0.074050635	0.04902122	0.1921632
E97V	E97V	97	97	0.19696201	0.2285063	-0.09775464	0.3245056	0.4032286	0.53993624	0.6005098	0.605896	0.47465408	0.42600608	10	0.370245	0.2169689	0.8505181	Binding_K27	0.22291008	0.1306285	0.51206374
E97W	E97W	97	97	0.671005	0.33668506	0.34441775	0.5365729	0.2871638	0.32413128	0.48124018	0.56202084	0.09960649	0.5460507	10	0.41888937	0.16948675	0.66438806	Binding_K27	0.25219694	0.102041356	0.40000212
E97Y	E97Y	97	97	0.4488594	0.3654006	0.7266976	0.45296815	0.532795	0.34315673	0.3434839	0.29406354	0.37703645	0.092163876	10	0.39766252	0.1645328	0.64496857	Binding_K27	0.23941709	0.09905878	0.3883104
F140A	F140A	140	140	-0.2101179	-0.49713078	-0.12355093	-0.18804336	0.27438444	0.13040546	0.12103255	-0.049311813	0.13092017	0.10072416	10	-0.031068796	0.22825895	0.8947751	Binding_K27	-0.01870531	0.13742581	0.53870916
F140C	F140C	140	140	-0.4235742	-0.48412627	-0.4556763	-0.23913963	-0.12604932	-0.1868877	0.023234203	-0.0113823535	-0.16970253	-0.4563354	10	-0.25296396	0.19068304	0.74747753	Binding_K27	-0.15229973	0.114802815	0.45002705
F140D	F140D	140	140	1.3716725	1.4849068	1.2170787	1.5549037	1.5268608	0.9365957	1.2600585	1.3042324	1.2292888	0.7911891	10	1.2676787	0.24715336	0.9688412	Binding_K27	0.7632199	0.14880139	0.5833014
F140E	F140E	140	140	1.3811986	1.0102454	1.0486974	0.9811263	1.2332244	0.9987448	0.78105426	0.49295968	1.0544391	0.936422	10	0.99181116	0.23895666	0.9367101	Binding_K27	0.5971308	0.14386648	0.5639566
F140G	F140G	140	140	1.0231955	0.70751333	0.7891504	0.8968151	0.9586574	1.0990717	1.3386898	0.97551656	1.3126073	1.0586803	10	1.0159898	0.20183486	0.79119265	Binding_K27	0.6116878	0.12151689	0.47634622
F140H	F140H	140	140	-0.10028415	-0.4028159	-0.5344709	-0.42962193	-0.5643822	-0.45123675	-0.16852129	-0.27247307	0.121615626	-0.45441046	10	-0.3256601	0.2180899	0.8549124	Binding_K27	-0.19606724	0.13130341	0.5147094
F140I	F140I	140	140	-0.34602576	-0.38128167	-0.1787218	-0.4129783	-0.16855876	-0.19315234	-0.3008709	-0.18795249	-0.21379891	-0.27386066	10	-0.26572016	0.090559386	0.3549928	Binding_K27	-0.15997973	0.054522272	0.21372731
F140K	F140K	140	140	0.983132	1.7893058	0.80217737	1.6428148	0.77103686	0.82681894	0.8151163	0.42796642	0.9402489	1.600045	10	1.0598662	0.45304373	1.7759315	Binding_K27	0.6381041	0.27275994	1.069219
F140L	F140L	140	140	-0.4479618	-0.5658137	-0.508204	-0.42585844	-0.5914798	-0.523374	-0.5738941	-0.35049748	-0.36230353	-0.49210638	10	-0.48414937	0.0855311	0.3352819	Binding_K27	-0.29148743	0.051494937	0.20186016
F140M	F140M	140	140	-0.48183346	-0.683178	-0.47239938	-0.72352844	-0.32798916	-0.20675136	-0.5525494	-0.6298524	-0.59878516	-0.56146604	10	-0.5238333	0.15905026	0.62347704	Binding_K27	-0.31537956	0.095757954	0.3753712
F140N	F140N	140	140	0.5397506	0.6490706	0.5091426	0.3476174	0.39721832	-0.06761631	0.33432662	0.27051336	0.93669486	0.37949598	10	0.4296214	0.2615472	1.0252651	Binding_K27	0.2586583	0.15746737	0.6172721
F140P	F140P	140	140	0.89157915	1.3544164	1.2577356	1.6377994	1.261703	0.93941754	1.097194	0.9555296	1.6520817	1.3355005	10	1.2382957	0.27163857	1.0648233	Binding_K27	0.7455295	0.16354299	0.64108855
F140Q	F140Q	140	140	0.0718101	0.34147194	0.49358296	-0.032944072	0.8696744	0.19987817	0.027387021	0.52587354	0.5558566	1.0763034	10	0.41288942	0.3655553	1.4329767	Binding_K27	0.24858461	0.22008657	0.8627394
F140R	F140R	140	140	0.8586685	0.5217217	0.6039876	0.4951914	0.34383455	0.61765933	0.92861074	0.659392	0.444281	0.46126637	10	0.5934614	0.18395366	0.72109836	Binding_K27	0.35729995	0.110751316	0.43414515
F140S	F140S	140	140	0.55574083	0.57532334	0.15575372	0.22024547	0.02561502	0.33829886	0.3700041	0.4764857	0.649621	0.29993862	10	0.36670268	0.19969927	0.7828211	Binding_K27	0.22077738	0.12023114	0.47130606
F140T	F140T	140	140	0.12369186	0.18808459	0.37078556	0.37019822	0.23029223	0.49736038	0.38911065	0.67023635	0.46261108	0.14902355	10	0.34513944	0.1736006	0.68051434	Binding_K27	0.207795	0.104518145	0.40971115
F140V	F140V	140	140	-0.37503907	-0.5565085	-0.39743397	-0.30578765	-0.3415214	-0.41149133	-0.2282317	-0.53951263	-0.38490683	-0.48924217	10	-0.4029675	0.102536894	0.40194464	Binding_K27	-0.242611	0.061733462	0.24199517
F140W	F140W	140	140	-0.35468295	-0.14110345	-0.40965056	-0.25201306	-0.3940418	-0.6280275	-0.46517012	-0.71006733	-0.5694106	-0.40590587	10	-0.43300733	0.1704032	0.66798055	Binding_K27	-0.26069683	0.10259312	0.40216503
F140Y	F140Y	140	140	-0.2254487	-0.03827697	-0.3011779	-0.0724836	-0.26480427	-0.39655355	-0.55460393	-0.19153187	-0.17761196	-0.43915352	10	-0.26616463	0.16188678	0.63459617	Binding_K27	-0.16024734	0.09746572	0.38206562
F155A	F155A	155	155	-0.48597762	-0.7295159	-0.68166083	-1.0384465	-0.9276764	-0.46579054	-0.48654717	-0.5662249	-0.42355955	-0.70433944	10	-0.6509739	0.20658875	0.8098279	Binding_K27	-0.391926	0.124379024	0.4875658
F155C	F155C	155	155	-0.8253318	-0.87095976	-1.2056141	-0.8118803	-1.2920407	-0.9119701	-1.0367528	-1.1515095	-1.016309	-0.612116	10	-0.9734484	0.2070533	0.81164896	Binding_K27	-0.5860753	0.12465871	0.48866215
F155D	F155D	155	155	1.2956105	0.22856192	0.40629768	1.1220385	1.3279399	-0.37781343	1.1564692	1.412017	0.5139682	0.5780037	10	0.7663094	0.5886168	2.3073778	Binding_K27	0.46136498	0.3543832	1.3891822
F155E	F155E	155	155	0.9008698	-0.044792715	1.0738915	1.2954916	0.42022008	-0.42036563	-0.20420353	0.47189412	0.17797124	0.5260337	10	0.419701	0.5587372	2.19025	Binding_K27	0.2526856	0.33639386	1.318664
F155G	F155G	155	155	1.4330908	1.5831071	1.6535438	1.0836792	0.96927696	1.7421094	1.4132415	1.7358153	1.30521	1.7323136	10	1.4651388	0.2771806	1.086548	Binding_K27	0.8821029	0.16687962	0.6541681
F155H	F155H	155	155	0.16987164	0.057064995	0.1243981	0.14074813	-0.27964312	-0.27940696	-0.21438214	0.33452392	0.6675017	0.7071458	10	0.14278221	0.35328275	1.3848684	Binding_K27	0.0859636	0.21269776	0.8337752
F155I	F155I	155	155	-1.7284422	-1.6899104	-1.4658891	-1.4637939	-1.5065532	-1.0191102	-0.52022743	-1.2746807	-1.1992397	-1.5786737	10	-1.344652	0.36332777	1.4242449	Binding_K27	-0.8095625	0.21874547	0.85748225
F155K	F155K	155	155	0.64009094	0.87008935	-0.40786946	0.8503126	-0.25866553	0.111763686	1.5745631	-0.1102464	-0.005569608	-0.42081267	10	0.2843656	0.6662865	2.6118433	Binding_K27	0.17120543	0.40114513	1.5724889
F155L	F155L	155	155	-2.154595	-2.9358747	-3.0870292	-2.255703	-1.7165924	-1.7316158	-2.7230756	-2.785097	-1.762578	-1.6589025	10	-2.2811065	0.5598464	2.194598	Binding_K27	-1.3733652	0.33706167	1.3212818
F155M	F155M	155	155	-0.797892	-0.9040619	-1.1126058	-1.0924392	-1.3007486	-1.0715854	-0.78384894	-0.6654341	-0.81006575	-0.66287583	10	-0.9201557	0.21382321	0.83818704	Binding_K27	-0.5539898	0.12873462	0.5046397
F155N	F155N	155	155	0.5590144	0.54634315	0.7829759	0.837588	1.2424139	0.31622985	0.60393393	0.998866	0.433866	0.26802468	10	0.65892565	0.30730075	1.2046189	Binding_K27	0.3967134	0.18501379	0.72525406
F155P	F155P	155	155	-0.14082375	-0.59596044	0.2732545	0.05774693	-0.33807215	0.09061329	0.0722099	0.1940965	0.084436774	-0.11782893	10	-0.04203274	0.26283494	1.030313	Binding_K27	-0.025306273	0.15824266	0.62031126
F155Q	F155Q	155	155	0.6763177	0.04014493	0.8243068	0.25817794	0.26035333	-0.41968548	0.4393881	0.07324698	-0.04167605	-0.08378271	10	0.20267916	0.37200204	1.458248	Binding_K27	0.122025214	0.22396791	0.87795424
F155R	F155R	155	155	-0.065713696	-0.29315215	0.33976287	-0.21594122	0.21498747	0.6146498	0.8704466	0.972097	-0.3680418	0.26441002	10	0.23335049	0.4760757	1.8662168	Binding_K27	0.14049122	0.2866266	1.1235763
F155S	F155S	155	155	0.19859064	0.061965946	0.21597716	0.49066067	0.6691945	0.44780305	0.15995611	0.49421918	0.40115792	0.18924734	10	0.33287725	0.1936575	0.75913745	Binding_K27	0.20041241	0.11659362	0.45704702
F155T	F155T	155	155	-0.95564085	-0.5921752	-0.8153766	-0.7198652	-0.91170526	-1.1128427	-0.776993	-0.98944664	-0.9985584	-0.53921896	10	-0.84118235	0.18598495	0.729061	Binding_K27	-0.5064431	0.111974284	0.4389392
F155V	F155V	155	155	-1.5819982	-1.5940219	-1.5413275	-1.3963233	-1.2351477	-1.3713176	-1.365014	-1.3804942	-1.3483046	-1.6157495	10	-1.4429699	0.12957814	0.5079463	Binding_K27	-0.8687559	0.07801394	0.30581465
F155W	F155W	155	155	-0.11391422	-0.17214847	-0.1727865	-0.13986357	-0.11213193	-0.032346815	-0.23006427	-0.42971712	-0.13508767	-0.1166606	10	-0.16547212	0.10608328	0.41584647	Binding_K27	-0.099624306	0.063868605	0.25036493
F155Y	F155Y	155	155	0.16610917	0.24574412	0.24848981	0.11968006	-0.022101637	0.2302496	0.14940678	0.16465198	0.060605932	0.2557284	10	0.16185641	0.09072794	0.35565352	Binding_K27	0.09744743	0.054623753	0.21412511
F27A	F27A	27	27	0.42605728	0.33976844	0.22025067	0.5931509	0.7130337	0.76869756	0.72133666	0.8387366	0.8086593	0.55111325	10	0.59808046	0.2111024	0.8275214	Binding_K27	0.3600809	0.12709652	0.49821836
F27C	F27C	27	27	0.14546987	0.14552465	0.40815505	0.13514747	0.117501915	0.12488518	0.092724636	0.048759487	0.05642233	0.13713206	10	0.14117226	0.10014725	0.39257723	Binding_K27	0.08499431	0.06029475	0.23635542
F27D	F27D	27	27	1.7637959	1.6386727	2.307255	2.587553	2.4415545	2.0904236	1.802844	1.7203237	2.0189927	0.9190317	10	1.9290445	0.47897077	1.8775654	Binding_K27	1.1614023	0.2883696	1.1304089
F27E	F27E	27	27	0.96706253	1.049517	1.0027869	0.5737284	1.6795646	1.2197751	1.3990545	1.521621	1.2564372	1.3359115	10	1.2005459	0.31677267	1.2417489	Binding_K27	0.72280186	0.19071646	0.74760854
F27G	F27G	27	27	1.8380731	1.6999269	1.8364455	1.7312413	1.8862889	1.6936904	1.6159102	1.6892052	1.3693376	1.3596759	10	1.6719795	0.1819326	0.7131758	Binding_K27	1.0066336	0.10953452	0.42937532
F27H	F27H	27	27	0.029197112	0.36067557	-0.06804154	0.20605028	-0.25404656	-0.031870667	-0.052068762	-0.18779145	0.07316213	0.13950115	10	0.021476721	0.18310855	0.71778554	Binding_K27	0.012930295	0.110242516	0.43215066
F27I	F27I	27	27	0.8161642	0.7832759	0.65962666	0.88088065	0.945855	0.9968575	1.0103009	0.9110213	0.6378531	0.73835826	10	0.8380194	0.13291715	0.52103525	Binding_K27	0.5045388	0.08002423	0.31369498
F27K	F27K	27	27	1.5854657	1.2475628	1.554389	1.2760112	1.6589357	1.4041936	1.4307166	1.0491965	1.1968019	1.2280406	10	1.3631313	0.1958407	0.76769555	Binding_K27	0.8206881	0.117908046	0.46219954
F27L	F27L	27	27	0.5302495	0.29436517	0.53783566	0.2633905	0.7435419	0.66158915	0.7164212	0.6244238	0.67616695	0.57263625	10	0.56206197	0.16537946	0.64828753	Binding_K27	0.33839557	0.09956852	0.39030862
F27M	F27M	27	27	0.08797488	0.15641841	-0.14896308	0.34100553	0.20107394	0.11737776	0.03675444	-0.05242375	-0.013172621	0.15796995	10	0.08840154	0.13982853	0.54812783	Binding_K27	0.05322312	0.0841853	0.3300064
F27N	F27N	27	27	1.1758125	1.8456848	2.595263	1.2769554	1.5706649	1.6366363	1.5166634	1.6747373	1.6235095	1.9882747	10	1.6904202	0.39714083	1.5567921	Binding_K27	1.017736	0.23910299	0.93728375
F27P	F27P	27	27	1.540478	1.4202232	1.0464693	1.3664191	1.0684265	0.79118764	1.0043886	1.0411595	1.5893097	1.3579652	10	1.2226026	0.26562923	1.0412666	Binding_K27	0.7360813	0.159925	0.62690604
F27Q	F27Q	27	27	1.0960299	0.9815612	0.5893896	0.725353	0.90984637	0.18133928	1.1701841	0.67795944	0.6949294	1.0936955	10	0.81202877	0.3005762	1.1782588	Binding_K27	0.48889083	0.1809652	0.7093836
F27R	F27R	27	27	1.2691762	0.87253267	1.0201806	1.1991098	1.093866	0.8756187	1.3856395	1.6433523	1.2800767	1.4736763	10	1.211323	0.25207934	0.988151	Binding_K27	0.7292903	0.15176713	0.5949272
F27S	F27S	27	27	0.66608423	1.0498126	1.018542	0.95711595	0.9643068	0.90237373	1.0177226	0.9948258	0.91765153	0.8458681	10	0.9334303	0.1123152	0.44027558	Binding_K27	0.561982	0.0676206	0.26507276
F27T	F27T	27	27	0.9510483	0.9413941	1.1022264	0.93692607	1.013662	0.97009987	0.86093843	0.7880238	0.8182216	0.7791308	10	0.91616714	0.10390126	0.40729293	Binding_K27	0.5515885	0.062554896	0.24521519
F27V	F27V	27	27	0.81566423	0.79873043	0.7759541	0.39284426	0.2478079	0.7843554	0.8206463	0.83544606	0.7264604	0.40246025	10	0.6600369	0.2213579	0.867723	Binding_K27	0.39738247	0.13327095	0.52242213
F27W	F27W	27	27	-0.25300634	-0.24836755	-0.0013639624	-0.28837192	-0.13618949	-0.43907994	-0.08447242	-0.49998945	-0.22978535	-0.37894908	10	-0.25595757	0.15584312	0.61090505	Binding_K27	-0.15410207	0.09382706	0.36780208
F27Y	F27Y	27	27	-0.21319346	-0.27750352	-0.2399617	-0.18538912	-0.1383986	-0.1913255	-0.25330806	-0.28113618	-0.23422858	-0.14005001	10	-0.21544945	0.051277917	0.20100944	Binding_K27	-0.12971371	0.030872433	0.12101994
F77A	F77A	77	77	0.06371988	0.009267937	0.16313279	-0.09215852	-0.47679958	0.006143222	0.12593399	0.28409263	0.05245036	-0.22136839	10	-0.0085585695	0.2145325	0.8409674	Binding_K27	-0.0051527806	0.12916164	0.5063136
F77C	F77C	77	77	0.11963162	0.16362676	0.061030373	0.11955496	0.22700946	0.072422355	-0.09784621	0.12948449	0.013375268	0.09860582	10	0.09068949	0.088114895	0.3454104	Binding_K27	0.0546006	0.05305054	0.20795812
F77D	F77D	77	77	0.11900651	0.24455073	1.2635909	0.28888232	0.6553628	0.1488338	0.1454911	0.2903281	-0.32693145	0.70223945	10	0.35313544	0.43000913	1.6856358	Binding_K27	0.21260907	0.2588917	1.0148555
F77E	F77E	77	77	1.0533763	1.5817509	0.99303466	1.1712621	0.79886323	0.3840619	0.5049304	1.0312276	1.2355012	1.2242386	10	0.99782467	0.35625577	1.3965226	Binding_K27	0.6007513	0.2144877	0.8407918
F77G	F77G	77	77	1.4494741	1.6022055	1.5371878	1.6749676	1.7867721	0.9029059	0.72563994	1.8076557	1.6291286	1.7662892	10	1.4882227	0.37479442	1.4691942	Binding_K27	0.8960008	0.22564909	0.88454443
F77H	F77H	77	77	0.6023884	0.8530209	0.81881136	1.0653757	1.2860101	0.5338101	0.6971639	1.1336297	0.67478096	0.8227442	10	0.8487735	0.24358325	0.9548463	Binding_K27	0.5110134	0.14665197	0.5748757
F77I	F77I	77	77	-0.2026781	-0.06307226	-0.11044371	-0.08217508	-0.3492874	-0.3303901	-0.12440873	-0.0376178	-0.09759757	-0.28732345	10	-0.16849943	0.11557514	0.45305458	Binding_K27	-0.10144693	0.06958328	0.27276647
F77L	F77L	77	77	0.23126237	0.36254293	0.39418685	0.48865688	0.3365621	0.18390535	0.4375088	0.33243254	0.3746975	0.2869237	10	0.3428679	0.0914382	0.35843775	Binding_K27	0.2064274	0.05505137	0.21580137
F77M	F77M	77	77	-0.15566956	-0.16634694	-0.147899	-0.709114	-0.65862036	-0.40816584	-0.36765757	-0.1271679	-0.5598022	-0.3789544	10	-0.36793977	0.21897061	0.8583648	Binding_K27	-0.22152218	0.13183366	0.51678795
F77N	F77N	77	77	1.2176011	0.15628868	1.3148556	0.89847296	1.5792049	1.3518925	0.92575634	0.86397296	0.2821625	1.2868168	10	0.9877025	0.46523654	1.8237273	Binding_K27	0.5946571	0.28010076	1.097995
F77P	F77P	77	77	-0.0042684926	0.02234635	0.55169207	0.2917476	0.40615693	0.11736952	0.36605525	0.27433133	0.3130465	0.34632543	10	0.26848024	0.17483787	0.6853645	Binding_K27	0.16164148	0.10526306	0.4126312
F77Q	F77Q	77	77	0.28334826	0.888644	0.21657285	0.5522224	0.54188454	0.67680943	0.44990692	0.4497108	0.5607508	0.75231904	10	0.5372169	0.20346963	0.797601	Binding_K27	0.32343733	0.12250113	0.48020443
F77R	F77R	77	77	1.2587492	1.20825	1.1626909	0.9718544	1.1107098	1.4674398	1.4606963	0.9575686	0.9704763	0.76200587	10	1.133044	0.22678511	0.8889976	Binding_K27	0.68216157	0.13653846	0.53523076
F77S	F77S	77	77	1.1037493	1.1968662	1.1677274	1.2294146	1.1712801	1.2410262	1.0386468	1.0941209	0.9786574	1.0492891	10	1.1270778	0.08785329	0.3443849	Binding_K27	0.67856956	0.05289304	0.20734072
F77T	F77T	77	77	0.6072432	-0.0055166273	0.098908775	0.3254994	0.27940312	0.3321173	0.6861516	0.74463326	0.78466433	0.5390107	10	0.43921152	0.27392647	1.0737917	Binding_K27	0.2644321	0.16492043	0.64648813
F77V	F77V	77	77	-0.23047519	-0.25135082	-0.31046864	-0.43566382	-0.22979048	-0.43588564	-0.16214952	-0.24740937	-0.20099059	-0.25198835	10	-0.27561727	0.09252045	0.3626802	Binding_K27	-0.1659384	0.055702955	0.21835558
F77W	F77W	77	77	0.022281092	-0.032983802	-0.049437948	0.0012999624	-0.07604812	-0.03832046	-0.030141307	0.009744097	-0.049463846	-0.030659582	10	-0.027372992	0.030146446	0.11817407	Binding_K27	-0.01648021	0.018149998	0.07114799
F77Y	F77Y	77	77	-0.17563502	-0.3341279	-0.03914825	-0.20770794	-0.14237396	-0.20095232	-0.37773672	-0.2808004	-0.27663586	-0.11172714	10	-0.21468456	0.104065225	0.40793568	Binding_K27	-0.1292532	0.06265361	0.24560215
F81A	F81A	81	81	-0.10608598	-0.14027373	-0.13819036	-0.21972568	0.1562662	0.07569893	0.015863104	-0.18875527	0.086690865	0.06827273	10	-0.039023917	0.13386741	0.52476025	Binding_K27	-0.023494778	0.08059634	0.31593767
F81C	F81C	81	81	-0.09692464	-0.058796607	-0.16150542	0.11646853	-0.5859493	-0.07086021	-0.35236126	-0.18158929	-0.10413748	0.020132609	10	-0.14755231	0.19763163	0.774716	Binding_K27	-0.088835485	0.11898629	0.46642628
F81D	F81D	81	81	0.09471065	-0.04902667	0.03374648	0.25056902	0.6909908	0.81457084	-0.21385759	0.53385293	-0.22601181	0.4818335	10	0.24113782	0.37249842	1.4601939	Binding_K27	0.14517967	0.22426677	0.8791258
F81E	F81E	81	81	0.18726681	0.45863134	0.055133935	-0.046045322	0.6706016	0.105311505	0.91643846	0.20172088	-0.16313389	0.26224074	10	0.26481658	0.33099577	1.2975035	Binding_K27	0.15943573	0.19927964	0.7811762
F81G	F81G	81	81	-0.1708197	-0.0069811316	-0.115940765	-0.3631997	-0.42328808	-0.51268864	-0.82365566	-0.22596079	0.25165004	-0.09050566	10	-0.248139	0.29848936	1.1700783	Binding_K27	-0.14939481	0.1797088	0.7044585
F81H	F81H	81	81	-0.12488131	0.37059733	0.17663744	-0.03717285	0.1323825	0.17931111	-0.15135583	-0.15458935	-0.020028064	0.23937196	10	0.06102729	0.18332157	0.71862054	Binding_K27	0.036742147	0.11037076	0.4326534
F81I	F81I	81	81	0.54073495	0.061993252	0.34492242	0.055749204	0.04262653	-0.1892487	-0.1961677	-0.1690175	-0.104242094	-0.027894432	10	0.035945594	0.2407676	0.94380903	Binding_K27	0.021641439	0.14495677	0.56823057
F81K	F81K	81	81	0.77971596	1.0536344	0.6714885	1.0998045	0.971048	0.8563489	1.4763498	0.34333706	0.99809283	1.3700271	10	0.96198463	0.32852256	1.2878084	Binding_K27	0.5791734	0.19779061	0.7753392
F81L	F81L	81	81	-0.11776029	-0.022340897	-0.20903178	-0.04006277	0.19153163	0.19759801	-0.037728496	0.03656814	0.13999502	0.06777379	10	0.020654235	0.13253169	0.5195242	Binding_K27	0.012435108	0.07979216	0.31278527
F81M	F81M	81	81	-0.10368378	0.14711267	-0.37051958	-0.29031575	-0.2444897	-0.31958672	-0.01614581	-0.004373542	-0.4849698	-0.27358353	10	-0.19605556	0.19488372	0.7639442	Binding_K27	-0.1180374	0.117331885	0.459941
F81N	F81N	81	81	0.9255585	0.41127914	1.0461459	1.2293477	0.7446824	0.5036055	1.1849139	1.4025819	0.19909942	0.721599	10	0.83688134	0.38981414	1.5280714	Binding_K27	0.5038536	0.23469187	0.91999215
F81P	F81P	81	81	0.3732933	0.42942855	0.64260757	0.58383757	0.6486532	0.54339164	0.18399319	0.03264784	0.4039773	0.1188907	10	0.39607212	0.220382	0.8638975	Binding_K27	0.23845957	0.13268341	0.520119
F81Q	F81Q	81	81	0.7034064	0.7793163	1.3765644	0.3300646	0.85462743	0.76025844	0.5715998	0.45536605	0.600384	0.57570684	10	0.7007294	0.2848263	1.1165191	Binding_K27	0.42188185	0.1714828	0.6722126
F81R	F81R	81	81	1.037284	1.3049177	1.5069638	1.5348852	1.0979023	0.4792214	1.3578614	1.4801424	1.1004592	1.3379276	10	1.2237566	0.31631446	1.2399527	Binding_K27	0.73677605	0.1904406	0.74652714
F81S	F81S	81	81	-0.28758326	-0.29450184	-0.32212242	-0.3110935	-0.3350238	-0.3652396	-0.3707508	-0.37089407	-0.33423313	-0.34436834	10	-0.33358106	0.030138494	0.1181429	Binding_K27	-0.20083614	0.018145211	0.071129225
F81T	F81T	81	81	-0.5039312	-0.30812573	-0.07030636	0.11128028	-0.028507238	-0.33954388	0.12878808	0.26380455	0.043006886	-0.3976709	10	-0.11012055	0.25974834	1.0182135	Binding_K27	-0.06629928	0.15638433	0.6130266
F81V	F81V	81	81	0.06636649	0.16636842	-0.12517881	-0.14679952	-0.08694978	0.1591884	0.4241759	0.05627258	0.0836273	0.067367606	10	0.06644386	0.16755757	0.65682566	Binding_K27	0.040003255	0.10087987	0.3954491
F81W	F81W	81	81	0.28615087	0.16515686	0.09206414	0.10350857	0.21998574	-0.076780416	0.2041698	0.10540551	-0.14387716	-0.21606149	10	0.07397224	0.16603139	0.6508431	Binding_K27	0.044535797	0.09996102	0.3918472
F81Y	F81Y	81	81	-0.09346216	-0.07649892	0.012992878	-0.09927965	-0.16922572	-0.11552154	-0.17512906	-0.119012505	-0.1069408	-0.057224836	10	-0.09993023	0.05403678	0.2118242	Binding_K27	-0.06016409	0.032533437	0.12753108
F89A	F89A	89	89	-0.090370014	-0.12780681	-0.21858683	-0.21798566	-0.102250926	0.04004049	-0.2097265	-0.17866991	-0.2142575	-0.18955873	10	-0.15091725	0.08289522	0.32494926	Binding_K27	-0.09086139	0.049907975	0.19563927
F89C	F89C	89	89	0.19605447	-0.051805533	0.17192015	-0.038795155	0.104819104	0.09981104	0.25298142	0.024127344	0.1017741	0.054865528	10	0.09157525	0.09844442	0.38590214	Binding_K27	0.055133883	0.05926954	0.2323366
F89D	F89D	89	89	0.6882086	-0.044579577	0.54433376	-0.40566298	0.06890779	-0.06659883	0.18237814	0.19361383	0.47440583	0.7003592	10	0.23353657	0.3631012	1.4233568	Binding_K27	0.14060326	0.21860906	0.85694754
F89E	F89E	89	89	0.30876192	0.2521902	-0.16274333	0.32958654	0.44954014	0.7218948	0.9709185	0.5932386	0.5822861	0.30596012	10	0.43516335	0.30747664	1.2053084	Binding_K27	0.26199487	0.18511969	0.7256692
F89G	F89G	89	89	0.21737345	0.32934204	0.107299216	0.7622119	-0.0022573087	0.3722188	0.19421731	0.44867137	0.3770541	0.03893181	10	0.28450626	0.22608335	0.88624674	Binding_K27	0.17129011	0.13611597	0.5335746
F89H	F89H	89	89	0.059384704	0.07962018	0.077939674	0.008424537	0.26147604	-0.03717033	0.11307654	-0.17930919	0.23218426	0.28134006	10	0.08969665	0.14271487	0.55944234	Binding_K27	0.054002855	0.08592305	0.33681837
F89I	F89I	89	89	0.13575086	0.20142055	0.19671236	0.26932776	0.24370159	0.26186663	0.319012	0.5033544	0.40238133	0.13894859	10	0.26724762	0.11563123	0.45327443	Binding_K27	0.16089936	0.06961705	0.27289882
F89K	F89K	89	89	0.30251107	0.48657548	0.21962294	0.04329887	-0.0880713	0.28190193	0.40511504	0.3678901	0.5266645	0.3531244	10	0.2898633	0.19059242	0.7471223	Binding_K27	0.17451537	0.11474826	0.4498132
F89L	F89L	89	89	-0.056569017	-0.026681459	-0.075813584	-0.14806984	0.03647726	0.031464823	-0.048759006	0.13987425	-0.023172917	-0.051272098	10	-0.022252161	0.07750371	0.30381456	Binding_K27	-0.013397158	0.046661958	0.18291488
F89M	F89M	89	89	0.022415962	-0.19311878	-0.20778197	-0.23112358	-0.4414164	-0.3718421	-0.48701295	-0.26164782	-0.22697334	-0.47808793	10	-0.28765887	0.15837844	0.62084347	Binding_K27	-0.17318818	0.09535348	0.37378564
F89N	F89N	89	89	0.7592972	0.53800166	0.72906226	0.9081514	-0.28816733	0.33585817	-0.115196735	0.29218784	1.2110077	0.8186987	10	0.5188901	0.46679425	1.8298335	Binding_K27	0.31240347	0.2810386	1.1016713
F89P	F89P	89	89	0.4881948	0.01926505	0.2857782	-0.3472073	0.13602768	0.62924206	0.14811055	0.5753209	0.6758946	0.7431043	10	0.3353731	0.34842405	1.3658223	Binding_K27	0.20191506	0.20977253	0.8223083
F89Q	F89Q	89	89	-0.07266216	0.1811594	-0.14487435	-0.06493159	-0.43205017	-0.26525852	-0.17136088	0.023851642	-0.2679418	-0.47165656	10	-0.1685725	0.20009774	0.7843832	Binding_K27	-0.10149092	0.12047104	0.47224647
F89R	F89R	89	89	0.02582008	-0.21560852	0.21108256	-0.20905341	0.13886523	-0.14171131	-0.18007915	-0.040696803	-0.040277783	-0.11626896	10	-0.056792807	0.14596416	0.5721795	Binding_K27	-0.034192733	0.08787932	0.34448695
F89S	F89S	89	89	0.21390525	0.25514165	0.19994397	0.15086704	0.30123815	0.29248267	0.16239256	0.28820935	0.61500055	0.6407723	10	0.31199533	0.17471294	0.6848747	Binding_K27	0.18784021	0.10518784	0.41233635
F89T	F89T	89	89	0.8598126	1.2573023	0.6359807	0.48258743	1.0235003	1.2584771	0.73129344	0.27590883	0.18269876	0.6043316	10	0.73118937	0.37296107	1.4620074	Binding_K27	0.4402206	0.2245453	0.8802176
F89V	F89V	89	89	0.089481205	0.13862495	0.20900568	0.2829798	0.13692693	0.29234916	0.21893635	0.28752363	0.26885143	0.35127586	10	0.2275955	0.083986364	0.32922655	Binding_K27	0.13702637	0.05056491	0.19821446
F89W	F89W	89	89	0.35888037	0.2656191	0.34916425	0.21404308	0.1926941	0.21359287	0.18865225	0.16795218	0.27895644	0.31143498	10	0.25409895	0.068940304	0.270246	Binding_K27	0.15298307	0.041506268	0.16270457
F89Y	F89Y	89	89	0.030706253	0.10218792	-0.0015223201	0.21137612	0.27346218	0.22478554	0.18597184	0.07594256	0.23470828	0.08688841	10	0.14245068	0.09512912	0.37290615	Binding_K27	0.08576399	0.05727353	0.22451223
G114A	G114A	114	114	-0.25842157	-0.12774104	-0.10700825	-0.1391708	-0.14442751	-0.25138494	-0.14561643	-0.09254921	-0.07471384	-0.08907806	10	-0.14301117	0.06388973	0.25044772	Binding_K27	-0.08610144	0.03846551	0.1507848
G114C	G114C	114	114	0.011005982	-0.05888273	-0.0006144156	0.03854424	0.035192877	-0.104975395	0.06868418	0.03537563	0.0229967	-0.09237801	10	-0.004505093	0.05977853	0.23433185	Binding_K27	-0.0027123408	0.03599032	0.14108206
G114D	G114D	114	114	-0.18797423	0.21000293	0.107548855	-0.04690237	0.43853745	0.16114144	1.0396005	1.047127	0.15964827	-0.008719592	10	0.29200104	0.42968276	1.6843565	Binding_K27	0.17580242	0.25869521	1.0140853
G114E	G114E	114	114	0.3014273	0.032030765	0.17355245	0.21439068	0.24101913	0.004766887	0.35240898	0.12447341	0.163081	0.33738932	10	0.194454	0.119289696	0.4676156	Binding_K27	0.11707316	0.07181967	0.28153312
G114F	G114F	114	114	-0.13602713	0.05593003	-0.57983416	-0.4051077	-0.55080134	-0.032975897	-0.33794802	-0.39211616	-0.8574735	-0.1893118	10	-0.34256655	0.27728167	1.0869442	Binding_K27	-0.20624594	0.16694048	0.65440667
G114H	G114H	114	114	-0.023845462	0.064569786	0.25922492	0.20165603	0.14347267	0.10326054	0.41636857	-0.046846587	0.59207517	-0.32256603	10	0.13873696	0.2541932	0.9964373	Binding_K27	0.08352811	0.1530398	0.59991604
G114I	G114I	114	114	0.039732344	-0.18133484	-0.5293205	0.017599635	-0.5155341	-0.27518693	-0.27298212	-0.3544518	-0.28970218	0.045833968	10	-0.23153464	0.2125388	0.8331521	Binding_K27	-0.13939798	0.12796131	0.5016083
G114K	G114K	114	114	0.6216488	0.5275671	0.12793711	0.29607955	-0.033982854	0.4129036	0.5413081	0.45569217	0.67185146	0.40498137	10	0.40259868	0.22001438	0.8624564	Binding_K27	0.24238895	0.13246207	0.51925135
G114L	G114L	114	114	-0.21757673	-0.13658954	-0.09207426	-0.08616007	-0.040940925	0.13702846	0.073110625	-0.03059096	-0.25735962	-0.14331791	10	-0.07944709	0.121237636	0.47525156	Binding_K27	-0.047831994	0.07299245	0.28613043
G114M	G114M	114	114	-0.21256238	-0.16388601	-0.12888736	-0.12573881	0.061936427	-0.045626886	-0.29706693	-0.10038403	-0.19245632	-0.0438945	10	-0.12485669	0.10098487	0.3958607	Binding_K27	-0.07517134	0.06079905	0.23833229
G114N	G114N	114	114	-0.3928562	-0.038843174	0.15507685	0.17986113	0.2505005	0.48074442	0.23560669	0.08359023	-0.32978138	0.14054084	10	0.07644399	0.26639107	1.044253	Binding_K27	0.046023946	0.16038367	0.628704
G114P	G114P	114	114	-0.08429342	-0.10715297	1.0465652	0.055688776	-0.14782542	-0.09576812	-0.15817851	-0.06384005	-0.04158262	-0.06705487	10	0.03365579	0.36086398	1.4145869	Binding_K27	0.020262837	0.21726212	0.8516675
G114Q	G114Q	114	114	0.3486795	0.23993514	-0.005931223	0.3844465	-0.098699175	0.18819211	0.5381182	0.16371903	0.6201134	0.2916859	10	0.26702592	0.2223876	0.8717594	Binding_K27	0.16076589	0.1338909	0.52485234
G114R	G114R	114	114	0.12865934	0.21209757	0.25891775	0.10665712	0.2237538	0.39508042	0.4467845	0.19214578	-0.11586105	0.12171784	10	0.19699529	0.15734285	0.616784	Binding_K27	0.11860318	0.09472999	0.37134156
G114S	G114S	114	114	0.11278754	0.21467915	0.07930238	0.052414164	0.09860575	0.10398665	0.19328764	0.12304499	0.123849854	0.10417521	10	0.12061334	0.048985574	0.19202346	Binding_K27	0.072616585	0.029492302	0.115609825
G114T	G114T	114	114	-0.13134155	0.08975795	0.09440407	-0.32701552	-0.41113305	-0.28445885	-0.4588171	-0.12955979	-0.31329235	-0.32744753	10	-0.21989039	0.19443956	0.7622031	Binding_K27	-0.13238741	0.11706447	0.45889273
G114V	G114V	114	114	0.069762826	0.08026464	0.11296421	-0.04463347	0.07434184	0.12600031	-0.093264826	-0.05730679	0.004809756	0.021135135	10	0.029407363	0.07547583	0.29586524	Binding_K27	0.017705025	0.04544105	0.17812891
G114W	G114W	114	114	-0.27681047	-0.2508983	-0.14552832	-0.044330977	-0.106402926	-0.32967985	-0.72532034	-0.3055844	-0.41705972	-0.16603331	10	-0.27676484	0.19371156	0.75934935	Binding_K27	-0.16662931	0.11662617	0.4571746
G114Y	G114Y	114	114	0.20719288	-0.1655534	-0.2631882	-0.18064135	0.14791137	0.23300256	0.17206071	0.04198022	-0.45520917	0.03395468	10	-0.022848973	0.23164122	0.9080336	Binding_K27	-0.013756475	0.13946214	0.5466916
G11A	G11A	11	11	0.6194427	0.70957446	0.9331137	1.1616952	0.7896403	1.1420604	0.6847228	1.095705	1.2056322	1.2363592	10	0.95779467	0.23877439	0.93599564	Binding_K27	0.5766508	0.14375675	0.56352645
G11C	G11C	11	11	0.8294509	0.88377166	0.8885922	0.8586936	0.8262058	0.8523214	0.832939	0.8980734	0.8819458	0.87779963	10	0.8629793	0.026687754	0.104616	Binding_K27	0.5195662	0.016067656	0.06298521
G11D	G11D	11	11	-0.25508994	-0.26915193	-0.24274139	-0.2288909	-0.26465937	-0.2258646	-0.23036776	-0.23532005	-0.28052813	-0.25236198	10	-0.2484976	0.018868843	0.07396587	Binding_K27	-0.14961071	0.011360194	0.04453196
G11E	G11E	11	11	0.2869273	0.051925186	0.053537842	0.21831305	0.05833978	0.24646951	0.2963334	0.2111113	0.022471722	0.2354892	10	0.16809183	0.1082662	0.4244035	Binding_K27	0.101201534	0.06518285	0.25551677
G11F	G11F	11	11	0.7981805	0.85086256	0.8242249	0.8641026	0.67965925	1.03026	0.86218244	1.2160523	0.7428992	0.8156879	10	0.8684112	0.15219131	0.5965899	Binding_K27	0.5228365	0.09162845	0.35918352
G11H	G11H	11	11	-0.4149986	-0.33033383	-0.6795747	-0.56844854	-0.58061	-0.28253174	-0.0665374	-0.38914344	-0.6475274	-0.15495774	10	-0.41146636	0.20799305	0.8153328	Binding_K27	-0.24772784	0.1252245	0.49088004
G11I	G11I	11	11	0.8951109	1.0800693	1.0935489	0.7861231	1.2617875	1.0528691	1.1435617	0.78245014	0.65460825	1.3333796	10	1.0083507	0.22133769	0.8676438	Binding_K27	0.6070886	0.13325879	0.52237445
G11K	G11K	11	11	0.19282956	0.08706374	0.060831744	0.14673904	0.19618039	0.17116654	0.2837731	0.18441808	0.211321	0.39541698	10	0.19297402	0.09483292	0.37174505	Binding_K27	0.116182126	0.0570952	0.22381319
G11L	G11L	11	11	0.84231573	1.0567257	0.98965466	1.1367162	1.4208715	1.441533	1.2774827	1.2009313	0.8776085	0.40374413	10	1.0647583	0.30999982	1.2151994	Binding_K27	0.64104944	0.1866388	0.7316241
G11M	G11M	11	11	0.73676556	0.57240105	0.76034725	0.50081676	0.43954548	1.0385506	0.7189681	0.54776365	0.6078387	0.6120147	10	0.65350115	0.17047366	0.66825676	Binding_K27	0.39344755	0.10263554	0.40233132
G11N	G11N	11	11	-0.10629274	0.037433684	-0.048932966	-0.16556062	-0.12204475	-0.24697009	-0.60238564	-0.015795652	0.05452512	-0.42797223	10	-0.16439958	0.2101249	0.8236896	Binding_K27	-0.09897857	0.126508	0.49591136
G11P	G11P	11	11	-0.037431087	0.066695675	0.08356401	0.111737624	0.16995941	-0.071502484	0.08759017	0.032492295	-0.14457408	0.08308038	10	0.038161192	0.09503537	0.37253866	Binding_K27	0.022975365	0.057217084	0.22429097
G11Q	G11Q	11	11	0.81167805	0.7029892	0.95157367	0.5525645	0.389608	0.6441804	0.7304155	0.49811548	0.63600844	0.7760765	10	0.66932094	0.16299948	0.638958	Binding_K27	0.402972	0.09813563	0.38469166
G11R	G11R	11	11	0.28748003	0.44623166	0.4893031	0.43152002	0.48756856	0.44796103	0.5465964	0.09868874	0.43948367	0.45336697	10	0.41282	0.12857234	0.5040036	Binding_K27	0.24854282	0.07740839	0.3034409
G11S	G11S	11	11	0.59581816	0.54611975	0.4743753	0.5248192	0.53058803	0.5384771	0.5283199	0.44536254	0.50804883	0.50119096	10	0.519312	0.04098893	0.16067661	Binding_K27	0.3126575	0.024677835	0.09673712
G11T	G11T	11	11	0.7014087	0.71395373	0.5014548	0.57198614	0.25675213	0.53006744	0.6290369	0.5013808	0.44618428	0.5463774	10	0.53986025	0.13224994	0.51841974	Binding_K27	0.32502878	0.07962252	0.3121203
G11V	G11V	11	11	0.87989384	0.89191	0.8954446	0.86029077	0.87792027	0.8610004	0.89954966	0.9064453	0.8273996	0.8307377	10	0.8730593	0.027743932	0.108756214	Binding_K27	0.52563494	0.016703539	0.06547787
G11W	G11W	11	11	0.9995669	1.212177	0.98712474	1.1166877	0.8889873	1.335324	1.5622748	1.4881521	1.109315	1.1420687	10	1.1841679	0.21882717	0.8578025	Binding_K27	0.7129412	0.1317473	0.51644945
G11Y	G11Y	11	11	0.8218246	0.75116754	1.2047228	0.90570855	0.85186535	0.927165	0.8814362	0.85357493	0.88288933	0.80328625	10	0.88836414	0.12247367	0.48009682	Binding_K27	0.5348494	0.073736615	0.28904754
G12A	G12A	12	12	0.72126096	0.7423574	0.70562184	0.810783	0.82129776	0.82640326	0.7709864	1.0288965	0.6935144	0.6793314	10	0.7800453	0.102659255	0.40242428	Binding_K27	0.4696348	0.06180713	0.24228396
G12C	G12C	12	12	0.2837088	0.29312873	0.25152412	0.47853857	0.27490297	0.26364273	0.24518226	0.34951672	0.3502009	0.3239252	10	0.31142712	0.06970885	0.2732587	Binding_K27	0.18749811	0.041968975	0.16451839
G12D	G12D	12	12	-0.045535762	-0.18360469	0.023079338	-0.045907054	-0.23160885	-0.088412955	-0.047459252	0.009028086	-0.07784963	0.01704844	10	-0.067122236	0.084007256	0.32930845	Binding_K27	-0.040411677	0.05057749	0.19826376
G12E	G12E	12	12	0.67554384	0.6747374	0.6010669	0.55903476	0.57264245	0.5038711	0.62038046	0.58282334	0.7351933	0.56643444	10	0.60917276	0.06850298	0.26853168	Binding_K27	0.36675915	0.04124297	0.16167244
G12F	G12F	12	12	0.8807421	1.0521886	1.1623809	0.9847246	0.6890522	0.9766715	0.87454695	0.9955651	0.8620467	0.89326847	10	0.9371187	0.1279844	0.50169885	Binding_K27	0.5642026	0.07705442	0.30205333
G12H	G12H	12	12	-0.13003796	-0.42700416	-0.4191	-0.112214044	-0.0043844073	-0.020033069	0.032687858	-0.09637449	0.052440204	0.11385561	10	-0.10101645	0.18616784	0.72977793	Binding_K27	-0.06081806	0.11208439	0.4393708
G12I	G12I	12	12	1.3047585	0.9142728	0.9469007	0.96553624	0.891853	1.3248824	1.4578198	1.1697396	1.2021885	1.1280195	10	1.1305971	0.1962431	0.769273	Binding_K27	0.6806884	0.118150316	0.46314925
G12K	G12K	12	12	-0.1923491	-0.57564086	-0.3616505	-0.069087066	-0.53851897	-0.3219162	-0.063229516	0.058761913	-0.23220862	-0.3720706	10	-0.26679096	0.20698674	0.811388	Binding_K27	-0.16062443	0.12461864	0.4885051
G12L	G12L	12	12	0.073614575	0.17329381	0.108918495	0.1798591	-0.041741822	-0.00028962045	-0.030773794	0.036465086	-0.011821011	0.06997587	10	0.055750072	0.08002585	0.31370133	Binding_K27	0.033564944	0.048180442	0.18886733
G12M	G12M	12	12	0.6301107	0.59179187	0.41582486	0.4516456	0.6611998	0.56562746	0.32751617	0.6987436	0.6496854	0.7269323	10	0.5719078	0.13187404	0.51694626	Binding_K27	0.34432337	0.07939621	0.31123316
G12N	G12N	12	12	0.48576513	0.12205055	0.30762732	0.4266321	0.3828694	0.265401	0.26103163	0.34389997	0.3679132	0.39825675	10	0.33614472	0.10272992	0.4027013	Binding_K27	0.20237961	0.061849672	0.24245071
G12P	G12P	12	12	0.19764239	1.4165121	1.4757841	1.428064	1.3485066	1.1820076	0.45760503	1.276799	1.2181674	1.1839166	10	1.1185005	0.43375129	1.7003051	Binding_K27	0.67340547	0.26114473	1.0236874
G12Q	G12Q	12	12	0.18184271	-0.10137375	-0.16697393	-0.04516478	-0.4204883	0.037578642	-0.099281296	-0.106563285	-0.09014252	0.20932087	10	-0.060124565	0.17903753	0.7018271	Binding_K27	-0.036198653	0.107791506	0.42254272
G12R	G12R	12	12	0.4751066	0.49513498	0.3466422	0.3863862	0.43198168	0.38408375	0.46946737	0.43277177	0.29910788	0.45039663	10	0.4171079	0.062086098	0.2433775	Binding_K27	0.25112438	0.037379615	0.1465281
G12S	G12S	12	12	-0.27149373	-0.30083728	-0.17491774	-0.09956983	-0.14227909	-0.30993608	-0.17857745	-0.05264935	-0.13868722	-0.15724084	10	-0.18261887	0.08573227	0.33607048	Binding_K27	-0.1099477	0.05161605	0.20233493
G12T	G12T	12	12	0.27876765	0.38754353	0.46566328	0.025435872	0.2426423	0.31542614	0.21578434	0.29075068	0.14302294	0.4186266	10	0.27836636	0.13152274	0.51556915	Binding_K27	0.16759352	0.07918471	0.31040406
G12V	G12V	12	12	0.8027517	0.27039883	0.5881344	0.7856099	0.7285764	0.61063105	0.7595429	0.6829303	0.86119723	0.7953893	10	0.68851614	0.17041227	0.66801614	Binding_K27	0.4145287	0.10259858	0.40218642
G12W	G12W	12	12	0.42787445	0.57700837	0.5500905	0.32357883	0.3979385	0.5805222	0.68290216	0.6084701	0.47216094	0.35156792	10	0.49721137	0.120006725	0.47042638	Binding_K27	0.29935157	0.072251365	0.28322536
G12Y	G12Y	12	12	0.92099035	0.82254064	0.908645	0.8707611	0.9572534	1.0539625	1.0761157	0.8448632	0.93003213	0.8928381	10	0.9278002	0.08275406	0.32439592	Binding_K27	0.55859226	0.04982299	0.19530612
G137A	G137A	137	137	-0.08722775	-0.07194701	-0.16090064	0.055095825	0.053255368	-0.048101597	0.062150497	-0.106602915	-0.17715749	0.16956478	10	-0.031187093	0.11180192	0.43826354	Binding_K27	-0.018776532	0.06731158	0.2638614
G137C	G137C	137	137	0.2275133	0.21394654	0.15636808	0.09764328	0.26778397	0.32064438	0.010660845	0.23515162	0.49176148	0.11859154	10	0.2140065	0.1330652	0.52161556	Binding_K27	0.12884496	0.08011336	0.3140444
G137D	G137D	137	137	-0.33962366	-0.14298561	-0.31690323	-0.19828938	-0.069127694	-0.2442753	-0.06359483	-0.3115477	-0.16607194	0.12459913	10	-0.17278203	0.14362735	0.5630192	Binding_K27	-0.10402532	0.08647242	0.3389719
G137E	G137E	137	137	-0.36475158	-0.316362	-0.19630814	-0.3689417	0.040766977	0.05373012	-0.037869398	-0.20284584	-0.08556566	0.0014166322	10	-0.14767306	0.16470952	0.64566135	Binding_K27	-0.08890818	0.09916518	0.38872752
G137F	G137F	137	137	0.8187493	1.0960741	1.0270829	0.6713844	0.81923157	0.7234428	0.7594728	0.87765026	0.7123802	0.42685655	10	0.7932325	0.18752132	0.7350836	Binding_K27	0.47757432	0.11289927	0.44256517
G137H	G137H	137	137	-0.09512974	-0.10033345	0.12413792	0.05374654	-0.0073612956	-0.17819573	-0.21248202	-0.2207669	-0.28828332	-0.13826165	10	-0.10629296	0.13010745	0.5100212	Binding_K27	-0.06399485	0.07833262	0.30706388
G137I	G137I	137	137	0.92398214	0.7551425	0.93805194	1.208818	0.97621363	0.8197056	0.9229073	1.2917521	0.49978584	0.64081436	10	0.89771736	0.23849574	0.9349033	Binding_K27	0.5404806	0.14358898	0.5628688
G137K	G137K	137	137	-0.058688723	-0.21585138	0.08994133	-0.0065315785	0.07766789	-0.13971502	-0.112964	-0.2503412	0.0012195287	0.016016573	10	-0.059924662	0.11714228	0.45919776	Binding_K27	-0.0360783	0.07052679	0.27646503
G137L	G137L	137	137	0.9184215	0.71985257	0.7028981	0.35192737	0.23450094	0.29110903	0.5691435	0.60986346	0.5974846	0.28947347	10	0.5284675	0.22686304	0.88930315	Binding_K27	0.31816965	0.13658538	0.5354147
G137M	G137M	137	137	0.4603363	0.63401294	-0.080382384	0.22782451	0.15253201	-0.027264923	-0.20410071	0.46421158	0.30524382	0.24134974	10	0.2173763	0.26505873	1.0390302	Binding_K27	0.13087378	0.15958151	0.62555957
G137N	G137N	137	137	-0.17415674	-0.23503506	-0.040900756	0.0058412584	-0.1473264	-0.27397227	-0.31495547	-0.09837839	-0.30433482	-0.20813064	10	-0.17913492	0.10952675	0.4293449	Binding_K27	-0.10785014	0.06594178	0.25849178
G137P	G137P	137	137	0.47491893	0.7245549	0.42281353	0.3990929	0.7340314	0.8508846	0.5302564	1.0471267	0.81511843	0.9562312	10	0.6955029	0.22866286	0.89635843	Binding_K27	0.41873515	0.13766898	0.5396624
G137Q	G137Q	137	137	-0.0035129304	0.17694679	0.24804728	0.5722731	0.35821575	0.53882325	0.377287	0.24818982	0.15679607	0.048130188	10	0.2721196	0.19129667	0.74988294	Binding_K27	0.1638326	0.11517226	0.45147526
G137R	G137R	137	137	0.083445564	0.21301004	-0.15525304	-0.10492708	-0.13836966	-0.068998024	-0.05519888	0.0015972945	-0.17957315	-0.02481133	10	-0.042907827	0.11965566	0.4690502	Binding_K27	-0.025833128	0.07204001	0.28239682
G137S	G137S	137	137	-0.011754694	-0.23183276	-0.09195486	-0.1786853	-0.24041902	-0.0781304	-0.2854153	-0.108967535	0.02514347	0.052002087	10	-0.11500142	0.1167111	0.45750752	Binding_K27	-0.069237866	0.0702672	0.27544743
G137T	G137T	137	137	-0.0051827733	-0.20180392	-0.19053859	-0.10609844	0.10817978	-0.00023106227	0.08008295	-0.256936	0.17233461	-0.18792203	10	-0.058811545	0.15013762	0.5885395	Binding_K27	-0.035408136	0.090392	0.35433665
G137V	G137V	137	137	0.45522812	0.47721064	0.24166715	0.34505865	0.27349293	0.27163807	0.4061045	0.58956504	0.6066298	0.39338604	10	0.40599808	0.12820657	0.50256974	Binding_K27	0.2444356	0.07718817	0.30257764
G137W	G137W	137	137	0.59854823	0.8582556	2.1449	0.19289255	0.73040885	0.342728	1.2488648	1.4004145	0.9117029	0.9007836	10	0.9329499	0.56205064	2.2032385	Binding_K27	0.5616927	0.33838874	1.3264838
G137Y	G137Y	137	137	0.41822004	0.7140253	0.5722638	1.0427964	0.911202	0.94484836	0.87717104	0.8460187	0.39827007	0.77437377	10	0.74991894	0.22169648	0.8690502	Binding_K27	0.45149693	0.1334748	0.5232212
G14A	G14A	14	14	0.41459164	1.071028	1.17042	0.7321119	1.1664677	1.2211585	1.3662138	0.6376593	0.6133094	0.9964095	10	0.938937	0.3167257	1.2415648	Binding_K27	0.5652973	0.19068818	0.7474977
G14C	G14C	14	14	1.2992841	0.87559426	1.3705156	1.3489403	1.0417784	1.1575	0.83234954	0.86551446	0.993258	1.0997201	10	1.0884454	0.20237401	0.7933061	Binding_K27	0.6553105	0.1218415	0.4776187
G14D	G14D	14	14	0.15016979	0.82843745	0.8447554	0.55206704	1.2056867	0.71030116	0.34463292	0.051323	0.7282231	0.8076208	10	0.6223217	0.35222787	1.3807333	Binding_K27	0.37467563	0.21206266	0.83128566
G14E	G14E	14	14	1.0486193	0.5793667	0.17020701	0.60362065	1.2816548	0.56500727	1.3877604	1.2731093	0.7974791	1.1619301	10	0.88687545	0.40245476	1.5776227	Binding_K27	0.5339531	0.24230231	0.9498251
G14F	G14F	14	14	0.3642138	0.6338778	0.8336703	0.23765166	0.6780942	-0.08151696	1.0675169	0.68410337	0.5066203	0.86478	10	0.5789012	0.3355306	1.31528	Binding_K27	0.3485338	0.20200989	0.79187876
G14H	G14H	14	14	0.39059287	1.396547	0.96600974	0.16732816	0.7132715	0.22574264	1.0136607	0.5746006	0.11798162	1.1077845	10	0.6673519	0.4433446	1.7379109	Binding_K27	0.40178654	0.26692048	1.0463283
G14I	G14I	14	14	1.2186658	1.4051715	0.7597833	0.98804003	1.2038479	1.1019216	1.3398513	1.1496744	1.2585952	1.4589772	10	1.188453	0.20603558	0.8076595	Binding_K27	0.71552116	0.12404598	0.48626027
G14K	G14K	14	14	0.87259436	0.8858546	0.97665507	0.86035335	1.2250359	0.8573512	0.8860988	1.2675889	1.2466635	0.918231	10	0.99964267	0.17397395	0.68197787	Binding_K27	0.60184586	0.10474292	0.41059226
G14L	G14L	14	14	1.1627053	1.4926902	0.9687152	0.674677	1.454803	1.2849332	1.5701026	1.2319694	1.0030774	1.2231338	10	1.2066807	0.27193114	1.0659701	Binding_K27	0.7264953	0.16371913	0.641779
G14M	G14M	14	14	0.43470323	0.518814	0.5544806	0.97606456	1.2270151	1.0245954	1.2063932	0.601739	1.2896268	1.2832507	10	0.9116683	0.34794658	1.3639506	Binding_K27	0.5488799	0.20948505	0.8211814
G14N	G14N	14	14	0.25925443	1.294326	0.69842696	1.4063752	0.69462186	0.046020154	0.88461375	0.50819856	0.7274785	0.32314357	10	0.6842459	0.4327343	1.6963185	Binding_K27	0.41195774	0.26053244	1.0212872
G14P	G14P	14	14	0.20623073	0.19293994	0.27750066	0.21574171	0.5734204	0.21144165	0.21360299	1.0325576	1.0234457	0.41428953	10	0.43611708	0.33428594	1.310401	Binding_K27	0.26256907	0.20126052	0.78894126
G14Q	G14Q	14	14	1.17456	1.1221007	0.5557133	0.96905774	0.3232536	0.493927	0.36540753	0.42726696	0.8113927	0.19229427	10	0.64349735	0.35048762	1.3739115	Binding_K27	0.38742465	0.21101491	0.8271785
G14R	G14R	14	14	0.7791845	0.78268015	1.0660352	0.4264664	1.2402964	0.98665756	1.3515142	-0.024113316	0.8531551	0.5976894	10	0.80595654	0.4036594	1.5823449	Binding_K27	0.48523498	0.24302757	0.9526681
G14S	G14S	14	14	-0.13377286	0.25896397	1.1567605	0.991849	1.1306661	0.39144644	0.16862392	0.5769555	0.88561153	-0.0064391876	10	0.54206645	0.47676608	1.8689231	Binding_K27	0.32635707	0.28704226	1.1252056
G14T	G14T	14	14	0.4720698	0.75810695	0.12639205	1.0888019	0.9849256	0.89998484	0.42170608	0.41251898	0.75191355	0.55511135	10	0.6471531	0.300472	1.1778502	Binding_K27	0.3896256	0.18090247	0.7091377
G14V	G14V	14	14	0.5559776	0.11644824	0.7716849	1.0388794	0.4371542	0.279453	0.946244	0.35078898	0.21499786	0.30800948	10	0.50196373	0.31736508	1.2440711	Binding_K27	0.30221277	0.19107313	0.7490067
G14W	G14W	14	14	0.70111567	0.31176412	0.53505814	0.023622572	0.54893845	1.123263	0.7076148	0.78197175	-0.2000657	1.2837319	10	0.5817015	0.454005	1.7796997	Binding_K27	0.3502198	0.2733387	1.0714878
G14Y	G14Y	14	14	0.6982092	1.0153134	1.1986363	1.0136255	0.92059624	0.95936465	1.0880231	1.1594326	1.2495903	1.3629239	10	1.0665715	0.18908216	0.74120206	Binding_K27	0.64214104	0.11383899	0.44624886
G150A	G150A	150	150	-0.80262125	-0.86533564	-0.9374024	-0.8027962	-0.9069264	-0.6273389	-0.73499477	-0.60705185	-0.804811	-0.77675337	10	-0.78660315	0.10782262	0.42266467	Binding_K27	-0.47358307	0.06491579	0.2544699
G150C	G150C	150	150	-0.65938306	-0.8345117	-0.6066732	-0.75836766	-0.95277506	-0.54346293	-0.43130302	-0.698254	-0.54252934	-0.5979255	10	-0.66251856	0.15406622	0.6039396	Binding_K27	-0.39887658	0.092757255	0.36360845
G150D	G150D	150	150	-0.5942812	-0.94485253	-0.60415363	-0.45495296	-0.82713085	-0.98672587	-0.9816383	-0.9976499	-1.0881294	-0.8493406	10	-0.83288556	0.2116115	0.82951707	Binding_K27	-0.5014479	0.12740302	0.49941984
G150E	G150E	150	150	-0.108010225	-0.22014424	0.08892681	-0.06506159	-0.2671433	-0.85086995	-0.059171017	-0.5327043	-0.73077404	-0.8067809	10	-0.35517326	0.34614328	1.3568816	Binding_K27	-0.21383595	0.20839936	0.81692547
G150F	G150F	150	150	-0.8020983	-0.7458924	-0.96983033	-0.48906988	-0.55498195	-0.84237784	-0.9882636	-0.8865198	-0.9745034	-0.5067516	10	-0.77602893	0.19547959	0.76628	Binding_K27	-0.46721673	0.11769063	0.46134728
G150H	G150H	150	150	-0.6879433	-0.8311438	-0.8370689	-0.8174761	-0.6123495	-0.60985315	-0.91830164	-0.7202535	-0.6609822	-0.71990323	10	-0.74152756	0.10460541	0.4100532	Binding_K27	-0.4464448	0.062978834	0.24687703
G150I	G150I	150	150	-0.8968159	-0.7609965	-0.67746574	-0.9096479	-1.1596553	-1.0581379	-0.99602395	-0.45197046	-0.86011827	-0.60076344	10	-0.8371595	0.21678716	0.84980565	Binding_K27	-0.50402105	0.13051909	0.5116348
G150K	G150K	150	150	-0.7998881	-1.175156	-0.577552	-0.7767494	-0.51295555	-0.5666383	-0.63549966	-0.17144844	-0.505873	-0.654189	10	-0.637595	0.25685552	1.0068736	Binding_K27	-0.38387108	0.15464269	0.6061993
G150L	G150L	150	150	-0.7464418	-0.8714456	-0.9806694	-1.1435509	-1.012671	-0.6990251	-0.7890206	-0.91555595	-0.8482475	-0.7091986	10	-0.8715827	0.14409572	0.5648552	Binding_K27	-0.52474594	0.08675441	0.3400773
G150M	G150M	150	150	-0.95869505	-0.9153019	-0.6898217	-0.8161607	-1.0559243	-0.6630383	-0.9996208	-1.1194532	-1.0955029	-0.8873426	10	-0.9200861	0.1590868	0.6236203	Binding_K27	-0.5539479	0.09577995	0.3754574
G150N	G150N	150	150	-0.9402713	-1.0014458	-1.1600182	-0.9921647	-0.85515547	-0.8803874	-0.6427805	-0.8093449	-1.0077622	-1.0012317	10	-0.92905617	0.14071667	0.55160934	Binding_K27	-0.55934846	0.084720016	0.33210248
G150P	G150P	150	150	-1.0147582	-1.3294164	-1.5287168	-1.2013385	-1.3593228	-1.5531974	-1.4066073	-1.4594861	-1.2655351	-1.322598	10	-1.3440977	0.16019265	0.6279552	Binding_K27	-0.8092288	0.09644575	0.37806734
G150Q	G150Q	150	150	-0.9310267	-1.2711337	-1.1295955	-0.55732596	-1.2363986	-1.0022084	-1.0439041	-0.5275526	-0.8790917	-0.8868547	10	-0.9465092	0.25185034	0.98725337	Binding_K27	-0.5698562	0.15162925	0.5943867
G150R	G150R	150	150	-0.18266217	-0.24515252	-0.2411267	-0.5033097	-0.47063848	-0.4737975	-0.30487984	-0.157555	-0.2568443	-0.18799964	10	-0.3023966	0.13147193	0.51537	Binding_K27	-0.1820612	0.07915412	0.31028414
G150S	G150S	150	150	-0.97481966	-1.0645812	-1.2560974	-1.3373967	-1.1012143	-1.1792861	-1.2162786	-1.2944945	-0.9913266	-1.0887839	10	-1.1504279	0.12551707	0.49202693	Binding_K27	-0.6926278	0.07556893	0.2962302
G150T	G150T	150	150	-1.5331938	-1.450218	-1.266516	-1.2166382	-1.1622974	-0.9986802	-1.3866525	-1.2571082	-1.2841077	-1.3294	10	-1.2884812	0.15052104	0.5900425	Binding_K27	-0.77574426	0.09062284	0.35524154
G150V	G150V	150	150	-0.34541762	-0.42648017	-0.4463174	-0.41139057	-0.42463228	-0.52010477	-0.31646088	-0.34214607	-0.3043511	-0.43045965	10	-0.39677605	0.067729704	0.26550046	Binding_K27	-0.23888338	0.04077741	0.15984745
G150W	G150W	150	150	-0.5875553	-0.8802716	-0.7837746	-0.80307895	-0.81576777	-0.7532189	-0.79492486	-1.0265027	-0.86584985	-0.804888	10	-0.8115832	0.10986545	0.43067256	Binding_K27	-0.48862258	0.066145696	0.25929114
G150Y	G150Y	150	150	-0.483592	-0.67478734	-0.3937758	-0.5635587	-1.1343367	-0.8513118	-0.3569684	-0.39985964	-1.0168278	-0.58590746	10	-0.64609253	0.27151695	1.0643464	Binding_K27	-0.3889871	0.16346976	0.6408015
G173A	G173A	173	173	-0.24816357	-0.20453066	-0.28067318	-0.23179606	-0.37818316	-0.15424137	-0.20167342	-0.48282757	-0.25440875	-0.34135613	10	-0.27778536	0.097828045	0.38348594	Binding_K27	-0.16724372	0.05889845	0.23088193
G173C	G173C	173	173	-0.16778678	-0.15259577	-0.2009247	-0.15205763	-0.20256953	-0.14425758	-0.24800469	-0.22918978	-0.21399859	-0.4245399	10	-0.21359248	0.08207115	0.3217189	Binding_K27	-0.1285957	0.049411837	0.1936944
G173D	G173D	173	173	-0.38504392	-0.3647091	-0.25885776	-0.3468486	-0.45145953	-0.32877693	-0.36767703	-0.5583928	-0.4426514	-0.46102864	10	-0.39654455	0.08399302	0.32925263	Binding_K27	-0.23874399	0.05056892	0.19823016
G173E	G173E	173	173	-0.13912274	-0.38601756	-0.4023559	-0.15601842	-0.049502276	-0.1916938	-0.33427826	-0.18065584	0.04104874	-0.62276644	10	-0.24213624	0.19476356	0.76347315	Binding_K27	-0.14578079	0.11725954	0.4596574
G173F	G173F	173	173	1.3675138	1.0613282	1.0264603	0.9796319	0.9540334	0.92753786	0.9851783	1.3959135	1.5758421	1.09116	10	1.13646	0.22557694	0.8842616	Binding_K27	0.68421817	0.13581108	0.53237945
G173H	G173H	173	173	0.4281971	0.88228554	0.6446847	0.6040748	0.6350779	1.0071331	0.8465073	0.26292348	1.0497864	0.63401175	10	0.69946826	0.24880031	0.9752972	Binding_K27	0.42112255	0.14979295	0.58718836
G173I	G173I	173	173	-0.10218146	-0.1284201	-0.20740946	-0.18918501	-0.03721054	-0.013042332	-0.20736504	0.045418806	-0.034700993	-0.20582385	10	-0.10799199	0.09387058	0.36797267	Binding_K27	-0.06501777	0.056515813	0.22154199
G173K	G173K	173	173	0.1356525	-0.091513336	-0.028828094	0.06728455	-0.12511246	0.13944909	-0.23703924	-0.34927556	0.07787854	0.05714031	10	-0.03543637	0.16404182	0.64304394	Binding_K27	-0.021334855	0.098763175	0.38715166
G173L	G173L	173	173	-0.214497	-0.16304886	-0.14179522	-0.13183902	-0.42699724	-0.32100105	-0.29094434	-0.096620776	-0.21373132	-0.28429824	10	-0.22847731	0.102155425	0.40044928	Binding_K27	-0.13755727	0.061503794	0.24109487
G173M	G173M	173	173	-0.73249483	-0.37377715	-1.2957954	-0.32500857	-0.7772571	-0.5266993	-0.30581385	-0.3481662	-0.39135006	-0.54671466	10	-0.5623077	0.30684942	1.2028497	Binding_K27	-0.33854353	0.18474206	0.7241889
G173N	G173N	173	173	0.0732947	0.083122775	-0.03814998	0.06459436	-0.02959775	-0.0925346	0.13820356	-0.32037136	-0.18232116	-0.07834408	10	-0.038210355	0.13899024	0.54484177	Binding_K27	-0.023004964	0.0836806	0.32802796
G173P	G173P	173	173	-0.3369591	-0.38308355	-0.36597827	-0.5310825	-0.38842604	-0.269825	-0.38267812	-0.20396236	-0.278221	-0.15746427	10	-0.329768	0.10684314	0.41882512	Binding_K27	-0.19854045	0.064326085	0.25215825
G173Q	G173Q	173	173	0.110522635	-0.19005135	0.03683627	-0.1811814	-0.071395144	0.17064708	-0.14393413	-0.027372248	-0.09323378	-0.31048086	10	-0.06996429	0.14694792	0.57603586	Binding_K27	-0.04212277	0.08847161	0.3468087
G173R	G173R	173	173	-0.1947882	-0.15042971	-0.08773588	-0.29618317	-0.20479344	-0.108715534	-0.273492	-0.24030413	-0.14152677	-0.22333683	10	-0.19213057	0.069173366	0.2711596	Binding_K27	-0.11567432	0.041646585	0.16325462
G173S	G173S	173	173	-0.0035981468	-0.031613152	-0.21245962	-0.043084316	-0.23323669	-0.11389071	-0.076541275	-0.095608264	-0.12221843	-0.3136866	10	-0.12459371	0.09915102	0.38867202	Binding_K27	-0.07501301	0.05969496	0.23400424
G173T	G173T	173	173	-0.114213146	-0.26797938	-0.013609661	-0.07218874	-0.13420816	-0.21274838	-0.2551795	-0.42773595	-0.29111937	-0.16960074	10	-0.19585828	0.120882176	0.47385815	Binding_K27	-0.11791863	0.07277844	0.2852915
G173V	G173V	173	173	-0.37387115	-0.1738023	-0.30777845	-0.18861124	-0.37980786	-0.34929723	-0.29538968	-0.3175875	-0.42459044	-0.41927624	10	-0.3230012	0.086563975	0.3393308	Binding_K27	-0.19446643	0.052116793	0.20429783
G173W	G173W	173	173	1.5941889	2.2477336	0.98992866	0.79513544	1.5799669	2.0263398	2.1378446	1.4172041	2.5864673	2.1946838	10	1.7569492	0.57973945	2.2725787	Binding_K27	1.0577905	0.3490385	1.3682309
G173Y	G173Y	173	173	1.7855409	1.8113556	1.3474327	1.0643349	0.95528424	1.3218709	1.1576767	1.4547678	2.1967456	1.8786887	10	1.4973699	0.4038734	1.5831838	Binding_K27	0.901508	0.24315642	0.95317316
G47A	G47A	47	47	0.16048825	0.045892898	-0.0005713264	0.033467147	0.05218023	0.14532268	0.12729244	0.11778248	0.07048362	0.14140593	10	0.08937444	0.055763617	0.21859339	Binding_K27	0.05380886	0.0335731	0.13160655
G47C	G47C	47	47	0.5255163	0.22203359	0.20373002	0.4967335	0.45661467	0.49735445	0.6498031	0.61388403	0.5291813	0.44071174	10	0.4635563	0.14685139	0.5756575	Binding_K27	0.27908915	0.08841349	0.3465809
G47D	G47D	47	47	0.07427584	-0.041895747	-0.023668926	-0.026161423	-0.029071517	0.10014611	0.03748995	0.048807018	0.06961481	0.10548368	10	0.03150198	0.056987416	0.22339067	Binding_K27	0.018966112	0.034309898	0.1344948
G47E	G47E	47	47	-0.1387707	-0.247393	-0.18812434	-0.08018921	-0.11320021	-0.060377	-0.018570013	-0.034143373	-0.108878426	-0.03389662	10	-0.10235429	0.07340258	0.28773814	Binding_K27	-0.06162352	0.044192832	0.17323591
G47F	G47F	47	47	0.5473955	0.7712783	0.8261516	0.5749165	0.64667964	0.5791651	0.8490236	0.9358983	0.7162675	0.7205304	10	0.71673065	0.13043347	0.5112992	Binding_K27	0.43151554	0.0785289	0.3078333
G47H	G47H	47	47	0.07939136	0.13960975	0.19433731	-0.13646568	0.053253792	0.066700585	-0.025334645	0.0032415777	0.06976093	0.02255935	10	0.046705436	0.09048178	0.35468858	Binding_K27	0.02811952	0.05447555	0.21354416
G47I	G47I	47	47	0.46084842	0.7620828	0.6700703	0.65703607	0.7095117	0.64207494	0.67624265	0.60979027	0.5423961	0.61570007	10	0.63457537	0.0850353	0.33333838	Binding_K27	0.38205308	0.051196437	0.20069003
G47K	G47K	47	47	0.11093411	0.02479402	0.05432866	0.040917963	0.10659757	0.18657045	0.096178114	0.14082187	0.08692795	0.13616768	10	0.09842384	0.049469624	0.19392093	Binding_K27	0.059257153	0.02978373	0.11675222
G47L	G47L	47	47	0.54644763	0.59655654	0.60413074	0.6710274	0.5918154	0.56960136	0.45968148	0.5905643	0.53536326	0.5589836	10	0.57241714	0.054734904	0.21456084	Binding_K27	0.34463003	0.03295375	0.1291787
G47M	G47M	47	47	0.36167753	0.5554928	0.5277214	0.31405413	0.29459125	0.08424466	0.19057885	0.29268643	0.23707862	0.26385537	10	0.3121981	0.14279704	0.5597644	Binding_K27	0.1879623	0.085972525	0.3370123
G47N	G47N	47	47	0.08525293	0.05101895	0.24213573	0.17540288	0.24274343	0.35050473	0.20885354	0.15354411	0.2295616	-0.0501113	10	0.16889066	0.114605375	0.44925308	Binding_K27	0.10168247	0.068999425	0.27047774
G47P	G47P	47	47	-0.061055403	0.1663433	0.026022868	0.08317779	0.16997854	0.030238051	0.09687232	0.2365378	-0.0949543	0.08549037	10	0.07386513	0.1032254	0.4046436	Binding_K27	0.044471312	0.062147986	0.24362011
G47Q	G47Q	47	47	-0.076337755	-0.052875537	-0.1840084	-0.12101603	-0.11364328	0.037283823	-0.119701296	-0.15457836	-0.03901521	-0.108474724	10	-0.09323668	0.06325712	0.24796791	Binding_K27	-0.056134164	0.038084645	0.14929181
G47R	G47R	47	47	0.0029111702	0.04955545	0.10090331	0.08412577	0.09144696	0.09071392	0.008881117	0.09468695	0.056608967	0.14493184	10	0.07247655	0.04351272	0.17056987	Binding_K27	0.0436353	0.02619731	0.10269346
G47S	G47S	47	47	0.14136791	0.015091148	0.10058449	0.11215695	0.079443395	0.053154103	0.058921352	0.1629501	0.035034698	0.007926951	10	0.07666311	0.052268606	0.20489293	Binding_K27	0.046155866	0.031468887	0.12335804
G47T	G47T	47	47	0.11696712	0.19777487	0.058327913	0.19831848	0.12328385	0.0807619	0.17555217	0.10634952	0.1687434	0.1566465	10	0.13827257	0.04853197	0.19024532	Binding_K27	0.08324852	0.029219205	0.11453928
G47V	G47V	47	47	0.20772918	0.24189247	0.22195756	0.27096185	0.35160166	0.36270332	0.25489262	0.21317364	0.26367512	0.27565077	10	0.26642382	0.05336555	0.20919296	Binding_K27	0.16040339	0.032129314	0.12594691
G47W	G47W	47	47	0.47533166	0.46509963	0.39570832	0.5745194	0.44389978	0.45337826	0.48385876	0.46403354	0.5816388	0.43492255	10	0.47723907	0.058547962	0.22950801	Binding_K27	0.28732702	0.03524944	0.13817781
G47Y	G47Y	47	47	0.28302768	0.31083924	0.39106032	0.33615282	0.28952676	0.31835964	0.35222358	0.3983938	0.26477298	0.21787035	10	0.31622273	0.0559905	0.21948276	Binding_K27	0.19038536	0.033709694	0.132142
G59A	G59A	59	59	-0.74482083	-0.7440982	-0.6982025	-0.57391566	-0.70391166	-0.69936067	-0.71004504	-0.6839687	-0.6554605	-0.6258454	10	-0.6839629	0.052850373	0.20717347	Binding_K27	-0.41178736	0.031819146	0.12473106
G59C	G59C	59	59	-1.3639666	-1.2847544	-1.3897494	-1.4629021	-1.3818079	-1.3969878	-1.3632294	-1.3684622	-1.1343678	-1.315447	10	-1.3461674	0.088228665	0.34585637	Binding_K27	-0.8104749	0.053119037	0.20822664
G59D	G59D	59	59	-0.846188	-1.0968406	-1.0760498	-1.0456555	-0.9924303	-0.8371267	-0.8306712	-0.56804025	-0.97313046	-0.91386455	10	-0.9179996	0.15763938	0.6179464	Binding_K27	-0.55269176	0.09490852	0.3720414
G59E	G59E	59	59	-1.2182089	-0.92740595	-1.1051563	-1.1786033	-0.98750144	-1.2189194	-1.0599108	-0.85047495	-0.7141712	-0.8742789	10	-1.0134631	0.1717758	0.6733612	Binding_K27	-0.6101666	0.103419505	0.40540448
G59F	G59F	59	59	-0.40467703	-0.52874655	-0.37943456	-0.47555912	-0.5602554	-0.2810687	-0.38874525	-0.45834702	-0.506778	-0.4868997	10	-0.44705114	0.08360101	0.32771596	Binding_K27	-0.26915205	0.050332908	0.19730501
G59H	G59H	59	59	-1.1458539	-0.7816745	-1.0479152	-0.7871833	-0.9030833	-0.87576485	-0.82658815	-0.78495723	-0.70821136	-0.9365516	10	-0.87977827	0.1342892	0.5264137	Binding_K27	-0.52968013	0.08085029	0.31693313
G59I	G59I	59	59	-1.4879026	-1.3751254	-1.2472421	-1.1901752	-0.9617677	-1.0444257	-1.1479816	-1.5027769	-1.1586732	-1.3375992	10	-1.2453669	0.17990205	0.70521605	Binding_K27	-0.74978685	0.108312	0.42458305
G59K	G59K	59	59	-1.1957557	-1.1393048	-1.4164431	-1.4038707	-1.4384496	-1.1476898	-1.1871026	-1.1417825	-1.1560928	-1.157855	10	-1.2384347	0.12657665	0.49618047	Binding_K27	-0.74561316	0.07620686	0.2987309
G59L	G59L	59	59	-0.8906294	-1.1348652	-0.9845087	-1.157633	-1.018696	-1.0375333	-1.0224475	-0.9855869	-0.9579151	-0.9855082	10	-1.0175322	0.07931366	0.31090954	Binding_K27	-0.6126164	0.047751658	0.1871865
G59M	G59M	59	59	-0.738163	-1.022275	-0.8585085	-0.74429137	-0.8901802	-0.9747962	-0.91753644	-1.1090297	-0.8699366	-0.8759513	10	-0.90006673	0.114640996	0.4493927	Binding_K27	-0.54189503	0.06902087	0.2705618
G59N	G59N	59	59	-1.9265004	-1.9947461	-1.7227485	-2.0603282	-1.7819439	-1.7703921	-2.1608534	-2.0539386	-1.5212651	-1.6872442	10	-1.867996	0.20213911	0.79238534	Binding_K27	-1.1246475	0.12170007	0.47706428
G59P	G59P	59	59	-0.66252077	-0.66554	-0.55641574	-0.71626866	-0.7266745	-0.57663184	-0.7175616	-0.59394556	-0.64557105	-0.35454547	10	-0.6215676	0.11142775	0.43679678	Binding_K27	-0.3742216	0.067086294	0.2629783
G59Q	G59Q	59	59	-1.3516992	-1.0508108	-1.0286105	-0.95096475	-0.87413156	-0.7489961	-0.9218375	-0.7903281	-1.2787981	-1.0814157	10	-1.0077593	0.19498418	0.764338	Binding_K27	-0.60673255	0.11739237	0.4601781
G59R	G59R	59	59	-1.7860993	-1.7000601	-1.6978905	-1.3610961	-1.1922727	-1.3162751	-1.3420625	-1.5302728	-1.4114616	-1.3830969	10	-1.4720588	0.19673494	0.77120095	Binding_K27	-0.88626915	0.118446425	0.46431
G59S	G59S	59	59	-1.0348861	-1.252738	-1.1248889	-1.1435419	-1.2398888	-1.1310492	-0.82606643	-0.9705671	-1.1362673	-1.0224372	10	-1.0882331	0.1283901	0.5032892	Binding_K27	-0.65518266	0.07729867	0.3030108
G59T	G59T	59	59	-1.5399944	-1.4726968	-1.3629081	-1.644669	-1.3012542	-1.5374886	-1.5102313	-1.4938395	-1.4283882	-1.462317	10	-1.4753788	0.09638029	0.37781075	Binding_K27	-0.888268	0.058026813	0.22746511
G59V	G59V	59	59	-1.3340025	-1.3788326	-1.3550103	-1.409235	-1.5152411	-1.344683	-1.1787248	-1.3094549	-0.996842	-1.2858906	10	-1.3107917	0.13999635	0.5487857	Binding_K27	-0.7891765	0.08428634	0.33040246
G59W	G59W	59	59	-0.36192814	-0.2974539	-0.4566013	-0.4764951	-0.5355543	-0.5921178	-0.37864655	-0.46908873	-0.5356624	-0.41049868	10	-0.45140466	0.09044575	0.35454735	Binding_K27	-0.27177313	0.054453857	0.21345912
G59Y	G59Y	59	59	-0.54144233	-0.95634204	-0.6861781	-0.6187265	-0.6526611	-0.61190677	-0.35314292	-0.7126665	-0.5987384	-0.57604885	10	-0.63078535	0.15122867	0.5928164	Binding_K27	-0.37977123	0.09104888	0.35691163
G74A	G74A	74	74	-1.033667	-1.2893761	-1.2818909	-1.276192	-1.1612655	-1.2987597	-1.0273978	-0.8990731	-1.0213834	-0.83814746	10	-1.1127152	0.17205407	0.67445195	Binding_K27	-0.6699224	0.10358704	0.4060612
G74C	G74C	74	74	-0.89474857	-0.8854113	-0.8949278	-0.8246008	-0.7304385	-0.9435283	-0.8498381	-0.9423953	-0.8456302	-0.8031146	10	-0.86146337	0.06532202	0.25606233	Binding_K27	-0.51865345	0.039327838	0.15416512
G74D	G74D	74	74	0.7289676	0.8743201	0.88694704	0.649963	0.41820624	0.8880782	0.74846727	0.881116	0.67091775	0.77852505	10	0.75255084	0.14832726	0.5814429	Binding_K27	0.4530815	0.089302056	0.35006407
G74E	G74E	74	74	0.5988353	0.6363774	0.7795328	0.592693	0.94844127	0.82327557	0.7264665	0.8222077	0.9262595	0.5147154	10	0.7368804	0.14779852	0.5793702	Binding_K27	0.44364694	0.08898372	0.3488162
G74F	G74F	74	74	0.4863957	0.36282858	0.410635	0.65056944	0.56673783	0.5380041	0.5831419	0.5181777	0.46783438	0.46481496	10	0.504914	0.08487293	0.3327019	Binding_K27	0.303989	0.05109868	0.20030682
G74H	G74H	74	74	0.28664654	0.3504607	0.35894313	0.27278107	0.44495282	0.2702709	0.5866606	0.49278677	0.34592533	0.24620153	10	0.36556295	0.11065179	0.43375504	Binding_K27	0.22009118	0.06661913	0.261147
G74I	G74I	74	74	0.60696995	0.49903694	0.482578	0.7048166	0.9143588	0.5298411	0.59522253	0.59648675	0.62045646	0.5543891	10	0.61041564	0.12481516	0.48927543	Binding_K27	0.36750743	0.07514633	0.29457363
G74K	G74K	74	74	0.8236789	0.71274865	0.88648385	0.71882224	0.62215304	0.60986376	0.6351824	0.7062245	0.6151947	0.7592626	10	0.7089615	0.093639486	0.3670668	Binding_K27	0.42683804	0.05637668	0.22099659
G74L	G74L	74	74	0.44238415	0.4759054	0.4477243	0.42807856	0.2882051	0.37370524	0.35722032	0.5327085	0.44248542	0.32315758	10	0.41115746	0.074326694	0.29136065	Binding_K27	0.24754186	0.0447492	0.17541687
G74M	G74M	74	74	0.3270318	0.2262283	0.33819005	0.34825686	0.24524796	0.14986928	0.3006559	0.23819984	0.29796568	0.28320658	10	0.27548522	0.061094925	0.2394921	Binding_K27	0.1658589	0.03678287	0.14418885
G74N	G74N	74	74	0.4624056	0.40654132	0.30714616	0.4765485	0.61769783	0.5470187	0.56011415	0.47329932	0.48628986	0.37950438	10	0.47165656	0.09125926	0.35773632	Binding_K27	0.283966	0.05494364	0.21537907
G74P	G74P	74	74	1.0461282	0.99619395	0.9763934	1.0498902	1.216693	1.0259191	1.1078876	1.1355077	1.0167383	0.981542	10	1.0552893	0.076644994	0.3004484	Binding_K27	0.6353485	0.04614496	0.18088824
G74Q	G74Q	74	74	0.33293584	0.42398328	0.5899143	0.63269013	0.67366266	0.8592955	0.6439387	0.5681597	0.59944683	0.563935	10	0.5887962	0.14107761	0.55302423	Binding_K27	0.3544912	0.08493732	0.3329543
G74R	G74R	74	74	0.72960013	0.7866496	0.80365133	0.7697805	0.8210595	0.79069644	0.81177163	0.85596824	0.79466116	0.7841053	10	0.7947944	0.03311958	0.12982877	Binding_K27	0.47851467	0.019940007	0.07816483
G74S	G74S	74	74	-0.70061576	-0.7837091	-0.681779	-0.65356797	-0.655469	-0.66109914	-0.6643892	-0.66977775	-0.69593644	-0.77713776	10	-0.69434816	0.048097864	0.18854363	Binding_K27	-0.41803992	0.028957848	0.113514766
G74T	G74T	74	74	0.023125714	-0.13878326	-0.22596177	-0.10160036	-0.27937734	-0.051235825	-0.10939265	-0.21096571	-0.08036353	-0.02923164	10	-0.120378636	0.09470989	0.37126276	Binding_K27	-0.07247528	0.057021126	0.22352281
G74V	G74V	74	74	0.14941636	0.25819668	0.27006805	0.320023	0.27649605	0.24919376	0.19299616	0.28641677	0.27316955	0.21022671	10	0.24862032	0.050407473	0.1975973	Binding_K27	0.1496846	0.030348372	0.11896562
G74W	G74W	74	74	0.37340224	0.22609608	0.47111306	0.39035735	0.5164569	0.52011657	0.39304417	0.38855588	0.43700337	0.3715836	10	0.4087729	0.08542489	0.3348656	Binding_K27	0.2461062	0.051430993	0.20160949
G74Y	G74Y	74	74	0.46198392	0.3945192	0.30584028	0.23352155	0.35658273	0.37148675	0.28797305	0.32220498	0.31365883	0.34293228	10	0.33907038	0.0626637	0.2456417	Binding_K27	0.20414104	0.037727367	0.14789128
G76A	G76A	76	76	0.22314315	0.2297016	0.157262	0.3802901	0.27896598	0.3909909	0.31088948	0.25296962	0.3154676	0.26728538	10	0.28069657	0.07172863	0.28117624	Binding_K27	0.16899645	0.04318501	0.16928524
G76C	G76C	76	76	1.6320568	1.102923	1.3836288	1.2842413	1.1993409	0.9943878	1.3943107	0.8176679	0.9581529	0.84421784	10	1.1610929	0.26521644	1.0396484	Binding_K27	0.6990487	0.15967646	0.62593174
G76D	G76D	76	76	0.3091658	-0.08552652	0.08014395	0.010051885	0.6976008	-0.34066316	0.45287788	0.34354627	0.37825936	-0.15997678	10	0.16854796	0.31969285	1.253196	Binding_K27	0.10147615	0.19247459	0.7545004
G76E	G76E	76	76	1.1226925	1.4424821	1.9702892	1.661382	1.1527898	0.43615958	1.6039829	1.6611904	1.518164	2.1292102	10	1.4698343	0.47948205	1.8795696	Binding_K27	0.8849299	0.28867742	1.1316155
G76F	G76F	76	76	2.0744343	1.7074714	2.0846848	1.3776814	1.303436	1.3048294	1.5196377	1.963146	1.4111692	1.7143307	10	1.6460822	0.3094592	1.2130802	Binding_K27	0.99104184	0.18631332	0.7303482
G76H	G76H	76	76	2.2252793	2.042516	1.1407781	1.8154683	1.1023608	1.6290971	1.5100992	1.8827896	1.1475058	1.7298248	10	1.622572	0.3940051	1.5445	Binding_K27	0.9768872	0.23721509	0.9298832
G76I	G76I	76	76	0.93912727	1.2029737	0.9306482	0.88567317	0.8478435	0.94683176	0.92909104	0.8125229	0.6316369	0.9288861	10	0.9055235	0.14158967	0.55503154	Binding_K27	0.5451803	0.08524562	0.33416283
G76K	G76K	76	76	-0.13589801	0.92465174	-0.006775279	-0.094451666	0.09870321	-0.13919538	0.414143	0.33094084	-0.11184464	0.07184626	10	0.135212	0.33787215	1.3244588	Binding_K27	0.08140587	0.20341964	0.797405
G76L	G76L	76	76	1.4101816	0.942579	1.1966509	1.3212551	1.1361147	1.1771728	0.989151	1.1710063	1.2726449	1.2106596	10	1.1827416	0.14042343	0.55045986	Binding_K27	0.71208256	0.08454347	0.3314104
G76M	G76M	76	76	1.4273531	1.4257799	1.3032123	1.386218	1.1063806	0.936964	0.88613343	1.116409	1.1563101	0.89048827	10	1.1635249	0.21495481	0.8426229	Binding_K27	0.7005129	0.1294159	0.50731033
G76N	G76N	76	76	0.8335482	1.4106214	0.6534662	1.073224	0.73619133	0.2916734	0.7313581	0.3715015	0.48462266	0.406092	10	0.6992299	0.345443	1.3541366	Binding_K27	0.42097902	0.20797776	0.8152728
G76P	G76P	76	76	0.2644124	0.3009928	0.45318407	0.2792359	0.43628865	0.3603406	0.28051043	0.00479963	0.43638176	0.09533056	10	0.29114768	0.1470482	0.57642895	Binding_K27	0.17528866	0.088531986	0.3470454
G76Q	G76Q	76	76	1.076504	2.5640023	1.9663913	1.3550885	2.2657783	0.426127	1.2068098	1.3547332	2.0714939	2.2458336	10	1.6532762	0.6703722	2.627859	Binding_K27	0.9953731	0.40360492	1.5821314
G76R	G76R	76	76	0.9446349	0.34949568	0.71372545	0.27602986	0.35677758	0.2234592	-0.020642914	1.3487892	0.55311614	0.4570733	10	0.5202459	0.3951452	1.5489693	Binding_K27	0.31321976	0.23790151	0.9325739
G76S	G76S	76	76	1.1992066	1.0528052	1.5271875	1.0448538	1.2009308	1.2107867	1.453537	1.3204529	1.3255557	1.1823171	10	1.2517632	0.15669452	0.6142425	Binding_K27	0.7536378	0.094339654	0.36981145
G76T	G76T	76	76	1.0309141	1.5003513	1.1112742	1.1620384	1.0377438	0.7876733	1.0121055	1.5170573	1.2451762	0.86392933	10	1.1268264	0.24076843	0.94381225	Binding_K27	0.6784182	0.14495727	0.56823254
G76V	G76V	76	76	0.6052211	0.80220044	0.733572	0.9577195	0.7925832	0.63401276	0.8001418	0.56009495	0.8369847	0.61167043	10	0.7334201	0.1268858	0.49739236	Binding_K27	0.4415636	0.076392986	0.2994605
G76W	G76W	76	76	1.252567	1.1506714	1.5779762	1.6159189	1.4961361	1.0758886	0.9464614	1.0104382	0.8437708	1.0539232	10	1.2023753	0.27336344	1.0715847	Binding_K27	0.72390324	0.16458146	0.64515936
G76Y	G76Y	76	76	1.7825809	1.8631194	1.3471843	1.9401125	1.6291115	2.2157817	2.006794	1.8582056	1.9091065	1.6119497	10	1.8163946	0.24077867	0.9438524	Binding_K27	1.0935802	0.14496344	0.56825674
G9A	G9A	9	9	-1.5309551	-1.6571101	-1.7266725	-1.482131	-1.4496614	-1.4134223	-1.6941588	-1.4055129	-1.3631952	-1.5818084	10	-1.5304629	0.12915324	0.5062807	Binding_K27	-0.92143196	0.077758126	0.30481187
G9C	G9C	9	9	-0.22257027	-0.45607775	-0.44609383	-0.59861076	-0.0944648	-0.09589612	-0.3311286	-0.36317366	-0.32354814	-0.6421745	10	-0.35737383	0.18691969	0.7327252	Binding_K27	-0.21516083	0.11253705	0.44114524
G9D	G9D	9	9	0.25893798	0.57499456	1.0277938	0.8546586	1.4188746	1.3290747	0.42088076	1.2778177	0.47008565	1.1672285	10	0.8800346	0.42332873	1.6594486	Binding_K27	0.5298345	0.2548697	0.99908924
G9E	G9E	9	9	1.3206007	1.3347075	1.2231673	0.59171873	0.41473815	1.336815	1.3532232	1.3094223	0.9149787	1.2483646	10	1.1047736	0.34430835	1.3496888	Binding_K27	0.6651411	0.20729461	0.8125949
G9F	G9F	9	9	1.5825944	0.85452884	1.1214938	1.0624983	0.56755	1.3763347	1.7150682	1.3664572	1.1796457	0.46482694	10	1.1290997	0.408998	1.6032722	Binding_K27	0.67978686	0.24624175	0.96526766
G9H	G9H	9	9	0.69054055	0.79663354	0.8269145	-0.08486238	0.7593455	0.64015734	0.75468606	0.49619633	0.8301723	0.7962476	10	0.6506031	0.2778851	1.0893097	Binding_K27	0.39170274	0.16730379	0.65583086
G9I	G9I	9	9	0.9303305	0.96393174	0.70939744	0.6401341	0.8192081	0.9505145	1.0463042	0.6874961	1.074513	0.837357	10	0.86591864	0.15175721	0.59488827	Binding_K27	0.52133584	0.091367096	0.35815904
G9K	G9K	9	9	-0.88288116	-0.50538653	-0.58117914	-0.5986732	-0.27191776	-0.7748007	-0.14489189	-1.0133822	-0.63123316	-1.0497849	10	-0.64541304	0.29593346	1.1600592	Binding_K27	-0.388578	0.17816998	0.69842637
G9L	G9L	9	9	0.5225013	0.59098625	-0.25762138	0.36164066	1.4276657	0.4464859	0.5736411	0.61459327	0.45530692	0.52494824	10	0.5260148	0.40548357	1.5894957	Binding_K27	0.31669298	0.24412583	0.95697325
G9M	G9M	9	9	0.51525337	-0.06067653	-0.3735947	-0.13871142	0.66733927	-0.4795968	-0.3785747	-0.4075223	0.04219868	-0.6808013	10	-0.12946863	0.43593824	1.7088779	Binding_K27	-0.07794801	0.2624614	1.0288486
G9N	G9N	9	9	1.5121158	1.5782019	1.2434083	1.23934	0.9683668	0.8993811	1.2159414	1.2597681	1.0754563	1.5333889	10	1.2525369	0.23352253	0.9154084	Binding_K27	0.7541036	0.14059481	0.55113167
G9P	G9P	9	9	-0.21113673	0.11345013	-0.39508438	0.8576231	0.49852782	1.037282	-0.23985812	0.09553899	0.49893138	-0.3755245	10	0.18797496	0.51389664	2.0144749	Binding_K27	0.11317239	0.3093971	1.2128366
G9Q	G9Q	9	9	1.2952455	1.3706554	0.3847053	0.9364115	-0.4924962	1.2632005	0.723416	1.0395153	0.90099424	1.249326	10	0.8670974	0.56543005	2.2164857	Binding_K27	0.5220455	0.34042338	1.3344597
G9R	G9R	9	9	1.6451663	1.6266611	1.5562323	1.6615863	1.3655218	1.3508862	1.7839775	1.6646287	1.8191433	1.8661661	10	1.633997	0.17347169	0.680009	Binding_K27	0.9837658	0.10444053	0.4094069
G9S	G9S	9	9	-1.1534986	-1.2051668	-1.5299883	-1.414289	-0.9616052	-1.105645	-1.303936	-1.0362077	-1.0255425	-1.1916561	10	-1.1927536	0.17961274	0.70408195	Binding_K27	-0.7181104	0.10813782	0.42390028
G9T	G9T	9	9	0.5194769	-0.071681365	-0.4375153	-0.74752045	0.0670276	0.71756834	-0.31430206	-0.1133029	0.82240176	0.94526327	10	0.13874158	0.5805741	2.2758505	Binding_K27	0.083530895	0.349541	1.3702008
G9V	G9V	9	9	0.50470245	1.4297963	0.7020639	1.4096514	0.46646556	1.1347351	1.3094839	1.4662691	0.5633157	0.64786094	10	0.9634344	0.42215705	1.6548556	Binding_K27	0.58004624	0.25416428	0.996324
G9W	G9W	9	9	1.3572198	0.9612943	0.7958349	1.1624053	0.94202644	1.3488953	1.3879031	1.59363	0.93632364	0.9168185	10	1.1402352	0.26654834	1.0448695	Binding_K27	0.68649113	0.16047835	0.62907517
G9Y	G9Y	9	9	1.1405745	1.1651313	1.0936706	1.2776996	0.8407546	0.8947097	1.0268487	1.2643367	0.8851751	1.2545155	10	1.0843416	0.16559269	0.6491233	Binding_K27	0.6528398	0.0996969	0.39081183
H165A	H165A	165	165	-0.3200743	-0.14627491	-0.32862633	-0.29274413	-0.33213875	-0.22617032	-0.24922638	-0.2878414	-0.2721864	-0.41705	10	-0.28723326	0.07223451	0.2831593	Binding_K27	-0.17293194	0.04348958	0.17047915
H165C	H165C	165	165	-0.36017635	-0.21106383	-0.035204172	-0.017618189	-0.2358341	-0.21625765	-0.12857528	-0.22051862	-0.19185916	-0.19742538	10	-0.18145326	0.09994646	0.39179015	Binding_K27	-0.109245926	0.060173865	0.23588155
H165D	H165D	165	165	-0.30788976	-0.3071935	-0.28786692	-0.12816578	-0.093025774	-0.15788698	-0.26965243	-0.1719759	0.060418237	-0.28490987	10	-0.19481486	0.120010965	0.47044298	Binding_K27	-0.11729042	0.07225392	0.28323537
H165E	H165E	165	165	-0.2631491	-0.10044954	0.11913876	-0.22208394	-0.26627335	-0.21506585	-0.33185706	-0.18454899	-0.17906229	-0.109008394	10	-0.17523597	0.12519531	0.49076563	Binding_K27	-0.10550274	0.07537521	0.2954708
H165F	H165F	165	165	-0.2830959	-0.22829127	-0.017051807	-0.076814316	-0.169368	-0.07842524	-0.28359327	-0.3674969	-0.2081626	-0.358388	10	-0.20706873	0.120998435	0.47431388	Binding_K27	-0.124668	0.07284843	0.28556585
H165G	H165G	165	165	-0.22294915	-0.32330635	-0.27619943	-0.35465568	-0.4005682	-0.26287693	-0.21587189	-0.07478015	-0.21719152	-0.43973708	10	-0.27881363	0.106051564	0.41572213	Binding_K27	-0.1678628	0.06384951	0.25029007
H165I	H165I	165	165	-0.08837173	-0.0073627424	-0.13210045	-0.08019203	-0.050868906	-0.053571068	-0.09000832	-0.018527446	0.113945134	0.15452021	10	-0.025253737	0.091972105	0.36053064	Binding_K27	-0.01520429	0.055372816	0.21706145
H165K	H165K	165	165	-0.442058	-0.51820153	-0.43138853	-0.6071475	-0.34399492	-0.34118828	-0.3396737	-0.26006377	-0.50855136	-0.393264	10	-0.41855317	0.104264185	0.4087156	Binding_K27	-0.25199452	0.0627734	0.24607173
H165L	H165L	165	165	-0.26458815	-0.30828273	-0.28214878	-0.32656467	-0.326229	-0.24830751	-0.29692096	-0.19005924	-0.243817	-0.1474159	10	-0.2634334	0.05856691	0.2295823	Binding_K27	-0.15860297	0.03526085	0.13822253
H165M	H165M	165	165	-0.14679943	-0.11278337	-0.46202782	-0.3437018	-0.18635818	-0.33454245	-0.12569988	-0.3607907	-0.22412223	-0.14664637	10	-0.24434721	0.121641316	0.47683397	Binding_K27	-0.14711192	0.07323549	0.28708312
H165N	H165N	165	165	-0.41273275	-0.21493064	-0.22446936	-0.1736097	-0.37394348	-0.16933636	-0.2956451	-0.2832538	-0.34308308	-0.40957037	10	-0.29005748	0.092699125	0.36338058	Binding_K27	-0.1746323	0.055810526	0.21877727
H165P	H165P	165	165	-0.28118622	-0.019081997	-0.353757	-0.25648755	-0.08158575	-0.24505773	-0.06776057	-0.077457435	-0.078225665	-0.026985364	10	-0.14875853	0.12166294	0.47691873	Binding_K27	-0.08956171	0.073248506	0.28713414
H165Q	H165Q	165	165	-0.4435475	-0.43977004	-0.33517075	-0.49407193	-0.5102152	-0.29664052	-0.19080669	-0.28075615	-0.33812156	-0.15747383	10	-0.34865743	0.121851094	0.4776563	Binding_K27	-0.20991303	0.07336179	0.28757823
H165R	H165R	165	165	-0.4473814	-0.4183956	-0.49392885	-0.45286703	-0.3657931	-0.40249136	-0.29561484	-0.30579603	-0.5043232	-0.40320992	10	-0.40898013	0.070895165	0.27790904	Binding_K27	-0.24623097	0.042683214	0.1673182
H165S	H165S	165	165	-0.40188238	-0.29406255	-0.28323862	-0.3703526	-0.35163635	-0.20947042	-0.36935887	-0.33160305	-0.4309101	-0.30984193	10	-0.3352357	0.064235516	0.25180322	Binding_K27	-0.20183232	0.0386737	0.1516009
H165T	H165T	165	165	-0.263613	-0.23596334	-0.089004904	-0.2101194	-0.2833969	-0.31233588	-0.27253136	-0.17092675	-0.36479682	-0.46714798	10	-0.26698366	0.103869945	0.4071702	Binding_K27	-0.16074044	0.06253604	0.24514128
H165V	H165V	165	165	-0.25828296	-0.16498147	-0.14725238	-0.043872744	-0.17500263	-0.19814016	-0.16768485	-0.061437327	-0.15945719	-0.2137436	10	-0.15898553	0.06469087	0.25358823	Binding_K27	-0.09571898	0.03894785	0.15267558
H165W	H165W	165	165	0.06801235	-0.03719279	0.06932149	0.066676505	0.16977401	0.14231418	-0.07978134	0.015015821	0.045337357	0.07285094	10	0.05323285	0.0745003	0.29204118	Binding_K27	0.03204942	0.044853725	0.17582661
H165Y	H165Y	165	165	-0.15169735	-0.10126646	0.009596963	-4.9294435e-05	0.101918764	0.20726942	-0.17964503	0.07662115	0.024076689	-0.24748941	10	-0.026066456	0.14137672	0.5541968	Binding_K27	-0.015693596	0.08511741	0.33366024
H26A	H26A	26	26	-0.6210577	-0.46663332	-0.3354697	-0.51449096	-0.4219496	-0.5678272	-0.42106473	-0.2933103	-0.29753715	-0.3601445	10	-0.4299485	0.11263065	0.44151217	Binding_K27	-0.25885522	0.06781052	0.26581725
H26C	H26C	26	26	-0.12081725	-0.19639264	-0.081156224	-0.07256195	-0.16787112	-0.23772314	-0.25972757	-0.32802916	-0.27633667	-0.22320417	10	-0.19638199	0.085177064	0.3338941	Binding_K27	-0.11823393	0.051281787	0.2010246
H26D	H26D	26	26	-0.054372102	-0.11110583	0.010635223	-0.13393061	-0.011758058	-0.050250407	-0.1732428	-0.020554135	-0.15786633	-0.13802747	10	-0.08404725	0.06648659	0.26062745	Binding_K27	-0.050601568	0.040028982	0.15691361
H26E	H26E	26	26	-0.025110893	-0.15050104	-0.119777925	-0.08020362	-0.04674309	-0.07653664	-0.1457893	-0.033322763	-0.05929332	0.081777364	10	-0.065550126	0.06807124	0.26683927	Binding_K27	-0.039465174	0.040983036	0.1606535
H26F	H26F	26	26	-0.4347552	-0.600116	-0.44570234	-0.6117127	-0.5895634	-0.46191233	-0.51176	-0.4974055	-0.48462725	-0.43353966	10	-0.50710946	0.06950078	0.27244306	Binding_K27	-0.30531082	0.04184371	0.16402735
H26G	H26G	26	26	-0.26145065	-0.24941199	-0.2771737	-0.16730192	-0.15520936	-0.33637145	-0.21677542	-0.36412275	-0.2838273	-0.19809008	10	-0.25097346	0.068403594	0.2681421	Binding_K27	-0.15110132	0.041183133	0.16143788
H26I	H26I	26	26	-0.12743583	-0.21008468	-0.07982537	0.09298825	-0.013407848	-0.2631537	-0.16003321	-0.019229582	-0.042803667	-0.26599705	10	-0.10889827	0.11775807	0.46161166	Binding_K27	-0.065563396	0.07089754	0.27791837
H26K	H26K	26	26	-0.34005627	-0.56039333	-0.47397053	-0.22538257	-0.19645925	-0.49380794	-0.28241515	-0.37755337	-0.5234225	-0.53870964	10	-0.40121707	0.13511297	0.5296429	Binding_K27	-0.24155714	0.08134624	0.31887728
H26L	H26L	26	26	-0.67882746	-0.6508069	-0.6182349	-0.6090524	-0.6638902	-0.5681551	-0.7463883	-0.5741898	-0.6614415	-0.6932856	10	-0.64642715	0.055099633	0.21599056	Binding_K27	-0.38918856	0.033173338	0.13003948
H26M	H26M	26	26	-0.6643417	-0.97629774	-0.7127991	-1.1638515	-0.8096851	-0.64864904	-1.0528123	-0.86396456	-0.7884551	-0.745854	10	-0.84267104	0.17170367	0.67307836	Binding_K27	-0.50733936	0.103376076	0.40523422
H26N	H26N	26	26	-0.1822616	-0.1389391	-0.18391703	-0.078304	-0.16341484	-0.29718813	-0.1799856	-0.40386337	-0.39808887	-0.024262613	10	-0.20502253	0.12548886	0.49191636	Binding_K27	-0.12343606	0.07555195	0.29616365
H26P	H26P	26	26	2.6820998	2.593623	2.1753485	2.1675835	2.4363155	2.4485495	2.1214504	2.5509133	2.284242	2.201365	10	2.366149	0.20193326	0.7915784	Binding_K27	1.4245659	0.12157614	0.47657847
H26Q	H26Q	26	26	-0.48460448	-0.8028915	-0.4740162	-0.42204976	-0.52753407	-0.6813332	-0.42472455	-0.5369633	-0.17366612	-0.5761763	10	-0.5103959	0.16687323	0.6541431	Binding_K27	-0.30728945	0.10046786	0.39383402
H26R	H26R	26	26	-0.31690767	-0.3760081	-0.2995286	-0.30346885	-0.31687424	-0.2361612	-0.33163768	-0.31091934	-0.32769135	-0.36298856	10	-0.31821853	0.037963245	0.14881593	Binding_K27	-0.19158696	0.022856189	0.089596264
H26S	H26S	26	26	-0.2471927	-0.101796955	-0.14322823	-0.12386727	-0.09772121	-0.14684896	-0.10583452	-0.17756574	-0.1603962	-0.16607483	10	-0.14705268	0.0450084	0.17643292	Binding_K27	-0.088534676	0.0270978	0.10622338
H26T	H26T	26	26	-0.022568494	-0.08134155	-0.2620637	-0.11938446	-0.17481765	-0.079219915	-0.26899418	-0.035090365	-0.041906636	-0.14524622	10	-0.123063326	0.08937366	0.35034478	Binding_K27	-0.07409163	0.053808395	0.21092892
H26V	H26V	26	26	-0.2099215	-0.19010629	-0.28815055	-0.28628108	-0.16117428	-0.054193977	-0.080640204	-0.13389887	-0.22602837	-0.2693362	10	-0.18997313	0.08251183	0.32344636	Binding_K27	-0.114375405	0.049677152	0.19473444
H26W	H26W	26	26	-0.7858834	-0.897009	-0.927699	-0.7170085	-0.85605025	-0.5632705	-0.85840154	-0.59393173	-0.6736387	-0.6373356	10	-0.7510229	0.13178319	0.5165901	Binding_K27	-0.45216155	0.079341516	0.31101874
H26Y	H26Y	26	26	0.15169144	-0.08689885	-0.022346426	0.04835835	0.00080452766	0.15772362	0.14038296	0.2257442	-0.05267429	0.03625511	10	0.05990407	0.1038957	0.40727115	Binding_K27	0.036065903	0.06255155	0.24520208
H93A	H93A	93	93	0.20646569	-0.10546455	-0.01602174	0.019032847	-0.045468923	0.014703459	-0.029929258	0.10573815	0.114119194	0.006146038	10	0.02693209	0.09100508	0.3567399	Binding_K27	0.01621476	0.05479061	0.21477918
H93C	H93C	93	93	-0.07539806	0.0030005204	-0.13379952	-0.14810894	-0.19979757	-0.11132362	-0.12329921	-0.20003909	-0.10233873	0.010198492	10	-0.10809058	0.07211433	0.2826882	Binding_K27	-0.06507712	0.043417227	0.17019553
H93D	H93D	93	93	-0.20597367	-0.29895762	-0.13629767	-0.061317816	-0.10932696	-0.053989522	-0.09341534	-0.23277074	-0.33557495	-0.37931904	10	-0.19069435	0.117739744	0.4615398	Binding_K27	-0.114809625	0.07088651	0.27787513
H93E	H93E	93	93	-0.23167951	-0.22230753	-0.20735249	-0.11543066	-0.70565015	-0.30393478	-0.376168	-0.3190618	-0.35550553	-0.4904484	10	-0.3327539	0.16756721	0.65686345	Binding_K27	-0.20033814	0.100885674	0.39547184
H93F	H93F	93	93	0.14337197	-0.04684976	0.054399934	-0.13145995	0.042909548	-0.03467718	0.07332307	0.1684217	0.1194152	0.12728417	10	0.051613867	0.09637813	0.37780228	Binding_K27	0.031074695	0.058025513	0.22746001
H93G	H93G	93	93	-0.100302465	-0.10395144	0.008837767	-0.05709508	-0.23373972	0.09653772	-0.06720365	0.11778489	0.15505603	0.16915144	10	-0.0014924512	0.1329913	0.5213259	Binding_K27	-0.0008985466	0.08006887	0.31386998
H93I	H93I	93	93	0.03093591	-0.1545671	-0.07763263	-0.06415128	0.07074804	-0.14155434	0.14570197	0.085803434	0.040746655	-0.016032588	10	-0.00800019	0.099945396	0.39178595	Binding_K27	-0.0048166024	0.06017322	0.23587903
H93K	H93K	93	93	-0.095186226	0.18355595	0.07144404	-0.23913655	0.16008395	-0.029223287	0.057924822	0.21997021	-0.05265226	-0.17572285	10	0.010105778	0.15488215	0.60713804	Binding_K27	0.006084295	0.093248494	0.3655341
H93L	H93L	93	93	0.011407301	-0.1179008	-0.21262929	-0.21288402	-0.25258908	-0.06313906	-0.16830108	-0.03238806	-0.17898561	-0.10695952	10	-0.13343692	0.086374916	0.33858967	Binding_K27	-0.08033716	0.052002966	0.20385163
H93M	H93M	93	93	0.12642576	-0.088023946	-0.2813566	-0.124380894	-0.51747984	-0.41381308	-0.20129576	-0.059464753	-0.37278202	-0.12814033	10	-0.20603113	0.19216445	0.75328463	Binding_K27	-0.1240433	0.11569472	0.4535233
H93N	H93N	93	93	0.23803693	-0.2086889	0.25528464	0.0110876355	-0.043883335	0.14880353	-0.08522948	0.08674477	0.13342282	0.13577136	10	0.067135	0.14739487	0.5777879	Binding_K27	0.040419362	0.0887407	0.34786355
H93P	H93P	93	93	0.40691286	-0.1579439	0.13063985	0.23101485	0.28112203	0.22424406	0.26187083	0.3723894	0.32047513	0.11234315	10	0.21830681	0.16202563	0.6351405	Binding_K27	0.13143401	0.09754931	0.3823933
H93Q	H93Q	93	93	-0.004528176	-0.02454045	0.19328964	-0.17270382	-0.013894248	-0.22437029	-0.058865443	-0.037165202	-0.18247187	0.017012853	10	-0.0508237	0.12062183	0.4728376	Binding_K27	-0.030598966	0.072621696	0.28467706
H93R	H93R	93	93	-0.04049521	-0.14166853	0.027667783	-0.17063576	-0.022463491	-0.024649074	-0.12839334	-0.0027936986	-0.14435445	-0.10320882	10	-0.07509946	0.070148826	0.2749834	Binding_K27	-0.045214456	0.04223387	0.16555677
H93S	H93S	93	93	-0.046451334	-0.12754688	-0.19691898	-0.08991012	-0.036308922	-0.08829496	-0.071729295	-0.10207508	-0.14578684	-0.22106612	10	-0.112608865	0.060811266	0.23838016	Binding_K27	-0.0677974	0.03661209	0.1435194
H93T	H93T	93	93	-0.36032528	-0.15070857	-0.47540858	-0.029002763	-0.023521379	-0.18853438	-0.28571808	-0.17308684	-0.15109222	-0.096766785	10	-0.19341649	0.14344472	0.5623033	Binding_K27	-0.11644852	0.086362466	0.33854088
H93V	H93V	93	93	-0.12766005	-0.25829324	-0.005950627	-0.20620261	-0.11720058	-0.09647579	-0.17079303	-0.0700427	0.023907913	0.0028873803	10	-0.102582335	0.09311628	0.36501583	Binding_K27	-0.06176082	0.05606168	0.21976179
H93W	H93W	93	93	0.19212116	0.08754488	0.072754286	0.13145009	0.11372397	0.13635303	-0.064948514	0.011861377	0.11344495	0.3512485	10	0.114555374	0.10956844	0.4295083	Binding_K27	0.06896932	0.06596688	0.2585902
H93Y	H93Y	93	93	-0.08946128	-0.3321364	-0.62460536	-0.13091214	-0.08928842	0.009936435	0.031976137	0.13901186	-0.16631348	-0.2510233	10	-0.1502816	0.21572435	0.84563947	Binding_K27	-0.09047868	0.1298792	0.5091265
H94A	H94A	94	94	-0.10643327	-0.021186471	-0.08723162	-0.13816723	-0.0033859294	0.008104387	-0.028655326	0.03723869	0.0566855	-0.087065764	10	-0.0370097	0.064857066	0.2542397	Binding_K27	-0.022282097	0.039047908	0.1530678
H94C	H94C	94	94	0.033191063	0.06318178	0.13532712	0.23157527	0.079080306	0.10493984	0.032250192	0.058641404	-0.23935346	-0.24250188	10	0.02563316	0.15213507	0.5963695	Binding_K27	0.015432726	0.09159459	0.3590508
H94D	H94D	94	94	0.032856148	0.005701121	0.14576037	0.021933306	-0.07780649	-0.14594544	0.05434617	0.14146428	0.035662677	0.15731303	10	0.037128516	0.09740677	0.38183454	Binding_K27	0.02235363	0.058644813	0.22988766
H94E	H94E	94	94	-0.06155005	-0.06630706	-0.09902934	0.020065982	-0.00043858305	-0.12054126	0.09395005	0.11701555	0.07666273	-0.026996426	10	-0.0067168414	0.08273045	0.32430336	Binding_K27	-0.004043948	0.049808774	0.19525039
H94F	H94F	94	94	0.17480917	-0.04656526	-0.09297205	0.055521782	0.12745726	0.106738076	0.030583575	0.16345467	0.030800203	0.10382399	10	0.06536515	0.08739835	0.34260154	Binding_K27	0.039353807	0.052619137	0.20626701
H94G	H94G	94	94	0.08217977	-0.04528986	0.06556579	0.03881342	0.14122927	0.05591525	0.043196198	0.19557607	0.071520805	0.027807469	10	0.06765141	0.06490978	0.25444633	Binding_K27	0.040730275	0.039079644	0.1531922
H94I	H94I	94	94	-0.008923921	0.20123947	-0.013232729	0.1390684	0.19139564	0.14715077	-0.0762763	0.17635737	-0.0026341525	0.09200516	10	0.08461497	0.10119984	0.3967034	Binding_K27	0.05094337	0.060928475	0.23883963
H94K	H94K	94	94	-0.23537734	-0.18819225	-0.09234341	-0.14347214	-0.1720818	-0.1756602	-0.25320822	-0.20360221	-0.25921026	-0.32447648	10	-0.20476241	0.06596775	0.2585936	Binding_K27	-0.12327946	0.03971661	0.1556891
H94L	H94L	94	94	0.18524559	0.07184915	-0.13422306	0.02088686	0.13859046	-0.06869283	0.055439208	0.15469836	0.08244108	-0.025239792	10	0.048099503	0.10174007	0.3988211	Binding_K27	0.028958833	0.061253726	0.24011461
H94M	H94M	94	94	-0.016329939	-0.07745009	0.1592221	0.07274923	0.0935777	0.18948813	0.07476467	0.079221584	0.116606474	-0.0655619	10	0.06262879	0.089510664	0.35088181	Binding_K27	0.03770635	0.053890876	0.21125224
H94N	H94N	94	94	-0.026275797	-0.02334921	-0.097664274	0.013005516	0.10712879	0.04507998	-0.010698409	0.090268545	0.038676783	0.09058893	10	0.022676086	0.0643557	0.25227436	Binding_K27	0.013652386	0.038746055	0.15188454
H94P	H94P	94	94	-0.23292442	-0.34538797	0.029374748	0.26358306	0.23638326	-0.27976137	0.1315166	0.10746631	-0.17456812	0.043337945	10	-0.022097996	0.2196825	0.8611554	Binding_K27	-0.013304341	0.13226226	0.5184681
H94Q	H94Q	94	94	0.024585728	-0.10536868	-0.16896401	0.041823506	-0.053318642	-0.07963728	-0.1646949	-0.046461836	-0.014087141	-0.06047459	10	-0.062659785	0.07076274	0.27738994	Binding_K27	-0.037725013	0.04260348	0.16700566
H94R	H94R	94	94	-0.084138505	-0.13936333	-0.105682865	-0.0699537	-0.10983179	-0.16685408	-0.17658922	-0.05173779	-0.15392514	-0.11945574	10	-0.11775321	0.041676126	0.16337042	Binding_K27	-0.070894614	0.02509157	0.09835896
H94S	H94S	94	94	0.005739776	-0.034809258	-0.0178506	-0.012947092	-0.031883713	-0.048853967	-0.09214139	0.030182565	-0.0156064695	0.040477198	10	-0.017769294	0.038383577	0.15046363	Binding_K27	-0.010698198	0.023109253	0.09058828
H94T	H94T	94	94	-0.04080191	-0.060560517	-0.026554514	0.036263555	-0.0069936574	-0.085253134	-0.22541302	-0.039561808	0.04437034	-0.0685716	10	-0.047307625	0.075525135	0.29605854	Binding_K27	-0.028482076	0.045470737	0.17824529
H94V	H94V	94	94	0.028663317	0.08615413	0.14377305	0.08243967	0.2523179	0.19997936	0.19256212	0.12849754	0.22315925	0.062490914	10	0.14000373	0.07502126	0.29408336	Binding_K27	0.08429078	0.04516737	0.1770561
H94W	H94W	94	94	-0.021302035	0.050199028	-0.04236896	0.15142995	0.061399892	0.103632845	0.010835739	0.074640565	-0.03102978	0.032234237	10	0.038967144	0.062107187	0.24346018	Binding_K27	0.023460597	0.037392315	0.14657788
H94Y	H94Y	94	94	-0.10921794	-0.09960092	-0.21707661	-0.05305692	-0.19577451	-0.25250545	-0.13143337	-0.06984161	-0.15834175	-0.06523314	10	-0.13520822	0.06875098	0.26950383	Binding_K27	-0.08140359	0.04139228	0.16225775
I138A	I138A	138	138	-0.7060705	-0.62577087	-0.55049086	-0.57601714	-0.73749304	-0.65680766	-0.7042007	-0.403457	-0.706104	-0.5064133	10	-0.6172825	0.107284404	0.42055488	Binding_K27	-0.3716417	0.06459175	0.25319967
I138C	I138C	138	138	-0.20077476	-0.08097827	-0.23429507	-0.43453202	-0.5815049	-0.45863318	-0.3974571	-0.41542533	-0.4296991	-0.3494564	10	-0.3582756	0.14635189	0.5736994	Binding_K27	-0.21570376	0.088112764	0.34540203
I138D	I138D	138	138	0.6157987	0.43784887	-0.017662974	-0.1372526	-0.22476327	-0.017504543	0.76434094	0.3046246	1.3836398	1.1713383	10	0.4280408	0.55499864	2.1755948	Binding_K27	0.25770667	0.334143	1.3098407
I138E	I138E	138	138	0.7938714	0.23179197	0.2952972	-0.07527157	0.09139648	-0.112627946	0.5970836	0.016392607	0.72197384	0.7253974	10	0.3285305	0.35320222	1.3845527	Binding_K27	0.19779539	0.21264927	0.83358514
I138F	I138F	138	138	-0.21878737	-0.39151177	-0.23648015	-0.23212826	-0.5559717	-0.36775404	-0.25990453	-0.27883983	-0.50137156	-0.17173012	10	-0.3214479	0.12831484	0.5029942	Binding_K27	-0.19353124	0.07725336	0.30283317
I138G	I138G	138	138	-0.11552674	-0.20208001	0.10717725	-0.030233348	-0.032470558	-0.34552065	-0.24565099	-0.054151192	-0.05026801	-0.28129902	10	-0.12500232	0.13972178	0.5477094	Binding_K27	-0.07525902	0.08412103	0.32975447
I138H	I138H	138	138	-0.3405056	-0.12384117	0.060118522	0.15984571	-0.44949684	-0.47745284	-0.27039012	-0.04186361	-0.28097934	-0.11334949	10	-0.18779147	0.21199022	0.8310017	Binding_K27	-0.11306191	0.12763104	0.5003137
I138K	I138K	138	138	0.71437943	0.3008891	0.2974531	0.0006784465	0.06543567	-0.29378745	0.021420026	-0.11059745	0.46993902	0.5267416	10	0.19925515	0.31515566	1.2354102	Binding_K27	0.11996375	0.18974292	0.7437923
I138L	I138L	138	138	-0.35027617	-0.52279997	-0.4009109	-0.3363107	-0.664775	-0.35374892	-0.30179283	-0.17387763	-0.5581013	-0.43938306	10	-0.41019765	0.14147536	0.55458343	Binding_K27	-0.246964	0.085176796	0.33389303
I138M	I138M	138	138	-0.61712384	-0.4442107	-0.41400942	-0.45528752	-0.40636584	-0.36733183	-0.46060485	-0.43025172	-0.4492531	-0.63559586	10	-0.46800345	0.088023186	0.3450509	Binding_K27	-0.28176662	0.052995324	0.20774168
I138N	I138N	138	138	-0.36413482	-0.1553055	0.123997696	-0.08808317	0.45082763	0.3622239	0.59810156	0.2239226	0.019609397	-0.21012548	10	0.09610339	0.3116881	1.2218174	Binding_K27	0.057860103	0.18765524	0.7356086
I138P	I138P	138	138	0.66497236	2.160813	0.54465353	0.9438979	0.26500958	0.7939594	0.16685914	0.6960829	0.6463581	1.318428	10	0.82010347	0.57176167	2.2413058	Binding_K27	0.4937523	0.3442354	1.3494028
I138Q	I138Q	138	138	0.08586072	0.51982206	0.07512308	0.07091486	0.33380106	-0.08624054	0.5335507	-0.31398535	0.2972064	-0.13121934	10	0.13848336	0.27971354	1.0964772	Binding_K27	0.083375424	0.16840461	0.66014606
I138R	I138R	138	138	-0.015102569	-0.2695014	0.029220387	0.17311034	-0.2541466	-0.114030786	0.48581165	0.14730813	0.22935176	0.34939587	10	0.07614168	0.24848215	0.97405005	Binding_K27	0.045841932	0.1496014	0.5864375
I138S	I138S	138	138	-0.17520039	-0.3695879	-0.17561358	-0.28011522	-0.20371114	-0.20554595	-0.19511609	-0.013301017	-0.02812636	-0.108536765	10	-0.17548543	0.10708748	0.41978294	Binding_K27	-0.10565293	0.06447319	0.2527349
I138T	I138T	138	138	0.21875165	0.035521753	0.1093133	0.14005475	0.1921887	0.047032513	0.03690516	0.31631857	0.34881827	0.019114507	10	0.14640193	0.11969922	0.46922094	Binding_K27	0.08814289	0.072066225	0.2824996
I138V	I138V	138	138	-0.28153175	-0.3005925	-0.34020895	-0.3542393	-0.51362467	-0.26033753	-0.35974625	-0.19708715	-0.359191	-0.25660935	10	-0.32231683	0.08607185	0.33740166	Binding_K27	-0.19405438	0.0518205	0.20313637
I138W	I138W	138	138	-0.020052686	-0.21074662	-0.14535597	-0.4368438	-0.3742955	-0.7220452	-0.338874	-0.3819069	-0.33564523	0.033359755	10	-0.2932406	0.21928722	0.8596059	Binding_K27	-0.17654872	0.13202427	0.51753515
I138Y	I138Y	138	138	-0.40403122	-0.044818904	-0.30144888	-0.15048403	-0.3443453	-0.13469766	0.13531488	-0.030667832	-0.5020351	-0.0819569	10	-0.1859171	0.19659296	0.7706444	Binding_K27	-0.111933425	0.118360944	0.46397492
I141A	I141A	141	141	-0.8356843	-1.0296468	-0.9449347	-0.7027255	-0.9393761	-0.92516565	-0.84576154	-0.6811026	-0.93977463	-1.0119675	10	-0.8856139	0.118777096	0.4656062	Binding_K27	-0.5331936	0.07151105	0.28032333
I141C	I141C	141	141	-0.6440609	-0.68050224	-0.584255	-0.6324547	-0.4366119	-0.6299348	-0.48711017	-0.6433732	-0.45560086	-0.7124892	10	-0.59063923	0.09693583	0.37998846	Binding_K27	-0.35560083	0.05836128	0.22877623
I141D	I141D	141	141	0.9394631	1.6796654	1.7021326	1.3434726	0.9071141	1.469372	1.2459478	2.365392	0.9337155	1.486692	10	1.4072968	0.44878274	1.7592283	Binding_K27	0.8472785	0.27019456	1.0591627
I141E	I141E	141	141	0.21633206	0.19452131	0.13935164	-0.19277243	0.056933798	-0.24099825	-0.17984222	-0.22409162	-0.5460441	-0.4003878	10	-0.11769976	0.25928155	1.0163836	Binding_K27	-0.07086243	0.1561033	0.61192495
I141F	I141F	141	141	0.26344502	0.53006977	0.60798883	0.4626952	0.36741582	0.3277115	0.24059735	0.38825306	0.4344682	0.32267708	10	0.3945322	0.11616938	0.45538396	Binding_K27	0.23753244	0.06994105	0.27416894
I141G	I141G	141	141	0.30352113	0.009357095	0.35355332	0.72270083	0.57109755	0.45932823	-0.041523837	0.274351	0.17629558	0.20440699	10	0.30330878	0.23723799	0.92997295	Binding_K27	0.18261038	0.14283173	0.5599004
I141H	I141H	141	141	-0.10354317	-0.41399765	-0.18847506	-0.432466	-0.44929925	-0.4236954	-0.26635134	-0.14757627	-0.27890542	-0.13122264	10	-0.2835532	0.13733886	0.53836834	Binding_K27	-0.17071633	0.08268637	0.3241306
I141K	I141K	141	141	-0.6512511	-0.8483594	-0.5102126	-0.83719057	-0.7110155	-0.50760204	-0.6021498	-0.47312206	-0.5996437	-0.907588	10	-0.66481346	0.15570532	0.61036485	Binding_K27	-0.40025824	0.09374409	0.36747685
I141L	I141L	141	141	-0.27511847	-0.28920597	-0.18744287	-0.2275182	-0.18340327	-0.19328323	-0.2930058	-0.26065707	-0.188301	-0.36861885	10	-0.24665546	0.061433975	0.24082118	Binding_K27	-0.14850163	0.036987	0.14498904
I141M	I141M	141	141	-0.27328098	-0.3270845	-0.3770955	-0.4980103	-0.47457677	-0.6194667	-0.24966583	-0.4853423	-0.16319455	-0.26076362	10	-0.37284812	0.14267576	0.559289	Binding_K27	-0.2244773	0.0858995	0.33672604
I141N	I141N	141	141	-0.011297805	-0.042863254	-0.14750867	-0.10231757	-0.18449003	0.09985736	-0.3661804	-0.10773997	-0.1990298	-0.30360904	10	-0.13651791	0.1371603	0.5376684	Binding_K27	-0.08219211	0.08257887	0.32370916
I141P	I141P	141	141	1.2081623	0.45989096	1.2018186	1.7979505	0.94569534	1.0559373	1.7953734	1.9340965	1.0291268	1.1318243	10	1.2559876	0.4578534	1.7947854	Binding_K27	0.7561811	0.27565566	1.0805702
I141Q	I141Q	141	141	-0.18402319	-0.26834592	-0.27053168	-0.49408376	-0.48667148	-0.3872108	-0.38530803	-0.17208692	-0.20556721	-0.22764303	10	-0.3081472	0.1213672	0.47575945	Binding_K27	-0.1855234	0.07307045	0.28643617
I141R	I141R	141	141	-0.6097791	-0.4502188	-0.50053126	-0.5620263	-0.54457927	-0.48758045	-0.7590068	-0.72434044	-0.6184625	-0.6261239	10	-0.5882649	0.099980876	0.39192504	Binding_K27	-0.35417134	0.06019458	0.23596276
I141S	I141S	141	141	0.026887616	0.00922431	-0.13829479	0.011293196	-0.081267536	-0.09780778	-0.025994424	-0.05145868	-0.08977991	-0.107744224	10	-0.054494224	0.057279572	0.22453593	Binding_K27	-0.032808844	0.034485795	0.13518432
I141T	I141T	141	141	-0.3477623	-0.29191902	-0.22822565	-0.19009301	-0.31664774	-0.25431544	-0.3073447	-0.03275008	-0.29122645	-0.07090138	10	-0.23311858	0.106066145	0.4157793	Binding_K27	-0.1403516	0.063858286	0.2503245
I141V	I141V	141	141	-0.6687718	-0.5390861	-0.44461313	-0.53960544	-0.4304905	-0.4305271	-0.48565668	-0.5417453	-0.6246253	-0.68794864	10	-0.539307	0.09525414	0.37339622	Binding_K27	-0.3246957	0.0573488	0.22480729
I141W	I141W	141	141	0.050575126	-0.04815371	0.09382309	-0.08396781	-0.14845364	0.05713944	0.4498499	0.21448436	0.10700164	0.06799386	10	0.07602923	0.16755429	0.65681285	Binding_K27	0.045774233	0.100877896	0.39544135
I141Y	I141Y	141	141	0.28857014	0.021757634	0.44444567	0.26677036	0.3364793	0.3894315	0.4413217	0.120625794	0.120908566	0.26938862	10	0.2699699	0.1433669	0.56199825	Binding_K27	0.16253835	0.08631562	0.33835724
I162A	I162A	162	162	-0.400742	-0.3741456	-0.23884703	-0.6659494	-0.6843395	-0.3823065	-0.22186683	-0.27292946	-0.049025055	-0.16196308	10	-0.34521142	0.20446023	0.8014841	Binding_K27	-0.20783833	0.123097524	0.4825423
I162C	I162C	162	162	-0.18661802	-0.06147367	-0.00049078517	-0.031845648	-0.023137176	0.1312386	0.19160677	0.026958356	-0.16420922	-0.43521968	10	-0.05531905	0.17657147	0.6921602	Binding_K27	-0.03330544	0.10630679	0.41672263
I162D	I162D	162	162	1.0515304	1.6056422	1.5490385	1.7503042	1.5981562	1.0072858	0.17255731	0.5519341	1.3016614	1.1360252	10	1.1724136	0.50435483	1.977071	Binding_K27	0.7058645	0.30365238	1.1903174
I162E	I162E	162	162	1.0301979	0.68569756	1.3341986	0.39647838	0.83177966	1.3110037	2.473101	0.8717286	1.1172873	0.69979995	10	1.0751272	0.5710187	2.2383933	Binding_K27	0.64729214	0.34378806	1.3476492
I162F	I162F	162	162	1.297483	1.1623639	1.268828	1.4147094	1.2959757	1.1520956	1.2956865	1.4009838	1.453593	1.4376862	10	1.3179405	0.10776411	0.4224353	Binding_K27	0.7934805	0.064880565	0.25433183
I162G	I162G	162	162	0.18821454	0.45127344	0.8054168	0.68606275	0.2703203	0.7012379	0.8389143	0.84567267	0.8949485	1.0856379	10	0.6767699	0.28704727	1.1252253	Binding_K27	0.40745676	0.17281996	0.67745423
I162H	I162H	162	162	1.0196439	0.7556952	0.81820416	0.890325	0.7809447	1.3507098	1.5202355	0.9390822	1.1669272	0.6036174	10	0.98453856	0.28540048	1.1187699	Binding_K27	0.5927522	0.1718285	0.6735677
I162K	I162K	162	162	0.96597147	0.8893397	0.46649635	2.2167683	0.5697774	1.0058899	0.43908837	0.6175558	0.59314215	1.1160691	10	0.8880099	0.52473843	2.0569746	Binding_K27	0.5346361	0.31592453	1.2384242
I162L	I162L	162	162	0.94938797	1.0470974	1.0127937	0.8225762	0.73910284	0.8590367	0.7058836	1.0445814	0.71312374	0.90852755	10	0.8802112	0.13334332	0.52270585	Binding_K27	0.5299408	0.08028081	0.31470078
I162M	I162M	162	162	1.256257	1.156988	1.0308661	1.123161	1.0421041	1.1057931	1.2050719	0.9576238	0.96652275	1.0396068	10	1.0883995	0.09876695	0.38716647	Binding_K27	0.65528286	0.05946373	0.23309782
I162N	I162N	162	162	1.6640302	1.3178524	0.5750596	0.9700577	1.5687016	1.3864799	1.3190924	1.6401103	1.3735834	2.3588881	10	1.4173857	0.46569195	1.8255125	Binding_K27	0.8533526	0.28037494	1.0990698
I162P	I162P	162	162	1.0256195	1.008389	0.722481	1.0775299	1.4156018	0.8690207	0.42416278	1.4923193	1.5712855	0.6203089	10	1.0226718	0.38195318	1.4972565	Binding_K27	0.6157108	0.2299591	0.90143967
I162Q	I162Q	162	162	0.45643955	1.1918787	1.0350186	1.7973186	1.4347734	1.4487995	1.3617278	1.7016896	1.6772754	1.3591182	10	1.3464041	0.39024124	1.5297457	Binding_K27	0.8106173	0.23494902	0.9210002
I162R	I162R	162	162	1.8093988	1.9304576	1.6635514	0.93181795	1.416989	1.24655	1.1986953	1.639354	1.4371133	1.7235715	10	1.4997499	0.31017405	1.2158823	Binding_K27	0.90294087	0.18674369	0.7320353
I162S	I162S	162	162	0.18345882	0.32212678	0.5462152	0.21454199	0.19510296	0.4445483	0.3692899	0.5100943	0.49851128	0.38245547	10	0.36663452	0.13525236	0.5301893	Binding_K27	0.22073634	0.08143017	0.31920627
I162T	I162T	162	162	0.54102606	0.6275482	0.5168657	0.4991904	0.5793514	0.60310125	0.6194336	0.75024045	0.6159693	0.5852167	10	0.5937943	0.07054157	0.27652296	Binding_K27	0.35750037	0.042470325	0.16648367
I162V	I162V	162	162	-0.4133514	-0.4075134	-0.4695056	-0.5682119	-0.36635077	-0.25589538	-0.2858719	-0.4518109	-0.33404222	-0.38717	10	-0.39397237	0.091360524	0.35813326	Binding_K27	-0.23719539	0.055004608	0.21561807
I162W	I162W	162	162	1.0632126	1.0823126	1.0700378	1.1119596	1.0801494	1.2415878	1.2971209	1.5648636	0.9545906	1.2168916	10	1.1682726	0.17201383	0.67429423	Binding_K27	0.70337135	0.10356282	0.40596625
I162Y	I162Y	162	162	1.6625797	1.7692018	1.8610884	1.6019742	1.0474797	1.4491982	1.3346746	1.5650831	1.5874333	1.5840489	10	1.5462763	0.22898397	0.89761716	Binding_K27	0.9309526	0.13786231	0.5404203
I186A	I186A	186	186	-0.3254778	-0.38226873	0.016680488	-0.7607024	-0.81405956	-0.55661386	-0.6258151	-0.5910954	-0.53512293	0.19793679	10	-0.43765384	0.32569385	1.2767199	Binding_K27	-0.26349428	0.19608755	0.7686632
I186C	I186C	186	186	-0.11279969	-0.50951374	-0.025789574	-0.06663555	-0.28837273	-0.21295024	-0.016794594	-0.31706062	-0.2793121	-0.15826532	10	-0.19874942	0.15448819	0.60559374	Binding_K27	-0.119659275	0.09301131	0.36460435
I186D	I186D	186	186	-0.56202847	-0.47816288	-0.89715517	-0.4493485	-0.21760546	-0.18937303	-0.2706328	-0.31012273	-0.31755087	-0.30240345	10	-0.39943835	0.21100982	0.8271585	Binding_K27	-0.24048625	0.12704077	0.49799985
I186E	I186E	186	186	-1.5133104	-1.140881	-0.60867345	-1.0517792	-0.992925	-1.244309	-0.6821931	-0.46735987	-0.86639315	-0.98948514	10	-0.9557309	0.31304243	1.2271264	Binding_K27	-0.5754083	0.18847063	0.7388049
I186F	I186F	186	186	-0.13839981	-0.12216523	0.031192623	0.048321806	-0.069	-0.07977768	-0.20035195	-0.23186176	-0.1661861	-0.1860617	10	-0.111428976	0.094566666	0.37070134	Binding_K27	-0.06708704	0.0569349	0.22318481
I186G	I186G	186	186	-0.5732723	-0.3642488	-0.33178797	-0.19672965	-0.17982046	-0.91065794	-0.31774607	-0.20390795	-0.25510955	-0.30954733	10	-0.36428282	0.223149	0.8747441	Binding_K27	-0.21932046	0.1343493	0.5266493
I186H	I186H	186	186	0.4373991	0.07655793	-0.34411824	-0.42241833	-0.08691816	-0.015798224	0.22268526	-0.27876508	-0.1948876	-0.14340624	10	-0.07496695	0.26488632	1.0383544	Binding_K27	-0.045134675	0.15947771	0.62515265
I186K	I186K	186	186	-0.6379002	-0.70880103	-0.37935603	-0.25696114	-0.36676285	-0.4115682	-0.4103393	-0.997701	-0.4685255	-0.51916593	10	-0.5157081	0.21510859	0.84322566	Binding_K27	-0.31048772	0.12950848	0.50767326
I186L	I186L	186	186	-0.4612954	-0.250923	-0.5878509	-0.38933438	-0.18365692	-0.37759927	-0.43480203	-0.42239147	-0.36819342	-0.24475299	10	-0.37207997	0.119126216	0.46697477	Binding_K27	-0.22401483	0.07172125	0.2811473
I186M	I186M	186	186	-0.42254075	-0.44022545	-0.35818392	-0.3218034	-0.2056516	-0.5038052	-0.23589219	-0.4716341	-0.36038333	-0.3464712	10	-0.3666591	0.09656189	0.3785226	Binding_K27	-0.22075114	0.058136143	0.22789368
I186N	I186N	186	186	-0.100919776	-0.07759004	-0.22177246	-0.35589096	-0.035594393	-0.14025488	-0.067413166	-0.00072769966	-0.21494743	0.05907417	10	-0.11560367	0.12182864	0.47756827	Binding_K27	-0.069600455	0.07334827	0.2875252
I186P	I186P	186	186	-0.5931968	-0.1494426	0.030659024	-0.8997606	-0.07166215	-0.11677569	-0.77202314	-0.24746674	-0.3777988	-0.21032172	10	-0.34077892	0.31383303	1.2302254	Binding_K27	-0.2051697	0.18894662	0.74067074
I186Q	I186Q	186	186				0.3567156	-0.38284925	-0.25172952	0.13876326	0.20468286	-0.57658976	-0.40714353	7	-0.13116434	0.3596597	1.4098661	Binding_K27	-0.078968935	0.21653707	0.84882534
I186R	I186R	186	186	0.054774385	-0.25330698	-0.27643597	-0.36967877	-0.31956849	-0.45696297	0.14063947	-0.14444254	-0.06957145	0.33214095	10	-0.13624124	0.24974814	0.9790127	Binding_K27	-0.082025535	0.15036361	0.5894254
I186S	I186S	186	186	-0.6276988	-0.25818422	-0.08808673	-0.32997367	-0.17295858	-0.24989827	-0.41027758	-0.35647753	-0.54737085	-0.65136206	10	-0.36922884	0.19022284	0.74567354	Binding_K27	-0.22229828	0.11452575	0.44894096
I186T	I186T	186	186	-0.46608052	-0.32794258	-0.08393935	4.0509345e-05	-0.06826071	-0.047464184	-0.08418276	-0.04571263	-0.06305417	-0.38165936	10	-0.15682557	0.16720216	0.65543246	Binding_K27	-0.094418555	0.1006659	0.39461032
I186V	I186V	186	186	-0.3567643	-0.36054173	-0.25427905	-0.34103343	-0.17479755	-0.27305532	-0.13807188	-0.21693794	-0.18840386	-0.44928262	10	-0.27531677	0.0993477	0.389443	Binding_K27	-0.16575749	0.059813377	0.23446845
I186W	I186W	186	186	0.049791463	-0.45304236	-0.16748907	-0.31184316	0.04465615	-0.44414374	-0.32651186	0.100534506	-0.005491619	-0.19113	10	-0.17046697	0.20948914	0.82119745	Binding_K27	-0.10263151	0.12612523	0.4944109
I186Y	I186Y	186	186	-0.1762503	-0.060604963	-0.05998718	-0.23417369	-0.4703068	-0.53645986	-0.73930335	-0.38751107	-0.07023766	-0.4289127	10	-0.31637475	0.23258318	0.91172606	Binding_K27	-0.1904769	0.14002925	0.5489147
I20A	I20A	20	20	0.09396985	0.08398073	0.102949515	0.07406391	0.23382185	0.121137306	0.019696325	0.09978208	0.10859998	0.050312568	10	0.098831415	0.056082584	0.21984373	Binding_K27	0.05950254	0.033765133	0.13235933
I20C	I20C	20	20	-0.056922425	-0.16206925	-0.23548457	-0.01000793	-0.1501512	-0.054511067	-0.16560315	0.015686896	-0.107892305	-0.15743914	10	-0.10843941	0.079640746	0.31219172	Binding_K27	-0.065287136	0.047948584	0.18795845
I20D	I20D	20	20	0.43746084	0.44668964	0.43059516	0.4866433	0.3641906	0.42365265	0.50870275	0.45254514	0.548984	0.48016426	10	0.4579628	0.05106754	0.20018476	Binding_K27	0.27572155	0.030745773	0.12052343
I20E	I20E	20	20	1.9274489	1.8469802	1.9151163	1.8876078	1.7096171	1.7288678	1.8740748	1.8523523	1.893017	2.0046983	10	1.863978	0.08847824	0.3468347	Binding_K27	1.1222284	0.053269293	0.20881563
I20F	I20F	20	20	-2.0916822	-2.182565	-2.363609	-2.2458322	-2.1196382	-2.0960684	-1.8787483	-1.6010296	-1.5608875	-2.23101	10	-2.037107	0.27166533	1.0649282	Binding_K27	-1.2264626	0.1635591	0.64115167
I20G	I20G	20	20	0.2765689	-0.02565274	-0.0032455232	-0.021075731	0.25989336	0.09482246	-0.017730063	-0.04391546	-0.054259755	0.17184067	10	0.063724615	0.12834285	0.503104	Binding_K27	0.038366105	0.077270225	0.3028993
I20H	I20H	20	20	-0.65593725	-0.70952713	-0.93884385	-0.7435718	-0.653132	-0.38304976	-0.5905468	-0.39809322	-0.71775264	-0.49816856	10	-0.62886226	0.16905105	0.66268015	Binding_K27	-0.3786134	0.10177904	0.39897385
I20K	I20K	20	20	1.3197653	1.4008698	1.284567	1.0861993	1.3750743	1.4144869	1.4450346	1.5259134	1.180347	1.2179972	10	1.3250254	0.13420886	0.5260987	Binding_K27	0.7977461	0.08080192	0.31674352
I20L	I20L	20	20	-1.1480405	-1.2215098	-1.2685544	-1.2293161	-1.1527805	-1.1273477	-1.154911	-1.1765314	-1.0781814	-1.1511225	10	-1.1708294	0.055310298	0.21681637	Binding_K27	-0.7049107	0.033300173	0.13053668
I20M	I20M	20	20	-1.0643313	-0.9891198	-1.0400833	-1.0258185	-1.0702397	-1.0036179	-0.95060754	-1.0092801	-1.0359606	-0.83150864	10	-1.0020567	0.06963619	0.27297387	Binding_K27	-0.60329926	0.041925233	0.16434692
I20N	I20N	20	20	-0.009306901	0.043768562	-0.17569986	-0.16262111	-0.09111353	-0.14708196	-0.09300346	-0.17063975	0.023889607	0.060083386	10	-0.0721725	0.09375662	0.36752596	Binding_K27	-0.043452244	0.056447204	0.22127305
I20P	I20P	20	20	2.8623753	2.6745524	2.6376834	2.339447	2.6747358	3.05292	2.442932	2.7490735	2.5365646	2.5724454	10	2.6542728	0.20457269	0.80192494	Binding_K27	1.598034	0.123165235	0.48280773
I20Q	I20Q	20	20	0.12940909	-0.043055344	-0.15853286	-0.13346918	0.18991627	-0.10236072	-0.04565696	0.006576444	0.22339585	-0.28329083	10	-0.021706823	0.16181898	0.6343304	Binding_K27	-0.0130688315	0.097424895	0.3819056
I20R	I20R	20	20	0.042510286	0.055214606	-0.28772053	-0.20432882	-0.35346475	-0.088034295	-0.2554055	0.0029258798	-0.0472077	-0.023933114	10	-0.1159444	0.14745522	0.57802445	Binding_K27	-0.0698056	0.08877703	0.34800595
I20S	I20S	20	20	0.21456702	0.19703193	0.15452202	0.15799065	0.17044774	0.17778383	0.23382206	0.13135308	0.1725572	0.24428383	10	0.18543594	0.036316987	0.1423626	Binding_K27	0.11164374	0.02186504	0.08571096
I20T	I20T	20	20	-0.060856473	-0.14328824	-0.081722364	-0.092266604	-0.14192924	-0.08547621	-0.10227858	-0.10531906	-0.015081556	-0.064195275	10	-0.08924137	0.038207166	0.1497721	Binding_K27	-0.053728748	0.023003044	0.09017193
I20V	I20V	20	20	0.3333351	0.40640786	0.37149975	0.28894246	0.30537495	0.28644088	0.29936537	0.39515853	0.37457407	0.3770492	10	0.34381482	0.046232652	0.181232	Binding_K27	0.20699748	0.027834876	0.10911272
I20W	I20W	20	20	-1.5138537	-1.4797288	-1.4519268	-1.5298288	-1.6146153	-1.5822921	-1.5777957	-1.5939044	-1.4266045	-1.5039915	10	-1.5274541	0.06363788	0.2494605	Binding_K27	-0.9196205	0.038313884	0.15019043
I20Y	I20Y	20	20	-1.1551286	-0.97114867	-1.0632207	-0.983508	-1.074454	-1.0509987	-0.9174589	-0.87393373	-0.9054085	-0.9111476	10	-0.9906408	0.09188306	0.36018163	Binding_K27	-0.5964262	0.055319205	0.2168513
I23C	I23C	23	23	0.1253118	0.13025811	0.08223542	0.19104478	0.19081262	0.2747929	0.4647629	0.6735331	0.3670901	0.14288202	10	0.2642724	0.1868673	0.7325198	Binding_K27	0.15910809	0.1125055	0.4410216
I23D	I23D	23	23	2.2651339	1.9233266	2.4251883	1.815972	2.2734125	2.2570994	2.2382264	2.1456702	2.5472822	2.8620834	10	2.2753396	0.29706708	1.164503	Binding_K27	1.3698932	0.1788525	0.7011018
I23E	I23E	23	23	1.5083117	1.5040516	1.5740582	1.4807608	1.3457096	1.4457103	1.3721887	1.5857035	1.5510359	1.544972	10	1.4912503	0.08180977	0.3206943	Binding_K27	0.8978236	0.04925447	0.19307752
I23F	I23F	23	23	0.30215198	0.52545446	0.32607502	0.4569435	0.25890955	0.31335667	0.55541867	0.37463507	0.33875915	0.3931792	10	0.38448834	0.09867077	0.38678944	Binding_K27	0.23148543	0.059405822	0.23287083
I23G	I23G	23	23	0.9387875	0.8710826	0.7262974	0.6984369	0.8114288	0.7820246	0.7470698	0.6948849	0.8021444	0.8520154	10	0.7924172	0.07923354	0.31059548	Binding_K27	0.47708347	0.047703423	0.18699741
I23H	I23H	23	23	1.3228096	1.6375735	1.404151	1.6795473	1.1652935	1.3748195	1.259723	1.3483864	1.1441767	1.2491294	10	1.3585609	0.1794008	0.7032512	Binding_K27	0.81793654	0.108010225	0.4234001
I23K	I23K	23	23	0.06944348	-0.10695808	0.107070014	-0.39341867	0.065149106	-0.20015974	0.106470846	-0.0518412	0.07610863	-0.30333525	10	-0.06314708	0.18219824	0.7142171	Binding_K27	-0.038018394	0.10969445	0.43000224
I23L	I23L	23	23	-0.06998729	-0.2882099	-0.14924884	-0.25273198	-0.2686032	-0.20057292	-0.061324753	-0.12020907	-0.24801835	-0.40736398	10	-0.20662704	0.10812091	0.42383397	Binding_K27	-0.124402076	0.06509538	0.2551739
I23M	I23M	23	23	0.05514929	0.14059073	0.03147148	0.18488349	-0.16028157	0.16611609	0.07111981	0.2977672	0.1085747	0.2549018	10	0.1150293	0.12885548	0.5051135	Binding_K27	0.06925465	0.07757886	0.30410913
I23N	I23N	23	23	0.2630312	0.6228974	0.2956941	0.32176906	0.2922551	0.2601684	0.47318292	0.2607709	0.50174063	0.41752136	10	0.3709031	0.12628789	0.49504855	Binding_K27	0.22330628	0.07603301	0.29804942
I23P	I23P	23	23	1.443679	1.3862929	1.6753004	2.170431	2.4145906	1.3754102	1.8713092	1.1943897	1.8940246	1.5877156	10	1.7013143	0.3854652	1.5110236	Binding_K27	1.024295	0.23207356	0.90972835
I23Q	I23Q	23	23	-0.19054998	-0.23064272	-0.24291511	-0.028625775	-0.22085214	-0.15567076	-0.2445123	-0.033865526	0.011414004	-0.05104026	10	-0.13872606	0.10195911	0.39967972	Binding_K27	-0.083521545	0.0613856	0.24063157
I23R	I23R	23	23	0.5725352	0.51649374	0.5552834	0.60348725	0.57984483	0.27621248	0.53284246	0.551278	0.5348284	0.5955858	10	0.5318392	0.09408963	0.36883134	Binding_K27	0.3201996	0.056647692	0.22205895
I23S	I23S	23	23	0.16790721	0.34969288	0.45269233	0.20809609	0.35218376	0.19933695	0.25712448	0.2284102	0.3600052	0.54573363	10	0.31211826	0.12202727	0.4783469	Binding_K27	0.18791422	0.07346786	0.287994
I23T	I23T	23	23	0.2096548	0.030620638	-0.036125015	0.0045197206	0.15257938	0.26127115	0.0059927707	0.18253958	0.12249178	0.30433428	10	0.1237879	0.1180899	0.4629124	Binding_K27	0.07452787	0.07109732	0.2787015
I23V	I23V	23	23	0.013521744	-0.09517366	-0.052187063	0.17228854	-0.004886649	-0.015887955	0.017688608	-0.09049904	-0.031090826	0.078718305	10	-0.0007507995	0.07998926	0.31355792	Binding_K27	-0.00045202707	0.048158415	0.188781
I23W	I23W	23	23	1.4914759	1.4520513	1.9779786	1.2905017	1.1609741	1.2541165	1.1901613	1.343673	1.0014243	1.1845899	10	1.3346946	0.26778162	1.049704	Binding_K27	0.8035675	0.16122086	0.6319858
I23Y	I23Y	23	23	1.2436154	1.2725775	1.5037843	1.7352557	2.1514206	1.028865	1.7670568	1.4585104	1.7597841	1.503044	10	1.5423913	0.32347044	1.2680042	Binding_K27	0.9286136	0.19474892	0.7634158
I35A	I35A	35	35	0.6097035	0.7104713	0.73370093	0.8140141	0.6494762	0.9810202	0.70400417	0.61875576	0.5830922	0.7668774	10	0.7171116	0.11820496	0.46336344	Binding_K27	0.4317449	0.07116659	0.27897304
I35C	I35C	35	35	-0.18251084	-0.41332915	-0.81380016	-0.098163605	-0.013203738	-0.112005256	-0.16826023	-0.18840061	-0.20728202	-0.33202153	10	-0.25289768	0.22759989	0.8921916	Binding_K27	-0.15225983	0.137029	0.5371537
I35D	I35D	35	35	1.914793	2.2447488	1.5902812	2.3929224	1.6746738	2.2950552	1.8445121	1.6142267	1.460775	1.5826014	10	1.861459	0.3380271	1.3250662	Binding_K27	1.1207118	0.20351292	0.7977707
I35E	I35E	35	35	2.334854	2.4020786	2.350257	3.111939	3.1171303	2.4309275	2.848047	2.3224077	3.033983	2.076322	10	2.6027946	0.38456672	1.5075016	Binding_K27	1.567041	0.23153262	0.90760785
I35F	I35F	35	35	-0.07159116	0.21743365	-0.026273536	-0.013915795	0.27939963	0.41078356	0.13762514	0.02186888	-0.029029336	0.24469845	10	0.117099956	0.16435358	0.64426607	Binding_K27	0.07050131	0.09895088	0.38788745
I35G	I35G	35	35	2.654049	2.642339	2.46921	3.1248066	2.6291213	2.815819	3.0806892	2.6305273	3.2557697	2.9209077	10	2.8223238	0.26149115	1.0250453	Binding_K27	1.699211	0.15743361	0.61713976
I35H	I35H	35	35	1.087498	0.9726583	1.7543018	1.1033064	1.3779932	2.2036943	2.0804157	1.73594	0.93474495	1.0127153	10	1.4263268	0.48022982	1.882501	Binding_K27	0.8587357	0.28912765	1.1333804
I35K	I35K	35	35	2.2441683	1.8116549	1.9981432	1.2983809	1.9689331	1.9308538	2.1320987	1.8864683	1.72519	1.4028237	10	1.8398716	0.29798946	1.1681187	Binding_K27	1.1077149	0.17940782	0.70327866
I35L	I35L	35	35	-1.1346391	-1.24807	-1.0985572	-1.3753088	-1.0959196	-1.1420431	-1.0949924	-1.0453172	-1.1818308	-1.0800143	10	-1.1496692	0.09783575	0.38351613	Binding_K27	-0.6921709	0.058903087	0.23090011
I35M	I35M	35	35	-0.48450896	-0.3463495	-0.262288	-0.22846106	-0.22436021	-0.6834328	-0.37943986	-0.46670446	-0.24789324	-0.28248495	10	-0.3605923	0.14752877	0.57831275	Binding_K27	-0.21709855	0.088821314	0.34817955
I35N	I35N	35	35	2.4515007	2.3513255	2.9956155	1.6720172	2.2812486	1.9880388	2.0112462	1.9582523	2.3155644	2.222677	10	2.2247486	0.35765675	1.4020145	Binding_K27	1.3394343	0.21533117	0.8440982
I35P	I35P	35	35	1.2501463	0.6691929	1.3932487	1.2100413	1.2498773	1.4358469	1.0656037	1.612008	0.50035155	1.4135044	10	1.1799822	0.34940043	1.3696498	Binding_K27	0.7104212	0.21036036	0.8246126
I35Q	I35Q	35	35	1.0405971	1.770026	2.3224175	1.5708905	1.1509583	1.2821159	1.9995093	1.9948918	0.92253214	1.448244	10	1.5502183	0.46428213	1.819986	Binding_K27	0.93332595	0.27952614	1.0957425
I35R	I35R	35	35	2.636323	2.04352	2.5803266	2.6931498	2.7764962	2.4634216	2.855678	2.7556326	3.10981	2.2007422	10	2.61151	0.31223905	1.2239771	Binding_K27	1.5722883	0.18798694	0.7369088
I35S	I35S	35	35	2.0649798	2.3289433	2.3709216	2.7699258	2.2032244	2.8563366	2.7791274	2.7657852	2.3772635	2.8103704	10	2.5326877	0.29294267	1.1483353	Binding_K27	1.5248324	0.17636935	0.69136786
I35T	I35T	35	35	1.8160924	1.5783201	1.8082497	1.6273612	1.5824306	1.54868	2.0077507	1.488938	1.4129907	2.159016	10	1.7029829	0.23903435	0.9370147	Binding_K27	1.0252995	0.14391325	0.56413996
I35V	I35V	35	35	-0.021136893	0.11869078	0.032397337	0.17724271	-0.066620946	0.114108235	0.00904366	0.0027846557	0.11041866	0.13946725	10	0.06163954	0.080413155	0.31521958	Binding_K27	0.03711076	0.048413623	0.18978141
I35W	I35W	35	35	2.082252	1.8474715	1.6392286	1.7662493	1.6968521	1.6981473	1.6596997	1.7785133	1.9845843	2.1255298	10	1.8278528	0.1771217	0.6943171	Binding_K27	1.1004789	0.10663806	0.4180212
I35Y	I35Y	35	35	1.1771911	1.4650044	1.4986833	1.7369101	1.3360177	1.2493625	1.5154372	1.6876118	1.316388	1.4664536	10	1.444906	0.17987324	0.7051031	Binding_K27	0.8699215	0.10829466	0.42451507
I45A	I45A	45	45	-0.1512606	-0.16594744	-0.14337711	-0.06985215	-0.033909198	-0.042607952	-0.2709335	0.086091466	-0.14612205	-0.11051234	10	-0.104843095	0.09619455	0.37708265	Binding_K27	-0.06312194	0.057914983	0.22702675
I45C	I45C	45	45	0.46177983	0.19128804	0.15464884	0.08272404	0.11043618	0.21797462	0.30869308	0.116743706	0.28877363	-0.1359416	10	0.17971203	0.15920882	0.6240986	Binding_K27	0.1081976	0.09585342	0.37574542
I45D	I45D	45	45	-0.34694955	-0.1628203	-0.19163947	-0.36195892	-0.29522115	0.1059634	-0.02643591	-0.015679253	-0.45971456	0.034771074	10	-0.17196847	0.19170806	0.7514956	Binding_K27	-0.10353551	0.11541994	0.45244616
I45E	I45E	45	45	-0.040359363	-0.26079085	0.026298847	-0.30739	-0.27934188	-0.24826787	0.16611516	-0.31906128	-0.33245364	-0.5316364	10	-0.21268873	0.20403755	0.7998272	Binding_K27	-0.12805158	0.12284304	0.48154473
I45F	I45F	45	45	0.13095376	-0.25035566	0.0068360553	0.18609633	-0.029055942	-0.09363218	0.20729919	0.060269166	0.10241669	0.13080764	10	0.045163505	0.1406036	0.5511661	Binding_K27	0.027191184	0.08465194	0.3318356
I45G	I45G	45	45	-0.2402433	-0.15372072	-0.0625945	-0.10318923	-0.19010706	-0.29531416	-0.18904543	-0.22344531	-0.30809474	-0.1439459	10	-0.19097003	0.07879464	0.308875	Binding_K27	-0.1149756	0.04743918	0.18596159
I45H	I45H	45	45	0.0714263	-0.23616163	0.010949166	-0.14176084	-0.23524971	-0.08385386	0.21163324	-0.06531013	-0.25053528	-0.026543297	10	-0.07454061	0.14923042	0.5849833	Binding_K27	-0.04487799	0.089845814	0.3521956
I45K	I45K	45	45	0.13949709	0.3709363	0.09355464	0.22353882	0.42532852	-0.16010739	0.18861693	0.15885523	0.31290317	0.10590683	10	0.18590301	0.16554646	0.6489422	Binding_K27	0.11192495	0.09966906	0.39070272
I45L	I45L	45	45	0.056516513	0.092611566	0.29040468	0.24518263	0.13484356	0.10672973	0.08070046	0.13582072	0.14664796	0.105209805	10	0.13946676	0.07365024	0.28870896	Binding_K27	0.08396749	0.044341937	0.17382039
I45M	I45M	45	45	-0.044692934	-0.029345699	-0.08021638	0.030112842	0.12097685	0.14315602	-0.114159174	0.073595636	0.17473544	0.098981924	10	0.037314452	0.10010216	0.39240047	Binding_K27	0.022465575	0.0602676	0.236249
I45N	I45N	45	45	0.12664141	0.090375505	0.08575937	0.2774139	0.24201201	0.23194687	0.30679062	0.027277712	0.19961995	0.1701806	10	0.1758018	0.09159057	0.35903504	Binding_K27	0.1058434	0.055143107	0.21616098
I45P	I45P	45	45	-0.5732327	-0.6181044	-0.4484025	-0.77814573	-0.62476754	-0.5455395	-0.5336312	-0.530114	-0.59039444	-0.7073411	10	-0.5949673	0.09427578	0.36956108	Binding_K27	-0.3582066	0.056759767	0.2224983
I45Q	I45Q	45	45	-0.5952803	-0.25131556	-0.19967654	-0.2629097	-0.30309197	-0.34300894	-0.5128234	-0.5477137	-0.6586487	-0.49912983	10	-0.4173599	0.16332127	0.6402194	Binding_K27	-0.2512761	0.098329365	0.3854511
I45R	I45R	45	45	0.081622444	-0.27709284	-0.057603817	0.018298563	-0.030036235	-0.033823434	-0.10475528	-0.13172403	-0.08355158	-0.08885849	10	-0.07075247	0.09561751	0.37482065	Binding_K27	-0.0425973	0.05756757	0.22566488
I45S	I45S	45	45	-0.049380865	-0.07948738	-0.14284888	0.07048616	0.017461523	-0.24563736	-0.045508347	-0.16178031	0.09771174	0.006330397	10	-0.05326534	0.107617125	0.42185915	Binding_K27	-0.032068983	0.064792074	0.25398493
I45T	I45T	45	45	-0.1998577	-0.18469983	-0.35956958	-0.17731328	-0.31536624	-0.30837578	-0.05313482	-0.061032627	-0.12078684	-0.063599706	10	-0.18437365	0.112834774	0.44231233	Binding_K27	-0.111004174	0.06793341	0.26629898
I45V	I45V	45	45	-0.27094924	-0.28752646	-0.22195908	-0.29752415	-0.25255743	-0.25381514	-0.12444322	-0.21209495	-0.21029507	-0.28624058	10	-0.24174054	0.05198505	0.20378141	Binding_K27	-0.14554255	0.03129817	0.12268884
I45W	I45W	45	45	-0.3912629	-0.27716485	0.1617114	-0.106363714	-0.22767389	-0.034106344	-0.12540543	0.1876103	-0.05655288	-0.14736502	10	-0.10165733	0.18039036	0.7071302	Binding_K27	-0.061203912	0.108605996	0.4257355
I45Y	I45Y	45	45	0.11357623	-0.16845426	-0.011666997	-0.008658347	-0.039380338	-0.004918178	-0.008503953	-0.077425726	-0.2611221	-0.16406603	10	-0.06306197	0.10773622	0.422326	Binding_K27	-0.03796715	0.06486378	0.25426602
I54A	I54A	54	54	-0.9185013	-1.1746353	-1.1793344	-1.0248082	-1.0275135	-1.1380408	-1.0703338	-0.78388005	-0.83617437	-0.8790251	10	-1.0032246	0.14249854	0.5585943	Binding_K27	-0.60400236	0.08579281	0.33630782
I54C	I54C	54	54	-0.4908619	-0.6202452	-0.67749876	-0.44120547	-0.60779697	-0.59357196	-0.5955304	-0.6216683	-0.59974456	-0.5740034	10	-0.5822126	0.0680248	0.2666572	Binding_K27	-0.3505275	0.040955078	0.1605439
I54D	I54D	54	54	2.2083924	2.5536609	1.6833189	2.5348902	2.2503133	2.476686	2.0397477	2.4043891	1.9668975	2.2998495	10	2.2418144	0.2784125	1.091377	Binding_K27	1.3497089	0.1676213	0.6570755
I54E	I54E	54	54	1.0166698	1.5362391	1.6038128	1.8575615	1.6045055	1.9625771	2.0799387	1.6336838	2.3165634	1.6425277	10	1.725408	0.35459685	1.3900197	Binding_K27	1.0388008	0.21348892	0.8368766
I54F	I54F	54	54	-0.2608411	-0.4010539	-0.38791195	-0.39237136	-0.27790552	-0.37997356	-0.2181955	-0.17484039	-0.24181211	-0.3856373	10	-0.3120543	0.08596747	0.3369925	Binding_K27	-0.18787572	0.05175766	0.20289002
I54G	I54G	54	54	-0.3136316	-0.32075134	-0.65008074	-0.5920106	-0.6861611	-0.22490562	-0.28967485	-0.09623695	-0.08183026	-0.20678999	10	-0.34620732	0.22104894	0.8665118	Binding_K27	-0.20843792	0.13308494	0.521693
I54H	I54H	54	54	-0.100634865	-0.20326439	-0.17761487	-0.19315952	-0.36253154	-0.22750409	-0.123783916	-0.23578285	-0.17602485	-0.2263144	10	-0.20266151	0.07140703	0.27991554	Binding_K27	-0.12201459	0.042991385	0.16852623
I54K	I54K	54	54	2.121615	2.2897105	1.7335113	1.9093192	2.4262671	2.1976137	1.9453115	1.8144464	1.4508284	1.7934389	10	1.968206	0.2925531	1.1468081	Binding_K27	1.18498	0.17613481	0.69044846
I54L	I54L	54	54	0.117949106	0.041237034	0.058837846	0.17454594	0.09468888	0.109351754	0.22322406	0.25445002	0.079338364	0.16692795	10	0.13205509	0.07056304	0.27660713	Binding_K27	0.07950521	0.04248325	0.16653435
I54M	I54M	54	54	-0.405404	-0.6421963	-0.51961577	-0.4638898	-0.49134386	-0.79176116	-0.8368495	-0.7210877	-0.596011	-0.6287076	10	-0.6096867	0.14293584	0.5603085	Binding_K27	-0.36706856	0.08605609	0.33733988
I54N	I54N	54	54	-1.6225148	-1.5864768	-1.5480152	-1.6886848	-1.1442065	-1.1930273	-1.3725209	-1.1548463	-1.0942068	-1.1780692	10	-1.3582569	0.23189922	0.9090449	Binding_K27	-0.8177535	0.13961747	0.5473005
I54P	I54P	54	54	1.673542	1.5256697	1.3264802	1.7433659	1.8252475	1.4519593	1.5413529	1.8164473	1.4843377	1.908574	10	1.6296976	0.19120027	0.7495051	Binding_K27	0.98117733	0.11511422	0.45124775
I54Q	I54Q	54	54	-0.36810502	-0.4180361	-0.4303388	-0.3579521	-0.45360607	-0.19188373	-0.30695608	-0.18585992	-0.38984385	-0.4332423	10	-0.3535824	0.0968346	0.37959164	Binding_K27	-0.21287817	0.058300335	0.22853732
I54R	I54R	54	54	2.6848702	2.162846	2.5809426	2.469794	2.410217	2.254433	2.2369006	2.0105903	2.6791973	2.4769394	10	2.396673	0.22565955	0.88458544	Binding_K27	1.4429432	0.1358608	0.53257436
I54S	I54S	54	54	-1.6478761	-1.6910459	-1.7659675	-1.7164577	-1.6747671	-1.6384417	-1.5682578	-1.5889205	-1.5838215	-1.7632412	10	-1.6638798	0.07148469	0.28022	Binding_K27	-1.001757	0.043038145	0.16870953
I54T	I54T	54	54	-1.1474243	-1.2990489	-1.225698	-1.3281637	-1.33007	-1.4175369	-1.2985847	-1.4151691	-1.3500074	-1.2492748	10	-1.3060977	0.08318735	0.32609442	Binding_K27	-0.7863505	0.050083857	0.19632873
I54V	I54V	54	54	-0.5305131	-0.6425468	-0.5998363	-0.5137711	-0.54136753	-0.42083552	-0.50382555	-0.56978595	-0.7144724	-0.67827123	10	-0.5715226	0.088753626	0.34791422	Binding_K27	-0.34409145	0.053435095	0.20946558
I54W	I54W	54	54	-1.4427115	-1.4251937	-1.8157474	-1.3846505	-1.3799148	-1.5484885	-1.6931201	-1.7668387	-1.6064326	-1.2770426	10	-1.534014	0.18154219	0.71164536	Binding_K27	-0.92357	0.109299466	0.42845392
I54Y	I54Y	54	54	-0.3588439	-0.5740654	-0.822264	-1.1938673	-0.7208889	-0.60528415	-0.64081365	-0.52572083	-0.6082299	-0.5298134	10	-0.65797913	0.22462606	0.8805342	Binding_K27	-0.39614356	0.13523859	0.5301353
I83A	I83A	83	83	-0.28373188	-0.33486983	-0.1931232	-0.30476037	-0.24422158	-0.5576751	-0.27764937	-0.46332493	-0.26203355	-0.45418546	10	-0.3375575	0.115814544	0.45399302	Binding_K27	-0.20323019	0.06972742	0.2733315
I83C	I83C	83	83	-0.06659432	0.10609129	-0.14566034	-0.36391303	-0.07849225	-0.018311026	-0.0041480814	0.057447832	0.10691552	0.01374468	10	-0.03929197	0.13957667	0.5471406	Binding_K27	-0.023656162	0.08403367	0.32941198
I83D	I83D	83	83	-0.052617364	0.14087987	-0.51753694	-0.53130126	-0.49178264	-0.67156726	0.20288491	-0.028067948	0.113019906	-0.012357437	10	-0.18484461	0.32978022	1.2927384	Binding_K27	-0.11128773	0.1985478	0.7783074
I83E	I83E	83	83	-0.5104522	-0.56006527	-0.62081766	-0.7465536	-0.5055991	-0.83851016	-0.54871255	-0.8604066	-0.52768	-0.13087049	10	-0.5849668	0.20838486	0.81686866	Binding_K27	-0.35218567	0.12546039	0.49180472
I83F	I83F	83	83	0.03221135	-0.082574196	0.039415136	-0.14946997	0.006173485	-0.028226422	0.0065759467	0.0024950742	0.00017781461	0.0098698875	10	-0.01633519	0.057796836	0.2265636	Binding_K27	-0.00983478	0.034797218	0.1364051
I83G	I83G	83	83	-0.2810316	-0.2635556	-0.18252158	-0.21743575	0.07371576	-0.6423018	-0.71714735	-0.8258486	-0.19871387	-0.52001226	10	-0.37748528	0.284467	1.1151108	Binding_K27	-0.22726916	0.17126648	0.6713646
I83H	I83H	83	83	-0.13774906	-0.13389336	-0.40714896	0.01184215	0.07078343	0.13383853	-0.24751501	-0.017673843	-0.048309866	0.06262207	10	-0.071320385	0.16421571	0.64372563	Binding_K27	-0.04293922	0.09886787	0.38756207
I83K	I83K	83	83	-0.20307009	-0.04342485	-0.41110227	-0.25785196	-0.07214343	-0.47526294	-0.23580006	-0.33368924	-0.079442486	-0.15128788	10	-0.22630751	0.14670219	0.5750726	Binding_K27	-0.13625093	0.08832366	0.34622875
I83L	I83L	83	83	-0.2918597	-0.29664668	-0.26993063	-0.28931987	-0.29481027	-0.3017062	-0.26704046	-0.28687528	-0.210485	-0.29839152	10	-0.28070658	0.027238311	0.10677418	Binding_K27	-0.16900247	0.016399125	0.06428457
I83M	I83M	83	83	-0.3780942	-0.5454552	-0.5330256	-0.3868542	-0.5321353	-0.45532784	-0.43684793	-0.44154793	-0.37224555	-0.52089083	10	-0.46024242	0.06847869	0.26843646	Binding_K27	-0.277094	0.041228347	0.16161512
I83N	I83N	83	83	-0.26995957	-0.1411989	-0.24153447	-0.5475295	0.011188758	0.24230586	0.09258406	0.012831689	0.14170833	-0.03485916	10	-0.073446296	0.23234777	0.91080326	Binding_K27	-0.044219147	0.13988753	0.5483591
I83P	I83P	83	83	-0.44095367	-0.49900237	-0.6865952	-0.66743284	-0.5060158	-0.41817454	-0.32045224	-0.54441124	-0.31924242	-0.61915237	10	-0.50214326	0.13085403	0.5129478	Binding_K27	-0.30232087	0.078782104	0.30882585
I83Q	I83Q	83	83	-0.17174485	-0.15904297	-0.22066773	-0.2505806	-0.32211724	-0.21202268	-0.38987702	-0.34506515	-0.48781288	-0.13611011	10	-0.26950413	0.113639615	0.4454673	Binding_K27	-0.16225792	0.068417974	0.26819846
I83R	I83R	83	83	0.053751577	-0.05793472	-0.09002105	-0.24109049	-0.16193604	0.00064254284	0.22293746	0.1129376	0.10294271	-0.24408658	10	-0.0301857	0.15713316	0.615962	Binding_K27	-0.018173631	0.09460375	0.3708467
I83S	I83S	83	83	-0.23659997	-0.16261874	-0.14015488	-0.046491176	-0.46687943	-0.56769806	-0.27611795	-0.33900982	-0.11411323	-0.35134754	10	-0.27010307	0.16416985	0.6435458	Binding_K27	-0.16261852	0.09884026	0.38745382
I83T	I83T	83	83	-0.3587991	-0.33666402	-0.27722433	-0.08320949	-0.2096265	-0.28066444	-0.40685266	-0.29354697	-0.41795567	-0.3420145	10	-0.30065578	0.09887886	0.38760513	Binding_K27	-0.1810131	0.059531104	0.23336193
I83V	I83V	83	83	-0.13681339	-0.068421975	-0.15679353	-0.10276224	-0.013619977	-0.14932689	-0.14252537	-0.08623531	-0.11915957	-0.13122427	10	-0.110688254	0.04431919	0.17373122	Binding_K27	-0.06664108	0.026682856	0.10459679
I83W	I83W	83	83	-0.10402585	-0.21082985	-0.16181394	-0.21745388	-0.13195133	-0.17399257	-0.23693043	-0.20036921	-0.14411004	-0.19910893	10	-0.17805861	0.042258948	0.16565508	Binding_K27	-0.10720214	0.025442464	0.09973446
I83Y	I83Y	83	83	-0.26959968	-0.28040916	-0.32533798	-0.19280893	-0.3035869	-0.09811742	-0.2265712	-0.23359594	-0.21108498	-0.06712437	10	-0.22082368	0.08397	0.32916242	Binding_K27	-0.13294932	0.05055506	0.19817585
I92A	I92A	92	92	0.11728805	0.1765167	0.1739893	0.038079176	0.11401954	0.124619775	0.12614699	-0.10661935	0.14135206	0.14348625	10	0.10488784	0.08366755	0.3279768	Binding_K27	0.06314888	0.050372966	0.19746202
I92C	I92C	92	92	0.13853656	-0.017289698	0.12669407	0.31440106	-0.013451775	0.3040712	0.29331097	0.43349215	0.22860737	0.09562424	10	0.19039962	0.1490201	0.58415884	Binding_K27	0.11463218	0.08971919	0.35169923
I92D	I92D	92	92	1.6423377	1.4204521	1.3456715	1.0597523	1.2153378	1.1372834	1.0589281	1.3249196	1.75903	1.0169013	10	1.2980615	0.25269777	0.99057525	Binding_K27	0.78151214	0.15213947	0.59638673
I92E	I92E	92	92	0.44529557	1.2142798	0.65828377	1.18919	0.47281513	0.62884504	-0.19609526	0.32212567	1.2002684	1.5515345	10	0.74865425	0.52962923	2.0761466	Binding_K27	0.4507355	0.31886908	1.2499669
I92F	I92F	92	92	-0.31307003	0.012309219	-0.17745645	-0.12745991	-0.08935181	-0.06674396	-0.071020514	-0.118574366	-0.11445572	-0.13225183	10	-0.11980754	0.08465333	0.33184108	Binding_K27	-0.07213145	0.050966468	0.19978856
I92G	I92G	92	92	1.26316	1.0331308	1.3332542	1.6243811	1.5000296	2.1075315	1.4451759	0.6209761	0.56708777	1.1677626	10	1.266249	0.45903638	1.7994226	Binding_K27	0.7623591	0.2763679	1.0833622
I92H	I92H	92	92	0.49150068	0.9337617	0.33180362	1.0630695	0.48373157	0.7620035	-0.20546165	0.3292019	0.7578634	1.0851177	10	0.6032592	0.3988245	1.5633922	Binding_K27	0.36319882	0.24011667	0.94125736
I92K	I92K	92	92	0.6760744	0.13752705	0.79291266	0.8216908	0.6036311	1.6008385	1.3215852	1.4203817	0.9970224	0.7115645	10	0.9083228	0.43727395	1.714114	Binding_K27	0.5468657	0.26326558	1.0320011
I92L	I92L	92	92	-0.118923	-0.07214223	-0.16793838	-0.23342055	-0.06174582	-0.09945618	-0.112030715	-0.15224847	-0.19152866	-0.22054946	10	-0.14299835	0.059916805	0.23487388	Binding_K27	-0.086093724	0.03607357	0.1414084
I92M	I92M	92	92	-0.46676275	-0.2525795	-0.3087424	-0.23575512	-0.14638156	0.0046742773	-0.13013946	0.05057107	-0.36246914	-0.15895775	10	-0.20065422	0.15900369	0.6232945	Binding_K27	-0.120806076	0.09572992	0.37526128
I92N	I92N	92	92	0.8307729	0.78654516	1.2975514	1.520898	1.3963847	0.8929302	0.46236125	0.66894144	0.804726	0.14193279	10	0.88030434	0.42589164	1.6694952	Binding_K27	0.5299969	0.25641274	1.0051379
I92P	I92P	92	92	1.13737	1.0920513	1.2259686	0.4045101	1.4573076	0.9752043	0.7468368	0.4521745	0.6644092	0.74329287	10	0.8899125	0.34388155	1.3480157	Binding_K27	0.53578156	0.20703766	0.81158763
I92Q	I92Q	92	92	0.917586	0.89070934	0.71926993	0.83132243	1.0301005	0.046114646	-0.046163496	0.18718374	0.65305656	0.82997835	10	0.60591584	0.3927373	1.5395303	Binding_K27	0.36479828	0.2364518	0.9268911
I92R	I92R	92	92	0.615938	1.0289418	1.3103005	1.3784434	0.92243403	1.2842236	1.5883129	1.5019245	0.76943743	1.1610432	10	1.1561	0.31764916	1.2451847	Binding_K27	0.6960427	0.19124416	0.7496771
I92S	I92S	92	92	0.36754093	0.20105372	0.2647073	0.42289788	0.31579208	0.42089412	0.4352579	0.6838623	0.30351642	0.39825222	10	0.3813775	0.13108702	0.5138611	Binding_K27	0.2296125	0.078922376	0.30937573
I92T	I92T	92	92	0.13090037	0.03477759	0.18788931	0.3504847	0.35393095	0.17856485	0.43056935	0.24993174	0.24543737	0.26768255	10	0.24301688	0.11681709	0.457923	Binding_K27	0.14631099	0.07033101	0.27569756
I92V	I92V	92	92	0.07298937	-0.06070143	0.11172838	0.09285041	0.09317575	0.059599645	0.051224325	0.09154787	0.09620797	-0.02498462	10	0.058363773	0.056932937	0.22317712	Binding_K27	0.03513855	0.0342771	0.13436623
I92W	I92W	92	92	0.14535384	0.004326122	-0.14648417	-0.106635086	0.21804102	0.26360902	0.047141325	0.1354242	0.36048034	-0.09319717	10	0.08280594	0.17050001	0.66836005	Binding_K27	0.049854223	0.1026514	0.40239352
I92Y	I92Y	92	92	0.2553534	0.23282176	0.35090634	-0.21145402	0.4103707	0.1999423	0.20607996	0.5229559	0.21278954	0.08302503	10	0.22627907	0.19769295	0.77495635	Binding_K27	0.13623379	0.119023204	0.46657097
I99A	I99A	99	99	-0.08018148	0.022550894	0.06566487	-0.09279241	0.21684293	0.13250932	0.08815759	0.05644633	0.009557108	-0.070994854	10	0.03477603	0.09912693	0.38857755	Binding_K27	0.02093729	0.059680454	0.23394738
I99C	I99C	99	99	-0.017883262	0.022056371	-0.1370073	0.07352241	-0.16608088	-0.06665719	0.01674774	-0.013872826	-0.047640722	-0.07055961	10	-0.04073753	0.07313204	0.2866776	Binding_K27	-0.024526477	0.044029947	0.1725974
I99D	I99D	99	99	0.017887056	1.1566049	1.2745935	0.90266156	0.10045973	1.0643103	0.57214373	0.62800556	0.43544066	1.0382562	10	0.7190363	0.43963134	1.7233549	Binding_K27	0.43290368	0.2646849	1.0375648
I99E	I99E	99	99	0.76743567	0.91990495	0.7999145	1.4167176	1.7122645	1.8260218	1.0017204	1.7584493	1.8429091	1.3215725	10	1.336691	0.43708205	1.7133616	Binding_K27	0.8047695	0.26315004	1.0315481
I99F	I99F	99	99	0.046583723	0.1907137	0.12115649	-0.06420546	0.072042406	0.20184743	0.09339321	0.19626315	0.25910228	0.1885811	10	0.13054779	0.095908836	0.37596264	Binding_K27	0.07859773	0.05774297	0.22635244
I99G	I99G	99	99	0.87430996	0.8087544	0.5935561	0.7873294	1.2406106	0.57766986	0.64054835	0.95943236	0.8380399	0.7496529	10	0.80699044	0.19615282	0.76891905	Binding_K27	0.48585746	0.11809596	0.46293616
I99H	I99H	99	99	0.52940553	0.17700964	0.9219164	1.2271202	0.64273936	0.6619889	0.68548566	0.83790314	0.84597605	0.60740674	10	0.71369517	0.27521354	1.078837	Binding_K27	0.429688	0.16569532	0.6495257
I99K	I99K	99	99	0.7625668	0.8725791	0.91681087	1.4135851	1.3740782	1.60086	1.397298	0.5351313	1.6890013	1.722913	10	1.2284824	0.42174026	1.6532218	Binding_K27	0.7396213	0.25391334	0.99534035
I99L	I99L	99	99	-0.08026503	-0.0710584	-0.1233531	-0.09369378	0.02947098	-0.055287253	-0.004480067	0.014327652	-0.09937546	-0.051193163	10	-0.053490765	0.051121272	0.20039539	Binding_K27	-0.032204702	0.030778123	0.12065025
I99M	I99M	99	99	0.18693121	0.5975559	0.30425823	0.35252002	0.12820657	0.25156856	0.18770333	0.2294292	0.36567444	0.2974926	10	0.290134	0.13203365	0.5175719	Binding_K27	0.17467837	0.07949231	0.31160986
I99N	I99N	99	99	0.6736541	0.65360385	0.8649363	0.7336074	0.7766583	0.9664195	1.4874958	0.87674034	0.43266827	1.1526858	10	0.8618469	0.29323274	1.1494724	Binding_K27	0.5188844	0.176544	0.6920525
I99P	I99P	99	99	-0.04260548	1.4591327	0.7508184	0.3667455	0.56339234	0.86797243	0.50544304	0.63368076	-0.011300637	0.51599425	10	0.5609273	0.43165162	1.6920744	Binding_K27	0.3377124	0.2598806	1.018732
I99Q	I99Q	99	99	0.8986028	0.90705526	0.65892166	0.4115453	0.84006447	0.9895342	1.4956524	1.0203156	0.77470547	1.0582614	10	0.9054659	0.2824676	1.107273	Binding_K27	0.5451457	0.17006272	0.6666459
I99R	I99R	99	99	0.7250848	0.8511694	0.8182242	1.242749	0.8714841	1.2703102	0.65058327	1.5557635	0.81530863	1.3787111	10	1.0179387	0.31350392	1.2289354	Binding_K27	0.61286116	0.18874848	0.73989403
I99S	I99S	99	99	0.7901331	0.9004418	0.63118744	0.57101375	0.87522703	0.48402023	0.69612247	0.7022133	0.56290615	0.6415298	10	0.6854795	0.13628004	0.5342178	Binding_K27	0.41270047	0.08204889	0.32163167
I99T	I99T	99	99	0.544007	0.44491467	0.54684913	0.76259005	0.55181456	0.7544897	0.6597586	0.6986429	0.6836337	0.6594198	10	0.630612	0.103865296	0.40715197	Binding_K27	0.3796669	0.062533244	0.24513033
I99V	I99V	99	99	-0.24581191	-0.1666782	-0.19444266	-0.0431342	-0.14007007	-0.27359945	-0.066396564	-0.2516355	-0.18009488	-0.13874674	10	-0.17006102	0.0764171	0.29955506	Binding_K27	-0.10238711	0.046007756	0.18035041
I99W	I99W	99	99	-0.17540002	-0.086832024	-0.15865374	-0.120592475	0.0023762898	0.15468648	0.26762137	-0.17214274	-0.43946564	-0.079575546	10	-0.08079781	0.19361642	0.7589764	Binding_K27	-0.048645206	0.11656889	0.45695007
I99Y	I99Y	99	99	0.32831427	0.33154625	0.4842127	0.4977865	0.35513425	0.06519608	0.4891255	0.21596698	0.41142327	0.13251223	10	0.3311218	0.15152372	0.593973	Binding_K27	0.19935551	0.09122652	0.35760796
K100A	K100A	100	100	-0.22303921	-0.2807912	-0.33200824	-0.4024737	-0.28459528	-0.29046214	-0.29771376	-0.23713462	-0.3425907	-0.37562388	10	-0.30664328	0.056954656	0.22326225	Binding_K27	-0.18461795	0.034290176	0.13441749
K100C	K100C	100	100	-0.15703769	-0.26391095	-0.06547014	-0.033767495	-0.08163624	-0.19837579	-0.064601324	-0.014030597	-0.3571527	-0.23474634	10	-0.14707293	0.11376558	0.4459611	Binding_K27	-0.08854687	0.06849382	0.26849577
K100D	K100D	100	100	1.6024356e-05	0.010913217	-0.04274764	-0.32157388	-0.22795075	-0.17857733	-0.115120314	-0.16069706	-0.37752336	-0.32635027	10	-0.17396113	0.13931876	0.5461296	Binding_K27	-0.10473521	0.08387839	0.3288033
K100E	K100E	100	100	-0.22637467	-0.19838397	-0.18982	-0.15643246	-0.21792586	-0.20429675	-0.34149814	-0.6033111	-0.27851707	-0.13024198	10	-0.2546802	0.13615891	0.53374296	Binding_K27	-0.15333301	0.08197597	0.3213458
K100F	K100F	100	100	0.07512377	0.045368463	-0.040835705	0.06861665	0.14610226	0.18231158	0.043618996	0.025827015	-0.045195747	0.12649915	10	0.06274364	0.07446681	0.2919099	Binding_K27	0.037775498	0.04483356	0.17574756
K100G	K100G	100	100	-0.17969066	-0.27633178	-0.23257777	-0.3596225	-0.4759874	-0.5446529	-0.26238856	-0.31703722	-0.25712276	-0.3773808	10	-0.32827923	0.113282196	0.44406623	Binding_K27	-0.19764411	0.068202786	0.26735494
K100H	K100H	100	100	-0.029817972	-0.22555633	-0.16317357	0.036044095	-0.0062457174	-0.120711386	-0.005047092	-0.12232134	-0.0404066	-0.70661384	10	-0.13838498	0.21569516	0.845525	Binding_K27	-0.0833162	0.12986164	0.50905764
K100I	K100I	100	100	0.1348363	0.18189768	0.13029984	0.2017874	0.08609993	0.15700199	0.21918845	0.07896884	0.11626311	0.048816	10	0.13551596	0.055338	0.21692497	Binding_K27	0.08158887	0.03331685	0.13060206
K100L	K100L	100	100	-0.0647601	-0.14340459	-0.2271314	-0.2325742	-0.26955563	-0.292881	-0.19461702	-0.105132766	-0.05897731	-0.035381105	10	-0.16244152	0.09349039	0.36648235	Binding_K27	-0.0977997	0.056286916	0.22064471
K100M	K100M	100	100	-0.16624819	-0.193079	-0.23435575	-0.3220728	-0.2167628	-0.24328865	-0.00089071516	0.06459522	-0.39811182	-0.25154346	10	-0.19617578	0.13777517	0.54007864	Binding_K27	-0.118109785	0.08294905	0.3251603
K100N	K100N	100	100	0.043242373	-0.048455305	-0.036299426	0.009805184	0.029324334	0.0062033143	-0.17709655	-0.026622273	-0.0631545	0.12754472	10	-0.0135508105	0.07959749	0.31202215	Binding_K27	-0.008158415	0.04792254	0.18785636
K100P	K100P	100	100	-0.09645518	-0.6095941	-0.35142994	0.07481417	0.019707343	0.091828965	-0.11989545	-0.1533989	-0.23556495	-0.1315809	10	-0.1511569	0.21109664	0.82749885	Binding_K27	-0.091005675	0.12709305	0.49820477
K100Q	K100Q	100	100	-0.3293183	-0.10376244	-0.2302406	-0.23424329	-0.3043896	-0.19174136	-0.22686566	0.1294782	-0.01564063	-0.15277559	10	-0.16594991	0.13861997	0.54339033	Binding_K27	-0.099911965	0.08345768	0.3271541
K100R	K100R	100	100	-0.03682907	-0.027870245	0.0015165247	-0.025955446	-0.034849178	-0.06166169	-0.012013511	-0.029081428	-0.009359804	-0.014733788	10	-0.025083765	0.017727999	0.069493756	Binding_K27	-0.015101956	0.010673337	0.04183948
K100S	K100S	100	100	-0.12074451	-0.153883	-0.21654162	-0.1867927	-0.23546216	-0.23282087	-0.2577682	-0.071501315	-0.15324369	-0.291608	10	-0.1920366	0.0674818	0.26452866	Binding_K27	-0.115617745	0.040628158	0.15926237
K100T	K100T	100	100	-0.055646848	-0.10028226	-0.032395992	-0.10787237	-0.06308998	-0.14119628	-0.23912881	-0.07572866	-0.109080255	-0.038709722	10	-0.09631312	0.06083492	0.23847288	Binding_K27	-0.05798637	0.03662633	0.14357522
K100V	K100V	100	100	0.17039166	0.05197014	0.102076195	0.14265491	0.19855295	0.1814671	0.022817897	0.14705701	0.0798667	0.06368613	10	0.11605406	0.06032627	0.23647898	Binding_K27	0.06987162	0.036320094	0.14237477
K100W	K100W	100	100	-0.32481378	-0.26399702	-0.1673934	-0.14513278	-0.16155046	-0.1940174	-0.13816679	-0.26728308	-0.33703145	-0.1749351	10	-0.21743211	0.07452017	0.2921191	Binding_K27	-0.13090739	0.044865686	0.17587349
K100Y	K100Y	100	100	0.090208225	0.045136128	-0.038470473	0.20597051	0.20837231	0.100050405	0.066187374	0.1051226	0.09462951	0.116592415	10	0.099379905	0.07205256	0.28244606	Binding_K27	0.059832763	0.043380033	0.17004973
K103A	K103A	103	103	-0.47318482	-0.4906962	-0.3979199	-0.4999147	-0.54398996	-0.54539484	-0.5562548	-0.5029276	-0.4971378	-0.48370174	10	-0.49911222	0.04553496	0.17849705	Binding_K27	-0.30049598	0.027414823	0.10746611
K103C	K103C	103	103	-0.4862688	-0.39111862	-0.3207922	-0.42559022	-0.6734687	-0.52999246	-0.7497502	-0.46410632	-0.5583384	-0.5682357	10	-0.51676613	0.1289267	0.5053927	Binding_K27	-0.3111247	0.07762173	0.30427718
K103D	K103D	103	103	-0.34752342	-0.57350993	-0.41677418	-0.40535328	-0.519667	-0.4916815	-0.6158309	-0.39271322	-0.45625642	-0.7231736	10	-0.49424833	0.11609849	0.4551061	Binding_K27	-0.29756764	0.069898374	0.27400163
K103E	K103E	103	103	0.65933394	0.58428127	0.26832682	0.58838403	0.64098346	0.47814634	0.6129284	0.5165025	0.47551605	0.4684431	10	0.52928454	0.115649536	0.4533462	Binding_K27	0.31866157	0.069628075	0.27294207
K103F	K103F	103	103	0.13188861	-0.021498121	0.05895543	0.084114216	0.06583453	-0.033413697	0.17260629	0.14800762	0.120682485	-0.114598975	10	0.06125784	0.09172999	0.35958156	Binding_K27	0.036880955	0.05522705	0.21649003
K103G	K103G	103	103	-0.34827545	-0.1765803	-0.30012754	-0.3965517	-0.2468933	-0.2544953	-0.2794892	-0.10640633	-0.21610956	-0.22002491	10	-0.25449532	0.083268166	0.32641122	Binding_K27	-0.1532217	0.050132513	0.19651945
K103H	K103H	103	103	-0.40234673	-0.334838	-0.29655144	-0.19991675	-0.27823234	-0.34734553	-0.45771852	-0.39360535	-0.40588337	-0.39847603	10	-0.3514914	0.076350644	0.29929453	Binding_K27	-0.21161924	0.045967743	0.18019356
K103I	K103I	103	103	-0.08895441	-0.18008196	0.0047663413	-0.24302126	-0.30505994	-0.1770127	-0.20853436	-0.25346324	-0.15631263	-0.0384072	10	-0.16460814	0.09803632	0.38430238	Binding_K27	-0.099104136	0.059023842	0.23137346
K103L	K103L	103	103	0.110504374	0.064300336	0.10481852	0.055038158	0.07924593	0.20489903	0.07146545	0.12376699	0.07389882	0.050495885	10	0.09384334	0.04594212	0.18009311	Binding_K27	0.056499414	0.027659958	0.10842704
K103M	K103M	103	103	0.009341082	0.10395228	-0.03234027	-0.01369165	0.051409423	0.08676487	0.042673163	0.12656279	0.15615405	0.1342574	10	0.066508316	0.06524524	0.25576136	Binding_K27	0.04004206	0.039281614	0.15398394
K103N	K103N	103	103	-0.90139335	-1.1187944	-1.1439513	-0.98040366	-0.9418775	-0.9960209	-0.96490693	-0.9987365	-1.2152691	-1.1157765	10	-1.037713	0.102789335	0.4029342	Binding_K27	-0.6247665	0.061885446	0.24259095
K103P	K103P	103	103	-0.10526182	-0.035991322	0.18297046	0.04662986	-0.06908797	-0.2230932	0.06166967	-0.007608306	-0.1611064	-0.015756235	10	-0.032663524	0.11641267	0.45633766	Binding_K27	-0.019665433	0.07008752	0.27474308
K103Q	K103Q	103	103	-0.49480024	-0.46609664	-0.4605028	-0.36584193	-0.4308844	-0.3985896	-0.36989695	-0.54987794	-0.45122212	-0.33412993	10	-0.43218428	0.06592331	0.2584194	Binding_K27	-0.26020128	0.039689854	0.15558423
K103R	K103R	103	103	-0.24339911	-0.39656496	-0.48141807	-0.3605048	-0.3493796	-0.3378598	-0.41165015	-0.43082932	-0.4249381	-0.34676382	10	-0.37833077	0.06582372	0.25802898	Binding_K27	-0.2277782	0.03962989	0.15534918
K103S	K103S	103	103	-0.7249684	-0.66820246	-0.60438514	-0.82151926	-0.79039603	-0.6947084	-0.6624797	-0.54282206	-0.6000843	-0.6460018	10	-0.6755568	0.08613941	0.3376665	Binding_K27	-0.40672636	0.051861178	0.20329583
K103T	K103T	103	103	-0.66533464	-0.66122615	-0.6292746	-0.49502164	-0.4781844	-0.77376455	-0.72112113	-0.6722228	-0.56830835	-0.5540586	10	-0.6218516	0.096121654	0.3767969	Binding_K27	-0.3743926	0.057871096	0.2268547
K103V	K103V	103	103	-0.34913436	-0.3373187	-0.36685756	-0.43209884	-0.34577692	-0.2492328	-0.2914315	-0.19430691	-0.22588775	-0.2823155	10	-0.30743608	0.07218541	0.28296682	Binding_K27	-0.18509527	0.04346002	0.17036328
K103W	K103W	103	103	-0.06506342	0.139712	0.21164678	0.11108188	0.023618596	0.058024485	0.06386491	0.05077628	0.05505396	0.019536197	10	0.06682517	0.0747027	0.2928346	Binding_K27	0.040232826	0.044975583	0.17630428
K103Y	K103Y	103	103	-0.23066136	-0.24537854	-0.107137926	-0.110506296	-0.23269321	-0.15589556	-0.37025896	-0.12640099	-0.091817275	-0.2339114	10	-0.19046614	0.08755654	0.34322163	Binding_K27	-0.11467223	0.052714378	0.20664036
K116A	K116A	116	116	-0.52646244	-0.6074827	-0.5524424	-0.38872954	-0.5549374	-0.62004036	-0.4828438	-0.471179	-0.52376866	-0.54632807	10	-0.5274214	0.06760077	0.26499504	Binding_K27	-0.31753984	0.040699787	0.15954317
K116C	K116C	116	116	-0.4614669	-0.3797984	-0.46187168	-0.6902212	-0.6934724	-0.582362	-0.42919037	-0.37101755	-0.39217603	-0.48182684	10	-0.49434033	0.120679826	0.47306493	Binding_K27	-0.297623	0.07265662	0.28481394
K116D	K116D	116	116	-0.8714698	-0.97134143	-0.5811199	-0.8708733	-0.582501	-0.78537214	-0.35292536	-0.7642316	-0.693368	-0.5811753	10	-0.7054378	0.18436278	0.72270215	Binding_K27	-0.42471656	0.11099764	0.43511075
K116E	K116E	116	116	-0.21642113	-0.43866494	-0.34326345	-0.16802572	-0.043619294	0.030927071	-0.304128	-0.3359274	-0.044540342	-0.35282087	10	-0.22164841	0.15941347	0.6249008	Binding_K27	-0.13344586	0.09597663	0.3762284
K116F	K116F	116	116	-0.30312994	-0.3022033	-0.7520297	-0.5837534	-0.6245753	-0.64509577	-0.5957029	-0.5777829	-0.48068145	-0.26105005	10	-0.5126005	0.16868068	0.6612283	Binding_K27	-0.30861676	0.101556055	0.39809975
K116G	K116G	116	116	-0.23831145	-0.32019037	-0.16485827	-0.27246323	-0.053536534	-0.14252703	-0.14722931	-0.07252074	-0.14604284	-0.223323	10	-0.17810027	0.084884964	0.33274907	Binding_K27	-0.10722722	0.051105924	0.20033522
K116H	K116H	116	116	-0.5709645	-0.5321204	-0.72896427	-0.724949	-0.549029	-0.70404655	-0.8215335	-0.8637738	-0.53868884	-0.47759536	10	-0.65116656	0.13430232	0.5264651	Binding_K27	-0.39204198	0.080858186	0.3169641
K116I	K116I	116	116	-0.91306007	-0.9857721	-1.1044593	-1.2839607	-0.74698865	-0.54302686	-0.8074751	-0.7859898	-0.8039788	-1.0365455	10	-0.9011257	0.2100292	0.8233145	Binding_K27	-0.5425326	0.12645039	0.49568555
K116L	K116L	116	116	-1.2593148	-1.2597473	-1.3825765	-1.1317198	-1.2392315	-1.4493377	-1.4922583	-1.3610115	-1.0655999	-1.1375747	10	-1.2778372	0.14201188	0.5566866	Binding_K27	-0.76933587	0.08549981	0.33515924
K116M	K116M	116	116	-0.64348966	-0.53646827	-0.60494053	-0.6628777	-0.5234736	-0.52482796	-0.69495106	-0.81330425	-0.8252661	-0.6069835	10	-0.6436582	0.10937211	0.42873868	Binding_K27	-0.3875215	0.06584868	0.25812683
K116N	K116N	116	116	-0.42254055	-0.21402697	-0.38741738	-0.37749705	-0.21295826	-0.32152656	-0.29508445	-0.3798344	-0.38726664	-0.47382286	10	-0.3471975	0.08566491	0.33580646	Binding_K27	-0.20903407	0.0515755	0.20217596
K116P	K116P	116	116	1.1058369	2.0622666	1.7147822	0.8856773	1.0685375	1.8633881	1.6043868	2.1024716	1.8046304	2.2149127	10	1.642689	0.46991843	1.8420802	Binding_K27	0.98899895	0.28291956	1.1090447
K116Q	K116Q	116	116	-0.57193863	-0.6201554	-0.5229867	-0.37182117	-0.47937733	-0.078374974	-0.45321056	-0.60479903	-0.51030535	-0.6728111	10	-0.48857802	0.16885266	0.6619024	Binding_K27	-0.29415375	0.101659596	0.39850563
K116R	K116R	116	116	-0.6557407	-0.56064504	-0.50729746	-0.5678296	-0.4774381	-0.7478539	-0.58375335	-0.72936577	-0.6715669	-0.7263665	10	-0.62278575	0.096646324	0.3788536	Binding_K27	-0.374955	0.058186978	0.22809295
K116S	K116S	116	116	-0.685405	-0.8200055	-0.80886257	-0.74103916	-0.68755925	-0.4542384	-0.4241057	-0.57643896	-0.8123776	-0.78690594	10	-0.6796938	0.14762793	0.5787015	Binding_K27	-0.40921712	0.088881016	0.3484136
K116T	K116T	116	116	-1.0023735	-0.742847	-0.7332276	-0.6840202	-0.36918366	-0.600823	-0.36318526	-1.0892367	-0.8105053	-0.9953933	10	-0.7390796	0.2501214	0.98047596	Binding_K27	-0.444971	0.15058835	0.59030634
K116V	K116V	116	116	-0.79622906	-0.62684447	-0.61703354	-0.68806183	-0.8764799	-0.8486393	-0.4763515	-0.7239349	-0.6958313	-1.1494784	10	-0.7498884	0.18337204	0.71881837	Binding_K27	-0.45147854	0.110401146	0.4327725
K116W	K116W	116	116	-0.70485586	-0.12222125	-0.004276638	-0.0007409496	-0.12085152	0.19165699	0.19799756	0.22094108	-0.164589	-0.086537115	10	-0.059347667	0.26884338	1.053866	Binding_K27	-0.035730913	0.16186011	0.6344916
K116Y	K116Y	116	116	-0.04793956	-0.10122087	-0.5876926	-0.22343713	-0.026083652	-0.4352122	-0.23507063	-0.043690007	-0.01863912	-0.19844262	10	-0.19174284	0.1906659	0.74741036	Binding_K27	-0.11544088	0.114792496	0.4499866
K127A	K127A	127	127	-0.14268522	-0.14701396	-0.19480969	-0.16637544	-0.16224839	-0.16494985	-0.09461159	-0.213319	-0.14054215	-0.2926376	10	-0.17191929	0.05314504	0.20832856	Binding_K27	-0.103505895	0.031996556	0.1254265
K127C	K127C	127	127	-0.15033598	-0.24528868	-0.1601211	-0.22287543	-0.1771504	-0.16382846	-0.24570681	-0.18715614	-0.22444607	-0.32391447	10	-0.21008237	0.053387076	0.20927735	Binding_K27	-0.1264824	0.032142274	0.12599772
K127D	K127D	127	127	-0.199162	-0.28927788	-0.07804175	-0.19242293	-0.14392774	-0.0679204	-0.33491534	-0.26497644	-0.19842014	-0.30243188	10	-0.20714965	0.09183275	0.3599844	Binding_K27	-0.12471672	0.055288915	0.21673255
K127E	K127E	127	127	-0.20882332	-0.38966802	-0.27357906	-0.29228765	-0.35070774	-0.33894584	-0.3199502	-0.17820007	-0.37426	-0.22073212	10	-0.2947154	0.07299243	0.28613034	Binding_K27	-0.17743665	0.043945894	0.17226791
K127F	K127F	127	127	-0.18663368	-0.10923677	-0.122643515	-0.05120705	-0.043832675	-0.04996249	-0.08965836	-0.07511786	-0.14858913	-0.091406256	10	-0.09682878	0.0461916	0.18107107	Binding_K27	-0.05829683	0.02781016	0.10901583
K127G	K127G	127	127	-0.26657546	-0.22388744	-0.14418519	-0.17473277	-0.23785862	-0.24422553	-0.21348846	-0.12753311	-0.16556214	-0.17234826	10	-0.1970397	0.04647836	0.18219517	Binding_K27	-0.11862991	0.027982807	0.1096926
K127H	K127H	127	127	-0.10875862	-0.09638456	-0.06537583	-0.18970162	-0.0133042885	-0.04932931	-0.096711464	0.0021037566	-0.030094419	-0.14786784	10	-0.07954242	0.06041307	0.23681924	Binding_K27	-0.04788939	0.036372352	0.14257963
K127I	K127I	127	127	-0.1902991	-0.22297718	-0.21640734	-0.1518574	-0.160185	-0.30349907	-0.24509822	-0.13172397	-0.28474388	-0.27479354	10	-0.21815845	0.05932961	0.23257208	Binding_K27	-0.13134469	0.035720043	0.14002258
K127L	K127L	127	127	-0.110267505	-0.11397814	-0.13991699	-0.15581898	-0.17537968	-0.12448528	-0.20633306	-0.13250396	-0.12707628	-0.14691399	10	-0.14326738	0.029567562	0.115904845	Binding_K27	-0.0862557	0.017801475	0.06978178
K127M	K127M	127	127	-0.31764814	-0.17265184	-0.31330487	-0.12071379	-0.1650652	-0.10126932	-0.18853539	-0.22510996	-0.30260667	-0.13746001	10	-0.20443654	0.08143572	0.31922802	Binding_K27	-0.12308326	0.04902927	0.19219473
K127N	K127N	127	127	-0.24466005	-0.24258372	-0.2329836	-0.26631105	-0.28845742	-0.29316503	-0.29249218	-0.30006483	-0.24117869	-0.32458344	10	-0.27264804	0.031277567	0.122608066	Binding_K27	-0.16415074	0.018831003	0.073817536
K127P	K127P	127	127	-0.28382322	-0.44497004	-0.21523187	-0.20884666	-0.101535514	-0.07982878	-0.10928633	-0.14157704	-0.2867875	-0.2903931	10	-0.21622801	0.11362463	0.44540855	Binding_K27	-0.13018245	0.06840896	0.2681631
K127Q	K127Q	127	127	-0.080656685	-0.2349052	-0.08695802	-0.21837176	-0.13388929	-0.24946909	0.03442002	-0.11887913	-0.19898242	-0.21762578	10	-0.15053174	0.08991909	0.35248286	Binding_K27	-0.09062929	0.054136775	0.21221617
K127R	K127R	127	127	-0.18858878	-0.21764575	-0.16210291	-0.23501383	-0.1816256	-0.1874315	-0.21798919	-0.2621503	-0.2175773	-0.20476256	10	-0.20748878	0.028975904	0.11358555	Binding_K27	-0.1249209	0.01744526	0.06838542
K127S	K127S	127	127	-0.18382448	-0.21433343	-0.17753941	-0.17655756	-0.17137526	-0.18353572	-0.24638565	-0.19722319	-0.20800635	-0.23459773	10	-0.19933787	0.025879268	0.10144673	Binding_K27	-0.12001355	0.015580897	0.061077118
K127T	K127T	127	127	-0.18345708	-0.3800125	-0.25201696	-0.19581386	-0.18746886	-0.13940948	-0.21687321	-0.26914093	-0.33666462	-0.3107253	10	-0.24715826	0.07673413	0.30079782	Binding_K27	-0.14880434	0.046198625	0.18109861
K127V	K127V	127	127	-0.18353073	-0.19152325	-0.10891418	-0.23498374	-0.21823445	-0.118052915	-0.18113878	-0.13170278	-0.21259916	-0.22262007	10	-0.18033001	0.04562282	0.17884146	Binding_K27	-0.10856966	0.027467718	0.10767346
K127W	K127W	127	127	-0.19962837	0.047548827	-0.08069768	0.03771211	0.029959936	0.074182875	-0.15217994	-0.0779057	-0.13564448	0.024345249	10	-0.043230716	0.09774035	0.38314217	Binding_K27	-0.026027527	0.05884565	0.23067495
K127Y	K127Y	127	127	0.1367522	0.06731261	0.006394055	-0.01694905	-0.009402092	-0.04739248	0.047595683	0.017286586	0.09843646	-0.033356544	10	0.026667744	0.059767734	0.23428953	Binding_K27	0.016055608	0.03598382	0.14105658
K146A	K146A	146	146	-0.14859188	-0.09624369	-0.078039944	-0.18366918	-0.3039817	-0.058151733	-0.22792466	-0.06576007	-0.2996549	-0.17308928	10	-0.16351071	0.09166545	0.35932857	Binding_K27	-0.09844342	0.055188186	0.2163377
K146C	K146C	146	146	-0.3576699	-0.2735089	-0.1451797	-0.17393726	0.008818918	-0.22608425	-0.37201634	-0.38109747	-0.26374575	-0.18218075	10	-0.23666012	0.12090442	0.47394535	Binding_K27	-0.14248383	0.07279184	0.285344
K146D	K146D	146	146	0.22084992	-0.2151563	-0.278223	0.06495401	0.0861728	0.09231673	-0.2560358	-0.16789459	-0.2890187	-0.13084692	10	-0.087288186	0.18584506	0.72851264	Binding_K27	-0.05255281	0.11189006	0.43860906
K146E	K146E	146	146	0.17366572	0.08399046	0.038665056	-0.055865508	0.008561361	0.27932018	0.3152139	0.218421	0.16599366	0.1440933	10	0.13720591	0.118814915	0.46575448	Binding_K27	0.08260632	0.07153382	0.28041258
K146F	K146F	146	146	-0.33119076	0.11096135	0.03991473	0.09404402	0.18624939	0.3445603	0.11748549	0.0118104	-0.27491096	0.16041692	10	0.04593409	0.20548058	0.8054839	Binding_K27	0.027655123	0.12371183	0.4849504
K146G	K146G	146	146	-0.12484801	-0.30960077	-0.06350633	0.00026823938	0.02789743	-0.17760815	0.009383599	-0.042518087	-0.033940993	-0.2550312	10	-0.09695043	0.11637612	0.4561944	Binding_K27	-0.05837007	0.07006552	0.27465683
K146H	K146H	146	146	-0.089287184	-0.35375383	-0.18872954	-0.30475068	-0.18014231	-0.20227481	0.0045920876	0.020294823	0.026076285	0.0019039081	10	-0.12660712	0.13975973	0.5478582	Binding_K27	-0.076225206	0.084143884	0.32984403
K146I	K146I	146	146	-0.10899799	-0.2769528	-0.040988714	-0.30883178	-0.26358983	-0.122471474	-0.2534924	-0.16659799	-0.26294804	-0.14961483	10	-0.19544859	0.08922972	0.3497805	Binding_K27	-0.11767197	0.05372173	0.21058919
K146L	K146L	146	146	-0.53238815	-0.25399676	-0.33526665	-0.1717839	-0.35119835	-0.18184592	-0.2484783	-0.20657873	-0.26084858	-0.272301	10	-0.28146863	0.1057425	0.4145106	Binding_K27	-0.16946128	0.06366343	0.24956065
K146M	K146M	146	146	-0.16837594	-0.07937372	-0.10500607	-0.06607404	-0.18910092	-0.124592185	-0.2258019	-0.047582127	-0.24539363	-0.119371615	10	-0.13706723	0.067633845	0.26512468	Binding_K27	-0.08252283	0.0407197	0.15962122
K146N	K146N	146	146	0.06537104	0.15989225	0.039153967	0.055521786	0.2930423	0.14387889	-0.07117754	-0.23577812	-0.29958075	-0.07076173	10	0.007956205	0.18129471	0.7106753	Binding_K27	0.0047901203	0.10915047	0.42786986
K146P	K146P	146	146	-0.349468	-0.33306494	-0.37331146	-0.29923585	-0.2842915	-0.11371935	-0.107145555	-0.13295318	-0.17744921	-0.17814021	10	-0.23487791	0.10350518	0.40574032	Binding_K27	-0.14141083	0.06231643	0.24428041
K146Q	K146Q	146	146	-0.065053985	-0.23079453	-0.2321244	-0.119368814	-0.18545711	-0.17151207	-0.3933108	-0.116931036	-0.25591564	-0.18395102	10	-0.19544193	0.091385044	0.35822937	Binding_K27	-0.11766796	0.055019367	0.21567592
K146R	K146R	146	146	-0.43998426	-0.3652214	-0.415334	-0.46490046	-0.35172343	-0.2417931	-0.28704557	-0.4138221	-0.4772891	-0.36041018	10	-0.3817524	0.07584816	0.2973248	Binding_K27	-0.22983822	0.04566522	0.17900766
K146S	K146S	146	146	-0.14616461	0.08335053	-0.013219283	-0.034905195	-0.15320596	-0.22763942	-0.12094215	-0.04963409	-0.030440407	-0.16497223	10	-0.08577728	0.09228692	0.36176473	Binding_K27	-0.051643156	0.055562355	0.21780443
K146T	K146T	146	146	-0.19998188	-0.35826236	-0.15106338	-0.16422738	-0.048381753	-0.2407101	-0.28029802	-0.21867512	-0.43232936	-0.39620432	10	-0.24901335	0.119542345	0.468606	Binding_K27	-0.14992122	0.07197178	0.28212938
K146V	K146V	146	146	-0.37400368	-0.060063276	-0.17212024	-0.18022747	-0.196124	-0.17660631	-0.044547874	0.042686317	-0.31112975	-0.2045367	10	-0.1676673	0.123183906	0.48288092	Binding_K27	-0.100945935	0.07416422	0.29072374
K146W	K146W	146	146	-0.49388102	-0.0691426	0.122558706	-0.31056875	-0.17067766	-0.16073708	0.015559406	-0.5024359	-0.8630765	-0.40210766	10	-0.2834509	0.29268327	1.1473185	Binding_K27	-0.17065473	0.17621318	0.69075567
K146Y	K146Y	146	146	0.3192229	-0.030320149	-0.104728535	-0.12433489	0.0890398	0.36841023	0.3558294	0.28907612	0.39846605	0.29728	10	0.18579409	0.20683855	0.8108071	Binding_K27	0.11185937	0.12452942	0.48815534
K15A	K15A	15	15	-1.8518599	-1.9816642	-1.5777959	-1.9287156	-1.3504397	-1.8300433	-1.9996777	-2.0689144	-2.088739	-2.1051056	10	-1.8782955	0.24312426	0.9530471	Binding_K27	-1.1308484	0.14637563	0.57379246
K15C	K15C	15	15	-1.8533044	-1.7940155	-1.6031442	-1.5108129	-1.6552892	-1.763055	-1.8101339	-1.5492893	-1.4416265	-1.7669386	10	-1.6747608	0.14267276	0.55927724	Binding_K27	-1.0083082	0.0858977	0.33671898
K15D	K15D	15	15	-2.2502453	-1.9505831	-2.007194	-1.5833179	-2.4289458	-1.8471467	-1.9302747	-1.9815036	-2.2420306	-1.9107333	10	-2.0131977	0.23946896	0.9387184	Binding_K27	-1.2120677	0.14417492	0.5651657
K15E	K15E	15	15	0.05922862	0.4360352	0.22208202	0.39143303	0.39639607	0.34546906	0.101570226	0.31642127	0.36568478	0.032662302	10	0.26669827	0.1515128	0.5939302	Binding_K27	0.16056862	0.09121995	0.3575822
K15F	K15F	15	15	1.3026451	0.8902052	0.88224536	1.17003	1.1138817	1.2652932	0.6412379	1.3174018	1.3317244	1.367597	10	1.128226	0.244944	0.9601805	Binding_K27	0.67926085	0.14747123	0.5780873
K15G	K15G	15	15	-1.670254	-1.4980313	-1.4790586	-1.451711	-1.4915278	-1.4468461	-1.524468	-0.8923572	-1.3511157	-1.449016	10	-1.4254386	0.2037586	0.7987337	Binding_K27	-0.85820097	0.1226751	0.4808864
K15H	K15H	15	15	-2.0782702	-2.4085157	-2.7310107	-2.4718497	-1.7171985	-2.6733108	-2.5776005	-1.9664307	-2.7321682	-2.417921	10	-2.3774276	0.3471016	1.3606383	Binding_K27	-1.4313563	0.20897633	0.8191872
K15I	K15I	15	15	-1.3018275	-1.5737442	-1.5024123	-2.064341	-2.1685152	-1.2978562	-1.3083329	-1.0734224	-0.91021407	-1.5862464	10	-1.4786913	0.3972715	1.5573044	Binding_K27	-0.89026237	0.23918167	0.93759215
K15L	K15L	15	15	-1.686875	-1.9222301	-2.1809218	-1.9687618	-1.9921967	-2.100659	-1.9841719	-2.1384785	-2.1785138	-1.8342113	10	-1.998702	0.1587311	0.62222594	Binding_K27	-1.2033405	0.0955658	0.37461796
K15M	K15M	15	15	-1.8186742	-1.7433674	-1.8285885	-1.702118	-1.7327532	-1.602472	-1.9249747	-1.4586607	-1.7101755	-1.3608562	10	-1.6882641	0.1718175	0.6735246	Binding_K27	-1.0164379	0.103444606	0.40550286
K15N	K15N	15	15	-2.1534748	-2.2224743	-2.5270014	-2.0893197	-2.0444975	-1.9879249	-2.0938413	-2.195057	-2.368705	-1.861728	10	-2.1544025	0.18985334	0.7442251	Binding_K27	-1.2970817	0.11430328	0.4480689
K15P	K15P	15	15	0.67577976	0.6987786	1.1032758	1.4476011	0.824304	0.69792813	0.88248605	0.34619963	0.96493673	0.64548284	10	0.8286773	0.29882059	1.1713767	Binding_K27	0.49891427	0.17990822	0.70524025
K15Q	K15Q	15	15	-2.4491477	-2.3578184	-2.3823545	-2.6520395	-2.2132814	-2.189453	-2.1711082	-1.8902634	-2.3756068	-2.5242038	10	-2.3205276	0.21403787	0.8390285	Binding_K27	-1.3970991	0.12886384	0.50514627
K15R	K15R	15	15	-1.949056	-1.8276566	-1.8182864	-1.9344254	-1.8769534	-1.8518139	-1.8130239	-1.75454	-2.00517	-1.7175452	10	-1.8548472	0.088845335	0.34827372	Binding_K27	-1.116731	0.053490307	0.209682
K15S	K15S	15	15	-1.7614914	-1.9156722	-1.8236204	-1.7792166	-1.6621284	-1.5002974	-2.1050947	-2.0032706	-1.8806405	-1.9136317	10	-1.8345064	0.17210877	0.6746664	Binding_K27	-1.1044847	0.10361997	0.4061903
K15T	K15T	15	15	-0.7533582	-0.92364776	-0.58996737	-0.70635235	-1.1397496	-0.96165085	-0.95211387	-1.0793284	-0.83011115	-0.46886858	10	-0.8405148	0.2127105	0.8338252	Binding_K27	-0.50604117	0.12806469	0.5020136
K15V	K15V	15	15	-2.0094988	-2.0763123	-2.0821922	-2.29063	-2.1031415	-2.2355072	-2.2787097	-1.8885037	-1.5018859	-1.703835	10	-2.0170217	0.25523007	1.0005019	Binding_K27	-1.21437	0.15366407	0.60236317
K15W	K15W	15	15	0.077027	-0.011975238	0.4415266	0.79421335	0.90464365	0.46547326	0.93357253	1.0231179	0.82963586	0.38494256	10	0.5842178	0.36644587	1.4364679	Binding_K27	0.35173473	0.22062276	0.8648412
K15Y	K15Y	15	15	0.83940166	0.8585841	0.8726138	1.4868668	1.3684434	1.5346588	1.1331842	0.7554494	1.5158573	1.0677791	10	1.1432838	0.30976883	1.2142938	Binding_K27	0.6883266	0.18649971	0.7310789
K164A	K164A	164	164	-0.509718	-0.5779807	-0.47280803	-0.5512058	-0.27948475	-0.62540716	-0.6132992	-0.5592712	-0.6295601	-0.72748727	10	-0.5546222	0.119694516	0.46920252	Binding_K27	-0.33391637	0.072063394	0.2824885
K164C	K164C	164	164	-0.14956403	-0.22141235	-0.28809172	-0.1624162	-0.4370249	-0.111247204	-0.10936171	-0.08406272	-0.16997929	-0.063711315	10	-0.17968714	0.11217017	0.43970707	Binding_K27	-0.10818262	0.06753328	0.26473045
K164D	K164D	164	164	-0.38953024	-0.18369578	-0.6996509	-0.18231769	-0.14701918	-0.39271984	-0.46494862	-0.42670956	-0.26137096	-0.19039895	10	-0.33383617	0.17398323	0.6820143	Binding_K27	-0.20098972	0.10474852	0.4106142
K164E	K164E	164	164	-0.27291325	-0.7128589	-0.5108044	-0.3391625	-0.225132	-0.26091573	-0.5774318	-0.38200957	-0.425607	-0.44527927	10	-0.41521144	0.15352581	0.6018212	Binding_K27	-0.24998261	0.0924319	0.36233306
K164F	K164F	164	164	-0.16294025	-0.2585282	-0.3194162	-0.24462514	-0.37784535	-0.17183258	-0.13819359	-0.08129125	-0.426145	-0.23913428	10	-0.24199519	0.10874122	0.42626557	Binding_K27	-0.14569585	0.06546884	0.25663787
K164G	K164G	164	164	-0.22621006	-0.28353047	-0.22297862	-0.29158986	-0.2920521	-0.2204443	-0.28209445	-0.2663702	-0.36701715	-0.41260043	10	-0.28648877	0.06227867	0.24413238	Binding_K27	-0.17248371	0.037495557	0.14698258
K164H	K164H	164	164	-0.5561388	-0.29811704	-0.4469459	-0.48946345	-0.2879015	-0.5785459	-0.24262947	-0.058472823	-0.3262759	-0.36979815	10	-0.36542886	0.15818901	0.620101	Binding_K27	-0.22001046	0.09523943	0.37333858
K164I	K164I	164	164	-0.3560572	-0.22898544	-0.260552	-0.35346696	-0.40294272	-0.4132092	-0.34110916	-0.36364904	-0.45901316	-0.3389473	10	-0.35179323	0.068094485	0.26693037	Binding_K27	-0.21180098	0.040997032	0.16070837
K164L	K164L	164	164	-0.5511683	-0.5397313	-0.4276555	-0.4175758	-0.575124	-0.60469186	-0.59149414	-0.3971789	-0.4694147	-0.45424816	10	-0.50282824	0.07797458	0.30566037	Binding_K27	-0.30273327	0.046945453	0.18402618
K164M	K164M	164	164	-0.32974637	-0.23850046	-0.148658	-0.315883	-0.72359824	-0.3711427	-0.44578803	-0.5444923	-0.40668374	-0.27911097	10	-0.38036036	0.16350025	0.640921	Binding_K27	-0.22900014	0.09843712	0.38587353
K164N	K164N	164	164	0.18474053	-0.23273087	0.09051724	-0.051437836	-0.063012786	0.0817562	0.2523373	0.19762424	0.015574048	-0.07593456	10	0.03994335	0.15002592	0.5881016	Binding_K27	0.024048332	0.09032475	0.35407305
K164P	K164P	164	164	0.62240314	0.67032987	0.6560369	0.8854874	0.7772646	0.29799747	1.0125408	0.8346627	0.83277905	1.0307921	10	0.76202935	0.21478899	0.8419728	Binding_K27	0.45878813	0.12931606	0.50691897
K164Q	K164Q	164	164	-0.4502644	-0.18132928	-0.62088567	-0.5651478	-0.3229708	-0.3677267	-0.5081716	-0.55614644	-0.6329107	-0.28663304	10	-0.44921866	0.1536013	0.6021171	Binding_K27	-0.27045703	0.09247735	0.36251122
K164R	K164R	164	164	-0.5172867	-0.57564175	-0.42153198	-0.5293006	-0.7332744	-0.6861295	-0.57302195	-0.5650204	-0.5391157	-0.4636402	10	-0.5603963	0.09311413	0.3650074	Binding_K27	-0.33739275	0.056060385	0.21975671
K164S	K164S	164	164	-0.35621703	-0.41559872	-0.3477846	-0.41566685	-0.3992095	-0.39884567	-0.49204224	-0.41030744	-0.38184348	-0.3863838	10	-0.40038997	0.039757155	0.15584806	Binding_K27	-0.24105917	0.02393623	0.09383003
K164T	K164T	164	164	-0.49920717	-0.6696583	-0.3479244	-0.45354342	-0.6870228	-0.49587566	-0.5814308	-0.5280346	-0.63382584	-0.51943326	10	-0.54159564	0.10406529	0.40793595	Binding_K27	-0.3260736	0.06265365	0.24560232
K164V	K164V	164	164	-0.32003435	-0.17845005	-0.2613964	-0.22816406	-0.35436964	-0.19395493	-0.3908173	-0.42988878	-0.18573335	-0.13670437	10	-0.26795134	0.1003317	0.39330027	Binding_K27	-0.16132304	0.060405802	0.23679075
K164W	K164W	164	164	0.07555895	0.28024173	0.06517659	0.05333366	0.33433867	0.08614367	0.5001576	-0.17365563	-0.00989082	-0.16564122	10	0.10457633	0.213184	0.8356813	Binding_K27	0.062961325	0.12834977	0.5031311
K164Y	K164Y	164	164	-0.30766508	-0.47469503	-0.2581419	-0.45765093	-0.486265	-0.28652173	-0.38689154	-0.1406445	-0.6440015	-0.09746763	10	-0.3539945	0.16839306	0.6601008	Binding_K27	-0.21312627	0.10138289	0.39742094
K166A	K166A	166	166	-0.4377496	-0.6930179	-0.60197884	-0.654177	-0.55763716	-0.2772349	-0.6621399	-0.63047796	-0.6531688	-0.48772892	10	-0.5655311	0.13005531	0.5098168	Binding_K27	-0.3404842	0.07830123	0.30694082
K166C	K166C	166	166	-0.3814532	-0.29045108	-0.42643702	-0.16447769	-0.3500357	-0.1621101	-0.39976808	-0.076137975	-0.005474576	-0.19598712	10	-0.24523327	0.14538586	0.5699126	Binding_K27	-0.14764538	0.08753116	0.34312215
K166D	K166D	166	166	-0.5513532	-0.556827	-0.37082914	-0.4540857	-0.5358484	-0.613553	-0.72989804	-0.36645085	-0.6154931	-0.7050916	10	-0.54994303	0.12471557	0.48888505	Binding_K27	-0.33109924	0.07508638	0.2943386
K166E	K166E	166	166	-0.747025	-0.6171642	-0.8366899	-0.6422638	-0.5521539	-0.46506345	-0.6199714	-0.5341367	-0.638346	-0.74857455	10	-0.6401389	0.111747116	0.4380487	Binding_K27	-0.38540265	0.06727858	0.26373205
K166F	K166F	166	166	-0.3724618	-0.16919968	-0.27971956	0.06440892	-0.05629757	-0.09229636	-0.16229829	-0.16477832	-0.58007604	-0.78828675	10	-0.26010054	0.25739935	1.0090054	Binding_K27	-0.15659639	0.15497011	0.60748285
K166G	K166G	166	166	-0.3020064	-0.15808566	-0.3843537	-0.23573273	-0.30287793	-0.25282294	-0.15859026	-0.1308938	-0.31855106	-0.3018159	10	-0.25457305	0.082951434	0.32516962	Binding_K27	-0.1532685	0.049941823	0.19577195
K166H	K166H	166	166	-0.5141674	-0.30101237	-0.36218753	-0.46676582	-0.28151092	-0.386751	-0.32505852	-0.26288253	-0.24023068	-0.2991841	10	-0.3439751	0.08922818	0.34977448	Binding_K27	-0.20709398	0.053720806	0.21058556
K166I	K166I	166	166	-0.41869575	-0.07007101	-0.33548006	-0.17809466	-0.13028084	-0.11861256	-0.13142604	-0.040106338	-0.047106054	-0.03452359	10	-0.1504397	0.12974072	0.5085836	Binding_K27	-0.09057387	0.07811182	0.30619833
K166L	K166L	166	166	-0.23591459	-0.18619856	-0.30187392	-0.07137991	-0.3084653	-0.48388126	-0.56070906	-0.3393718	-0.18999307	-0.16296428	10	-0.2840752	0.14947167	0.585929	Binding_K27	-0.1710306	0.08999106	0.35276496
K166M	K166M	166	166	-0.28015298	-0.13604885	-0.2998289	-0.2386411	-0.3289195	-0.44833663	-0.29799166	-0.36937782	-0.45921168	-0.38724285	10	-0.3245752	0.09753433	0.3823346	Binding_K27	-0.19541405	0.058721613	0.23018873
K166N	K166N	166	166	-0.36846012	-0.21518046	-0.19196738	-0.18195595	-0.051419437	-0.25988108	-0.122748144	-0.10528723	-0.04563211	-0.23011105	10	-0.1772643	0.09953595	0.39018092	Binding_K27	-0.10672392	0.05992671	0.23491271
K166P	K166P	166	166	-0.64246976	-0.37833148	-0.064933464	-0.23616675	-0.2459351	-0.14541602	-0.14188059	-0.017461263	-0.10687639	0.09064657	10	-0.18888243	0.20570523	0.8063645	Binding_K27	-0.11371874	0.12384709	0.4854806
K166Q	K166Q	166	166	-0.48906088	-0.57828337	-0.6356363	-0.38166845	-0.60441375	-0.5710428	-0.685629	-0.40995714	-0.5350608	-0.73280704	10	-0.562356	0.11240225	0.44061685	Binding_K27	-0.3385726	0.06767301	0.26527822
K166R	K166R	166	166	0.00800373	-0.0603067	-0.05893064	-0.008369799	0.102017455	0.21151906	0.014221937	-0.0033777677	0.064149015	0.049866907	10	0.03187932	0.08099676	0.3175073	Binding_K27	0.019193295	0.04876499	0.19115876
K166S	K166S	166	166	-0.40730494	-0.4558361	-0.5576122	-0.38934478	-0.36066082	-0.35804322	-0.543942	-0.5228113	-0.49608377	-0.4758669	10	-0.45675057	0.07454871	0.29223093	Binding_K27	-0.2749917	0.044882867	0.17594084
K166T	K166T	166	166	-0.3443302	-0.118157394	-0.3179143	-0.22789587	-0.17989089	-0.14691897	-0.2792536	-0.2849799	-0.192393	-0.2194794	10	-0.23112135	0.07430268	0.2912665	Binding_K27	-0.13914914	0.044734742	0.17536019
K166V	K166V	166	166	-0.35984874	-0.5839379	-0.3103418	-0.22267975	-0.45470878	-0.3406313	-0.26344073	-0.18816449	-0.29814923	-0.73078597	10	-0.37526885	0.16952331	0.6645314	Binding_K27	-0.22593473	0.10206337	0.40008843
K166W	K166W	166	166	0.06698467	-0.26553917	-0.41873637	-0.58431244	-0.26568812	-0.23422442	-0.24614379	0.2559873	0.07501884	-0.117161125	10	-0.17338146	0.24990441	0.9796253	Binding_K27	-0.10438621	0.1504577	0.58979416
K166Y	K166Y	166	166	-0.28308353	-0.34966186	-0.6997728	-0.5351355	0.12234391	-0.43142655	-0.37025303	-0.3736039	-0.4030649	-0.1674888	10	-0.34911472	0.21805169	0.8547626	Binding_K27	-0.21018834	0.1312804	0.51461923
K168A	K168A	168	168	-0.4333845	-0.4789375	-0.33068642	-0.4382314	-0.42078376	-0.38042355	-0.50146604	-0.45206743	-0.48958498	-0.5638838	10	-0.44894496	0.06528615	0.25592172	Binding_K27	-0.27029222	0.039306246	0.15408048
K168C	K168C	168	168	-0.7461904	-0.50599325	-0.5349383	-0.4918378	-0.47998223	-0.36442766	-0.41749883	-0.4035213	-0.47853893	-0.6788545	10	-0.5101783	0.11936948	0.46792835	Binding_K27	-0.30715847	0.071867704	0.2817214
K168D	K168D	168	168	-0.62857306	-0.60915583	-0.46345475	-0.5257177	-0.57527244	-0.49822953	-0.33197656	-0.48895866	-0.46194753	-0.60041445	10	-0.51837003	0.089828424	0.35212743	Binding_K27	-0.31209037	0.05408219	0.21200219
K168E	K168E	168	168	-0.15889496	-0.41082576	-0.3806188	-0.2535801	-0.25842348	-0.24997467	-0.37108025	-0.4673977	-0.3626792	-0.4084721	10	-0.33219472	0.09631118	0.37753984	Binding_K27	-0.20000148	0.057985205	0.22730201
K168F	K168F	168	168	-0.386681	-0.41833726	-0.2965096	-0.53674996	-0.36918485	-0.4752157	-0.42626792	-0.49432898	-0.44997	-0.53921723	10	-0.43924627	0.076445445	0.29966617	Binding_K27	-0.26445302	0.046024818	0.18041728
K168G	K168G	168	168	-0.56842524	-0.70058316	-0.58384407	-0.60952944	-0.5059575	-0.5764202	-0.61570823	-0.60119957	-0.47921214	-0.5149287	10	-0.57558084	0.06409873	0.25126702	Binding_K27	-0.34653476	0.038591344	0.15127806
K168H	K168H	168	168	-0.16954644	-0.18992199	-0.19966744	-0.26876342	-0.15030919	-0.32954147	-0.21479118	-0.27861103	-0.1888573	-0.2344994	10	-0.2224509	0.055457786	0.21739453	Binding_K27	-0.133929	0.03338897	0.13088477
K168I	K168I	168	168	-0.22833191	-0.1556316	-0.32295296	-0.18511285	-0.20582369	-0.23897584	-0.27291644	-0.095116526	-0.497119	-0.42458594	10	-0.2626567	0.122674204	0.48088288	Binding_K27	-0.15813534	0.07385735	0.28952083
K168L	K168L	168	168	-0.48822308	-0.57972926	-0.41481358	-0.3552246	-0.3751529	-0.37726852	-0.47945094	-0.645385	-0.47339633	-0.5804823	10	-0.47691268	0.0993176	0.38932502	Binding_K27	-0.2871305	0.059795253	0.2343974
K168M	K168M	168	168	-0.2964416	-0.24395521	-0.2633969	-0.2433737	-0.37215674	-0.21688204	-0.27730957	-0.17443207	-0.10877882	-0.12436985	10	-0.23210964	0.079873405	0.31310377	Binding_K27	-0.13974415	0.04808866	0.18850754
K168N	K168N	168	168	-0.36085847	-0.40267202	-0.47103357	-0.6979593	-0.47793353	-0.307835	-0.4534912	-0.49979043	-0.60462064	-0.39316803	10	-0.4669362	0.11540454	0.4523858	Binding_K27	-0.28112406	0.06948057	0.27236384
K168P	K168P	168	168	-0.8527112	-0.7940135	-0.6049111	-0.71181464	-0.8336073	-0.7124491	-0.58964074	-0.4850147	-0.666238	-0.833916	10	-0.7084316	0.12297557	0.48206425	Binding_K27	-0.426519	0.074038796	0.2902321
K168Q	K168Q	168	168	-0.71699744	-0.61040086	-0.66677505	-0.30944964	-0.62559706	-0.45065847	-0.541079	-0.61770827	-0.3801049	-0.5119156	10	-0.54306865	0.13043486	0.5113046	Binding_K27	-0.32696044	0.07852974	0.3078366
K168R	K168R	168	168	-0.3309028	-0.30524024	-0.26998192	-0.3849495	-0.16187614	-0.1982649	-0.36808994	-0.2567104	-0.28188667	-0.31989837	10	-0.28778008	0.07013415	0.27492586	Binding_K27	-0.17326115	0.042225033	0.16552213
K168S	K168S	168	168	-0.5978796	-0.51009125	-0.4984215	-0.44843665	-0.3863049	-0.23426805	-0.4308581	-0.440932	-0.5249975	-0.5658224	10	-0.4638012	0.10328339	0.4048709	Binding_K27	-0.2792366	0.0621829	0.24375696
K168T	K168T	168	168	-0.6668652	-0.41891423	-0.39356083	-0.3892465	-0.47449505	-0.34408268	-0.5506939	-0.5370442	-0.6374147	-0.6548127	10	-0.50671303	0.119868696	0.4698853	Binding_K27	-0.30507213	0.07216826	0.2828996
K168V	K168V	168	168	-0.30246308	-0.5221864	-0.18822312	-0.34822166	-0.40373495	-0.42416924	-0.33421257	-0.39395088	-0.3789237	-0.3182984	10	-0.3614384	0.08767711	0.3436943	Binding_K27	-0.21760795	0.05278697	0.20692492
K168W	K168W	168	168	-0.121540256	-0.07629825	-0.18080762	-0.25658125	0.07013683	-0.058489468	0.049806993	-0.057342328	-0.099819414	-0.021213932	10	-0.07521488	0.098358214	0.3855642	Binding_K27	-0.045283943	0.059217643	0.23213317
K168Y	K168Y	168	168	-0.38269946	-0.3000831	-0.1502971	-0.45067486	-0.6041786	-0.22580552	-0.30598465	-0.5894585	-0.30223817	-0.51579744	10	-0.38272175	0.15345982	0.6015625	Binding_K27	-0.23042183	0.09239217	0.3621773
K171A	K171A	171	171	-0.36735007	-0.3947731	-0.38572294	-0.48879868	-0.22915505	-0.36733255	-0.51052797	-0.3204144	-0.30388215	-0.37106258	10	-0.37390193	0.08249766	0.3233908	Binding_K27	-0.22511177	0.049668618	0.19470099
K171C	K171C	171	171	-0.7685739	-0.65054065	-0.48468873	-0.6344276	-0.6334197	-0.5434491	-0.72560436	-0.7083185	-0.63438004	-0.92908764	10	-0.67124903	0.1229246	0.48186445	Binding_K27	-0.40413284	0.07400811	0.29011178
K171D	K171D	171	171	-0.35362548	-0.39162478	-0.25014362	-0.31990808	-0.4091196	-0.28260604	-0.30232644	-0.46584225	-0.52241045	-0.6547796	10	-0.3952386	0.124053076	0.48628807	Binding_K27	-0.23795775	0.07468752	0.29277506
K171E	K171E	171	171	-0.55003345	-0.49841306	-0.6525285	-0.5293402	-0.44664365	-0.4334605	-0.7419617	-0.52433586	-0.767285	-0.6533604	10	-0.57973623	0.11758013	0.46091413	Binding_K27	-0.34903657	0.07079041	0.27749842
K171F	K171F	171	171	-0.50793153	-0.38836738	-0.41924065	-0.34694144	-0.35320318	-0.21126795	-0.37684253	-0.35934365	-0.42632967	-0.44441107	10	-0.38338786	0.07808461	0.30609167	Binding_K27	-0.23082288	0.047011696	0.18428585
K171G	K171G	171	171	-0.61668783	-0.6432062	-0.66737515	-0.57666945	-0.48990113	-0.5152183	-0.5812694	-0.56408566	-0.60289246	-0.68910706	10	-0.59464127	0.063105404	0.2473732	Binding_K27	-0.3580103	0.0379933	0.14893374
K171H	K171H	171	171	-0.008660109	-0.22096026	-0.062474396	-0.09533905	-0.3399441	-0.05453265	0.0733936	0.14874205	-0.16066581	-0.06739091	10	-0.07878317	0.13993046	0.5485274	Binding_K27	-0.04743227	0.084246665	0.33024693
K171I	K171I	171	171	-0.49201304	-0.3095219	-0.34508896	-0.43801853	-0.28975302	-0.38722727	-0.28941873	-0.24869886	-0.35682076	-0.5458683	10	-0.37024292	0.0959388	0.3760801	Binding_K27	-0.22290881	0.05776101	0.22642316
K171L	K171L	171	171	-0.35674012	-0.34122187	-0.49905336	-0.48466602	-0.3933952	-0.29433808	-0.4829127	-0.35391855	-0.4266121	-0.53685606	10	-0.4169714	0.08101424	0.3175758	Binding_K27	-0.2510422	0.048775513	0.19120002
K171M	K171M	171	171	-0.18211156	-0.32564065	-0.25961328	-0.25216642	-0.37619343	-0.2689121	-0.4683437	-0.40115002	-0.28458938	-0.3782146	10	-0.3196935	0.08582524	0.33643496	Binding_K27	-0.19247498	0.05167203	0.20255436
K171N	K171N	171	171	-0.42515528	-0.4153877	-0.5224085	-0.49095654	-0.3273081	-0.55944026	-0.3067358	-0.34063584	-0.25148302	-0.30540064	10	-0.39449117	0.104220375	0.40854388	Binding_K27	-0.23750773	0.062747024	0.24596834
K171P	K171P	171	171	-0.64833474	-0.8176608	-0.72492963	-0.81400055	-0.66103095	-0.5392439	-0.60729116	-0.60224926	-0.56259626	-0.7516657	10	-0.6729003	0.0999152	0.39166757	Binding_K27	-0.40512702	0.06015504	0.23580776
K171Q	K171Q	171	171	-0.5914389	-0.6872775	-0.50291586	-0.5424314	-0.24672928	-0.41309226	-0.3321982	-0.47731492	-0.76575136	-0.70806587	10	-0.5267216	0.16746101	0.6564472	Binding_K27	-0.31711853	0.10082174	0.39522123
K171R	K171R	171	171	-0.46608934	-0.39337292	-0.299582	-0.36851972	-0.19835442	-0.35833806	-0.3895561	-0.39970273	-0.35235178	-0.35004374	10	-0.3575911	0.07053221	0.27648628	Binding_K27	-0.21529163	0.042464692	0.1664616
K171S	K171S	171	171	-0.521998	-0.43579802	-0.46883833	-0.4166584	-0.45113873	-0.24860102	-0.5145722	-0.5203141	-0.5110201	-0.58297336	10	-0.46719122	0.09127396	0.35779396	Binding_K27	-0.2812776	0.05495249	0.21541376
K171T	K171T	171	171	-0.5089929	-0.6710616	-0.50738794	-0.5593762	-0.48295483	-0.510059	-0.69797415	-0.67949116	-0.6169555	-0.5325508	10	-0.57668036	0.08210082	0.32183522	Binding_K27	-0.34719673	0.049429704	0.19376445
K171V	K171V	171	171	-0.6387192	-0.6115478	-0.5411865	-0.59614193	-0.43370342	-0.29953286	-0.5017088	-0.49444398	-0.59064645	-0.43665814	10	-0.5144289	0.10402386	0.40777352	Binding_K27	-0.30971757	0.06262871	0.24550454
K171W	K171W	171	171	-0.3042012	-0.23816441	0.030939331	-0.13465294	0.0273832	-0.07125286	-0.165808	-0.11395145	-0.016706085	-0.17462765	10	-0.11610421	0.110867985	0.4346025	Binding_K27	-0.06990181	0.06674929	0.2616572
K171Y	K171Y	171	171	-0.5531796	-0.66111785	-0.52126545	-0.47905168	-0.381781	-0.33987466	-0.5502233	-0.36445257	-0.5915431	-0.6307512	10	-0.50732404	0.11310223	0.44336075	Binding_K27	-0.30544	0.06809444	0.26693022
K174A	K174A	174	174	-0.38376713	-0.622819	-0.32054162	-0.4758597	-0.2208914	-0.37727952	-0.38430315	-0.18698716	-0.44584903	-0.32014334	10	-0.3738441	0.12553664	0.4921036	Binding_K27	-0.22507693	0.07558071	0.2962764
K174C	K174C	174	174	-0.4008362	-0.49827483	-0.37305716	-0.38215166	-0.3708767	-0.33663633	-0.37380287	-0.28275958	-0.1749745	-0.45516658	10	-0.36485365	0.08902247	0.3489681	Binding_K27	-0.21966414	0.053596955	0.21010007
K174D	K174D	174	174	-0.33125365	-0.49890324	-0.4209529	-0.35822955	-0.33248556	-0.37099785	-0.37245932	-0.3629085	-0.46470594	-0.6415261	10	-0.4154423	0.096817344	0.379524	Binding_K27	-0.2501216	0.058289945	0.2284966
K174E	K174E	174	174	-0.55341065	-0.52271235	-0.71271884	-0.6519692	-0.5732022	-0.44798625	-0.56823033	-0.60316205	-0.5264824	-0.4464634	10	-0.56063384	0.0829171	0.32503504	Binding_K27	-0.33753577	0.04992115	0.19569091
K174F	K174F	174	174	-0.327551	-0.15700379	-0.03445759	-0.23362048	-0.05480136	-0.02860767	-0.34190634	-0.19992766	-0.21722181	-0.15768032	10	-0.1752778	0.1121624	0.4396766	Binding_K27	-0.10552792	0.0675286	0.2647121
K174G	K174G	174	174	-0.3769863	-0.4360373	-0.4861222	-0.4343656	-0.5065667	-0.44331127	-0.4533898	-0.5557863	-0.6031763	-0.46686316	10	-0.47626048	0.06529691	0.2559639	Binding_K27	-0.28673786	0.03931272	0.15410587
K174H	K174H	174	174	-0.29993647	-0.31061113	-0.47440708	-0.3909441	-0.29910183	-0.38257414	-0.59382814	-0.40680328	-0.55478454	-0.4591455	10	-0.41721362	0.103394926	0.40530813	Binding_K27	-0.25118804	0.062250048	0.2440202
K174I	K174I	174	174	-0.12389507	-0.30916688	-0.24537534	-0.16653144	-0.29650956	-0.11089114	-0.25328138	-0.20445968	-0.48046649	-0.19826202	10	-0.2388839	0.10777889	0.42249328	Binding_K27	-0.14382267	0.06488947	0.25436673
K174L	K174L	174	174	-0.19659843	-0.2538931	-0.17646119	-0.09055338	-0.10028481	-0.044253152	-0.1420093	-0.23835404	-0.21709655	-0.29245088	10	-0.17519549	0.07970058	0.3124263	Binding_K27	-0.10547836	0.04798461	0.18809968
K174M	K174M	174	174	-0.24380805	-0.22978482	-0.42187613	-0.41768935	-0.18601574	-0.07577732	-0.4182751	-0.3312611	-0.38842064	-0.2873999	10	-0.3000308	0.116906285	0.45827264	Binding_K27	-0.18063684	0.07038471	0.27590808
K174N	K174N	174	174	-0.39697254	-0.49199587	-0.103367604	-0.2886915	-0.34203318	-0.47126177	-0.3185682	-0.40862533	-0.27712262	-0.32686514	10	-0.34255037	0.11127526	0.43619904	Binding_K27	-0.20623621	0.066994496	0.26261842
K174P	K174P	174	174	-0.5173429	-0.40140533	-0.30147734	-0.33294964	-0.74326134	-0.3514641	-0.27483246	-0.4813787	-0.5790578	-0.3728561	10	-0.43560258	0.14551455	0.57041705	Binding_K27	-0.2622593	0.08760863	0.34342584
K174Q	K174Q	174	174	-0.7546724	-0.85411507	-0.7574921	-0.68194246	-0.84822625	-0.63909197	-0.7676672	-0.74769145	-0.87287253	-0.88659894	10	-0.78103703	0.08295926	0.3252003	Binding_K27	-0.47023192	0.04994653	0.19579041
K174R	K174R	174	174	-0.049361777	-0.3245314	-0.2850356	-0.3550682	-0.34573263	-0.1143975	-0.13390805	-0.13228793	-0.3478941	-0.10088116	10	-0.21890983	0.122527726	0.48030868	Binding_K27	-0.13179706	0.07376916	0.28917512
K174S	K174S	174	174	-0.5805137	-0.5380613	-0.4901575	-0.5103126	-0.49349347	-0.40576482	-0.4784344	-0.34026003	-0.4711537	-0.50609237	10	-0.48142442	0.0670469	0.26282388	Binding_K27	-0.28984687	0.040366326	0.158236
K174T	K174T	174	174	-0.16597053	-0.15436272	-0.0069356887	-0.10429372	0.07168491	-0.08031794	-0.20532914	0.00053636427	-0.16954747	-0.18988231	10	-0.10044181	0.09426053	0.3695013	Binding_K27	-0.060472097	0.056750584	0.2224623
K174V	K174V	174	174	-0.2826126	-0.2909266	-0.29929444	-0.16347596	-0.16259982	-0.12356228	-0.17624693	-0.09907421	-0.077181965	-0.154593	10	-0.18295678	0.08063564	0.31609172	Binding_K27	-0.11015114	0.04854757	0.19030647
K174W	K174W	174	174	-0.17162642	-0.14733379	0.16627702	0.02447513	-0.08572053	-0.04915636	-0.048615474	0.077959515	0.03496001	0.04074232	10	-0.015803857	0.10434983	0.40905133	Binding_K27	-0.009514885	0.06282496	0.24627383
K174Y	K174Y	174	174	-0.16921522	-0.29735172	-0.3277553	-0.23298945	-0.18554872	-0.18519938	-0.19800393	-0.22881328	-0.16196941	-0.35594013	10	-0.23427865	0.06921003	0.27130333	Binding_K27	-0.14105003	0.041668657	0.16334113
K175A	K175A	175	175	-0.5134873	-0.40654573	-0.30195564	-0.47609803	-0.28780535	-0.31240967	-0.4858703	-0.3673415	-0.39656198	-0.34012955	10	-0.38882053	0.08122143	0.31838802	Binding_K27	-0.23409367	0.048900254	0.191689
K175C	K175C	175	175	-0.047455303	-0.021226626	0.019747626	0.004565285	0.008845194	0.010801381	0.016280888	0.011361172	-0.0071188635	0.024916546	10	0.0020717303	0.02193685	0.085992455	Binding_K27	0.001247308	0.013207322	0.051772702
K175D	K175D	175	175	-0.35571736	-0.2659281	-0.49056113	-0.33351436	-0.26720956	-0.1195929	-0.3609129	-0.16713573	-0.40445867	-0.24432398	10	-0.30093545	0.11090035	0.43472937	Binding_K27	-0.18118149	0.06676877	0.2617336
K175E	K175E	175	175	-0.40995553	-0.3260999	-0.42769042	-0.15639499	-0.41512257	-0.23492394	-0.45898408	-0.47598204	-0.59217346	-0.59510607	10	-0.4092433	0.14005727	0.54902446	Binding_K27	-0.2463894	0.08432301	0.3305462
K175F	K175F	175	175	-0.08864943	-0.051638506	0.047365606	-0.16537747	-0.08484198	0.099979594	-0.002070418	0.04020492	0.012631751	-0.082361996	10	-0.027475793	0.080503374	0.31557325	Binding_K27	-0.016542103	0.04846794	0.18999434
K175G	K175G	175	175	-0.5532845	-0.55493623	-0.49439475	-0.46987274	-0.3980181	-0.28088677	-0.40359735	-0.27468503	-0.371731	-0.5960709	10	-0.43974775	0.112865075	0.4424311	Binding_K27	-0.26475495	0.06795166	0.2663705
K175H	K175H	175	175	-0.21940999	-0.008830028	-0.25841025	-0.12856475	-0.12797253	-0.101909176	-0.41725686	-0.29827356	-0.37860036	-0.24311668	10	-0.21823442	0.12803544	0.50189894	Binding_K27	-0.13139042	0.077085145	0.30217376
K175I	K175I	175	175	0.073730044	0.1496704	0.49316058	0.2779642	0.12061177	0.040910725	0.122432135	0.18926056	-0.008439715	-0.31515726	10	0.114414334	0.2065128	0.80953014	Binding_K27	0.0688844	0.12433329	0.48738652
K175L	K175L	175	175	-0.4200163	-0.32854182	-0.2447379	-0.2978747	-0.31938967	-0.28513306	-0.36764488	-0.2700334	-0.33216733	-0.533195	10	-0.33987337	0.08423746	0.33021083	Binding_K27	-0.20462449	0.050716083	0.19880705
K175M	K175M	175	175	-0.5994477	-0.35235447	-0.64175105	-0.44569355	-0.73073494	-0.271464	-0.39518723	-0.39955455	-0.70433855	-0.5052552	10	-0.5045781	0.1573553	0.6168328	Binding_K27	-0.30378678	0.09473748	0.3713709
K175N	K175N	175	175	-0.16777343	-0.17464416	-0.11906159	-0.16611753	-0.27270362	-0.18415858	-0.26363295	-0.27268818	-0.29396084	-0.10874217	10	-0.2023483	0.06778356	0.26571155	Binding_K27	-0.121826015	0.040809833	0.15997455
K175P	K175P	175	175	-0.8205598	-0.35424674	-0.411642	-0.46172777	-0.6810308	-0.3964482	-0.28817168	-0.2874869	-0.5390618	-0.37820596	10	-0.46185812	0.17276004	0.6772194	Binding_K27	-0.27806675	0.10401208	0.40772736
K175Q	K175Q	175	175	-0.4222164	-0.46769667	-0.554741	-0.33288854	-0.17033994	-0.34239984	-0.4432622	-0.604729	-0.5077867	-0.5019276	10	-0.4347988	0.12617004	0.49458656	Binding_K27	-0.2617754	0.07596206	0.29777128
K175R	K175R	175	175	-0.30016384	-0.40457407	-0.29200873	-0.3337392	-0.32246026	-0.2430578	-0.14450072	-0.24018171	-0.3018634	-0.1688276	10	-0.27513772	0.07793975	0.3055238	Binding_K27	-0.16564968	0.04692448	0.18394396
K175S	K175S	175	175	-0.38312972	-0.36676657	-0.43877685	-0.40622857	-0.40669087	-0.3099047	-0.54138976	-0.41344774	-0.43225673	-0.5343684	10	-0.42329597	0.07065855	0.27698153	Binding_K27	-0.25485	0.042540755	0.16675976
K175T	K175T	175	175	-0.5774135	-0.5765807	-0.60254043	-0.38404667	-0.331161	-0.40533957	-0.5461381	-0.5443348	-0.62528306	-0.60485077	10	-0.51976883	0.10549362	0.413535	Binding_K27	-0.31293252	0.06351359	0.24897328
K175V	K175V	175	175	-0.06557458	0.05243007	-0.33871824	0.023949185	0.0466715	0.18120365	0.09838433	0.17127131	0.08762741	-0.041807316	10	0.02154373	0.14950435	0.58605707	Binding_K27	0.012970639	0.09001073	0.3528421
K175W	K175W	175	175	-0.12041807	-0.36405265	-0.16958547	-0.11045551	0.030949429	-0.1253947	-0.12501095	-0.08365734	-0.12203083	-0.29439256	10	-0.14840487	0.10985897	0.43064716	Binding_K27	-0.08934878	0.0661418	0.25927585
K175Y	K175Y	175	175	-0.39877105	-0.38245907	-0.28150263	-0.20955205	-0.31863183	-0.19221105	-0.27358478	-0.2289323	-0.2534735	-0.26914838	10	-0.28082666	0.068501875	0.26852736	Binding_K27	-0.16907477	0.041242305	0.16166984
K176A	K176A	176	176	-0.2881192	-0.48464262	-0.33263174	-0.3668128	-0.36335918	-0.22048336	-0.3305555	-0.31502423	-0.30999976	-0.32185096	10	-0.33334795	0.067260765	0.2636622	Binding_K27	-0.20069578	0.040495083	0.15874073
K176C	K176C	176	176	-0.32385406	-0.4982081	-0.54362255	-0.57774013	-0.6253876	-0.24044023	-0.370449	-0.39573246	-0.3738511	-0.58325636	10	-0.45325416	0.12940848	0.50728124	Binding_K27	-0.27288663	0.077911794	0.30541423
K176D	K176D	176	176	-0.46593824	-0.27547678	-0.30874616	-0.32045156	-0.2083634	-0.016227882	-0.37244707	-0.24019179	-0.3598891	-0.4516966	10	-0.30194286	0.1303593	0.5110085	Binding_K27	-0.18178801	0.07848425	0.30765828
K176E	K176E	176	176	-0.5427442	-0.47424954	-0.3947558	-0.5387939	-0.26604402	-0.32994866	-0.39278123	-0.4135425	-0.35020462	-0.42667234	10	-0.4129737	0.08804979	0.34515518	Binding_K27	-0.24863535	0.053011343	0.20780447
K176F	K176F	176	176	-0.1459843	-0.18042651	-0.28279957	-0.22562541	-0.30678612	-0.4473819	-0.27086252	-0.25738132	-0.06356542	-0.21644276	10	-0.23972559	0.102649346	0.40238544	Binding_K27	-0.14432943	0.061801165	0.24226058
K176G	K176G	176	176	-0.38938504	-0.48863727	-0.37810856	-0.3990505	-0.22304656	-0.2529769	-0.35564908	-0.3816379	-0.4174211	-0.44716743	10	-0.37330803	0.08102504	0.31761816	Binding_K27	-0.2247542	0.048782017	0.19122551
K176H	K176H	176	176	-0.45655772	-0.48295757	-0.47965267	-0.60677063	-0.4750639	-0.3265692	-0.35050184	-0.37881508	-0.5328881	-0.41181457	10	-0.45015913	0.08546888	0.335038	Binding_K27	-0.27102324	0.051457476	0.20171331
K176I	K176I	176	176	-0.2848749	-0.3421482	-0.40386957	-0.22594377	-0.29779124	-0.35993993	-0.38465458	-0.24246751	-0.30866876	-0.44915536	10	-0.32995138	0.07126175	0.27934605	Binding_K27	-0.19865085	0.04290392	0.16818337
K176L	K176L	176	176	-0.44805443	-0.3621222	-0.27841443	-0.25541177	-0.3498713	-0.24981323	-0.20208456	-0.2651488	-0.29997543	-0.5253241	10	-0.32362202	0.099572524	0.3903243	Binding_K27	-0.1948402	0.05994873	0.23499903
K176M	K176M	176	176	-0.54015267	-0.28066573	-0.29713443	-0.39810556	-0.48247534	-0.30051	-0.29170743	-0.25698912	-0.37635005	-0.3045171	10	-0.35286072	0.09475313	0.37143227	Binding_K27	-0.21244366	0.057047162	0.22362489
K176N	K176N	176	176	-0.38728085	-0.41126183	-0.30012223	-0.10762798	-0.326327	-0.12918496	-0.2234469	-0.1802446	-0.4246032	-0.27089655	10	-0.27609962	0.11437631	0.44835514	Binding_K27	-0.1662288	0.06886151	0.2699371
K176P	K176P	176	176	-0.68618	-0.7068625	-0.4456713	-0.65569633	-0.5051238	-0.5802944	-0.7763139	-0.6490366	-0.65020126	-0.56544226	10	-0.6220822	0.09859297	0.38648444	Binding_K27	-0.3745314	0.059358977	0.23268719
K176Q	K176Q	176	176	-0.2155584	-0.28855848	-0.26563987	-0.20868015	-0.2855012	-0.10105307	-0.2661909	-0.41043144	-0.50519633	-0.44112486	10	-0.2987935	0.12106779	0.47458574	Binding_K27	-0.1798919	0.07289019	0.28572956
K176R	K176R	176	176	-0.14512461	-0.24375367	-0.24529994	-0.23871587	-0.13860461	-0.1549441	-0.1516637	-0.17149292	-0.24571389	-0.27949637	10	-0.20148098	0.05355441	0.20993328	Binding_K27	-0.12130384	0.03224302	0.12639265
K176S	K176S	176	176	-0.5439987	-0.31456113	-0.41737014	-0.31091633	-0.43568262	-0.3747368	-0.40921742	-0.35356253	-0.36692008	-0.33590975	10	-0.38628754	0.06971965	0.27330104	Binding_K27	-0.23256865	0.04197548	0.16454388
K176T	K176T	176	176	-0.7323223	-0.9303331	-0.6667202	-0.3478742	-0.36442977	-0.43172058	-0.5980414	-0.4462429	-0.62893844	-0.6087183	10	-0.5755341	0.18166885	0.7121419	Binding_K27	-0.34650663	0.10937572	0.42875284
K176V	K176V	176	176	-0.32397807	-0.19604096	-0.31278074	-0.31435353	-0.24419317	-0.17091377	-0.14940207	-0.2344158	-0.2362331	-0.2413688	10	-0.24236801	0.06036909	0.23664683	Binding_K27	-0.14592032	0.036345873	0.14247583
K176W	K176W	176	176	-0.39321545	-0.4602974	-0.2557237	-0.24879336	-0.26483908	-0.33264473	-0.3739728	-0.23137464	-0.3779917	-0.3327428	10	-0.32715955	0.07544582	0.29574764	Binding_K27	-0.19697	0.045422986	0.1780581
K176Y	K176Y	176	176	-0.14128694	0.00190773	-0.13564168	0.13081779	-0.021144383	-0.10517881	-0.16281405	-0.10945798	-0.12164996	-0.18209215	10	-0.08465404	0.09531813	0.3736471	Binding_K27	-0.050966892	0.057387326	0.22495832
K177A	K177A	177	177	-0.4992947	-0.6314593	-0.42725953	-0.44159046	-0.5449858	-0.4228708	-0.6202352	-0.50441307	-0.46013075	-0.37105185	10	-0.49232912	0.08567527	0.33584705	Binding_K27	-0.29641214	0.051581737	0.20220041
K177C	K177C	177	177	-0.37451902	-0.45378023	-0.5071973	-0.40559116	-0.46563134	-0.3275545	-0.41863465	-0.2878229	-0.39036846	-0.37093762	10	-0.40020376	0.06539442	0.2563461	Binding_K27	-0.24094707	0.039371427	0.15433599
K177D	K177D	177	177	-0.60393465	-0.54740137	-0.44369924	-0.40149575	-0.51933146	-0.35979202	-0.63294	-0.5546258	-0.51330197	-0.831957	10	-0.5408479	0.13345745	0.52315325	Binding_K27	-0.32562342	0.08034952	0.31497014
K177E	K177E	177	177	-0.25335717	-0.57883745	-0.42815506	-0.40557173	-0.3968214	-0.46908176	-0.48265374	-0.41663235	-0.4541994	-0.60746306	10	-0.4492773	0.09882495	0.3873938	Binding_K27	-0.27049235	0.059498645	0.23323469
K177F	K177F	177	177	-0.4431658	-0.32782844	-0.3555078	-0.4514128	-0.45130464	-0.42965087	-0.35058385	-0.3467487	-0.4544239	-0.4128992	10	-0.40235257	0.051160805	0.20055036	Binding_K27	-0.24224079	0.030801924	0.12074354
K177G	K177G	177	177	-0.4352086	-0.45256975	-0.43658972	-0.34950703	-0.27550346	-0.3249596	-0.3632046	-0.30303305	-0.3686155	-0.38608065	10	-0.3695272	0.059321467	0.23254016	Binding_K27	-0.2224779	0.03571514	0.14000335
K177H	K177H	177	177	-0.25147784	-0.1888674	-0.4406398	-0.3668617	-0.45945808	-0.23617409	-0.29873848	-0.3243146	-0.37785137	-0.60228735	10	-0.3546671	0.123198986	0.48294005	Binding_K27	-0.21353121	0.0741733	0.29075935
K177I	K177I	177	177	-0.19686913	-0.12320964	-0.2219297	-0.2705014	-0.23017086	-0.22531782	-0.23472734	-0.23586881	-0.3956045	-0.3098275	10	-0.24440268	0.07149901	0.28027612	Binding_K27	-0.14714532	0.043046765	0.16874333
K177L	K177L	177	177	-0.52226865	-0.5403866	-0.42058414	-0.6657954	-0.548409	-0.26113093	-0.41739884	-0.49088076	-0.39072126	-0.638428	10	-0.48960036	0.12122181	0.4751895	Binding_K27	-0.29476926	0.07298292	0.28609306
K177M	K177M	177	177	-0.2624766	-0.23565508	-0.22440225	-0.38650814	-0.13086317	-0.16592705	-0.058914013	-0.1282675	-0.24652378	-0.21377075	10	-0.20533085	0.09044148	0.3545306	Binding_K27	-0.12362169	0.054451287	0.21344905
K177N	K177N	177	177	-0.2643557	-0.1924496	-0.2515745	-0.342522	-0.16382961	-0.22361518	-0.22585467	-0.15605836	-0.33065188	-0.268642	10	-0.24195533	0.06308331	0.24728659	Binding_K27	-0.14567186	0.03798	0.14888161
K177P	K177P	177	177	-0.43753213	-0.71694803	-0.566488	-0.3568182	-0.28995943	-0.16165695	-0.26799312	-0.40809736	-0.45516104	-0.36927179	10	-0.40299264	0.15696877	0.6153176	Binding_K27	-0.24262615	0.09450477	0.37045872
K177Q	K177Q	177	177	-0.3788379	-0.62916934	-0.43579513	-0.45919606	-0.42011377	-0.21033962	-0.30510187	-0.4458426	-0.5963892	-0.31954792	10	-0.42003337	0.12748098	0.49972546	Binding_K27	-0.2528857	0.07675132	0.30086517
K177R	K177R	177	177	-0.46579468	-0.31446368	-0.28695974	-0.32517722	-0.21797904	-0.21564305	-0.14330806	-0.10252002	-0.2947131	-0.42300105	10	-0.27895597	0.113834165	0.44622993	Binding_K27	-0.1679485	0.06853511	0.26865765
K177S	K177S	177	177	-0.453785	-0.45528734	-0.279657	-0.37287125	-0.31711236	-0.34331265	-0.47584447	-0.4053181	-0.30652803	-0.41475558	10	-0.38244718	0.069045976	0.27066022	Binding_K27	-0.23025653	0.04156989	0.16295397
K177T	K177T	177	177	-0.52709246	-0.55366504	-0.3969496	-0.41042414	-0.35225	-0.38213554	-0.33723322	-0.3039633	-0.43333435	-0.415399	10	-0.4112447	0.07869011	0.30846524	Binding_K27	-0.24759437	0.047376245	0.18571489
K177V	K177V	177	177	-0.46849605	-0.4378448	-0.41361105	-0.40348423	-0.44901556	-0.42479858	-0.48209605	-0.3569888	-0.4990824	-0.33031508	10	-0.42657322	0.053271305	0.20882352	Binding_K27	-0.2568231	0.032072574	0.1257245
K177W	K177W	177	177	-0.43018758	-0.41583613	-0.342858	-0.60537755	-0.38411868	-0.45510954	-0.38251173	-0.60665286	-0.505167	-0.44614673	10	-0.4573966	0.09015646	0.3534133	Binding_K27	-0.27538064	0.054279685	0.21277636
K177Y	K177Y	177	177	-0.36310208	-0.4686474	-0.31523404	-0.23772794	-0.1769186	-0.25323766	-0.3657675	-0.38101396	-0.41398245	-0.38315734	10	-0.33587888	0.0893136	0.3501093	Binding_K27	-0.20221956	0.05377223	0.21078715
K178A	K178A	178	178	-0.647426	-0.48722145	-0.44464397	-0.44692066	-0.49581587	-0.4951762	-0.5396352	-0.48109934	-0.44916174	-0.3397216	10	-0.48268223	0.078189954	0.30650464	Binding_K27	-0.29060414	0.04707512	0.18453448
K178C	K178C	178	178	-0.23883726	-0.29698557	-0.32019717	-0.32380104	-0.17985946	-0.29850528	-0.49191836	-0.37967098	-0.32835397	-0.49046728	10	-0.33485964	0.09847181	0.3860095	Binding_K27	-0.20160592	0.059286036	0.23240127
K178D	K178D	178	178	-0.31484735	-0.40465188	-0.35648894	-0.36273298	-0.42042002	-0.18578425	-0.49159065	-0.37905142	-0.4487403	-0.45561102	10	-0.38199186	0.08686707	0.34051892	Binding_K27	-0.22998239	0.052299272	0.20501316
K178E	K178E	178	178	-0.34662747	-0.3916811	-0.50277704	-0.43798798	-0.27409372	-0.31548533	-0.2714332	-0.44414055	-0.54938287	-0.45114824	10	-0.39847577	0.09504684	0.37258363	Binding_K27	-0.23990671	0.057223994	0.22431806
K178F	K178F	178	178	-0.3325447	-0.395408	-0.3104055	-0.25758877	-0.32929447	-0.3016607	-0.33658466	-0.32428083	-0.2849047	-0.15340002	10	-0.30260724	0.063691266	0.24966976	Binding_K27	-0.182188	0.038346026	0.15031643
K178G	K178G	178	178	-0.41045114	-0.3469511	-0.32167268	-0.34457052	-0.2950936	-0.36087412	-0.40532076	-0.36291555	-0.40416417	-0.45485577	10	-0.37068692	0.04773155	0.18710767	Binding_K27	-0.22317612	0.028737303	0.11265023
K178H	K178H	178	178	-0.16582984	0.049949113	0.02756385	-0.13835938	-0.14985909	-0.3771075	-0.3010414	-0.007285783	-0.11291139	-0.19040321	10	-0.13652846	0.13656358	0.5353293	Binding_K27	-0.082198456	0.08221961	0.32230088
K178I	K178I	178	178	-0.41192195	-0.5275145	-0.42033312	-0.39094844	-0.40137002	-0.2657253	-0.5380715	-0.33704194	-0.39612648	-0.2569125	10	-0.39459658	0.09318652	0.36529118	Binding_K27	-0.2375712	0.056103967	0.21992755
K178L	K178L	178	178	-0.30126983	-0.44024655	-0.2915614	-0.39296928	-0.3348647	-0.3398388	-0.39365193	-0.4752371	-0.40981975	-0.37862948	10	-0.3758089	0.05910416	0.2316883	Binding_K27	-0.22625987	0.03558431	0.13949049
K178M	K178M	178	178	-0.36641228	-0.47818062	-0.19949529	-0.33521026	-0.31349462	-0.36248124	-0.45528048	-0.29995874	-0.35662982	-0.14512473	10	-0.3312268	0.10172953	0.39877975	Binding_K27	-0.19941872	0.06124738	0.24008973
K178N	K178N	178	178	-0.29476917	-0.2765438	-0.20816824	-0.27328867	-0.1808761	-0.24895231	-0.10526874	-0.08887845	-0.12054323	-0.1886418	10	-0.19859305	0.07511824	0.29446352	Binding_K27	-0.11956512	0.04522576	0.17728499
K178P	K178P	178	178	-0.4059859	-0.5354557	-0.40186194	-0.39973852	-0.5196086	-0.4674413	-0.32724792	-0.32201168	-0.23852502	-0.3351695	10	-0.39530462	0.093496226	0.3665052	Binding_K27	-0.23799749	0.05629043	0.22065848
K178Q	K178Q	178	178	-0.13704038	-0.22703916	-0.23451596	-0.37303528	-0.15805174	0.023943322	-0.20909765	-0.14136338	-0.22956884	-0.44712535	10	-0.21328945	0.1297168	0.50848985	Binding_K27	-0.12841326	0.078097425	0.3061419
K178R	K178R	178	178	-0.34271914	-0.37433052	-0.25611827	-0.31459212	-0.19240186	-0.31699306	-0.37916133	-0.1484452	-0.36178443	-0.24080978	10	-0.29273555	0.079849206	0.3130089	Binding_K27	-0.17624465	0.04807409	0.18845043
K178S	K178S	178	178	-0.275713	-0.31250194	-0.30122754	-0.21206765	-0.27880433	-0.26553422	-0.41275656	-0.28066355	-0.32977533	-0.26840588	10	-0.29374498	0.052385703	0.20535196	Binding_K27	-0.17685239	0.031539388	0.123634405
K178T	K178T	178	178	-0.50031865	-0.5083228	-0.42658144	-0.37240842	-0.34476873	-0.28531268	-0.40650555	-0.2983714	-0.38356093	-0.5025368	10	-0.40286875	0.08201736	0.32150808	Binding_K27	-0.24255155	0.049379453	0.19356745
K178V	K178V	178	178	-0.31512973	-0.3502743	-0.26582894	-0.36754614	-0.37933058	-0.2756539	-0.3688122	-0.34323996	-0.47123525	-0.55564785	10	-0.36926988	0.0873509	0.3424155	Binding_K27	-0.22232299	0.052590568	0.20615503
K178W	K178W	178	178	-0.5452933	-0.58073545	-0.3222219	-0.5117799	-0.582656	-0.3435217	-0.37363595	-0.53230447	-0.5522533	-0.3173641	10	-0.4661766	0.11219452	0.43980253	Binding_K27	-0.28066674	0.06754795	0.26478797
K178Y	K178Y	178	178	-0.37256742	-0.29868746	-0.2068278	-0.29519016	-0.28754425	-0.17476663	-0.22848092	-0.30748335	-0.24706438	-0.44019964	10	-0.2858812	0.07849004	0.30768096	Binding_K27	-0.1721179	0.04725579	0.18524271
K179A	K179A	179	179	-0.31631094	-0.2611484	-0.37441307	-0.27442926	-0.36809745	-0.3879801	-0.35680202	-0.25917062	-0.34439293	-0.32627842	10	-0.32690233	0.047914125	0.18782337	Binding_K27	-0.19681513	0.028847225	0.11308113
K179C	K179C	179	179	-0.4688572	-0.23379678	-0.39473158	-0.43198445	-0.27596977	-0.3137916	-0.34968108	-0.51520675	-0.28190944	-0.5201448	10	-0.37860736	0.10319306	0.40451682	Binding_K27	-0.22794472	0.062128514	0.24354377
K179D	K179D	179	179	-0.3014842	-0.24391665	-0.20103449	-0.23831438	-0.1747453	-0.22139183	-0.4419793	-0.25036252	-0.29225504	-0.3498985	10	-0.27153823	0.07865956	0.30834547	Binding_K27	-0.16348258	0.04735785	0.18564278
K179E	K179E	179	179	-0.6151482	-0.40465328	-0.34264204	-0.3984821	-0.20696819	-0.3103835	-0.29351425	-0.3743662	-0.39708292	-0.33993864	10	-0.36831793	0.10565651	0.41417354	Binding_K27	-0.22174986	0.063611664	0.24935773
K179F	K179F	179	179	-0.36340842	-0.5515621	-0.34633175	-0.3732603	-0.24579561	-0.4990634	-0.41912198	-0.3827905	-0.33620077	-0.3977295	10	-0.3915264	0.08532106	0.33445856	Binding_K27	-0.23572277	0.051368482	0.20136446
K179G	K179G	179	179	-0.27079332	-0.33010244	-0.25006244	-0.30794168	-0.24127318	-0.21998546	-0.22394413	-0.34252608	-0.26012227	-0.2908002	10	-0.27375513	0.042878482	0.16808365	Binding_K27	-0.16481729	0.02581546	0.10119661
K179H	K179H	179	179	-0.5454125	-0.41607365	-0.49903286	-0.48136064	-0.42193228	-0.4521883	-0.38535407	-0.24070267	-0.38115528	-0.46289223	10	-0.42861047	0.08349982	0.3273193	Binding_K27	-0.25804964	0.050271984	0.19706619
K179I	K179I	179	179	-0.23236424	-0.23913594	-0.078720964	-0.14646682	-0.4585703	-0.3591558	-0.21071923	-0.30141112	-0.25452387	-0.13370465	10	-0.2414773	0.11200497	0.4390595	Binding_K27	-0.14538406	0.06743383	0.2643406
K179L	K179L	179	179	-0.46288332	-0.3945659	-0.35489225	-0.3052342	-0.38772443	-0.14695957	-0.34479535	-0.30256313	-0.37999466	-0.37636176	10	-0.34559748	0.08372134	0.32818764	Binding_K27	-0.20807076	0.05040535	0.19758898
K179M	K179M	179	179	-0.20141508	-0.13330252	-0.08009965	0.017041484	-0.24056797	-0.07768724	-0.26838684	-0.08601679	-0.1542024	-0.17356412	10	-0.13982011	0.086145125	0.3376889	Binding_K27	-0.084180236	0.051864617	0.2033093
K179N	K179N	179	179	-0.28389284	-0.3655867	-0.12814324	-0.34743142	-0.22948205	-0.17446877	-0.33076897	-0.32451907	-0.34950587	-0.2570037	10	-0.27908027	0.08065529	0.31616876	Binding_K27	-0.16802333	0.048559405	0.19035287
K179P	K179P	179	179	-0.38972104	-0.45206955	-0.22070423	-0.45079333	-0.38148737	-0.38014865	-0.38777164	-0.5177326	-0.5376367	-0.5635659	10	-0.4281631	0.10003176	0.39212453	Binding_K27	-0.2577803	0.060225222	0.23608288
K179Q	K179Q	179	179	-0.2459076	-0.42668834	-0.23176742	-0.2930531	-0.5738944	-0.35315016	-0.47064203	-0.17205961	-0.34208608	-0.4892585	10	-0.35985073	0.12857307	0.50400645	Binding_K27	-0.21665208	0.07740883	0.3034426
K179R	K179R	179	179	-0.30587882	-0.19624883	-0.21807931	-0.24947545	-0.18630739	-0.1536252	-0.2403787	-0.17820635	-0.23537888	-0.23574913	10	-0.2199328	0.043460183	0.17036392	Binding_K27	-0.13241296	0.02616568	0.10256946
K179S	K179S	179	179	-0.3594153	-0.32237238	-0.2626259	-0.19087133	-0.31346133	-0.102183126	-0.2723239	-0.21051027	-0.2965604	-0.2880686	10	-0.2618392	0.07528867	0.2951316	Binding_K27	-0.15764317	0.045328368	0.1776872
K179T	K179T	179	179	0.061467137	-0.17599815	-0.24243101	-0.13846247	-0.37562978	-0.3026223	-0.26709053	-0.09189259	-0.112805836	-0.18868491	10	-0.18341506	0.12341176	0.4837741	Binding_K27	-0.110427044	0.07430141	0.29126152
K179V	K179V	179	179	-0.3733953	-0.2701699	-0.38489768	-0.41358832	-0.3242874	-0.28783098	-0.1510926	-0.18350613	-0.20704786	-0.30097145	10	-0.28967875	0.08847133	0.34680763	Binding_K27	-0.17440428	0.053265136	0.20879933
K179W	K179W	179	179	-0.2973045	-0.2787398	-0.35195976	-0.42338517	-0.348822	-0.36200017	-0.36776218	-0.15102178	-0.38009486	-0.33633462	10	-0.3297425	0.0747485	0.29301414	Binding_K27	-0.19852509	0.045003157	0.17641237
K179Y	K179Y	179	179	-0.45871085	-0.18407941	-0.06490045	-0.16643485	-0.2746371	-0.25226322	-0.30646786	-0.10412106	-0.31023583	-0.23842138	10	-0.2360272	0.113549866	0.44511548	Binding_K27	-0.14210276	0.06836394	0.26798666
K181A	K181A	181	181	-0.293439	-0.30505514	-0.45476824	-0.30819404	-0.4305647	-0.63174653	-0.3516819	-0.21686932	-0.56176203	-0.3277726	10	-0.38818532	0.13008446	0.5099311	Binding_K27	-0.23371123	0.078318775	0.3070096
K181C	K181C	181	181	-0.29812032	-0.21900019	-0.18900108	-0.2550186	-0.5594719	-0.4152087	-0.3592485	-0.3877507	-0.4957143	-0.56762207	10	-0.3746156	0.13620597	0.53392744	Binding_K27	-0.22554144	0.0820043	0.32145688
K181D	K181D	181	181	-0.22525221	-0.35473818	-0.28535718	-0.29067746	-0.2003348	0.08029976	-0.39094836	-0.07844841	-0.37457594	-0.28184748	10	-0.24018803	0.14564757	0.57093847	Binding_K27	-0.14460784	0.08768872	0.3437398
K181E	K181E	181	181	-0.24160469	-0.26503876	-0.32333535	-0.16815251	-0.16957527	-0.15483329	-0.2940533	-0.3065095	-0.51609915	-0.15599619	10	-0.2595198	0.111440964	0.43684858	Binding_K27	-0.15624674	0.06709426	0.2630095
K181F	K181F	181	181	-0.31120512	-0.15998216	-0.24134703	-0.1606292	-0.1375179	-0.248355	-0.26711103	-0.17918542	-0.44397774	-0.14459392	10	-0.22939046	0.095663756	0.37500194	Binding_K27	-0.13810705	0.057595413	0.22577402
K181G	K181G	181	181	-0.3561884	-0.23521791	-0.2783649	-0.33025935	-0.40792617	-0.2807429	-0.4128763	-0.15724161	-0.22567718	-0.3189676	10	-0.30034623	0.08148614	0.3194257	Binding_K27	-0.18082674	0.049059626	0.19231373
K181H	K181H	181	181	-0.41001642	-0.20067923	-0.27769786	-0.2731774	-0.29851234	-0.37149164	-0.25217763	-0.39420024	-0.4294063	-0.46283865	10	-0.33701977	0.087570146	0.34327498	Binding_K27	-0.20290644	0.052722566	0.20667246
K181I	K181I	181	181	-0.52473736	-0.62325484	-0.3771168	-0.55447596	-0.53121525	-0.5313944	-0.47808328	-0.74086165	-0.5109218	-0.46260586	10	-0.5334667	0.09697862	0.3801562	Binding_K27	-0.32117948	0.05838704	0.2288772
K181L	K181L	181	181	-0.4386281	-0.44631478	-0.21198592	-0.2951978	-0.33745405	-0.2368142	-0.3490382	-0.36078763	-0.4629143	-0.36216015	10	-0.35012951	0.08509191	0.3335603	Binding_K27	-0.21079932	0.05123052	0.20082365
K181M	K181M	181	181	-0.30145866	-0.3108045	-0.2906785	-0.4063482	-0.43495706	-0.27035984	-0.53204715	-0.3412741	-0.48505247	-0.38507086	10	-0.37580514	0.08830148	0.34614182	Binding_K27	-0.2262576	0.053162877	0.20839848
K181N	K181N	181	181	-0.40937385	-0.43833438	-0.41799915	-0.3898775	-0.12011302	-0.3579997	-0.28861362	-0.1803999	-0.16383542	-0.2794577	10	-0.30460042	0.11643266	0.45641604	Binding_K27	-0.18338802	0.07009956	0.2747903
K181P	K181P	181	181	-0.49280205	-0.41345266	-0.19490762	-0.5550416	-0.28889635	-0.383856	-0.54778177	-0.07008523	-0.5374069	-0.68370914	10	-0.4167939	0.18700357	0.733054	Binding_K27	-0.25093535	0.11258755	0.4413432
K181Q	K181Q	181	181	-0.3115157	-0.7800279	-0.52341306	-0.3540478	-0.5122877	-0.41068602	-0.048961468	-0.33835268	-0.611733	-0.4921245	10	-0.43831497	0.19663323	0.7708023	Binding_K27	-0.26389235	0.118385196	0.46406996
K181R	K181R	181	181	-0.13419838	-0.3434049	-0.34202644	-0.587054	-0.30739316	-0.27882656	-0.21604088	-0.10563998	-0.19038607	-0.16519909	10	-0.26701695	0.140703	0.55155575	Binding_K27	-0.16076048	0.08471178	0.3320702
K181S	K181S	181	181	-0.37790596	-0.29459694	-0.2530658	-0.2708502	-0.35939762	-0.2573757	-0.3222405	-0.31961012	-0.299082	-0.3917729	10	-0.3145898	0.049068727	0.19234942	Binding_K27	-0.18940224	0.029542366	0.11580608
K181T	K181T	181	181	-0.35537755	-0.2862305	-0.28894272	-0.3926515	-0.37308538	-0.24329647	-0.4112314	-0.30764604	-0.47274485	-0.3978756	10	-0.3529082	0.07022039	0.27526394	Binding_K27	-0.21247225	0.042276956	0.16572568
K181V	K181V	181	181	-0.33731723	-0.4218223	-0.29619968	-0.32579428	-0.14716393	-0.25426066	-0.27152207	-0.2342366	-0.11221896	-0.1771887	10	-0.25777242	0.09428825	0.36960995	Binding_K27	-0.15519471	0.056767277	0.22252773
K181W	K181W	181	181	0.078126304	-0.19343229	0.0321025	-0.11920262	0.03016244	-0.5909862	-0.22609453	-0.14224587	-0.10756725	-0.1545229	10	-0.13936606	0.18900494	0.7408994	Binding_K27	-0.08390687	0.1137925	0.44606662
K181Y	K181Y	181	181	-0.46219194	0.11345818	-0.31542957	-0.34446943	-0.3489801	-0.3264463	-0.27693155	-0.009537969	-0.14441282	-0.30737326	10	-0.24223146	0.17586549	0.68939275	Binding_K27	-0.14583811	0.10588174	0.41505644
K183A	K183A	183	183	-0.6685197	-0.50475186	-0.50610375	-0.3108118	-0.48870042	-0.37290347	-0.30501217	-0.2603455	-0.3512709	-0.6671194	10	-0.44355386	0.14688402	0.5757854	Binding_K27	-0.26704648	0.08843314	0.3466579
K183C	K183C	183	183	-0.26426247	-0.5268593	-0.2440388	-0.49381623	-0.5780828	-0.16057567	-0.34601772	0.044747368	-0.14960271	-0.24823752	10	-0.29667458	0.19332309	0.7578265	Binding_K27	-0.17861618	0.116392285	0.45625776
K183D	K183D	183	183	-0.2863502	-0.20250677	0.11289196	-0.045440584	-0.090672575	-0.029834049	-0.28421128	-0.041036837	-0.07718474	-0.09618992	10	-0.1040535	0.123074144	0.48245066	Binding_K27	-0.06264655	0.07409814	0.29046473
K183E	K183E	183	183	0.077910475	-0.10370732	-0.07174489	-0.18741694	-0.3888189	-0.039146807	-0.08691677	-0.14946549	-0.21326627	-0.5015452	10	-0.1664118	0.16990387	0.6660232	Binding_K27	-0.10019005	0.10229249	0.40098658
K183F	K183F	183	183	1.5523971	1.7299031	1.5528604	1.5426763	1.5309284	1.2570814	1.5100017	1.5842792	1.6417738	1.7698238	10	1.5671726	0.13951051	0.5468812	Binding_K27	0.9435335	0.08399384	0.32925585
K183G	K183G	183	183	-0.34381637	-0.38825524	-0.28395092	-0.32236668	-0.23969622	-0.1711298	-0.32671234	-0.306965	-0.2670265	-0.34394884	10	-0.2993868	0.061903	0.24265976	Binding_K27	-0.18024911	0.03726938	0.14609598
K183H	K183H	183	183	-0.4325175	-0.3571603	-0.1264526	-0.2904772	-0.43932247	-0.28442276	-0.25831014	-0.2617761	-0.362938	-0.2434697	10	-0.30568466	0.094706446	0.3712493	Binding_K27	-0.1840408	0.057019055	0.2235147
K183I	K183I	183	183	1.052305	1.0778368	1.4713821	1.5370355	1.5530812	0.58727044	1.2777609	1.4907646	1.3455502	1.4006569	10	1.2793643	0.3005799	1.1782732	Binding_K27	0.7702553	0.18096744	0.70939237
K183L	K183L	183	183	1.0419798	0.8231077	0.6671965	0.821921	0.57438564	0.668009	0.5898139	0.67536503	0.8879711	0.8327713	10	0.7582521	0.14780807	0.5794077	Binding_K27	0.456514	0.088989474	0.34883875
K183M	K183M	183	183	0.20811602	0.19377004	0.27181283	0.14309973	0.2411417	0.24835598	0.6337665	0.5343421	0.62773454	0.10349082	10	0.32056302	0.19982903	0.7833298	Binding_K27	0.19299848	0.120309256	0.4716123
K183N	K183N	183	183	-0.041587356	-0.2067367	-0.027543712	6.427931e-05	-0.05055245	-0.060236488	-0.13663162	-0.13605127	-0.20643726	-0.28189778	10	-0.11476103	0.09367326	0.36719918	Binding_K27	-0.06909314	0.056397013	0.2210763
K183P	K183P	183	183	-0.37165785	-0.51046866	-0.46608868	-0.4095426	-0.47999227	-0.43300885	-0.33266428	-0.5965327	-0.38726863	-0.32122174	10	-0.43084463	0.08496216	0.33305168	Binding_K27	-0.25939474	0.0511524	0.20051742
K183Q	K183Q	183	183	-0.4307404	-0.19416252	-0.29108173	-0.4004654	-0.4212003	-0.5032663	-0.39293823	-0.5171397	-0.33684957	-0.42810532	10	-0.39159498	0.09668611	0.37900954	Binding_K27	-0.23576406	0.05821093	0.22818686
K183R	K183R	183	183	-0.18337616	-0.40961066	-0.25992692	-0.16534142	-0.2416055	-0.112546355	-0.09006068	-0.24754623	-0.18669224	-0.24502522	10	-0.21417315	0.09001696	0.3528665	Binding_K27	-0.12894529	0.0541957	0.21244714
K183S	K183S	183	183	-0.6817813	-0.36527982	-0.24023047	-0.17905533	-0.31214672	-0.260762	-0.36765602	-0.35202318	-0.3786513	-0.4854355	10	-0.36230218	0.14100674	0.5527464	Binding_K27	-0.21812801	0.08489466	0.33278707
K183T	K183T	183	183	-0.25436822	-0.36157244	-0.33581373	-0.57123196	-0.5420225	-0.32240283	-0.54377884	-0.40876603	-0.3512884	-0.31765178	10	-0.4008897	0.111660495	0.43770915	Binding_K27	-0.24136004	0.067226425	0.2635276
K183V	K183V	183	183	0.46394014	0.68769616	0.5397932	0.85314655	0.59695965	0.49895504	0.27688625	0.46374506	0.70421875	0.7221557	10	0.58074963	0.16639176	0.6522557	Binding_K27	0.3496467	0.10017799	0.39269772
K183W	K183W	183	183	1.1768528	1.7614676	1.2862308	1.5627571	1.3759521	1.2717634	1.2891115	1.3578308	1.789841	1.8354154	10	1.4707222	0.24552222	0.9624471	Binding_K27	0.88546443	0.14781934	0.5794518
K183Y	K183Y	183	183	1.1792463	0.8921629	0.96964383	1.2103956	1.1186273	1.3716421	0.9572925	0.83065367	1.5631306	1.0469725	10	1.1139767	0.22633648	0.88723904	Binding_K27	0.6706819	0.13626836	0.534172
K41A	K41A	41	41	0.519741	0.59840566	0.5793163	0.5780062	0.60128367	0.60017735	0.56558144	0.70293576	0.6827449	0.6108076	10	0.6039	0.053695753	0.21048735	Binding_K27	0.36358464	0.032328118	0.12672623
K41C	K41C	41	41	0.5238619	0.5656608	0.5371982	0.42684278	0.4336715	0.44672778	0.16690102	0.43620682	0.35870224	0.4336327	10	0.43294057	0.11218948	0.43978277	Binding_K27	0.26065663	0.06754491	0.26477605
K41D	K41D	41	41	0.5664164	0.6643581	0.6104372	0.53402656	0.55446124	0.5659316	0.6110877	0.5969588	0.806048	0.8653684	10	0.63750935	0.111507095	0.43710783	Binding_K27	0.3838195	0.06713407	0.26316556
K41E	K41E	41	41	0.65918565	0.7047379	0.7031843	0.700685	0.7342091	0.5986234	0.47349355	0.6120146	0.59087175	0.76626617	10	0.65432715	0.08668784	0.33981633	Binding_K27	0.39394483	0.052191366	0.20459016
K41F	K41F	41	41	0.9451049	0.8809202	1.1100819	0.8894286	0.9006503	0.7548479	0.8787368	0.71927476	0.8315441	0.6704236	10	0.85810125	0.12501754	0.49006876	Binding_K27	0.5166293	0.07526818	0.29505128
K41G	K41G	41	41	0.75652003	0.7590128	0.86723906	0.8981293	0.88900036	0.72941875	0.8490281	0.7659016	0.8885515	0.91112846	10	0.83139294	0.07033715	0.2757216	Binding_K27	0.50054926	0.042347252	0.16600123
K41H	K41H	41	41	0.50817186	0.32135174	0.4839074	0.40109044	0.448939	0.331502	0.339419	0.59034866	0.27658585	0.38113865	10	0.40824547	0.098220244	0.38502336	Binding_K27	0.24578866	0.059134576	0.23180754
K41I	K41I	41	41	0.38515243	0.21817756	0.36656526	0.41641602	0.35644045	0.34158182	0.18638907	0.37201422	0.3080964	0.30405572	10	0.3254889	0.07342623	0.28783083	Binding_K27	0.19596416	0.04420707	0.17329171
K41L	K41L	41	41	0.47367638	0.4404745	0.39103583	0.4334445	0.5130219	0.41543004	0.45630285	0.47991294	0.38782957	0.40968764	10	0.4400816	0.04083846	0.16008677	Binding_K27	0.26495597	0.024587244	0.096382
K41M	K41M	41	41	0.3431343	0.11073286	0.1726567	0.12226409	0.19458807	0.21312135	0.3505788	0.19490685	0.2094851	0.15879841	10	0.20702665	0.08126894	0.31857425	Binding_K27	0.12464266	0.048928853	0.1918011
K41N	K41N	41	41	0.3324418	0.3253385	0.5506375	0.14288077	0.13218041	0.2946925	0.2906479	0.3849147	0.43417975	0.34523016	10	0.3233144	0.124411516	0.48769316	Binding_K27	0.19465499	0.07490332	0.293621
K41P	K41P	41	41	0.9252396	0.59689516	1.0950394	1.4768984	1.5897102	1.6519837	1.6170282	1.4453256	1.3524882	0.9787235	10	1.2729332	0.35530928	1.3928124	Binding_K27	0.7663834	0.21391785	0.838558
K41Q	K41Q	41	41	0.15235244	0.26713425	0.15850936	0.32523453	0.1212467	0.10942091	0.1516337	0.28311178	0.15434772	0.305432	10	0.20284235	0.08229704	0.32260442	Binding_K27	0.122123465	0.049547836	0.19422752
K41R	K41R	41	41	-0.24337918	-0.19204997	-0.14665681	-0.1453628	-0.17799962	-0.21607767	-0.19608249	-0.25142932	-0.1347094	-0.12407056	10	-0.18278179	0.045020953	0.17648214	Binding_K27	-0.11004578	0.02710536	0.10625301
K41S	K41S	41	41	0.33410633	0.2741828	0.20488054	0.30170026	0.3625179	0.3854889	0.27371398	0.28327107	0.32510802	0.44025612	10	0.3185226	0.0666161	0.26113513	Binding_K27	0.19177003	0.040106956	0.15721928
K41T	K41T	41	41	0.22203429	0.2264403	0.16852272	0.16915615	0.17088924	0.19782701	0.36622697	0.31262857	0.19388206	0.19287144	10	0.22204785	0.06626771	0.2597694	Binding_K27	0.13368635	0.0398972	0.15639703
K41V	K41V	41	41	0.39051035	0.45510724	0.58030516	0.48356023	0.41432714	0.41259265	0.45624423	0.41524136	0.52583545	0.56975496	10	0.47034788	0.06793931	0.2663221	Binding_K27	0.2831781	0.04090361	0.16034216
K41W	K41W	41	41	1.1144018	0.9864006	1.0105236	0.96492046	1.058109	1.041623	0.88797617	0.71247226	0.95554936	0.90044916	10	0.9632424	0.112210035	0.43986335	Binding_K27	0.57993066	0.06755728	0.26482454
K41Y	K41Y	41	41	0.6693991	0.51931834	0.60749495	0.6140502	0.5946014	0.68178916	0.743972	0.75717807	0.64310503	0.609845	10	0.64407533	0.07169338	0.28103808	Binding_K27	0.38777262	0.043163788	0.16920204
K4A	K4A	4	4	0.50840324	0.9238225	0.7327751	0.63159984	0.35626158	1.0181704	1.0635577	0.59942156	0.83210367	0.66507053	10	0.73311865	0.22655399	0.8880917	Binding_K27	0.44138214	0.13639931	0.5346853
K4C	K4C	4	4	0.9903059	0.6563667	0.7355553	0.6838216	0.9791876	0.6054056	0.6818616	0.7363046	0.5196139	1.1155316	10	0.7703954	0.19203547	0.75277907	Binding_K27	0.46382502	0.11561706	0.45321888
K4D	K4D	4	4	0.7177475	0.8352659	0.55924577	0.58952194	0.41940266	0.8159443	0.63255596	0.78629535	0.43985203	0.7319212	10	0.6527753	0.14951651	0.58610475	Binding_K27	0.39301053	0.09001806	0.3528708
K4E	K4E	4	4	0.3014835	-0.0131575195	0.44001845	0.3947963	0.5650606	0.4129524	0.3094272	0.38688633	0.22288407	0.5558119	10	0.35761634	0.16849168	0.6604874	Binding_K27	0.21530683	0.10144226	0.39765367
K4F	K4F	4	4	0.8908996	1.6860653	1.5009904	1.0175022	1.8536003	1.2780257	1.9509523	0.60667515	1.3140609	2.0429444	10	1.4141718	0.47956213	1.8798836	Binding_K27	0.85141766	0.28872564	1.1318046
K4G	K4G	4	4	0.40856656	0.55268055	0.4472408	0.6803724	0.41843012	0.6456382	0.34648576	0.590059	0.50293744	0.7170972	10	0.53095084	0.1262954	0.495078	Binding_K27	0.31966478	0.07603753	0.29806712
K4H	K4H	4	4	0.6682846	0.8087153	1.0911322	0.66530883	0.5575826	1.3845994	1.1437217	0.7272891	0.5958332	0.9010296	10	0.85434973	0.27215824	1.0668603	Binding_K27	0.5143706	0.16385585	0.642315
K4I	K4I	4	4	1.5953076	1.476473	2.4492488	1.0502567	1.7789426	2.4232264	1.3272358	0.9554175	1.0714489	1.1868948	10	1.5314453	0.5417416	2.1236272	Binding_K27	0.9220234	0.32616147	1.278553
K4L	K4L	4	4	0.7797079	0.8950503	0.8433491	1.3693962	0.9719897	1.09672	1.3690032	1.3877361	1.1113387	1.1646631	10	1.0988954	0.22580357	0.88515	Binding_K27	0.6616021	0.13594751	0.5329143
K4M	K4M	4	4	0.6060892	0.5010828	1.2415471	0.26857787	0.456059	0.50229216	0.12738706	0.61977565	1.1889902	0.3417341	10	0.5853535	0.36465058	1.4294302	Binding_K27	0.35241848	0.21954188	0.86060417
K4N	K4N	4	4	0.4274691	0.47302172	0.3886927	0.59452593	0.3441157	0.3117432	0.4082846	0.5216788	0.5145957	0.3672726	10	0.43513998	0.0892541	0.3498761	Binding_K27	0.2619808	0.05373641	0.21064673
K4P	K4P	4	4	-0.5186287	-0.61794484	-1.0026127	-0.54550606	-0.40968966	-0.5367878	-0.7134157	-0.45296654	-0.5157293	-0.92025876	10	-0.6233541	0.19746132	0.7740484	Binding_K27	-0.37529716	0.11888376	0.46602434
K4Q	K4Q	4	4	0.6098327	0.373338	0.6882137	0.3766347	0.30517876	0.11439445	0.38170946	0.15839443	0.050422274	0.13513663	10	0.3193255	0.21210495	0.8314514	Binding_K27	0.19225343	0.1277001	0.5005844
K4R	K4R	4	4	-0.49254483	-0.4240682	-0.4101841	-0.36646113	-0.5441745	-0.30341884	-0.26710126	-0.33692205	-0.3150432	-0.34245682	10	-0.38023752	0.08740125	0.3426129	Binding_K27	-0.22892617	0.05262088	0.20627385
K4S	K4S	4	4	0.69316345	0.84016156	0.5221314	0.6477364	0.61921334	0.7376738	0.65022767	0.6237633	0.5902649	0.6505985	10	0.6574934	0.086094305	0.3374897	Binding_K27	0.39585114	0.05183402	0.20318936
K4T	K4T	4	4	0.0995983	0.1915897	0.07662969	0.031824887	0.20602435	0.22969458	-0.042796984	0.225859	0.016860524	0.053589247	10	0.10888733	0.097839125	0.38352937	Binding_K27	0.06555681	0.058905117	0.23090807
K4V	K4V	4	4	0.11565181	0.3728002	0.84149957	0.38305885	0.11993421	-0.2822293	0.40343618	0.9889818	0.37082025	0.28859258	10	0.3602546	0.35979217	1.4103854	Binding_K27	0.21689522	0.21661682	0.84913796
K4W	K4W	4	4	0.13173476	0.18176313	-0.06515412	0.121359594	-0.39068052	-0.11656068	0.121459045	-0.32191598	-0.2641613	-0.40528005	10	-0.10074361	0.23249978	0.9113991	Binding_K27	-0.060653795	0.13997905	0.54871786
K4Y	K4Y	4	4	1.3170078	0.536136	0.7666296	1.552488	0.89166397	0.7356154	0.8296168	0.62421685	0.4763282	0.8771261	10	0.86068285	0.33706006	1.3212755	Binding_K27	0.5181835	0.2029307	0.79548836
K87A	K87A	87	87	-0.25729418	-0.05193432	-0.028029785	-0.2578948	-0.15554348	-0.09254408	-0.0929457	-0.15176637	-9.4558396e-05	-0.055859633	10	-0.11439069	0.08999444	0.3527782	Binding_K27	-0.06887017	0.05418214	0.21239398
K87C	K87C	87	87	-0.19376777	-0.19513349	-0.39642203	-0.14184666	-0.07500909	0.0073896493	-0.19914657	-0.2664711	-0.1756626	-0.22491965	10	-0.18609893	0.107682236	0.42211437	Binding_K27	-0.112042904	0.06483127	0.2541386
K87D	K87D	87	87	-0.1911402	-0.4148393	-0.15752682	-0.36302418	-0.36370894	-0.27766165	-0.33594236	-0.08891366	-0.123941	-0.211174	10	-0.2527872	0.11368214	0.445634	Binding_K27	-0.15219331	0.06844358	0.26829883
K87E	K87E	87	87	-0.18217255	-0.3461507	-0.19812305	-0.19336294	-0.24178001	-0.2693105	-0.26992562	-0.20439659	-0.24258018	-0.14711481	10	-0.22949168	0.056858666	0.22288598	Binding_K27	-0.13816799	0.034232385	0.13419095
K87F	K87F	87	87	-0.17565852	-0.079118565	-0.16977762	-0.22191563	-0.23622394	-0.28999013	-0.09773536	-0.11887848	-0.522353	-0.30273283	10	-0.22143841	0.13034873	0.510967	Binding_K27	-0.13331942	0.07847788	0.3076333
K87G	K87G	87	87	-0.071329005	-0.109908685	-0.13905181	-0.10824502	-0.10683147	-0.029984398	-0.12723766	-0.037740607	-0.08773834	-0.14950098	10	-0.0967568	0.040243316	0.15775381	Binding_K27	-0.058253493	0.02422893	0.09497741
K87H	K87H	87	87	-0.23294914	-0.084758654	-0.03799491	-0.03193904	0.08566152	-0.08253975	-0.021751737	-0.12615193	-0.20686194	-0.22047198	10	-0.09597576	0.10205527	0.40005666	Binding_K27	-0.057783257	0.061443493	0.2408585
K87I	K87I	87	87	-0.16917637	-0.27241835	-0.40391833	-0.16773836	-0.11036661	-0.21277829	-0.11917919	-0.30737615	-0.068766974	-0.002991471	10	-0.183471	0.119433604	0.46817973	Binding_K27	-0.11046073	0.07190631	0.28187275
K87L	K87L	87	87	-0.30878213	-0.09769504	-0.26855144	-0.23694536	-0.14722021	-0.12997323	-0.21199208	-0.20126449	-0.22926475	-0.21040809	10	-0.20420966	0.06410626	0.25129655	Binding_K27	-0.122946665	0.038595878	0.15129584
K87M	K87M	87	87	0.025693994	-0.054245997	-0.0016165405	0.081940964	0.0042308373	-0.057786357	0.0307896	0.008274281	0.21082728	-0.032236464	10	0.02158716	0.07854273	0.30788752	Binding_K27	0.012996786	0.047287513	0.18536705
K87N	K87N	87	87	-0.038488302	-0.011148677	0.049104482	0.016816542	0.32789883	0.097776175	0.16431807	0.14854845	0.1116916	0.19917081	10	0.10656879	0.11006035	0.43143657	Binding_K27	0.06416091	0.06626304	0.25975114
K87P	K87P	87	87	-0.32423988	-0.32112005	-0.4652781	-0.24822964	-0.2624368	-0.2747566	-0.33436936	-0.34698138	-0.27688652	-0.14620997	10	-0.3000508	0.08209273	0.3218035	Binding_K27	-0.18064888	0.04942483	0.19374534
K87Q	K87Q	87	87	-0.12462664	-0.103563115	0.014139674	-0.07199353	-0.26168436	-0.27082512	-0.27675155	-0.03352905	0.0028759371	-0.10736512	10	-0.123332284	0.11085912	0.43456775	Binding_K27	-0.07425355	0.06674395	0.2616363
K87R	K87R	87	87	-0.119788416	-0.19823712	-0.2972486	-0.13779701	0.006249927	-0.08856109	-0.10810026	-0.07587388	-0.13220026	-0.032242183	10	-0.11837989	0.0847841	0.33235368	Binding_K27	-0.07127191	0.051045198	0.20009717
K87S	K87S	87	87	-0.31468406	-0.34818062	-0.3404042	-0.34985054	-0.38893676	-0.48491877	-0.29498807	-0.27785197	-0.3646102	-0.2173425	10	-0.3381768	0.07126399	0.27935484	Binding_K27	-0.20360304	0.042905267	0.16818865
K87T	K87T	87	87	-0.27083346	-0.32486352	-0.34262955	-0.06555897	-0.15206604	-0.2699274	-0.28872195	-0.37812635	-0.23510861	-0.23067069	10	-0.25585064	0.09237261	0.36210063	Binding_K27	-0.15403768	0.055613942	0.21800666
K87V	K87V	87	87	-0.1937424	-0.07301983	-0.14502664	-0.06629749	-0.1370343	-0.102847435	-0.16001529	0.00417733	-0.10721466	-0.064865865	10	-0.10458865	0.057338297	0.22476614	Binding_K27	-0.062968746	0.03452115	0.13532291
K87W	K87W	87	87	-0.37641555	-0.4451548	-0.45589706	-0.08174294	-0.3660312	-0.4117976	-0.24475338	-0.42869392	-0.2576251	-0.29494286	10	-0.33630544	0.117361166	0.46005577	Binding_K27	-0.20247638	0.07065858	0.27698165
K87Y	K87Y	87	87	-0.07268492	0.07840907	-0.22032256	-0.08788048	-0.14580831	-0.053231403	0.064690776	-0.20531724	-0.08823292	-0.11724484	10	-0.08476229	0.098778516	0.3872118	Binding_K27	-0.051032066	0.05947069	0.2331251
L112A	L112A	112	112	-0.15101245	-0.22870749	-0.20897272	-0.12413765	-0.14203374	0.0844052	0.027593836	0.18980971	0.18566944	-0.021539953	10	-0.038892582	0.1556668	0.6102139	Binding_K27	-0.023415705	0.093720905	0.36738595
L112C	L112C	112	112	-0.28493813	-0.07363944	-0.07060294	-0.3585008	-0.06661388	-0.29244953	0.018719055	-0.16919917	0.00071431993	-0.35735285	10	-0.16538633	0.14652954	0.57439584	Binding_K27	-0.09957266	0.08821972	0.3458213
L112D	L112D	112	112	1.349172	1.1892152	0.8605646	1.4067357	0.60018414	1.2971045	1.4588615	1.1276441	1.1836923	1.1690478	10	1.1642221	0.26038456	1.0207075	Binding_K27	0.7009327	0.15676738	0.6145282
L112E	L112E	112	112	2.1210654	1.2757893	1.1748875	0.7292083	0.87279356	0.6050518	0.6745943	0.86550796	0.98757863	0.81602305	10	1.01225	0.4428951	1.7361488	Binding_K27	0.6094362	0.26664987	1.0452675
L112F	L112F	112	112	-0.16013773	-0.18062243	-0.122528814	-0.16495879	-0.10592832	-0.17755793	-0.1709493	-0.14487064	-0.16860038	-0.1889717	10	-0.15851259	0.026512047	0.103927225	Binding_K27	-0.09543425	0.015961869	0.06257053
L112G	L112G	112	112	1.5219334	1.1199013	0.91811836	0.31777784	0.31469473	0.44144803	1.3460734	1.0210755	1.8749741	1.4010487	10	1.0277045	0.5353609	2.0986147	Binding_K27	0.61874074	0.3223199	1.263494
L112H	L112H	112	112	1.6163839	1.6677876	2.0014875	1.8432055	1.389667	1.5108345	0.8031695	1.1370208	0.8099019	1.9058585	10	1.4685316	0.43097422	1.6894189	Binding_K27	0.88414556	0.25947276	1.0171332
L112I	L112I	112	112	-0.16832836	-0.23248254	-0.15486345	-0.24408261	-0.28625458	-0.21859887	-0.06714466	-0.00064434955	-0.08583972	-0.047942623	10	-0.15061818	0.096024394	0.37641564	Binding_K27	-0.09068133	0.05781254	0.22662517
L112K	L112K	112	112	1.7252586	1.5988476	1.9400201	0.56761944	1.4463693	1.4237626	1.1253277	0.64005566	0.8791686	1.0279115	10	1.237434	0.46319255	1.8157148	Binding_K27	0.74501073	0.27887017	1.0931711
L112M	L112M	112	112	-0.15679102	-0.037140887	-0.16140565	0.055428367	0.07610335	-0.08728841	-0.12811059	-0.16180563	-0.2401228	-0.29407614	10	-0.113520935	0.11849099	0.46448466	Binding_K27	-0.06834652	0.071338795	0.2796481
L112N	L112N	112	112	1.1387646	1.2630495	1.1944023	0.54985386	1.6329443	1.7324395	1.6632235	0.84684324	0.8321097	1.9015044	10	1.2755134	0.44859082	1.758476	Binding_K27	0.7679368	0.27007902	1.0587097
L112P	L112P	112	112	1.8340175	0.7554289	1.1372616	0.7791874	0.27915478	0.6072036	0.5218291	1.2487484	0.36882547	0.8746443	10	0.8406302	0.4651806	1.823508	Binding_K27	0.5061106	0.2800671	1.097863
L112Q	L112Q	112	112	0.8295328	0.97434855	0.7708298	0.22629294	1.0056753	0.7751298	1.163382	1.1600474	0.8116129	0.32161674	10	0.80384696	0.31529513	1.2359569	Binding_K27	0.4839649	0.18982689	0.74412143
L112R	L112R	112	112	0.6936786	1.4616034	0.21535252	2.117662	1.1542765	0.8893199	0.9657549	1.4194663	0.8703162	1.2506065	10	1.1038038	0.51172864	2.0059764	Binding_K27	0.66455716	0.30809185	1.20772
L112S	L112S	112	112	0.30612752	0.34977496	1.1789949	0.6441675	0.44621792	0.35161412	1.3272388	0.26636603	0.47422284	0.19729835	10	0.55420226	0.38997236	1.5286916	Binding_K27	0.33366355	0.23478714	0.9203656
L112T	L112T	112	112	0.3162082	0.7289704	0.4769571	0.064396866	0.2554798	0.2779874	0.3460221	0.60342366	0.07269359	0.37971348	10	0.35218528	0.21043366	0.8249	Binding_K27	0.21203701	0.12669389	0.49664006
L112V	L112V	112	112	-0.09282205	-0.07668644	-0.16388583	-0.19803438	-0.28034836	-0.46655667	-0.35485172	-0.2073471	-0.24643625	-0.16324328	10	-0.22502121	0.11869174	0.46527165	Binding_K27	-0.13547648	0.071459666	0.2801219
L112W	L112W	112	112	0.13646217	0.14849529	0.03741567	-0.002896774	0.24570854	-0.14899227	-0.12608242	-0.06571394	-0.04833945	0.13314694	10	0.030920377	0.13139072	0.51505166	Binding_K27	0.018615952	0.07910523	0.3100925
L112Y	L112Y	112	112	0.027292214	0.03332044	0.06260912	0.106513254	0.010716724	0.18682435	-0.008921713	-0.15369585	-0.11964751	-0.22927594	10	-0.008426493	0.12561546	0.49241263	Binding_K27	-0.0050732624	0.07562817	0.29646242
L119A	L119A	119	119	-0.27541432	-0.38942873	-0.40337953	-0.53812593	-0.36681014	-0.057183035	-0.27675644	-0.36077112	-0.06911538	-0.28190166	10	-0.30188864	0.14804275	0.58032763	Binding_K27	-0.18175536	0.08913077	0.34939262
L119C	L119C	119	119	-0.1888337	-0.19399801	-0.29110917	-0.3536543	-0.3646735	-0.34468913	-0.38744503	-0.40488854	-0.27222168	-0.3802354	10	-0.31817487	0.078376815	0.30723712	Binding_K27	-0.19156067	0.047187623	0.18497549
L119D	L119D	119	119	-0.5762845	-0.5018535	-0.43453625	-0.25836828	-0.7538209	-0.52231604	-0.70039564	-0.79522854	-0.5314095	-0.45411447	10	-0.5528327	0.16190344	0.6346615	Binding_K27	-0.332839	0.097475745	0.38210493
L119E	L119E	119	119	-0.34286088	-0.31667116	-0.49714863	-0.33464924	-0.45138142	-0.47530437	-0.4686921	-0.5570528	-0.10953941	-0.50593334	10	-0.40592337	0.13201453	0.51749694	Binding_K27	-0.24439062	0.0794808	0.31156474
L119F	L119F	119	119	-0.3125557	-0.24542712	-0.255484	-0.19484317	-0.29283723	-0.17039524	-0.22397952	-0.27467144	-0.38291845	-0.21583383	10	-0.25689456	0.06220348	0.24383765	Binding_K27	-0.15466619	0.037450287	0.14680512
L119G	L119G	119	119	-0.47602865	-0.48063576	-0.33893734	-0.49502483	-0.3859045	-0.46735895	-0.16713497	-0.37634072	-0.46051714	-0.41914672	10	-0.40670294	0.098962545	0.3879332	Binding_K27	-0.24485996	0.059581485	0.23355943
L119H	L119H	119	119	-0.99370337	-0.7675908	-0.5846291	-0.70757717	-0.7582484	-0.91750574	-0.83510417	-0.44967282	-0.93805915	-0.4477257	10	-0.73998165	0.19440669	0.76207423	Binding_K27	-0.44551408	0.11704468	0.45881516
L119I	L119I	119	119	-0.16422652	-0.09400163	-0.2126118	-0.40356812	-0.32370752	-0.49378762	-0.31420547	-0.26642537	-0.2877731	-0.22277637	10	-0.27830833	0.115511075	0.45280343	Binding_K27	-0.16755858	0.06954471	0.27261528
L119K	L119K	119	119	-0.30957896	-0.35707793	-0.16053848	-0.4571592	-0.37547645	-0.20273758	-0.09582656	-0.13570885	-0.23365481	-0.42683104	10	-0.27545896	0.12727852	0.49893183	Binding_K27	-0.16584308	0.07662943	0.30038738
L119M	L119M	119	119	-0.027641796	-0.049612183	-0.08419983	-0.05528467	-0.16219983	-0.13869548	-0.16595198	-0.017967394	-0.042991653	0.10207982	10	-0.0642465	0.08011935	0.31406784	Binding_K27	-0.038680308	0.048236735	0.189088
L119N	L119N	119	119	-0.9899942	-0.93650305	-0.40656167	-0.28777373	-0.58618605	-0.59748566	-0.52349216	-0.68216556	-0.62209445	-0.7037159	10	-0.63359725	0.21421501	0.8397229	Binding_K27	-0.38146418	0.1289705	0.5055644
L119P	L119P	119	119	-0.54280716	-0.87413794	-0.46372843	-0.2520505	-0.09977889	-0.13005152	0.009484539	-0.64516485	-0.1485087	-0.45827782	10	-0.36050215	0.281461	1.1033272	Binding_K27	-0.21704428	0.16945669	0.6642702
L119Q	L119Q	119	119	-0.12966464	-0.28942126	-0.31759945	-0.10867178	-0.23869321	-0.04801484	-0.17649381	-0.32573363	-0.31385347	-0.34475476	10	-0.22929008	0.10614943	0.41610578	Binding_K27	-0.1380466	0.06390843	0.25052103
L119R	L119R	119	119	-0.28993297	-0.35149777	-0.54470783	-0.32179242	-0.27921242	-0.39137343	-0.45619988	-0.36755955	-0.33546582	-0.2978309	10	-0.3635573	0.08281261	0.32462543	Binding_K27	-0.21888366	0.04985824	0.1954443
L119S	L119S	119	119	-0.41490114	-0.31410027	-0.1921828	-0.18857113	-0.30287856	-0.1618087	-0.34450188	-0.327249	-0.29445827	-0.22933587	10	-0.27699876	0.08096889	0.31739804	Binding_K27	-0.16677015	0.048748206	0.19109297
L119T	L119T	119	119	-0.43610203	-0.46183795	-0.6230428	-0.55481803	-0.606606	-0.5551985	-0.52932304	-0.4193178	-0.4588645	-0.3674332	10	-0.5012544	0.08479738	0.33240575	Binding_K27	-0.3017857	0.051053196	0.20012854
L119V	L119V	119	119	-0.22407673	-0.2827437	-0.29755944	-0.42844886	-0.25065777	-0.3528067	-0.40037948	-0.2714391	-0.28347346	-0.24590655	10	-0.3037492	0.0681019	0.26695946	Binding_K27	-0.18287554	0.041001495	0.16072586
L119W	L119W	119	119	-0.34010673	-0.22617698	-0.12912464	-0.18720084	-0.19193897	-0.080018744	-0.22296081	-0.1964907	-0.17585458	-0.19458897	10	-0.1944462	0.06733506	0.26395345	Binding_K27	-0.11706847	0.040539812	0.15891607
L119Y	L119Y	119	119	-0.4068329	-0.41158387	-0.4272653	-0.51665837	-0.35842973	-0.42256513	-0.35716403	-0.46897885	-0.66843015	-0.53636765	10	-0.4574276	0.09488901	0.37196493	Binding_K27	-0.2753993	0.05712897	0.22394556
L132A	L132A	132	132	0.24992494	0.23269573	0.26172054	0.25406212	0.22993585	0.26876	0.24921323	0.23750266	0.22787817	0.2879502	10	0.24996436	0.01913172	0.074996345	Binding_K27	0.15049379	0.011518462	0.04515237
L132C	L132C	132	132	-0.0086289765	-0.0675609	0.18120375	0.08870514	0.1419863	0.152076	-0.06521541	0.14986598	-0.008115753	-0.00035874275	10	0.05639574	0.096380964	0.3778134	Binding_K27	0.033953674	0.058027215	0.22746669
L132D	L132D	132	132	0.15270779	0.22396213	0.10150983	-0.06330443	-0.094947375	-0.024235303	0.38169086	0.25290698	0.36561596	0.29692742	10	0.1592834	0.17485599	0.6854355	Binding_K27	0.095898315	0.10527397	0.41267398
L132E	L132E	132	132	0.050913572	-0.5781851	-0.32142836	-0.08608328	-0.17437628	-0.6947082	-0.37445924	-0.1055516	-0.32242933	-0.09696445	10	-0.27032724	0.23442574	0.9189489	Binding_K27	-0.16275348	0.14113858	0.55326325
L132F	L132F	132	132	-0.41757733	-0.060835574	-0.057558067	-0.22510137	-0.23138581	-0.3585833	-0.25116044	-0.11509205	-0.44018275	-0.12915193	10	-0.22866285	0.14066449	0.55140483	Binding_K27	-0.13766898	0.0846886	0.3319793
L132G	L132G	132	132	-0.042016353	0.17014316	0.4942159	-0.064002566	0.14353937	0.010654779	0.36459142	0.55186516	0.2835165	0.00930866	10	0.19218162	0.2232063	0.8749687	Binding_K27	0.11570505	0.1343838	0.5267845
L132H	L132H	132	132	0.17117727	-0.0055738487	0.16334313	-0.22810034	0.16907012	-0.12896876	0.4661663	0.023678236	-0.167652	0.038062736	10	0.050120287	0.20427877	0.8007728	Binding_K27	0.030175468	0.122988276	0.48211405
L132I	L132I	132	132	-0.2678281	-0.16013204	-0.2802071	-0.13358723	-0.26160595	-0.10503774	-0.11789086	-0.08406031	-0.13628292	-0.29775718	10	-0.18443894	0.08247953	0.32331976	Binding_K27	-0.11104349	0.049657706	0.1946582
L132K	L132K	132	132	-0.12417754	-0.25666234	-0.18579319	-0.19811735	-0.2881103	-0.08817466	-0.20148711	-0.20899591	-0.09358443	-0.022861239	10	-0.16679642	0.08245816	0.323236	Binding_K27	-0.100421615	0.04964484	0.19460778
L132M	L132M	132	132	-0.17976129	-0.35907227	-0.2806931	-0.2724823	-0.2611262	-0.13303104	-0.35202307	-0.16894561	-0.23548888	-0.16537575	10	-0.24079995	0.07858982	0.3080721	Binding_K27	-0.14497626	0.047315862	0.18547818
L132N	L132N	132	132	0.24519226	0.32531992	0.11041894	0.24675032	0.18380861	0.1948626	-0.0071759024	0.084415466	-0.17448762	0.06549968	10	0.12746044	0.14538814	0.56992155	Binding_K27	0.07673895	0.08753253	0.34312752
L132P	L132P	132	132	0.34271458	0.50903815	0.95378697	0.42375305	1.0127248	-0.16789648	0.9470396	0.3822568	0.49835208	0.47751603	10	0.5379286	0.3567382	1.3984138	Binding_K27	0.3238658	0.21477816	0.8419304
L132Q	L132Q	132	132	0.052538056	0.083046414	0.050188243	-0.08909097	-0.034019057	-0.008993606	-0.041778926	-0.36191145	-0.090805426	0.24584348	10	-0.019498322	0.15597698	0.61142975	Binding_K27	-0.011739179	0.093907654	0.36811802
L132R	L132R	132	132	0.02036084	0.04137648	0.07161746	0.122801565	0.2028142	0.3506684	0.20250815	0.2309169	0.2505993	0.2241716	10	0.17178349	0.104736276	0.4105662	Binding_K27	0.10342414	0.063057624	0.24718589
L132S	L132S	132	132	-0.0052939365	0.0445948	0.042362325	0.01896011	0.029005412	0.15088525	0.14506248	0.29867858	0.35293868	-0.053947493	10	0.10232463	0.13366759	0.523977	Binding_K27	0.061605666	0.08047604	0.31546608
L132T	L132T	132	132	-0.13141741	-0.09374882	-0.1848645	-0.2521821	-0.24857867	-0.23354787	0.0073166704	-0.14453313	-0.22682706	-0.1954168	10	-0.17037997	0.08195818	0.32127607	Binding_K27	-0.10257913	0.049343824	0.1934278
L132V	L132V	132	132	-0.2245203	-0.380453	-0.28982067	-0.28598353	-0.22668645	-0.17711534	-0.27650133	-0.24788593	-0.335826	-0.1463242	10	-0.25911167	0.070233524	0.2753154	Binding_K27	-0.15600103	0.042284865	0.16575667
L132W	L132W	132	132	0.2786141	-0.080886826	-0.11728092	0.06614331	0.009555683	0.23781122	0.30962884	0.36894515	0.22518572	0.13641804	10	0.14341342	0.16818596	0.659289	Binding_K27	0.08634362	0.1012582	0.39693215
L132Y	L132Y	132	132	-0.07520082	-0.057488505	-0.030834632	0.16064176	0.12751181	0.3445894	0.1274358	0.23701055	0.22059846	0.18467478	10	0.12389386	0.13840489	0.54254717	Binding_K27	0.07459166	0.08332818	0.32664648
L158A	L158A	158	158	0.030437486	0.069145404	0.061702166	0.096345946	0.03529066	0.02382276	0.052401677	0.07634955	0.07593989	0.033558823	10	0.055499434	0.024213307	0.094916165	Binding_K27	0.033414043	0.014577887	0.05714532
L158C	L158C	158	158	-0.6907936	-0.6599482	-0.46656892	-0.6158161	-0.7797713	-0.56063503	-0.67772406	-0.7244943	-0.70801216	-0.56907874	10	-0.6452843	0.09274492	0.36356008	Binding_K27	-0.38850048	0.055838093	0.21888533
L158D	L158D	158	158	2.5355115	1.3490708	0.72213227	0.9971495	0.8756382	0.64102864	0.50821424	0.5022942	1.0692987	1.6831697	10	1.0883508	0.6310679	2.473786	Binding_K27	0.6552535	0.37994134	1.4893701
L158E	L158E	158	158	1.1486001	0.676271	0.4510081	0.84276134	0.014147664	0.8274416	1.4917413	0.77440614	1.4365655	0.89916325	10	0.85621053	0.43987188	1.7242978	Binding_K27	0.51549095	0.2648297	1.0381324
L158F	L158F	158	158	1.6799097	1.8513498	2.3786063	2.6760151	2.0147245	2.2287898	2.4264247	1.960751	1.9706821	1.9269837	10	2.1114237	0.30602697	1.1996257	Binding_K27	1.2712058	0.1842469	0.72224784
L158G	L158G	158	158	0.73588884	0.68454283	1.0134677	0.69016993	0.5767539	0.48085874	0.777324	0.99786067	0.91579473	0.6322922	10	0.7504953	0.17746735	0.69567204	Binding_K27	0.45184395	0.10684616	0.41883695
L158H	L158H	158	158	0.3902219	0.26063165	0.65387243	1.028529	0.5263649	0.5448953	0.85118705	0.034871805	-0.41787642	0.3335135	10	0.4206211	0.41122586	1.6120054	Binding_K27	0.25323954	0.24758303	0.9705255
L158I	L158I	158	158	-0.88466585	-0.9327634	-0.5960747	-0.7758835	-0.6430141	-0.5933183	-0.70416516	-0.80235684	-1.0446776	-1.0669923	10	-0.8043912	0.17463376	0.68456435	Binding_K27	-0.48429257	0.10514017	0.4121495
L158K	L158K	158	158	0.14482549	0.5708727	0.94601774	0.6167682	0.09156824	-0.18988174	0.31739894	0.82582617	0.21200195	0.3739022	10	0.39093	0.35053587	1.3741007	Binding_K27	0.23536369	0.21104397	0.8272924
L158M	L158M	158	158	-0.30781072	-0.6160681	-0.62608206	-0.87046736	-0.5088007	-0.56144786	-0.55544233	-0.48892543	-0.40634626	-0.34381464	10	-0.5285206	0.16180637	0.634281	Binding_K27	-0.31820163	0.0974173	0.38187584
L158N	L158N	158	158	0.80794317	1.3047276	1.0796989	1.4431272	2.168439	1.1246632	-0.07619851	0.8273549	0.08771905	1.2549789	10	1.0022454	0.64965624	2.5466526	Binding_K27	0.60341287	0.39113265	1.5332401
L158P	L158P	158	158	0.64991087	1.754929	0.079201885	-0.26992637	-0.5258979	0.5377573	0.96748066	0.39909083	0.92874604	-0.004785066	10	0.4516507	0.67206526	2.634496	Binding_K27	0.27192128	0.40462425	1.5861272
L158Q	L158Q	158	158	0.7326417	0.6061434	0.53491706	0.82925516	0.8154682	1.9254578	1.2962996	1.3080294	0.8971425	0.976417	10	0.9921771	0.4157701	1.6298189	Binding_K27	0.59735113	0.25031894	0.9812503
L158R	L158R	158	158	0.6241931	0.3154058	0.8247732	0.2616015	0.5058898	-0.15561417	0.22449555	0.76454973	0.2162693	0.05960642	10	0.364117	0.31222713	1.2239304	Binding_K27	0.21922064	0.18797977	0.7368807
L158S	L158S	158	158	0.9027448	0.81240314	0.56980205	0.81580365	0.5193648	0.5943438	0.70605564	1.2803648	0.6594828	0.34834108	10	0.7208707	0.25510433	1.0000091	Binding_K27	0.4340081	0.15358837	0.6020664
L158T	L158T	158	158	0.09893485	-0.03773478	0.15215376	0.11434586	0.09615889	0.0021289133	-0.023664042	-0.3189362	0.056861624	0.07603129	10	0.021628022	0.13470355	0.5280379	Binding_K27	0.013021388	0.08109975	0.31791103
L158V	L158V	158	158	-0.8916738	-0.6572511	-0.68990034	-0.84647256	-0.7593262	-0.46776116	-0.6563618	-0.67627007	-0.80489826	-0.91682756	10	-0.73667425	0.13524143	0.5301464	Binding_K27	-0.4435228	0.08142359	0.31918046
L158W	L158W	158	158	1.5414141	1.832599	1.6628424	2.1634564	1.6524682	1.9587685	1.0782537	1.6359372	1.5083271	1.6197094	10	1.6653776	0.28867424	1.131603	Binding_K27	1.0026588	0.17379948	0.681294
L158Y	L158Y	158	158	1.8448234	0.3926248	1.4689628	1.6952914	1.2645795	0.7090781	0.45650628	1.3513242	1.4665279	1.3040574	10	1.1953776	0.5041841	1.9764018	Binding_K27	0.7196902	0.3035496	1.1899145
L18A	L18A	18	18	-0.177937	-0.16929652	-0.20852447	-0.1471461	0.03964602	-0.2799218	-0.33169225	-0.17270827	-0.5570817	-0.16680565	10	-0.21714678	0.15343118	0.6014502	Binding_K27	-0.1307356	0.09237492	0.3621097
L18C	L18C	18	18	-0.20161898	-0.3041839	-0.23876376	0.025708145	-0.22153762	-0.38449335	-0.08709093	-0.2710425	-0.16039422	-0.21241811	10	-0.20558353	0.11402336	0.44697157	Binding_K27	-0.12377382	0.06864902	0.26910415
L18D	L18D	18	18	-0.03251105	0.0015423581	-0.048809025	-0.14103496	-0.13243641	0.13716394	0.01775155	0.039386682	-0.38186768	-0.10961494	10	-0.06504295	0.14027148	0.54986423	Binding_K27	-0.039159823	0.08445199	0.3310518
L18E	L18E	18	18	-0.8297418	-0.907311	-1.0640459	-0.864264	-0.88995945	-0.83787155	-0.8291089	-0.9642927	-0.7120279	-0.6551905	10	-0.85538137	0.116263404	0.45575255	Binding_K27	-0.51499176	0.06999766	0.27439085
L18F	L18F	18	18	-0.9044605	-0.68582886	-0.878201	-0.7696919	-0.84853536	-0.8280342	-0.75077885	-0.5937111	-0.8244116	-0.62037426	10	-0.7704028	0.10708347	0.4197672	Binding_K27	-0.46382946	0.064470775	0.25272545
L18G	L18G	18	18	-0.41959536	-0.42070693	-0.42118865	-0.39937994	-0.39617217	-0.27493224	-0.3161451	-0.35188496	-0.41553658	-0.4779074	10	-0.38934493	0.059105404	0.2316932	Binding_K27	-0.23440939	0.035585057	0.13949342
L18H	L18H	18	18	-0.6965852	-0.7287497	-0.77026135	-0.72271055	-0.8360694	-1.0320661	-0.8199897	-0.5440861	-0.65061516	-0.8218379	10	-0.7622971	0.13006584	0.50985813	Binding_K27	-0.45894933	0.07830757	0.30696568
L18I	L18I	18	18	-0.13186008	-0.21471138	-0.09028571	0.06814117	-0.024996258	-0.11099027	-0.075775184	-0.06381305	-0.23664078	0.09197948	10	-0.07889521	0.106068626	0.415789	Binding_K27	-0.047499727	0.06385978	0.25033036
L18K	L18K	18	18	-0.49255484	-0.28232566	-0.35556296	-0.31773725	-0.47115028	-0.4221837	-0.47333845	-0.42923456	-0.24093753	-0.4540876	10	-0.39391127	0.08869345	0.34767833	Binding_K27	-0.23715861	0.053398862	0.20932354
L18M	L18M	18	18	-0.036825314	0.14224838	-0.034501515	-0.11847335	-0.042934287	-0.09876833	0.0596779	0.1445067	-0.04248755	0.26085544	10	0.023329806	0.12349859	0.48411447	Binding_K27	0.014045966	0.07435368	0.29146644
L18N	L18N	18	18	-0.5485005	-0.6314018	-0.57164353	-0.4298848	-0.7445104	-0.96306884	-0.71555495	-0.5363085	-0.63013697	-0.4520725	10	-0.62230825	0.15681112	0.6146996	Binding_K27	-0.37466753	0.09440985	0.37008664
L18P	L18P	18	18	2.639329	2.2385957	2.2644434	2.4399195	2.4770508	2.879803	2.6830482	2.5265574	2.553541	2.2179496	10	2.4920237	0.21281528	0.8342359	Binding_K27	1.5003502	0.12812778	0.5022609
L18Q	L18Q	18	18	-0.46284017	-0.39039958	-0.34194311	-0.35046136	-0.51737994	-0.49507943	-0.25870442	-0.4742255	-0.2860833	-0.46468735	10	-0.40418044	0.091374956	0.35818982	Binding_K27	-0.24334127	0.055013295	0.21565212
L18R	L18R	18	18	1.236399	2.1579573	2.3298516	1.9660127	1.5834807	1.7092108	1.4161047	1.3527583	2.0393686	1.7945627	10	1.7585707	0.36465654	1.4294536	Binding_K27	1.0587667	0.21954547	0.86061823
L18S	L18S	18	18	-0.89295524	-0.9297537	-0.9233351	-0.7492261	-0.8284325	-0.9196072	-1.0163435	-0.90495884	-0.95119715	-0.9835062	10	-0.90993154	0.07592908	0.29764202	Binding_K27	-0.5478343	0.04571394	0.17919864
L18T	L18T	18	18	-0.80626875	-0.8945835	-0.97013324	-0.573942	-0.45763686	-0.6768993	-1.0241913	-0.9689218	-0.92950237	-0.98969024	10	-0.8291769	0.19562884	0.7668651	Binding_K27	-0.49921507	0.117780484	0.46169952
L18V	L18V	18	18	-0.09036269	-0.12893352	-0.008916063	-0.12649111	-0.098206416	-0.0995221	0.011747413	-0.10765097	-0.18442322	-0.082319506	10	-0.091507815	0.05695638	0.22326902	Binding_K27	-0.055093285	0.034291215	0.13442157
L18W	L18W	18	18	-0.8975445	-0.8669504	-0.8027579	-1.0970598	-1.1610637	-0.97847974	-1.0906802	-0.99126554	-1.1300434	-1.0294043	10	-1.004525	0.11962876	0.46894473	Binding_K27	-0.60478526	0.07202381	0.28233334
L18Y	L18Y	18	18	-0.980335	-0.73428863	-0.8703845	-0.9686802	-1.0433921	-1.0815513	-0.8772083	-1.1206667	-0.8083394	-0.9344065	10	-0.9419252	0.12213455	0.47876745	Binding_K27	-0.5670964	0.07353245	0.2882472
L22A	L22A	22	22	-0.5433612	-0.63950914	-0.5674291	-0.64345783	-0.48838642	-0.5678651	-0.56215996	-0.59444636	-0.51732105	-0.54473615	10	-0.56686723	0.048970997	0.19196631	Binding_K27	-0.34128863	0.029483527	0.115575425
L22C	L22C	22	22	-0.46233627	-0.3723031	-0.37652352	-0.2875026	-0.47422153	-0.52258706	-0.62158376	-0.50797886	-0.5591041	-0.4713854	10	-0.46555263	0.09808924	0.38450983	Binding_K27	-0.28029108	0.059055705	0.23149836
L22D	L22D	22	22	0.7084448	0.55983484	0.6804143	0.91157013	0.76985335	0.61237544	0.7016299	0.65737325	0.7139069	0.8511246	10	0.71665275	0.10514501	0.41216844	Binding_K27	0.43146867	0.06330371	0.24815054
L22E	L22E	22	22	-0.939128	-0.4597785	-0.8989646	-0.7485107	-0.7864125	-0.6723209	-0.8664306	-0.75375265	-0.842365	-0.8214441	10	-0.77891076	0.13678771	0.53620785	Binding_K27	-0.46895176	0.082354546	0.3228298
L22F	L22F	22	22	0.058905665	-0.11745634	-0.11959014	-0.00021228287	-0.1006182	0.07752742	-0.14340618	0.061826933	-0.091070324	0.08018833	10	-0.02939051	0.09319996	0.36534384	Binding_K27	-0.01769488	0.05611206	0.21995927
L22G	L22G	22	22	-0.6443979	-0.44506866	-0.7015189	-0.5575225	-0.5474005	-0.63315785	-0.96567494	-0.82508034	-0.7127078	-0.64589965	10	-0.6678429	0.14723904	0.57717705	Binding_K27	-0.40208218	0.08864688	0.3474958
L22H	L22H	22	22	-0.14671028	-0.22905159	-0.24587645	-0.23551726	-0.1215374	-0.17857757	-0.2444182	-0.09119745	-0.13578196	-0.1482709	10	-0.17769392	0.057057887	0.22366692	Binding_K27	-0.106982574	0.03435233	0.13466114
L22I	L22I	22	22	-0.24972299	-0.2866133	-0.38119644	-0.28099602	-0.2213232	-0.45039234	-0.35385773	-0.24258141	-0.353704	-0.05167429	10	-0.28720617	0.109331	0.4285775	Binding_K27	-0.17291562	0.06582393	0.2580298
L22K	L22K	22	22	-0.50008786	-0.7990862	-0.69988745	-0.45046356	-0.67397463	-0.47684497	-0.5993398	-0.7243027	-0.65914124	-0.7725609	10	-0.635569	0.12412846	0.4865836	Binding_K27	-0.38265127	0.0747329	0.29295298
L22M	L22M	22	22	-0.6479496	-0.57713103	-0.5911693	-0.60188925	-0.61679196	-0.7130208	-0.58969206	-0.6859709	-0.61248547	-0.6973458	10	-0.6333446	0.049407694	0.19367817	Binding_K27	-0.38131207	0.029746445	0.116606064
L22N	L22N	22	22	-0.45351896	-0.6107479	-0.41518638	-0.42635575	-0.5677901	-0.4884476	-0.5115872	-0.42548507	-0.33993647	-0.40218142	10	-0.46412367	0.08149697	0.3194681	Binding_K27	-0.27943075	0.049066145	0.19233929
L22P	L22P	22	22	1.1852303	1.1984667	1.221619	1.2239002	1.3061178	1.6421813	1.6026648	1.4463642	1.5457952	1.3220152	10	1.3694354	0.17583355	0.6892675	Binding_K27	0.82448363	0.10586252	0.4149811
L22Q	L22Q	22	22	-1.0030899	-1.0535513	-0.8571281	-0.7559315	-0.81745696	-0.99514997	-1.0004348	-0.93868184	-0.9163428	-0.6267101	10	-0.89644766	0.13294853	0.5211583	Binding_K27	-0.5397161	0.08004312	0.31376904
L22R	L22R	22	22	-0.9235509	-0.94528	-0.84128964	-0.75526696	-0.68757707	-0.7307828	-0.809661	-0.81198895	-0.8510103	-1.1168296	10	-0.8473238	0.12397657	0.48598817	Binding_K27	-0.5101406	0.07464146	0.29259452
L22S	L22S	22	22	-0.52233493	-0.55653495	-0.5217726	-0.50401497	-0.4173076	-0.627902	-0.48782957	-0.8959557	-0.64465636	-0.48681733	10	-0.5665126	0.13382043	0.52457607	Binding_K27	-0.34107512	0.08056806	0.3158268
L22T	L22T	22	22	-0.6784741	-0.866724	-1.0095955	-0.81284714	-0.97828805	-1.036857	-0.95196897	-0.8563201	-0.68956536	-0.76497835	10	-0.86456186	0.12875918	0.504736	Binding_K27	-0.52051896	0.07752088	0.30388185
L22V	L22V	22	22	-0.3290608	-0.22305286	-0.36464977	-0.21657407	-0.3033707	-0.25667435	-0.42613712	-0.3234103	-0.22653557	-0.245006	10	-0.29144716	0.06987434	0.27390742	Binding_K27	-0.17546897	0.04206861	0.16490896
L22W	L22W	22	22	-0.041436724	0.061171114	0.019398566	0.111152545	0.10576325	0.04152914	0.14508414	0.20872346	0.15347084	0.11172861	10	0.0916585	0.07283109	0.28549787	Binding_K27	0.055184007	0.043848757	0.17188713
L22Y	L22Y	22	22	-0.1268333	-0.033443414	-0.26913947	-0.10152982	-0.09514128	0.034720484	0.0098745525	-0.11576976	0.1051696	0.12217788	10	-0.04699146	0.1190766	0.46678028	Binding_K27	-0.028291725	0.07169137	0.28103018
L51A	L51A	51	51	0.2868933	0.40520614	0.17785147	0.4722529	0.2428357	0.17035618	0.25717142	0.2643116	0.20758483	0.27226633	10	0.275673	0.09568836	0.37509838	Binding_K27	0.16597195	0.057610225	0.22583209
L51C	L51C	51	51	-0.0074871327	-0.0639256	0.11297002	0.1253113	-0.071742766	-0.0035349797	-0.07747702	-0.0066820956	-0.057103503	-0.059053764	10	-0.010872556	0.07407247	0.2903641	Binding_K27	-0.006545942	0.044596147	0.17481689
L51D	L51D	51	51	0.759546	0.6566573	0.91308606	0.6746558	0.94856364	0.73387814	0.46745855	0.8251961	0.88278323	0.8284637	10	0.7690288	0.14391986	0.56416583	Binding_K27	0.4630022	0.08664853	0.33966225
L51E	L51E	51	51	0.6278534	0.6183865	0.65533715	0.3771452	0.45326203	0.24764898	0.50990903	0.50184256	0.80139124	0.57227045	10	0.5365046	0.15573683	0.6104884	Binding_K27	0.3230085	0.09376307	0.36755124
L51F	L51F	51	51	0.5263598	0.641537	0.58499146	0.5856881	0.47796914	0.62135196	0.5615042	0.5308598	0.6122793	0.6873681	10	0.5829909	0.06153489	0.24121676	Binding_K27	0.35099605	0.037047755	0.14522721
L51G	L51G	51	51	0.47803283	0.5016433	0.35888848	0.35276353	0.45372543	0.5228676	0.3824191	0.30059624	0.3872679	0.41159856	10	0.41498026	0.071931705	0.2819723	Binding_K27	0.24984342	0.04330727	0.1697645
L51H	L51H	51	51	0.45687145	0.35318896	0.49925658	0.17889799	0.36791167	0.3692189	0.32762673	0.4379833	0.2823128	0.42849874	10	0.37017673	0.09344608	0.36630866	Binding_K27	0.22286896	0.05626024	0.22054014
L51I	L51I	51	51	0.11685548	0.11196983	-0.0010305083	0.11612292	-0.009855528	0.077147916	0.044183612	0.12467029	0.09015899	0.0027041868	10	0.06729273	0.053825542	0.21099614	Binding_K27	0.040514324	0.03240626	0.12703253
L51K	L51K	51	51	0.24669896	0.37415355	0.4673713	0.37901503	0.3857931	0.5187015	0.2592625	0.33985624	0.23929366	0.6973194	10	0.3907465	0.14151317	0.5547316	Binding_K27	0.23525321	0.08519956	0.33398226
L51M	L51M	51	51	0.16364622	0.31933695	0.18862073	0.27647913	0.33078846	0.30876818	0.17023481	0.22552715	0.026262632	0.34244385	10	0.23521082	0.10005115	0.3922005	Binding_K27	0.14161126	0.060236894	0.23612863
L51N	L51N	51	51	0.30002692	0.35349464	0.53277725	0.48954222	0.5020907	0.44434908	0.5521218	0.43232766	0.4954128	0.40937585	10	0.45115185	0.07986572	0.3130736	Binding_K27	0.27162093	0.04808403	0.1884894
L51P	L51P	51	51	0.7024308	0.7330945	0.93475735	0.8345719	0.7299807	0.8081768	0.8325019	0.65623945	0.85575396	0.8488179	10	0.7936325	0.08506868	0.33346924	Binding_K27	0.47781515	0.05121653	0.20076881
L51Q	L51Q	51	51	-0.06865499	-0.231309	-0.09443204	0.043635298	-0.12123525	-0.1689447	0.035938375	-0.021135392	-0.041054938	-0.04583313	10	-0.07130258	0.08625736	0.33812886	Binding_K27	-0.0429285	0.05193219	0.20357418
L51R	L51R	51	51	0.008483873	-0.024831142	0.014340499	0.04737202	0.042498842	0.027078459	0.10293691	-0.010153221	-0.07825007	0.004731484	10	0.013420765	0.047982752	0.1880924	Binding_K27	0.008080119	0.028888542	0.11324309
L51S	L51S	51	51	0.3790817	0.5251612	0.38775006	0.5104452	0.3748401	0.50000054	0.5375001	0.50037843	0.4770675	0.53300774	10	0.47252327	0.06591287	0.25837848	Binding_K27	0.2844878	0.03968357	0.1555596
L51T	L51T	51	51	-0.048992414	-0.1160707	0.04722267	-0.11383663	0.0817728	-0.09324793	-0.06509671	0.0001982939	0.059305158	-0.01106608	10	-0.025981154	0.07270211	0.28499228	Binding_K27	-0.015642239	0.043771103	0.17158273
L51V	L51V	51	51	-0.013488185	-0.07760407	-0.13403426	-0.124180496	-0.11148628	-0.0886755	-0.12274192	-0.1326625	-0.13089812	-0.030732628	10	-0.0966504	0.043733507	0.17143536	Binding_K27	-0.058189433	0.026330238	0.10321453
L51W	L51W	51	51	0.9562819	1.1332407	0.88129896	0.8413563	0.87860125	0.8372027	1.1914464	0.9677253	0.96115106	1.2580197	10	0.9906324	0.1509459	0.59170794	Binding_K27	0.5964211	0.090878636	0.35624427
L51Y	L51Y	51	51	0.38261166	0.5154609	0.5082452	0.6534372	0.49350917	0.45142868	0.6737643	0.48807967	0.3232693	0.45992246	10	0.49497285	0.10695517	0.4192643	Binding_K27	0.29800385	0.064393535	0.25242266
L52A	L52A	52	52	0.4966175	0.27931845	0.33385035	0.0611029	0.17816588	0.39837524	0.42891544	0.43921593	0.5597451	0.52227247	10	0.36975795	0.15847756	0.62123203	Binding_K27	0.22261684	0.095413156	0.3740196
L52C	L52C	52	52	0.23074156	-0.06875113	-0.040454198	0.19801362	-0.010921926	-0.035633825	0.2014856	-0.10096199	0.09633065	-0.061037935	10	0.040881045	0.1279261	0.5014703	Binding_K27	0.024612881	0.07701931	0.3019157
L52D	L52D	52	52	0.9734833	1.3556321	1.7200661	1.4296422	1.152142	1.4538674	0.9200985	0.5387955	1.169124	0.82621473	10	1.1539066	0.3496718	1.3707135	Binding_K27	0.6947221	0.21052375	0.8252531
L52E	L52E	52	52	0.91825354	0.5109101	0.4526974	0.67400026	0.54129213	0.31861132	0.6272806	0.8005841	0.95619345	0.65098494	10	0.6450808	0.20252608	0.7939022	Binding_K27	0.38837796	0.12193305	0.47797757
L52F	L52F	52	52	-0.039242785	-0.3037421	-0.37338245	-0.21186854	-0.10546239	-0.075695455	-0.13020992	-0.12953973	-0.02562771	-0.097135454	10	-0.14919065	0.11362846	0.44542357	Binding_K27	-0.08982187	0.06841126	0.26817214
L52G	L52G	52	52	-0.04643893	-0.0017031088	-0.2166512	-0.008315413	-0.3850165	-0.01881341	-0.016553545	-0.064846426	-0.07907763	-0.10888649	10	-0.094630264	0.12055325	0.47256875	Binding_K27	-0.05697319	0.072580405	0.2845152
L52H	L52H	52	52	-0.08941228	-0.1395539	-0.5731701	-0.09531646	-0.037269704	-0.35713267	-0.104184695	0.07911169	-0.40527767	-0.16823964	10	-0.18904455	0.19615784	0.7689388	Binding_K27	-0.11381634	0.11809898	0.46294802
L52I	L52I	52	52	-0.24267967	-0.41306573	-0.18119562	-0.3120914	-0.08605244	-0.22211456	-0.111779876	-0.33087227	0.016774895	-0.28495356	10	-0.21680303	0.12905861	0.5059098	Binding_K27	-0.13052864	0.07770115	0.30458853
L52K	L52K	52	52	0.046363976	-0.3280131	-0.42344403	-0.24987395	-0.47020343	0.084447406	-0.17174503	0.054278646	-0.75318205	-0.32781786	10	-0.25391895	0.26711392	1.0470866	Binding_K27	-0.1528747	0.16081887	0.63041
L52M	L52M	52	52	0.21242543	0.1527709	0.08472358	0.27736592	-0.09436747	0.28807586	-0.22288615	0.32329348	0.30308884	0.25036559	10	0.15748562	0.18414725	0.72185725	Binding_K27	0.09481595	0.11086787	0.43460208
L52N	L52N	52	52	-0.03507541	-0.007001458	-0.17318262	-0.58279395	-0.2946024	-0.23446989	-0.21507154	-0.60146654	-0.81758046	-0.5146754	10	-0.34759197	0.26787883	1.0500851	Binding_K27	-0.20927157	0.1612794	0.63221526
L52P	L52P	52	52	-1.0302157	-0.492124	-0.5264262	-0.4207737	-0.6724404	-0.51246417	-0.6704151	-0.36260176	-0.3932534	-1.590837	10	-0.66715515	0.3782839	1.4828728	Binding_K27	-0.40166807	0.22774996	0.8927798
L52Q	L52Q	52	52	0.25776175	0.02689265	-0.45125645	0.04018163	0.334777	0.119210854	0.13513987	0.035626926	0.16217585	0.15799326	10	0.081850335	0.21147585	0.82898533	Binding_K27	0.049278893	0.12732136	0.49909976
L52R	L52R	52	52	0.90833896	1.4960285	1.2516278	1.3369373	1.5264276	1.990944	1.358258	1.4809839	2.1492782	1.2542363	10	1.4753062	0.36153954	1.417235	Binding_K27	0.88822424	0.21766885	0.8532619
L52S	L52S	52	52	0.08531016	0.045367263	-0.050015185	-0.013619844	-0.07602776	0.0017723034	0.002796389	-0.18797503	-0.010348236	0.005826733	10	-0.01969132	0.074096315	0.29045755	Binding_K27	-0.011855375	0.0446105	0.17487316
L52T	L52T	52	52	-0.10517278	0.016185	-0.03057884	-0.16284029	-0.14567252	-0.086560756	-0.07672127	-0.076455206	0.06257613	0.047212444	10	-0.055802815	0.07762112	0.3042748	Binding_K27	-0.0335967	0.046732645	0.18319197
L52V	L52V	52	52	-0.37976333	-0.3430225	-0.5038211	-0.36112547	-0.3612601	-0.45605633	-0.40204966	-0.3828238	-0.41572708	-0.4448844	10	-0.40505338	0.050436873	0.19771254	Binding_K27	-0.24386683	0.030366072	0.119035006
L52W	L52W	52	52	0.3906829	0.45097998	0.19058518	0.29878646	0.25595185	0.38735086	0.19642328	0.34210718	0.10963007	0.34138247	10	0.29638803	0.106919356	0.4191239	Binding_K27	0.17844367	0.06437197	0.25233814
L52Y	L52Y	52	52	-0.14942113	-0.7481907	-0.42496565	-0.1328578	-0.352573	-0.31929046	-0.57425714	-0.20030673	-0.25325164	-0.30663356	10	-0.34617478	0.19330515	0.7577562	Binding_K27	-0.20841832	0.11638149	0.45621544
L55A	L55A	55	55	-0.1951073	-0.17212057	-0.45897108	-0.17718707	-0.271588	-0.32805482	-0.42678228	-0.3296275	-0.5038298	-0.26221848	10	-0.3125487	0.11909642	0.46685797	Binding_K27	-0.18817337	0.07170331	0.28107697
L55C	L55C	55	55	-0.26405787	-0.040928736	-0.07076943	0.026699381	-0.120620005	-0.16997534	-0.15459424	-0.175537	-0.12219762	-0.08360818	10	-0.1175589	0.08096497	0.3173827	Binding_K27	-0.070777625	0.04874585	0.19108373
L55D	L55D	55	55	-0.16131455	-0.25634965	-0.18795937	0.001097739	0.025708158	0.30970025	0.03829754	0.2226532	-0.09775275	-0.060898133	10	-0.016681755	0.17800285	0.6977712	Binding_K27	-0.010043434	0.10716857	0.4201008
L55E	L55E	55	55	-0.05901349	-0.47609732	-0.33252952	-0.33323818	-0.3784045	-0.25235358	-0.28025547	-0.081134915	-0.09878392	-0.2972925	10	-0.25891036	0.13806945	0.5412322	Binding_K27	-0.15587983	0.083126225	0.3258548
L55F	L55F	55	55	-0.12138282	-0.043399964	-0.1226535	-0.054517835	-0.17244087	0.14829952	-0.36484587	-0.014495503	-0.18532921	0.08002392	10	-0.08507421	0.14455263	0.56664634	Binding_K27	-0.051219862	0.0870295	0.34115565
L55G	L55G	55	55	0.101154104	0.09328317	0.064200304	0.091840714	0.013653365	0.03961853	0.19124143	0.11809831	0.14163946	0.22059642	10	0.10753258	0.06399548	0.2508623	Binding_K27	0.06474117	0.03852918	0.15103438
L55H	L55H	55	55	-0.14375766	-0.09922035	-0.019907957	-0.049934767	-0.048566822	-0.07402477	0.092483416	-0.030881308	-0.07131977	0.12206104	10	-0.03230689	0.081849486	0.32084998	Binding_K27	-0.019450719	0.049278382	0.19317126
L55I	L55I	55	55	0.6259616	0.5087306	0.8050614	0.82391137	0.40867358	0.9315069	0.9756523				7	0.7256425	0.21537003	0.84425056	Binding_K27	0.43688104	0.1296659	0.50829035
L55K	L55K	55	55	0.6830384	0.41415578	0.3706889	0.41430083	0.6545477	0.574504	0.20214793	0.49316716	0.7306125	0.69524044	10	0.5232404	0.17289567	0.67775106	Binding_K27	0.31502262	0.10409374	0.40804747
L55M	L55M	55	55	-0.46837962	-0.32486638	-0.2611069	-0.39868677	-0.42441875	-0.43208805	-0.35041097	-0.183113	-0.52190554	-0.20470037	10	-0.35696763	0.11314881	0.44354334	Binding_K27	-0.21491627	0.068122484	0.26704013
L55N	L55N	55	55	0.2845653	0.3321715	0.44462538	0.34724492	0.3689807	0.48278707	0.3184226	0.5404507	0.45279112	0.607039	10	0.4179078	0.10506226	0.41184407	Binding_K27	0.251606	0.06325389	0.24795525
L55P	L55P	55	55	1.6629602	1.5324856	1.7547191	1.5893241	1.6191845	1.4673878	1.501488	1.6050416	1.7620687	1.5673671	10	1.6062027	0.098434806	0.38586444	Binding_K27	0.96703196	0.059263755	0.23231392
L55Q	L55Q	55	55	-1.4532086	-1.2793587	-1.6645776	-1.4756435	-1.6081209	-1.5472888	-1.3323238	-1.5389085	-1.5509138	-1.350797	10	-1.4801141	0.1260537	0.49413052	Binding_K27	-0.89111894	0.07589202	0.2974967
L55R	L55R	55	55	0.69958234	0.36279845	0.4802609	0.5189502	0.63526034	0.43956408	0.58478254	0.45185888	0.46143278	0.45099172	10	0.5085482	0.10220793	0.4006551	Binding_K27	0.30617702	0.061535407	0.2412188
L55S	L55S	55	55	-0.1847718	-0.28853613	0.0008129165	0.053347044	-0.022136478	-0.043319467	0.06083983	0.002255884	-0.066357106	-0.27710292	10	-0.076496825	0.12866196	0.5043549	Binding_K27	-0.046055753	0.077462345	0.3036524
L55T	L55T	55	55	-0.17468974	-0.20356925	-0.06652331	-0.3660808	-0.16662271	-0.06503706	-0.097705014	-0.04894242	-0.09336939	-0.015193775	10	-0.12977335	0.10266964	0.40246502	Binding_K27	-0.07813147	0.061813384	0.24230847
L55V	L55V	55	55	-0.21728715	0.2181559	-0.16794541	0.034509357	0.006070084	-0.35587487	-0.011598008	-0.17560951	-0.2606228	-0.37332478	10	-0.13035272	0.18833674	0.73828006	Binding_K27	-0.07848029	0.11339021	0.44448963
L55W	L55W	55	55	-0.2100446	-0.10358328	-0.19863868	0.002405781	-0.19346838	-0.12809876	-0.20386314	-0.028307421	-0.09808239	-0.10578232	10	-0.12674631	0.075037695	0.29414776	Binding_K27	-0.07630901	0.04517727	0.1770949
L55Y	L55Y	55	55	0.040607642	-0.1049489	0.038920682	0.017446551	0.041385625	-0.06928849	-0.063116424	-0.083485246	-0.024566125	-0.10789801	10	-0.03149427	0.061712753	0.24191399	Binding_K27	-0.01896147	0.03715484	0.14564697
L5A	L5A	5	5	0.62003374	0.68111825	0.4418677	0.19412675	0.9696071	0.9347379	0.84379095	-0.13414694	0.24374951	0.5265708	10	0.5321456	0.3543459	1.3890359	Binding_K27	0.32038411	0.21333782	0.8362843
L5C	L5C	5	5	-0.012557943	0.21472348	0.21340038	0.022818673	0.03254415	0.09281231	0.13684162	0.06750281	0.21578932	-0.056598734	10	0.09272761	0.09947872	0.3899566	Binding_K27	0.055827674	0.059892256	0.23477764
L5D	L5D	5	5	-0.4116434	0.5456493	0.70651424	-0.033754997	1.2787616	0.5215983	0.23713611	0.36224267	0.4751924	0.74271256	10	0.4424409	0.45730186	1.7926233	Binding_K27	0.2663764	0.2753236	1.0792686
L5E	L5E	5	5	0.66144425	-0.47764865	1.0008142	0.93086827	0.00019997334	-0.11106645	0.07640843	-0.24029887	0.019023482	0.6168979	10	0.24766426	0.5139464	2.01467	Binding_K27	0.14910899	0.30942708	1.2129542
L5F	L5F	5	5	-0.07279334	-0.13413262	-0.20210806	-0.07663519	-0.07695812	-0.31136617	-0.29994586	-0.23853894	-0.04760559	-0.026427215	10	-0.14865111	0.10632445	0.41679186	Binding_K27	-0.08949703	0.0640138	0.2509341
L5G	L5G	5	5	1.0873873	0.92525554	1.0045501	0.88529384	0.91323346	0.98468333	0.97868246	0.38588774	1.0412824	1.4723967	10	0.9678653	0.2637948	1.0340756	Binding_K27	0.5827139	0.15882055	0.6225766
L5H	L5H	5	5	1.4173789	1.409832	1.5296183	1.4623334	1.4776422	1.5805695	1.5471553	1.5308505	1.3377231	1.4113939	10	1.4704497	0.07664626	0.30045334	Binding_K27	0.8853004	0.046145722	0.18089123
L5I	L5I	5	5	-0.23039007	-0.14113122	-0.17862532	-0.13566017	-0.2720461	-0.23377453	-0.1807642	-0.21306628	-0.3464389	-0.4502957	10	-0.23821923	0.097378336	0.38172308	Binding_K27	-0.1434225	0.058627695	0.22982056
L5K	L5K	5	5	-0.13311465	0.9865678	-0.0020259765	-0.16245672	0.6528493	-0.49001223	0.6118805	-0.79945755	0.4126116	-0.27264845	10	0.08041936	0.56541026	2.2164083	Binding_K27	0.04841736	0.34041145	1.3344129
L5M	L5M	5	5	-0.09443868	-0.40550473	-0.2075804	-0.19364807	-0.38097468	-0.34234673	-0.46338937	-0.47191292	-0.23073184	-0.36563838	10	-0.31561655	0.1267135	0.49671692	Binding_K27	-0.19002041	0.07628925	0.29905388
L5N	L5N	5	5	0.68818414	0.76141644	0.46600476	0.66042125	1.2593195	1.1353135	1.1770922	0.9438904	0.19312946	-0.12068389	10	0.7164088	0.4443991	1.7420444	Binding_K27	0.43132177	0.26755536	1.048817
L5P	L5P	5	5	0.47723505	0.42188495	0.94567317	0.4366166	0.13993111	0.5298674	0.5093599	0.37533805	0.6504291	0.314216	10	0.48005515	0.21307243	0.83524394	Binding_K27	0.28902248	0.12828259	0.50286776
L5Q	L5Q	5	5	0.5428143	0.24358013	0.18922542	0.68580973	0.46039492	0.6777983	1.0587314	0.7701547	-0.2232222	0.78786767	10	0.51931536	0.3680614	1.4428006	Binding_K27	0.3126595	0.2215954	0.868654
L5R	L5R	5	5	-0.28822523	0.0138231395	0.06425346	-0.13430218	-0.09422645	-0.20458564	-0.10015191	0.73391557	0.08380876	0.15893719	10	0.023324672	0.28512597	1.1176938	Binding_K27	0.014042875	0.17166322	0.67291987
L5S	L5S	5	5	0.629857	0.7223242	0.53541607	0.8021664	0.7866401	1.2295864	1.0715926	0.9498544	0.78511506	1.2617867	10	0.8774339	0.24482232	0.9597035	Binding_K27	0.5282687	0.14739797	0.57780004
L5T	L5T	5	5	0.27517423	0.33097315	0.1382225	0.28323743	0.76238966	0.22744803	0.37680712	0.46201786	0.45514402	0.23807304	10	0.3549487	0.17542227	0.68765527	Binding_K27	0.21370076	0.1056149	0.4140104
L5V	L5V	5	5	0.03339065	0.14813307	0.028993879	0.0074996944	0.0114205135	-0.011404666	-0.0056770984	-0.02498827	0.017197255	0.033602417	10	0.023816744	0.0478712	0.1876551	Binding_K27	0.014339132	0.02882138	0.112979814
L5W	L5W	5	5	-0.94931597	-1.1803924	-1.3440032	-1.2474279	-0.9587052	-1.125628	-1.1956033	-1.0226811	-1.4703854	-1.3182	10	-1.1812342	0.17158961	0.6726313	Binding_K27	-0.711175	0.10330741	0.40496507
L5Y	L5Y	5	5	0.42291015	0.2634451	0.22861518	0.11140804	0.50367695	0.62534016	0.46144155	0.46650958	0.45343846	0.23639242	10	0.37731776	0.15847683	0.6212292	Binding_K27	0.22716829	0.095412716	0.37401786
L78A	L78A	78	78	-0.029677467	0.13898301	0.00045122716	-0.1758927	0.07192552	0.054153543	0.13628085	0.06201035	-0.03001198	0.06711276	10	0.029533511	0.09329861	0.36573055	Binding_K27	0.017780975	0.05617145	0.22019209
L78C	L78C	78	78	0.14243543	-0.07933249	0.08239226	0.02180764	0.1633472	0.057764575	0.15912828	0.13653493	0.028355176	0.23095469	10	0.094338775	0.090045825	0.35297963	Binding_K27	0.056797694	0.054213077	0.21251526
L78D	L78D	78	78	0.15154381	0.23100124	1.6037269	-0.07345533	-0.083879516	-0.38305506	-0.39783046	-0.23234129	-0.60816836	-0.20485404	10	0.0002687782	0.61747825	2.4205148	Binding_K27	0.00016182088	0.37175956	1.4572976
L78E	L78E	78	78	-0.06071309	0.76232165	1.267247	-0.06357102	0.16669297	-0.016234932	0.6320866	0.11793882	1.0590988	0.53368396	10	0.43985504	0.48397127	1.8971674	Binding_K27	0.26481956	0.29138023	1.1422105
L78F	L78F	78	78	0.1412287	0.018018669	0.014077343	-0.04150354	0.19602801	-0.083355315	0.117365174	0.043525644	-0.0448258	0.05510655	10	0.041566543	0.08882154	0.34818044	Binding_K27	0.025025593	0.05347598	0.20962584
L78G	L78G	78	78	0.4124598	0.96627355	0.965666	1.3894113	1.0379193	0.7594305	0.6468668	0.71349645	0.558621	0.39335898	10	0.78435034	0.30966666	1.2138933	Binding_K27	0.47222674	0.18643822	0.7308378
L78H	L78H	78	78	1.0433661	0.8621606	1.3446909	1.859968	0.7964247	0.84630007	0.76073176	1.5368192	1.2050683	0.88002396	10	1.1135553	0.36776	1.4416193	Binding_K27	0.6704282	0.22141394	0.8679427
L78I	L78I	78	78	-0.17924155	-0.22225	-0.08507519	-0.14716783	-0.22403112	-0.32214135	-0.26512372	-0.3168121	-0.29353836	-0.20783374	10	-0.2263215	0.0761502	0.2985088	Binding_K27	-0.13625935	0.045847066	0.1797205
L78K	L78K	78	78	0.7596681	0.04467514	0.07899893	0.003599295	-0.070883244	-0.15492068	0.567577	0.087306686	-0.13290861	-0.02501478	10	0.11580978	0.30337137	1.1892158	Binding_K27	0.06972455	0.18264806	0.7159804
L78M	L78M	78	78	-0.07647965	0.031736646	0.13392171	0.028174913	0.23228511	-0.061503083	-0.06765995	0.055903994	-0.24094442	-0.23839043	10	-0.020295514	0.14973772	0.5869719	Binding_K27	-0.012219137	0.090151235	0.35339284
L78N	L78N	78	78	-0.31515634	0.26142132	0.3251158	0.5122495	0.74455637	-0.23449446	0.439297	0.056604292	0.55192167	0.25339276	10	0.2594908	0.33940682	1.3304747	Binding_K27	0.15622927	0.2043436	0.80102694
L78P	L78P	78	78	1.3498701	1.4082906	1.5447763	1.432348	1.4184095	1.3994694	1.2064438	1.2934119	0.89907765	1.4870008	10	1.3439096	0.18281253	0.7166251	Binding_K27	0.8091155	0.11006429	0.43145204
L78Q	L78Q	78	78	0.86645794	1.2046641	0.4430092	0.63681823	0.5590841	1.579757	0.6921176	1.3269215	0.89250785	0.54062545	10	0.87419635	0.37981993	1.4888941	Binding_K27	0.5263195	0.22867475	0.89640504
L78R	L78R	78	78	1.1768581	1.6516814	1.1640413	1.8692849	2.3427188	1.7688437	1.3061337	0.8986334	0.94604784	0.16128232	10	1.3285526	0.611322	2.3963823	Binding_K27	0.79986966	0.3680531	1.4427682
L78S	L78S	78	78	1.1610906	1.0877385	1.149606	1.6668218	2.0028892	1.451863	1.6432813	1.1808459	1.1691339	1.3665636	10	1.3879834	0.30089286	1.1795	Binding_K27	0.8356507	0.18115585	0.71013093
L78T	L78T	78	78	0.65170753	0.96203357	0.9889284	0.71329147	0.9664025	0.5365999	1.3816389	1.0137053	0.77438056	1.1819519	10	0.917064	0.25429747	0.9968461	Binding_K27	0.55212843	0.15310258	0.6001621
L78V	L78V	78	78	-0.38838848	-0.3547299	-0.3111587	-0.29594064	-0.3605158	-0.29241523	-0.35844347	-0.26857612	-0.34693223	-0.3694602	10	-0.33465606	0.03956512	0.15509528	Binding_K27	-0.20148335	0.023820614	0.09337681
L78W	L78W	78	78	-0.25394812	0.39186537	0.49732393	0.43810046	0.0701804	-0.20154694	0.20510817	0.05774972	-0.26870206	0.1879867	10	0.11241176	0.28469044	1.1159866	Binding_K27	0.067678735	0.17140101	0.671892
L78Y	L78Y	78	78	0.15249301	0.017722221	-0.345043	0.0076373597	0.101525165	0.007940048	0.22198625	-0.025589224	-0.3429788	0.080847226	10	-0.012345975	0.19021356	0.7456372	Binding_K27	-0.00743303	0.11452016	0.44891906
M110A	M110A	110	110	-0.021857975	-0.15889595	-0.14263444	-0.03160436	0.2967069	0.084374025	0.2890035	0.46229252	-0.06840919	0.06458112	10	0.07735561	0.20775843	0.8144131	Binding_K27	0.046572793	0.12508324	0.49032632
M110C	M110C	110	110	-0.103947744	-0.13151994	-0.16984758	-0.21639219	-0.29685482	-0.18430737	-0.16736569	-0.10668265	-0.28724104	-0.11703741	10	-0.17811964	0.07007929	0.27471083	Binding_K27	-0.10723889	0.042192005	0.16539267
M110D	M110D	110	110	0.9139925	1.5131265	0.9707122	1.1638676	0.4999449	0.72600126	1.4856803	1.1993589	0.63817126	1.2530744	10	1.036393	0.3465526	1.3584863	Binding_K27	0.6239718	0.2086458	0.8178916
M110E	M110E	110	110	0.023377985	0.07561167	-0.18978299	0.31064606	0.84242386	0.29972142	0.64096296	-0.0198774	0.101231396	0.110355474	10	0.21946701	0.31451726	1.2329077	Binding_K27	0.13213253	0.18935856	0.74228555
M110F	M110F	110	110	-0.28469232	-0.33878517	-0.2735461	-0.3420868	-0.41810378	-0.42637002	-0.34001988	-0.3855985	-0.41714117	-0.42044887	10	-0.36467928	0.057205494	0.22424555	Binding_K27	-0.21955916	0.034441195	0.13500948
M110G	M110G	110	110	-0.19341312	0.39659017	0.33600706	0.33945775	0.44353488	0.59558886	0.5142431	0.3942201	-0.05713927	0.27732092	10	0.30464107	0.24636008	0.9657315	Binding_K27	0.18341249	0.14832379	0.58142924
M110H	M110H	110	110	-0.32948178	-0.17733271	-0.44175607	-0.3177093	-0.27027807	-0.017568484	0.12180613	-0.59275454	-0.14951621	-0.5535614	10	-0.27281523	0.22611454	0.886369	Binding_K27	-0.1642514	0.13613474	0.5336482
M110I	M110I	110	110	-0.21591102	-0.27020964	-0.22712219	-0.30661955	-0.34062254	-0.39017722	-0.34506914	-0.15770718	-0.29201674	-0.28040585	10	-0.2825861	0.06895187	0.27029133	Binding_K27	-0.17013407	0.041513227	0.16273186
M110K	M110K	110	110	1.3123446	0.25389495	0.6777391	1.3917775	1.2334433	1.1677711	1.3380623	1.4149545	1.3806484	1.7272356	10	1.1897871	0.42088044	1.6498513	Binding_K27	0.7163244	0.25339568	0.99331105
M110L	M110L	110	110	-0.080891065	-0.11512653	-0.07549533	-0.15708165	-0.26976052	-0.2148427	-0.24404623	-0.1809905	-0.21166594	-0.09690406	10	-0.16468045	0.0702474	0.2753698	Binding_K27	-0.09914767	0.042293217	0.16578941
M110N	M110N	110	110	0.04611401	0.45990822	0.41298276	0.40378535	1.0395665	1.6427622	1.2613248	0.16184676	0.12291331	0.5122279	10	0.60634315	0.5317377	2.0844119	Binding_K27	0.36505556	0.3201385	1.254943
M110P	M110P	110	110	0.58701336	0.20390686	0.44301343	1.0241413	1.1307396	1.6152838	0.35967264	0.5515811	0.69570756	1.0484054	10	0.7659465	0.43063664	1.6880957	Binding_K27	0.4611465	0.2592695	1.0163364
M110Q	M110Q	110	110	-0.078917876	-0.26547748	-0.36143172	-0.30818662	-0.5463583	-0.56694186	-0.14866634	-0.29521087	-0.24284677	0.25953743	10	-0.25545004	0.2369451	0.9288248	Binding_K27	-0.1537965	0.14265539	0.5592091
M110R	M110R	110	110	1.2553884	1.3835704	0.94633675	0.89877367	1.1727322	0.6961314	0.4591412	1.393077	1.1795442	0.80282193	10	1.0187517	0.3095311	1.2133619	Binding_K27	0.6133507	0.18635659	0.73051786
M110S	M110S	110	110	-0.3757055	0.009773508	0.17314704	0.37295082	0.58377886	0.23565924	0.13921131	0.35481006	-0.09357725	-0.11376574	10	0.12862822	0.28050995	1.099599	Binding_K27	0.077442035	0.1688841	0.6620257
M110T	M110T	110	110	0.23839971	0.23262216	0.16845253	0.14337032	0.2081028	0.019351529	0.46194082	0.09447843	0.1021702	-0.026172593	10	0.1642716	0.13627903	0.53421384	Binding_K27	0.09890152	0.08204829	0.32162932
M110V	M110V	110	110	-0.17071044	-0.27312434	-0.59115	-0.32648194	-0.32784364	-0.2387448	-0.30185694	-0.29561	-0.35906774	-0.2777254	10	-0.31623152	0.10995374	0.43101865	Binding_K27	-0.19039066	0.066198856	0.25949952
M110W	M110W	110	110	-0.4173102	-0.28644115	-0.32518792	-0.4286549	-0.27022964	-0.45978186	-0.346844	-0.09462721	-0.2771653	-0.23816356	10	-0.31444058	0.107590154	0.4217534	Binding_K27	-0.1893124	0.06477583	0.25392127
M110Y	M110Y	110	110	0.034050815	0.08553446	-0.01762327	-0.196368	-0.15785684	-0.04488383	-0.28166354	-0.3210686	-0.119748175	-0.30011484	10	-0.13197419	0.14412032	0.56495166	Binding_K27	-0.07945651	0.08676922	0.34013537
M169A	M169A	169	169	-0.30925772	-0.80146223	-0.56594545	-0.57784826	-0.30458423	-0.49513963	-0.73555845	-0.76783	-0.5508607	-0.59854215	10	-0.5707029	0.17172694	0.6731696	Binding_K27	-0.34359795	0.10339009	0.40528917
M169C	M169C	169	169	-0.2015942	-0.21592003	-0.3271813	-0.31417575	-0.17876531	-0.20535249	-0.23236112	-0.221524	-0.34624574	-0.37036344	10	-0.26134834	0.07010516	0.27481222	Binding_K27	-0.15734763	0.04220758	0.16545372
M169D	M169D	169	169	-0.5151126	-0.08235274	-0.4136232	-0.4200396	-0.40203854	-0.19876654	-0.36830166	-0.5039864	-0.31924954	-0.49155247	10	-0.37150234	0.1389789	0.5447973	Binding_K27	-0.22366706	0.08367377	0.32800117
M169E	M169E	169	169	-0.28429937	-0.5974363	-0.7900988	-0.53069526	-0.53801584	0.0033205377	-0.6254098	-0.17049368	-0.761865	-0.58264357	10	-0.48776373	0.25692734	1.0071552	Binding_K27	-0.2936635	0.15468593	0.60636884
M169F	M169F	169	169	-0.29435483	-0.40405443	-0.37816316	-0.4098842	-0.51897424	-0.4538923	-0.3829389	-0.36413312	-0.45808446	-0.28651145	10	-0.3950991	0.07180368	0.28147045	Binding_K27	-0.23787375	0.043230195	0.16946237
M169G	M169G	169	169	-0.59657675	-0.36733186	-0.4564063	-0.30995777	-0.36000893	-0.55844617	-0.4589594	-0.35397452	-0.36455905	-0.44680482	10	-0.4273026	0.093861826	0.36793837	Binding_K27	-0.25726223	0.05651054	0.22152133
M169H	M169H	169	169	0.115846336	-0.11930817	-0.014718709	0.08830026	-0.17649353	-0.046749424	-0.12344787	0.0123357205	-0.2689754	-0.26440185	10	-0.07976127	0.13459112	0.5275972	Binding_K27	-0.048021145	0.08103206	0.31764567
M169I	M169I	169	169	-0.28359285	-0.2516653	-0.26337603	-0.3486926	-0.37103337	-0.28828004	-0.2644945	-0.2403173	-0.3453735	-0.26291257	10	-0.2919738	0.046083886	0.18064883	Binding_K27	-0.17578603	0.02774531	0.108761616
M169K	M169K	169	169	-0.23876949	-0.2599633	-0.4753317	-0.78775203	-0.3066549	-0.5472812	-0.52293456	-0.28065377	-0.6820388	-0.31822902	10	-0.44196087	0.19149086	0.7506442	Binding_K27	-0.26608738	0.115289174	0.45193356
M169L	M169L	169	169	-0.15990251	-0.27609462	-0.21297953	-0.2701135	-0.30322888	-0.08264618	-0.19756854	-0.30289254	-0.2787893	-0.20966995	10	-0.22938856	0.070842445	0.2777024	Binding_K27	-0.1381059	0.04265147	0.16719377
M169N	M169N	169	169	-0.6710218	-0.16716892	-0.5366327	-0.474553	-0.5502423	-0.34556648	-0.45532355	-0.46521446	-0.28626907	-0.47629493	10	-0.44282874	0.1434309	0.5622491	Binding_K27	-0.2666099	0.08635415	0.33850828
M169P	M169P	169	169	-0.6944392	-0.63240844	-0.58403784	-0.41326734	-0.61215615	-0.56098855	-0.590148	-0.35569513	-0.86200887	-0.48847386	10	-0.57936233	0.1427399	0.55954045	Binding_K27	-0.34881145	0.085938126	0.33687747
M169Q	M169Q	169	169	-0.39414728	-0.264571	-0.13368683	-0.2855678	-0.71942997	-0.30422318	-0.39761907	-0.29777998	-0.40984488	-0.20945133	10	-0.34163216	0.1586028	0.621723	Binding_K27	-0.2056834	0.095488556	0.37431514
M169R	M169R	169	169	-0.5269213	-0.5553093	-0.23389164	-0.41700134	-0.23866081	-0.15530325	-0.23795536	-0.33690506	-0.47315776	-0.47731724	10	-0.36524233	0.14279214	0.5597452	Binding_K27	-0.21989815	0.085969575	0.33700073
M169S	M169S	169	169	-0.40697902	-0.45583144	-0.53878266	-0.4199878	-0.4776575	-0.41053167	-0.48419765	-0.5290915	-0.6819923	-0.5941035	10	-0.49991545	0.088245995	0.34592432	Binding_K27	-0.30097958	0.053129468	0.20826752
M169T	M169T	169	169	-0.4974959	-0.3971908	-0.5218386	-0.30332166	-0.6697057	-0.42053348	-0.40013066	-0.2095551	-0.49091896	-0.24874143	10	-0.41594324	0.13813853	0.5415031	Binding_K27	-0.2504232	0.08316782	0.32601786
M169V	M169V	169	169	-0.31615186	-0.17358343	-0.22883251	-0.19155085	-0.2997228	-0.16049238	-0.3764975	-0.37936693	-0.31419542	-0.3932908	10	-0.28336844	0.088706814	0.34773073	Binding_K27	-0.17060508	0.05340691	0.20935509
M169W	M169W	169	169	-0.60864943	-0.48533452	-0.32044187	-0.6084228	-0.5220534	-0.41368592	-0.6024798	-0.4503967	-0.4755158	-0.29337853	10	-0.47803584	0.11322699	0.4438498	Binding_K27	-0.28780672	0.06816955	0.26722464
M169Y	M169Y	169	169	-0.30126503	-0.28701168	-0.1690699	-0.2227731	-0.29415902	-0.41781348	-0.53083503	-0.24582821	-0.2764562	-0.64358217	10	-0.33887938	0.14791043	0.5798089	Binding_K27	-0.20402604	0.0890511	0.34908032
M187A	M187A	187	187	-0.39068085	-0.36021367	-0.19091973	-0.10052669	0.03659899	-0.08839598	-0.35943013	-0.22602843	-0.15480345	-0.15823376	10	-0.19926336	0.13756481	0.53925407	Binding_K27	-0.1199687	0.082822405	0.32466385
M187C	M187C	187	187	0.0069904467	0.08806763	-0.064968705	0.08185483	-0.026663208	-0.07646358	-0.09505897	-0.12694685	-0.04660592	0.23753984	10	-0.0022254481	0.11004191	0.4313643	Binding_K27	-0.0013398555	0.06625194	0.2597076
M187D	M187D	187	187	-0.30966175	0.10810238	-0.19697072	-0.17460333	-0.18963079	-0.38139898	0.08601592	0.17668357	0.19262351	-0.07310345	10	-0.07619436	0.20582983	0.80685294	Binding_K27	-0.04587365	0.12392211	0.48577467
M187E	M187E	187	187	-0.23136102	-0.35155004	-0.19957776	-0.47473454	-0.38444203	-0.06474304	-0.33125702	-0.58113027	-0.31168103	-0.7081671	10	-0.36386436	0.18750504	0.73501974	Binding_K27	-0.21906853	0.11288946	0.4425267
M187F	M187F	187	187	-0.5385808	-0.40996405	-0.2284626	-0.3297537	-0.23053434	0.117499776	-0.5358667	-0.2519458	-0.34434816	-0.4370077	10	-0.3188964	0.19126965	0.749777	Binding_K27	-0.19199508	0.115155995	0.45141152
M187G	M187G	187	187	-0.28064376	-0.022792814	-0.038860165	-0.033863865	0.048422202	-0.05021925	-0.1612377	-0.23974332	-0.1287367	-0.19343811	10	-0.110111356	0.10699159	0.41940704	Binding_K27	-0.06629375	0.06441546	0.2525086
M187H	M187H	187	187	0.40276685	-0.12039602	0.097894825	0.22398014	-0.21512505	0.11023948	0.26577333	0.019739795	0.2202113	-0.179731	10	0.082535364	0.2051013	0.8039971	Binding_K27	0.049691323	0.12348349	0.48405528
M187I	M187I	187	187	0.01689867	-0.26909533	-0.13350886	-0.08374911	-0.12686758	-0.14970064	-0.07699717	-0.10945938	-0.08353154	-0.0045733643	10	-0.10205843	0.07943633	0.31139043	Binding_K27	-0.0614454	0.047825515	0.18747602
M187K	M187K	187	187	-0.08783344	0.08775197	-0.10683865	-0.109861925	0.16574955	0.20942087	0.25259697	0.15799187	-0.02991566	0.24282977	10	0.078189135	0.14821972	0.5810213	Binding_K27	0.047074627	0.08923731	0.34981027
M187L	M187L	187	187	-0.33838135	-0.403303	-0.44655976	-0.51943964	-0.32077593	-0.4022808	-0.564709	-0.551246	-0.42442805	-0.53471696	10	-0.45058402	0.08799331	0.34493378	Binding_K27	-0.27127907	0.05297734	0.20767117
M187N	M187N	187	187	-0.55878377	-0.04966065	-0.03194143	0.039675795	0.07537774	0.13790305	-0.0061755176	0.21073036	-0.14976637	0.08026748	10	-0.025237327	0.21316347	0.8356008	Binding_K27	-0.0151944095	0.1283374	0.50308263
M187P	M187P	187	187	-0.1266609	-0.8255074	-0.18756792	0.02899397	-0.8982984	-0.34783733	-0.26452553	-0.29010823	-0.3899215	-0.4677177	10	-0.37691507	0.2916893	1.1434221	Binding_K27	-0.22692585	0.17561474	0.6884098
M187Q	M187Q	187	187	-0.07810081	-0.1649794	0.17760219	0.027806295	-0.4190888	-0.26241252	-0.14219888	-0.0010757856	-0.07555699	-0.08655439	10	-0.102455914	0.16281533	0.6382361	Binding_K27	-0.06168471	0.098024756	0.38425705
M187R	M187R	187	187	-0.25905588	-0.29813984	-0.024630636	-0.16470101	-0.09847369	-0.08454534	-0.04294	-0.005852848	-0.21074659	-0.08398025	10	-0.12730661	0.10102286	0.39600962	Binding_K27	-0.07664634	0.060821924	0.23842195
M187S	M187S	187	187	-0.13638663	-0.08078814	0.17791037	0.0035910206	-0.017357975	-0.06776217	-0.039201215	-0.01575218	0.038981415	-0.019279648	10	-0.015604516	0.08361762	0.32778108	Binding_K27	-0.00939487	0.050342906	0.1973442
M187T	M187T	187	187	-0.106144585	0.0076028192	0.13139966	-0.015106263	-0.22256899	0.08569138	-0.2226516	-0.022601372	0.21515153	-0.22232974	10	-0.03715571	0.15552716	0.60966647	Binding_K27	-0.022370003	0.09363683	0.3670564
M187V	M187V	187	187	-0.44529906	-0.34613845	-0.4545268	-0.4149472	-0.50919545	-0.4948567	-0.4683472	-0.26111242	-0.45051453	-0.46013784	10	-0.43050757	0.07445607	0.29186782	Binding_K27	-0.2591918	0.044827096	0.17572223
M187W	M187W	187	187	-0.59889084	-0.45752913	-0.47917137	-0.43711537	-0.573758	-0.31121388	-0.3120304	-0.09407434	-0.21612784	-0.33994028	10	-0.38198516	0.15779297	0.61854845	Binding_K27	-0.22997835	0.09500099	0.3724039
M187Y	M187Y	187	187	-0.444458	-0.35764107	-0.39726686	-0.4850602	-0.530319	-0.27398542	-0.27410778	-0.2821911	-0.2750268	-0.4893095	10	-0.38093656	0.10196096	0.39968696	Binding_K27	-0.22934704	0.061386712	0.24063592
M66A	M66A	66	66	0.51214635	0.650653	0.6247072	0.5836688	0.633343	0.54896057	0.4675769	0.60569555	0.6012896	0.5947142	10	0.5822755	0.057090838	0.22379608	Binding_K27	0.35056537	0.034372166	0.13473889
M66C	M66C	66	66	0.8641118	0.66295445	0.6433906	0.82322234	0.66072387	0.6415403	0.67204005	0.6842099	0.7989925	0.70489883	10	0.7156085	0.08169859	0.32025847	Binding_K27	0.43083993	0.049187534	0.19281514
M66D	M66D	66	66	0.5865295	0.5680949	0.6622894	0.64871883	0.7253413	0.5931064	0.7644035	0.6732438	0.7248059	0.7842122	10	0.67307454	0.07580364	0.29715025	Binding_K27	0.40523192	0.045638412	0.17890258
M66E	M66E	66	66	0.40465307	0.4720515	0.37874475	0.49251395	0.40022084	0.24871546	0.28377217	0.519297	0.3212938	0.56821275	10	0.40894756	0.10463749	0.41017896	Binding_K27	0.24621136	0.062998146	0.24695274
M66F	M66F	66	66	0.3385694	0.17893851	0.12730703	0.1790514	0.21918581	0.22420229	0.2999551	0.19410796	0.23331295	0.20952591	10	0.22041564	0.0609009	0.23873153	Binding_K27	0.13270365	0.036666054	0.14373094
M66G	M66G	66	66	0.7109286	0.7792613	0.8882788	0.7658549	0.86629283	0.81439024	0.88167346	0.81894594	0.84126705	0.86701787	10	0.82339114	0.05742346	0.22509997	Binding_K27	0.49573168	0.034572426	0.13552392
M66H	M66H	66	66	0.26984864	0.36043	0.2511137	0.319119	0.5228113	0.52096844	0.44839823	0.48150623	0.5036972	0.45129454	10	0.41291875	0.10415318	0.40828046	Binding_K27	0.24860226	0.06270657	0.24580975
M66I	M66I	66	66	-0.01008386	0.052498374	0.01758274	-0.04651024	-0.030613141	-0.026885025	-0.029588098	0.019885566	0.12557317	-0.045727536	10	0.0026131957	0.053802434	0.21090555	Binding_K27	0.0015733031	0.032392345	0.126978
M66K	M66K	66	66	0.8377089	0.96618754	0.9330116	0.7739845	0.81866926	0.8326348	0.7937608	0.82051814	0.8041776	0.928005	10	0.85086584	0.06650987	0.2607187	Binding_K27	0.51227313	0.040043	0.15696856
M66L	M66L	66	66	-0.025867458	-0.13391268	-0.182899	-0.08109371	-0.15085623	-0.16337633	-0.13146499	-0.05363728	-0.09178603	-0.069441445	10	-0.10843352	0.05154061	0.2020392	Binding_K27	-0.06528359	0.03103059	0.121639915
M66N	M66N	66	66	0.85936856	0.75588	0.75864893	0.78740066	0.78063095	0.6454542	0.7768039	0.765073	0.65749246	0.72913104	10	0.75158846	0.062584445	0.24533103	Binding_K27	0.45250207	0.037679654	0.14770424
M66P	M66P	66	66	0.97356987	0.7842302	0.8907927	0.92829245	0.93873245	0.82418734	0.8200854	0.8980034	0.9728952	0.86655223	10	0.88973415	0.06558886	0.25710833	Binding_K27	0.5356742	0.039488494	0.1547949
M66Q	M66Q	66	66	0.15784767	0.2169679	0.20773843	0.3612616	0.2793837	0.34138197	0.41809642	0.29063523	0.33098415	0.24230921	10	0.28466064	0.079912476	0.31325692	Binding_K27	0.17138305	0.048112184	0.18859977
M66R	M66R	66	66	0.86388284	0.8922946	0.8509063	0.834056	0.8582567	0.9263119	0.8158062	0.8570738	0.77423376	0.8586476	10	0.8531469	0.04091156	0.16037332	Binding_K27	0.5136465	0.024631253	0.09655451
M66S	M66S	66	66	0.60072565	0.6119906	0.64652556	0.6026622	0.5660605	0.5964652	0.61452	0.6558315	0.5441012	0.6527991	10	0.6091682	0.036332212	0.14242227	Binding_K27	0.36675638	0.021874208	0.0857469
M66T	M66T	66	66	0.5579147	0.66162497	0.6471226	0.6166397	0.61200327	0.61701643	0.5583751	0.5393138	0.65483373	0.5751595	10	0.6040004	0.04394324	0.17225751	Binding_K27	0.36364508	0.02645651	0.10370953
M66V	M66V	66	66	0.35824743	0.28099132	0.33328792	0.22465704	0.27802673	0.3726651	0.32196093	0.40812257	0.38301378	0.32306686	10	0.32840398	0.05560782	0.21798266	Binding_K27	0.19771922	0.0334793	0.13123886
M66W	M66W	66	66	0.09583593	0.2156813	0.14048295	0.25637624	0.09710776	0.23303634	0.04673776	0.3924197	0.47682402	0.2351841	10	0.2189686	0.13510525	0.5296126	Binding_K27	0.13183245	0.0813416	0.3188591
M66Y	M66Y	66	66	0.120734006	0.15342847	0.13967903	0.16793767	0.14635709	0.31101656	0.15699	0.19280802	0.22117934	0.03144534	10	0.16415755	0.07167432	0.28096333	Binding_K27	0.09883286	0.04315231	0.16915706
M71A	M71A	71	71	0.16890869	0.2167958	0.23580822	0.23230487	0.22354734	0.12640627	0.18737291	0.16197994	-0.075107455	0.14558333	10	0.16235998	0.091668285	0.35933968	Binding_K27	0.09775061	0.055189896	0.2163444
M71C	M71C	71	71	0.24585369	0.1883045	0.2700991	0.27158868	0.10707926	0.25060034	0.20983338	0.25143126	0.1611547	0.11651742	10	0.20724623	0.061615217	0.24153166	Binding_K27	0.124774866	0.037096117	0.14541678
M71D	M71D	71	71	0.7347294	0.72256505	0.91209066	0.7839627	0.8215072	0.9423845	0.914997	0.953061	0.86935866	0.98302937	10	0.8637686	0.09316168	0.36519378	Binding_K27	0.52004135	0.05608901	0.21986893
M71E	M71E	71	71	-0.030130496	0.11353561	0.109268546	-0.10998909	0.13581327	0.009780134	0.09466582	0.06295352	0.10743274	0.09601461	10	0.05893447	0.07840702	0.30735552	Binding_K27	0.035482142	0.047205806	0.18504676
M71F	M71F	71	71	0.0046683447	-0.1711263	-0.010455482	-0.11719193	-0.06515813	-0.13967316	-0.1344454	-0.024926873	-0.025341244	-0.058527086	10	-0.07421774	0.061990365	0.24300224	Binding_K27	-0.0446836	0.03732198	0.14630216
M71G	M71G	71	71	0.59800214	0.5780497	0.5805989	0.57626843	0.52805346	0.5707822	0.5601588	0.58748513	0.5743521	0.61067605	10	0.5764427	0.022165162	0.08688744	Binding_K27	0.34705368	0.01334478	0.052311536
M71H	M71H	71	71	0.42675057	0.48823616	0.38723052	0.34545875	0.37589756	0.28425604	0.3644192	0.38975742	0.32674888	0.40548366	10	0.3794239	0.05592609	0.21923026	Binding_K27	0.22843632	0.033670913	0.13198999
M71I	M71I	71	71	0.11194537	0.15701346	0.16124818	0.091594614	0.10272935	0.086220354	0.109388076	0.1673365	0.06506642	0.14331771	10	0.119586006	0.03542684	0.13887322	Binding_K27	0.07199807	0.021329118	0.08361015
M71K	M71K	71	71	0.9690345	0.68968666	0.88761544	0.5965625	0.8760569	0.91387546	0.7732457	0.65353763	0.6242864	0.9017589	10	0.788566	0.13769816	0.5397768	Binding_K27	0.47476482	0.082902685	0.32497853
M71L	M71L	71	71	0.48128018	0.44954854	0.42731073	0.46677148	0.39596897	0.38478735	0.47039455	0.548103	0.48783025	0.45903745	10	0.4571032	0.04713474	0.18476819	Binding_K27	0.275204	0.028377986	0.111241706
M71N	M71N	71	71	0.5202378	0.4506581	0.3057654	0.4491896	0.3541431	0.23020977	0.3166768	0.36670938	0.39955476	0.2346477	10	0.36277923	0.09474731	0.37140948	Binding_K27	0.21841522	0.05704366	0.22361115
M71P	M71P	71	71	1.6144804	1.57462	1.5510772	1.4296696	1.5197839	1.6208129	1.5021918	1.4683335	1.4047754	1.5889034	10	1.5274649	0.07575712	0.29696792	Binding_K27	0.919627	0.04561041	0.1787928
M71Q	M71Q	71	71	0.39650726	0.41035917	0.3448764	0.3408254	0.29069045	0.38344458	0.18355323	0.3941991	0.32448018	0.4456532	10	0.3514589	0.074528396	0.29215133	Binding_K27	0.2115997	0.044870637	0.1758929
M71R	M71R	71	71	0.97368526	0.92609763	0.90306866	0.9228763	0.84755987	0.89193493	0.9265209	0.93140787	0.8959333	0.9126679	10	0.9131753	0.032641675	0.12795538	Binding_K27	0.5497872	0.01965228	0.07703693
M71S	M71S	71	71	0.20157823	0.18169615	0.20683782	0.28571162	0.24632514	0.12575313	0.18542098	0.22357585	0.23245363	0.12651254	10	0.20158651	0.050095707	0.19637518	Binding_K27	0.12136737	0.030160671	0.118229836
M71T	M71T	71	71	0.117818885	0.105087206	0.14643572	0.10949715	0.14984211	0.14127685	0.04729846	0.21665817	0.16310309	0.11970555	10	0.13167232	0.04410015	0.17287259	Binding_K27	0.079274766	0.02655098	0.10407984
M71V	M71V	71	71	0.31782925	0.107922904	0.25709653	0.19216187	0.14543109	0.2417441	0.18720183	0.30626103	0.23805508	0.3127307	10	0.23064344	0.07197616	0.28214657	Binding_K27	0.13886142	0.043334037	0.16986942
M71W	M71W	71	71	0.6411234	0.5664601	0.57874125	0.50268495	0.6537594	0.5020798	0.4852679	0.60529107	0.5371561	0.45584476	10	0.5528409	0.06741115	0.2642517	Binding_K27	0.33284393	0.040585622	0.15909564
M71Y	M71Y	71	71	0.15517351	0.092166625	0.16265845	0.19703172	0.048636712	0.08196213	0.060596343	0.16836599	-0.042663258	0.17372012	10	0.10976484	0.07488567	0.29355183	Binding_K27	0.06608512	0.045085736	0.17673609
N115A	N115A	115	115	-0.16387081	-0.15508077	-0.16484375	-0.17968033	-0.17054218	-0.16606323	-0.17717198	-0.19357851	-0.16668668	-0.13606544	10	-0.16735837	0.015262052	0.059827246	Binding_K27	-0.100759946	0.0091886865	0.036019653
N115C	N115C	115	115	-0.24933165	-0.22593033	-0.21234131	-0.2543583	-0.24627455	-0.24153927	-0.22402108	-0.26774663	-0.2602065	-0.22689004	10	-0.24086396	0.017937696	0.07031577	Binding_K27	-0.1450148	0.010799587	0.04233438
N115D	N115D	115	115	-0.4200193	-0.38423693	-0.413843	-0.45627218	-0.4181829	-0.399259	-0.4021421	-0.4626735	-0.42520356	-0.35438752	10	-0.413622	0.031852584	0.124862134	Binding_K27	-0.24902566	0.019177198	0.07517462
N115E	N115E	115	115	-0.21883564	-0.17730579	-0.1420034	-0.21818313	-0.21976535	-0.19728522	-0.20994341	-0.21389762	-0.2517486	-0.16173232	10	-0.20107003	0.03229203	0.12658477	Binding_K27	-0.121056415	0.019441772	0.07621175
N115F	N115F	115	115	1.2815766	1.3148566	1.3297929	1.3654655	1.3424507	1.3522946	1.3474816	1.3074193	1.3301474	1.3107588	10	1.3282244	0.025029471	0.098115526	Binding_K27	0.79967207	0.015069268	0.05907153
N115G	N115G	115	115	0.057152405	0.07976783	0.08622745	0.041070182	0.05322314	0.045610406	0.058438715	0.029271957	0.049516775	0.07126906	10	0.057154786	0.017640444	0.06915054	Binding_K27	0.034410667	0.010620623	0.041632842
N115H	N115H	115	115	-0.32546067	-0.29322	-0.2918936	-0.3563688	-0.3305811	-0.34381163	-0.33483636	-0.3659835	-0.3542925	-0.3099367	10	-0.33063847	0.02586003	0.10137132	Binding_K27	-0.19906452	0.015569315	0.061031718
N115I	N115I	115	115	0.09485943	0.16370152	0.19504707	0.099668235	0.0998034	0.09687057	0.08400587	0.02244843	0.06949582	0.08005083	10	0.10059512	0.047985166	0.18810186	Binding_K27	0.060564395	0.028889995	0.11324878
N115K	N115K	115	115	2.0596561	1.9979491	1.9669309	2.0227594	2.000608	1.8468481	1.9849449	1.9647573	1.8940376	1.9855978	10	1.9724089	0.06139306	0.2406608	Binding_K27	1.1875104	0.036962364	0.14489247
N115L	N115L	115	115	-0.8481076	-0.8181779	-0.8267617	-0.86949265	-0.83288795	-0.80971044	-0.85499847	-0.9282528	-0.8863422	-0.85351354	10	-0.8528245	0.035361767	0.13861813	Binding_K27	-0.51345235	0.021289939	0.08345656
N115M	N115M	115	115	-0.8604805	-0.8483472	-0.8749048	-0.9101932	-0.8923089	-0.9031048	-0.9254933	-0.93504155	-0.8907606	-0.8534067	10	-0.8894042	0.029895496	0.117190346	Binding_K27	-0.53547555	0.017998911	0.07055573
N115P	N115P	115	115	1.5219822	1.5050555	1.6659057	1.5292292	1.5134758	1.427323	1.5584381	1.4519085	1.4419687	1.4321626	10	1.5047449	0.07289534	0.28574973	Binding_K27	0.90594816	0.04388744	0.17203876
N115Q	N115Q	115	115	-0.3541869	-0.32806712	-0.3380997	-0.35838914	-0.35351446	-0.37257957	-0.37535894	-0.38502243	-0.35372004	-0.32604253	10	-0.35449806	0.0196861	0.07716951	Binding_K27	-0.21342945	0.011852232	0.04646075
N115R	N115R	115	115	1.68945	1.7120419	1.9129583	1.7690603	1.6839614	1.6140528	1.6077334	1.5398268	1.6640381	1.584014	10	1.6777138	0.106441855	0.4172521	Binding_K27	1.0100859	0.064084485	0.2512112
N115S	N115S	115	115	-0.14952974	-0.14311585	-0.15094458	-0.19775976	-0.16580531	-0.17977394	-0.15419659	-0.1757566	-0.13905704	-0.14235973	10	-0.15982991	0.019317979	0.07572648	Binding_K27	-0.096227355	0.011630601	0.045591958
N115T	N115T	115	115	-0.33132905	-0.29718477	-0.31206727	-0.373631	-0.35434967	-0.3436065	-0.33553728	-0.3612227	-0.33452493	-0.30321097	10	-0.33466643	0.024961723	0.09784996	Binding_K27	-0.2014896	0.0150284795	0.05891164
N115V	N115V	115	115	-0.15252313	-0.14469849	-0.11952874	-0.19578333	-0.17525566	-0.15763633	-0.18360895	-0.22321676	-0.18366474	-0.16072798	10	-0.16966441	0.029110927	0.114114836	Binding_K27	-0.102148324	0.017526554	0.06870409
N115W	N115W	115	115	2.090772	2.074846	2.1320512	2.068453	2.0682802	1.9336281	1.9801602	2.030283	2.0588555	2.0766423	10	2.0513973	0.057022654	0.2235288	Binding_K27	1.2350663	0.034331113	0.13457796
N115Y	N115Y	115	115	1.8609886	1.9911311	2.0562093	1.9840147	1.9388592	1.9857502	1.9539173	1.8515238	1.8821326	1.9548998	10	1.9459426	0.06466382	0.2534822	Binding_K27	1.1715761	0.038931563	0.15261173
N25A	N25A	25	25	-0.42350966	-0.29430297	-0.2651851	-0.28979996	-0.35101137	-0.6169345	-0.4701199	-0.4742362	-0.4068824	-0.32146925	10	-0.3913451	0.10923843	0.42821467	Binding_K27	-0.23561361	0.0657682	0.25781134
N25C	N25C	25	25	-0.100257985	-0.21323335	-0.23746648	-0.11076487	-0.1871134	-0.38927007	-0.016173717	-0.14869809	-0.14137769	-0.21653228	10	-0.17608878	0.09994214	0.3917732	Binding_K27	-0.10601618	0.06017126	0.23587134
N25D	N25D	25	25	-0.42518026	-0.17423506	-0.27943283	-0.044767514	-0.2034045	-0.12545985	-0.32268426	0.06426579	-0.06572872	-0.11558102	10	-0.1692208	0.14449687	0.56642777	Binding_K27	-0.10188124	0.08699593	0.34102404
N25E	N25E	25	25	-0.46468034	-0.56565255	-0.16698267	-0.25693926	-0.39695758	-0.37363932	-0.5763416	-0.4129651	-0.5903041	-0.20493439	10	-0.4009397	0.1537002	0.6025048	Binding_K27	-0.24139015	0.0925369	0.36274463
N25F	N25F	25	25	0.85138345	0.5472169	0.33533376	0.46995977	0.4739825	0.5876865	0.6147684	0.44416577	0.33296037	0.61349237	10	0.52709496	0.1534107	0.60137	Binding_K27	0.3173433	0.0923626	0.36206138
N25G	N25G	25	25	-0.1949026	-0.32446498	-0.2681306	-0.20948409	-0.25892982	-0.22638987	-0.09922331	-0.24825992	-0.31678852	-0.22185679	10	-0.23684303	0.064503685	0.25285444	Binding_K27	-0.14259395	0.038835153	0.15223381
N25H	N25H	25	25	-0.06525385	0.28570417	0.051063046	0.031425968	-0.14005227	0.10186131	-0.11625601	0.0055054994	-0.041161545	-0.12100654	10	-0.0008170232	0.12881783	0.5049659	Binding_K27	-0.0004918978	0.077556185	0.30402026
N25I	N25I	25	25	0.70448387	0.6303374	0.70696527	0.46106797	0.62582725	0.47552103	0.5439486	0.61595774	0.7599535	1.0747991	10	0.6598862	0.17552939	0.68807524	Binding_K27	0.39729172	0.10567939	0.41426322
N25K	N25K	25	25	-0.15045074	-0.33585215	-0.15463729	-0.24609742	-0.13973516	-0.20355956	-0.06956339	-0.034200836	-0.09877815	-0.14376861	10	-0.15766434	0.08738549	0.34255114	Binding_K27	-0.09492355	0.052611392	0.20623666
N25L	N25L	25	25	0.3185445	0.3144013	0.1511277	0.3552682	0.41886488	0.5322254	0.20986	0.52864677	0.27913946	0.4355827	10	0.3543661	0.12626779	0.49496976	Binding_K27	0.21335	0.07602091	0.29800197
N25M	N25M	25	25	0.1559079	0.16828912	0.125668	0.10201441	-0.06614466	-0.09163445	-0.11511705	0.2370634	0.16552988	-0.048771974	10	0.06328045	0.12943704	0.50739324	Binding_K27	0.03809869	0.07792899	0.30548164
N25P	N25P	25	25	1.2754856	1.0906447	1.199537	1.6072625	1.1986692	1.4114414	0.55353457	-0.21027115	0.34828702	1.4635811	10	0.99381715	0.57781076	2.2650182	Binding_K27	0.59833854	0.34787732	1.3636792
N25Q	N25Q	25	25	-0.47786623	-0.6686352	-0.13425429	-0.071528144	-0.280967	-0.4135076	-0.3415771	-0.6803979	-0.72890943	-0.36312142	10	-0.41607642	0.22609904	0.88630825	Binding_K27	-0.25050336	0.13612542	0.53361166
N25R	N25R	25	25	-0.20910761	-0.15406848	-0.03957486	-0.11563753	-0.3603337	-0.06524143	-0.14336598	-0.37440377	-0.39224225	-0.20241037	10	-0.2056386	0.12874684	0.5046876	Binding_K27	-0.123806976	0.07751345	0.30385274
N25S	N25S	25	25	-0.22136523	-0.3472593	-0.47353482	-0.22920577	-0.30646983	-0.3049721	-0.3120232	-0.30488095	-0.25574672	-0.22362651	10	-0.29790846	0.0756641	0.2966033	Binding_K27	-0.17935905	0.045554403	0.17857327
N25T	N25T	25	25	0.1536438	-0.25870055	-0.12577341	-0.117585234	-0.10391692	0.089853026	-0.23243065	0.08337888	-0.09001696	0.042448085	10	-0.05590999	0.14089854	0.55232227	Binding_K27	-0.033661224	0.08482951	0.3325317
N25V	N25V	25	25	0.70262045	0.8596725	0.525884	0.56856716	0.57033306	0.44812503	0.6139644	0.68738484	0.5804636	0.5747799	10	0.61317945	0.113284275	0.44407436	Binding_K27	0.3691714	0.06820404	0.26735982
N25W	N25W	25	25	0.32349998	0.36612675	0.1173336	0.30342996	0.41658774	0.20460545	0.2982915	0.16575265	0.21664579	0.17433135	10	0.25866047	0.096995324	0.38022166	Binding_K27	0.15572937	0.0583971	0.22891663
N25Y	N25Y	25	25	0.074990384	0.1675416	0.2837707	0.11816257	0.22370194	0.45087376	0.28252804	0.3071061	0.18123338	0.4015798	10	0.24914885	0.11972579	0.46932513	Binding_K27	0.15000279	0.07208223	0.28256235
N84A	N84A	84	84	0.39699456	0.48448497	0.5002661	0.54827756	0.65193367	0.5164015	0.41799736	0.41528553	0.38314465	0.27218857	10	0.45869747	0.104843624	0.41098702	Binding_K27	0.27616385	0.06312226	0.24743925
N84C	N84C	84	84	0.2868996	0.5062826	0.43295613	0.3252695	0.31531098	0.54214954	0.41422158	0.6622259	0.59059256	0.39490032	10	0.44708085	0.12529401	0.49115255	Binding_K27	0.26916993	0.07543464	0.2957038
N84D	N84D	84	84	-0.28336447	-0.2388603	-0.24204528	-0.29716495	-0.25877294	-0.35153	-0.2636989	-0.28040683	-0.32007837	-0.27787158	10	-0.28137937	0.034743167	0.13619322	Binding_K27	-0.16940753	0.020917505	0.08199662
N84E	N84E	84	84	-0.081432074	0.024212891	-0.14758936	-0.12347633	-0.22298795	-0.14015026	-0.11055915	-0.029765358	-0.16977735	-0.224983	10	-0.12265079	0.07869139	0.30847028	Binding_K27	-0.073843256	0.047377016	0.18571791
N84F	N84F	84	84	1.3483632	1.5352005	1.5880072	1.8397394	1.1181502	1.1219583	1.6940497	1.5522711	1.8691438	1.3956758	10	1.5062559	0.26315874	1.0315822	Binding_K27	0.90685785	0.15843761	0.62107545
N84G	N84G	84	84	0.239314	0.28061685	0.1549992	0.13442475	0.079432726	0.34375927	0.22280344	0.09724116	0.100278944	0.19647714	10	0.18493475	0.08713942	0.34158653	Binding_K27	0.111342	0.052463245	0.20565592
N84H	N84H	84	84	0.5498027	0.46563584	0.7742954	0.5002756	0.69226396	0.6862988	0.87764007	0.9644205	0.67150396	0.581302	10	0.67634386	0.16121839	0.6319761	Binding_K27	0.40720025	0.0970633	0.38048816
N84I	N84I	84	84	0.80983174	1.0477366	1.2326899	0.9502602	0.68861645	0.7169802	0.8269033	0.9774554	0.68900967	0.727509	10	0.8666992	0.18131232	0.7107443	Binding_K27	0.52180576	0.10916107	0.4279114
N84K	N84K	84	84	1.2914181	0.8456378	1.1031986	0.3368925	0.12840626	0.8011318	0.4747945	0.87869436	0.5917933	1.13533	10	0.75872976	0.37293538	1.4619068	Binding_K27	0.45680156	0.22452985	0.880157
N84L	N84L	84	84	0.8299232	1.1598532	1.0953655	0.87436765	0.75413847	0.8902452	0.76319826	0.8054631	0.8677345	0.9663455	10	0.90066355	0.13569583	0.53192765	Binding_K27	0.5422544	0.081697166	0.3202529
N84M	N84M	84	84	1.2932364	0.88227564	0.94431275	0.8822974	0.8890161	0.8616245	0.9556951	1.0393026	0.928204	0.5956124	10	0.9271577	0.17236859	0.67568487	Binding_K27	0.5582055	0.103776395	0.4068035
N84P	N84P	84	84	0.19333181	0.15769303	0.36798263	0.45304894	0.7936603	0.3845524	0.101357535	0.31438377	0.51040465	0.25704432	10	0.35334593	0.20216817	0.79249924	Binding_K27	0.2127358	0.121717565	0.47713286
N84Q	N84Q	84	84	0.18143754	0.46404666	0.49082044	0.08329449	0.34170705	0.06679219	0.4367846	0.41922453	0.3637453	0.29863644	10	0.31464893	0.15467219	0.606315	Binding_K27	0.18943784	0.09312209	0.3650386
N84R	N84R	84	84	0.41655362	0.46259272	0.7172614	0.5676147	0.77643913	0.6993367	0.6163986	0.8300021	0.62724966	0.7322638	10	0.6445712	0.13327962	0.5224561	Binding_K27	0.38807115	0.08024246	0.31455046
N84S	N84S	84	84	0.31606472	0.4733459	0.4500702	0.298964	0.36674318	0.33860204	0.3274077	0.14511366	0.3988964	0.235249	10	0.3350457	0.09730019	0.38141674	Binding_K27	0.20171794	0.058580644	0.22963613
N84T	N84T	84	84	0.21122536	0.048076116	0.28250805	0.32198733	0.2651978	0.35319078	0.23495325	0.3247886	0.18066658	0.18043509	10	0.24030292	0.09062793	0.3552615	Binding_K27	0.14467701	0.05456354	0.21388908
N84V	N84V	84	84	0.63100296	0.6162196	1.0084171	0.8823038	1.1245992	0.8544659	1.1828411	0.8768091	0.6811935	0.50909424	10	0.8366946	0.22573857	0.8848952	Binding_K27	0.50374115	0.13590838	0.53276086
N84W	N84W	84	84	0.5929512	0.77501595	1.452106	0.96624607	0.813764	1.1256635	0.96911514	0.80910546	0.63195074	0.70700884	10	0.8842926	0.2575823	1.0097227	Binding_K27	0.53239805	0.15508026	0.6079146
N84Y	N84Y	84	84	0.7258007	1.1596082	1.3396801	0.7695236	0.75083053	1.05893	0.8748892	1.3121676	0.8131525	1.0431448	10	0.9847728	0.23148705	0.9074293	Binding_K27	0.59289324	0.13936932	0.54632777
N85A	N85A	85	85	0.056589197	-0.1273939	0.13280952	-0.09137597	-0.026406687	-0.034196682	0.13449113	-0.084200986	0.1417684	-0.08239751	10	0.0019686513	0.105046414	0.41178194	Binding_K27	0.0011852481	0.06324434	0.24791783
N85C	N85C	85	85	-0.028750326	-0.07286202	0.035975616	-0.030028839	-0.08087386	0.09505455	0.21175563	0.100996666	0.019074982	0.040084265	10	0.029042667	0.08974284	0.35179195	Binding_K27	0.017485457	0.05403066	0.21180019
N85D	N85D	85	85	-0.4674892	-0.39631522	-0.53766304	-0.5215952	-0.43153352	-0.39790395	-0.38292307	-0.47065064	-0.4601203	-0.6467986	10	-0.47129926	0.08046732	0.3154319	Binding_K27	-0.2837509	0.048446234	0.18990925
N85E	N85E	85	85	-0.1506223	-0.110171594	-0.24177428	-0.005294596	-0.025949705	-0.019420106	-0.25144818	-0.048166163	-0.18837073	-0.03205385	10	-0.10732714	0.09499953	0.37239817	Binding_K27	-0.064617485	0.05719551	0.2242064
N85F	N85F	85	85	0.68320996	0.33059162	0.53376216	0.46234244	0.49415833	0.69534355	0.8066583	0.69534856	0.67343307	0.41215312	10	0.5787002	0.15314326	0.6003216	Binding_K27	0.34841278	0.092201576	0.3614302
N85G	N85G	85	85	-0.06837549	0.06755206	0.0860373	0.044735856	0.016472565	-0.08574997	-0.04576929	-0.007478974	-0.034993447	0.0961438	10	0.00685744	0.06533273	0.25610432	Binding_K27	0.0041285967	0.03933429	0.15419042
N85H	N85H	85	85	0.14427409	0.14806515	0.18927884	0.071350485	0.026423039	-0.15873319	0.0018469334	0.36148787	0.29774433	0.122016594	10	0.12037541	0.14864734	0.5826976	Binding_K27	0.07247334	0.089494765	0.3508195
N85I	N85I	85	85	1.279304	1.1190864	1.0031542	0.8494386	1.0478774	1.1921539	1.131522	1.2597911	1.2489238	1.1735492	10	1.1304802	0.13362789	0.52382135	Binding_K27	0.680618	0.08045214	0.31537238
N85K	N85K	85	85	0.24026135	0.08061222	0.08480352	0.033526298	0.17217682	0.3412582	0.26837096	0.27664986	0.2852819	0.22058193	10	0.20035231	0.103188775	0.4045	Binding_K27	0.120624304	0.062125936	0.24353367
N85L	N85L	85	85	0.6431452	0.6983227	0.49704137	0.53212655	0.5565271	0.65612733	0.4334191	0.55567926	0.45548132	0.64801484	10	0.5675885	0.09078415	0.35587385	Binding_K27	0.34172288	0.054657593	0.21425778
N85M	N85M	85	85	0.46982417	-0.112708025	0.01447275	0.31737033	0.11499325	0.11301732	0.16936041	0.2281209	0.39391497	0.17317942	10	0.18815455	0.1739184	0.68176013	Binding_K27	0.11328051	0.104709476	0.41046116
N85P	N85P	85	85	0.9660927	1.5143005	1.4562076	1.3346566	1.3862567	1.1408062	1.4739413	1.0729154	0.86589354	1.134195	10	1.2345265	0.22869158	0.896471	Binding_K27	0.74326026	0.13768627	0.5397302
N85Q	N85Q	85	85	-0.025210824	0.16916548	0.17130108	0.13718136	0.14791276	0.2325881	0.018729448	0.39009142	0.10412267	-0.0025297373	10	0.13433518	0.123063385	0.4824085	Binding_K27	0.08087797	0.07409166	0.2904393
N85R	N85R	85	85	0.088330306	0.07335117	0.20017046	0.3017543	0.21267012	0.15863258	0.22097799	0.2863351	0.40156054	0.29133993	10	0.22351225	0.10114402	0.39648458	Binding_K27	0.134568	0.06089487	0.23870789
N85S	N85S	85	85	0.02857797	0.034073606	0.033799704	-0.0194877	0.061695635	0.0748623	0.08935859	0.04373252	0.094568096	0.093569286	10	0.053475	0.036378697	0.1426045	Binding_K27	0.03219521	0.021902194	0.0858566
N85T	N85T	85	85	0.29214105	0.18022661	0.0017150621	0.15085232	0.25153637	0.30199745	0.2371076	0.5355657	0.1799082	0.358091	10	0.24891415	0.14107707	0.55302215	Binding_K27	0.1498615	0.084937	0.33295304
N85V	N85V	85	85	0.612795	0.26545247	0.62855774	0.6007979	0.5832758	0.68496764	0.72263724	0.39052403	0.780584	0.37094128	10	0.5640533	0.16715862	0.6552618	Binding_K27	0.33959448	0.10063968	0.39450756
N85W	N85W	85	85	0.5317999	0.5615652	0.5509886	0.47603738	0.42129967	0.62725884	0.5910121	0.4238779	0.22107758	0.6621604	10	0.5067078	0.128273	0.50283015	Binding_K27	0.30506897	0.077228166	0.3027344
N85Y	N85Y	85	85	0.84778064	0.8163204	0.5762207	0.5156491	0.676171	0.4905195	0.6510951	0.6414515	0.85689735	0.5194046	10	0.65915096	0.1396387	0.5473837	Binding_K27	0.39684907	0.08407102	0.3295584
P109A	P109A	109	109	-0.4019376	-0.0595543	-0.19340396	0.03053711	0.18922988	0.04668446	0.07167999	0.03600742	0.039748717	-0.1852295	10	-0.04262378	0.17178221	0.6733863	Binding_K27	-0.025662115	0.103423364	0.4054196
P109C	P109C	109	109	0.028738502	-0.09248811	-0.09334579	-0.080325246	-0.11115756	0.0057324464	-0.07004373	0.0825238	0.1825193	0.18527241	10	0.0037426024	0.11360252	0.4453219	Binding_K27	0.002253275	0.068395644	0.26811093
P109D	P109D	109	109	-0.019805372	-0.01159694	-0.10742107	0.22318767	0.11614497	-0.3150834	-0.16595295	-0.16132905	-0.12297751	0.26442274	10	-0.03004109	0.1838573	0.72072065	Binding_K27	-0.018086568	0.110693306	0.43391776
P109E	P109E	109	109	0.101070754	0.08857351	-0.4153473	-0.141001	-0.1215117	0.28682625	0.15260932	-0.32647192	0.2112068	-0.09795792	10	-0.02620032	0.23206863	0.90970904	Binding_K27	-0.01577419	0.13971947	0.54770035
P109F	P109F	109	109	0.3503488	0.26965	0.24753611	0.031609125	0.024899649	0.25822064	-0.08086318	0.10773303	-0.28028724	0.34203622	10	0.12708832	0.20472397	0.80251795	Binding_K27	0.07651492	0.12325631	0.48316476
P109G	P109G	109	109	0.45583725	0.28071707	0.09828656	0.34625566	0.2453756	0.3938171	0.0013604935	0.11972496	0.16268374	0.36880982	10	0.24728684	0.14785837	0.5796048	Binding_K27	0.14888176	0.08901975	0.34895745
P109H	P109H	109	109	0.11734124	0.18445939	0.3693174	0.17486623	0.39526048	0.20148806	0.4043183	0.2542656	0.39769837	0.10489302	10	0.26039082	0.120578766	0.47266877	Binding_K27	0.15677115	0.07259577	0.2845754
P109I	P109I	109	109	-0.01964602	0.054102466	0.2296146	0.13799232	0.10635233	0.35814452	0.51492345	0.25715563	0.495544	0.08612765	10	0.22203112	0.18437132	0.7227356	Binding_K27	0.13367628	0.11100278	0.4351309
P109K	P109K	109	109	-0.12397505	-0.8142475	0.039688494	-0.1721749	-0.46109957	-0.31431282	-0.36132693	-0.22969323	-0.22345567	-0.43280298	10	-0.30934	0.23205556	0.90965784	Binding_K27	-0.18624154	0.1397116	0.5476695
P109L	P109L	109	109	-0.10032351	0.39818624	0.42815906	0.49570853	0.20983958	0.20007996	0.12190643	-0.06962729	0.108692475	0.036318626	10	0.18289402	0.20549908	0.8055564	Binding_K27	0.11011335	0.12372298	0.48499408
P109M	P109M	109	109	-0.07608974	-0.052955985	-0.025036996	0.1056338	0.00083810824	0.060472436	-0.09441347	0.048516087	-0.18323937	0.26560137	10	0.0049326243	0.12435707	0.48747972	Binding_K27	0.0029697407	0.074870534	0.2934925
P109N	P109N	109	109	-0.5065567	-0.5036369	-0.113192774	-0.46321967	-0.40076947	-0.43067706	-0.37268955	-0.22137801	-0.14188085	-0.42397675	10	-0.35779777	0.14580561	0.571558	Binding_K27	-0.21541607	0.087783866	0.34411275
P109Q	P109Q	109	109	-0.4139188	-0.22019851	-0.4039518	-0.3248059	-0.308593	-0.50766623	-0.4238903	-0.59228164	-0.5787244	-0.37597123	10	-0.4150002	0.118299074	0.4637324	Binding_K27	-0.24985543	0.07122326	0.2791952
P109R	P109R	109	109	0.06817453	-0.023416314	-0.07056959	0.101871945	0.17601228	-0.016330976	-0.2124118	0.081447646	-0.044393476	-0.11315098	10	-0.005276673	0.11452756	0.44894806	Binding_K27	-0.003176879	0.068952575	0.2702941
P109S	P109S	109	109	0.1129535	-0.040475905	-0.08706795	0.074886374	-0.1362051	0.13019076	-0.011490073	0.035649497	-0.13991302	0.13336736	10	0.0071895435	0.10611083	0.41595447	Binding_K27	0.0043285433	0.06388519	0.25042996
P109T	P109T	109	109	0.02718035	0.15014957	0.17502342	0.18964127	0.06724901	0.05194781	0.14945455	0.3118611	0.13401116	0.1482142	10	0.14047325	0.08116841	0.31818017	Binding_K27	0.08457346	0.048868332	0.19156386
P109V	P109V	109	109	-0.05993465	-0.016392443	-0.14552107	-0.119144365	-0.09073262	0.04158685	0.10306547	0.14927576	0.03708736	0.1415244	10	0.004081472	0.10715425	0.42004466	Binding_K27	0.0024572948	0.06451339	0.2528925
P109W	P109W	109	109	1.0380961	1.4301724	0.73044443	1.3578311	1.073253	0.8271371	0.6712912	0.6437606	0.7147262	0.6772054	10	0.91639173	0.29308334	1.1488867	Binding_K27	0.5517237	0.17645404	0.69169986
P109Y	P109Y	109	109	0.23099807	0.813275	0.76164895	0.811219	0.94624525	0.7638493	0.61352634	0.45642817	0.15101601	0.47171038	10	0.60199165	0.26623422	1.0436381	Binding_K27	0.36243567	0.16028923	0.6283338
P120A	P120A	120	120	-0.08765312	-0.21576828	-0.24421948	-0.1679817	-0.11206489	-0.15433998	-0.19999392	-0.11069719	-0.16918702	-0.18313622	10	-0.16450419	0.04975239	0.19502936	Binding_K27	-0.09904155	0.029953972	0.11741957
P120C	P120C	120	120	0.09777776	-0.1204556	-0.12633674	-0.12443568	-0.08754776	0.07036309	-0.067294076	-0.110705644	-0.14062701	-0.23805924	10	-0.084732085	0.09975968	0.39105797	Binding_K27	-0.051013883	0.06006141	0.23544073
P120D	P120D	120	120	-0.32496753	-0.26438758	-0.33141923	-0.37461293	-0.3861694	-0.40201056	-0.35940945	-0.32373148	-0.5198036	-0.41968673	10	-0.37061983	0.06923131	0.27138674	Binding_K27	-0.22313574	0.04168147	0.16339137
P120E	P120E	120	120	-0.18640037	-0.33525336	-0.31623697	-0.35963812	-0.2106082	-0.3766991	-0.24725734	-0.29559958	-0.40463242	-0.36461627	10	-0.30969414	0.073655546	0.28872976	Binding_K27	-0.18645476	0.04434513	0.17383291
P120F	P120F	120	120	-0.07410747	-0.17904936	-0.140694	-0.17984988	0.021270627	-0.119481236	-0.10427537	-0.20915325	-0.10513252	-0.11891345	10	-0.120938584	0.064952835	0.25461513	Binding_K27	-0.0728124	0.039105568	0.15329383
P120G	P120G	120	120	-0.1781408	-0.2525984	-0.3013251	-0.22460459	-0.18652563	-0.16282052	-0.2966444	-0.28933832	-0.1367598	-0.14530836	10	-0.21740659	0.06408547	0.25121504	Binding_K27	-0.13089202	0.03858336	0.15124677
P120H	P120H	120	120	-0.019664273	-0.11159223	-0.097406074	-0.08355618	-0.17323704	-0.2111586	-0.11337633	-0.07904626	-0.09141048	-0.07332271	10	-0.10537702	0.05343694	0.2094728	Binding_K27	-0.06344339	0.032172296	0.1261154
P120I	P120I	120	120	-0.13043565	-0.16808732	-0.22564647	-0.088004485	0.02370468	0.08330213	0.02181726	-0.07098395	-0.10769366	-0.073331	10	-0.073535845	0.094188906	0.36922053	Binding_K27	-0.044273064	0.056707464	0.22229326
P120K	P120K	120	120	-0.10912576	-0.14868766	0.01502748	-0.03638611	-0.22518021	-0.16556384	-0.06592558	0.0011493083	-0.19792074	0.02490885	10	-0.09077042	0.09154938	0.35887358	Binding_K27	-0.05464933	0.05511831	0.21606378
P120L	P120L	120	120	-0.028428564	-0.1376294	-0.13143305	-0.08468726	-0.12437362	-0.07270795	-0.009901194	-0.03726584	-0.046415333	-0.031007078	10	-0.070384935	0.047157038	0.1848556	Binding_K27	-0.042376023	0.028391412	0.11129434
P120M	P120M	120	120	-0.29882392	-0.33962134	-0.19942532	-0.2059002	-0.013889015	-0.16822694	-0.31762484	-0.10080614	-0.38583717	-0.33703268	10	-0.23671874	0.119465485	0.46830472	Binding_K27	-0.14251912	0.071925506	0.281948
P120N	P120N	120	120	-0.27424237	-0.2241417	-0.33426285	-0.31556892	-0.35758406	-0.31317687	-0.18203163	-0.25723204	-0.22886302	-0.32901186	10	-0.2816115	0.0573394	0.22477046	Binding_K27	-0.16954729	0.034521814	0.13532552
P120Q	P120Q	120	120	-0.14008187	-0.16295834	-0.08694089	-0.18110129	-0.09835059	-0.288362	-0.19315793	-0.15899858	-0.0602528	-0.0690887	10	-0.14392929	0.06928041	0.2715792	Binding_K27	-0.08665421	0.04171103	0.16350724
P120R	P120R	120	120	0.028409889	-0.04636694	-0.094892	-0.08095979	0.018465836	0.0141545925	-0.047655195	-0.014661184	0.036461465	-0.028072255	10	-0.021511557	0.0459871	0.18026944	Binding_K27	-0.012951269	0.027687037	0.10853319
P120S	P120S	120	120	-0.17927638	-0.13321717	-0.16237302	-0.118677706	-0.195161	-0.19736785	-0.23754664	-0.12796813	-0.15916575	-0.19999073	10	-0.17107444	0.03778265	0.14810799	Binding_K27	-0.10299724	0.022747459	0.08917004
P120T	P120T	120	120	-0.1098193	-0.08847274	-0.20845112	-0.100885205	-0.2128802	-0.2709414	-0.21968016	-0.13086121	-0.29830495	-0.17021115	10	-0.18105075	0.07287174	0.28565723	Binding_K27	-0.10900359	0.043873228	0.17198306
P120V	P120V	120	120	-0.13906695	-0.15994738	-0.11873175	-0.041795596	-0.050277893	-0.0735232	-0.063623	-0.08123109	-0.14297488	-0.11039431	10	-0.0981566	0.041671086	0.16335066	Binding_K27	-0.059096258	0.025088534	0.09834705
P120W	P120W	120	120	-0.056903936	-0.29931837	-0.030933069	-0.06768815	0.029680997	-0.035252344	-0.18283449	0.02635786	-0.032876864	-0.08141386	10	-0.073118225	0.09936539	0.38951233	Binding_K27	-0.04402163	0.059824023	0.23451018
P120Y	P120Y	120	120	-0.17134067	-0.20571207	-0.16236141	-0.18771958	-0.10025395	0.015670212	0.046113133	0.06974633	-0.018949343	-0.18882622	10	-0.09036335	0.10797191	0.42324987	Binding_K27	-0.054404248	0.065005675	0.25482225
P139A	P139A	139	139	0.012546565	-0.09375841	-0.16110125	0.04558595	-0.29579994	0.05306142	0.31702653	0.15519387	0.11070468	0.10231533	10	0.024577474	0.17274491	0.6771601	Binding_K27	0.014797138	0.104002975	0.40769166
P139C	P139C	139	139	0.32749236	-0.3032951	0.0970409	0.05124649	0.24405469	0.72244704	0.17680353	0.6163457	0.48706713	0.47437468	10	0.28935775	0.30348036	1.189643	Binding_K27	0.17421101	0.18271367	0.7162376
P139D	P139D	139	139	-0.19296198	-0.3706888	-0.49139902	-0.12619048	-0.2014216	-0.34247035	-0.17264788	-0.28740114	-0.80313677	-0.3659181	10	-0.33542365	0.19892478	0.77978516	Binding_K27	-0.20194548	0.11976485	0.46947822
P139E	P139E	139	139	-0.70889485	-0.50331664	-0.3397977	-0.37911975	-0.06218424	-0.25301173	-0.39534518	-0.12586978	-0.49173257	-0.18385035	10	-0.34431228	0.19583696	0.7676809	Binding_K27	-0.20729698	0.11790579	0.4621907
P139F	P139F	139	139	1.3381876	1.3051002	1.5967301	1.3302766	1.5595503	1.3195399	1.4179338	1.7385613	1.2192984	0.83841336	10	1.3663591	0.24494487	0.9601839	Binding_K27	0.8226315	0.14747174	0.57808924
P139G	P139G	139	139	-0.077203676	-0.3932676	-0.29534212	0.024356585	0.01292007	0.192406	-0.25795352	-0.17495766	-0.06793237	-0.23988782	10	-0.12768622	0.17698102	0.6937656	Binding_K27	-0.07687489	0.10655336	0.41768917
P139H	P139H	139	139	-0.5543579	-0.2412653	0.043645993	-0.27418664	-0.37379718	0.05406237	-0.09078383	0.1838957	-0.0026103612	-0.22195157	10	-0.14773487	0.22566561	0.8846092	Binding_K27	-0.088945396	0.13586447	0.5325887
P139I	P139I	139	139	0.38571912	1.0186343	0.67120844	0.5184177	0.48438305	0.75684404	0.7351795	0.61914176	0.96216977	0.8236377	10	0.6975335	0.20427579	0.8007611	Binding_K27	0.4199577	0.12298648	0.482107
P139K	P139K	139	139	-0.06550729	-0.01650351	-0.32075423	0.12596433	-0.06337688	0.00615307	0.06651006	-0.014806438	-0.17273337	0.020820973	10	-0.04342333	0.1262386	0.4948553	Binding_K27	-0.026143491	0.076003335	0.29793307
P139L	P139L	139	139	0.67670226	1.0343949	0.98068815	0.6895681	0.75369686	0.4741954	0.8626671	0.81552106	0.4911577	0.4338225	10	0.72124135	0.20946698	0.82111055	Binding_K27	0.43423128	0.1261119	0.49435863
P139M	P139M	139	139	0.22017981	0.21954417	0.982519	0.5626592	0.57560647	1.1544152	0.5066156	0.7397774	0.57782733	0.8267191	10	0.63658637	0.30027068	1.1770611	Binding_K27	0.3832638	0.18078126	0.70866257
P139N	P139N	139	139	0.124526314	-0.19388874	0.09606714	-0.3869057	0.22520716	-0.002348366	-0.0036130424	0.2743146	-0.012418155	0.2486874	10	0.03696286	0.2071894	0.8121824	Binding_K27	0.022253895	0.12474065	0.48898336
P139Q	P139Q	139	139	-0.14281592	-0.09092135	0.24926679	-0.036934678	-0.38382292	-0.5754016	-0.45340592	-0.1315554	-0.017996252	-0.11295373	10	-0.1696541	0.24007158	0.94108063	Binding_K27	-0.10214211	0.14453773	0.5665879
P139R	P139R	139	139	-0.44521537	-0.26304594	-0.25531325	-0.32361907	-0.23483096	-0.2363422	-0.1995224	-0.22484402	-0.28600407	-0.34566218	10	-0.28143993	0.07294406	0.2859407	Binding_K27	-0.169444	0.043916773	0.17215376
P139S	P139S	139	139	-0.0819619	-0.032671392	0.22165757	0.10253186	-0.038988907	0.12767407	0.09876373	0.1255867	0.12548798	0.22710508	10	0.087518476	0.10620014	0.41630456	Binding_K27	0.05269146	0.06393896	0.25064072
P139T	P139T	139	139	0.084210455	-0.21130991	-0.1627676	0.03959165	-0.08942797	-0.15457042	-0.03230552	-0.071845435	0.08021009	0.13676724	10	-0.03814474	0.11948388	0.46837682	Binding_K27	-0.02296546	0.071936585	0.28199142
P139V	P139V	139	139	0.34065935	0.6948862	0.20286311	0.06888705	0.22356749	0.17683515	0.23645481	0.5299343	0.24777296	0.42584988	10	0.31477106	0.18700576	0.73306257	Binding_K27	0.18951137	0.11258887	0.44134837
P139W	P139W	139	139	1.3625458	0.64311033	0.9563416	0.87396383	0.8423387	0.5494325	0.43350896	0.8623531	1.2781163	0.83343154	10	0.86351424	0.29119256	1.1414748	Binding_K27	0.5198882	0.17531568	0.6872375
P139Y	P139Y	139	139	0.72766435	1.094014	0.5391122	0.69685996	0.52888256	0.48242274	0.4466738	0.7261744	0.69161904	1.3332047	10	0.72666276	0.28231126	1.1066601	Binding_K27	0.4374953	0.16996859	0.6662769
P33A	P33A	33	33	-0.57727754	-0.43454337	-0.5177017	-0.35879198	-0.53696775	-0.57615674	-0.45619458	-0.3051618	-0.48893777	-0.39563173	10	-0.46473652	0.09197627	0.36054698	Binding_K27	-0.27979973	0.055375323	0.21707126
P33C	P33C	33	33	-0.65626067	-0.5551592	-0.9774669	-0.52136415	-0.76226264	-0.61123	-0.61902106	-0.40809244	-0.68520796	-0.61436296	10	-0.6410428	0.15206285	0.5960864	Binding_K27	-0.38594687	0.09155111	0.35888037
P33D	P33D	33	33	0.05173301	0.13808405	0.36641648	-0.55988044	-0.010866811	0.35698083	0.4436333	0.40904465	0.03418666	0.007569089	10	0.12369008	0.29988623	1.175554	Binding_K27	0.07446897	0.1805498	0.7077552
P33E	P33E	33	33	0.26811978	-0.50721616	-0.39984766	-0.27734777	-0.40903625	-0.2837982	-0.10535041	-0.46724853	-0.20628451	-0.12827069	10	-0.251628	0.2282952	0.89491725	Binding_K27	-0.15149541	0.13744764	0.53879476
P33F	P33F	33	33	-0.21176662	-0.2120173	-0.14179496	-0.3483872	-0.24484128	-0.38621944	-0.4350228	-0.31020012	-0.010744362	-0.18021166	10	-0.24812059	0.12596783	0.4937939	Binding_K27	-0.14938372	0.07584032	0.29729405
P33G	P33G	33	33	-0.49599254	-0.7461434	-0.8257937	-0.69691944	-0.66440195	-0.728255	-0.59645766	-0.62144226	-0.69754934	-0.6209012	10	-0.6693857	0.09154837	0.3588696	Binding_K27	-0.403011	0.0551177	0.21606138
P33H	P33H	33	33	-1.153494	-0.68809736	-0.4474524	-0.7194793	-1.0390177	-0.5914633	-0.6656568	-0.87602735	-0.7984422	-0.3585952	10	-0.7337726	0.24578191	0.9634651	Binding_K27	-0.44177583	0.1479757	0.5800648
P33I	P33I	33	33	-0.8753931	-0.7198884	-1.0557603	-0.84164506	-1.1004918	-0.8749069	-0.61054486	-1.0666993	-1.0231714	-0.75336975	10	-0.892187	0.16639078	0.65225184	Binding_K27	-0.537151	0.10017739	0.3926954
P33K	P33K	33	33	-0.5946797	-0.7256209	-0.7430744	-1.0760393	-1.0307773	-0.9815743	-1.1422997	-0.7702881	-0.7844975	-0.5730943	10	-0.84219456	0.2014748	0.7897812	Binding_K27	-0.5070525	0.121300116	0.47549647
P33L	P33L	33	33	-0.9564041	-0.8954013	-0.77273357	-0.7157743	-0.63595563	-0.966136	-0.6106216	-0.9813576	-0.9880037	-1.114631	10	-0.86370194	0.16945218	0.6642525	Binding_K27	-0.52000123	0.10202054	0.39992052
P33M	P33M	33	33	-0.9468057	-0.57291716	-0.10513105	-0.59956807	-0.47819448	-0.45684934	-0.6892365	-0.5028801	-0.789795	-0.3904331	10	-0.55318105	0.23013222	0.9021183	Binding_K27	-0.33304873	0.13855363	0.5431303
P33N	P33N	33	33	-0.3703228	-0.174124	-0.16602163	-0.12923695	-0.30632898	0.0160762	-0.16813408	-0.31561875	-0.008578143	-0.22645673	10	-0.18487461	0.12617174	0.49459323	Binding_K27	-0.11130579	0.07596308	0.29777527
P33Q	P33Q	33	33	-0.64824927	-0.76779354	-0.74673975	-0.3583018	-0.30556348	-0.30820602	-0.32026014	-0.739276	-0.5402578	-0.23096997	10	-0.49656177	0.21413383	0.83940464	Binding_K27	-0.29896045	0.12892163	0.50537276
P33R	P33R	33	33	-0.7949589	-0.5970944	-0.7243718	-0.74724174	-0.7012981	-0.5640557	-0.71126866	-0.69426566	-0.6583018	-0.6615937	10	-0.685445	0.068451315	0.26832917	Binding_K27	-0.4126797	0.041211866	0.16155052
P33S	P33S	33	33	-1.5165458	-1.1732948	-1.1781267	-1.4774504	-1.3032725	-1.2415584	-1.2585943	-1.2392776	-1.1737608	-1.4465009	10	-1.3008382	0.13144818	0.51527685	Binding_K27	-0.78318393	0.07913982	0.3102281
P33T	P33T	33	33	-1.2778217	-1.0763977	-1.323062	-1.4718106	-1.0105854	-1.2712041	-1.1081827	-1.2637554	-1.5082841	-1.1710087	10	-1.2482113	0.16208312	0.63536584	Binding_K27	-0.7514993	0.09758392	0.38252896
P33V	P33V	33	33	-0.8390086	-0.79612046	-1.1108084	-0.68802726	-0.8213048	-0.9324982	-0.768471	-0.84765494	-0.7584627	-1.0081447	10	-0.8570501	0.12669018	0.4966255	Binding_K27	-0.51599646	0.076275215	0.29899883
P33W	P33W	33	33	-1.2865415	-1.2521427	-1.7929447	-1.6336716	-1.3543948	-1.1986421	-1.5151701	-1.4207292	-1.2122452	-1.2905128	10	-1.3956995	0.1963884	0.7698425	Binding_K27	-0.8402962	0.118237786	0.46349213
P33Y	P33Y	33	33	-0.74128	-0.5035474	-0.2243836	-0.67056364	-0.5855473	-0.84170604	-0.72398734	-0.47926486	-0.5341729	-0.5798806	10	-0.5884334	0.17234033	0.6755741	Binding_K27	-0.35427278	0.103759386	0.4067368
Q128A	Q128A	128	128	-0.53938174	-0.3864034	-0.4582096	-0.40335414	-0.3441407	-0.31196067	-0.43454275	-0.45235318	-0.41474643	-0.48126608	10	-0.42263588	0.0662611	0.2597435	Binding_K27	-0.25445256	0.03989322	0.15638143
Q128C	Q128C	128	128	-0.22448355	-0.34084728	-0.27298707	-0.2863962	-0.3355029	-0.32762653	-0.25144958	-0.32258046	-0.44151995	-0.5455888	10	-0.33489823	0.09506698	0.37266257	Binding_K27	-0.20162916	0.05723612	0.22436559
Q128D	Q128D	128	128	-0.1973422	-0.27969152	-0.38721865	-0.076393664	-0.023528809	-0.113443464	-0.1604841	-0.21596542	-0.11615301	-0.121122256	10	-0.1691343	0.105863005	0.41498297	Binding_K27	-0.101829164	0.063735984	0.24984506
Q128E	Q128E	128	128	-0.3264408	-0.50421697	-0.52686393	-0.27786332	-0.2599742	-0.44131887	-0.43368986	-0.38445023	-0.37817413	-0.44843245	10	-0.3981425	0.08991527	0.35246786	Binding_K27	-0.23970605	0.054134473	0.21220714
Q128F	Q128F	128	128	-0.07632832	-0.07762369	0.032558363	-0.18497787	-0.10000711	-0.082802854	-0.025932446	-0.15367383	-0.25410092	-0.11259601	10	-0.10354847	0.08048221	0.31549025	Binding_K27	-0.06234249	0.048455197	0.18994437
Q128G	Q128G	128	128	-0.20084228	-0.23143733	-0.14301734	-0.22460523	-0.40106705	-0.23585598	-0.26654643	-0.29814166	-0.25205034	-0.23626012	10	-0.24898238	0.06720332	0.26343703	Binding_K27	-0.14990258	0.040460497	0.15860516
Q128H	Q128H	128	128	-0.34298542	-0.16765021	-0.23114562	-0.28443477	-0.2641534	-0.10615847	-0.19606577	-0.14461194	-0.18460815	-0.3052457	10	-0.22270593	0.07583153	0.2972596	Binding_K27	-0.13408256	0.045655206	0.17896841
Q128I	Q128I	128	128	-0.15381864	-0.14620484	-0.09778427	0.00021266234	-0.15794036	-0.016943373	-0.13796043	-0.035897676	-0.36690754	-0.23791899	10	-0.13511635	0.109956615	0.43102995	Binding_K27	-0.081348285	0.066200584	0.2595063
Q128K	Q128K	128	128	-0.41088963	-0.3373666	-0.32234824	-0.33058196	-0.35760465	-0.27512184	-0.3510839	-0.29260373	-0.25035125	-0.22450969	10	-0.31524616	0.05534568	0.21695507	Binding_K27	-0.18979742	0.033321474	0.13062018
Q128L	Q128L	128	128	-0.2601677	-0.19049007	-0.1436714	-0.2062582	-0.17334662	-0.20075515	-0.15761946	-0.1735506	-0.23257753	-0.17505749	10	-0.19134942	0.035062514	0.13744506	Binding_K27	-0.115204014	0.021109771	0.082750306
Q128M	Q128M	128	128	-0.2175266	-0.0906432	-0.11889796	-0.21159814	-0.07672823	-0.04544278	-0.11442258	-0.0696817	-0.23688532	-0.26544845	10	-0.1447275	0.07990404	0.31322384	Binding_K27	-0.08713478	0.048107106	0.18857986
Q128N	Q128N	128	128	-0.031524487	0.033766028	-0.11645983	-0.066357955	-0.044307474	-0.06515706	-0.056020502	-0.24051332	-0.21115217	-0.05622121	10	-0.08539479	0.08307768	0.3256645	Binding_K27	-0.051412873	0.050017826	0.19606988
Q128P	Q128P	128	128	0.012335342	-0.15889658	-0.10291105	-0.19789304	-0.18282993	-0.28825313	0.013418653	-0.19189781	-0.0634225	-0.056594543	10	-0.12169446	0.098772496	0.3871882	Binding_K27	-0.07326748	0.059467066	0.2331109
Q128R	Q128R	128	128	-0.10867257	-0.17948118	-0.15236221	-0.23686133	-0.15652898	-0.14937463	-0.26949018	-0.16129087	-0.2284027	-0.34102967	10	-0.19834945	0.06979224	0.2735856	Binding_K27	-0.11941846	0.042019185	0.1647152
Q128S	Q128S	128	128	-0.19563621	-0.1748657	-0.1282539	-0.27087727	-0.21181284	-0.31537995	-0.1580019	-0.30481192	-0.18168382	-0.20658389	10	-0.21479073	0.06255175	0.24520287	Binding_K27	-0.12931712	0.03765997	0.14762709
Q128T	Q128T	128	128	-0.40922204	-0.39225894	-0.19310799	-0.1878659	-0.29608345	-0.14031073	-0.4292951	-0.36171356	-0.2767073	-0.1988426	10	-0.28854075	0.105380334	0.4130909	Binding_K27	-0.17371912	0.06344539	0.24870592
Q128V	Q128V	128	128	-0.14198436	-0.11753624	-0.11353016	-0.17043863	-0.14233837	-0.09038322	-0.19740458	-0.19593102	-0.27000293	-0.29869974	10	-0.17382494	0.06804548	0.2667383	Binding_K27	-0.10465321	0.040967528	0.1605927
Q128W	Q128W	128	128	-0.3615848	-0.43187875	-0.29112145	-0.46086374	-0.41575536	-0.29484996	-0.29302493	-0.20091921	-0.39833966	-0.3204427	10	-0.34687805	0.08065373	0.31616262	Binding_K27	-0.20884174	0.048558462	0.19034918
Q128Y	Q128Y	128	128	-0.04565874	-0.10620586	0.06740607	0.033244707	-0.09888432	-0.039219268	0.032668345	0.07218078	-0.04534416	-0.040680975	10	-0.017049342	0.064473055	0.2527344	Binding_K27	-0.010264744	0.03881671	0.15216151
Q130A	Q130A	130	130	-0.18468969	-0.32580602	-0.17127451	-0.35526305	-0.1699029	-0.014047935	-0.1114019	-0.13422415	-0.18137135	-0.22910881	10	-0.18770903	0.09907186	0.3883617	Binding_K27	-0.113012284	0.0596473	0.23381741
Q130C	Q130C	130	130	-0.17297311	-0.35805815	-0.2761267	-0.39267817	-0.21534236	-0.16184415	-0.40086114	-0.38788062	-0.41999137	-0.36572665	10	-0.31514823	0.09957628	0.39033902	Binding_K27	-0.18973845	0.059950992	0.2350079
Q130D	Q130D	130	130	-0.31414503	-0.13386434	-0.20583081	-0.06859951	-0.27116582	-0.21842754	-0.18941502	-0.26793593	-0.23466712	-0.24254434	10	-0.21465954	0.071256496	0.27932546	Binding_K27	-0.12923813	0.042900756	0.16817097
Q130E	Q130E	130	130	-0.50845516	-0.40157053	-0.5121164	-0.44371623	-0.47455886	-0.33875486	-0.64019054	-0.43054557	-0.43404955	-0.5517414	10	-0.47356993	0.08448551	0.3311832	Binding_K27	-0.28511798	0.050865427	0.19939248
Q130F	Q130F	130	130	0.023838364	-0.00672323	-0.13059367	0.0144056445	-0.05650937	-0.09990961	-0.17708158	0.02949776	-0.20213713	-0.042488053	10	-0.06477009	0.0843221	0.33054265	Binding_K27	-0.03899554	0.050767045	0.19900683
Q130G	Q130G	130	130	-0.20031896	-0.3991525	-0.33137858	-0.52831054	-0.41763628	-0.26140204	-0.27825996	-0.18353325	-0.2580635	-0.28948867	10	-0.31475443	0.10642436	0.41718352	Binding_K27	-0.18950136	0.06407396	0.25116992
Q130H	Q130H	130	130	-0.119826406	-0.3248938	-0.10758355	-0.3362786	-0.266334	-0.17784788	-0.36069858	-0.2770199	-0.2717055	-0.30791688	10	-0.25501052	0.08963636	0.35137454	Binding_K27	-0.15353188	0.053966556	0.21154891
Q130I	Q130I	130	130	-0.11592442	-0.24494776	-0.15566629	0.047802433	-0.051871736	-0.031138154	-0.023660649	0.10030968	-0.10907287	-0.054337822	10	-0.06385076	0.09906079	0.3883183	Binding_K27	-0.03844205	0.059640635	0.23379129
Q130K	Q130K	130	130	-0.40280867	-0.23808901	-0.36313695	-0.3698725	-0.30840436	-0.16340868	-0.22039288	-0.2842994	-0.30566704	-0.38704586	10	-0.30431253	0.07888513	0.30922973	Binding_K27	-0.1832147	0.04749366	0.18617515
Q130L	Q130L	130	130	-0.28195962	-0.30903947	-0.21665682	-0.192777	-0.15067841	-0.21896337	-0.29001805	-0.2119404	-0.2220339	-0.14745253	10	-0.22415197	0.05516462	0.21624531	Binding_K27	-0.13495316	0.033212464	0.13019286
Q130M	Q130M	130	130	-0.35136688	-0.27703518	-0.32632402	-0.17483091	-0.22358668	-0.021974461	-0.25050598	-0.33264467	-0.07611884	-0.37732187	10	-0.24117096	0.11910387	0.46688718	Binding_K27	-0.14519963	0.07170779	0.28109455
Q130N	Q130N	130	130	-0.24463998	-0.32253182	-0.25382805	-0.5170881	-0.32258335	-0.2726393	-0.25023365	-0.29361862	-0.15670744	-0.28878486	10	-0.2922655	0.09229654	0.36180246	Binding_K27	-0.17596166	0.055568144	0.21782713
Q130P	Q130P	130	130	-0.0077275466	0.5643537	0.73795104	0.36642987	0.26803795	0.3803489	0.343331	0.38717905	0.5170173	0.17967437	10	0.37365955	0.2068456	0.81083477	Binding_K27	0.22496584	0.12453366	0.48817196
Q130R	Q130R	130	130	-0.2017311	-0.326469	-0.16832452	-0.27790293	-0.1272574	-0.1834743	-0.22175445	-0.17500529	-0.29814428	-0.2358133	10	-0.22158766	0.063233964	0.24787715	Binding_K27	-0.13340928	0.0380707	0.14923716
Q130S	Q130S	130	130	-0.40432137	-0.41036668	-0.24101572	-0.28713983	-0.3436603	-0.17808002	-0.2911903	-0.2836489	-0.3018856	-0.30410963	10	-0.30454183	0.06963246	0.27295926	Binding_K27	-0.18335275	0.04192299	0.16433813
Q130T	Q130T	130	130	-0.15141977	-0.252141	-0.3493061	-0.30572724	-0.115611516	-0.17574552	-0.26472256	-0.27563947	-0.29102626	-0.36069188	10	-0.25420314	0.08225785	0.3224508	Binding_K27	-0.15304579	0.049524244	0.19413504
Q130V	Q130V	130	130	-0.3142934	-0.28771397	-0.41279554	-0.42192835	-0.4171412	-0.4049308	-0.3338963	-0.38778564	-0.40276173	-0.32196867	10	-0.3705216	0.05037868	0.19748443	Binding_K27	-0.2230766	0.030331038	0.11889767
Q130W	Q130W	130	130	-0.008612923	-0.085644975	-0.112498485	-0.17604789	-0.3125324	-0.13567996	-0.08066861	-0.008412622	-0.016765751	-0.18666132	10	-0.112352505	0.09580911	0.37557173	Binding_K27	-0.06764306	0.057682924	0.22611706
Q130Y	Q130Y	130	130	-0.22234063	-0.29656047	-0.112157755	-0.19556345	-0.18239622	-0.051853947	-0.083917886	-0.13145366	-0.1211186	-0.19628617	10	-0.15936488	0.07281156	0.2854213	Binding_K27	-0.09594738	0.043837	0.17184104
Q149A	Q149A	149	149	-0.3314266	-0.2559138	-0.3602118	-0.5104532	-0.59420264	-0.60110015	-0.4650231	-0.7315731	-0.67917466	-0.5893401	10	-0.5118419	0.15644412	0.6132609	Binding_K27	-0.30816004	0.0941889	0.3692205
Q149C	Q149C	149	149	-0.2605628	-0.42312524	-0.42742455	-0.2578992	-0.33337215	-0.38042662	-0.15178624	-0.34312865	-0.20383547	-0.18368112	10	-0.2965242	0.09932608	0.38935825	Binding_K27	-0.17852564	0.059800357	0.23441741
Q149D	Q149D	149	149	-0.64181966	-0.4981353	-0.7804289	-0.6833965	-0.6117651	-0.80151385	-0.5691116	-0.65861833	-0.73697066	-0.71936756	10	-0.6701127	0.09464726	0.37101725	Binding_K27	-0.40344873	0.05698342	0.22337501
Q149E	Q149E	149	149	-0.48054683	-0.4157751	-0.5169573	-0.48339066	-0.59454614	-0.47901762	-0.38208085	-0.59850556	-0.41865402	-0.13529451	10	-0.45047683	0.13170888	0.51629883	Binding_K27	-0.27121451	0.079296775	0.31084338
Q149F	Q149F	149	149	-0.26836807	-0.27840695	-0.23098561	-0.12124512	-0.10052589	-0.021982698	-0.21456441	-0.35684344	-0.45526546	-0.23424235	10	-0.22824302	0.12593554	0.49366733	Binding_K27	-0.13741621	0.07582087	0.29721782
Q149G	Q149G	149	149	-0.3053644	-0.5106789	-0.28092992	-0.3507662	-0.53283054	-0.12540337	-0.5256126	-0.3002854	-0.29761764	-0.44437325	10	-0.3673862	0.13266109	0.52003145	Binding_K27	-0.22118889	0.07987007	0.31309068
Q149H	Q149H	149	149	-0.5363053	-0.5519031	-0.41614392	-0.5904459	-0.43220997	-0.23230176	-0.42685607	-0.3755713	-0.53201306	-0.55053395	10	-0.46442842	0.10915831	0.42790058	Binding_K27	-0.27961424	0.065719955	0.25762224
Q149I	Q149I	149	149	-0.30080095	-0.19435333	-0.28706408	-0.28846014	-0.14810017	-0.31078166	-0.157762	-0.19851398	-0.08027473	-0.23313849	10	-0.21992496	0.077325255	0.303115	Binding_K27	-0.13240823	0.046554517	0.18249372
Q149K	Q149K	149	149	-0.03430366	0.010412877	-0.18269514	-0.084545724	0.008746419	-0.053740777	-0.10204926	-0.057834797	-0.09421496	0.022218531	10	-0.056800652	0.062929526	0.24668375	Binding_K27	-0.034197457	0.037887413	0.14851867
Q149L	Q149L	149	149	-0.17839287	-0.08435155	-0.24812713	-0.2902802	-0.2955157	-0.21395199	-0.2559354	-0.32046562	-0.3144778	-0.2061929	10	-0.2407691	0.07286908	0.2856468	Binding_K27	-0.14495768	0.043871626	0.17197677
Q149M	Q149M	149	149	-0.19581592	-0.27478674	-0.2231538	-0.24957235	-0.22357713	-0.20674507	0.035811424	-0.18094486	-0.056558244	-0.060571775	10	-0.16359146	0.10106957	0.39619273	Binding_K27	-0.098492034	0.060850043	0.23853217
Q149N	Q149N	149	149	-0.39406344	-0.6576507	-0.29353204	-0.32694393	-0.11191828	-0.6132792	-0.427556	-0.42791927	-0.46046624	-0.62622714	10	-0.4339556	0.16879135	0.6616621	Binding_K27	-0.26126775	0.101622686	0.39836094
Q149P	Q149P	149	149	-0.7509598	-0.7211802	-0.5064725	-0.90335315	-0.5422484	-0.814369	-0.80285275	-0.77644646	-0.6615921	-0.65811914	10	-0.71375936	0.123637214	0.48465788	Binding_K27	-0.42972666	0.07443714	0.2917936
Q149R	Q149R	149	149	-0.30894467	-0.16339304	-0.19208525	-0.17354947	-0.22525895	-0.24449733	-0.2931072	-0.24208404	-0.20848344	-0.1416404	10	-0.2193044	0.054549217	0.21383293	Binding_K27	-0.13203461	0.032841954	0.12874046
Q149S	Q149S	149	149	-0.38118523	-0.52367973	-0.5233079	-0.44321027	-0.33966964	-0.42315254	-0.49386495	-0.5044187	-0.4230648	-0.28710976	10	-0.4342664	0.08037874	0.31508467	Binding_K27	-0.26145485	0.048392903	0.18970019
Q149T	Q149T	149	149	-0.603977	-0.47671717	-0.5173953	-0.62302357	-0.48701727	-0.4750732	-0.6439023	-0.61276793	-0.4909201	-0.5802956	10	-0.55110896	0.0678345	0.26591122	Binding_K27	-0.3318012	0.040840503	0.16009477
Q149V	Q149V	149	149	-0.60389936	-0.3257422	-0.57890725	-0.39607683	-0.52798945	-0.40288296	-0.6142607	-0.558633	-0.4316644	-0.5677463	10	-0.5007802	0.10227899	0.40093365	Binding_K27	-0.30150023	0.061578188	0.2413865
Q149W	Q149W	149	149	-0.05272603	-0.14074804	-0.19755623	-0.031854246	-0.3877514	4.7739806e-05	0.041598413	-0.23186801	0.017383426	0.009745112	10	-0.09737293	0.13906826	0.5451476	Binding_K27	-0.05862444	0.083727576	0.3282121
Q149Y	Q149Y	149	149	-0.53786874	-0.55078065	-0.2602944	-0.79705447	-0.72397506	-0.9318097	-0.64397013	-0.55179554	-0.27090737	-0.923064	10	-0.61915207	0.23552354	0.9232523	Binding_K27	-0.3727673	0.14179952	0.55585414
Q21A	Q21A	21	21	-0.07827493	-0.11737373	-0.13718744	-0.3180724	-0.30674118	-0.23547083	-0.1354117	-0.069512896	-0.29248136	-0.061660014	10	-0.17521866	0.1027027	0.4025946	Binding_K27	-0.105492316	0.06183329	0.24238649
Q21C	Q21C	21	21	0.53047	0.37857625	0.38513502	0.56928056	0.46091458	0.35996696	0.6200703	0.7605137	0.45900932	0.24277185	10	0.47667083	0.14888145	0.5836153	Binding_K27	0.2869849	0.08963571	0.35137197
Q21D	Q21D	21	21	-1.014013	-0.83253866	-1.0991265	-1.1560518	-0.83949995	-0.8835858	-1.2577177	-0.9267397	-1.1342256	-1.2463919	10	-1.0389892	0.16228914	0.6361734	Binding_K27	-0.62553483	0.09770796	0.3830152
Q21E	Q21E	21	21	-0.42489743	-0.15228203	0.05375037	0.0636208	0.06006932	-0.01986483	-0.08433998	0.014585938	0.02126398	-0.0802562	10	-0.054835003	0.14862993	0.5826293	Binding_K27	-0.033014014	0.08948428	0.3507784
Q21F	Q21F	21	21	0.12558104	0.42279318	0.2246473	-0.07358869	0.2879922	0.058245942	0.19491135	-0.08189366	0.2253977	-0.08562201	10	0.12984642	0.17351586	0.68018216	Binding_K27	0.07817546	0.104467124	0.40951112
Q21G	Q21G	21	21	-0.59179664	-0.59253204	-0.563299	-0.59373045	-0.6481151	-0.64257807	-0.63243383	-0.54074186	-0.5122037	-0.5142806	10	-0.5831712	0.049916226	0.19567162	Binding_K27	-0.35110462	0.030052612	0.11780624
Q21H	Q21H	21	21	-0.049709488	-0.13635261	-0.081072055	-0.2956727	-0.42253372	-0.46901572	-0.24773529	-0.06487232	0.039657306	0.033538103	10	-0.16937685	0.18103471	0.7096561	Binding_K27	-0.10197519	0.10899393	0.42725623
Q21I	Q21I	21	21	0.7737206	1.1373088	1.058379	0.8121694	2.028053	0.9227638	1.0335994	1.0895357	1.7274612	0.4506536	10	1.1033645	0.4600589	1.8034309	Binding_K27	0.6642927	0.2769835	1.0857754
Q21K	Q21K	21	21	-0.13718984	-0.3295451	-0.30069664	-0.2288052	-0.2166829	-0.29924124	-0.21095286	-0.24841778	-0.31734535	-0.20971051	10	-0.24985877	0.060821485	0.23842022	Binding_K27	-0.15043022	0.036618244	0.14354351
Q21L	Q21L	21	21	0.744003	0.67362016	0.59559613	0.73395574	0.69545925	0.77290285	0.7431567	0.7533259	0.6928686	0.7357576	10	0.7140646	0.05172389	0.20275766	Binding_K27	0.42991042	0.031140935	0.122072466
Q21M	Q21M	21	21	0.38067883	0.38350752	0.3556908	0.5169804	0.3589419	0.61479515	0.38885248	0.22034921	0.35109946	0.5104823	10	0.4081378	0.110779956	0.43425745	Binding_K27	0.24572384	0.066696286	0.26144946
Q21N	Q21N	21	21	-0.35532334	-0.23704085	-0.29443714	-0.18987435	-0.23032142	-0.22842531	-0.16727783	-0.17001809	-0.2490167	-0.30441016	10	-0.24261454	0.0608819	0.23865706	Binding_K27	-0.14606875	0.036654618	0.1436861
Q21P	Q21P	21	21	1.1828034	1.2200214	1.1781973	1.3849838	1.1845458	1.0152141	0.9979745	0.8543828	1.1144391	1.1314288	10	1.1263992	0.1444887	0.56639576	Binding_K27	0.67816097	0.08699101	0.3410048
Q21R	Q21R	21	21	-0.43021262	-0.42083743	-0.42083967	-0.33788654	-0.46248052	-0.34543008	-0.31292632	-0.30206147	-0.41554362	-0.3562783	10	-0.38044962	0.055803105	0.21874818	Binding_K27	-0.22905387	0.033596873	0.13169974
Q21S	Q21S	21	21	-0.47848928	-0.5187852	-0.5051275	-0.60534465	-0.66098356	-0.5740642	-0.64957684	-0.519727	-0.50231177	-0.4881127	10	-0.55025226	0.067492165	0.26456928	Binding_K27	-0.33128542	0.040634397	0.15928684
Q21T	Q21T	21	21	-0.19690263	-0.31746176	-0.41102898	-0.26928404	-0.5717492	-0.39846537	-0.40505904	-0.2484937	-0.23730837	-0.18112065	10	-0.32368737	0.121969886	0.47812197	Binding_K27	-0.19487953	0.07343331	0.28785858
Q21V	Q21V	21	21	0.9505364	0.95907265	0.8325258	0.90631205	0.590049	0.88685745	0.88709074	0.9244062	0.626415	0.80346006	10	0.8366726	0.12983142	0.50893915	Binding_K27	0.5037279	0.07816643	0.30641243
Q21W	Q21W	21	21	-0.51107454	-0.4219954	-0.37327966	-0.4079724	-0.25104728	-0.1897803	-0.23245685	-0.329089	-0.26778018	-0.19680165	10	-0.31812772	0.10791878	0.4230416	Binding_K27	-0.19153228	0.06497368	0.25469685
Q21Y	Q21Y	21	21	0.20150879	1.0695139	0.744517	0.3567038	0.20337558	0.6689906	0.9663321	0.7678702	0.63389516	0.78596365	10	0.63986707	0.2988133	1.1713482	Binding_K27	0.38523898	0.17990384	0.705223
Q24A	Q24A	24	24	-0.03887831	-0.110846885	-0.3395192	-0.14289016	-0.29514894	0.03630421	-0.29246736	-0.25601083	-0.30854133	-0.10799573	10	-0.18559945	0.12969549	0.50840634	Binding_K27	-0.11174218	0.078084596	0.3060916
Q24C	Q24C	24	24	-0.3662817	-0.47428504	-0.54133034	-0.42003724	-0.39433482	-0.41721043	-0.41586584	-0.9291183	-0.10821562	-0.58595556	10	-0.46526352	0.2067477	0.810451	Binding_K27	-0.280117	0.12447472	0.4879409
Q24D	Q24D	24	24	0.19491091	0.30973464	0.31146207	0.48510626	0.5705739	0.23529673	-0.10637437	-0.02398656	-0.08645547	0.24726549	10	0.21375337	0.22871192	0.8965507	Binding_K27	0.12869257	0.13769852	0.5397782
Q24E	Q24E	24	24	0.8689208	0.48597002	0.6499251	0.8444423	0.7982705	0.6379637	0.3908897	0.7536352	0.84841275	0.6153997	10	0.689383	0.16251564	0.6370613	Binding_K27	0.4150506	0.097844325	0.38354975
Q24F	Q24F	24	24	0.8865715	0.36133882	0.4167046	0.38357952	0.65020007	0.63427293	0.8945622	0.6421986	0.82784444	0.42684293	10	0.6124116	0.20873047	0.8182235	Binding_K27	0.36870915	0.12566847	0.4926204
Q24G	Q24G	24	24	-0.058060825	-0.0057564736	-0.046935886	-0.11198925	0.04539299	-0.0036795142	0.014753163	-0.059910677	-0.020967515	0.17829299	10	-0.006886101	0.07872852	0.3086158	Binding_K27	-0.0041458528	0.047399368	0.18580553
Q24H	Q24H	24	24	0.040659852	0.1460103	0.21638192	0.38438556	0.4070044	0.24865277	0.110879354	0.17474662	0.13615595	0.4134499	10	0.22783267	0.13260596	0.5198153	Binding_K27	0.13716917	0.07983687	0.31296054
Q24I	Q24I	24	24	-0.34951663	-0.62477106	-0.6370532	-0.65104634	-0.27281788	-0.75381756	-0.46422765	-0.4257058	-0.7023428	-0.70195687	10	-0.5583256	0.16678543	0.65379894	Binding_K27	-0.33614606	0.100415	0.3936268
Q24K	Q24K	24	24	-0.47885537	-0.48598337	-0.6107308	-0.32716006	-0.21946487	-0.13155839	-0.24785887	-0.5773662	-0.25210413	-0.40206054	10	-0.37331426	0.16239189	0.63657624	Binding_K27	-0.22475795	0.09776982	0.3832577
Q24L	Q24L	24	24	-0.63855875	-0.68961316	-0.5476015	-0.641799	-0.80482674	-0.87939966	-0.487334	-0.73905855	-0.7322491	-0.5697657	10	-0.6730206	0.12071221	0.4731919	Binding_K27	-0.40519944	0.072676115	0.28489038
Q24M	Q24M	24	24	-1.0966929	-0.98150873	-1.0591898	-0.73173857	-0.88179386	-0.8650112	-0.6357766	-0.65937924	-0.97385085	-0.9021138	10	-0.8787055	0.15957479	0.6255332	Binding_K27	-0.5290343	0.096073754	0.37660912
Q24N	Q24N	24	24	0.1176212	0.07359935	0.076636896	0.026266238	0.29244226	0.4109545	-0.17258659	0.1755938	0.42812	0.4953543	10	0.19240019	0.2106404	0.8257104	Binding_K27	0.11583664	0.12681836	0.49712798
Q24P	Q24P	24	24	1.6362574	0.64482665	1.3751334	1.517153	1.7654465	1.7768391	1.2376363	1.9593829	1.4042312	0.80532235	10	1.4122229	0.4226166	1.6566571	Binding_K27	0.8502443	0.25444096	0.99740857
Q24R	Q24R	24	24	0.018219879	-0.14030817	-0.032749303	-0.15555719	-0.104688644	0.0071377675	0.031242874	-0.07521358	-0.04638751	0.23223138	10	-0.026607245	0.111523055	0.4371704	Binding_K27	-0.016019184	0.06714368	0.26320323
Q24S	Q24S	24	24	0.22605607	-0.12949176	0.07365098	0.2227975	0.21504131	-0.08889157	-0.012656687	-0.044931706	0.014073682	-0.17002864	10	0.030561913	0.1487069	0.58293104	Binding_K27	0.018400135	0.08953062	0.35096002
Q24T	Q24T	24	24	-0.519346	-0.9285198	-0.80464894	-0.72213304	-0.9016221	-0.5614834	-0.81434083	-0.73387855	-0.2720487	-0.87053496	10	-0.71285564	0.2057318	0.80646867	Binding_K27	-0.42918256	0.123863086	0.4855433
Q24V	Q24V	24	24	-0.3741702	-0.11018365	-0.4935395	-0.5520883	-0.55365956	-0.39228892	-0.34922516	-0.5146362	-0.48983565	-0.39488816	10	-0.4224516	0.13291071	0.52101	Binding_K27	-0.2543416	0.08002035	0.31367978
Q24W	Q24W	24	24	0.76683307	0.38649017	0.9355303	0.5045677	0.44330242	0.6862323	1.0427232	0.85139126	0.7317772	0.5983581	10	0.69472057	0.21446243	0.84069276	Binding_K27	0.41826415	0.12911946	0.5061483
Q24Y	Q24Y	24	24	0.7988512	0.7862429	1.1760534	1.2050489	0.8943554	0.9321531	0.84062666	0.8708099	1.0024132	1.3413618	10	0.98479164	0.1918528	0.752063	Binding_K27	0.5929046	0.11550708	0.45278776
Q42A	Q42A	42	42	-0.05764304	-0.099735335	-0.13604106	-0.18369523	-0.100927904	-0.08255116	-0.05745726	-0.0058068414	-0.0036052256	-0.156211	10	-0.08836742	0.05979971	0.23441486	Binding_K27	-0.053202573	0.03600307	0.14113204
Q42C	Q42C	42	42	0.2038727	0.18635736	0.0869488	0.1512013	0.2361991	0.019793658	0.19808106	0.06688456	0.1459706	0.26305476	10	0.15583637	0.07764731	0.30437747	Binding_K27	0.093823	0.04674842	0.18325381
Q42D	Q42D	42	42	0.3325941	0.25091612	0.46630803	0.30832586	0.37172726	0.40206888	0.35635424	0.33163384	0.6227555	0.3632312	10	0.38059148	0.10228395	0.40095308	Binding_K27	0.22913928	0.061581172	0.2413982
Q42E	Q42E	42	42	-0.20939346	-0.100882426	-0.24965155	-0.15915148	-0.19940321	-0.29825795	-0.2621411	-0.13638693	-0.19596453	-0.1789633	10	-0.1990196	0.059683185	0.2339581	Binding_K27	-0.11982193	0.035932917	0.14085704
Q42F	Q42F	42	42	0.0035987813	-0.08633862	-0.35126483	-0.16164553	0.0050768633	0.0009684712	-0.22821005	-0.11697457	0.15848999	-0.10579027	10	-0.08820897	0.14192156	0.5563325	Binding_K27	-0.05310718	0.085445434	0.3349461
Q42G	Q42G	42	42	-0.040890478	-0.036215868	-0.0981808	-0.13770773	0.017848197	0.023326186	-0.036911603	-0.03949345	-0.01318817	-0.011928286	10	-0.0373342	0.04915866	0.19270195	Binding_K27	-0.022477465	0.02959651	0.11601832
Q42H	Q42H	42	42	-0.15228146	-0.12168372	-0.20969054	-0.20464051	-0.32672957	-0.2526683	-0.07099482	-0.2990364	-0.2099999	-0.15522172	10	-0.2002947	0.078821205	0.30897912	Binding_K27	-0.12058962	0.047455173	0.18602428
Q42I	Q42I	42	42	-0.09143225	-0.056136496	-0.11070281	-0.0021064652	0.01121354	-0.01090928	-0.012963431	-0.10394294	-0.21196598	-0.07225008	10	-0.06611962	0.06783908	0.2659292	Binding_K27	-0.039808042	0.040843263	0.1601056
Q42K	Q42K	42	42	-0.48262253	-0.47307387	-0.44197237	-0.32088175	-0.30555966	-0.40604725	-0.45446044	-0.29183966	-0.4115125	-0.31358364	10	-0.39015535	0.07486206	0.2934593	Binding_K27	-0.2348973	0.045071527	0.17668039
Q42L	Q42L	42	42	0.050688542	-0.13644205	-0.16525076	-0.13099168	-0.18464133	-0.049372505	-0.08225854	0.000600689	0.07140401	-0.14433344	10	-0.0770597	0.09158965	0.35903144	Binding_K27	-0.04639464	0.055142555	0.21615882
Q42M	Q42M	42	42	-0.13824524	-0.2436422	-0.25995713	-0.27906808	-0.3171056	-0.1805425	-0.04812019	-0.13677548	-0.15436618	-0.16539422	10	-0.19232167	0.08124892	0.31849575	Binding_K27	-0.115789376	0.0489168	0.19175386
Q42N	Q42N	42	42	0.04339191	-0.15706497	-0.1415219	0.047559213	-0.014352683	-0.1914256	-0.038279973	-0.33972865	-0.19604434	-0.08928896	10	-0.1076756	0.12158163	0.4766	Binding_K27	-0.06482728	0.073199555	0.28694227
Q42P	Q42P	42	42	-0.23071007	-0.0046908297	-0.10610984	-0.044388194	-0.12923174	-0.0022004957	-0.19203387	-0.042547885	-0.0762849	0.024318505	10	-0.080387935	0.08410334	0.3296851	Binding_K27	-0.04839844	0.050635338	0.19849053
Q42R	Q42R	42	42	-0.38563222	-0.3064806	-0.4108071	-0.4160466	-0.42533666	-0.33529454	-0.4111654	-0.3799942	-0.39957154	-0.40178496	10	-0.38721138	0.038076125	0.14925842	Binding_K27	-0.23312487	0.02292415	0.08986267
Q42S	Q42S	42	42	-0.0631056	-0.20054416	-0.26541117	-0.056461982	-0.08452206	-0.08672286	-0.15778096	-0.1653432	-0.15123688	-0.1291898	10	-0.13603187	0.06603473	0.25885615	Binding_K27	-0.08189948	0.03975693	0.15584718
Q42T	Q42T	42	42	-0.13923748	-0.13992792	-0.20126988	-0.19895723	-0.11391	-0.18397935	-0.26429316	-0.4710586	-0.18865101	-0.209103	10	-0.21103875	0.10086905	0.3954067	Binding_K27	-0.1270582	0.06072932	0.23805894
Q42V	Q42V	42	42	-0.15214005	-0.4299295	-0.2286312	-0.2299962	-0.28083473	-0.225794	-0.15213242	-0.09140613	-0.2501772	-0.13211675	10	-0.21731582	0.09562002	0.37483048	Binding_K27	-0.13083738	0.057569083	0.22567081
Q42W	Q42W	42	42	0.37398294	0.1477169	0.28958037	0.37526712	0.35498524	0.3850862	0.19867122	-0.029214328	0.22384466	0.10744645	10	0.24273667	0.13881867	0.5441692	Binding_K27	0.14614227	0.083577305	0.32762304
Q42Y	Q42Y	42	42	-0.19066797	-0.19968596	-0.17152071	0.007230825	-0.06335684	-0.19707572	-0.084843665	-0.13047855	-0.06191635	-0.035534315	10	-0.11278492	0.07503211	0.29412585	Binding_K27	-0.0679034	0.045173902	0.1770817
Q60A	Q60A	60	60	0.63861275	0.61334306	0.64562374	0.6374068	0.5394461	0.5680624	0.6240824	0.6192155	0.6489554	0.6937367	10	0.62284845	0.04313856	0.16910316	Binding_K27	0.37499276	0.025972044	0.10181042
Q60C	Q60C	60	60	0.53497493	0.5040576	0.45809975	0.37337258	0.42654753	0.46779692	0.49761635	0.44799387	0.52739775	0.5709435	10	0.48088008	0.058023334	0.22745147	Binding_K27	0.28951913	0.034933586	0.13693966
Q60D	Q60D	60	60	0.35194066	0.16163023	0.17918411	0.1085105	0.15817034	0.21894768	0.19288151	0.15895055	0.15626806	0.26214543	10	0.1948629	0.06889359	0.27006286	Binding_K27	0.117319345	0.041478142	0.16259432
Q60E	Q60E	60	60	-0.45147583	-0.5039509	-0.44549522	-0.46614102	-0.5418557	-0.29496244	-0.45218262	-0.45867532	-0.43733054	-0.15667498	10	-0.42087445	0.11228187	0.44014493	Binding_K27	-0.25339207	0.06760053	0.26499408
Q60F	Q60F	60	60	0.22949255	0.09353103	0.05735126	0.118771665	0.20154548	0.12736031	0.22962512	0.21622339	0.008290885	0.049434517	10	0.13316262	0.081868395	0.3209241	Binding_K27	0.08017202	0.049289767	0.19321589
Q60G	Q60G	60	60	0.48202732	0.42575568	0.46128255	0.44150683	0.44601408	0.43446207	0.46149388	0.50211066	0.42898187	0.46815768	10	0.45517927	0.024542768	0.09620765	Binding_K27	0.27404568	0.014776243	0.057922874
Q60H	Q60H	60	60	0.2343613	0.23631741	0.20920347	0.29171872	0.29186562	0.18430194	0.28388086	0.16722165	0.06912985	0.113437176	10	0.2081438	0.07582855	0.29724792	Binding_K27	0.12531526	0.04565341	0.17896137
Q60I	Q60I	60	60	0.16849646	-0.08172611	0.05703124	0.10704747	-0.036579642	0.08847191	0.02390298	0.043397013	0.17286262	-0.0058047827	10	0.053709913	0.08331305	0.32658714	Binding_K27	0.03233664	0.050159536	0.19662538
Q60K	Q60K	60	60	1.1643178	0.87373537	0.87134373	0.8361763	0.95221597	1.0092845	0.9376372	1.1756363	0.7214141	0.9636065	10	0.95053685	0.14059754	0.55114233	Binding_K27	0.5722811	0.08464829	0.3318213
Q60L	Q60L	60	60	0.4702732	0.50184304	0.525676	0.5179345	0.49966562	0.5131672	0.497404	0.49553686	0.4822082	0.49997818	10	0.5003687	0.016273083	0.063790485	Binding_K27	0.30125248	0.009797389	0.038405765
Q60M	Q60M	60	60	0.44868666	0.37839535	0.22620367	0.48544443	0.36866954	0.34348708	0.55384797	0.26154175	0.5221213	0.41526985	10	0.40036678	0.10672066	0.418345	Binding_K27	0.24104522	0.06425235	0.2518692
Q60N	Q60N	60	60	0.4561875	0.5684632	0.6801533	0.54501337	0.6676284	0.566019	0.6235077	0.76518077	0.61242294	0.5525159	10	0.6037092	0.086256586	0.33812582	Binding_K27	0.36346975	0.051931724	0.20357236
Q60P	Q60P	60	60	-0.6526326	-0.66232103	-0.6901939	-0.64206016	-0.77162594	-0.7238309	-0.61861336	-0.5411156	-0.5981598	-0.7145001	10	-0.66150534	0.06703737	0.26278648	Binding_K27	-0.39826655	0.04036058	0.15821348
Q60R	Q60R	60	60	1.5182847	1.3543698	1.3094274	1.6456956	1.544125	1.6988728	1.5963289	1.6862121	1.6454289	1.5570161	10	1.5555761	0.13251942	0.5194762	Binding_K27	0.93655163	0.07978477	0.31275633
Q60S	Q60S	60	60	0.6824198	0.68387693	0.60739166	0.6957962	0.6641562	0.6517029	0.6480623	0.6886304	0.62468433	0.70350605	10	0.6650227	0.031724133	0.1243586	Binding_K27	0.4003842	0.019099861	0.07487146
Q60T	Q60T	60	60	0.1812529	0.2837413	0.10747758	0.013503261	0.03355813	0.022819184	-0.082230866	-0.05663575	0.12570927	-0.22106288	10	0.040813208	0.143266	0.5616028	Binding_K27	0.024572039	0.08625487	0.33811912
Q60V	Q60V	60	60	-0.014027989	-0.01916781	0.032974843	0.18811491	0.08701758	-0.005416239	0.15043524	0.029337045	0.12639366	-0.042981762	10	0.05326795	0.07998584	0.3135445	Binding_K27	0.03207055	0.048156355	0.18877292
Q60W	Q60W	60	60	0.801351	0.71715534	0.72600675	0.6546599	0.33841193	0.3718228	0.40413654	0.6539993	0.2934857	0.82829577	10	0.57893246	0.20454182	0.80180395	Binding_K27	0.34855264	0.123146646	0.48273486
Q60Y	Q60Y	60	60	-0.06541481	0.017516052	-0.23868576	-0.03396615	-0.015433999	0.057094287	-0.039222777	-0.09855753	-0.11182133	-0.095474206	10	-0.062396623	0.08174923	0.32045698	Binding_K27	-0.037566572	0.04921802	0.19293465
Q69A	Q69A	69	69	0.17957295	0.03578026	0.12416791	0.09561276	0.22576405	0.098758556	0.12654312	0.3209855	-0.019505795	0.05556181	10	0.124324106	0.098181464	0.38487133	Binding_K27	0.07485069	0.059111226	0.231716
Q69C	Q69C	69	69	0.13534187	0.30404028	0.12851076	0.035920598	0.08484395	0.031857412	0.084174335	0.19253875	0.045978952	-0.015671413	10	0.10275356	0.092921615	0.36425275	Binding_K27	0.061863907	0.055944476	0.21930236
Q69D	Q69D	69	69	-0.11877033	-0.09359971	-0.086741365	-0.11678446	-0.019142343	-0.027502695	0.02801636	0.04743048	-0.06981415	-0.10149474	10	-0.055840295	0.059797045	0.23440441	Binding_K27	-0.033619262	0.036001466	0.14112575
Q69E	Q69E	69	69	-0.13347134	-0.12198577	0.061249204	0.11404609	-0.031323556	0.020506874	-0.13130794	-0.13621145	-0.08868735	-0.12633933	10	-0.05735246	0.092846446	0.36395806	Binding_K27	-0.03452968	0.05589922	0.21912496
Q69F	Q69F	69	69	0.010176955	-0.11935667	-0.19260052	-0.37724158	-0.18426189	-0.2523065	-0.21921399	-0.41218847	-0.17935474	-0.16402832	10	-0.20903759	0.12084297	0.47370446	Binding_K27	-0.12585337	0.07275484	0.28519896
Q69G	Q69G	69	69	0.1707057	0.2035052	0.3183694	0.342112	0.31449324	0.3634869	0.3328945	0.32057947	0.22265233	0.3567675	10	0.29455662	0.06895588	0.27030706	Binding_K27	0.17734104	0.041515645	0.16274133
Q69H	Q69H	69	69	-0.110481344	-0.2556714	-0.29360715	-0.2849689	-0.13416202	-0.14147224	-0.10499941	-0.13961318	-0.19037727	-0.11824416	10	-0.17735972	0.07392001	0.28976646	Binding_K27	-0.10678136	0.044504356	0.17445707
Q69I	Q69I	69	69	0.2990867	0.022795057	0.054958362	0.0009952611	0.03920118	0.11260102	0.1992606	0.24601448	0.17904921	0.15298736	10	0.13069493	0.101154245	0.39652464	Binding_K27	0.07868631	0.060901023	0.23873201
Q69K	Q69K	69	69	0.17313848	0.25208634	0.29479298	0.40985423	0.25649926	0.34595668	0.34214345	0.29661626	0.2410442	0.4118727	10	0.30240047	0.07616513	0.29856732	Binding_K27	0.18206352	0.045856055	0.17975573
Q69L	Q69L	69	69	-0.035070967	-0.07336315	-0.18800956	-0.15516242	-0.028987333	-0.13134953	-0.07404524	0.057987586	-0.048706323	-0.13436198	10	-0.081106886	0.072736576	0.28512737	Binding_K27	-0.04883129	0.043791853	0.17166407
Q69M	Q69M	69	69	-0.29957068	-0.296177	-0.20899382	-0.11986577	-0.19371517	-0.2785578	-0.23615585	-0.19497804	-0.21187057	-0.12040334	10	-0.21602881	0.06421953	0.25174055	Binding_K27	-0.13006252	0.038664073	0.15156317
Q69N	Q69N	69	69	0.22399807	0.0871588	0.09482384	-0.065521576	-0.024470229	-0.14324181	-0.0029207037	0.0005310495	0.02877251	0.11900024	10	0.031813018	0.103843085	0.4070649	Binding_K27	0.019153377	0.06251987	0.2450779
Q69P	Q69P	69	69	0.6950673	0.79273176	0.9923456	0.69297385	0.8769009	0.78197205	0.83205134	0.82872194	0.88430244	0.83626115	10	0.8213328	0.089117266	0.3493397	Binding_K27	0.49449244	0.053654026	0.21032378
Q69R	Q69R	69	69	0.23355475	0.30663586	0.25550932	0.18802059	0.34352255	0.22487263	0.32526392	0.29500267	0.34094423	0.27993003	10	0.27932566	0.052688114	0.20653741	Binding_K27	0.16817108	0.031721458	0.12434812
Q69S	Q69S	69	69	0.08271883	-0.076093405	0.077606365	0.016646078	0.029496828	-0.0027573411	-0.07023755	0.063493304	-0.047321662	0.057130706	10	0.013068216	0.06015748	0.23581733	Binding_K27	0.0078678625	0.03621847	0.14197642
Q69T	Q69T	69	69	-0.01523262	0.014364997	0.15036997	0.0753986	0.4867079	0.10604216	0.21119075	0.10005451	0.18517944	0.12993664	10	0.14440124	0.13909797	0.54526407	Binding_K27	0.08693835	0.083745465	0.32828224
Q69V	Q69V	69	69	0.0019461982	0.1738525	0.12692466	0.10279902	0.11149732	0.114473075	-0.1323196	0.1769196	0.13388962	0.04103683	10	0.085101925	0.09335584	0.3659549	Binding_K27	0.051236548	0.05620591	0.22032717
Q69W	Q69W	69	69	-0.60294783	-0.3460658	-0.33006206	-0.23022646	-0.52410215	-0.26856548	-0.24916254	-0.30415958	-0.15961221	-0.1779519	10	-0.31928557	0.1431271	0.5610582	Binding_K27	-0.19222938	0.08617124	0.33779126
Q69Y	Q69Y	69	69	-0.4397304	-0.4394258	-0.8907235	-0.5629616	-0.49591887	-0.47987372	-0.122477695	-0.5413347	-0.42640126	-0.5803371	10	-0.49791846	0.18868303	0.7396375	Binding_K27	-0.29977727	0.11359869	0.44530687
Q98A	Q98A	98	98	-0.04400756	-0.0092389835	-0.075005054	-0.021312086	-0.07144468	-0.05659156	-0.114498965	-0.05232766	-0.03969653	-0.019513438	10	-0.05036365	0.031355925	0.12291523	Binding_K27	-0.030321987	0.018878179	0.07400246
Q98C	Q98C	98	98	0.008950083	0.008770845	-0.007991173	-0.01568548	0.023020286	0.024629787	0.06453731	0.2078397	0.18313123	-0.011056995	10	0.048614558	0.08096051	0.3173652	Binding_K27	0.029268928	0.048743166	0.19107321
Q98D	Q98D	98	98	0.10728488	0.07061855	0.123286344	0.03481237	0.4063102	0.34808272	0.11427421	0.36827952	0.046943463	0.29321933	10	0.19131115	0.14530736	0.5696049	Binding_K27	0.11518098	0.08748389	0.34293684
Q98E	Q98E	98	98	0.019682268	-0.23269068	-0.011488266	0.018775491	-0.012238849	-0.019396115	0.075628124	0.042211484	-0.020276777	0.087768614	10	-0.005202471	0.08874939	0.3478976	Binding_K27	-0.0031322048	0.053432543	0.20945556
Q98F	Q98F	98	98	-0.32743898	-0.36950412	-0.3377187	-0.3099549	-0.46663758	-0.42674544	-0.54822737	-0.35995057	-0.33824593	-0.21345037	10	-0.3697874	0.09213498	0.36116913	Binding_K27	-0.22263455	0.055470876	0.21744584
Q98G	Q98G	98	98	0.14243878	0.060294785	-0.022480797	-0.103211045	-0.15276022	-0.1741143	-0.1380089	-0.07955566	-0.08304865	-0.0065804967	10	-0.055702645	0.10001208	0.39204735	Binding_K27	-0.03353639	0.06021337	0.2360364
Q98H	Q98H	98	98	0.23325293	0.075307555	-0.06461052	0.116129436	0.1308177	0.08132954	-0.06385638	0.10820952	0.14733481	0.20913666	10	0.09730513	0.098891765	0.38765574	Binding_K27	0.05858362	0.05953887	0.23339237
Q98I	Q98I	98	98	-0.028509442	-0.046790816	-0.09591496	-0.1023801	-0.08207478	-0.022037018	-0.007150018	0.025421828	-0.002876336	0.0030184232	10	-0.035929326	0.044360954	0.17389494	Binding_K27	-0.021631645	0.026708	0.10469536
Q98K	Q98K	98	98	0.11793431	0.05788772	0.18530716	0.062681854	0.04388536	0.07988215	0.059317987	-0.08920947	-0.07919878	0.22473925	10	0.06632276	0.098941274	0.3878498	Binding_K27	0.039930344	0.05956868	0.23350923
Q98L	Q98L	98	98	-0.16357382	-0.13254468	-0.18624726	-0.10772527	-0.15306649	-0.19319437	-0.17461114	-0.20759857	-0.15532023	-0.16256772	10	-0.16364494	0.029274218	0.11475494	Binding_K27	-0.098524235	0.017624864	0.06908947
Q98M	Q98M	98	98	-0.20837761	-0.38367176	-0.4354354	-0.40749252	-0.27812493	-0.38739988	-0.327244	-0.13361838	-0.23120648	-0.23924828	10	-0.30318195	0.10008742	0.3923427	Binding_K27	-0.18253402	0.060258728	0.23621422
Q98N	Q98N	98	98	0.040138606	-0.22531623	-0.04674285	0.039384276	0.22681859	0.060421973	0.045786586	-0.08235685	-0.006468367	0.06897042	10	0.012063617	0.11711083	0.45907447	Binding_K27	0.0072630327	0.07050786	0.27639082
Q98P	Q98P	98	98	1.1774484	0.118826866	0.94348717	0.87358135	0.41623822	0.04977616	0.3328387	1.2659174	0.90420395	0.4636391	10	0.65459573	0.43339327	1.6989017	Binding_K27	0.39410654	0.26092917	1.0228424
Q98R	Q98R	98	98	0.15964167	0.04902318	0.17528678	0.2292483	0.20492025	0.024723826	0.09567058	0.10335128	0.16430621	0.18467417	10	0.1390846	0.0677107	0.26542595	Binding_K27	0.08373741	0.040765967	0.1598026
Q98S	Q98S	98	98	0.15257877	0.09651609	0.032374945	0.101821065	0.05970111	0.19298083	0.11427809	0.022768915	0.057034556	0.040858235	10	0.08709126	0.055245403	0.21656199	Binding_K27	0.052434247	0.0332611	0.13038352
Q98T	Q98T	98	98	0.08992941	0.18053263	0.06151392	0.15544581	-0.050374	-0.011029922	0.2246424	0.119919546	0.1457645	-0.04912371	10	0.08672206	0.09694447	0.38002235	Binding_K27	0.05221197	0.058366485	0.22879663
Q98V	Q98V	98	98	-0.2531499	-0.15838975	-0.15202953	-0.13242643	-0.21438904	-0.1373164	-0.16395885	-0.15443203	-0.2773724	-0.25821808	10	-0.19016823	0.055120632	0.21607289	Binding_K27	-0.11449287	0.03318598	0.13008904
Q98W	Q98W	98	98	-0.37861165	-0.35968912	-0.50769407	-0.41387606	-0.56046	-0.48072234	-0.5061417	-0.5016618	-0.541402	-0.41247016	10	-0.4662729	0.06989416	0.2739851	Binding_K27	-0.2807247	0.042080544	0.16495574
Q98Y	Q98Y	98	98	-0.25322974	-0.17084129	0.055719152	-0.2198072	-0.1884635	-0.20134164	-0.0891359	0.014616472	-0.16416176	-0.12500492	10	-0.13416503	0.10084114	0.3952973	Binding_K27	-0.08077553	0.060712516	0.23799306
R101A	R101A	101	101	-0.35333145	-0.41887277	-0.32165876	-0.19961852	-0.28115988	-0.44703853	-0.36235017	-0.21193682	-0.252376	-0.44600725	10	-0.32943505	0.09193019	0.36036634	Binding_K27	-0.19833998	0.05534758	0.21696252
R101C	R101C	101	101	-0.19690908	-0.26651442	-0.25986174	-0.352958	-0.07601044	-0.14229247	-0.2592187	-0.28631905	-0.24817301	-0.24994804	10	-0.23382048	0.07778309	0.30490974	Binding_K27	-0.14077419	0.046830166	0.18357426
R101D	R101D	101	101	-0.26063585	-0.27177843	-0.29087573	-0.44331768	-0.42979372	-0.32789883	-0.17269605	-0.10426861	-0.29363388	-0.20153171	10	-0.27964306	0.10577939	0.4146552	Binding_K27	-0.16836217	0.06368564	0.24964772
R101E	R101E	101	101	-0.5070436	-0.24498004	-0.48557714	-0.7199339	-0.38806313	-0.27078208	-0.44144198	-0.3858074	-0.24473615	-0.37995514	10	-0.40683207	0.14451882	0.5665138	Binding_K27	-0.24493772	0.08700914	0.34107584
R101F	R101F	101	101	-0.064785406	-0.12577672	-0.1686312	-0.11469538	-0.03593785	0.007944543	0.017889423	0.059264116	0.07740397	0.07274957	10	-0.027457494	0.088531286	0.34704265	Binding_K27	-0.016531086	0.053301234	0.20894083
R101G	R101G	101	101	-0.26944074	-0.22099058	-0.21925718	-0.3534936	-0.31409746	-0.37290788	-0.2224443	-0.24875516	-0.29511285	-0.4464212	10	-0.2962921	0.076039545	0.29807502	Binding_K27	-0.17838591	0.045780443	0.17945933
R101H	R101H	101	101	-0.20239362	-0.35866094	-0.42607585	-0.30703405	-0.03306526	-0.2259746	-0.3378664	-0.08157962	-0.056775436	-0.22640921	10	-0.22558348	0.13498296	0.5291332	Binding_K27	-0.13581501	0.08126797	0.31857044
R101I	R101I	101	101	-0.085770026	-0.07213918	0.0021232166	-0.088161364	0.055404793	0.16679162	0.09789038	0.15757865	-0.11598372	-0.0036881443	10	0.0114046205	0.104246154	0.40864494	Binding_K27	0.0068662767	0.06276254	0.24602917
R101K	R101K	101	101	-0.27557346	-0.3451782	-0.08432473	-0.2082763	-0.2564451	-0.15296365	-0.24976747	-0.1455697	-0.44714433	-0.32058692	10	-0.24858299	0.10702736	0.41954726	Binding_K27	-0.14966212	0.064436994	0.252593
R101L	R101L	101	101	-0.13121979	-0.13655569	-0.051530123	-0.13459216	-0.05202003	-0.118086584	0.015104941	-0.050508834	-0.09202497	-0.05353487	10	-0.08049681	0.050114904	0.19645043	Binding_K27	-0.04846399	0.030172227	0.11827513
R101M	R101M	101	101	-0.35477626	-0.21663591	0.0018572636	-0.25448132	-0.34250236	-0.3769731	-0.19771397	-0.28958073	-0.40714684	-0.5048733	10	-0.29428267	0.1392714	0.54594386	Binding_K27	-0.17717612	0.08384987	0.32869148
R101N	R101N	101	101	-0.13443054	0.0058751856	-0.14379059	-0.046754472	-0.060829043	-0.089197055	-0.118582256	-0.046736673	0.0076619135	-0.032751556	10	-0.06595351	0.054265678	0.21272147	Binding_K27	-0.039708033	0.032671247	0.1280713
R101P	R101P	101	101	0.5451532	0.35658726	0.82685655	0.35977682	0.57168794	-0.048974	0.26755214	-0.4748955	-0.11453611	-0.6614526	10	0.16277556	0.4772016	1.8706304	Binding_K27	0.09800081	0.28730446	1.1262335
R101Q	R101Q	101	101	-0.04814695	-0.37405062	-0.27086738	-0.0599441	-0.2424625	-0.49626812	-0.5339079	-0.37777543	-0.1794393	-0.2565049	10	-0.28393674	0.16459684	0.6452196	Binding_K27	-0.17094722	0.099097334	0.38846156
R101S	R101S	101	101	-0.11810455	-0.09184586	-0.08124485	-0.095814146	-0.1632573	-0.15616904	-0.04516932	-0.13372557	-0.14679815	-0.14435223	10	-0.1176481	0.038161118	0.14959158	Binding_K27	-0.07083133	0.02297532	0.09006326
R101T	R101T	101	101	-0.24682085	-0.34436592	-0.22340083	-0.07641919	-0.2718703	-0.21227573	-0.30357054	-0.2861642	-0.043349992	-0.3594994	10	-0.23677368	0.10476265	0.4106696	Binding_K27	-0.1425522	0.0630735	0.24724813
R101V	R101V	101	101	-0.06214798	0.0540516	-0.2550133	-0.13901556	-0.09657535	-0.0960943	-0.03893513	0.0060650483	-0.08183117	-0.11894233	10	-0.08284384	0.08397571	0.3291848	Binding_K27	-0.049877044	0.050558496	0.1981893
R101W	R101W	101	101	-0.112071	-0.30258453	-0.2825085	0.059357617	-0.30463347	-0.09798532	-0.01666568	0.021052394	-0.2784751	-0.19172011	10	-0.15062338	0.14063597	0.551293	Binding_K27	-0.09068446	0.08467143	0.331912
R101Y	R101Y	101	101	0.3706347	0.3614632	0.047385544	0.23137526	0.069295555	0.1318736	0.1112607	0.34175175	0.20058246	0.21726468	10	0.20828874	0.11961354	0.4688851	Binding_K27	0.12540253	0.072014645	0.2822974
R122A	R122A	122	122	-0.33758625	-0.20898789	-0.11205633	-0.11904939	-0.11813298	-0.08431454	-0.15628265	-0.24487124	-0.21648233	-0.20841807	10	-0.18061814	0.07738346	0.30334318	Binding_K27	-0.10874313	0.04658956	0.18263108
R122C	R122C	122	122	-0.23857298	-0.27468067	-0.0758716	-0.16764125	-0.19124098	-0.13702424	-0.14712903	-0.3267723	-0.44204053	-0.36078507	10	-0.23617586	0.11439589	0.44843188	Binding_K27	-0.14219227	0.0688733	0.26998335
R122D	R122D	122	122	-0.18178166	-0.097510986	-0.13151878	-0.000961579	-0.21678397	-0.15009741	-0.23008655	-0.31267995	-0.2695387	-0.23002541	10	-0.1820985	0.09070608	0.35556784	Binding_K27	-0.1096344	0.05461059	0.21407352
R122E	R122E	122	122	-0.16245827	-0.11681101	-0.2934674	-0.231442	-0.18054305	-0.21104322	-0.23593353	-0.17144874	-0.089628875	-0.21221155	10	-0.19049878	0.059711933	0.23407078	Binding_K27	-0.11469188	0.035950225	0.14092489
R122F	R122F	122	122	-0.040363643	-0.03541656	-0.10740817	0.006641195	-0.03980331	-0.029321732	-0.03008219	0.07296058	0.037830766	0.1375522	10	-0.002741085	0.06945268	0.27225453	Binding_K27	-0.0016503002	0.04181475	0.16391382
R122G	R122G	122	122	-0.18157656	-0.2748496	-0.22640185	-0.2609604	-0.19131786	-0.24432924	-0.15477498	-0.16329841	-0.22296666	-0.18279482	10	-0.21032706	0.04155972	0.1629141	Binding_K27	-0.12662971	0.025021484	0.09808422
R122H	R122H	122	122	-0.015566445	-0.16591926	-0.1251389	-0.13742757	-0.34216663	-0.085752055	-0.20055525	-0.2267792	-0.013029886	-0.33081892	10	-0.1643154	0.11451134	0.44888446	Binding_K27	-0.09892789	0.06894281	0.2702558
R122I	R122I	122	122	-0.0524529	0.059418093	0.04742336	-0.039147206	0.17306308	0.1421509	-0.0090566	-0.23005189	-0.12837318	-0.07925909	10	-0.011628543	0.12230942	0.4794529	Binding_K27	-0.0070010917	0.073637724	0.28865987
R122K	R122K	122	122	-0.1254166	-0.18706508	-0.08769987	-0.1501863	-0.24002856	-0.25655887	-0.1716104	-0.28488696	-0.13946508	-0.10417846	10	-0.17470962	0.0667382	0.26161376	Binding_K27	-0.105185844	0.040180467	0.15750743
R122L	R122L	122	122	-0.07031554	0.0069033415	0.050802603	-0.027348071	-0.031247964	-0.053345785	-0.025802918	-0.031080453	-0.054218665	-0.0043516993	10	-0.024000514	0.034917522	0.13687669	Binding_K27	-0.014449773	0.021022478	0.082408115
R122M	R122M	122	122	-0.13868868	-0.1515557	-0.070240855	-0.15957198	-0.21714504	-0.4317409	-0.30839002	-0.21753153	-0.16555849	-0.21455838	10	-0.20749816	0.10081186	0.3951825	Binding_K27	-0.124926545	0.06069489	0.23792396
R122N	R122N	122	122	-0.29251227	-0.17017573	-0.14223765	-0.2655312	-0.12532851	-0.2095051	-0.2679723	-0.19698246	-0.1310185	-0.44296315	10	-0.2244227	0.09729635	0.3814017	Binding_K27	-0.13511615	0.058578335	0.22962707
R122P	R122P	122	122	-0.08484851	0.09463097	-0.011237452	-0.03928697	-0.11227126	-0.14691642	-0.16635604	0.022916095	-0.0754989	0.13848706	10	-0.038038142	0.100345254	0.3933534	Binding_K27	-0.022901282	0.06041396	0.23682272
R122Q	R122Q	122	122	-0.25868106	-0.17894423	-0.07402378	-0.16018479	-0.07493408	-0.09586511	-0.15753217	-0.1373914	-0.11242497	-0.17980236	10	-0.1429784	0.05687577	0.22295302	Binding_K27	-0.08608171	0.034242682	0.13423131
R122S	R122S	122	122	-0.172754	-0.12287378	-0.1885608	-0.08172028	-0.08202862	-0.14585955	-0.24292928	-0.2893698	-0.13006836	-0.2933752	10	-0.17495397	0.078050114	0.30595645	Binding_K27	-0.105332956	0.046990927	0.18420444
R122T	R122T	122	122	-0.19912936	-0.145662	-0.20201959	-0.17285876	-0.24862851	-0.20775257	-0.31780827	-0.24834467	-0.19430472	-0.2973294	10	-0.22338378	0.054131903	0.21219707	Binding_K27	-0.13449065	0.032590706	0.12775557
R122V	R122V	122	122	-0.09757962	-0.074144974	0.028504547	0.03517548	-0.060298182	-0.1466791	-0.082760215	-0.020475095	0.0047370335	-0.09807763	10	-0.051159777	0.060513206	0.23721178	Binding_K27	-0.030801306	0.03643264	0.14281595
R122W	R122W	122	122	0.023650417	0.0173719	0.08357555	0.12873185	0.059247985	0.14870712	0.1413672	0.13331224	0.08812226	0.026182512	10	0.085026905	0.05159045	0.20223457	Binding_K27	0.051191382	0.031060597	0.121757545
R122Y	R122Y	122	122	-0.02225091	-0.2073822	-0.14453958	-0.09419643	0.080137886	-0.06482459	-0.15509045	-0.06801617	-0.03708268	-0.20133893	10	-0.09145841	0.088717274	0.34777173	Binding_K27	-0.05506354	0.05341321	0.20937978
R134A	R134A	134	134	-0.6471739	-0.3825384	-0.22193982	-0.26185408	-0.6039374	-0.366191	-0.47670275	-0.23577781	-0.3486032	-0.61198294	10	-0.4156701	0.16086508	0.63059115	Binding_K27	-0.25025874	0.09685059	0.37965432
R134C	R134C	134	134	-0.706412	-0.59793836	-0.69723403	-0.32783902	-0.37306273	-0.4510637	-0.2491391	-0.48829448	-0.4849497	-0.19119562	10	-0.45671287	0.17611974	0.6903894	Binding_K27	-0.27496898	0.10603482	0.4156565
R134D	R134D	134	134	-0.62789816	-0.5194083	-0.57367176	-0.4812476	-0.50940704	-0.50112754	-0.6765355	-0.3585015	-0.52211887	-0.6142272	10	-0.53841436	0.08979646	0.35200214	Binding_K27	-0.32415828	0.054062944	0.21192674
R134E	R134E	134	134	-0.5243941	-0.56118184	-0.5035918	-0.6925087	-0.4772485	-0.5303353	-0.6119105	-0.44111753	-0.5893386	-0.3538956	10	-0.52855223	0.094289936	0.36961657	Binding_K27	-0.31822067	0.05676829	0.2225317
R134F	R134F	134	134	-0.050207004	-0.17075765	-0.025282312	-0.10574267	-0.31286663	-0.24266621	-0.27275392	-0.341104	-0.14833012	-0.28494766	10	-0.1954658	0.111627765	0.43758085	Binding_K27	-0.11768233	0.06720672	0.26345035
R134G	R134G	134	134	-0.31440857	-0.499219	-0.37603614	-0.44192478	-0.30573797	-0.30597624	-0.2792841	-0.22562036	-0.3728902	-0.43714273	10	-0.355824	0.084858045	0.33264354	Binding_K27	-0.21422774	0.05108972	0.2002717
R134H	R134H	134	134	-0.21514885	-0.34462833	-0.35292876	-0.47456476	-0.20979103	-0.22750662	-0.49759448	-0.5889519	-0.40038198	-0.49158293	10	-0.38030797	0.13361733	0.5237799	Binding_K27	-0.22896859	0.08044578	0.31534746
R134I	R134I	134	134	-0.5139032	-0.33266795	-0.092314504	-0.16247095	-0.24970476	0.042982012	-0.36681524	-0.16112486	-0.40496987	-0.42696586	10	-0.26679555	0.17285182	0.6775791	Binding_K27	-0.16062719	0.10406733	0.40794396
R134K	R134K	134	134	-0.4553588	-0.2808879	-0.47387224	-0.46017423	-0.53624624	-0.4350099	-0.96706814	-0.24369828	-0.5703123	-0.45094702	10	-0.48735753	0.19646999	0.7701624	Binding_K27	-0.29341894	0.118286915	0.4636847
R134L	R134L	134	134	-0.21570039	-0.26754975	-0.20002809	-0.1587997	-0.17778467	-0.09399609	-0.35385936	-0.16885793	-0.09147799	-0.20364964	10	-0.19317035	0.07760565	0.30421415	Binding_K27	-0.11630033	0.046723332	0.18315546
R134M	R134M	134	134	-0.1605324	-0.5490358	-0.25834456	-0.18088709	-0.110542685	-0.19022575	-0.05915206	-0.2197771	-0.07551088	-0.23392674	10	-0.2037935	0.13823697	0.54188895	Binding_K27	-0.12269611	0.08322708	0.32625017
R134N	R134N	134	134	-0.4124395	-0.3445239	-0.15322226	-0.3885045	-0.35308558	-0.07225329	-0.28500628	-0.38541752	-0.30615923	-0.33439603	10	-0.30350083	0.10919292	0.42803627	Binding_K27	-0.18272601	0.065740794	0.25770393
R134P	R134P	134	134	1.0733364	1.4829898	0.6368062	0.558484	0.7816182	1.3048801	0.95838195	1.4778355	0.95292443	0.6904312	10	0.99176884	0.3388832	1.3284222	Binding_K27	0.5971053	0.20402834	0.7997911
R134Q	R134Q	134	134	-0.40028134	-0.23143312	-0.32170475	-0.39055264	-0.28889808	-0.43711343	-0.29178923	-0.25401676	-0.42525318	-0.32286167	10	-0.33639044	0.07265004	0.28478816	Binding_K27	-0.20252755	0.04373975	0.17145982
R134S	R134S	134	134	-0.53939253	-0.5524198	-0.555503	-0.5536639	-0.47558174	-0.42251772	-0.5216602	-0.47084606	-0.48012245	-0.41955945	10	-0.49912673	0.05274367	0.20675519	Binding_K27	-0.3005047	0.031754903	0.12447923
R134T	R134T	134	134	-0.6389947	-0.59041846	-0.47994065	-0.5761587	-0.40314916	-0.33215284	-0.18605539	-0.35279262	-0.6420212	-0.4825343	10	-0.4684218	0.14980905	0.5872515	Binding_K27	-0.28201848	0.09019418	0.3535612
R134V	R134V	134	134	-0.05450703	-0.2159049	-0.20370063	-0.07323955	-0.3251447	-0.13281475	-0.17976214	-0.07794175	-0.2290083	-0.3279652	10	-0.1819989	0.09829779	0.38532734	Binding_K27	-0.10957443	0.05918126	0.23199055
R134W	R134W	134	134	-0.49203494	-0.5434598	-0.55329853	-0.48913315	-0.4156311	-0.48390335	-0.66708815	-0.112009995	-0.46148196	-0.37332115	10	-0.4591362	0.14589784	0.5719195	Binding_K27	-0.27642798	0.087839395	0.34433043
R134Y	R134Y	134	134	-0.44787484	-0.46925882	-0.44979626	-0.33770335	-0.19290704	-0.29540163	-0.5897958	-0.7553217	-0.43465665	-0.5073561	10	-0.4480072	0.15607445	0.6118119	Binding_K27	-0.26972765	0.093966335	0.36834803
R148A	R148A	148	148	-1.0106777	-0.8813461	-0.72352666	-0.8181112	-0.76887715	-0.8075542	-0.93219054	-0.7632803	-0.9788311	-1.0529603	10	-0.87373555	0.11480759	0.45004576	Binding_K27	-0.5260421	0.06912117	0.27095497
R148C	R148C	148	148	-0.16822019	-0.14142025	0.06516402	-0.07924542	-0.004353855	-0.440601	-0.24959809	-0.1215705	-0.072366856	-0.15459152	10	-0.13668036	0.13839194	0.54249644	Binding_K27	-0.08228991	0.08332039	0.32661593
R148D	R148D	148	148	-0.6367934	-0.6262083	-0.64714694	-0.67627925	-0.7624144	-0.39515895	-0.42216748	-0.46155134	-0.483847	-0.6677004	10	-0.57792675	0.12579317	0.49310926	Binding_K27	-0.34794715	0.07573516	0.29688182
R148E	R148E	148	148	-0.27396005	-0.3582044	-0.28114918	-0.30424133	-0.05886107	-0.37116393	-0.51428276	-0.50891966	-0.41289148	-0.41360316	10	-0.3497277	0.13255511	0.51961607	Binding_K27	-0.21055739	0.07980626	0.31284055
R148F	R148F	148	148	-0.12595165	-0.4045144	0.0772333	0.22357756	0.017490743	-0.029493079	-0.19148277	-0.30792755	-0.31550673	-0.25563097	10	-0.13122055	0.20022537	0.78488344	Binding_K27	-0.079002775	0.12054788	0.4725477
R148G	R148G	148	148	-1.1450206	-1.3513161	-1.3904822	-1.2100016	-1.2826465	-1.0391606	-1.1751846	-1.2737904	-1.2280566	-1.549226	10	-1.2644886	0.14229144	0.5577825	Binding_K27	-0.76129925	0.085668124	0.33581907
R148H	R148H	148	148	-0.28448075	-0.40635964	-0.45896307	-0.32552487	-0.3703661	-0.4926644	-0.461369	-0.30549902	-0.3582041	-0.23639013	10	-0.36998212	0.08437623	0.33075482	Binding_K27	-0.2227518	0.050799634	0.19913457
R148I	R148I	148	148	-0.20578042	-0.1041272	-0.21210223	-0.13427335	-0.06974431	0.015756873	-0.17507394	-0.311401	-0.271401	-0.30238682	10	-0.17705333	0.10570199	0.41435182	Binding_K27	-0.1065969	0.063639045	0.24946506
R148K	R148K	148	148	-0.37879738	-0.39465812	-0.34045434	-0.30134258	-0.5487181	-0.5407067	-0.19727135	-0.3449208	-0.3905464	-0.4199566	10	-0.38573724	0.104487374	0.4095905	Binding_K27	-0.23223734	0.06290777	0.24659847
R148L	R148L	148	148	-0.15597554	-0.047025193	-0.34392634	-0.22308578	-0.35874802	-0.10374725	-0.14579423	0.09726367	-0.5364893	-0.21447825	10	-0.20320062	0.17816626	0.69841176	Binding_K27	-0.12233917	0.10726695	0.42048645
R148M	R148M	148	148	-0.10534695	-0.31136346	-0.019923514	0.03716356	-0.12169056	-0.19696762	-0.3009731	0.027170055	0.030336348	-0.13573974	10	-0.1097335	0.13067444	0.5122438	Binding_K27	-0.06606626	0.07867398	0.308402
R148N	R148N	148	148	-0.19783644	-0.23595026	-0.25671923	-0.39293993	-0.23828258	-0.23421732	-0.2822307	-0.19678868	-0.31004736	-0.5400752	10	-0.28850874	0.10571035	0.41438457	Binding_K27	-0.17369986	0.063644074	0.24948478
R148P	R148P	148	148	-0.8040602	-1.281629	-1.1999525	-0.97214615	-0.6727194	-0.83106035	-0.7686124	-0.7481669	-0.647023	-0.8063711	10	-0.8731741	0.214039	0.8390329	Binding_K27	-0.525704	0.12886453	0.50514895
R148Q	R148Q	148	148	-0.7933936	-0.47711182	-0.66397613	-0.5473256	-0.86653984	-0.6604591	-0.61345106	-0.18411238	-0.509693	-1.0321467	10	-0.63482094	0.23333178	0.91466063	Binding_K27	-0.38220093	0.14047997	0.5506815
R148S	R148S	148	148	-0.8122462	-0.8117122	-0.5060731	-0.5378179	-0.55476606	-0.5054483	-0.5534183	-0.67094994	-0.86838543	-1.162961	10	-0.6983778	0.21419698	0.8396522	Binding_K27	-0.420466	0.12895964	0.5055218
R148T	R148T	148	148	-0.4044519	-0.3771693	-0.61334676	-0.43626323	-0.5983356	-0.4254066	-0.6235194	-0.54382735	-0.8074023	-0.5869082	10	-0.54166305	0.13259366	0.51976717	Binding_K27	-0.32611418	0.07982947	0.31293154
R148V	R148V	148	148	-0.01032214	-0.02573171	0.0018332396	-0.0062701493	-0.0015971818	-0.024585031	-0.024865951	0.028014336	-0.0050515765	-0.013178242	10	-0.008175441	0.01616664	0.06337323	Binding_K27	-0.004922114	0.009733303	0.03815455
R148W	R148W	148	148	0.028686697	-0.13230725	-0.2352955	-0.09448195	-0.3226834	0.26221144	-0.02353907	-0.43860054	-0.15722942	-0.21463308	10	-0.13278721	0.19518848	0.76513886	Binding_K27	-0.079946	0.11751536	0.46066022
R148Y	R148Y	148	148	0.058521185	-0.035577923	0.2087355	0.1300261	-0.20416954	-0.22558276	-0.3094211	-0.13051546	-0.11576873	-0.031265724	10	-0.065501854	0.16397537	0.64278346	Binding_K27	-0.03943611	0.09872317	0.38699484
R160A	R160A	160	160	0.037763022	-0.4411489	-0.20046528	-0.12012686	-0.34399542	-0.23644376	-0.41021526	-0.4365859	-0.29535013	-0.11664834	10	-0.2563217	0.15902759	0.6233882	Binding_K27	-0.1543213	0.095744304	0.3753177
R160C	R160C	160	160	0.053482473	-0.56304353	-0.011161596	-0.05829711	-0.2172125	-0.26130196	-0.1629442	-0.41318893	-0.3690798	-0.6003255	10	-0.26030725	0.22488251	0.88153946	Binding_K27	-0.15672083	0.13539298	0.5307405
R160D	R160D	160	160	-0.33407378	-0.6323507	-0.38934785	-0.45828837	-0.0763252	-0.31806388	-0.2797922	-0.39556286	-0.49420616	-0.7483693	10	-0.41263804	0.18750744	0.73502916	Binding_K27	-0.24843326	0.11289091	0.44253236
R160E	R160E	160	160	-0.14861831	-0.1337033	-0.20660901	-0.43491492	-0.2250713	-0.11768435	-0.17347823	-0.5979924	-0.090889215	-0.48318708	10	-0.26121482	0.17745027	0.6956051	Binding_K27	-0.15726726	0.10683588	0.41879666
R160F	R160F	160	160	0.62408805	0.5538718	0.6824715	0.7896311	0.6604449	0.6673097	0.2862412	0.74932605	0.5198474	0.42986014	10	0.5963092	0.15261877	0.5982656	Binding_K27	0.35901448	0.091885805	0.36019236
R160G	R160G	160	160	-0.30004263	-0.28307292	-0.4657419	-0.4209932	-0.4714232	-0.38259417	-0.3784544	-0.4703135	-0.47421083	-0.5630989	10	-0.42099458	0.08624214	0.3380692	Binding_K27	-0.2534644	0.051923025	0.20353827
R160H	R160H	160	160	-0.34202906	-0.26431036	-0.20703961	-0.16007367	-0.21477596	-0.10088003	-0.16138004	-0.18258585	-0.25687516	-0.016701814	10	-0.19066516	0.09052391	0.35485375	Binding_K27	-0.11479205	0.054500915	0.2136436
R160I	R160I	160	160	1.3527435	1.4161185	1.4291326	1.0930128	1.1955721	1.4658366	1.2583958	1.4793679	1.3754718	1.5354819	10	1.3601134	0.13868693	0.5436528	Binding_K27	0.8188712	0.083497986	0.3273121
R160K	R160K	160	160	-0.23154469	-0.10037611	-0.25768346	-0.29471618	-0.07685405	-0.20031832	-0.29587796	-0.32137588	-0.27236322	-0.25629538	10	-0.23074052	0.08250525	0.32342058	Binding_K27	-0.13891986	0.04967319	0.1947189
R160L	R160L	160	160	-0.043437447	0.030623524	0.04935896	0.0024351855	-0.18643312	0.16343555	0.071812525	0.019735279	-0.16243142	-0.028399479	10	-0.008330044	0.10476347	0.4106728	Binding_K27	-0.0050151944	0.063074	0.24725008
R160M	R160M	160	160	-0.4455412	-0.30849385	-0.43889984	-0.48151496	-0.3972016	-0.28088132	-0.15341319	-0.16559014	-0.15267856	-0.35854268	10	-0.31827575	0.12677778	0.49696892	Binding_K27	-0.19162141	0.07632796	0.2992056
R160N	R160N	160	160	-0.28987026	-0.08065486	-0.2109467	-0.15988359	-0.19379576	-0.007329714	-0.194112	-0.15757863	-0.19876096	-0.20268874	10	-0.16956213	0.077307306	0.30304465	Binding_K27	-0.102086745	0.046543714	0.18245137
R160P	R160P	160	160	1.4624716	1.3031977	2.029388	1.7760963	1.4754202	0.6244385	0.57139325	0.8581671	0.52070004	0.835244	10	1.1456517	0.5357647	2.1001976	Binding_K27	0.68975216	0.32256302	1.2644471
R160Q	R160Q	160	160	-0.26690036	-0.325331	-0.0856659	-0.3284225	-0.40946478	-0.20800593	-0.30501014	-0.341683	-0.24964015	-0.41946366	10	-0.29395872	0.098395415	0.38571003	Binding_K27	-0.17698108	0.05924004	0.23222096
R160S	R160S	160	160	-0.28618732	-0.26545286	-0.28410855	-0.18984918	-0.31150913	-0.19483626	-0.39029676	-0.23321034	-0.18513839	-0.25709555	10	-0.25976843	0.06361732	0.24937989	Binding_K27	-0.15639643	0.038301505	0.15014191
R160T	R160T	160	160	-0.51819694	-0.5544033	-0.43146276	-0.46614096	-0.3973981	-0.28396258	-0.4390972	-0.21948504	-0.47963515	-0.576625	10	-0.43664068	0.11297682	0.44286913	Binding_K27	-0.26288432	0.068018936	0.26663423
R160V	R160V	160	160	0.15715389	0.09999741	0.22158523	0.36276966	0.21147946	0.15722428	0.3021866	0.4248826	0.26657906	0.2770778	10	0.2480936	0.099451736	0.38985083	Binding_K27	0.14936748	0.05987601	0.23471396
R160W	R160W	160	160	0.28593135	0.22148132	0.25626037	0.22235377	-0.011197103	-0.107672155	-0.0601248	-0.08791487	0.2468234	0.15672557	10	0.11226668	0.1593147	0.6245137	Binding_K27	0.06759139	0.095917165	0.3759953
R160Y	R160Y	160	160	0.07170745	0.19116211	0.106612705	0.1841638	-0.08147374	0.17777647	0.110235184	0.057398923	0.056079507	0.22138983	10	0.10950522	0.09000049	0.35280192	Binding_K27	0.06592882	0.05418578	0.21240827
R163A	R163A	163	163	-0.53359723	-0.38184714	-0.19472761	-0.49197277	-0.50740486	-0.36496705	-0.5081941	-0.31769988	-0.31994063	-0.40037572	10	-0.40207273	0.10872113	0.42618683	Binding_K27	-0.2420723	0.06545675	0.25659046
R163C	R163C	163	163	-0.44043908	-0.5681696	-0.5037101	-0.39274397	-0.24008109	-0.4544154	-0.3682099	-0.3216624	-0.20809102	-0.50317097	10	-0.40006933	0.11732221	0.45990306	Binding_K27	-0.24086612	0.070635125	0.27688968
R163D	R163D	163	163	-0.3330757	-0.43853346	-0.3023939	-0.5797696	-0.5809962	-0.44265375	-0.38082063	-0.42031777	-0.41380462	-0.5478735	10	-0.4440239	0.09766352	0.38284102	Binding_K27	-0.26732945	0.058799393	0.23049362
R163E	R163E	163	163	-0.9031784	-0.7806493	-0.81633365	-0.45852154	-0.69586325	-0.6222142	-0.8705873	-0.6472558	-0.7593126	-0.92852336	10	-0.7482439	0.1453146	0.56963325	Binding_K27	-0.45048848	0.08748825	0.34295395
R163F	R163F	163	163	-0.3088315	-0.241531	-0.42003247	-0.33802983	-0.36673066	-0.4173146	-0.6293629	-0.57813346	-0.3777457	-0.26209733	10	-0.39398092	0.12585765	0.493362	Binding_K27	-0.23720054	0.07577398	0.297034
R163G	R163G	163	163	-0.503916	-0.39846313	-0.21617028	-0.2850501	-0.31534642	-0.26100785	-0.32317707	-0.3619048	-0.4549054	-0.32752216	10	-0.34474635	0.08780265	0.3441864	Binding_K27	-0.20755832	0.052862547	0.2072212
R163H	R163H	163	163	-0.51633716	-0.4773673	-0.57003057	-0.4442812	-0.3637995	-0.37921807	-0.43762606	-0.40339053	-0.5983517	-0.49194714	10	-0.46823493	0.078030236	0.30587852	Binding_K27	-0.28190598	0.04697896	0.18415754
R163I	R163I	163	163	-0.7163953	-0.7061432	-0.65244883	-0.5541367	-0.6594967	-0.3883004	-0.5686241	-0.52344966	-0.7822281	-0.6069674	10	-0.61581904	0.1133445	0.44431043	Binding_K27	-0.37076062	0.0682403	0.26750198
R163K	R163K	163	163	-0.43397963	-0.45844257	-0.2860359	-0.3662296	-0.434119	-0.2037856	-0.44261596	-0.2814407	-0.35919756	-0.72579354	10	-0.39916402	0.14221826	0.5574956	Binding_K27	-0.24032108	0.08562407	0.33564636
R163L	R163L	163	163	-0.69492495	-0.46478805	-0.7349065	-0.61602265	-0.5812917	-0.5031317	-0.6520218	-0.6164465	-0.5505881	-0.68824124	10	-0.61023635	0.08669228	0.33983374	Binding_K27	-0.36739948	0.05219404	0.20460065
R163M	R163M	163	163	-0.7225993	-0.8761112	-0.8439334	-0.5099219	-0.43759105	-0.59641725	-0.50592685	-0.4012755	-0.51772344	-0.4873976	10	-0.58988976	0.16734622	0.6559972	Binding_K27	-0.3551496	0.10075263	0.3949503
R163N	R163N	163	163	-0.4414832	-0.52284056	-0.6211986	-0.584084	-0.514241	-0.77818376	-0.7344678	-0.6511503	-0.70365435	-0.57917154	10	-0.6130475	0.10596726	0.41539168	Binding_K27	-0.36909196	0.063798755	0.25009114
R163P	R163P	163	163	-0.04547775	-0.66106117	-0.2576154	-0.36509764	0.092859134	0.067656845	-0.20575055	0.08500123	-0.12607287	-0.22295347	10	-0.16385117	0.2353771	0.9226783	Binding_K27	-0.0986484	0.14171137	0.55550855
R163Q	R163Q	163	163	-0.46268886	-0.8645819	-0.5847756	-0.6937597	-0.52122945	-0.6839579	-0.605519	-0.667727	-0.4591762	-0.5920096	10	-0.6135425	0.121934816	0.4779845	Binding_K27	-0.36938998	0.073412195	0.2877758
R163S	R163S	163	163	-0.30491817	-0.34931704	-0.16209725	-0.19635333	-0.35930574	-0.38529018	-0.22838598	-0.22059955	-0.33960336	-0.33443096	10	-0.28803015	0.078713186	0.3085557	Binding_K27	-0.17341171	0.047390137	0.18576933
R163T	R163T	163	163	-0.19926803	-0.31676936	-0.11835773	-0.5494816	-0.4111578	-0.49401572	-0.31213492	-0.2005677	-0.39957535	-0.18378665	10	-0.31851152	0.14363895	0.5630647	Binding_K27	-0.19176336	0.08647941	0.3389993
R163V	R163V	163	163	-0.7108728	-0.726195	-0.68445224	-0.765254	-0.7339885	-0.67521507	-0.73876107	-0.6030904	-0.5859154	-0.7444592	10	-0.6968204	0.06042299	0.23685813	Binding_K27	-0.41952837	0.036378324	0.14260304
R163W	R163W	163	163	-0.670164	-0.72524065	-0.69446474	-0.59226775	-0.76125723	-0.8526043	-0.73315394	-0.6310037	-0.5482924	-0.51683646	10	-0.6725285	0.10278435	0.40291467	Binding_K27	-0.40490317	0.061882447	0.24257919
R163Y	R163Y	163	163	0.29976544	0.0030825392	0.15087764	-0.0008873141	-0.110182256	-0.26424316	0.10655362	0.22187714	0.07650743	0.20607346	10	0.06894245	0.16864507	0.6610887	Binding_K27	0.041507557	0.10153461	0.39801568
R40A	R40A	40	40	2.0630045	1.5727507	2.1148672	1.867389	1.7695954	1.9361286	2.096758	1.7684456	1.885861	2.0421305	10	1.9116932	0.17456567	0.68429744	Binding_K27	1.1509559	0.10509918	0.4119888
R40C	R40C	40	40	1.260727	1.4587076	1.3883073	1.477136	1.5198851	1.5849432	1.6821185	1.6437402	1.751159	1.8515399	10	1.5618263	0.17695883	0.6936786	Binding_K27	0.9403147	0.10654	0.4176368
R40D	R40D	40	40	2.5939822	2.6586454	3.1942503	3.105623	2.4340267	2.9223957	2.6690247	2.5903642	2.8028564	2.588211	10	2.755938	0.24647067	0.96616507	Binding_K27	1.6592427	0.14839037	0.58169025
R40E	R40E	40	40	2.9781039	3.1218638	2.702861	2.9726226	2.811182	2.6815236	3.1971755	2.5719519	2.6828756	3.2575579	10	2.8977718	0.24174182	0.94762796	Binding_K27	1.7446353	0.14554332	0.5705298
R40F	R40F	40	40	2.3116226	2.1922235	2.3655767	2.0341914	2.5291839	2.3387005	2.414459	2.3476353	2.39658	2.3816128	10	2.3311784	0.1343154	0.5265164	Binding_K27	1.4035115	0.08086606	0.31699497
R40G	R40G	40	40	2.137263	2.1676707	2.0865777	2.1099453	2.0597682	2.2123988	2.1505363	2.247243	2.203228	2.327941	10	2.170257	0.08026746	0.31464845	Binding_K27	1.3066272	0.048325904	0.18943755
R40H	R40H	40	40	1.2462962	1.252209	1.2152333	1.4142014	1.6103158	1.3492194	1.3617728	1.4939293	1.4325507	1.1791606	10	1.3554888	0.13618617	0.5338498	Binding_K27	0.8160869	0.08199238	0.32141015
R40I	R40I	40	40	2.2055874	1.9839311	1.7292554	2.1261485	2.0312698	2.2250233	2.1859415	1.9142588	2.1332343	2.0636258	10	2.0598273	0.15321942	0.60062015	Binding_K27	1.2401416	0.092247434	0.36160994
R40K	R40K	40	40	0.966246	0.92155683	0.99201846	0.90590775	0.97108245	1.0552913	0.91675967	0.93264097	0.94229066	0.93534076	10	0.9539135	0.044523127	0.17453067	Binding_K27	0.5743141	0.026805637	0.1050781
R40L	R40L	40	40	1.9959224	1.9909273	2.1205022	2.144646	2.2525318	2.162047	2.0448482	2.0128815	1.8825437	2.1420035	10	2.0748854	0.10833784	0.42468435	Binding_K27	1.2492075	0.06522599	0.25568587
R40M	R40M	40	40	1.2674994	1.1074009	1.3306788	1.1970166	1.252813	1.1848844	1.3663538	1.1434237	1.3307599	1.2816234	10	1.2462454	0.08594761	0.33691463	Binding_K27	0.7503157	0.0517457	0.20284316
R40N	R40N	40	40	1.9472104	2.1201882	2.29866	1.9640324	2.0598521	1.9632237	2.16767	2.2197173	1.9653183	1.8829111	10	2.0588784	0.13715082	0.5376312	Binding_K27	1.2395704	0.08257316	0.3236868
R40P	R40P	40	40	3.6286795	3.0735145	2.8862233	3.5883803	3.4069595	3.2530289	3.800642	3.8258991	3.3782294	3.6271298	10	3.4468684	0.3076775	1.2060958	Binding_K27	2.0752249	0.18524063	0.72614324
R40Q	R40Q	40	40	2.5484586	2.3719175	1.91827	2.0248222	2.04584	2.5360458	2.1984417	2.4713535	2.4211047	2.3272815	10	2.2863536	0.2265401	0.8880372	Binding_K27	1.3765242	0.13639095	0.53465253
R40S	R40S	40	40	2.278194	2.097238	2.26677	2.3818154	2.1612718	2.0647712	1.9757202	1.985359	2.2687728	2.1496365	10	2.1629548	0.13494489	0.52898395	Binding_K27	1.3022307	0.08124505	0.3184806
R40T	R40T	40	40	1.6652125	1.592015	1.648616	1.7068526	1.7176644	1.6652712	1.8653172	1.635755	1.6260995	1.6278665	10	1.675067	0.07672571	0.30076477	Binding_K27	1.0084925	0.046193555	0.18107873
R40V	R40V	40	40	1.7448428	1.8463311	1.7547622	1.7534823	1.7882038	1.8085684	1.7495425	1.8912152	1.8446207	1.7998261	10	1.7981393	0.04992707	0.19571412	Binding_K27	1.0825895	0.03005914	0.11783183
R40W	R40W	40	40	2.606751	2.4671202	2.2370796	2.2008402	1.9113361	2.169174	2.0804844	2.506566	2.0168312	2.2851987	10	2.248138	0.22319792	0.87493587	Binding_K27	1.3535161	0.13437876	0.52676475
R40Y	R40Y	40	40	2.1812785	2.4470823	2.1797557	2.1808944	2.0122664	2.0655458	2.3462157	2.214389	2.39088	2.108711	10	2.212702	0.141515	0.5547388	Binding_K27	1.3321816	0.08520066	0.33398658
R67A	R67A	67	67	0.386577	0.3740526	0.38247642	0.4224621	0.43272007	0.37786305	0.35672948	0.279957	0.32514188	0.3139959	10	0.36519757	0.04760569	0.1866143	Binding_K27	0.21987121	0.028661529	0.11235319
R67C	R67C	67	67	0.47771603	0.5126165	0.3432035	0.44828615	0.47583774	0.43538672	0.5048822	0.4716349	0.5579165	0.48693597	10	0.47144166	0.05663872	0.22202379	Binding_K27	0.28383663	0.034099963	0.13367185
R67D	R67D	67	67	1.1038277	1.0127507	1.133045	0.9356094	0.97538	0.98941845	1.2247236	1.0736786	1.1153228	1.138027	10	1.0701784	0.08977629	0.35192308	Binding_K27	0.6443126	0.054050803	0.21187915
R67E	R67E	67	67	0.5961205	0.7013389	0.6787435	0.55646324	0.9002272	0.8305063	0.6284486	0.7065607	0.50753456	0.6568148	10	0.67627585	0.11898291	0.46641302	Binding_K27	0.4071593	0.07163497	0.2808091
R67F	R67F	67	67	0.61262774	0.5839898	0.5844109	0.620142	0.54649335	0.6802819	0.65612406	0.54373074	0.60223776	0.66300225	10	0.6093041	0.046901107	0.18385234	Binding_K27	0.36683822	0.028237326	0.11069032
R67G	R67G	67	67	0.70849234	0.66245586	0.65238196	0.6163268	0.7028717	0.6150703	0.71586126	0.58153105	0.7064072	0.56970537	10	0.6531104	0.05506513	0.21585532	Binding_K27	0.3932123	0.033152565	0.12995806
R67H	R67H	67	67	0.24703096	0.23823436	0.29500118	0.18347652	0.29458782	0.18408939	0.33198228	0.27114207	0.30346665	0.21422048	10	0.25632316	0.05146425	0.20173986	Binding_K27	0.15432218	0.030984616	0.1214597
R67I	R67I	67	67	0.9670681	0.66408026	0.7935184	0.8887991	0.9334686	0.90771335	0.87470335	0.907902	0.81395316	0.9113204	10	0.8662527	0.08796807	0.34483483	Binding_K27	0.52153695	0.05296214	0.20761159
R67K	R67K	67	67	0.11244424	0.21350853	0.24674572	0.089708135	0.21264642	0.22017169	0.3600759	0.22382678	0.18494804	0.0953899	10	0.19594654	0.08162401	0.3199661	Binding_K27	0.11797177	0.04914263	0.19263911
R67L	R67L	67	67	0.81563956	0.8173538	0.77391905	0.8540562	0.80681574	0.78846276	0.8241021	0.8836689	0.83769035	0.8303661	10	0.8232075	0.031386122	0.1230336	Binding_K27	0.49562111	0.01889636	0.07407373
R67M	R67M	67	67	0.52595043	0.29616833	0.4171577	0.5266969	0.6249606	0.39225486	0.4764637	0.5054345	0.4870597	0.4649627	10	0.47171092	0.08881714	0.34816322	Binding_K27	0.28399873	0.053473335	0.20961547
R67N	R67N	67	67	0.9391048	0.89057434	0.8835071	0.8661662	0.7576161	0.84965175	1.0197116	0.9011367	0.9006981	0.9840874	10	0.89922535	0.07244939	0.28400162	Binding_K27	0.5413885	0.04361895	0.1709863
R67P	R67P	67	67	1.1873248	1.1680338	1.2091714	1.0891947	1.1930822	1.1533046	1.1554736	1.1977074	1.1555598	1.2099748	10	1.1718826	0.036406983	0.14271538	Binding_K27	0.70554477	0.021919223	0.08592335
R67Q	R67Q	67	67	0.2722487	0.35153863	0.4218234	0.4156672	0.62578624	0.4679075	0.42585185	0.41010046	0.6211536	0.3669039	10	0.4378981	0.11125216	0.43610847	Binding_K27	0.26364136	0.066980585	0.2625639
R67S	R67S	67	67	0.7294189	0.6412522	0.7118807	0.7412114	0.7833	0.6814617	0.7253332	0.7380106	0.7034655	0.72889966	10	0.71842337	0.037974298	0.14885925	Binding_K27	0.43253466	0.022862842	0.08962234
R67T	R67T	67	67	0.39139283	0.5371989	0.45834723	0.36807156	0.50886256	0.45293579	0.4542747	0.47762	0.40574282	0.3815852	10	0.44360313	0.056080338	0.21983492	Binding_K27	0.26707613	0.03376378	0.13235402
R67V	R67V	67	67	0.6409546	0.64972985	0.5929894	0.6600055	0.5556344	0.56030554	0.58771765	0.6561996	0.7626673	0.62006325	10	0.6286267	0.0608474	0.23852181	Binding_K27	0.3784716	0.036633845	0.14360468
R67W	R67W	67	67	0.64525	0.82502943	0.79505944	0.7610736	0.76671195	0.81720275	0.9326194	0.8291325	0.7368807	0.7776909	10	0.78866506	0.07390029	0.28968915	Binding_K27	0.47482446	0.04449248	0.17441052
R67Y	R67Y	67	67	0.27116826	0.16229518	0.18393762	0.12215977	0.35469761	0.2605727	0.15590955	0.24803326	0.30657375	0.32676893	10	0.23921165	0.07937815	0.31116235	Binding_K27	0.14401999	0.047790486	0.18733871
R72A	R72A	72	72	-0.052126523	0.0566648	0.05110096	0.028917829	0.07285623	-0.04231995	-0.030637832	-0.020972423	0.0087144375	-0.02439239	10	0.0047805137	0.04508701	0.17674108	Binding_K27	0.0028781607	0.027145129	0.10640891
R72C	R72C	72	72	0.02081932	0.08606347	-0.017850699	0.034688495	0.06846423	-0.041003667	-0.01860613	0.016883865	0.036246113	-0.03308102	10	0.015262398	0.042740736	0.1675437	Binding_K27	0.009188894	0.025732528	0.10087151
R72D	R72D	72	72	0.23927343	0.19985093	0.28547528	0.3292537	0.2616013	0.24618348	0.19770573	0.31950313	0.16743976	0.268166	10	0.25144526	0.052714612	0.20664129	Binding_K27	0.15138538	0.03173741	0.124410644
R72E	R72E	72	72	-0.09410675	-0.03989005	-0.003221812	-0.013498393	0.017764509	-0.15051004	0.02764751	-0.06377363	-0.020021055	-0.10342639	10	-0.04430361	0.057648316	0.2259814	Binding_K27	-0.026673475	0.0347078	0.13605458
R72F	R72F	72	72	0.3889945	0.35274115	0.311659	0.47960383	0.42089084	0.46720093	0.4165102	0.35407794	0.4114407	0.34994957	10	0.3953069	0.054000944	0.2116837	Binding_K27	0.23799884	0.03251186	0.12744649
R72G	R72G	72	72	0.354821	0.34988937	0.2768969	0.34564987	0.3032259	0.30550233	0.3163572	0.29122245	0.34610543	0.36219713	10	0.32518676	0.030088216	0.11794581	Binding_K27	0.19578226	0.018114941	0.07101057
R72H	R72H	72	72	0.021791907	0.05473664	0.06936326	-0.013860823	0.24243166	0.055969294	0.05983679	0.15082188	0.040270902	0.03584686	10	0.07172084	0.0731632	0.28679973	Binding_K27	0.043180317	0.044048704	0.17267093
R72I	R72I	72	72	0.3279581	0.429175	0.3205546	0.44776693	0.46744907	0.3414882	0.35805178	0.26215598	0.29088494	0.3461224	10	0.35916072	0.067903936	0.26618344	Binding_K27	0.21623665	0.040882308	0.16025865
R72K	R72K	72	72	-0.05502614	-0.15373369	-0.08824869	0.058000345	-0.08420403	-0.058607496	-0.043160297	-0.22507693	-0.12179622	-0.08934547	10	-0.08611987	0.074170984	0.29075027	Binding_K27	-0.05184941	0.044655453	0.17504938
R72L	R72L	72	72	0.10123207	0.14476503	0.042528838	0.03480305	0.1209231	0.07050179	0.14441344	0.20985332	0.15983278	0.18094586	10	0.12097993	0.058345567	0.22871463	Binding_K27	0.07283729	0.035127588	0.13770014
R72M	R72M	72	72	0.12288877	0.03972124	-0.0043183803	0.18519348	0.2557071	0.15401527	0.14185868	0.15498984	-0.02045251	0.06370808	10	0.10933115	0.08768077	0.34370863	Binding_K27	0.06582402	0.05278917	0.20693356
R72N	R72N	72	72	-0.16190198	-0.23313121	-0.16348742	-0.08730796	-0.15100911	-0.3784342	-0.013757655	-0.11006147	-0.3666832	-0.12929568	10	-0.17950699	0.116513506	0.45673296	Binding_K27	-0.10807415	0.07014824	0.27498108
R72P	R72P	72	72	0.6742904	0.7271078	0.7732521	0.90766853	0.7909183	0.78088224	0.9232403	0.9825258	0.84349716	0.92930716	10	0.833269	0.099955566	0.39182582	Binding_K27	0.50167876	0.060179345	0.23590304
R72Q	R72Q	72	72	-0.039703395	-0.10927254	-0.18703014	-0.2831326	-0.0037185266	-0.18178946	-0.0018556612	-0.17131543	-0.077677615	-0.118056126	10	-0.11735515	0.0902611	0.3538235	Binding_K27	-0.07065496	0.054342687	0.21302333
R72S	R72S	72	72	0.054723594	0.055234168	0.15127319	0.08554069	0.13571586	0.12622617	0.08243489	0.042764522	0.010201997	-0.027679386	10	0.07164357	0.05653381	0.22161254	Binding_K27	0.043133795	0.0340368	0.13342425
R72T	R72T	72	72	-0.029231213	-0.0777547	-0.021381829	-0.050843656	0.07621348	-0.074330896	-0.019955132	0.07997712	-0.06944836	-0.036373846	10	-0.022312904	0.056997187	0.22342898	Binding_K27	-0.013433728	0.034315784	0.13451788
R72V	R72V	72	72	0.10616769	0.15899628	0.08282328	0.13873175	0.21486594	0.21679328	0.25298688	0.14153877	0.028478762	0.16648065	10	0.15078633	0.067512594	0.26464936	Binding_K27	0.09078256	0.0406467	0.15933506
R72W	R72W	72	72	0.40709075	0.45544118	0.4368982	0.36812374	0.34441403	0.45066106	0.3448475	0.5531904	0.42962855	0.49087256	10	0.4281168	0.065741204	0.2577055	Binding_K27	0.25775242	0.039580215	0.15515445
R72Y	R72Y	72	72	0.27480313	0.21868464	0.036730662	0.11105425	0.27189708	0.32294178	0.35460436	0.1883905	0.17561713	0.16615455	10	0.2120878	0.09724705	0.38120845	Binding_K27	0.12768978	0.05854865	0.22951072
R96A	R96A	96	96	-0.22603646	-0.1426152	-0.3419874	-0.11256166	-0.06892241	-0.10347163	-0.23406495	-0.26094466	-0.2920309	-0.40325278	10	-0.2185888	0.110290766	0.43233982	Binding_K27	-0.13160379	0.066401765	0.2602949
R96C	R96C	96	96	-0.33564794	-0.4689221	-0.26411	-0.2716953	-0.31391194	-0.3014275	-0.28117836	-0.30448452	-0.27769133	-0.24216814	10	-0.30612373	0.06318566	0.2476878	Binding_K27	-0.18430515	0.03804162	0.14912316
R96D	R96D	96	96	0.23345421	0.11594311	-0.14125858	0.08560137	-0.06483479	-0.10301676	-0.01993181	-0.024293091	0.05848752	-0.18979368	10	-0.0049642473	0.12919609	0.5064487	Binding_K27	-0.0029887797	0.07778393	0.304913
R96E	R96E	96	96	-0.12314035	-0.28694683	-0.05760748	0.043147836	0.05249975	-0.0967506	-0.19893844	-0.19156088	-0.2953619	-0.033339493	10	-0.11879984	0.12395677	0.48591053	Binding_K27	-0.07152475	0.07462953	0.29254776
R96F	R96F	96	96	-0.5429173	-0.353153	-0.41262528	-0.31452164	-0.3990122	-0.42623937	-0.5560818	-0.48522842	-0.6734172	-0.44257307	10	-0.46057692	0.10660135	0.4178773	Binding_K27	-0.27729538	0.064180516	0.25158763
R96G	R96G	96	96	0.05918956	0.1555212	0.12506475	0.30355313	0.17670836	-0.0054315003	-0.10133204	0.082329735	-6.998203e-05	0.1543771	10	0.094991036	0.114201084	0.44766825	Binding_K27	0.057190396	0.068756014	0.2695236
R96H	R96H	96	96	-0.074569866	-0.014003722	0.25200176	-0.15357342	0.025532348	-0.22267452	0.116327755	-0.1036694	-0.3741687	-0.13815604	10	-0.06869538	0.17615035	0.6905094	Binding_K27	-0.04135881	0.106053255	0.41572878
R96I	R96I	96	96	-0.37241733	-0.433595	-0.49465084	-0.46864608	-0.4755056	-0.37435505	-0.3488426	-0.5734297	-0.47237498	-0.6138768	10	-0.46276942	0.08576172	0.33618593	Binding_K27	-0.27861542	0.051633783	0.20240444
R96K	R96K	96	96	-0.32427052	-0.14403269	-0.27645642	-0.13632411	-0.26632455	-0.12449885	-0.17048892	-0.29608542	-0.29525927	-0.33960533	10	-0.23733461	0.08386738	0.32876012	Binding_K27	-0.1428899	0.050493274	0.19793364
R96L	R96L	96	96	-0.45338592	-0.61267155	-0.46102786	-0.6449518	-0.59386706	-0.60917085	-0.82257974	-0.5063282	-0.29886156	-0.37072933	10	-0.53735745	0.15108366	0.59224796	Binding_K27	-0.32352194	0.090961576	0.35656938
R96M	R96M	96	96	-0.42168027	-0.39393157	-0.62349117	-0.4699919	-0.40390858	-0.45283931	-0.8220074	-0.5508666	-0.44911996	-0.41509408	10	-0.5002931	0.13377671	0.5244047	Binding_K27	-0.30120695	0.08054174	0.31572363
R96N	R96N	96	96	0.17778584	-0.029780174	0.13933563	0.22073221	-0.060207203	-0.049750626	0.26401928	-0.10198067	0.20695554	-0.18931861	10	0.057779126	0.16059816	0.6295448	Binding_K27	0.034786556	0.09668989	0.37902436
R96P	R96P	96	96	0.5581338	0.4162338	0.359488	0.2924812	0.39244238	0.3535414	0.2769575	0.54198694	0.49180436	0.38377586	10	0.40668455	0.096741945	0.37922844	Binding_K27	0.24484889	0.05824455	0.22831863
R96Q	R96Q	96	96	-0.06114082	-0.08060097	-0.03355209	-0.019778015	-0.13305084	-0.15166649	0.033622563	-0.17879918	-0.047702823	0.024012966	10	-0.064865574	0.071750544	0.28126213	Binding_K27	-0.03905303	0.0431982	0.16933696
R96S	R96S	96	96	0.0050178356	-0.008729364	-0.00336034	0.08438752	-0.0799613	-0.042807255	-0.117747575	0.029518018	0.04690008	-0.02886166	10	-0.011564404	0.05952708	0.23334616	Binding_K27	-0.0069624763	0.03583893	0.14048861
R96T	R96T	96	96	-0.2888163	-0.43334344	-0.16811466	-0.25320113	-0.17982669	-0.2842133	-0.23697636	-0.15716767	-0.20603201	-0.13214773	10	-0.23398392	0.08817689	0.3456534	Binding_K27	-0.14087258	0.053087864	0.20810443
R96V	R96V	96	96	-0.7776456	-0.80873543	-0.83814037	-0.870935	-0.5510513	-0.6345721	-0.71934485	-0.50417876	-0.50625855	-0.6183751	10	-0.6829237	0.13849302	0.54289263	Binding_K27	-0.4111617	0.08338124	0.32685447
R96W	R96W	96	96	-0.38480246	-0.2571601	-0.17384933	-0.34014753	-0.3479379	-0.3794787	-0.36588737	-0.4347483	-0.3761876	-0.35933563	10	-0.3419535	0.074079536	0.29039177	Binding_K27	-0.20587684	0.044600397	0.17483357
R96Y	R96Y	96	96	-0.47753176	-0.5685516	-0.28839496	-0.17050432	-0.44213578	-0.26828155	-0.3046704	-0.3411018	-0.42500308	-0.45169634	10	-0.37378716	0.119095296	0.46685356	Binding_K27	-0.22504267	0.07170263	0.28107432
S105A	S105A	105	105	-0.16120759	-0.21962981	-0.24101932	-0.07033905	-0.08769059	-0.10999989	-0.15910466	-0.09780222	0.00036447385	-0.14088103	10	-0.12873098	0.07154112	0.2804412	Binding_K27	-0.0775039	0.04307212	0.16884272
S105C	S105C	105	105	-0.04675195	-0.1586938	-0.16164304	-0.24436545	-0.11075194	-0.11819405	-0.13553244	-0.12918204	-0.1567823	-0.11364621	10	-0.13755432	0.05032066	0.19725698	Binding_K27	-0.08281609	0.030296104	0.11876073
S105D	S105D	105	105	-0.14103451	-0.16664395	-0.13127433	-0.024451416	-0.17484073	-0.13574131	-0.15417355	-0.08292622	-0.24667446	-0.078300945	10	-0.13360614	0.061106738	0.23953842	Binding_K27	-0.08043904	0.036789984	0.14421673
S105E	S105E	105	105	-0.14600933	-0.17490087	-0.28436807	-0.121528395	0.0066565936	-0.30375952	-0.19262783	-0.14462343	-0.14681463	-0.12890938	10	-0.16368847	0.0869942	0.34101728	Binding_K27	-0.09855044	0.052375812	0.20531319
S105F	S105F	105	105	-0.21704558	-0.02135113	-0.10534328	-0.116976365	-0.1862548	-0.08651932	-0.28126138	-0.14988387	-0.2575875	-0.07222089	10	-0.14944443	0.08454175	0.33140367	Binding_K27	-0.08997466	0.05089929	0.19952522
S105G	S105G	105	105	-0.4262628	-0.29689908	-0.3123921	-0.41390172	-0.46326056	-0.35833737	-0.24368466	-0.2255365	-0.3029231	-0.2841012	10	-0.33272994	0.079861976	0.31305894	Binding_K27	-0.20032372	0.048081778	0.18848057
S105H	S105H	105	105	-0.0792054	-0.11578446	-0.015483138	-0.1247518	-0.08032203	-0.13605994	-0.06841072	0.12703437	-0.16517606	-0.13903484	10	-0.0797194	0.08454187	0.33140415	Binding_K27	-0.04799594	0.05089936	0.19952549
S105I	S105I	105	105	-0.18535312	-0.14414431	-0.021511905	-0.1371055	-0.2668733	-0.22097622	-0.08988377	-0.05756874	-0.14404191	-0.20412038	10	-0.14715792	0.07579052	0.29709885	Binding_K27	-0.08859804	0.04563051	0.1788716
S105K	S105K	105	105	0.12543258	0.05249567	0.12452422	-0.12027236	-0.03308981	0.025679737	-0.25454953	-0.07801248	0.3063427	0.22316065	10	0.037171133	0.16697513	0.6545425	Binding_K27	0.022379288	0.10052921	0.3940745
S105L	S105L	105	105	-0.03972488	-0.092596725	-0.11067484	-0.14763203	-0.14201297	-0.1278104	-0.026945174	0.0033367143	-0.05714159	-0.090852626	10	-0.08320545	0.051342644	0.20126317	Binding_K27	-0.050094754	0.030911403	0.121172704
S105M	S105M	105	105	-0.36362377	-0.14688163	-0.16277818	-0.18060735	-0.18315338	-0.28345937	-0.22262469	-0.20387153	-0.09517151	-0.15519156	10	-0.1997363	0.07610526	0.29833263	Binding_K27	-0.12025343	0.045820005	0.17961442
S105N	S105N	105	105	-0.2622079	-0.33778083	-0.26534364	-0.2856822	-0.006586538	-0.22382161	-0.06523322	-0.11612478	-0.14525832	-0.20818351	10	-0.19162226	0.10540912	0.41320378	Binding_K27	-0.115368284	0.06346272	0.24877386
S105P	S105P	105	105	0.40560892	0.28924796	0.39231572	0.43545592	0.23393916	0.12344795	0.28854403	0.095125	0.15309384	0.32733712	10	0.27441156	0.120904036	0.47394383	Binding_K27	0.1652125	0.0727916	0.28534308
S105Q	S105Q	105	105	-0.3717392	-0.43268758	-0.1236756	-0.17909506	-0.20497403	-0.1980094	-0.24902856	-0.1946966	-0.24659418	-0.19497848	10	-0.23954788	0.093640454	0.3670706	Binding_K27	-0.14422242	0.056377262	0.22099887
S105R	S105R	105	105	0.043340787	-0.10768873	-0.15201055	-0.07876516	0.06722487	-0.04160572	-0.025355931	0.046941135	0.009003121	-0.065294385	10	-0.03042106	0.072244234	0.2831974	Binding_K27	-0.018315332	0.043495435	0.17050211
S105T	S105T	105	105	-0.058553893	-0.2223039	-0.014681813	0.039713915	0.15617557	0.04818059	-0.0017454518	-0.12271846	0.0033417023	-0.062063187	10	-0.023465494	0.10261692	0.40225834	Binding_K27	-0.014127658	0.061781645	0.24218406
S105V	S105V	105	105	0.010372486	0.084207	0.06527241	-0.017690431	-0.0066129733	0.15932229	0.07190196	0.0750141	0.06369826	-0.010586205	10	0.049489897	0.0554509	0.21736754	Binding_K27	0.029795935	0.033384822	0.13086851
S105W	S105W	105	105	-0.28846508	-0.25830743	-0.17825378	-0.2162431	-0.16750032	-0.13539307	-0.06390752	-0.08148122	-0.28638196	-0.21147893	10	-0.18874124	0.07894212	0.30945313	Binding_K27	-0.11363373	0.04752797	0.18630964
S105Y	S105Y	105	105	-0.12691206	-0.29102415	-0.18206684	-0.24584602	-0.103090785	-0.23035373	-0.09589437	-0.29068214	-0.26999328	-0.18833737	10	-0.20242007	0.07483403	0.2933494	Binding_K27	-0.12186922	0.045054648	0.17661422
S121A	S121A	121	121	-0.11572229	-0.0900971	-0.1389925	-0.007946986	-0.14705068	-0.18407181	-0.15420651	-0.0683721	-0.07577089	-0.121998414	10	-0.11042293	0.051147435	0.20049796	Binding_K27	-0.06648134	0.030793874	0.12071199
S121C	S121C	121	121	-0.07988021	0.0049329186	0.0150507	-0.07873169	0.05658755	0.018798783	-0.10532557	-0.020090317	-0.03347141	-0.00084196165	10	-0.02229712	0.051674683	0.20256476	Binding_K27	-0.013424225	0.03111131	0.12195633
S121D	S121D	121	121	-0.36287394	-0.25071374	-0.20915242	-0.2250354	-0.16888177	-0.19200343	-0.15699835	-0.1461689	-0.13122095	-0.19819812	10	-0.20412472	0.06679424	0.26183343	Binding_K27	-0.122895524	0.040214203	0.15763968
S121E	S121E	121	121	-0.22486418	-0.22992542	-0.3083463	-0.20466182	-0.23074049	-0.34354857	-0.18434444	-0.08241343	-0.22959715	-0.28151214	10	-0.23199539	0.071632124	0.28079793	Binding_K27	-0.13967536	0.043126907	0.16905747
S121F	S121F	121	121	0.0031779704	-0.023076497	0.031989466	0.07432937	-0.11713583	-0.025807597	0.04100515	0.03728102	0.07196926	0.03769896	10	0.013143128	0.057176437	0.22413164	Binding_K27	0.007912965	0.0344237	0.1349409
S121G	S121G	121	121	-0.14215046	-0.17554875	-0.24608868	-0.09815371	-0.15293132	-0.09814582	-0.18264706	-0.13023835	-0.1812428	-0.18518859	10	-0.15923357	0.04490854	0.17604147	Binding_K27	-0.09586832	0.027037678	0.1059877
S121H	S121H	121	121	-0.1828659	-0.17923649	-0.32379743	-0.11706703	0.05282506	-0.054006413	-0.25851554	-0.17401244	-0.11427192	-0.2130577	10	-0.15640059	0.10581596	0.4147986	Binding_K27	-0.094162695	0.063707665	0.24973404
S121I	S121I	121	121	0.0873191	-0.0139026875	-0.03014736	0.05113115	0.085575856	-0.04730291	-0.034618482	-0.021215126	0.009750897	-0.091616996	10	-0.00050265563	0.058724128	0.23019859	Binding_K27	-0.00030262934	0.035355505	0.13859358
S121K	S121K	121	121	-0.19064154	-0.20626207	-0.2639789	0.08628921	-0.0758493	-0.13236918	-0.19095099	-0.013034623	-0.057326898	0.00954018	10	-0.103458405	0.11168745	0.43781483	Binding_K27	-0.06228827	0.06724265	0.2635912
S121L	S121L	121	121	-0.06235938	-0.07549522	-0.075034946	-0.035193637	-0.057187986	-0.120002836	-0.106223844	-0.16277075	0.0833687	-0.019992854	10	-0.06308927	0.066209696	0.25954202	Binding_K27	-0.037983585	0.039862275	0.15626012
S121M	S121M	121	121	0.058130126	-0.15415989	-0.15193705	-0.09484578	-0.0045688027	0.07474661	-0.04606375	0.12379688	-0.085800394	-0.025078423	10	-0.030578047	0.094822	0.37170222	Binding_K27	-0.018409848	0.057088625	0.22378741
S121N	S121N	121	121	-0.14400658	-0.20776957	-0.24067837	-0.14021936	-0.058837276	-0.14896834	-0.14124517	-0.21272005	-0.23860286	-0.21906067	10	-0.17521083	0.058001548	0.22736607	Binding_K27	-0.10548761	0.03492047	0.13688824
S121P	S121P	121	121	-0.08083348	0.030302564	0.15573741	0.121614166	0.01799421	0.09521694	0.08131981	0.09270518	-0.026983084	-0.059166465	10	0.042790726	0.07959059	0.31199512	Binding_K27	0.025762627	0.047918387	0.18784007
S121Q	S121Q	121	121	-0.21073738	-0.28670898	-0.47159016	-0.10821367	-0.115849674	0.025846409	-0.18390064	-0.3313363	-0.22776267	-0.2422785	10	-0.21525316	0.1356661	0.5318111	Binding_K27	-0.12959553	0.08167926	0.3201827
S121R	S121R	121	121	-0.1139542	0.0010453556	-0.005930878	0.001802195	0.03740925	0.055221647	0.16578844	0.07410832	0.042616803	-0.051976606	10	0.020613031	0.075070776	0.29427746	Binding_K27	0.012410302	0.045197185	0.17717297
S121T	S121T	121	121	0.011916853	-0.06837973	0.06081985	-0.16406	-0.085804686	-0.22022574	0.0035525963	-0.025793353	-0.026452465	0.04008257	10	-0.04743441	0.08930496	0.35007545	Binding_K27	-0.028558405	0.053767033	0.21076678
S121V	S121V	121	121	0.02671236	0.09144475	0.021269372	-0.06609332	0.057829652	0.0907347	0.1129257	0.077788286	0.011874754	0.016323796	10	0.04408101	0.05297045	0.20764416	Binding_K27	0.026539456	0.03189144	0.12501444
S121W	S121W	121	121	-0.06645672	-0.07337656	-0.0029760825	-0.04181883	0.030334584	0.029300248	0.028391253	0.0825569	0.030168504	-0.051351156	10	-0.0035227847	0.05204876	0.20403115	Binding_K27	-0.0021209312	0.031336527	0.12283919
S121Y	S121Y	121	121	-0.15931118	-0.14204559	-0.08083579	-0.026091373	-0.1413829	-0.11753524	-0.08848841	-0.075745665	-0.020541638	-0.09106724	10	-0.09430451	0.047052283	0.18444495	Binding_K27	-0.056777064	0.028328342	0.111047104
S135A	S135A	135	135	-0.38595518	-0.087518886	-0.3092685	-0.1712826	-0.1613414	-0.22731899	-0.27137575	-0.18339175	-0.2722259	-0.2481739	10	-0.2317853	0.08501048	0.33324108	Binding_K27	-0.13954888	0.05118149	0.20063145
S135C	S135C	135	135	-0.07875828	-0.2911531	-0.24968179	-0.21921176	-0.44464767	-0.2973033	-0.29243776	-0.08262073	0.032071836	-0.39964154	10	-0.2323384	0.14934866	0.5854468	Binding_K27	-0.13988188	0.089917004	0.35247466
S135D	S135D	135	135	-0.45693266	-0.12794808	-0.28555435	-0.3111142	-0.54750997	-0.2393002	-0.12940422	-0.18144205	-0.36304483	-0.14475495	10	-0.27870053	0.14383845	0.5638467	Binding_K27	-0.16779472	0.086599514	0.3394701
S135E	S135E	135	135	-0.7445919	-0.44569212	-0.4953278	-0.3093808	-0.58831996	-0.449314	-0.35244188	-0.65308243	-0.21445575	-0.49826503	10	-0.47508717	0.15987536	0.6267114	Binding_K27	-0.28603145	0.096254714	0.37731847
S135F	S135F	135	135	-0.14713357	-0.0755738	-0.16896227	-0.11416441	-0.30193946	-0.21322538	-0.24740478	-0.058892388	-0.2221679	-0.031143688	10	-0.15806076	0.08866155	0.34755328	Binding_K27	-0.09516221	0.05337966	0.20924826
S135G	S135G	135	135	-0.46356463	-0.39748815	-0.37568083	-0.3103229	-0.5059697	-0.2684003	-0.43439528	-0.45662117	-0.35720715	-0.46533355	10	-0.40349835	0.07571477	0.2968019	Binding_K27	-0.2429306	0.045584906	0.17869283
S135H	S135H	135	135	-0.17428409	-0.47991186	-0.42205375	-0.4033405	-0.35310256	-0.22912009	-0.22635666	-0.44649032	-0.36203498	-0.4160609	10	-0.35127556	0.10514666	0.4121749	Binding_K27	-0.2114893	0.0633047	0.24815443
S135I	S135I	135	135	-0.08243357	-0.114252016	-0.04071839	-0.20585667	-0.06533031	-0.060866773	-0.10863906	-0.1920272	-0.23035678	0.09837299	10	-0.100210786	0.0959473	0.37611344	Binding_K27	-0.060333002	0.05776613	0.22644323
S135K	S135K	135	135	-0.41385162	-0.34385797	-0.39767388	-0.40412563	-0.48377788	-0.4151366	-0.45399517	-0.25550756	-0.24807829	-0.3387367	10	-0.37547415	0.07833392	0.30706897	Binding_K27	-0.22605833	0.0471618	0.18487425
S135L	S135L	135	135	-0.5101439	-0.45304957	-0.4290679	-0.3932505	-0.39372927	-0.3485039	-0.3189485	-0.311831	-0.42147246	-0.47015804	10	-0.40501553	0.06498067	0.25472423	Binding_K27	-0.24384405	0.039122324	0.15335952
S135M	S135M	135	135	-0.64996773	-0.50945514	-0.49146467	-0.38603747	-0.6833371	-0.634408	-0.74763	-0.6766646	-0.43041998	-0.43287876	10	-0.5642264	0.12821226	0.5025921	Binding_K27	-0.3396987	0.0771916	0.3025911
S135N	S135N	135	135	-0.60486215	-0.2517411	-0.32150495	-0.3879534	-0.20652807	-0.20789562	-0.30655512	-0.30683064	-0.30050632	-0.27038077	10	-0.3164758	0.11495941	0.4506409	Binding_K27	-0.19053774	0.06921258	0.2713133
S135P	S135P	135	135	-0.33339506	-0.1910213	0.49074453	-0.08037587	0.016189564	-0.1673492	0.2326917	0.042831548	0.21155085	0.5796254	10	0.08014922	0.2973326	1.1655439	Binding_K27	0.048254717	0.17901236	0.70172846
S135Q	S135Q	135	135	-0.51138806	-0.63334364	-0.53073376	-0.7575371	-0.7902653	-0.74145174	-0.7407498	-0.6370507	-0.73580414	-0.6836833	10	-0.67620075	0.096236095	0.3772455	Binding_K27	-0.4071141	0.05794	0.2271248
S135R	S135R	135	135	-0.44022584	-0.5529525	-0.5254817	-0.49986362	-0.3451409	-0.29212344	-0.46555397	-0.40769175	-0.3517852	-0.39287132	10	-0.42736903	0.08473436	0.33215868	Binding_K27	-0.25730222	0.05101525	0.19997978
S135T	S135T	135	135	-0.5241246	-0.274294	-0.47721314	-0.55266136	-0.6606821	-0.74373466	-0.45213133	-0.30825195	-0.36065063	-0.6425648	10	-0.49963087	0.15593563	0.6112677	Binding_K27	-0.30080825	0.093882754	0.36802042
S135V	S135V	135	135	-0.1719086	-0.192393	-0.081005804	-0.060840014	-0.28674307	-0.12642056	-0.069775276	-0.11128351	-0.18206522	-0.10490926	10	-0.13873444	0.06989572	0.27399123	Binding_K27	-0.0835266	0.042081486	0.16495943
S135W	S135W	135	135	-0.13723303	-0.22094497	0.12907419	-0.22597255	0.045342706	-0.38858786	0.14314117	-0.09087209	-0.18571383	-0.047487084	10	-0.09792534	0.16932148	0.6637402	Binding_K27	-0.058957025	0.101941854	0.39961207
S135Y	S135Y	135	135	-0.0071273465	-0.19995624	-0.2280969	-0.16996346	-0.17261356	-0.15078947	-0.024290798	-0.05924531	-0.37405503	-0.12401722	10	-0.15101553	0.107921034	0.42305046	Binding_K27	-0.09092056	0.064975046	0.25470218
S144A	S144A	144	144	-1.6962342	-1.7045091	-1.5872318	-1.6652783	-1.6530987	-1.583312	-1.6672449	-1.7282687	-1.691087	-1.7171041	10	-1.6693369	0.050126888	0.19649741	Binding_K27	-1.0050426	0.030179443	0.11830342
S144C	S144C	144	144	-1.9850255	-2.005786	-1.8977346	-1.9232863	-1.9661436	-1.8714695	-1.9875187	-2.0586286	-1.9624779	-2.0030246	10	-1.9661096	0.05556953	0.21783257	Binding_K27	-1.1837178	0.033456244	0.13114847
S144D	S144D	144	144	-1.1057768	-1.0849602	-0.9777429	-1.0332075	-0.9807151	-0.9460337	-1.0550218	-1.1191106	-1.0514338	-1.1339797	10	-1.0487982	0.0643665	0.25231668	Binding_K27	-0.63144046	0.038752556	0.15191002
S144E	S144E	144	144	-1.529747	-1.5304719	-1.423575	-1.5102963	-1.4728355	-1.4331785	-1.5097898	-1.6189767	-1.5585384	-1.5876548	10	-1.5175064	0.06259206	0.24536088	Binding_K27	-0.9136314	0.037684236	0.1477222
S144F	S144F	144	144	-0.6834224	-0.66430515	-0.5776871	-0.6456707	-0.6357655	-0.5899095	-0.6427307	-0.73142534	-0.67979926	-0.6664244	10	-0.65171397	0.044962198	0.17625181	Binding_K27	-0.39237154	0.027069984	0.10611434
S144G	S144G	144	144	-1.1851114	-1.1727481	-1.0967447	-1.1397319	-1.1126164	-1.0470531	-1.150714	-1.2313788	-1.184647	-1.1958578	10	-1.1516603	0.054350965	0.21305579	Binding_K27	-0.69336975	0.032722596	0.12827258
S144H	S144H	144	144	-1.0329679	-1.0053045	-0.95218617	-0.99996394	-0.99094754	-0.908184	-0.99021345	-1.0667093	-1.0422549	-1.0225052	10	-1.0011237	0.04562961	0.17886807	Binding_K27	-0.6027375	0.027471807	0.107689485
S144I	S144I	144	144	-1.4670783	-1.4158516	-1.3215841	-1.4107767	-1.4222307	-1.3709842	-1.3770993	-1.4759766	-1.4424093	-1.4294022	10	-1.4133394	0.04658641	0.18261872	Binding_K27	-0.8509165	0.02804786	0.109947614
S144K	S144K	144	144	-1.6195179	-1.6250305	-1.5016434	-1.5840459	-1.5746562	-1.5370528	-1.5327461	-1.6353183	-1.6363884	-1.5867741	10	-1.5833174	0.047172375	0.1849157	Binding_K27	-0.9532536	0.028400647	0.11133054
S144L	S144L	144	144	-0.93902653	-0.89904374	-0.86471885	-0.9639169	-0.93108547	-0.8918642	-0.90966254	-1.0175391	-0.9219449	-0.9147559	10	-0.9253558	0.042250007	0.16562003	Binding_K27	-0.5571206	0.025437081	0.09971336
S144M	S144M	144	144	-1.4880573	-1.4459007	-1.3751531	-1.4784845	-1.4769769	-1.4117502	-1.4301301	-1.5430619	-1.494029	-1.4836115	10	-1.4627155	0.047814637	0.18743338	Binding_K27	-0.8806439	0.028787328	0.11284633
S144N	S144N	144	144	-0.8674214	-0.8583244	-0.7785843	-0.8379487	-0.8067868	-0.72836995	-0.8289136	-0.91779757	-0.89209366	-0.8829938	10	-0.8399235	0.056926586	0.22315222	Binding_K27	-0.50568515	0.034273274	0.13435124
S144P	S144P	144	144	0.7308369	0.71741736	0.81779444	0.56561106	0.57631373	0.6181357	0.739549	0.6430478	0.67176026	0.88541186	10	0.69658774	0.102770805	0.40286157	Binding_K27	0.4193883	0.061874293	0.24254723
S144Q	S144Q	144	144	-1.7158339	-1.7385576	-1.6488394	-1.7032936	-1.7231885	-1.6965048	-1.6954165	-1.7860631	-1.7709683	-1.760251	10	-1.7238916	0.041233774	0.1616364	Binding_K27	-1.0378878	0.024825247	0.09731497
S144R	S144R	144	144	-1.449714	-1.4355067	-1.3517145	-1.4694611	-1.4451537	-1.4211093	-1.4426011	-1.5223703	-1.4325871	-1.4340289	10	-1.4404246	0.04221729	0.16549177	Binding_K27	-0.86722344	0.025417382	0.09963614
S144T	S144T	144	144	-1.7386725	-1.7152814	-1.640746	-1.7206916	-1.6945552	-1.6362839	-1.6671172	-1.7792692	-1.7660943	-1.7609917	10	-1.7119703	0.0514005	0.20148997	Binding_K27	-1.0307106	0.030946236	0.12130925
S144V	S144V	144	144	-1.5249313	-1.5378093	-1.4202223	-1.4991807	-1.4801679	-1.4739048	-1.4983741	-1.597518	-1.5562648	-1.5581471	10	-1.514652	0.05099338	0.19989406	Binding_K27	-0.91191286	0.030701123	0.12034841
S144W	S144W	144	144	-0.90393806	-0.8884189	-0.8149405	-0.905402	-0.9089676	-0.8470989	-0.89058393	-0.98292047	-0.9164153	-0.9191813	10	-0.89778674	0.04452931	0.1745549	Binding_K27	-0.54052234	0.02680936	0.1050927
S144Y	S144Y	144	144	-0.71379364	-0.6761744	-0.60833883	-0.6873299	-0.6704648	-0.61306304	-0.6814167	-0.7567437	-0.7029147	-0.7113133	10	-0.68215525	0.04505297	0.17660765	Binding_K27	-0.41069907	0.027124636	0.10632858
S16A	S16A	16	16	2.7949142	2.2793345	2.5361314	2.3915343	2.5825841	1.8887132	1.1580774	1.6701636	1.7881373	2.327926	10	2.1417518	0.5023891	1.9693652	Binding_K27	1.2894652	0.30246887	1.185678
S16C	S16C	16	16	1.3511473	0.38595727	0.93304145	1.2124447	0.63361347	0.82286114	0.6791789	0.9907567	0.9477178	1.0784388	10	0.9035157	0.28565556	1.1197698	Binding_K27	0.54397154	0.17198206	0.6741697
S16D	S16D	16	16	2.7241013	2.11666	2.5587478	2.9986775	3.2111235	1.0857898	3.2416778	2.0309448	2.6208975	3.077038	10	2.566566	0.6690264	2.6225834	Binding_K27	1.5452292	0.40279466	1.578955
S16E	S16E	16	16	1.6439183	2.4098341	1.556796	2.5396442	2.0935159	2.0191274	2.0036612	2.356212	0.9327022	2.5213897	10	2.00768	0.5086799	1.9940253	Binding_K27	1.2087457	0.30625632	1.2005248
S16F	S16F	16	16	2.4235172	2.4172657	2.8882897	2.7542188	1.6278126	2.5586698	1.5367173	1.4228904	2.7683575	2.2451353	10	2.2642875	0.5438229	2.1317856	Binding_K27	1.3632392	0.32741454	1.283465
S16G	S16G	16	16	0.88039124	1.0163976	1.2817649	1.0885994	1.0514706	0.9999571	1.1728085	1.2082654	0.964462	1.0286732	10	1.069279	0.12101067	0.47436184	Binding_K27	0.6437711	0.0728558	0.28559473
S16H	S16H	16	16	1.5851331	1.1834601	0.5565974	2.2824101	0.87260103	2.2707412	1.4786224	1.8972226	1.6908141	1.824496	10	1.5642098	0.5633247	2.2082329	Binding_K27	0.9417497	0.33915582	1.3294909
S16I	S16I	16	16	1.1163702	1.2350482	0.70250463	1.1269944	1.6980039	0.9823391	1.5917221	1.0479429	1.2382401	1.509388	10	1.2248554	0.3025835	1.1861273	Binding_K27	0.73743767	0.18217371	0.714121
S16K	S16K	16	16	1.6514032	2.9328737	2.794466	2.2938054	2.6497796	2.664477	2.7492974	2.356372	2.2716863	1.9772623	10	2.4341424	0.40152445	1.5739759	Binding_K27	1.4655021	0.24174221	0.94762945
S16L	S16L	16	16	2.4014406	2.685841	2.2966425	2.2401416	2.7868128	2.195547	2.9744172	3.2857232	2.6195397	1.4755042	10	2.496161	0.4982471	1.9531286	Binding_K27	1.5028411	0.29997513	1.1759025
S16M	S16M	16	16	2.4030166	2.845512	1.3858235	0.94509387	1.4993196	1.641452	2.4001176	2.5834756	2.5565357	2.8553355	10	2.111568	0.68019474	2.6663635	Binding_K27	1.2712927	0.40951872	1.6053134
S16N	S16N	16	16	3.1225939	3.173355	3.2669868	3.1136954	3.0083568	3.1411502	3.0346649	3.2386575	2.9529233	3.0068772	10	3.105926	0.1040845	0.40801126	Binding_K27	1.8699569	0.06266522	0.24564765
S16P	S16P	16	16	1.1665208	0.8100936	0.015119391	0.86638945	0.75080293	0.6390026	0.4621889	0.45004964	0.27505982	0.34041786	10	0.57756454	0.33529574	1.3143593	Binding_K27	0.34772906	0.20186847	0.79132444
S16Q	S16Q	16	16	2.7504113	2.917268	3.0150197	2.9897697	2.8568013	1.1539419	1.6623088	1.8386309	2.7257173	2.8200717	10	2.472994	0.6638569	2.6023192	Binding_K27	1.4888933	0.39968234	1.5667548
S16R	S16R	16	16	2.8706214	2.7177863	2.6893492	3.0253685	3.0914319	3.0355234	2.8187797	2.9970808	2.6830468	2.7375414	10	2.866653	0.15900081	0.6232832	Binding_K27	1.7258999	0.09572818	0.37525448
S16T	S16T	16	16	1.0978785	1.197828	1.0724142	0.9860863	1.1991422	1.0332426	1.0407951	1.0194361	1.0634212	1.0323043	10	1.0742548	0.07217742	0.28293547	Binding_K27	0.64676684	0.043455206	0.17034441
S16V	S16V	16	16	1.9598624	1.2371398	1.5383927	1.4899925	0.8121886	1.9379079	1.125105	1.7808797	0.8928205	1.928847	10	1.4703137	0.43591467	1.7087855	Binding_K27	0.8852185	0.2624472	1.0287931
S16W	S16W	16	16	2.539964	1.5515372	2.1682224	3.0743842	2.8190448	3.0053232	2.1634784	3.13725	2.432912	2.6842172	10	2.5576336	0.49697626	1.9481469	Binding_K27	1.5398514	0.29921	1.1729033
S16Y	S16Y	16	16	2.2994514	1.0132629	1.2014741	1.3771465	1.5233799	1.7105447	2.128214	1.3920509	0.74856794	1.2101836	10	1.4604275	0.47893533	1.8774265	Binding_K27	0.87926644	0.28834826	1.1303252
S170A	S170A	170	170	-0.2168482	-0.2517158	-0.046053812	-0.22260666	-0.1602083	-0.2695214	-0.2213569	-0.23104937	-0.23775509	-0.3262954	10	-0.21834108	0.07379979	0.28929517	Binding_K27	-0.13145465	0.044431973	0.17417334
S170C	S170C	170	170	-0.2330862	-0.19175434	-0.2496703	-0.17953828	-0.30797666	-0.14947735	-0.18951176	-0.24668889	-0.11946429	-0.15713303	10	-0.2024301	0.056582667	0.22180405	Binding_K27	-0.121875264	0.034066215	0.13353957
S170D	S170D	170	170	-0.39728144	-0.451354	-0.47067752	-0.5270234	-0.52559596	-0.28177235	-0.44727746	-0.56885177	-0.53767323	-0.60508204	10	-0.48125893	0.093841195	0.3678575	Binding_K27	-0.2897472	0.05649812	0.22147264
S170E	S170E	170	170	-0.2148132	-0.40500706	-0.22709966	-0.2843092	-0.19165267	-0.20142764	-0.36970383	-0.3572216	-0.48812506	-0.42753044	10	-0.31668907	0.10661579	0.4179339	Binding_K27	-0.19066614	0.0641892	0.2516217
S170F	S170F	170	170	-0.19667682	-0.0663443	-0.13158473	-0.055792905	-0.016975446	-0.03257118	-0.10685147	-0.16689208	-0.11768892	-0.18871024	10	-0.1080088	0.06406003	0.25111532	Binding_K27	-0.065027885	0.038568046	0.15118675
S170G	S170G	170	170	-0.6185109	-0.59721595	-0.56474185	-0.5766069	-0.4369924	-0.3502191	-0.506765	-0.3660642	-0.36741254	-0.5466446	10	-0.4931174	0.10393705	0.40743324	Binding_K27	-0.29688674	0.06257644	0.24529967
S170H	S170H	170	170	-0.13087352	-0.19406766	-0.13793899	-0.19987819	-0.43419635	-0.251532	-0.21746396	-0.6180284	-0.2860143	-0.17815238	10	-0.26481456	0.15168972	0.59462374	Binding_K27	-0.15943451	0.09132646	0.35799974
S170I	S170I	170	170	-0.084148355	-0.17475213	-0.07754978	-0.16174935	-0.034337725	-0.057450548	-0.104030825	-0.1650757	-0.105088875	-0.14125447	10	-0.11054377	0.048471473	0.19000818	Binding_K27	-0.06655409	0.029182782	0.11439651
S170K	S170K	170	170	-0.21614808	-0.13659076	-0.21408103	0.015301156	-0.28627864	-0.16732657	-0.1167164	0.0076227123	-0.08628568	-0.26625344	10	-0.14667568	0.104496084	0.40962467	Binding_K27	-0.0883077	0.062913015	0.24661903
S170L	S170L	170	170	-0.3249676	-0.3036125	-0.34984815	-0.23047684	-0.31676716	-0.2142801	-0.2792684	-0.23807523	-0.3069629	-0.22585136	10	-0.27901104	0.04829238	0.18930614	Binding_K27	-0.16798165	0.029074958	0.11397383
S170M	S170M	170	170	-0.30941942	-0.1380611	-0.22207054	-0.045409437	-0.017252462	-0.11827461	-0.107279845	-0.17459057	-0.35097638	-0.3626805	10	-0.1846015	0.1231081	0.48258376	Binding_K27	-0.11114136	0.07411858	0.29054484
S170N	S170N	170	170	-0.24022478	-0.35420468	-0.29144493	-0.060330812	-0.35593185	-0.16114904	-0.18920822	-0.42147192	-0.14345658	-0.61865896	10	-0.2836082	0.16221604	0.6358869	Binding_K27	-0.17074943	0.09766395	0.3828427
S170P	S170P	170	170	-0.4409502	-0.40561485	-0.19176313	-0.34019285	-0.2873688	-0.43452802	-0.34079057	-0.29120204	-0.11451702	-0.22056696	10	-0.30674943	0.10781092	0.42261884	Binding_K27	-0.18468186	0.06490875	0.2544423
S170Q	S170Q	170	170	-0.44969636	-0.36453453	-0.29323697	-0.38662374	-0.16994558	-0.21158002	-0.45511195	-0.4519375	-0.3128862	-0.5577303	10	-0.3653283	0.120144896	0.470968	Binding_K27	-0.21994992	0.07233455	0.28355145
S170R	S170R	170	170	-0.39217362	-0.17767349	-0.22859025	-0.0840906	-0.12510987	-0.12515977	-0.16304582	-0.06353864	-0.092349805	-0.16482508	10	-0.1616557	0.09486918	0.3718872	Binding_K27	-0.097326584	0.05711703	0.22389877
S170T	S170T	170	170	-0.24106094	-0.20565863	-0.3406954	-0.269614	-0.23139104	-0.17720851	-0.3837042	-0.22074968	-0.30271038	-0.2421231	10	-0.2614916	0.06372997	0.2498215	Binding_K27	-0.15743388	0.038369328	0.15040776
S170V	S170V	170	170	-0.27620265	-0.34859306	-0.34083298	-0.3854322	-0.28683454	-0.31301633	-0.40060928	-0.23333053	-0.26704672	-0.36896548	10	-0.32208636	0.055545248	0.21773738	Binding_K27	-0.19391564	0.033441626	0.13109118
S170W	S170W	170	170	-0.18282172	-0.35091853	-0.25254238	-0.17801076	-0.0021342798	-0.0068731066	-0.08198848	0.0038340834	-0.14104493	-0.07418172	10	-0.12666818	0.117269866	0.45969787	Binding_K27	-0.07626197	0.07060361	0.27676615
S170Y	S170Y	170	170	-0.021556068	0.14106108	-0.12824759	-0.043022726	-0.07243232	0.075055085	0.0086551495	-0.18714374	0.2257472	-0.1247572	10	-0.012664112	0.1289104	0.50532883	Binding_K27	-0.007624568	0.07761192	0.30423874
S180A	S180A	180	180	-0.49219224	-0.47392154	-0.33277085	-0.45143333	-0.44177273	-0.44481364	-0.5643758	-0.37353548	-0.31552646	-0.4061485	10	-0.42964906	0.0752661	0.2950431	Binding_K27	-0.25867492	0.04531478	0.17763394
S180C	S180C	180	180	-0.455189	-0.3674945	-0.38512534	-0.4577885	-0.37559026	-0.5335085	-0.35130408	-0.3759453	-0.44743466	-0.2543475	10	-0.40037274	0.07637392	0.2993858	Binding_K27	-0.2410488	0.045981757	0.1802485
S180D	S180D	180	180	-0.42214698	-0.29330802	-0.3501218	-0.26434368	-0.37845963	-0.069225505	-0.26805845	-0.3009995	-0.3173084	-0.22417553	10	-0.28881472	0.09659774	0.37866315	Binding_K27	-0.17388408	0.058157727	0.22797829
S180E	S180E	180	180	-0.3749024	-0.7392742	-0.6251596	-0.5806604	-0.40219003	-0.4428942	-0.5921674	-0.43032527	-0.29695487	-0.27331534	10	-0.4757844	0.15202308	0.59593046	Binding_K27	-0.28645122	0.091527164	0.3587865
S180F	S180F	180	180	-0.36423784	-0.15088852	-0.019813774	0.07977909	-0.17566665	-0.08435712	-0.001845697	-0.010329408	-0.2600527	0.07583816	10	-0.091157444	0.14551093	0.57040286	Binding_K27	-0.05488234	0.08760645	0.3434173
S180G	S180G	180	180	-0.18417445	-0.22872227	-0.1738296	-0.061029892	-0.23645501	-0.3135026	-0.07096976	-0.20464675	-0.21256208	-0.1412911	10	-0.18271837	0.07642948	0.29960355	Binding_K27	-0.1100076	0.046015207	0.18037961
S180H	S180H	180	180	0.040034402	-0.1176246	-0.28339002	-0.12565973	-0.53242344	-0.09674016	0.13941534	0.014509516	-0.12860733	-0.14846231	10	-0.12389483	0.18532276	0.7264652	Binding_K27	-0.07459224	0.1115756	0.43737638
S180I	S180I	180	180	-0.07539549	-0.5763118	-0.19818676	-0.3703246	-0.19018435	-0.20210996	-0.23135965	-0.15941992	-0.13329846	-0.1891582	10	-0.23257491	0.14253147	0.5587234	Binding_K27	-0.14002427	0.085812636	0.33638555
S180K	S180K	180	180	-0.7803348	-0.51066834	-0.66183907	-0.7101069	-0.60583246	-0.9150606	-1.0152153	-0.62204874	-0.3886562	-0.92864794	10	-0.713841	0.19768474	0.77492416	Binding_K27	-0.42977583	0.119018264	0.4665516
S180L	S180L	180	180	-0.3120789	-0.45015323	-0.29836115	-0.2956126	-0.41042957	-0.33874995	-0.2279572	-0.49700043	-0.12486872	-0.38903713	10	-0.33442488	0.10911627	0.4277358	Binding_K27	-0.20134418	0.065694645	0.257523
S180M	S180M	180	180	-0.4496044	-0.65541506	-0.37058425	-0.590729	-0.4574616	-0.49294838	-0.2484147	-0.2758397	-0.36458948	-0.33307314	10	-0.42386597	0.13136576	0.5149538	Binding_K27	-0.25519317	0.0790902	0.3100336
S180N	S180N	180	180	-0.20964773	-0.26073548	-0.17949082	-0.15468585	-0.16890639	-0.20261244	-0.17855373	-0.22700354	-0.34759364	-0.31027722	10	-0.22395067	0.06379415	0.25007308	Binding_K27	-0.13483196	0.03840797	0.15055925
S180P	S180P	180	180	-0.5920516	-0.40631568	-0.32210276	-0.027996443	-0.27769828	-0.3174698	-0.36590427	-0.2718577	-0.4006337	-0.52218944	10	-0.35042197	0.15314521	0.6003292	Binding_K27	-0.2109754	0.09220275	0.3614348
S180Q	S180Q	180	180	-0.22406386	-0.1686279	0.017691938	0.013007805	-0.044588134	0.108593985	0.05738347	0.3098581	0.23958476	0.03272095	10	0.03415611	0.16296318	0.6388157	Binding_K27	0.02056406	0.098113775	0.384606
S180R	S180R	180	180	-0.2949742	-0.3940466	-0.33997452	-0.41001204	-0.24588242	-0.35456473	-0.15807079	-0.4258632	-0.31060252	-0.28066885	10	-0.32146597	0.08188089	0.3209731	Binding_K27	-0.19354211	0.049297288	0.19324537
S180T	S180T	180	180	-0.65909666	-0.70053303	-0.3825049	-0.40225536	-0.52692956	-0.41176355	-0.505486	-0.31820622	-0.41151637	-0.36360526	10	-0.46818972	0.12770984	0.5006226	Binding_K27	-0.28187877	0.076889105	0.3014053
S180V	S180V	180	180	-0.6882483	-0.4693142	-0.6030027	-0.604945	-0.87695724	-0.5907687	-0.6252454	-0.5946334	-0.7851267	-0.6408705	10	-0.6479112	0.11320783	0.4437747	Binding_K27	-0.39008203	0.068158016	0.26717943
S180W	S180W	180	180	0.18782954	0.29868048	0.4143387	0.28941354	0.20248736	0.32300967	0.45018467	0.5278937	0.12121226	0.4633654	10	0.32784152	0.13383253	0.5246235	Binding_K27	0.19738059	0.08057534	0.31585532
S180Y	S180Y	180	180	-0.27898842	-0.3966735	-0.04319833	-0.09740324	-0.12179182	0.02809776	-0.28419843	-0.041895714	-0.102682345	0.0530585	10	-0.12856755	0.14634334	0.57366586	Binding_K27	-0.077405505	0.08810761	0.34538183
S38A	S38A	38	38	-0.51141554	-0.60242075	-0.6159578	-0.6224008	-0.5468757	-0.54836786	-0.65380013	-0.5741678	-0.5970429	-0.5889313	10	-0.58613807	0.041990828	0.16460405	Binding_K27	-0.35289085	0.025281038	0.09910167
S38C	S38C	38	38	-0.45592758	-0.42571557	-0.24784957	-0.3728806	-0.34650746	-0.4000111	-0.5314895	-0.3907778	-0.36517122	-0.44946757	10	-0.3985798	0.075682305	0.29667464	Binding_K27	-0.23996934	0.045565363	0.17861623
S38D	S38D	38	38	-0.05862656	-0.1748505	-0.13233574	-0.0036357546	-0.058091063	0.009743659	0.09811565	-0.18808435	0.09800553	0.0059970943	10	-0.0403762	0.1018421	0.39922103	Binding_K27	-0.024308935	0.061315153	0.2403554
S38E	S38E	38	38	0.43360734	0.24947244	0.3601527	0.35464162	0.32626736	0.22410871	0.16814025	0.32323897	0.18320926	0.22721827	10	0.28500566	0.08696965	0.34092104	Binding_K27	0.17159079	0.052361034	0.20525526
S38F	S38F	38	38	0.34962866	0.39674243	0.3112366	0.41840047	0.4525499	0.40123364	0.29724354	0.4286481	0.46417484	0.40110725	10	0.39209655	0.05617731	0.22021507	Binding_K27	0.23606603	0.033822168	0.1325829
S38G	S38G	38	38	0.3719326	0.2648412	0.22404899	0.27538913	0.1909504	0.16632289	0.2748957	0.37655386	0.22488557	0.19991195	10	0.2569732	0.07163454	0.2808074	Binding_K27	0.15471354	0.04312836	0.16906318
S38H	S38H	38	38	0.3542818	0.32401216	0.3772346	0.37515932	0.22735456	0.30718616	0.47408682	0.63458484	0.47733903	0.37616634	10	0.39274055	0.11252741	0.44110745	Binding_K27	0.23645376	0.06774836	0.2655736
S38I	S38I	38	38	0.61590296	0.537707	0.5336838	0.4715126	0.582632	0.47186163	0.54765093	0.5894942	0.5290212	0.44936135	10	0.5328828	0.055070486	0.21587631	Binding_K27	0.32082793	0.03315579	0.1299707
S38K	S38K	38	38	1.654742	1.619113	1.6063409	1.7684958	1.9478366	2.0773509	1.6290158	1.7725286	1.7377892	1.5499899	10	1.7363203	0.16563344	0.6492831	Binding_K27	1.0453707	0.09972143	0.39090803
S38L	S38L	38	38	0.9265795	0.84965813	0.8277952	0.80246454	0.7375522	0.9205908	0.9658387	0.87307394	0.90420157	1.1529269	10	0.8960682	0.112386025	0.44055322	Binding_K27	0.5394877	0.06766324	0.2652399
S38M	S38M	38	38	0.6124692	0.727829	0.76586336	0.7709322	0.7654225	0.7585604	0.67275256	0.92524743	0.6284514	0.7098958	10	0.73374236	0.088710114	0.34774366	Binding_K27	0.44175765	0.0534089	0.20936288
S38N	S38N	38	38	-0.2344901	-0.23987351	0.0062363166	-0.020948531	-0.23170152	-0.27373576	-0.1928791	-0.2831511	-0.17881554	-0.30169618	10	-0.1951055	0.10610812	0.41594383	Binding_K27	-0.11746541	0.06388356	0.25042355
S38P	S38P	38	38	0.99091244	1.2063348	1.2160449	1.1397134	1.244742	1.0441523	1.1711181	1.1419171	1.1693255	1.1484027	10	1.1472664	0.07741849	0.3034805	Binding_K27	0.6907243	0.046610653	0.18271376
S38Q	S38Q	38	38	0.19733724	0.13003674	0.19290881	0.09757131	0.3969037	0.12987635	0.26587003	0.23691265	-0.013607911	0.17972699	10	0.1813536	0.10923782	0.42821226	Binding_K27	0.10918593	0.065767825	0.25780988
S38R	S38R	38	38	1.173093	1.1708108	1.0776572	1.1062524	1.1117498	1.1601783	1.2324117	1.1658665	1.0441037	1.2552797	10	1.1497402	0.06584575	0.25811535	Binding_K27	0.6922137	0.039643157	0.15540119
S38T	S38T	38	38	-0.059402466	-0.1425582	-0.12916079	-0.04361924	-0.06665824	-0.13952474	-0.020701827	-0.14022383	-0.1373313	-0.24602634	10	-0.112520695	0.06601193	0.25876677	Binding_K27	-0.06774432	0.039743207	0.15579337
S38V	S38V	38	38	-0.101289086	-0.08426475	-0.08690809	-0.14962506	-0.08299216	-0.16868705	-0.18902759	-0.24399145	-0.07233938	-0.04692017	10	-0.122604474	0.062381342	0.24453487	Binding_K27	-0.07381537	0.03755737	0.1472249
S38W	S38W	38	38	-0.46476737	-0.58340406	-0.61083287	-0.35604015	-0.4803139	-0.46866152	-0.49555156	-0.31910053	-0.42079648	-0.40909454	10	-0.4608563	0.09100348	0.35673365	Binding_K27	-0.2774636	0.054789644	0.21477541
S38Y	S38Y	38	38	0.17509024	0.17345965	0.1801054	0.07693341	0.107602656	0.023957629	0.16867001	0.07166846	0.059702322	0.09769681	10	0.11348865	0.056913253	0.22309996	Binding_K27	0.06832709	0.03426525	0.13431978
S64A	S64A	64	64	0.5277656	0.5032962	0.44407585	0.47615162	0.5378685	0.57907605	0.60034156	0.61289006	0.56933206	0.5430957	10	0.5393893	0.053879164	0.21120633	Binding_K27	0.32474527	0.032438543	0.12715909
S64C	S64C	64	64	0.20168893	0.34097525	0.16059576	0.2423808	0.29462942	0.30440038	0.2902866	0.28073472	0.29284033	0.26391414	10	0.26724464	0.052952357	0.20757324	Binding_K27	0.16089757	0.031880546	0.12497175
S64D	S64D	64	64	0.016018579	0.09013431	0.055817634	0.05450734	0.0351649	0.16927773	0.0449746	0.052703362	-0.042794783	-0.24155748	10	0.023424616	0.107421085	0.42109066	Binding_K27	0.014103048	0.06467404	0.25352225
S64E	S64E	64	64	0.4179794	0.38211143	0.28665647	0.3013999	0.33188993	0.2958286	0.370963	0.3609488	0.34213895	0.31968257	10	0.3409599	0.042179856	0.16534504	Binding_K27	0.20527865	0.025394846	0.099547796
S64F	S64F	64	64	0.9533268	0.9248504	0.8717762	0.89653826	0.81156653	0.82041365	0.74017626	0.82660663	0.85852545	0.8326782	10	0.8536458	0.061571836	0.2413616	Binding_K27	0.51394683	0.03707	0.1453144
S64G	S64G	64	64	0.2956406	0.24215029	0.28328833	0.29907477	0.3255379	0.3392473	0.28820688	0.30377167	0.3040455	0.34044477	10	0.3021408	0.029055275	0.11389668	Binding_K27	0.18190719	0.017493047	0.068572745
S64H	S64H	64	64	-0.3545041	0.018194705	0.12463335	0.24449445	0.13640015	0.07119972	0.014041696	0.2029703	-0.09517565	0.06995234	10	0.043220695	0.17050748	0.6683893	Binding_K27	0.026021494	0.102655895	0.4024111
S64I	S64I	64	64	0.8859056	0.8121301	0.72107655	0.6974515	0.64922357	0.67892486	0.6764003	0.7653414	0.71949047	0.7578209	10	0.7363765	0.07143314	0.2800179	Binding_K27	0.44334358	0.043007106	0.16858786
S64K	S64K	64	64	0.80833864	0.90018034	0.80815405	0.81739455	0.8390835	0.85909206	0.8104228	0.7813224	0.82265705	0.7679632	10	0.82146084	0.03783823	0.14832588	Binding_K27	0.4945695	0.022780923	0.08930122
S64L	S64L	64	64	0.9109632	0.91013116	0.90106225	0.8623552	0.9299449	0.8995466	0.9447499	0.97781646	0.97496367	0.90125704	10	0.92127895	0.036038727	0.14127181	Binding_K27	0.5546661	0.02169751	0.08505424
S64M	S64M	64	64	0.81421995	0.7611033	0.7723242	0.7921464	0.7694578	0.70236367	0.7452389	0.7299906	0.77392316	0.73402834	10	0.75947964	0.032526605	0.12750429	Binding_K27	0.45725304	0.019583	0.07676536
S64N	S64N	64	64	-0.09442199	-0.15825485	-0.41038302	-0.39027423	-0.22885552	-0.20835379	-0.25015157	-0.57618093	0.10153043	-0.35857767	10	-0.25739232	0.18897767	0.7407925	Binding_K27	-0.15496586	0.11377608	0.44600224
S64P	S64P	64	64	0.7416929	0.76645565	0.7325247	0.74159116	0.75936013	0.81429785	0.7195171	0.82611483	0.7901114	0.69368684	10	0.75853527	0.041782483	0.16378734	Binding_K27	0.45668447	0.025155602	0.09860996
S64Q	S64Q	64	64	0.62695634	0.6290013	0.6539535	0.6474073	0.62329763	0.6299747	0.76733583	0.68000615	0.5323576	0.66021	10	0.64505005	0.05819065	0.22810736	Binding_K27	0.38835946	0.03503432	0.13733454
S64R	S64R	64	64	0.7198936	0.7445717	0.7375433	0.71140003	0.65195847	0.6986064	0.7337162	0.76046264	0.7276607	0.7293052	10	0.72151184	0.029852638	0.11702234	Binding_K27	0.43439412	0.017973108	0.07045458
S64T	S64T	64	64	0.11998039	0.10483162	0.19989973	0.032626998	0.18393229	0.06561513	0.12197287	0.1013551	0.1190346	0.15238309	10	0.12016319	0.050215088	0.19684315	Binding_K27	0.07234556	0.030232545	0.11851158
S64V	S64V	64	64	0.8313491	0.80820364	0.8077144	0.85142714	0.87959266	0.8308521	0.8273176	0.77108496	0.82923186	0.8032351	10	0.82400084	0.029303124	0.114868246	Binding_K27	0.49609876	0.017642267	0.06915769
S64W	S64W	64	64	0.76589084	0.7896668	0.9157844	0.77737594	0.7728386	0.7876756	0.7922229	0.9096394	0.85950786	0.7639963	10	0.8134599	0.058864042	0.23074704	Binding_K27	0.48975244	0.03543974	0.1389238
S64Y	S64Y	64	64	-0.029137086	-0.03905055	-0.56748253	-0.20037375	-0.031658128	0.4747916	0.4515568	-0.37382126	0.2952818	-9.765707e-05	10	-0.0019990797	0.33694485	1.3208238	Binding_K27	-0.0012035678	0.20286134	0.79521644
S88A	S88A	88	88	-0.26144728	-0.008797053	0.09508971	0.3914604	0.09135889	-0.08860619	0.11698946	-0.021928405	0.039947964	0.040831365	10	0.039489884	0.16624907	0.6516963	Binding_K27	0.023775319	0.100092076	0.39236096
S88C	S88C	88	88	0.13044538	0.1301628	-0.08647972	0.08193075	-0.06770677	0.017614394	0.2126619	0.009876562	0.36353847	0.32788673	10	0.11199305	0.15369968	0.60250276	Binding_K27	0.067426644	0.092536576	0.36274338
S88D	S88D	88	88	-0.17602769	-0.3894086	0.03430782	-0.36421728	-0.111186676	-0.16857591	-0.32125732	-0.15570493	-0.65189916	-0.28660318	10	-0.25905728	0.18876609	0.7399631	Binding_K27	-0.15596828	0.1136487	0.4455029
S88E	S88E	88	88	-0.05134017	0.18242578	0.33654255	0.82337826	0.095810324	0.2556683	0.28204027	0.14872746	0.020390155	-0.1659612	10	0.19276817	0.27074042	1.0613024	Binding_K27	0.11605819	0.16300224	0.63896877
S88F	S88F	88	88	0.2021325	0.7025866	0.2427846	0.2643201	0.35523155	0.18468058	0.14167276	0.059747074	-0.0071026403	0.115304425	10	0.22613576	0.19697827	0.7721548	Binding_K27	0.13614751	0.11859293	0.4648843
S88G	S88G	88	88	-0.043406866	-0.11945124	-0.18019179	-0.051683027	-0.08861641	-0.12097586	-0.17464873	0.043522347	-0.30343616	-0.30621532	10	-0.13451031	0.111099795	0.4355112	Binding_K27	-0.08098341	0.066888854	0.26220432
S88H	S88H	88	88	0.5472624	0.94530994	0.631175	0.28335118	0.7801554	0.26138785	0.10691151	0.41100624	0.2845079	0.70655	10	0.49576172	0.2690435	1.0546505	Binding_K27	0.29847878	0.1619806	0.634964
S88I	S88I	88	88	0.8878235	-0.059467603	0.19577277	0.25172243	0.24438262	-0.030858282	0.42576358	0.4929922	0.84643346	1.5786906	10	0.48332554	0.5001252	1.960491	Binding_K27	0.29099146	0.3011059	1.180335
S88K	S88K	88	88	0.5378663	1.3146012	1.2602725	0.1254069	0.38806352	-0.5540664	0.19160336	0.85285133	0.8211282	1.4616241	10	0.63993514	0.6288055	2.4649177	Binding_K27	0.38527998	0.37857926	1.4840307
S88L	S88L	88	88	0.71131843	0.31975043	0.12844281	-0.09898102	0.095283784	-0.09758649	-0.017565208	0.18476224	0.46954435	0.9654457	10	0.2660415	0.35470384	1.3904392	Binding_K27	0.1601732	0.21355334	0.8371291
S88M	S88M	88	88	1.0647205	-0.20173264	0.51698065	0.025808223	0.4954996	0.42143148	0.43836075	0.02780294	0.29842904	0.40413767	10	0.3491438	0.34828013	1.3652581	Binding_K27	0.21020585	0.20968588	0.8219687
S88N	S88N	88	88	0.29351783	0.800065	0.0047109667	-0.0054538446	-0.029640175	0.11622111	-0.12507235	-0.034808315	0.013725158	-0.0065128095	10	0.10267526	0.26922894	1.0553775	Binding_K27	0.061816767	0.16209224	0.6354016
S88P	S88P	88	88	0.07400799	0.5232724	-0.04743376	-0.16053861	-0.8225538	-0.27768412	-0.03521353	0.16608872	-0.36074603	-0.16544701	10	-0.110624775	0.3535494	1.3859136	Binding_K27	-0.06660286	0.21285829	0.8344045
S88Q	S88Q	88	88	-0.36633104	0.338967	-0.07184386	0.22213215	0.5220757	0.74285966	0.9132179	0.58763665	0.0642932	0.18834323	10	0.31413507	0.38874257	1.523871	Binding_K27	0.18912847	0.23404673	0.9174632
S88R	S88R	88	88	0.3364983	1.2841918	0.67960656	1.1792964	0.5201495	0.69367224	0.65383387	0.33711064	0.06309013	0.25664306	10	0.6004093	0.39055476	1.5309746	Binding_K27	0.36148304	0.23513778	0.9217401
S88T	S88T	88	88	0.45232576	-0.14876373	-0.14738025	-0.335937	-0.42840716	0.2085845	-0.20747733	-0.1646217	0.25114858	0.13479108	10	-0.038573723	0.28379494	1.1124762	Binding_K27	-0.023223734	0.17086186	0.66977847
S88V	S88V	88	88	0.007989482	0.44213983	0.56983566	0.19838992	0.30964226	0.1342178	0.5617875	0.14536569	0.9961467	0.16181062	10	0.35273254	0.29524758	1.1573706	Binding_K27	0.21236649	0.17775705	0.6968077
S88W	S88W	88	88	-0.29234776	-0.16997728	0.17762329	-0.1520407	-0.20177515	-0.32448784	-0.33466458	-0.26094362	-0.41190648	-0.16314647	10	-0.21336666	0.16198553	0.6349833	Binding_K27	-0.12845974	0.097525164	0.38229865
S88Y	S88Y	88	88	1.0184218	0.49035314	1.6763104	1.3182266	1.0488217	0.7457076	0.49871126	1.4370884	1.4162562	0.3375344	10	0.99874306	0.4643086	1.8200897	Binding_K27	0.60130423	0.2795421	1.095805
T123A	T123A	123	123	-0.07679446	-0.046080887	-0.042606913	-0.11593984	-0.025281256	-0.046582036	-0.09896857	-0.18655255	-0.14019376	-0.14458302	10	-0.09235833	0.053688217	0.21045782	Binding_K27	-0.055605344	0.03232358	0.12670843
T123C	T123C	123	123	-0.07788365	-0.0037600258	-0.11839425	-0.13372259	0.04298557	-0.0056149885	-0.092556074	-0.0924019	-0.076698266	-0.13977434	10	-0.06978205	0.061180152	0.2398262	Binding_K27	-0.04201305	0.03683418	0.14438999
T123D	T123D	123	123	-0.2656971	-0.14484851	-0.22322844	-0.27145255	-0.25201243	-0.2825119	-0.21201319	-0.22894302	-0.173665	-0.36976117	10	-0.24241333	0.062380396	0.24453115	Binding_K27	-0.1459476	0.0375568	0.14722267
T123E	T123E	123	123	-0.19460772	-0.17005634	-0.18662612	-0.14151339	-0.12769191	-0.1191899	-0.2727027	-0.13285168	-0.17264606	-0.1560107	10	-0.16738966	0.04487947	0.17592752	Binding_K27	-0.10077878	0.027020177	0.10591909
T123F	T123F	123	123	0.07077997	0.0597432	0.075450115	0.0837804	0.09466105	0.076311596	0.098011956	0.05157356	0.07739564	0.09216937	10	0.077987686	0.014928591	0.05852008	Binding_K27	0.046953343	0.008987922	0.035232656
T123G	T123G	123	123	-0.25907627	-0.12710166	-0.17849986	-0.16705434	-0.061710898	-0.07987066	-0.08810344	-0.16384321	-0.1295136	-0.089877255	10	-0.13446513	0.059518512	0.23331258	Binding_K27	-0.080956206	0.035833772	0.14046839
T123H	T123H	123	123	-0.12972881	0.10457867	-0.06053261	0.035892636	-0.09583731	-0.00502251	-0.003841815	0.012704785	-0.14001542	0.0038542934	10	-0.027794808	0.07745866	0.30363795	Binding_K27	-0.01673417	0.046634834	0.18280855
T123I	T123I	123	123	0.05659803	0.05820906	0.018468078	-0.049011145	0.044241417	-0.004084509	0.048832938	0.16896756	0.054651424	0.07262862	10	0.04695015	0.05623562	0.22044364	Binding_K27	0.028266853	0.03385727	0.1327205
T123K	T123K	123	123	0.03232053	0.025993815	-0.13635355	0.022145912	-0.05375925	-0.015106735	0.026569722	0.017010514	-0.08557828	-0.07291963	10	-0.023967694	0.059454013	0.23305973	Binding_K27	-0.0144300135	0.03579494	0.14031617
T123L	T123L	123	123	0.027307028	-0.020247625	-0.04591233	-0.02242633	-0.028142212	0.054634828	-0.04275882	-0.04250882	0.0028374374	0.0054282416	10	-0.01117886	0.03327768	0.1304485	Binding_K27	-0.006730356	0.020035192	0.078537956
T123M	T123M	123	123	-0.025383115	-0.033901088	-0.06604299	-0.051253248	-0.00234984	-0.015106106	-0.015428749	0.00043629823	0.03615297	-0.043357823	10	-0.021623367	0.029373737	0.11514505	Binding_K27	-0.013018586	0.01768478	0.06932434
T123N	T123N	123	123	-0.12033008	-0.112429015	-0.1400553	-0.22164808	-0.08721179	-0.14670348	-0.08844438	-0.048031017	-0.11890192	-0.11470018	10	-0.11984553	0.045685478	0.17908707	Binding_K27	-0.07215432	0.027505443	0.10782134
T123P	T123P	123	123	-0.20892315	-0.06935609	-0.16090697	-0.17084213	-0.059301134	-0.17335378	-0.04973088	-0.22865437	-0.27007064	-0.11515227	10	-0.15062913	0.075401284	0.29557303	Binding_K27	-0.09068792	0.04539617	0.17795299
T123Q	T123Q	123	123	-0.10292117	-0.07709476	-0.007779328	-0.16892648	-0.09784189	-0.10584477	-0.053336866	-0.102043115	0.0057958504	-0.21468145	10	-0.0924674	0.06648837	0.26063442	Binding_K27	-0.05567101	0.040030055	0.15691781
T123R	T123R	123	123	0.03289845	0.061152853	0.044856776	0.006025423	0.01916507	0.013897215	-0.024237176	0.050874487	0.050492525	0.0065968065	10	0.026172241	0.026561568	0.10412135	Binding_K27	0.015757285	0.015991684	0.062687404
T123S	T123S	123	123	-0.06732931	-0.16134857	-0.1008406	-0.1910827	-0.09731365	-0.13124824	-0.19193487	-0.11079654	-0.14322582	-0.06347373	10	-0.1258594	0.04618272	0.18103628	Binding_K27	-0.07577503	0.027804814	0.10899487
T123V	T123V	123	123	-0.02787887	-0.05627356	0.054365154	0.07455529	0.11648021	-0.022630887	0.021929191	0.025951954	-0.037545174	0.004043628	10	0.015299695	0.054545987	0.21382028	Binding_K27	0.009211349	0.03284001	0.12873285
T123W	T123W	123	123	-0.1510913	-0.114336476	-0.19146599	-0.076183796	-0.058725778	-0.02215172	-0.024147768	-0.031545676	-0.042479828	-0.07322936	10	-0.078535765	0.057126246	0.22393489	Binding_K27	-0.047283318	0.034393482	0.13482246
T123Y	T123Y	123	123	0.056806926	0.04242399	0.11186863	0.06631664	0.02370266	0.029996593	0.11959364	0.01732065	-0.045051266	0.037193496	10	0.046017196	0.04742329	0.18589929	Binding_K27	0.027705157	0.02855171	0.11192271
T126A	T126A	126	126	-0.14736576	-0.20876698	-0.18809338	-0.11143806	-0.12872818	-0.10725346	-0.3354363	-0.28850916	-0.22713335	-0.29657155	10	-0.20392963	0.0820559	0.32165912	Binding_K27	-0.12277807	0.049402654	0.19365841
T126C	T126C	126	126	-0.31251597	-0.26614082	-0.4024209	-0.33930793	-0.29178983	-0.27818522	-0.21714929	-0.18903677	-0.31688106	-0.3697847	10	-0.29832125	0.06513688	0.25533658	Binding_K27	-0.17960759	0.039216373	0.15372819
T126D	T126D	126	126	-0.4519426	-0.49327582	-0.518641	-0.64267343	-0.6392085	-0.45124647	-0.5265508	-0.35680008	-0.48785105	-0.4910392	10	-0.5059229	0.08557134	0.33543965	Binding_K27	-0.30459645	0.051519167	0.20195514
T126E	T126E	126	126	-0.3107035	-0.32468832	-0.23763165	-0.3006443	-0.27455655	-0.25047648	-0.21868284	-0.058982685	-0.18163905	-0.113888234	10	-0.22718935	0.086954065	0.34085995	Binding_K27	-0.13678184	0.05235165	0.20521846
T126F	T126F	126	126	-0.22424695	-0.24301094	-0.21833223	-0.21238385	-0.24595405	-0.23767449	-0.26510012	-0.05311716	-0.1594907	-0.21718451	10	-0.2076495	0.061121177	0.23959501	Binding_K27	-0.12501766	0.036798675	0.14425081
T126G	T126G	126	126	-0.24452746	-0.34660643	-0.25862718	-0.25258	-0.2565469	-0.0917646	-0.19103815	-0.2670783	-0.26337832	-0.19141413	10	-0.23635614	0.06670253	0.26147392	Binding_K27	-0.14230081	0.04015899	0.15742324
T126H	T126H	126	126	-0.30049938	-0.23372898	-0.1422746	-0.24545176	-0.22961274	-0.15830965	-0.23375326	-0.21636818	-0.35625932	-0.1263512	10	-0.2242609	0.07040617	0.27599218	Binding_K27	-0.13501874	0.042388808	0.16616413
T126I	T126I	126	126	-0.351911	-0.39484963	-0.25271705	-0.3989435	-0.3482881	-0.2953136	-0.37977788	-0.28772694	-0.29243892	-0.44326037	10	-0.34452268	0.060867377	0.23860012	Binding_K27	-0.20742366	0.03664587	0.14365181
T126K	T126K	126	126	-0.05695669	-0.16471843	-0.01371106	-0.04145956	-0.094327316	-0.10613997	-0.22771367	-0.1304799	-0.07004607	-0.16404708	10	-0.106959976	0.065607004	0.25717947	Binding_K27	-0.064396426	0.039499417	0.15483771
T126L	T126L	126	126	-0.18411055	-0.19346744	-0.22518975	-0.19683594	-0.19311681	-0.20216621	-0.23108122	-0.27973726	-0.1377529	-0.329596	10	-0.21730539	0.05373896	0.21065672	Binding_K27	-0.1308311	0.03235413	0.1268282
T126M	T126M	126	126	-0.20808908	-0.23759356	-0.12382744	-0.17636272	-0.20955677	-0.20624451	-0.30170357	-0.20108315	-0.27447966	-0.19704396	10	-0.21359845	0.04946557	0.19390504	Binding_K27	-0.12859929	0.02978129	0.116742656
T126N	T126N	126	126	-0.4158213	-0.48958138	-0.2550967	-0.21855196	-0.28409716	-0.27146304	-0.3238394	-0.29719725	-0.27694842	-0.38909054	10	-0.32216874	0.08380081	0.32849917	Binding_K27	-0.19396523	0.050453197	0.19777654
T126P	T126P	126	126	-0.24726099	-0.1894157	-0.19238274	-0.37538955	-0.2834474	-0.12732966	-0.27915663	-0.09991339	-0.12211968	-0.33153987	10	-0.22479555	0.09363794	0.36706075	Binding_K27	-0.13534063	0.056375753	0.22099295
T126Q	T126Q	126	126	-0.27724263	-0.37753382	-0.36958238	-0.41573426	-0.25105208	-0.2335598	-0.33460173	-0.19428165	-0.28451684	-0.29756457	10	-0.30356696	0.06997444	0.2742998	Binding_K27	-0.18276583	0.04212888	0.16514522
T126R	T126R	126	126	-0.10439036	-0.15858175	-0.12605909	-0.02087384	-0.119360454	-0.020583862	0.011733607	-0.0081755975	-0.27997413	-0.18518901	10	-0.10114545	0.092870116	0.36405087	Binding_K27	-0.060895726	0.055913474	0.21918082
T126S	T126S	126	126	-0.27060416	-0.34551024	-0.2666559	-0.34095025	-0.42915502	-0.31064793	-0.38124305	-0.3275887	-0.33095655	-0.34080088	10	-0.33441123	0.04791391	0.18782252	Binding_K27	-0.20133595	0.028847095	0.11308061
T126V	T126V	126	126	-0.23249671	-0.2748085	-0.21354046	-0.32185912	-0.33140385	-0.08866392	-0.23690505	-0.2811573	-0.35272568	-0.23914081	10	-0.25727016	0.075538784	0.29611203	Binding_K27	-0.15489233	0.045478955	0.1782775
T126W	T126W	126	126	-0.28606713	-0.27827838	-0.3183364	-0.33479983	-0.2671727	-0.26466957	-0.19280943	-0.28134686	-0.3603508	-0.27261376	10	-0.28564447	0.0455927	0.17872338	Binding_K27	-0.17197539	0.027449585	0.10760238
T126Y	T126Y	126	126	-0.3181585	-0.26210386	-0.37173194	-0.34940466	-0.27086437	-0.363005	-0.35759735	-0.18830253	-0.21726418	-0.25800565	10	-0.2956438	0.06530562	0.25599805	Binding_K27	-0.17799559	0.039317966	0.15412642
T143A	T143A	143	143	-0.3412109	-0.5069159	-0.5926338	-0.3198136	-0.2043969	-0.1574325	-0.38771126	-0.35664672	-0.3371224	-0.40315455	10	-0.3607039	0.12739988	0.49940753	Binding_K27	-0.21716574	0.07670249	0.30067378
T143C	T143C	143	143	-0.0479613	-0.12255458	0.03967857	-0.11439504	-0.17881869	-0.26016894	-0.2591212	-0.071513824	-0.01053085	-0.12397371	10	-0.11493596	0.0984774	0.38603142	Binding_K27	-0.06919845	0.0592894	0.23241445
T143D	T143D	143	143	1.9565762	1.7072858	1.7341549	1.9102862	2.1629655	1.8720077	1.4810472	1.9860759	1.5749041	2.0740402	10	1.8459343	0.2179606	0.8544056	Binding_K27	1.111365	0.13122557	0.51440424
T143E	T143E	143	143	1.7033749	1.5436425	2.311227	2.2340298	2.0229657	1.1264205	2.1119895	1.4535218	1.6660017	1.351052	10	1.7524226	0.40034315	1.5693452	Binding_K27	1.0550653	0.24103099	0.9448415
T143F	T143F	143	143	2.031451	2.532371	2.1031013	1.7797406	1.9105703	1.7935473	1.5346894	1.7589036	1.0866678	1.5034987	10	1.803454	0.38918725	1.525614	Binding_K27	1.0857893	0.23431446	0.9185127
T143G	T143G	143	143	-0.50290066	-0.73459184	-0.6756449	-0.49733865	-0.36325458	-0.59398127	-0.7988447	-0.48872554	-0.57586384	-0.29117757	10	-0.5522324	0.15809524	0.61973333	Binding_K27	-0.33247757	0.09518298	0.37311727
T143H	T143H	143	143	1.9049745	0.6617281	2.1532338	1.0321821	2.0899277	1.7256064	2.2173266	1.937597	1.5274862	1.8727497	10	1.7122812	0.50621676	1.9843698	Binding_K27	1.0308977	0.30477336	1.1947116
T143I	T143I	143	143	-0.34715006	-0.57355756	-0.59003377	-0.9597091	-0.60258955	-0.60998493	-0.84926826	-0.77714133	-0.66725206	-0.48897716	10	-0.64656633	0.17729668	0.69500303	Binding_K27	-0.38927236	0.10674341	0.41843417
T143K	T143K	143	143	1.3130727	1.7745855	0.93584013	1.3068938	1.7665534	1.2334529	2.0291867	1.6036304	1.632013	1.5522805	10	1.5147508	0.3191597	1.251106	Binding_K27	0.91197234	0.19215359	0.7532421
T143L	T143L	143	143	-0.31641254	0.046029862	-0.07137753	-0.01866373	-0.0015502141	0.0042611845	-0.39878592	-0.1800819	-0.12943144	0.08002854	10	-0.09859836	0.1581489	0.6199437	Binding_K27	-0.059362225	0.09521528	0.37324393
T143M	T143M	143	143	-0.31877762	-1.0079694	-0.9282118	-0.5698948	-0.66146064	-0.34923056	-0.5717399	-0.96578735	-0.8316003	-0.55005246	10	-0.67547244	0.24823569	0.9730839	Binding_K27	-0.4066756	0.14945301	0.58585584
T143N	T143N	143	143	1.1845536	1.8382281	1.3543507	1.2312117	1.1144197	1.3900185	1.3124229	1.2267911	1.2283189	1.2322422	10	1.3112558	0.20199637	0.7918258	Binding_K27	0.78945595	0.12161413	0.4767274
T143P	T143P	143	143	1.5390439	2.1237056	1.5591846	1.5513605	1.5599443	2.3174212	2.3233771	1.7099862	2.4868426	1.6855328	10	1.8856399	0.38174865	1.4964547	Binding_K27	1.1352702	0.22983596	0.900957
T143Q	T143Q	143	143	0.61517704	1.0545262	0.59364605	0.65522224	0.35069993	0.55682635	1.7908266	1.1086663	1.2219737	1.0477121	10	0.89952767	0.42698783	1.6737924	Binding_K27	0.5415705	0.25707272	1.0077251
T143R	T143R	143	143	1.0264928	0.47614622	1.6090249	0.81553656	1.2672135	1.0700953	1.2575778	1.8372793	2.5149858	1.4590347	10	1.3333387	0.5694549	2.2322633	Binding_K27	0.80275124	0.34284657	1.3439586
T143S	T143S	143	143	-0.34085897	-0.3875685	-0.3525761	-0.21178968	-0.16233581	-0.4194504	-0.48906478	-0.21543165	-0.42766252	-0.3490709	10	-0.33558092	0.106482014	0.4174095	Binding_K27	-0.20204017	0.06410866	0.25130597
T143V	T143V	143	143	-0.04655371	-0.32189226	-0.5942767	-0.5168302	-0.29717615	-0.50326693	-0.54848313	-0.31761214	0.24191177	0.07698943	10	-0.28271902	0.2856787	1.1198605	Binding_K27	-0.17021409	0.17199601	0.6742244
T143W	T143W	143	143	1.7303182	1.1083083	1.3863798	0.6398342	1.6080055	1.6532409	2.22029	2.1861167	1.3203943	2.2929373	10	1.6145824	0.5284886	2.0716753	Binding_K27	0.9720771	0.31818235	1.2472749
T143Y	T143Y	143	143	2.4846246	1.6695585	3.025821	2.2618213	1.7762192	2.507801	2.708266	2.6815867	2.3502123	2.2908075	10	2.3756719	0.41298065	1.6188842	Binding_K27	1.4302993	0.24863952	0.97466695
T147A	T147A	147	147	-0.6701154	-0.5050615	-0.88560325	-0.7701666	-0.7026011	-0.5747998	-0.43128642	-0.5113645	-0.571541	-0.68220603	10	-0.63047457	0.13752523	0.5390989	Binding_K27	-0.37958413	0.08279858	0.32457042
T147C	T147C	147	147	-0.38163728	-0.68122697	-0.4736122	-0.47988898	-0.62904817	-0.51385415	-0.8095481	-0.64539266	-0.50380266	-0.50571287	10	-0.56237245	0.12600796	0.4939512	Binding_K27	-0.33858252	0.07586447	0.29738873
T147D	T147D	147	147	-0.3033898	-0.36909848	-0.5928603	-0.41793072	-0.2698498	-0.38542664	-0.5112931	-0.35256824	-0.5130023	-0.7299453	10	-0.44453645	0.14196669	0.55650944	Binding_K27	-0.26763806	0.0854726	0.33505258
T147E	T147E	147	147	-0.28980023	-0.4584717	-0.16424768	-0.30103222	-0.37910753	-0.017397862	-0.4025969	-0.3228933	-0.53140795	-0.30004632	10	-0.31670016	0.14589949	0.571926	Binding_K27	-0.1906728	0.087840386	0.3443343
T147F	T147F	147	147	-0.13972764	-0.26976997	-0.30924824	-0.49166542	-0.45179868	-0.30794588	-0.2917009	-0.17278655	-0.1348128	-0.23576204	10	-0.2805218	0.12036966	0.47184905	Binding_K27	-0.16889124	0.072469875	0.2840819
T147G	T147G	147	147	-0.5411272	-0.41371563	-0.18636343	-0.28497794	-0.33741963	-0.32043767	0.06686639	0.00684119	-0.11937722	-0.6382395	10	-0.27679506	0.2251959	0.8827679	Binding_K27	-0.16664751	0.13558166	0.53148013
T147H	T147H	147	147	-0.33674186	-0.37853795	-0.5255365	-0.68009955	-0.47334024	-0.45771688	-0.48273003	-0.05865357	-0.13575298	-0.251978	10	-0.37810874	0.1878811	0.73649395	Binding_K27	-0.22764452	0.11311588	0.44341424
T147I	T147I	147	147	-0.07958846	-0.15024902	0.014644031	-0.070002586	-0.37955928	-0.0464452	0.05420838	-0.1258318	0.01084449	-0.2106205	10	-0.09826	0.12777881	0.50089294	Binding_K27	-0.05915851	0.076930635	0.3015681
T147K	T147K	147	147	-0.5409783	-0.4288625	-0.26814404	-0.5526915	-0.47103396	-0.27146053	-0.6066261	-0.6596094	-0.5406299	-0.69165736	10	-0.5031694	0.14585756	0.5717616	Binding_K27	-0.30293867	0.08781514	0.34423536
T147L	T147L	147	147	-0.33224323	-0.47158808	-0.23294652	-0.14132689	-0.070251055	-0.11354512	-0.18647581	-0.24231055	-0.24669132	-0.17087448	10	-0.22082528	0.1158304	0.45405516	Binding_K27	-0.13295029	0.069736965	0.2733689
T147M	T147M	147	147	-0.29006737	-0.39714116	-0.20048574	-0.11246858	-0.32735395	-0.3033955	-0.0033010445	-0.1341795	-0.55421066	-0.13111423	10	-0.24537177	0.16131257	0.63234526	Binding_K27	-0.14772877	0.09712	0.38071042
T147N	T147N	147	147	-0.18888067	-0.3003309	-0.33917198	-0.26025096	-0.26190835	-0.3858563	-0.5390592	-0.5764922	-0.32927746	-0.48624867	10	-0.36674768	0.12861432	0.50416815	Binding_K27	-0.22080447	0.07743366	0.30353996
T147P	T147P	147	147	-0.12039595	0.3363572	-0.09626418	0.2968939	-0.22340642	-0.6833642	-0.33483937	0.48175457	0.5488881	0.27477944	10	0.048040304	0.39997905	1.567918	Binding_K27	0.028923193	0.24081178	0.9439822
T147Q	T147Q	147	147	-0.2752643	-0.44495037	-0.24132024	-0.5490985	-0.53032756	-0.25179803	-0.2699518	-0.21640219	-0.5028933	-0.25621387	10	-0.35382202	0.13519384	0.52995986	Binding_K27	-0.21302243	0.08139493	0.31906813
T147R	T147R	147	147	-0.38587877	-0.34994882	-0.3462668	-0.55952305	-0.27201983	-0.31900758	-0.27599645	-0.2260863	-0.47635606	-0.31401038	10	-0.35250938	0.100150906	0.39259157	Binding_K27	-0.21223214	0.060296953	0.23636407
T147S	T147S	147	147	-0.36887243	-0.35642803	-0.27432758	-0.2466281	-0.2843255	-0.17803267	-0.3251385	-0.24542634	-0.45228758	-0.5700758	10	-0.33015424	0.11411825	0.44734353	Binding_K27	-0.19877298	0.06870614	0.2693281
T147V	T147V	147	147	-0.44129324	-0.5793427	-0.48279375	-0.64214504	-0.41391712	-0.3930168	-0.60885644	-0.51194984	-0.6629652	-0.51866364	10	-0.5254944	0.09515926	0.3730243	Binding_K27	-0.31637967	0.05729168	0.22458339
T147W	T147W	147	147	-0.034942836	-0.07929751	-0.038159154	-0.12585895	-0.11405804	0.07203623	-0.08903253	0.023103943	0.13244104	-0.2657495	10	-0.05195173	0.11187212	0.43853873	Binding_K27	-0.031278107	0.06735384	0.26402706
T147Y	T147Y	147	147	-0.7571099	-0.64848125	-0.7758099	-0.7350751	-0.505583	-0.556108	-0.56286806	-0.31865895	-0.5316945	-0.8008322	10	-0.6192221	0.1523393	0.59717005	Binding_K27	-0.37280947	0.09171754	0.35953277
T157A	T157A	157	157	-0.36394486	-0.36477476	-0.34814408	-0.26431876	-0.24715492	-0.025314877	-0.16317567	-0.12600397	-0.1590949	-0.26035428	10	-0.23222812	0.11284773	0.4423631	Binding_K27	-0.13981548	0.06794121	0.26632956
T157C	T157C	157	157	-0.48128513	-0.36976513	-0.20837763	-0.26553	-0.21233714	-0.16975619	-0.26554438	-0.256775	-0.29064193	-0.34177604	10	-0.2861789	0.091251	0.35770392	Binding_K27	-0.17229713	0.054938667	0.21535958
T157D	T157D	157	157	-0.51437366	-0.25269395	-0.1876772	-0.35822353	-0.5133614	-0.3336459	-0.68390375	-0.35596824	-0.33062232	-0.4480451	10	-0.3978515	0.1447127	0.5672738	Binding_K27	-0.23953086	0.08712587	0.34153342
T157E	T157E	157	157	-0.51427245	-0.32589126	-0.22430159	-0.23802182	-0.17417514	-0.19378221	-0.39383936	-0.21696444	-0.3584605	-0.30287412	10	-0.2942583	0.106492385	0.41745016	Binding_K27	-0.17716144	0.064114906	0.25133044
T157F	T157F	157	157	-0.02411004	0.13538268	0.05425931	0.19079527	0.0004679113	0.043769985	-0.19804059	0.093991324	0.096212044	0.050767954	10	0.04434959	0.105615884	0.41401428	Binding_K27	0.026701156	0.0635872	0.24926184
T157G	T157G	157	157	-0.27620518	-0.21356335	-0.469591	-0.21141699	-0.44794196	-0.30299562	-0.17150871	-0.08312173	-0.081815764	-0.15753214	10	-0.24156924	0.13492692	0.5289135	Binding_K27	-0.14543942	0.08123423	0.3184382
T157H	T157H	157	157	-0.24438062	-0.4168774	-0.38868952	-0.15176243	-0.24758069	-0.25173846	-0.21604712	-0.43749124	-0.1098572	-0.18958867	10	-0.2654013	0.11254491	0.44117606	Binding_K27	-0.15978777	0.067758895	0.26561487
T157I	T157I	157	157	0.25671983	0.30144158	0.20974034	0.033600185	0.122812614	-0.12206442	0.05149733	0.05379436	0.108463384	-0.08882362	10	0.092718154	0.13788398	0.5405052	Binding_K27	0.05582198	0.08301456	0.3254171
T157K	T157K	157	157	-0.2015567	-0.20267619	0.086741	-0.35759637	0.10585359	-0.14594802	-0.37891784	-0.042302746	-0.0470375	-0.24472459	10	-0.14281654	0.16770113	0.65738845	Binding_K27	-0.08598427	0.100966305	0.39578792
T157L	T157L	157	157	-0.18300876	-0.27524143	-0.2065921	-0.029628117	-0.031441916	-0.038340986	-0.15693532	-0.00047363457	-0.16317222	-0.10326545	10	-0.11880998	0.09190968	0.36028594	Binding_K27	-0.071530856	0.05533523	0.21691412
T157M	T157M	157	157	-0.07705123	-0.2535013	-0.26296374	-0.5469638	-0.28515556	-0.46211508	-0.43364385	-0.36521795	-0.2885331	-0.18631248	10	-0.31614584	0.1387629	0.5439506	Binding_K27	-0.19033907	0.08354373	0.32749143
T157N	T157N	157	157	0.068585224	-0.015925562	-0.115910515	-0.2596702	-0.30400017	-0.052673634	-0.057388157	0.06968073	0.1180398	0.07439223	10	-0.047487028	0.14378929	0.563654	Binding_K27	-0.028590087	0.08656992	0.3393541
T157P	T157P	157	157	0.9969652	0.5986878	0.08589238	-0.29947606	-0.21591513	0.30699408	-0.111238234	0.6057061	0.065328375	0.5082329	10	0.25411773	0.4198358	1.6457564	Binding_K27	0.15299436	0.25276676	0.99084574
T157Q	T157Q	157	157	-0.27397966	-0.34303528	-0.12898515	-0.31106728	-0.27808386	-0.3064357	-0.12050091	-0.14799027	-0.5138884	-0.6710545	10	-0.30950212	0.17329264	0.67930716	Binding_K27	-0.18633915	0.10433273	0.4089843
T157R	T157R	157	157	-0.41383776	-0.56997776	-0.42210615	-0.3935129	-0.2923278	-0.5768278	-0.3091553	-0.37719315	-0.43491864	-0.6277264	10	-0.4417584	0.113963924	0.4467386	Binding_K27	-0.2659655	0.06861323	0.26896387
T157S	T157S	157	157	-0.16254404	-0.16567022	-0.17604057	-0.29730088	-0.17749955	-0.23248157	-0.20095316	-0.08484432	-0.06651625	-0.17752153	10	-0.1741372	0.065895885	0.25831187	Binding_K27	-0.10484122	0.03967334	0.1555195
T157V	T157V	157	157	-0.23976764	-0.25808343	-0.43770173	-0.31322685	-0.28777352	-0.35871702	-0.25161222	-0.48108745	-0.4936522	-0.327057	10	-0.3448679	0.0950759	0.37269753	Binding_K27	-0.2076315	0.05724149	0.22438663
T157W	T157W	157	157	-0.08200968	-0.16005027	0.044938397	-0.17047688	-0.041126005	0.110447936	0.17239626	-0.04364891	-0.038554784	-0.25023806	10	-0.045832198	0.1299739	0.5094977	Binding_K27	-0.027593778	0.07825221	0.3067487
T157Y	T157Y	157	157	0.0509231	-0.2749156	0.0151713425	-0.06786349	-0.10244487	0.20622645	-0.10886446	-0.08488725	-0.08467665	-0.12965783	10	-0.058098923	0.12706754	0.49810475	Binding_K27	-0.034979094	0.076502405	0.29988945
T182A	T182A	182	182	-0.17498341	-0.4399972	-0.33717978	-0.24494931	-0.24656354	-0.18831383	-0.3055907	-0.29255432	-0.3837329	-0.23266359	10	-0.28465286	0.08449015	0.3312014	Binding_K27	-0.17137837	0.05086822	0.19940343
T182C	T182C	182	182	-0.52436274	-0.329941	-0.31205696	-0.3341057	-0.214847	-0.1854747	-0.36537525	-0.13236606	-0.22886413	-0.20033383	10	-0.28277272	0.11416931	0.44754368	Binding_K27	-0.17024642	0.06873688	0.26944858
T182D	T182D	182	182	-0.46167699	-0.63541895	-0.35901824	-0.26226565	-0.3451737	-0.38155937	-0.67153066	-0.56813633	-0.32009676	-0.5489879	10	-0.45538646	0.14264424	0.5591654	Binding_K27	-0.27417043	0.08588053	0.33665168
T182E	T182E	182	182	-0.44051844	-0.34398627	-0.36587092	-0.31124613	-0.5586168	-0.24260327	-0.58502483	-0.55939645	-0.32274175	-0.4187653	10	-0.41487703	0.11902543	0.4665797	Binding_K27	-0.24978127	0.07166057	0.28090945
T182F	T182F	182	182	0.036568157	0.030572398	-0.039739847	0.11100508	-0.009892393	0.5180597	0.064311616	0.16824432	0.28676474	0.3402565	10	0.15061502	0.17896578	0.70154583	Binding_K27	0.09067943	0.10774831	0.42237338
T182G	T182G	182	182	-0.24580844	-0.267521	-0.14375855	-0.28865862	-0.13048774	-0.31964293	-0.4597727	-0.17186114	-0.17022763	-0.24517488	10	-0.24429135	0.09911324	0.3885239	Binding_K27	-0.14707829	0.059672214	0.23391509
T182H	T182H	182	182	-0.44513062	-0.5135253	-0.26425266	-0.100298464	-0.2889141	-0.18782865	-0.18936594	-0.26854753	-0.4160482	-0.19278468	10	-0.28666964	0.13204978	0.51763517	Binding_K27	-0.17259261	0.079502024	0.31164795
T182I	T182I	182	182	0.25393677	0.079957664	-0.05079979	-0.08552614	0.09088964	-0.0029159833	0.037496857	0.13819346	0.012684846	0.022395447	10	0.04963128	0.09751077	0.38224223	Binding_K27	0.029881056	0.05870743	0.23013313
T182K	T182K	182	182	-0.67257863	-0.21050924	-0.41921893	-0.07785117	-0.25597122	-0.28777665	-0.37672037	-0.4050535	-0.26715595	-0.14341243	10	-0.3116248	0.16787691	0.65807754	Binding_K27	-0.18761712	0.10107214	0.3962028
T182L	T182L	182	182	-0.093382515	0.094960265	-0.0621496	-0.25908604	-0.189014	-0.19135645	0.02131674	-0.010288548	-0.0816091	0.18203126	10	-0.0588578	0.13613015	0.5336302	Binding_K27	-0.035435982	0.08195865	0.32127792
T182M	T182M	182	182	-0.2954338	-0.39310107	-0.34290734	-0.15482423	-0.2174906	-0.17911087	0.007995339	-0.10705338	-0.25212175	-0.48615882	10	-0.24202065	0.14470223	0.5672327	Binding_K27	-0.14571118	0.087119564	0.3415087
T182N	T182N	182	182	-0.04125838	-0.08738952	-0.36700004	-0.3842411	-0.26749432	-0.23136337	-0.3081845	-0.31362775	-0.19929807	-0.12342535	10	-0.23232822	0.11798359	0.46249568	Binding_K27	-0.13987575	0.071033314	0.2784506
T182P	T182P	182	182	-0.412139	-0.22442652	-0.18808252	-0.28800857	-0.2015979	-0.17845446	-0.26696473	-0.31474277	-0.29419693	-0.23110113	10	-0.25997144	0.071085766	0.2786562	Binding_K27	-0.15651865	0.042797964	0.16776802
T182Q	T182Q	182	182	-0.38444847	-0.38628024	-0.24896614	-0.43038696	-0.425528	-0.2627616	-0.43111405	-0.46593508	-0.3911862	-0.18318066	10	-0.36097872	0.09476754	0.37148878	Binding_K27	-0.2173312	0.05705584	0.22365889
T182R	T182R	182	182	-0.45192912	-0.46548623	-0.3836744	-0.41217422	-0.2774171	-0.2263606	-0.2836375	-0.2482928	-0.36822206	-0.3044509	10	-0.3421645	0.08551955	0.33523664	Binding_K27	-0.20600389	0.051487986	0.2018329
T182S	T182S	182	182	-0.29804283	-0.2934308	-0.2802312	-0.29405442	-0.329597	-0.2620566	-0.26873565	-0.23535348	-0.3080974	-0.34462306	10	-0.29142225	0.03208749	0.12578297	Binding_K27	-0.17545396	0.019318625	0.07572901
T182V	T182V	182	182	-0.092895485	-0.11080659	-0.17532192	-0.15371472	-0.16586797	-0.10696955	-0.20868124	-0.14799246	-0.28639045	-0.21245623	10	-0.16610967	0.05860499	0.22973156	Binding_K27	-0.100008145	0.035283778	0.13831241
T182W	T182W	182	182	0.59046465	0.74034387	0.70865643	0.5442541	0.7679625	0.38199314	0.47354785	0.4686045	0.804438	0.45979255	10	0.59400576	0.1508451	0.59131277	Binding_K27	0.3576277	0.09081794	0.35600635
T182Y	T182Y	182	182	-0.35265842	-0.086297825	-0.12719299	-0.038647644	-0.19254684	-0.17873329	-0.28298947	-0.065074824	-0.17094074	-0.5847487	10	-0.20798306	0.16377722	0.6420067	Binding_K27	-0.12521848	0.098603874	0.38652718
T19A	T19A	19	19	0.5652803	0.4948185	0.56649244	0.539765	0.546598	0.51712894	0.4859917	0.5118517	0.54313254	0.65978795	10	0.54308474	0.049353622	0.1934662	Binding_K27	0.32697013	0.02971389	0.11647845
T19C	T19C	19	19	0.4908005	0.3856899	0.66881067	0.65269196	0.34514788	0.47087014	0.42250517	0.4793845	0.45292217	0.41972956	10	0.47885528	0.1056252	0.4140508	Binding_K27	0.28830007	0.06359281	0.2492838
T19D	T19D	19	19	0.13375722	0.105521426	-0.3288315	-0.33615065	-0.4716563	-0.21346152	0.15858151	-0.07382646	-0.06807867	-0.11918218	10	-0.12133272	0.21612751	0.8472199	Binding_K27	-0.073049694	0.13012195	0.510078
T19E	T19E	19	19	1.3135424	1.2469151	1.220997	1.3522424	1.0011238	1.3237215	0.77045304	0.7926964	1.1809407	1.2630064	10	1.1465638	0.21596192	0.84657073	Binding_K27	0.6903013	0.13002224	0.5096872
T19F	T19F	19	19	1.8821901	1.7329955	1.4793862	2.0478356	1.7340604	1.7879425	1.7148966	1.7585344	1.819053	1.9774969	10	1.7934391	0.15647279	0.61337334	Binding_K27	1.0797597	0.09420616	0.36928818
T19G	T19G	19	19	0.23176599	0.21418996	0.20311818	0.17518951	0.23002432	0.2120488	0.10575407	0.2699103	0.21464704	0.18533573	10	0.20419839	0.043340266	0.16989385	Binding_K27	0.122939885	0.026093483	0.10228646
T19H	T19H	19	19	1.2176901	1.4763938	1.4500664	1.3774208	1.6966019	1.62361	1.3038565	1.4151765	1.5822119	1.3228068	10	1.4465834	0.15165646	0.5944933	Binding_K27	0.8709314	0.09130644	0.35792124
T19I	T19I	19	19	0.30186543	0.27138525	0.39515725	0.3021344	0.50132734	0.084350616	0.31976986	0.31390855	0.17868277	0.26763692	10	0.29362184	0.11198304	0.43897352	Binding_K27	0.17677826	0.06742062	0.2642888
T19K	T19K	19	19	2.1886938	2.2806325	2.661047	2.385906	2.2133553	2.1762395	2.1950164	2.2408605	2.656605	2.6036975	10	2.3602052	0.20303105	0.79588175	Binding_K27	1.4209874	0.12223707	0.47916934
T19L	T19L	19	19	0.24561502	0.2346153	0.21828488	0.13312425	0.21885233	0.0077077127	0.054827716	0.22136152	0.2292887	0.25660184	10	0.18202792	0.08678219	0.34018618	Binding_K27	0.10959191	0.05224817	0.20481282
T19M	T19M	19	19	0.36291483	0.15032192	-0.019633606	0.16365059	0.25129005	0.19728215	0.2470968	0.38765115	0.28988612	0.2475392	10	0.22779992	0.11606972	0.4549933	Binding_K27	0.13714944	0.06988105	0.27393374
T19N	T19N	19	19	0.31404433	0.08519446	0.02130312	0.33958182	0.17180988	0.1486941	0.23403856	0.24719246	0.24283129	0.12215981	10	0.192685	0.10098038	0.3958431	Binding_K27	0.11600812	0.060796347	0.23832168
T19P	T19P	19	19	0.7029532	0.5565189	0.71940535	0.4547082	0.70820606	0.73178756	0.53004867	0.56167513	0.6439151	0.7142509	10	0.6323469	0.098778315	0.387211	Binding_K27	0.3807114	0.059470568	0.23312463
T19Q	T19Q	19	19	0.321127	0.4275783	0.44882014	0.5664156	0.3627619	0.2313637	0.5021872	0.5763715	0.2422425	0.3952767	10	0.4074145	0.12146928	0.4761596	Binding_K27	0.24528837	0.07313191	0.2866771
T19R	T19R	19	19	2.3355339	2.748487	3.0501707	2.320486	2.3042	2.7999845	2.748766	2.3931954	1.9423627	2.924993	10	2.5568178	0.3471509	1.3608315	Binding_K27	1.5393602	0.20900601	0.8193036
T19S	T19S	19	19	0.09126799	-0.01933985	-0.10707989	-0.039682664	-0.03697056	0.021731118	0.016622381	0.24329108	0.16622321	0.21530859	10	0.055137146	0.11862055	0.46499258	Binding_K27	0.033195924	0.0714168	0.27995387
T19V	T19V	19	19	0.37115583	0.39155513	0.4229814	0.3278795	0.32638255	0.2151261	0.37210414	0.35572377	0.2678827	0.29023606	10	0.33410272	0.062403575	0.24462202	Binding_K27	0.20115021	0.037570756	0.14727737
T19W	T19W	19	19	-1.0901848	-1.1501231	-1.206398	-0.9583171	-0.94260615	-0.8965651	-1.0460451	-1.183106	-0.99288833	-1.1785501	10	-1.0644783	0.11304116	0.44312137	Binding_K27	-0.6408808	0.06805767	0.26678607
T19Y	T19Y	19	19	2.0855756	2.5570168	2.342781	2.1144824	2.4982188	2.5843096	2.1754298	2.1493578	1.5443171	2.1823344	10	2.2233825	0.30419567	1.1924471	Binding_K27	1.3386118	0.18314435	0.71792585
T1A	T1A	1	1	-0.08219692	-0.09571166	-0.11946593	-0.11741354	-0.10445866	-0.26650858	-0.079904936	-0.115394816	-0.016177824	-0.066079356	10	-0.10633123	0.064273044	0.25195035	Binding_K27	-0.064017884	0.038696293	0.15168947
T1C	T1C	1	1	0.00179928	0.061166987	-0.14552209	0.0124977715	-0.034272473	0.03340394	0.004762745	-0.06817446	0.068518326	0.04431781	10	-0.0021502152	0.06553283	0.25688872	Binding_K27	-0.0012945606	0.039454762	0.15466267
T1D	T1D	1	1	-0.67028093	-0.6013387	-0.45758167	-0.6254108	-0.6797466	-0.47344616	-0.35836712	-0.62354094	-0.5255776	-0.74641746	10	-0.5761708	0.11948239	0.46837097	Binding_K27	-0.34688994	0.07193568	0.28198788
T1E	T1E	1	1	-0.42193955	-0.42262563	-0.41971937	-0.3491213	-0.3837667	-0.3360702	-0.35027176	-0.35452217	-0.45171854	-0.47529984	10	-0.39650553	0.048402462	0.18973766	Binding_K27	-0.2387205	0.029141234	0.11423364
T1F	T1F	1	1	0.15902518	0.1349506	-0.028918002	0.24348451	-0.0916102	0.10888997	0.14206848	0.08394692	-0.007029831	-0.028171387	10	0.07166363	0.10571866	0.41441715	Binding_K27	0.043145876	0.06364908	0.2495044
T1G	T1G	1	1	-0.0024764896	-0.013310274	-0.04684683	-0.12137441	0.06967683	0.066297404	-0.1053781	-0.06970304	0.054253276	0.058734052	10	-0.011012757	0.07265079	0.2847911	Binding_K27	-0.0066303513	0.043740205	0.17146161
T1H	T1H	1	1	-0.5008978	-0.39844862	-0.49326557	-0.37085876	-0.15908885	-0.6104515	-0.33007377	0.026916334	-0.1010625	-0.5744914	10	-0.35117227	0.21217789	0.83173734	Binding_K27	-0.21142712	0.12774402	0.50075656
T1I	T1I	1	1	0.41059664	0.043320116	0.49253005	0.41389674	0.059922323	0.38915998	0.101615235	0.16901727	0.28719068	0.2920963	10	0.26593453	0.16291724	0.6386356	Binding_K27	0.1601088	0.09808611	0.38449755
T1K	T1K	1	1	-0.056745566	-0.052995607	-0.052051228	-0.055962022	-0.027970213	-0.025415756	-0.0358741	-0.045682646	-0.024151625	-0.04735944	10	-0.04242082	0.012921894	0.050653826	Binding_K27	-0.02553992	0.007779768	0.030496692
T1L	T1L	1	1	0.09466355	0.12879777	0.18717657	0.13125913	0.060330104	0.1558009	0.0660577	0.03924933	0.11706268	0.06966806	10	0.10500659	0.047052387	0.18444537	Binding_K27	0.06322037	0.028328406	0.11104735
T1M	T1M	1	1	-0.049291115	-0.09849893	-0.42349076	-0.2930118	-0.18447876	-0.056318287	-0.2608871	-0.16412976	-0.09760363	-0.1416715	10	-0.17693818	0.118351154	0.46393654	Binding_K27	-0.10652757	0.07125461	0.2793181
T1N	T1N	1	1	-0.35790884	-0.303467	-0.22964594	-0.15896678	0.22647348	-0.0019274235	0.059616163	-0.42720848	-0.48025402	-0.010875604	10	-0.16841646	0.23158272	0.90780425	Binding_K27	-0.10139698	0.13942692	0.54655355
T1P	T1P	1	1	0.12889108	-0.2755858	-0.10395868	0.020569222	-0.1794616	0.029854698	0.36565727	0.118082106	0.07533884	0.5027988	10	0.0682186	0.23487163	0.9206968	Binding_K27	0.041071754	0.14140704	0.5543156
T1Q	T1Q	1	1	-0.27613902	-0.16010377	-0.036907498	0.08982925	0.12831675	-0.14511038	-0.25382397	-0.49941605	-0.48333165	0.04822487	10	-0.15884614	0.22268483	0.87292457	Binding_K27	-0.095635064	0.13406985	0.5255538
T1R	T1R	1	1	-0.31571966	-0.38744226	-0.42518845	-0.23133476	-0.24763067	-0.14321578	-0.19564344	-0.28301346	-0.34376478	-0.18880385	10	-0.2761757	0.09152229	0.3587674	Binding_K27	-0.16627462	0.055102	0.21599984
T1S	T1S	1	1	-0.18075614	-0.17577402	-0.06326095	-0.06483646	-0.10638201	-0.065801226	-0.122173406	-0.08571033	-0.16976088	-0.07668423	10	-0.11111398	0.048224743	0.189041	Binding_K27	-0.06689739	0.029034236	0.11381421
T1V	T1V	1	1	0.39853406	0.18946776	0.1511136	0.17407958	0.13710728	0.22598688	0.13271779	0.31771317	0.21842921	0.24185552	10	0.21870048	0.084457085	0.33107176	Binding_K27	0.13167103	0.050848316	0.1993254
T1W	T1W	1	1	0.2768225	0.120637454	0.27247065	0.14050953	0.14735527	0.015144961	0.17806113	0.11909168	0.21474303	0.30444518	10	0.17892814	0.08922348	0.34975606	Binding_K27	0.10772565	0.053717975	0.21057446
T1Y	T1Y	1	1	-0.19747344	-0.03564241	0.17525187	-0.08931329	-0.5187931	0.29515642	-0.13140905	0.08198799	-0.16545571	-0.265485	10	-0.08511757	0.23204838	0.90962964	Binding_K27	-0.05124597	0.13970727	0.5476525
T34A	T34A	34	34	-1.5603633	-1.6171314	-1.8246456	-1.8800501	-1.700813	-1.7873853	-1.691148	-1.4046954	-1.5403931	-1.5073507	10	-1.6513975	0.15209879	0.5962273	Binding_K27	-0.99424195	0.09157275	0.3589652
T34C	T34C	34	34	-1.7255043	-1.3951174	-1.88342	-1.6856055	-1.5444854	-1.8043462	-1.6468618	-1.4352093	-1.5898385	-1.666149	10	-1.6376537	0.15270725	0.5986124	Binding_K27	-0.9859674	0.09193908	0.36040118
T34D	T34D	34	34	0.13813625	-0.32665434	0.03604685	0.040288456	0.3009779	0.3674314	0.10650463	0.09875914	-0.881794	-0.27533367	10	-0.039563738	0.36713812	1.4391814	Binding_K27	-0.023819782	0.22103953	0.866475
T34E	T34E	34	34	-0.9658499	-2.104022	-1.5730572	-0.80022407	-1.3898885	-1.0872306	-0.9089321	-1.3942889	-1.679703	-1.7371833	10	-1.364038	0.42057028	1.6486355	Binding_K27	-0.82123405	0.25320897	0.99257916
T34F	T34F	34	34	-1.6624768	-1.2549818	-1.5165951	-1.4523847	-1.0791676	-1.0601075	-1.071701	-1.3597603	-1.2966988	-1.033984	10	-1.2787857	0.2190466	0.85866266	Binding_K27	-0.76990694	0.1318794	0.5169673
T34G	T34G	34	34	-0.83797514	-0.90420556	-0.6745276	-0.70887643	-0.66475993	-0.70050645	-0.8357996	-0.82272184	-0.7880704	-0.85906494	10	-0.77965075	0.08552099	0.3352423	Binding_K27	-0.46939728	0.05148885	0.2018363
T34H	T34H	34	34	-0.9598538	-2.0712895	-1.9964236	-1.0211134	-1.1125386	-0.83266234	-1.4129916	-0.86476815	-1.1259781	-1.025441	10	-1.242306	0.44739878	1.7538033	Binding_K27	-0.74794394	0.26936135	1.0558965
T34I	T34I	34	34	-1.9157876	-1.8414747	-1.1058125	-1.3422146	-1.499133	-1.6305599	-2.1985512	-1.4530083	-1.3243446	-2.2897716	10	-1.6600659	0.39092144	1.532412	Binding_K27	-0.9994609	0.23535855	0.9226055
T34K	T34K	34	34	-1.4769151	-1.845389	-0.7284143	-1.0265877	-0.963038	-1.5409921	-1.3955383	-1.4735969	-1.938921	-1.083722	10	-1.3473115	0.39068446	1.531483	Binding_K27	-0.81116366	0.23521586	0.9220462
T34L	T34L	34	34	-2.22092	-2.3622124	-2.091593	-2.4585202	-1.9850445	-2.1303833	-2.143725	-2.1571875	-2.4018211	-2.346534	10	-2.229794	0.15445767	0.6054741	Binding_K27	-1.342472	0.09299294	0.36453232
T34M	T34M	34	34	-2.4262238	-2.2917426	-2.1516879	-2.0932066	-2.2429974	-1.6767358	-2.3554595	-1.7172118	-1.9289647	-2.1754158	10	-2.1059644	0.25644514	1.005265	Binding_K27	-1.267919	0.15439561	0.6052308
T34N	T34N	34	34	-0.97166026	-0.9053416	-2.2702405	-1.6930722	-0.964366	-1.29963	-1.44988	-1.1146095	-1.1171242	-0.9944402	10	-1.2780365	0.42829183	1.6789039	Binding_K27	-0.7694559	0.2578578	1.0108026
T34P	T34P	34	34	0.29109526	0.19087777	-0.66650057	-0.21611002	0.36249843	0.24174172	0.2830978	0.3722134	0.32083845	0.34275207	10	0.15225044	0.3348703	1.3126917	Binding_K27	0.091664046	0.20161234	0.7903204
T34Q	T34Q	34	34	-1.6884625	-1.2773361	-1.5287739	-1.3680778	-1.1462525	-1.6043977	-1.6541941	-1.6718787	-1.1656748	-1.8066363	10	-1.4911684	0.23516005	0.92182744	Binding_K27	-0.8977743	0.14158069	0.5549963
T34R	T34R	34	34	-0.9958895	-1.0831778	-0.9052326	-0.85463136	-1.0577922	-0.92626405	-1.034571	-0.89499253	-1.1442493	-0.96503013	10	-0.986183	0.093195535	0.3653265	Binding_K27	-0.5937423	0.056109395	0.21994883
T34S	T34S	34	34	-0.7770643	-0.82405496	-0.8794538	-0.7881107	-0.7778972	-0.790614	-0.81277096	-0.8132194	-0.7614334	-0.81118506	10	-0.8035804	0.033262797	0.13039017	Binding_K27	-0.4838044	0.020026231	0.07850283
T34V	T34V	34	34	-1.1371164	-1.2966803	-0.9983682	-1.2039559	-0.6688453	-1.3363981	-1.0859737	-1.0639101	-1.3511103	-1.0592098	10	-1.1201569	0.2014204	0.78956795	Binding_K27	-0.6744028	0.12126736	0.47536808
T34W	T34W	34	34	-1.1604654	-1.5560812	-1.2605639	-1.1247292	-1.4815278	-1.243982	-1.3801116	-1.5824322	-1.0639291	-1.3460459	10	-1.3199866	0.18057121	0.7078392	Binding_K27	-0.7947124	0.10871488	0.42616233
T34Y	T34Y	34	34	-1.2336944	-1.7789894	-1.6151005	-1.7372789	-1.5719017	-1.9795028	-1.7542747	-1.156907	-1.2911872	-1.7935555	10	-1.5912392	0.2753374	1.0793226	Binding_K27	-0.958023	0.1657699	0.64981806
T49A	T49A	49	49	0.06917012	-0.058046933	-0.039102573	-0.07406766	-0.27434555	-0.28253785	-0.23036814	-0.083573475	-0.22616662	-0.19665682	10	-0.13956955	0.11801354	0.46261308	Binding_K27	-0.08402938	0.071051344	0.27852127
T49C	T49C	49	49	-0.16805297	-0.012267617	0.1372974	-0.086771645	0.00426221	-0.037459295	-0.0394296	0.022984596	-0.11697504	-0.20399253	10	-0.050040446	0.0991812	0.3887903	Binding_K27	-0.0301274	0.05971313	0.23407547
T49D	T49D	49	49	-0.06601438	-0.025735151	0.073867016	0.15260676	-0.031552326	0.053573765	0.0654544	0.14952764	-0.09617925	0.0032120184	10	0.027876046	0.085481554	0.3350877	Binding_K27	0.01678308	0.05146511	0.20174323
T49E	T49E	49	49	-0.19584435	-0.20980816	-0.24543993	-0.0829405	-0.12095541	-0.2153691	-0.12532555	-0.17430891	-0.21195342	-0.09940617	10	-0.16813515	0.056480147	0.22140218	Binding_K27	-0.10122761	0.03400449	0.1332976
T49F	T49F	49	49	0.5675987	0.60106725	0.6429983	0.6187077	0.6142307	0.66472596	0.7444153	0.59780866	0.606031	0.6281565	10	0.628574	0.04849602	0.1901044	Binding_K27	0.37843987	0.02919756	0.11445444
T49G	T49G	49	49	-0.11228402	-0.28779426	-0.38184673	-0.16992724	-0.22043112	-0.045674767	-0.20839489	-0.15572323	-0.30680025	-0.08318615	10	-0.19720627	0.10573177	0.41446856	Binding_K27	-0.1187302	0.06365697	0.24953534
T49H	T49H	49	49	0.10346681	-0.29825184	-0.28641492	-0.06123785	-0.25798398	-0.17429487	-0.24080805	-0.20489158	0.08365705	-0.07014872	10	-0.1406908	0.147696	0.57896835	Binding_K27	-0.084704444	0.088922	0.34857425
T49I	T49I	49	49	-0.113745145	-0.07292976	-0.07684251	0.041568097	-0.108366	0.04924245	0.1279721	0.21827485	0.11476996	-0.10872748	10	0.007121656	0.11951978	0.46851754	Binding_K27	0.0042876713	0.07195819	0.28207612
T49K	T49K	49	49	0.11506496	-0.4251015	-0.26894566	0.22602028	0.061948758	-0.19300494	-0.029657844	-0.1746349	-0.09300707	-0.011847792	10	-0.07931657	0.19313586	0.7570926	Binding_K27	-0.047753412	0.116279565	0.4558159
T49L	T49L	49	49	-0.052922122	-0.053900424	-0.053192787	-0.25476527	-0.10133271	-0.062020864	-0.25554517	-0.051064264	-0.06876131	-0.1763407	10	-0.11298456	0.08408704	0.3296212	Binding_K27	-0.06802359	0.05062552	0.19845206
T49M	T49M	49	49	-0.0259964	-0.06289178	-0.05016541	-0.057139006	0.07905411	-0.039356526	-0.24485163	-0.20995986	-0.3431213	0.1271137	10	-0.08273141	0.14441139	0.56609267	Binding_K27	-0.049809355	0.08694446	0.34082228
T49N	T49N	49	49	0.091337554	-0.051496875	0.0495252	0.0022540027	-0.11548542	0.0768355	-0.1880986	-0.15041144	-0.011008423	0.005315389	10	-0.02912331	0.09566454	0.375005	Binding_K27	-0.017534008	0.057595886	0.22577588
T49P	T49P	49	49	-0.42060587	-0.52314997	-0.5314995	-0.3097502	-0.582961	-0.31110057	-0.39027303	-0.40488645	-0.25346097	-0.37996083	10	-0.41076484	0.1071035	0.41984573	Binding_K27	-0.24730548	0.06448284	0.25277272
T49Q	T49Q	49	49	-0.19589625	-0.110526	-0.35944384	-0.48509172	-0.40802148	-0.02271567	0.008432375	-0.35734007	-0.4147401	-0.014772155	10	-0.23601148	0.19005236	0.74500525	Binding_K27	-0.1420933	0.11442311	0.4485386
T49R	T49R	49	49	-0.19998671	-0.08759072	-0.09650285	-0.052408837	-0.09623992	-0.09140158	-0.18150419	-0.101449184	-0.11454192	0.0034531313	10	-0.10181727	0.057775985	0.22648187	Binding_K27	-0.061300207	0.034784667	0.13635589
T49S	T49S	49	49	-0.086360335	-0.26344988	-0.23187186	-0.08025261	-0.23695397	-0.19669947	-0.27707252	-0.1192736	-0.20166421	-0.017926728	10	-0.17115252	0.08879452	0.34807453	Binding_K27	-0.10304425	0.053459715	0.2095621
T49V	T49V	49	49	-0.37255183	-0.2678205	-0.17806923	-0.22070576	-0.18483976	-0.18258727	-0.2889758	-0.081142694	-0.15401314	-0.2141199	10	-0.21448259	0.08033053	0.3148957	Binding_K27	-0.1291316	0.048363876	0.1895864
T49W	T49W	49	49	0.1987222	0.09975588	-0.20683388	0.0054086857	0.0802496	-0.04537676	0.2331811	0.15395859	0.24147981	0.036425084	10	0.07969703	0.13942346	0.54653996	Binding_K27	0.04798247	0.08394142	0.3290504
T49Y	T49Y	49	49	-0.04359307	-0.13638565	0.17308031	0.20455831	-0.11533669	-0.033180956	0.018550811	-0.079760805	0.1391052	-0.027904242	10	0.009913323	0.12136167	0.47573778	Binding_K27	0.005968425	0.07306713	0.28642315
T57A	T57A	57	57	-0.17591023	-0.08077982	-0.2717941	-0.17505573	-0.13463683	-0.2203071	-0.15419255	-0.12346282	-0.057847064	-0.11715806	10	-0.15111443	0.06358164	0.24924003	Binding_K27	-0.090980105	0.03828002	0.15005769
T57C	T57C	57	57	-0.49925247	-0.45069087	-0.40723214	-0.56510377	-0.6394778	-0.60729456	-0.4299728	-0.60861593	-0.38992885	-0.5616472	10	-0.5159216	0.0920898	0.36099204	Binding_K27	-0.31061625	0.055443674	0.2173392
T57D	T57D	57	57	-0.4200762	-0.5482495	-0.67153966	-0.43040252	-0.33633327	-0.6129536	-0.39702263	-0.53200096	-0.40150705	-0.35190406	10	-0.47019893	0.113974385	0.4467796	Binding_K27	-0.28308842	0.06861953	0.26898855
T57E	T57E	57	57	0.35042894	0.44536638	0.48902017	0.5227201	0.62680054	0.4592921	0.4776355	0.31056166	0.30874005	0.18067423	10	0.41712397	0.1290911	0.5060371	Binding_K27	0.25113407	0.07772071	0.30466518
T57F	T57F	57	57	1.7850529	1.5001379	1.8265811	1.4364222	1.3821466	1.6551713	1.363232	1.6936777	1.4509213	1.3988818	10	1.5492225	0.17465575	0.68465054	Binding_K27	0.9327264	0.10515341	0.41220137
T57G	T57G	57	57	0.25482893	-0.05749227	0.07172131	0.23326822	0.20410849	0.013320673	0.12701155	0.14447021	0.04826633	0.080053	10	0.11195564	0.10002217	0.3920869	Binding_K27	0.06740412	0.060219444	0.23606023
T57H	T57H	57	57	0.21493514	0.14284682	0.016652364	0.20606121	0.24103771	0.049397986	0.1714685	0.27897692	0.106018215	0.30352423	10	0.1730919	0.094791286	0.37158185	Binding_K27	0.10421188	0.057070132	0.22371492
T57I	T57I	57	57	0.11657149	0.089105494	0.19474772	0.28452152	0.32734016	0.40308577	0.4300068	0.3966267	0.21984021	0.33738548	10	0.27992314	0.12057512	0.4726545	Binding_K27	0.16853079	0.07259358	0.28456682
T57K	T57K	57	57	0.73109233	0.028165469	0.83817124	0.8377334	0.6275205	0.6033452	0.5560076	0.74552894	0.7583478	1.0565621	10	0.67824745	0.2694854	1.0563829	Binding_K27	0.40834633	0.16224664	0.63600683
T57L	T57L	57	57	0.3469832	0.427964	0.47702318	0.36964	0.39778745	0.624566	0.40060282	0.40446466	0.37393746	0.41320542	10	0.42361742	0.07900631	0.30970472	Binding_K27	0.2550435	0.047566615	0.18646114
T57M	T57M	57	57	-0.05399609	0.12638935	0.07097031	-0.11726171	0.04707866	0.014187377	0.12575254	0.11556211	-0.004345556	0.106198356	10	0.04305353	0.08301528	0.3254199	Binding_K27	0.025920851	0.04998026	0.19592263
T57N	T57N	57	57	0.11432084	0.25563213	0.06343222	0.00932489	0.19127935	-0.080123305	-0.09480136	-0.04929315	0.2950364	0.200351	10	0.0905159	0.1422861	0.55776155	Binding_K27	0.054496087	0.08566491	0.33580646
T57P	T57P	57	57	-0.17000514	-0.3000993	-0.30215138	-0.028883575	-0.3400588	-0.17196804	-0.19453481	-0.2212792	-0.28368744	-0.292254	10	-0.23049216	0.09293779	0.36431614	Binding_K27	-0.13877033	0.055954218	0.21934053
T57Q	T57Q	57	57	0.57694554	0.6106272	0.5055627	0.181836	0.69741005	0.80841124	0.59112257	0.6347685	0.65936047	0.61469	10	0.5880734	0.16362308	0.6414025	Binding_K27	0.35405603	0.09851107	0.3861634
T57R	T57R	57	57	0.6303764	0.69836295	0.82262665	0.7363367	0.8244838	0.61834574	0.6566872	0.83291847	0.7603272	0.93801033	10	0.75184757	0.103452265	0.4055329	Binding_K27	0.4526581	0.06228457	0.24415553
T57S	T57S	57	57	-0.51161194	-0.47430643	-0.48315382	-0.47726876	-0.43689564	-0.50784796	-0.39072338	-0.4437204	-0.39882743	-0.30765125	10	-0.44320068	0.06299943	0.24695776	Binding_K27	-0.26683384	0.037929498	0.14868364
T57V	T57V	57	57	-0.3447006	-0.2751944	-0.26644415	-0.2851322	-0.28184068	-0.49813095	-0.3404355	-0.4505474	-0.29303792	-0.28081548	10	-0.33162794	0.0804563	0.3153887	Binding_K27	-0.19966024	0.0484396	0.18988323
T57W	T57W	57	57	0.08583513	0.12797543	0.36545774	-0.037666783	-0.11814171	-0.08632965	0.12462162	0.023139581	0.14179088	0.07766735	10	0.070434965	0.13853432	0.5430546	Binding_K27	0.042406145	0.083406106	0.32695195
T57Y	T57Y	57	57	-0.02751551	0.3458099	0.2755027	0.046101123	0.025982313	0.084440604	0.1420674	0.0904917	0.084017076	0.37270558	10	0.14396028	0.13875178	0.543907	Binding_K27	0.086672865	0.08353703	0.32746515
T73A	T73A	73	73	0.041871097	0.10414876	0.100161836	0.10167148	0.060950857	0.042632353	0.0323973	0.052708324	0.001690395	0.06712491	10	0.060535736	0.033653095	0.13192013	Binding_K27	0.036446203	0.020261215	0.079423964
T73C	T73C	73	73	0.056287713	0.1166092	0.10258983	0.09867768	0.21333635	0.12723531	-0.024422502	0.09486466	0.16495804	0.08574273	10	0.1035879	0.062878534	0.24648386	Binding_K27	0.062366232	0.037856713	0.14839832
T73D	T73D	73	73	-0.09187419	-0.17727168	-0.10570578	-0.17232046	-0.21260908	-0.010486172	-0.0732591	-0.1583451	-0.08367803	-0.21834217	10	-0.13038918	0.067617185	0.26505938	Binding_K27	-0.07850224	0.040709667	0.1595819
T73E	T73E	73	73	-0.31158638	-0.37539184	-0.30975696	-0.39774963	-0.25650153	-0.31503963	-0.33493632	-0.24882032	-0.2558712	-0.3269369	10	-0.31325907	0.04982357	0.1953084	Binding_K27	-0.18860106	0.029996827	0.11758757
T73F	T73F	73	73	0.70394856	0.48942202	0.56287736	0.5804827	0.6583343	0.5682131	0.5662236	0.5291711	0.5669835	0.37841406	10	0.5604071	0.08811424	0.3454078	Binding_K27	0.33739924	0.053050146	0.20795657
T73G	T73G	73	73	0.12969276	0.19839096	0.10391326	0.1305096	0.12083886	0.18281615	0.12189641	0.15962176	0.2068671	0.21941073	10	0.15739575	0.04159639	0.16305785	Binding_K27	0.09476184	0.025043564	0.09817077
T73H	T73H	73	73	0.1726513	0.08574638	0.05614713	0.12121324	0.06104613	0.14750002	0.11595183	0.09259023	0.08875955	-0.09740578	10	0.08442	0.07348885	0.28807628	Binding_K27	0.05082599	0.044244766	0.17343949
T73I	T73I	73	73	0.3495468	0.16880858	0.41993988	0.38040996	0.35024673	0.20281419	0.4004889	0.3066856	0.43109617	0.28099725	10	0.3291034	0.08926065	0.34990177	Binding_K27	0.19814032	0.053740356	0.2106622
T73K	T73K	73	73	0.087900646	0.064416565	0.03352716	0.009595552	0.07894617	0.08561024	0.008945107	0.029750086	-0.0010269386	-0.035129763	10	0.036253486	0.04178099	0.16378148	Binding_K27	0.02182681	0.025154702	0.09860644
T73L	T73L	73	73	0.18500917	0.12073426	0.15696214	0.23623557	0.20310137	0.19229133	0.2627821	0.26173598	0.17264026	0.21763541	10	0.20091276	0.045394875	0.17794791	Binding_K27	0.12096173	0.027330482	0.10713549
T73M	T73M	73	73	0.09282983	0.101091474	0.10535071	0.17729536	0.24801569	0.15127927	0.19527088	0.16992033	0.1024199	0.098288506	10	0.1441762	0.052760284	0.20682032	Binding_K27	0.08680286	0.03176491	0.12451845
T73N	T73N	73	73	-0.057126794	0.048782468	-0.11596733	0.027222887	-0.06039193	0.04348711	-0.20386526	-0.025897438	0.0136360815	0.05479932	10	-0.02753209	0.08380632	0.32852077	Binding_K27	-0.016575996	0.050456516	0.19778955
T73P	T73P	73	73	0.48499745	0.71482795	0.42664897	0.52653813	0.4541302	0.6462632	0.54323286	0.630397	0.46942326	0.4537352	10	0.53501946	0.09754883	0.38239142	Binding_K27	0.32211435	0.05873034	0.23022294
T73Q	T73Q	73	73	-0.13104871	-0.21419847	-0.28882784	-0.21102044	-0.2943556	-0.14417486	-0.10984098	-0.2506492	-0.1362462	-0.22008228	10	-0.20004447	0.06679068	0.26181945	Binding_K27	-0.12043897	0.04021206	0.15763128
T73R	T73R	73	73	0.4709321	0.4011534	0.35816902	0.27079418	0.42890254	0.3486136	0.33724362	0.3632485	0.3163067	0.33993772	10	0.3635301	0.05730344	0.22462949	Binding_K27	0.21886729	0.034500163	0.13524064
T73S	T73S	73	73	0.043311752	0.053391024	-0.05293285	0.04840846	0.065132506	0.048041057	0.0929777	0.08560665	0.077049516	0.1099538	10	0.05709396	0.044502903	0.17445138	Binding_K27	0.034374043	0.026793461	0.10503037
T73V	T73V	73	73	0.2578617	0.09605916	0.12697901	0.24975178	0.1485791	0.21732084	0.23681705	0.23149624	0.37559876	0.2703627	10	0.22108264	0.08068572	0.31628802	Binding_K27	0.13310523	0.048577722	0.19042468
T73W	T73W	73	73	0.88596886	0.8111524	0.7223472	0.9797321	0.7945701	0.89125013	0.7625741	0.70427334	0.88169396	0.9452232	10	0.8378785	0.09320516	0.36536425	Binding_K27	0.50445396	0.05611519	0.21997155
T73Y	T73Y	73	73	0.40148962	0.20121697	0.028981518	0.2250485	0.3044723	0.19678491	0.06739045	0.38332993	0.3261266	0.30025646	10	0.24350972	0.12455368	0.48825043	Binding_K27	0.1466077	0.07498891	0.29395652
T86A	T86A	86	86	-0.05341019	0.048206747	-0.032207493	0.018298246	-0.009082446	-0.0029148487	0.005652696	-0.077700935	0.060668424	-0.1056023	10	-0.014809211	0.053070642	0.20803691	Binding_K27	-0.008916047	0.031951763	0.1252509
T86C	T86C	86	86	-0.09840224	-0.108059205	0.08628486	-0.028072655	0.044910476	-0.014181225	-0.1080839	0.038484443	-0.022904027	0.03280343	10	-0.017722003	0.069469534	0.27232057	Binding_K27	-0.010669727	0.041824896	0.1639536
T86D	T86D	86	86	-0.16061233	-0.30022973	-0.34572396	-0.26153278	-0.13842483	-0.38625336	-0.18645057	-0.079583995	0.0140251545	-0.15232031	10	-0.19971065	0.123766735	0.48516563	Binding_K27	-0.12023799	0.07451512	0.29209927
T86E	T86E	86	86	0.12995766	-0.14472438	-0.08566749	-0.045376476	0.005074526	0.0781959	-0.09888455	-0.0086210035	-0.18645121	0.010094414	10	-0.034640264	0.09780444	0.3833934	Binding_K27	-0.020855552	0.058884237	0.23082621
T86F	T86F	86	86	0.22668819	0.18744421	0.07781574	0.16140638	0.21974243	0.15094373	0.15421951	0.16960464	0.40294454	0.28939196	10	0.20402014	0.08951733	0.35090795	Binding_K27	0.12283257	0.053894892	0.21126798
T86G	T86G	86	86	0.021071663	0.10634431	0.037668537	0.07460786	0.04972668	0.032643713	0.115169734	0.09910049	0.10101044	0.03749028	10	0.067483366	0.035637505	0.13969903	Binding_K27	0.0406291	0.021455951	0.08410733
T86H	T86H	86	86	-0.18463604	-0.08350296	-0.20652127	-0.26160628	-0.17320545	-0.15601493	-0.21997468	0.073263906	0.13597594	-0.057222996	10	-0.113344476	0.13061544	0.51201254	Binding_K27	-0.068240285	0.078638464	0.3082628
T86I	T86I	86	86	-0.1619035	-0.014078297	-0.0041099996	0.005932528	-0.05409577	-0.053759117	0.05869383	-0.047535673	0.036455598	0.004436054	10	-0.022996433	0.061503712	0.24109456	Binding_K27	-0.013845255	0.037028983	0.14515361
T86K	T86K	86	86	-0.26896682	-0.038862873	-0.27957353	-0.32868177	-0.020305797	-0.28857982	-0.25290936	-0.17245185	-0.37026623	-0.2170927	10	-0.2237691	0.11592157	0.45441258	Binding_K27	-0.13472264	0.06979185	0.27358407
T86L	T86L	86	86	-0.08576412	-0.036632027	-0.029062035	-0.111216545	-0.075453445	-0.033182163	0.013503052	-0.0064124907	-0.09128681	-0.10943527	10	-0.056494184	0.043871365	0.17197576	Binding_K27	-0.034012944	0.026413238	0.10353989
T86M	T86M	86	86	-0.005832238	0.33037096	-0.17928147	-0.05401408	0.3544851	-0.043544207	0.026196824	0.030331833	0.15448196	0.0847752	10	0.069796994	0.16856773	0.6607855	Binding_K27	0.042022046	0.101488054	0.39783317
T86N	T86N	86	86	-0.024455532	-0.06623707	0.007192302	0.1447857	0.16968563	-0.028476926	-0.24507196	0.04931601	0.026348595	-0.04821806	10	-0.0015131317	0.11599467	0.4546991	Binding_K27	-0.0009109975	0.069835864	0.2737566
T86P	T86P	86	86	-0.34479952	-0.18887523	-0.39867616	-0.36514312	-0.2261805	-0.069264874	-0.23794833	-0.26353967	-0.03882742	-0.074188426	10	-0.22074433	0.12849188	0.50368816	Binding_K27	-0.13290155	0.077359945	0.303251
T86Q	T86Q	86	86	0.018072689	-0.076073915	0.33406177	0.044955347	0.13051888	0.23103362	0.17105144	-0.007911425	0.27992925	0.08701749	10	0.121265516	0.13264161	0.51995516	Binding_K27	0.07300924	0.07985834	0.3130447
T86R	T86R	86	86	0.058774725	-0.025949629	-0.001854826	0.08952799	-0.007975092	-0.024398841	0.067485586	-0.068975314	-0.19625266	0.026534224	10	-0.008308385	0.08208819	0.3217857	Binding_K27	-0.005002154	0.049422093	0.1937346
T86S	T86S	86	86	-0.033440113	0.087236606	-0.0029879871	-0.02120468	0.09491813	-0.053024508	-0.028320888	-0.03325748	-0.07408795	-0.062418398	10	-0.012658727	0.058403637	0.22894226	Binding_K27	-0.0076213256	0.03516255	0.1378372
T86V	T86V	86	86	-0.119008206	-0.01629077	-0.06749482	-0.04579841	-0.12786993	-0.05356245	-0.005344313	0.08768031	0.006764839	-0.016905054	10	-0.035782885	0.06284446	0.2463503	Binding_K27	-0.021543479	0.037836198	0.1483179
T86W	T86W	86	86	0.08327562	-0.010257064	0.12397577	0.033637602	0.11692446	0.24092132	0.08901138	0.16331212	0.19186297	0.20652817	10	0.12391923	0.078708544	0.3085375	Binding_K27	0.07460693	0.047387343	0.18575838
T86Y	T86Y	86	86	0.25257477	-0.021689087	-0.047517247	-0.035270486	-0.02266164	0.21515329	0.07201025	0.1477943	0.20830747	0.2862789	10	0.10549805	0.13150778	0.5155105	Binding_K27	0.06351626	0.0791757	0.31036878
V102A	V102A	102	102	-0.15278125	-0.3726522	-0.36463404	-0.15898985	-0.29983878	-0.52851886	-0.27068037	-0.39635867	-0.20322163	-0.41605562	10	-0.3163731	0.12180714	0.47748402	Binding_K27	-0.1904759	0.07333533	0.28747448
V102C	V102C	102	102	-0.22490811	-0.14818923	-0.24880424	-0.078400336	-0.19925524	-0.3896148	-0.25191006	-0.15014073	-0.1008139	-0.32725766	10	-0.21192944	0.097875945	0.38367373	Binding_K27	-0.12759444	0.058927286	0.23099497
V102D	V102D	102	102	-0.32509872	-0.14658818	-0.18153048	-0.22077581	-0.36144605	-0.21946391	-0.27151933	-0.28475925	-0.252822	-0.35694814	10	-0.26209518	0.072174825	0.2829253	Binding_K27	-0.15779728	0.043453645	0.17033829
V102E	V102E	102	102	-0.26791218	-0.11308298	-0.23028173	-0.23279366	-0.29569858	-0.31889316	-0.09053185	-0.26561183	-0.31709173	-0.20777	10	-0.23396678	0.07886308	0.30914328	Binding_K27	-0.14086227	0.047480382	0.1861231
V102F	V102F	102	102	-0.61074346	-0.75821006	-0.56705743	-0.6739892	-0.54868615	-0.48462456	-0.48955902	-0.5546559	-0.54090434	-0.66965765	10	-0.5898088	0.08769216	0.34375325	Binding_K27	-0.35510087	0.052796025	0.20696042
V102G	V102G	102	102	-0.13551816	-0.02868668	-0.15260781	-0.08515741	-0.21627922	-0.25623462	-0.20329934	-0.3381684	-0.15430622	-0.14231394	10	-0.17125717	0.087320514	0.34229642	Binding_K27	-0.10310726	0.052572273	0.20608331
V102H	V102H	102	102	-0.5541706	-0.29703292	-0.43371522	-0.5129448	-0.2583005	-0.1629293	-0.39792427	-0.36453763	-0.27480304	-0.3689521	10	-0.36253107	0.11944605	0.46822852	Binding_K27	-0.2182658	0.0719138	0.2819021
V102I	V102I	102	102	-0.3194786	-0.28132486	-0.14975415	-0.11076625	-0.12362748	-0.06696899	-0.1559742	-0.31805417	-0.30063763	-0.37442523	10	-0.22010116	0.109185256	0.4280062	Binding_K27	-0.13251433	0.06573618	0.25768584
V102K	V102K	102	102	-0.28400955	-0.3804515	-0.25787944	-0.51316065	-0.14890455	-0.26397282	-0.2002542	-0.45846573	-0.6545779	-0.43466398	10	-0.35963404	0.15685304	0.61486393	Binding_K27	-0.21652162	0.09443509	0.37018555
V102L	V102L	102	102	-0.4001218	-0.26197144	-0.23285688	-0.29124975	-0.23211722	-0.2600092	-0.2327477	-0.25570586	-0.359884	-0.24490972	10	-0.27715737	0.057879817	0.22688888	Binding_K27	-0.16686563	0.034847178	0.13660094
V102M	V102M	102	102	-0.42367485	-0.4576428	-0.38370708	-0.4345518	-0.6450272	-0.3920759	-0.50065064	-0.38344365	-0.3909073	-0.57647216	10	-0.45881534	0.08974094	0.3517845	Binding_K27	-0.2762348	0.054029517	0.21179572
V102N	V102N	102	102	-0.097573265	-0.5005461	-0.09625583	-0.15935145	-0.101817496	-0.25472215	-0.114635624	-0.16604674	-0.18457268	-0.15831192	10	-0.18338333	0.121802814	0.47746703	Binding_K27	-0.11040795	0.07333272	0.28746426
V102P	V102P	102	102	-0.6428524	-0.18098019	-0.37692857	-0.00855564	-0.14709683	-0.23079734	-0.54483926	0.22894005	-0.47164088	-0.12944902	10	-0.25042003	0.26340297	1.0325396	Binding_K27	-0.15076813	0.15858465	0.6216518
V102Q	V102Q	102	102	-0.08041328	-0.088694416	-0.25581533	-0.33935562	-0.18528506	-0.3636984	-0.40539667	-0.31162173	-0.18689434	-0.2663319	10	-0.2483507	0.11159448	0.43745038	Binding_K27	-0.14952226	0.06718668	0.2633718
V102R	V102R	102	102	-0.43187088	-0.42108628	-0.3407094	-0.37173885	-0.30359983	-0.31021857	-0.4309292	-0.50614005	-0.5044628	-0.5245623	10	-0.4145318	0.08142275	0.3191772	Binding_K27	-0.24957342	0.049021464	0.19216414
V102S	V102S	102	102	-0.23100337	-0.24946752	-0.40146324	-0.37148675	-0.15948899	-0.31476694	-0.16775544	-0.2099605	-0.24168018	-0.28735483	10	-0.26344275	0.08060408	0.31596798	Binding_K27	-0.1586086	0.048528567	0.19023198
V102T	V102T	102	102	-0.48098725	-0.44412267	-0.6407459	-0.5059128	-0.5396367	-0.5804592	-0.38383988	-0.39344522	-0.41620985	-0.48086125	10	-0.48662204	0.08287699	0.3248778	Binding_K27	-0.29297614	0.049897	0.19559625
V102W	V102W	102	102	-0.7014777	-0.5401652	-0.5575793	-0.6504795	-0.5641983	-0.68235314	-0.5972629	-0.5374243	-0.6428157	-0.74320847	10	-0.6216964	0.07291328	0.28582007	Binding_K27	-0.37429914	0.04389824	0.1720811
V102Y	V102Y	102	102	-0.7094051	-0.56729543	-0.6109278	-0.53402394	-0.6620366	-0.54210794	-0.8049273	-0.86338013	-0.9304335	-1.0428433	10	-0.7267381	0.17661844	0.6923443	Binding_K27	-0.43754065	0.10633507	0.4168335
V108A	V108A	108	108	-0.11793161	-0.07477587	-0.20443921	-0.14563379	-0.30696464	-0.2802023	-0.30795383	-0.16126263	-0.26711	-0.21247359	10	-0.20787473	0.081961624	0.32128957	Binding_K27	-0.12515326	0.049345896	0.1934359
V108C	V108C	108	108	-0.19662993	-0.29409942	-0.16540362	-0.1869898	-0.23289509	-0.21113136	-0.16978253	-0.2750965	-0.3297888	-0.21772833	10	-0.22795455	0.055111676	0.21603778	Binding_K27	-0.13724254	0.03318059	0.13006791
V108D	V108D	108	108	0.602971	0.30768687	-0.15540744	-0.06777992	-0.61810416	0.31147814	-0.091018364	0.0403837	0.040546358	0.5920623	10	0.09628185	0.37050375	1.4523747	Binding_K27	0.057967544	0.22306585	0.87441814
V108E	V108E	108	108	0.03864773	0.35664582	0.30290136	-0.11552836	0.607933	0.1731745	0.22697167	0.3462505	0.432536	0.37023863	10	0.27397707	0.20501843	0.80367225	Binding_K27	0.1649509	0.1234336	0.48385972
V108F	V108F	108	108	-0.13205862	-0.12094249	-0.16971973	-0.13220528	-0.20099041	-0.14782748	-0.34416923	-0.22135274	-0.26998198	-0.16818666	10	-0.19074346	0.07102076	0.27840137	Binding_K27	-0.114839196	0.042758826	0.16761461
V108G	V108G	108	108	0.17357393	0.31080648	-0.027309094	0.3522212	0.44198632	0.48978922	0.3028905	0.17705286	0.3060769	0.22104195	10	0.27481306	0.14802046	0.5802402	Binding_K27	0.16545421	0.08911734	0.34934
V108H	V108H	108	108	0.12689117	0.31211162	0.12487693	0.1561044	-0.3161555	-0.14783546	-0.19468403	-0.31827405	-0.286639	-0.0133200055	10	-0.055692393	0.22750106	0.8918042	Binding_K27	-0.033530217	0.1369695	0.5369205
V108I	V108I	108	108	-0.35788366	-0.3663172	-0.37372696	-0.3350517	-0.3093584	-0.2972019	-0.32334185	-0.43033135	-0.32118624	-0.34979853	10	-0.34641975	0.038615026	0.1513709	Binding_K27	-0.20856582	0.0232486	0.09113451
V108K	V108K	108	108	-0.5092419	0.004544553	0.07666055	-0.4526259	-0.4073526	-0.38976973	-0.46295464	-0.23436365	-0.27798656	-0.119846016	10	-0.27729362	0.20546077	0.8054062	Binding_K27	-0.16694766	0.12369991	0.48490366
V108L	V108L	108	108	-0.12835638	-0.052634764	-0.1651558	-0.013899207	0.0045427764	-0.21444033	-0.30142546	-0.20088997	-0.14168704	-0.19216129	10	-0.14061074	0.09616083	0.37695044	Binding_K27	-0.08465624	0.05789468	0.22694716
V108M	V108M	108	108	-0.21221066	-0.1257444	-0.24429668	-0.06320537	-0.12353085	-0.15897225	-0.19193995	-0.12947765	-0.1420159	-0.2273915	10	-0.16187853	0.05626042	0.22054084	Binding_K27	-0.09746075	0.033872202	0.13277903
V108N	V108N	108	108	0.15283376	0.35274643	0.20204349	0.25402722	0.27630875	0.21826585	0.24766773	0.06631662	0.38197988	0.28693256	10	0.24391222	0.09199666	0.36062694	Binding_K27	0.14685003	0.0553876	0.2171194
V108P	V108P	108	108	0.25068623	0.059131354	0.014012831	-0.019210588	0.1344428	0.15271111	-0.04066865	0.13792208	0.114835106	0.10727498	10	0.091113724	0.088603616	0.3473262	Binding_K27	0.054856017	0.05334478	0.20911154
V108Q	V108Q	108	108	0.16126612	0.39114648	-0.027066648	-0.098800935	-0.25416347	0.10826548	-0.05339794	0.018180225	-0.23872685	0.12719512	10	0.013389762	0.19447227	0.7623313	Binding_K27	0.008061453	0.11708416	0.45896992
V108R	V108R	108	108	-0.48559806	-0.49411276	-0.48718324	-0.5717047	-0.5355518	-0.5495216	-0.5495741	-0.4690321	-0.44722068	-0.5609739	10	-0.5150474	0.04335908	0.16996759	Binding_K27	-0.31008992	0.02610481	0.102330856
V108S	V108S	108	108	-0.24543655	-0.22669883	-0.12274298	0.11292726	0.041960727	-0.15986641	0.0031280583	-0.08612441	-0.10805715	-0.27192253	10	-0.106283285	0.12773752	0.5007311	Binding_K27	-0.06398902	0.07690578	0.30147067
V108T	V108T	108	108	-0.10383487	0.20926519	-0.15446375	0.037706576	-0.013587372	-0.022420881	0.00020475182	0.018676125	-0.01467606	-0.11878046	10	-0.016191075	0.10143047	0.39760745	Binding_K27	-0.009748014	0.061067328	0.23938394
V108W	V108W	108	108	-0.12066919	0.17561205	-0.12891565	-0.062651165	0.062885314	-0.29577798	-0.28344882	-0.22214207	-0.094150946	0.05923725	10	-0.09100212	0.15514658	0.6081746	Binding_K27	-0.054788824	0.093407705	0.36615822
V108Y	V108Y	108	108	-0.13017787	-0.21210462	-0.15456524	0.106666654	0.1883162	0.058134295	-0.03664465	-0.23263817	-0.13436231	-0.16404738	10	-0.0711423	0.14370543	0.5633253	Binding_K27	-0.042832002	0.08651943	0.33915615
V111A	V111A	111	111	-0.17294076	-0.17413597	0.06186398	-0.048371103	0.015304123	0.11476491	-0.08164595	-0.24759565	-0.019166116	-0.15155308	10	-0.07034756	0.11624759	0.45569056	Binding_K27	-0.042353522	0.06998814	0.2743535
V111C	V111C	111	111	0.17813995	0.15489507	0.026422586	0.21551304	0.29631644	0.35003784	0.23249409	0.22796156	0.23509929	0.14383116	10	0.20607111	0.08852265	0.3470088	Binding_K27	0.12406737	0.053296033	0.20892045
V111D	V111D	111	111	0.9948953	1.02543	0.43393	0.53208226	1.0138596	0.004179141	1.1788236	0.28401464	0.55653644	1.0654664	10	0.7089218	0.3986365	1.5626551	Binding_K27	0.42681414	0.24000347	0.9408136
V111E	V111E	111	111	1.0321778	1.3587252	0.95223135	1.0875595	0.32757667	0.55897665	0.38933197	0.5833844	-0.050290182	0.4295469	10	0.666922	0.42842388	1.6794217	Binding_K27	0.4015277	0.2579373	1.0111142
V111F	V111F	111	111	-0.4394892	0.8323355	-0.27601022	-0.5972495	-0.36141717	0.9194383	0.49016005	0.050750062	-0.22652519	-0.47740406	10	-0.008541137	0.55937886	2.1927652	Binding_K27	-0.005142285	0.3367802	1.3201784
V111G	V111G	111	111	0.6299187	0.88506377	0.5975599	0.44913727	0.673942	0.56064695	0.6714343	0.55253464	0.61383855	0.31096125	10	0.59450376	0.15008394	0.5883291	Binding_K27	0.3579275	0.09035969	0.35421
V111H	V111H	111	111	0.66422445	1.0842081	1.2087808	1.2907627	0.47146484	1.0009948	0.83553034	0.73218215	0.88631636	0.84693575	10	0.90214	0.25092772	0.9836367	Binding_K27	0.5431433	0.15107378	0.5922092
V111I	V111I	111	111	-0.5474369	-0.49198964	-0.48358464	-0.4916979	-0.6682393	-0.4403261	-0.5649035	-0.535927	-0.4269483	-0.46082544	10	-0.5111879	0.07121249	0.279153	Binding_K27	-0.3077663	0.04287426	0.16806711
V111K	V111K	111	111	-0.032358404	-0.34688926	0.65846944	0.35794324	1.0016693	0.43833014	0.14917581	1.0796053	0.26687157	0.8927068	10	0.44655243	0.46432936	1.8201711	Binding_K27	0.2688518	0.27955458	1.0958539
V111L	V111L	111	111	-0.33102667	-0.43463558	-0.62707156	-0.4321982	-0.3442364	-0.35655406	-0.6728361	-0.8357439	-0.6794866	-0.69034654	10	-0.5404136	0.18046814	0.70743513	Binding_K27	-0.32536194	0.10865282	0.4259191
V111M	V111M	111	111	-0.625624	-0.6946034	-0.364262	-0.7343623	-0.6584758	-0.6719383	-0.80598044	-0.8599605	-0.98981696	-0.49272537	10	-0.68977493	0.17785878	0.69720644	Binding_K27	-0.41528657	0.10708183	0.4197608
V111N	V111N	111	111	0.84815943	1.1294854	1.1663603	1.3524611	0.9105533	0.91930217	0.6709516	0.9564555	0.64725584	1.1156222	10	0.97166073	0.22265424	0.87280464	Binding_K27	0.584999	0.13405143	0.5254816
V111P	V111P	111	111	-0.17928632	-0.259271	0.6758796	0.84796256	1.668973	0.773493	1.2657131	0.24681965	0.99537516	0.67419034	10	0.67098486	0.6023129	2.3610668	Binding_K27	0.4039738	0.36262912	1.4215062
V111Q	V111Q	111	111	-0.20972428	0.25291425	0.5549931	0.6263193	-0.24159178	0.41138873	0.8368257	1.2855504	0.38771	0.014409728	10	0.3918795	0.47182843	1.8495675	Binding_K27	0.23593535	0.28406948	1.1135523
V111R	V111R	111	111	2.0640583	0.65342945	1.7380179	1.3147207	1.8053492	1.6516095	1.9636043	1.3948313	2.2465842	2.1843052	10	1.701651	0.48155624	1.8877004	Binding_K27	1.0244976	0.28992623	1.1365108
V111S	V111S	111	111	0.33142087	0.6850557	0.52438545	0.6559664	0.6751073	0.40715274	0.55853885	0.106441624	0.11563067	0.18011329	10	0.42398128	0.23032868	0.9028884	Binding_K27	0.25526258	0.1386719	0.5435939
V111T	V111T	111	111	-0.26682815	-0.053955793	-0.16641167	-0.0663579	0.060718436	0.07232324	0.20669441	0.2975732	0.043340303	-0.22840759	10	-0.0101311505	0.18239653	0.71499443	Binding_K27	-0.0060995705	0.10981383	0.43047023
V111W	V111W	111	111	1.37476	0.83510953	0.21130411	1.348714	1.8951633	1.385528	1.8075566	1.2148756	1.6645445	0.906592	10	1.2644148	0.50670373	1.9862787	Binding_K27	0.7612548	0.30506656	1.1958609
V111Y	V111Y	111	111	0.42500207	0.5701938	0.53920394	-0.12639645	-0.28317386	-0.19810823	0.41219243	1.475274	1.621677	1.6797218	10	0.6115586	0.7445727	2.918725	Binding_K27	0.36819556	0.44827816	1.7572504
V113A	V113A	113	113	0.2867327	0.16987813	-0.006601678	0.17566402	0.27734026	0.25243866	0.121516876	0.2457059	0.2530629	0.18444785	10	0.19601856	0.089184806	0.34960446	Binding_K27	0.118015125	0.05369469	0.2104832
V113C	V113C	113	113	0.2055251	0.17057696	0.1369814	0.09263737	0.11571159	0.09992633	0.12032133	0.21436587	0.0344765	0.16062845	10	0.13511509	0.054687288	0.21437417	Binding_K27	0.08134752	0.03292508	0.12906632
V113D	V113D	113	113	1.7310739	1.919022	1.1026587	1.3721753	0.37489307	0.4904576	1.2100205	1.2383587	1.1849436	1.4641662	10	1.2087768	0.48226497	1.8904787	Binding_K27	0.72775733	0.2903529	1.1381835
V113E	V113E	113	113	0.36715192	0.9235895	0.04528452	0.48200184	0.25693437	0.18289387	0.98648816	-0.0021303697	0.8027906	0.45509717	10	0.45001015	0.35297439	1.3836596	Binding_K27	0.27093354	0.2125121	0.83304745
V113F	V113F	113	113	1.5214756	2.8008504	1.8940933	1.5318432	1.9964223	1.2446539	1.9758412	1.0704875	1.6951556	2.2566507	10	1.7987474	0.50438577	1.9771923	Binding_K27	1.0829556	0.30367097	1.1903902
V113G	V113G	113	113	1.0127568	1.0541204	1.0000522	0.9826933	0.85894436	1.0303998	1.0928167	0.77314246	0.83155113	1.0636076	10	0.9700085	0.109401114	0.42885238	Binding_K27	0.5840043	0.06586614	0.25819528
V113H	V113H	113	113	1.4901321	1.2327421	1.4405248	0.6261529	0.4486997	0.85724646	0.90945315	1.3978344	0.6631975	1.4019978	10	1.046798	0.39046142	1.5306088	Binding_K27	0.6302362	0.23508158	0.9215198
V113I	V113I	113	113	-0.18687946	-0.30450925	-0.22941475	-0.27588817	-0.2675667	-0.21171138	-0.124271594	-0.30800655	-0.18227173	-0.29375973	10	-0.23842795	0.061607465	0.24150127	Binding_K27	-0.14354816	0.03709145	0.14539848
V113K	V113K	113	113	1.2552935	1.42924	1.8789068	0.3946765	1.1650056	1.9073308	0.5613682	1.4645694	1.2186258	1.8129886	10	1.3088005	0.51663274	2.0252004	Binding_K27	0.7879777	0.3110444	1.2192941
V113L	V113L	113	113	-0.20441408	-0.2194173	-0.30165908	-0.25688517	-0.17055793	-0.25334418	-0.24925444	-0.25488818	-0.28934836	-0.22978884	10	-0.24295576	0.038782425	0.15202712	Binding_K27	-0.14627418	0.023349384	0.091529585
V113M	V113M	113	113	-0.2664762	-0.17174701	-0.4026007	-0.27377728	-0.25041792	0.030810066	-0.2358131	-0.07767581	-0.1569177	-0.045625243	10	-0.1850241	0.12789464	0.501347	Binding_K27	-0.11139579	0.07700037	0.30184147
V113N	V113N	113	113	1.1732355	1.6826477	2.7448997	1.1047747	1.9276557	1.3736027	1.9087777	1.3881723	1.6517366	0.9003042	10	1.5855806	0.53061837	2.080024	Binding_K27	0.9546162	0.31946462	1.2523013
V113P	V113P	113	113	0.5061491	1.747376	1.5477024	1.1875381	1.9921696	0.5064189	1.5918413	1.8198756	2.0566423	1.3770682	10	1.4332782	0.5547248	2.1745212	Binding_K27	0.8629209	0.33397815	1.3091943
V113Q	V113Q	113	113	1.2806053	1.6261485	1.5476719	1.6409323	1.3162615	1.5859865	0.64595765	1.4583657	1.650381	1.166717	10	1.3919027	0.31185806	1.2224836	Binding_K27	0.8380103	0.18775757	0.73600966
V113R	V113R	113	113	1.0781075	1.3076712	2.15783	1.1774106	1.5152168	1.4243121	1.4911914	0.97920674	0.30302688	0.55716217	10	1.1991136	0.5212605	2.0433412	Binding_K27	0.7219395	0.3138306	1.230216
V113S	V113S	113	113	-0.07038885	0.011796144	0.5335642	0.54345447	0.48738995	0.98688614	0.41347736	0.73926073	0.23528211	0.24530376	10	0.4126026	0.320973	1.2582142	Binding_K27	0.24841192	0.19324532	0.7575217
V113T	V113T	113	113	0.22123301	0.11804327	-0.1092002	0.13617992	0.46979147	0.4741504	0.15668654	0.20019847	0.2562762	0.12221476	10	0.20455737	0.171813	0.673507	Binding_K27	0.12315601	0.1034419	0.40549228
V113W	V113W	113	113	1.519185	1.7385168	1.9712607	1.8695416	1.4870951	1.9170269	1.6383655	1.8910981	2.0483658	1.4450397	10	1.7525495	0.2180723	0.85484344	Binding_K27	1.0551417	0.13129282	0.51466787
V113Y	V113Y	113	113	1.4136707	1.0262314	1.8971844	1.9242399	2.428538	1.4816581	1.9679512	2.5353184	1.639527	1.2781255	10	1.7592443	0.48530006	1.9023763	Binding_K27	1.0591724	0.29218024	1.1453465
V124A	V124A	124	124	-0.0477569	-0.13155328	-0.15003145	-0.27742183	-0.216835	-0.24062179	-0.24722056	-0.3622881	-0.23521386	-0.13578528	10	-0.20447281	0.089453995	0.35065967	Binding_K27	-0.1231051	0.05385676	0.2111185
V124C	V124C	124	124	-0.011984475	0.020826546	0.03070275	-0.0507865	-0.0029737055	-0.0860163	-0.079710156	-0.08323416	-0.11932951	-0.0051718154	10	-0.038767733	0.05166719	0.20253539	Binding_K27	-0.023340538	0.0311068	0.12193866
V124D	V124D	124	124	-0.2325569	0.0053076674	-0.01456419	-0.1739895	-0.17649059	-0.05185766	-0.20102671	-0.07847078	-0.29774576	-0.30775356	10	-0.15291479	0.11281171	0.4422219	Binding_K27	-0.09206403	0.06791952	0.26624453
V124E	V124E	124	124	-0.20961463	-0.18270041	-0.14844678	-0.24547209	-0.18458994	-0.18267496	-0.29168686	-0.20183913	-0.21672966	-0.012971317	10	-0.18767257	0.07288089	0.28569308	Binding_K27	-0.11299033	0.043878738	0.17200466
V124F	V124F	124	124	0.018920295	-0.020171767	0.007334775	0.13153037	0.050950766	0.10882552	-0.037161496	-0.024066856	-0.02396246	-0.07758048	10	0.013461867	0.06607974	0.2590326	Binding_K27	0.0081048645	0.039784033	0.1559534
V124G	V124G	124	124	-0.225939	-0.10654584	-0.33796462	-0.2808692	-0.18464027	-0.2906324	-0.22838287	-0.20403482	-0.2529103	-0.19218364	10	-0.23041031	0.064863384	0.25426447	Binding_K27	-0.13872105	0.03905171	0.15308271
V124H	V124H	124	124	-0.34875214	-0.4860416	-0.24164481	-0.3238702	-0.2941995	-0.38868245	-0.24088584	-0.32377705	-0.3730748	-0.3161142	10	-0.33370426	0.0723888	0.2837641	Binding_K27	-0.20091031	0.04358247	0.17084329
V124I	V124I	124	124	-0.04932543	-0.12949216	-0.102614425	-0.038716838	-0.045137938	-0.10423296	-0.014054733	-0.042536005	-0.011560594	-0.077195905	10	-0.0614867	0.040035315	0.15693843	Binding_K27	-0.037018742	0.024103701	0.09448651
V124K	V124K	124	124	-0.20302695	-0.086498946	-0.1501879	-0.15337509	-0.059749648	-0.05585652	-0.23213549	-0.1441991	-0.22214219	-0.21251938	10	-0.15196912	0.066431314	0.26041076	Binding_K27	-0.09149468	0.0399957	0.15678315
V124L	V124L	124	124	0.017962014	-0.0498007	-0.054075137	-0.038380392	-0.06620035	-0.042818896	-0.005717533	0.02973144	-0.012225703	-0.04743554	10	-0.02689608	0.0324861	0.12734552	Binding_K27	-0.01619308	0.019558612	0.07666976
V124M	V124M	124	124	0.06872214	0.0047470834	0.018094309	0.19049792	0.063973755	-0.058073055	-0.105411075	-0.027447643	-0.08545758	0.05120971	10	0.012085556	0.08765902	0.34362337	Binding_K27	0.0072762417	0.052776076	0.20688222
V124N	V124N	124	124	-0.30107445	-0.2963858	-0.1027741	-0.30660364	-0.1334693	-0.32712615	-0.30546433	-0.2729114	-0.08672676	-0.14172265	10	-0.22742586	0.09778375	0.3833123	Binding_K27	-0.13692424	0.05887178	0.23077738
V124P	V124P	124	124	-0.14314505	-0.191211	-0.109294474	-0.17768496	-0.06572697	-0.32141834	-0.15830812	-0.21434355	-0.16433646	-0.10252565	10	-0.16479945	0.07081521	0.27759564	Binding_K27	-0.099219315	0.042635076	0.1671295
V124Q	V124Q	124	124	-0.22383922	-0.3764365	-0.37511933	-0.35415998	-0.35749698	-0.28743836	-0.28219435	-0.14770709	-0.17392315	-0.09237595	10	-0.2670691	0.10293027	0.40348667	Binding_K27	-0.16079189	0.061970297	0.24292357
V124R	V124R	124	124	-0.19664945	-0.16398634	-0.22143383	-0.22391084	-0.24906935	-0.21517174	-0.1303569	-0.103632644	-0.10697686	-0.15144858	10	-0.17626366	0.05216487	0.2044863	Binding_K27	-0.10612147	0.031406432	0.123113215
V124S	V124S	124	124	-0.15177438	-0.39591506	-0.25824493	-0.28420272	-0.28339598	-0.31304517	-0.27360713	-0.32653102	-0.22080043	-0.23927644	10	-0.27467933	0.06545438	0.25658116	Binding_K27	-0.16537371	0.039407525	0.1544775
V124T	V124T	124	124	-0.14996909	-0.022488592	-0.13330688	-0.14420538	-0.15628487	-0.08448089	-0.057429552	-0.08370769	-0.16351171	-0.10029499	10	-0.10956796	0.047344208	0.1855893	Binding_K27	-0.06596659	0.0285041	0.111736074
V124W	V124W	124	124	-0.021132562	-0.082046375	-0.12473328	-0.009799801	-0.02186836	-0.13481197	-0.007459158	-0.042303335	-0.115803786	-0.1184486	10	-0.067840725	0.052437555	0.20555522	Binding_K27	-0.040844254	0.031570606	0.12375678
V124Y	V124Y	124	124	-0.07767446	-0.01454998	0.019537475	-0.013326907	-0.03366316	-0.024456846	-0.015134664	-0.04584108	-0.101685874	0.010436549	10	-0.029635897	0.037315812	0.14627798	Binding_K27	-0.017842617	0.022466393	0.08806826
V13A	V13A	13	13	-0.25989673	-0.22916767	-0.29059002	-0.27398503	-0.10731828	-0.24958551	-0.12273811	-0.15019585	-0.13324797	-0.22392581	10	-0.20406508	0.06870243	0.2693135	Binding_K27	-0.12285963	0.041363053	0.16214317
V13C	V13C	13	13	-0.10537947	-0.022071205	-0.1724964	-0.17524295	-0.11508962	-0.22242638	-0.27929723	-0.25061342	-0.09738876	-0.16673507	10	-0.16067405	0.07796998	0.30564234	Binding_K27	-0.096735574	0.046942685	0.18401533
V13D	V13D	13	13	-0.67490125	-0.94227237	-1.1169583	-0.978654	-0.7054897	-0.91813433	-0.7782397	-0.7475211	-0.8464099	-0.7776125	10	-0.84861934	0.13880566	0.54411817	Binding_K27	-0.5109206	0.08356947	0.3275923
V13E	V13E	13	13	-0.83430976	-0.6848618	-0.42685312	-0.47959214	-0.54354024	-0.35400772	-0.68226516	-0.710089	-0.57165045	-0.6004678	10	-0.5887637	0.14480212	0.56762433	Binding_K27	-0.35447165	0.087179706	0.34174445
V13F	V13F	13	13	-0.04098128	-0.34828427	-0.039877415	0.026967123	-0.05972208	-0.29370034	-0.14780155	-0.20712532	-0.19283183	-0.18495312	10	-0.14883101	0.120072536	0.47068435	Binding_K27	-0.08960535	0.07229099	0.2833807
V13G	V13G	13	13	0.07810381	0.023709001	-0.078679465	-0.07781259	-0.09948987	-0.02956677	0.00097568694	0.084211946	0.088712014	-0.015230931	10	-0.0025067166	0.07056248	0.27660492	Binding_K27	-0.0015091962	0.042482916	0.16653304
V13H	V13H	13	13	-0.029978013	-0.1859171	0.12961498	0.040874865	0.14870211	0.15978593	0.086804084	0.06877158	0.22458726	0.1395547	10	0.07828004	0.11665728	0.45729655	Binding_K27	0.047129355	0.0702348	0.2753204
V13I	V13I	13	13	0.03853451	0.13688448	0.019968914	-0.056265164	0.13603255	0.0023419706	0.09134903	0.20453444	0.061716948	0.08019737	10	0.07152951	0.075683564	0.2966796	Binding_K27	0.043065123	0.04556612	0.17861919
V13K	V13K	13	13	-1.0316925	-1.176208	-0.8439791	-0.7869186	-0.68337005	-0.48147315	-0.60239744	-1.0015806	-0.68666023	-0.7427038	10	-0.80369836	0.21293049	0.83468753	Binding_K27	-0.48387542	0.12819713	0.5025328
V13L	V13L	13	13	-0.9273717	-0.8613244	-0.9818129	-0.80926186	-0.80182356	-0.8084543	-0.780924	-0.88861567	-0.82311416	-0.83354217	10	-0.8516245	0.063618526	0.24938463	Binding_K27	-0.5127299	0.03830223	0.15014476
V13M	V13M	13	13	-0.35723424	-0.40590307	-0.27993414	-0.13931407	-0.27139503	-0.3182137	-0.3516207	-0.47397256	-0.4463513	-0.3977552	10	-0.3441694	0.09790039	0.38376954	Binding_K27	-0.20721097	0.058942005	0.23105267
V13N	V13N	13	13	-1.0428247	-0.89843565	-0.989679	-0.69040406	-0.84962505	-0.7570624	-0.8164845	-0.8130374	-0.76316804	-0.91522336	10	-0.8535944	0.10918904	0.42802104	Binding_K27	-0.5139159	0.06573846	0.25769478
V13P	V13P	13	13	1.3543884	1.4690644	1.5196352	1.5592507	1.0082843	1.6366733	1.2159499	1.5291071	1.469663	1.2355543	10	1.3997571	0.19391204	0.76013523	Binding_K27	0.84273916	0.11674687	0.45764774
V13Q	V13Q	13	13	-0.3439432	-0.32753512	-0.45488372	-0.2597614	-0.29670626	-0.29337013	-0.7346282	-0.3469339	-0.23635066	-0.41920018	10	-0.37133127	0.14408137	0.56479895	Binding_K27	-0.22356407	0.08674577	0.34004343
V13R	V13R	13	13	-0.16006713	-0.4573594	-0.8506289	-0.41562	-0.32183334	-0.41789705	-0.5178974	-0.48807377	-0.520699	-0.07824054	10	-0.42283162	0.21216868	0.8317012	Binding_K27	-0.25457042	0.12773848	0.5007348
V13S	V13S	13	13	-0.36294296	-0.36326054	-0.38176438	-0.3419754	-0.37047052	-0.3768635	-0.3709174	-0.36715275	-0.3573582	-0.38998267	10	-0.36826885	0.013351789	0.052339014	Binding_K27	-0.22172031	0.008038591	0.031511277
V13T	V13T	13	13	0.18815249	0.30138147	0.34635636	0.3121721	0.25176707	0.33485013	0.29952937	0.19386497	0.1283803	0.2565144	10	0.26129687	0.07147622	0.2801868	Binding_K27	0.15731664	0.043033045	0.16868953
V13W	V13W	13	13	-0.9244569	-1.0183495	-0.9901795	-0.8289491	-1.1399696	-0.9401299	-1.1744455	-0.537368	-0.78020525	-1.2635381	10	-0.9597591	0.21202795	0.8311496	Binding_K27	-0.57783353	0.12765376	0.50040275
V13Y	V13Y	13	13	-0.6776704	-0.7985655	-0.7774179	-0.56511325	-0.9486514	-0.8154845	-0.7055633	-0.3596839	-0.496998	-0.43001187	10	-0.65751594	0.18899336	0.740854	Binding_K27	-0.3958647	0.11378553	0.4460393
V151A	V151A	151	151	-0.17936349	-0.33094862	-0.28168708	-0.84246147	-0.8361155	-0.5091354	-0.42000493	-0.45987433	-0.49969372	-0.3999822	10	-0.4759267	0.2164361	0.84842956	Binding_K27	-0.2865369	0.13030773	0.5108063
V151C	V151C	151	151	-0.17356785	-0.30616644	-0.2616449	-0.2444191	-0.1362066	-0.27203563	-0.2023951	-0.03892272	-0.15181856	-0.20106566	10	-0.19882426	0.07835974	0.30717018	Binding_K27	-0.11970433	0.04717734	0.18493518
V151D	V151D	151	151	-0.39720124	-0.305342	-0.096549235	-0.014040139	-0.013591991	-0.6939228	-0.22893807	-0.36536434	-0.36975256	-0.2974593	10	-0.27821618	0.20528989	0.8047364	Binding_K27	-0.1675031	0.123597026	0.48450035
V151E	V151E	151	151	-0.34780118	-0.07521867	0.29796714	0.44857982	-0.27991763	-0.26647544	-0.24137048	0.12831973	-0.22464909	-0.03568132	10	-0.05962471	0.27016658	1.059053	Binding_K27	-0.03589771	0.16265675	0.6376145
V151F	V151F	151	151	-0.18316327	-0.5078582	-0.2924647	0.2762403	0.44838893	0.29497352	0.46196234	0.6030616	0.5423734	0.465426	10	0.21089399	0.39221525	1.5374838	Binding_K27	0.12697104	0.2361375	0.925659
V151G	V151G	151	151	-0.22824576	-0.33255073	-0.22323936	-0.42803323	-0.29322663	-0.16317107	0.021311441	-0.21361695	-0.43153188	-0.363473	10	-0.2655777	0.13639997	0.5346879	Binding_K27	-0.15989397	0.0821211	0.3219147
V151H	V151H	151	151	0.14477235	0.23653965	-0.0784683	-0.47549745	-0.3309324	0.06504576	0.12870023	-0.066433705	-0.33788812	-0.35126165	10	-0.106542364	0.25120375	0.9847187	Binding_K27	-0.064145	0.15123998	0.5928607
V151I	V151I	151	151	-0.19885674	-0.23816307	-0.20256682	-0.26440707	-0.2901238	-0.19527134	-0.304214	-0.26050016	-0.4043227	-0.270493	10	-0.2628919	0.062752806	0.245991	Binding_K27	-0.15827695	0.037781015	0.14810158
V151K	V151K	151	151	0.035991896	0.14152764	0.038061213	-0.04802067	-0.14899734	-0.079903506	0.071887866	-0.4765644	-0.28583512	-0.42980966	10	-0.11816621	0.21415257	0.83947814	Binding_K27	-0.07114326	0.12893291	0.505417
V151L	V151L	151	151	-0.17951731	-0.46956635	-0.20207205	-0.15960917	-0.106134914	-0.31709057	-0.2220648	-0.3920101	-0.057908047	-0.23473728	10	-0.23407106	0.12666021	0.49650803	Binding_K27	-0.14092505	0.07625717	0.2989281
V151M	V151M	151	151	-0.3249894	-0.54832256	-0.3652504	0.1153302	-0.45692605	-0.23376212	-0.39006287	-0.031863846	-0.22703485	-0.388015	10	-0.28508967	0.1996982	0.78281695	Binding_K27	-0.17164136	0.12023049	0.47130352
V151N	V151N	151	151	-0.081830576	-0.089138836	-0.35869575	-0.17636193	-0.28695926	-0.03771037	0.03832764	-0.26052344	-0.21569149	0.098527566	10	-0.13700564	0.1475889	0.5785485	Binding_K27	-0.08248575	0.08885752	0.34832147
V151P	V151P	151	151	-0.7245237	-0.6216068	-0.3852083	-0.7167659	-0.47411576	-0.66715336	-0.7400188	-1.0046152	-0.70107126	-0.90440774	10	-0.6939486	0.18074961	0.7085385	Binding_K27	-0.41779938	0.108822286	0.42658338
V151Q	V151Q	151	151	-0.259077	-0.16830145	0.12370324	-0.10617663	-0.017828442	-0.029596636	-0.0162774	-0.5342723	-0.3064007	-0.18157165	10	-0.14957988	0.18620063	0.7299065	Binding_K27	-0.09005621	0.11210413	0.4394482
V151R	V151R	151	151	-0.43248203	-0.2608912	0.21815059	0.47970766	-0.03140849	-0.32010892	-0.12073306	-0.4794643	-0.57477975	-0.26233757	10	-0.1784347	0.3268598	1.2812904	Binding_K27	-0.107428566	0.19678953	0.771415
V151S	V151S	151	151	-0.86074215	-0.66477275	-0.57366955	-0.569008	-0.5576049	-0.73101044	-0.6045771	-0.62018204	-0.510349	-0.72748834	10	-0.6419404	0.10537009	0.41305077	Binding_K27	-0.38648728	0.06343922	0.24868175
V151T	V151T	151	151	-0.13882412	-0.16387294	-0.23565899	-0.33336592	-0.42164785	-0.2857386	-0.52977973	-0.1383151	-0.09358308	-0.16941217	10	-0.25101987	0.1411753	0.5534072	Binding_K27	-0.15112926	0.08499614	0.33318487
V151W	V151W	151	151	0.5637065	-0.8645873	-0.91964513	-0.6511306	-1.0051419	0.75406116	0.89455163	0.5905497	0.46762624	0.58652043	10	0.041651085	0.78938913	3.0944054	Binding_K27	0.025076494	0.47526038	1.8630207
V151Y	V151Y	151	151	-0.2548257	-0.36317334	-0.14027101	0.9636309	-0.23026848	-0.16146332	-0.4490829	-0.236575	-0.67713326	-0.41006655	10	-0.19592288	0.4377512	1.7159847	Binding_K27	-0.11795752	0.2635529	1.0331274
V159A	V159A	159	159	0.45335427	0.3950603	0.5079961	0.3970372	0.37027234	0.3861319	0.41606337	0.57296234	0.40834808	0.4628991	10	0.4370125	0.06335071	0.24833478	Binding_K27	0.26310816	0.03814099	0.14951268
V159C	V159C	159	159	-0.1271484	-0.07770278	-0.069359206	0.0589546	-0.13935368	0.046724927	-0.20207277	0.0051856837	-0.17677093	0.035733916	10	-0.064580865	0.09647783	0.3781931	Binding_K27	-0.03888162	0.058085535	0.2276953
V159D	V159D	159	159	1.6785107	1.3684987	1.8773592	1.8098493	1.6731957	2.132751	1.4272242	1.1031157	1.62858	1.9755665	10	1.667465	0.3060501	1.1997163	Binding_K27	1.0039155	0.18426082	0.72230244
V159E	V159E	159	159	0.5664208	0.87631744	0.96613914	0.7585953	0.39171252	1.0656817	0.9500799	0.96779674	0.88034916	0.8247579	10	0.82478505	0.20509924	0.80398905	Binding_K27	0.4965709	0.12348225	0.48405042
V159F	V159F	159	159	0.057807878	0.07237808	0.06487218	0.07961201	0.4042597	0.45468867	0.27806106	0.1786277	-0.39494574	0.1010293	10	0.12963907	0.23491049	0.92084914	Binding_K27	0.07805063	0.14143044	0.5544073
V159G	V159G	159	159	0.6283348	0.6542569	0.42467564	0.37162837	-0.053139105	0.17974351	0.38058543	0.14466932	0.3579677	0.5611743	10	0.36498967	0.22437629	0.8795551	Binding_K27	0.21974604	0.1350882	0.5295458
V159H	V159H	159	159	0.42545727	0.43824238	0.21311842	0.26102787	0.009475969	0.30916235	0.24048236	0.4124836	0.32595822	0.32665023	10	0.29620588	0.12729707	0.49900454	Binding_K27	0.178334	0.0766406	0.30043116
V159I	V159I	159	159	-0.8036898	-0.74399936	-0.6652676	-0.7655124	-0.6648174	-0.65886235	-0.5815119	-0.4841198	-0.7465611	-0.5238257	10	-0.66381675	0.106391616	0.41705513	Binding_K27	-0.39965817	0.06405424	0.25109264
V159K	V159K	159	159	1.2151651	1.1979262	0.88474387	0.6572039	0.9020827	0.57769686	0.6554124	0.8833145	0.79475844	0.7528725	10	0.85211766	0.21629506	0.84787667	Binding_K27	0.5130268	0.13022281	0.51047343
V159L	V159L	159	159	-0.28686705	-0.33953002	-0.22218822	-0.3399804	-0.19359586	-0.1755607	-0.18369728	-0.13281019	-0.18588513	-0.12102576	10	-0.21811406	0.078651726	0.30831477	Binding_K27	-0.13131796	0.047353134	0.18562429
V159M	V159M	159	159	0.09593474	-0.12574647	0.18192288	-0.12661743	0.1496272	0.008659231	0.054663766	0.07879026	0.07272797	-0.059037942	10	0.033092417	0.107303634	0.42063025	Binding_K27	0.019923653	0.06460333	0.25324506
V159N	V159N	159	159	0.9773343	1.1799407	1.5192429	0.85799384	0.66017884	1.2155594	1.2872254	1.7788095	1.5184114	1.5570747	10	1.255177	0.3498551	1.371432	Binding_K27	0.7556931	0.2106341	0.8256857
V159P	V159P	159	159	0.6364853	0.60335845	1.3467306	1.4482459	0.834545	1.0663674	0.700991	0.78938913	1.1414294	0.3179354	10	0.8885477	0.35545832	1.3933966	Binding_K27	0.5349599	0.21400759	0.83890975
V159Q	V159Q	159	159	0.16333668	0.4166808	0.31516013	0.14745975	0.4332282	0.32492578	-0.06224861	0.24740542	0.471529	0.5180347	10	0.29755118	0.17796764	0.69763315	Binding_K27	0.17914395	0.107147366	0.4200177
V159R	V159R	159	159	0.6977809	0.65533113	0.68723977	0.5566099	0.7924988	0.5247722	0.98129076	0.98354715	0.77547926	0.7158055	10	0.7370355	0.15410626	0.60409653	Binding_K27	0.4437403	0.092781365	0.36370295
V159S	V159S	159	159	0.2807057	0.54301697	0.28436926	0.3313371	0.4514474	0.67974854	0.6248225	0.66984016	0.2771909	0.6174437	10	0.4759922	0.170506	0.66838354	Binding_K27	0.28657633	0.10265501	0.40240765
V159T	V159T	159	159	0.45996514	0.37052825	0.3831666	0.25751513	0.29434133	0.27816316	0.18488213	0.4831138	0.2138751	0.35524356	10	0.3280794	0.09953291	0.39016902	Binding_K27	0.1975238	0.059924882	0.23490554
V159W	V159W	159	159	0.605688	0.7024358	0.8545198	0.796599	0.92872435	0.49393377	0.80140734	0.5470454	0.5457818	0.42140257	10	0.66975373	0.17088544	0.669871	Binding_K27	0.40323257	0.10288346	0.40330318
V159Y	V159Y	159	159	0.39306396	0.6842372	0.30975908	0.33231333	0.32603154	0.32330334	0.29419258	0.44186297	0.2641193	0.23169586	10	0.36005792	0.12853938	0.5038744	Binding_K27	0.21677682	0.07738855	0.3033631
V185A	V185A	185	185	0.007929563	-0.08542611	-0.22165613	-0.12218135	-0.38003027	-0.043382194	-0.18432297	0.015051013	0.025932435	-0.06300954	10	-0.10510956	0.1274054	0.4994292	Binding_K27	-0.06328236	0.07670582	0.30068684
V185C	V185C	185	185	0.081977986	-0.019411897	0.1879478	0.049835697	0.08025804	0.14545484	0.20918365	0.075376146	-0.05992563	0.117392875	10	0.08680896	0.08429923	0.33045298	Binding_K27	0.052264284	0.050753277	0.19895285
V185D	V185D	185	185	-1.1542089	-1.2103323	-0.40352738	-0.36381534	-0.2590633	-0.20772007	-0.5816237	-0.38607362	-0.62164444	-0.74817383	10	-0.5936183	0.35154864	1.3780707	Binding_K27	-0.3573944	0.21165372	0.8296826
V185E	V185E	185	185	-0.5164383	-0.49858838	-1.0038221	-0.52677214	-0.57104594	-0.26347205	-0.7445893	-0.9814217	-0.56402874	-0.6121281	10	-0.6282307	0.22599183	0.885888	Binding_K27	-0.3782332	0.13606086	0.5333586
V185F	V185F	185	185	0.095007926	0.28409195	0.3316607	-0.16305459	0.023213776	0.15273067	0.31698918	0.32843634	0.17128018	-0.084089056	10	0.14562671	0.17728662	0.6949636	Binding_K27	0.08767616	0.10673736	0.41841045
V185G	V185G	185	185	0.40694648	0.21927819	0.2330586	0.19272667	0.1972668	0.4462512	0.31607673	0.36932012	0.26503065	0.34356636	10	0.29895216	0.09071289	0.35559455	Binding_K27	0.17998743	0.05461469	0.21408959
V185H	V185H	185	185	-0.037917275	0.16382158	-0.13247019	-0.17189215	-0.114514016	0.29040214	-0.10934214	-0.2112343	-0.2742596	-0.3480404	10	-0.094544634	0.19332086	0.75781775	Binding_K27	-0.056921635	0.11639094	0.45625252
V185I	V185I	185	185	-0.17842047	-0.5251126	-0.38384798	-0.29944697	-0.19247817	-0.23993273	-0.40465254	-0.23717071	-0.2807321	-0.62165475	10	-0.3363449	0.14650759	0.57430977	Binding_K27	-0.20250013	0.0882065	0.3457695
V185K	V185K	185	185	0.9866377	0.5629183	0.5601218	0.5219603	0.16950136	0.8684574	0.7232484	0.7494902	0.802218	0.6214719	10	0.6566025	0.22676343	0.8889127	Binding_K27	0.39531475	0.1365254	0.5351796
V185L	V185L	185	185	-0.12874062	-0.17319764	-0.112811536	-0.12472495	-0.02185349	-0.20293258	-0.046521693	-0.0001504096	-0.021108177	-0.14433275	10	-0.09763738	0.07041522	0.27602768	Binding_K27	-0.058783654	0.042394258	0.1661855
V185M	V185M	185	185	0.12812893	0.3884329	0.4315714	0.10474279	0.23217432	0.22286041	0.2613287	0.38526776	-0.01837402	0.34008363	10	0.24762169	0.1443942	0.5660253	Binding_K27	0.14908335	0.08693411	0.34078172
V185N	V185N	185	185	-0.024460413	0.22782387	-0.05874648	0.19463913	-0.08752343	0.48849976	0.16449031	0.29047483	-0.22337453	0.14438108	10	0.11162041	0.2102151	0.8240432	Binding_K27	0.06720229	0.12656231	0.49612427
V185P	V185P	185	185	-0.628123	-0.94408053	-0.49190822	-0.17023088	-0.6367853	-0.3174056	-0.23131213	-0.5667264	-0.30616415	-0.9639557	10	-0.5256692	0.27836245	1.0911808	Binding_K27	-0.31648493	0.16759117	0.6569574
V185Q	V185Q	185	185	0.118185095	-0.0039586443	-0.10955683	-0.059437864	-0.44880208	0.0010018382	-0.3565223	-0.102524176	-0.1246588	0.08539786	10	-0.1000876	0.17988268	0.7051401	Binding_K27	-0.060258836	0.108300336	0.42453733
V185R	V185R	185	185	0.24141116	0.19014215	0.15707798	0.28053477	0.30120492	0.39775535	0.27588618	0.3124764	0.24170586	0.4372903	10	0.2835485	0.08572696	0.3360497	Binding_K27	0.17071348	0.051612858	0.20232241
V185S	V185S	185	185	-0.028350944	-0.086885996	-0.04695174	-0.013600959	0.12151063	0.23153913	-0.020407135	-0.10888686	-0.11100241	-0.112517186	10	-0.017555347	0.11219534	0.43980575	Binding_K27	-0.010569389	0.06754844	0.26478988
V185T	V185T	185	185	-0.006704299	-0.1556362	0.040703036	0.07759472	-0.03491897	-0.02544228	-0.17844488	-0.102534875	-0.23643114	-0.06005058	10	-0.06818655	0.09954317	0.39020923	Binding_K27	-0.04105246	0.05993106	0.23492976
V185W	V185W	185	185	-0.22294644	-0.23939854	-0.38629216	0.057285108	0.042692415	0.06450961	-0.2388106	-0.10364079	-0.1658731	-0.19523065	10	-0.1387705	0.15141274	0.5935379	Binding_K27	-0.08354831	0.0911597	0.35734603
V185Y	V185Y	185	185	0.17598158	0.27583236	0.12746897	-0.077436395	0.13628444	0.22499195	0.13035806	0.089877635	0.20984787	0.21894354	10	0.151215	0.09824935	0.38513747	Binding_K27	0.09104065	0.0591521	0.23187624
V28A	V28A	28	28	-0.06494762	-0.170109	-0.13015525	-0.12599377	-0.03969768	-0.10256216	-0.17115915	-0.05045094	-0.077823445	-0.18661766	10	-0.111951664	0.053183768	0.20848037	Binding_K27	-0.06740173	0.032019872	0.1255179
V28C	V28C	28	28	-0.045420498	-0.08162349	-0.087251216	0.1568052	-0.10980431	-0.045212224	-0.06841613	-0.055172175	0.018010642	-0.029267803	10	-0.034735203	0.075914845	0.2975862	Binding_K27	-0.02091271	0.045705367	0.17916504
V28D	V28D	28	28	1.2648368	1.1520815	1.140139	1.0896959	1.1008022	1.1332881	1.0493518	1.1659427	0.99653953	1.080081	10	1.1172758	0.07283136	0.28549895	Binding_K27	0.67266816	0.04384892	0.17188777
V28E	V28E	28	28	0.6135486	0.6321889	0.5720014	0.53993547	0.63125	0.6024689	0.63162297	0.5790193	0.54577446	0.65266013	10	0.600047	0.039083526	0.15320742	Binding_K27	0.36126488	0.023530666	0.092240214
V28F	V28F	28	28	-0.066385835	-0.02773391	-0.15661953	-0.16367845	-0.1742645	-0.035121083	0.013299534	-0.1738344	0.042298872	-0.114670254	10	-0.08567096	0.08167468	0.32016474	Binding_K27	-0.051579144	0.04917314	0.19275871
V28G	V28G	28	28	0.57584757	0.5250561	0.53657055	0.6382954	0.61500525	0.62333244	0.63293654	0.72115695	0.53841776	0.56484896	10	0.5971468	0.060708504	0.23797734	Binding_K27	0.3595188	0.03655022	0.14327687
V28H	V28H	28	28	-0.19314444	-0.1580265	-0.08107473	0.01648985	0.060487553	-0.13611372	-0.08734019	-0.15856631	-0.15276688	-0.17912593	10	-0.106918134	0.08510673	0.3336184	Binding_K27	-0.064371236	0.051239442	0.20085862
V28I	V28I	28	28	-0.056785107	-0.03116189	0.048757665	0.12717235	-0.08691685	-0.1538598	-0.1384868	-0.17958304	0.03092668	-0.16524482	10	-0.060518157	0.10383727	0.4070421	Binding_K27	-0.03643562	0.06251637	0.24506417
V28K	V28K	28	28	0.91003394	1.1502689	1.2212801	1.2716796	1.280579	0.93918276	0.92183435	0.915648	0.869647	0.8347122	10	1.0314866	0.17748104	0.6957257	Binding_K27	0.6210179	0.10685441	0.4188693
V28L	V28L	28	28	0.013262167	-0.01422459	-0.10803939	-0.10084581	-0.071910515	-0.11613801	-0.044360988	-0.017390072	0.02160023	0.052444115	10	-0.038560282	0.059158996	0.23190327	Binding_K27	-0.02321564	0.03561732	0.1396199
V28M	V28M	28	28	0.2885588	0.24722254	0.33305576	0.20518754	0.35560268	0.2676721	0.2593274	0.25757474	0.23466103	0.28905407	10	0.2737917	0.04485729	0.17584057	Binding_K27	0.1648393	0.027006824	0.10586675
V28N	V28N	28	28	0.6035733	0.5097094	0.68104005	0.63935876	0.5400129	0.3615097	0.5879644	0.5656304	0.52550304	0.51904714	10	0.55333495	0.08718487	0.3417647	Binding_K27	0.3331414	0.052490607	0.20576318
V28P	V28P	28	28	0.37180567	0.40350068	0.38920987	0.46379203	0.3904751	0.54100263	0.38659936	0.38568825	0.390238	0.4154621	10	0.4137774	0.051409155	0.20152389	Binding_K27	0.24911924	0.030951446	0.12132967
V28Q	V28Q	28	28	0.26377603	0.19864354	0.25020993	0.13361432	0.104847826	0.25557655	0.529356	0.32551134	0.31684187	0.26753816	10	0.26459154	0.11731307	0.45986724	Binding_K27	0.15930024	0.07062962	0.2768681
V28R	V28R	28	28	1.1558362	1.1557995	0.97636014	0.7768066	1.2023563	0.99829006	0.97467077	1.0357553	1.1236876	0.7665118	10	1.0166075	0.15233767	0.5971637	Binding_K27	0.6120597	0.091716565	0.35952893
V28S	V28S	28	28	0.4130091	0.5277642	0.50507045	0.45423648	0.48592776	0.46865267	0.46637797	0.43218353	0.476149	0.3744563	10	0.46038276	0.04472546	0.1753238	Binding_K27	0.2771785	0.026927453	0.10555562
V28T	V28T	28	28	0.33243233	0.14162612	0.22160068	0.32958522	0.2311083	0.23196623	0.15019378	0.3310287	0.21884213	0.26549518	10	0.24538784	0.06983119	0.27373827	Binding_K27	0.14773844	0.042042635	0.16480714
V28W	V28W	28	28	0.004029942	0.28790885	0.042510487	0.32036084	0.20075257	0.29919228	0.23774426	0.117407314	0.019586131	0.09403532	10	0.16235279	0.12161521	0.47673163	Binding_K27	0.097746275	0.07321977	0.2870215
V28Y	V28Y	28	28	-0.42547542	-0.27255166	-0.21872109	-0.31826797	-0.34321305	-0.34841138	-0.39813694	-0.32558292	-0.24614063	-0.28545162	10	-0.31819528	0.06475222	0.2538287	Binding_K27	-0.19157296	0.038984787	0.15282036
V43A	V43A	43	43	-0.05600443	0.0057441583	-0.10825986	-0.031165756	-0.06427322	-0.014049006	-0.112155706	0.03360309	-0.05833392	-0.01786218	10	-0.042275682	0.0468414	0.18361829	Binding_K27	-0.025452537	0.02820138	0.11054941
V43C	V43C	43	43	-0.14277886	-0.17546761	-0.059326608	-0.23373728	-0.43925947	-0.1313591	-0.22894254	-0.24347848	-0.052637313	-0.33158773	10	-0.2038575	0.11942934	0.46816304	Binding_K27	-0.12273464	0.07190374	0.28186268
V43D	V43D	43	43	0.09733241	-0.001701682	0.0429014	0.17314082	0.031184016	0.31335694	-0.00913574	0.05503778	0.31959626	0.063106425	10	0.10848186	0.12111218	0.47475976	Binding_K27	0.0653127	0.07291692	0.2858343
V43E	V43E	43	43	0.20659429	0.14256503	0.05951109	0.19647393	0.235926	0.14511576	0.19013464	0.027807109	0.13574533	0.116192564	10	0.14560656	0.06558151	0.2570795	Binding_K27	0.08766403	0.039484065	0.15477754
V43F	V43F	43	43	0.36578256	0.34559536	0.27055594	0.17802534	0.39119038	0.27171877	0.56475407	0.2771835	0.52019215	0.20035331	10	0.33853513	0.12712477	0.4983291	Binding_K27	0.20381878	0.076536864	0.3000245
V43G	V43G	43	43	-0.10426584	-0.14699385	-0.054248493	-0.017173627	-0.125772	-0.0640451	-0.18469581	-0.08045084	-0.16922194	-0.13890566	10	-0.108577326	0.054018673	0.2117532	Binding_K27	-0.06537017	0.032522533	0.12748833
V43H	V43H	43	43	0.09871045	0.010563751	0.23945937	-0.102614455	0.14829087	-0.025329467	0.20167874	0.23269191	0.053753626	0.14960095	10	0.100680575	0.11502733	0.45090714	Binding_K27	0.060615845	0.06925347	0.2714736
V43I	V43I	43	43	-0.13266574	-0.10893252	-0.3731445	-0.098237924	-0.4502385	-0.09740704	-0.028719641	-0.040025223	-0.073392935	-0.09305323	10	-0.14958175	0.14270489	0.5594032	Binding_K27	-0.09005733	0.08591705	0.33679482
V43K	V43K	43	43	0.02335958	0.2741581	0.25469786	0.42740735	0.16726488	0.19385529	0.22601551	0.03980404	0.2840208	-0.012677461	10	0.1877906	0.13729799	0.5382081	Binding_K27	0.11306139	0.08266176	0.32403412
V43L	V43L	43	43	-0.14914328	-0.047465846	-0.24394068	-0.068624824	-0.25773987	-0.2807606	-0.21593174	-0.11737859	-0.3532251	-0.03278556	10	-0.17669961	0.10953898	0.4293928	Binding_K27	-0.10638394	0.06594914	0.25852063
V43M	V43M	43	43	-0.10415762	-0.24258374	-0.21065518	-0.14764687	-0.014358902	-0.08146228	-0.113631845	0.06802388	-0.17952846	-0.03860437	10	-0.106460534	0.09465429	0.37104484	Binding_K27	-0.064095736	0.056987654	0.2233916
V43N	V43N	43	43	-0.018698003	0.04311121	0.10556682	0.11462328	-0.15796474	-0.10496207	-0.25841618	-0.12197286	0.048548944	0.08204839	10	-0.026811522	0.12737416	0.4993067	Binding_K27	-0.01614217	0.07668701	0.30061308
V43P	V43P	43	43	0.15425126	-0.046755735	0.3578689	0.14849623	0.26157543	0.37538257	0.14398094	0.30029616	0.32711786	0.13745321	10	0.2159667	0.1315828	0.5158046	Binding_K27	0.13002512	0.07922087	0.3105458
V43Q	V43Q	43	43	0.101788715	0.3745116	0.12396652	0.20239083	0.09900107	0.12942405	0.2648601	0.52752835	0.49109942	0.36119896	10	0.26757696	0.16248332	0.63693464	Binding_K27	0.16109765	0.097824864	0.3834735
V43R	V43R	43	43	-0.109981224	-0.2082184	-0.21869558	0.058611143	-0.13022652	-0.029052353	0.16336295	0.1773847	0.05039303	0.043662064	10	-0.02027602	0.14259665	0.55897886	Binding_K27	-0.0122074	0.08585188	0.33653936
V43S	V43S	43	43	-0.021713762	0.24611694	-0.02854934	0.11549415	0.1262288	0.17909509	0.20046404	0.03309808	0.24024342	0.22565086	10	0.13161282	0.10535913	0.4130078	Binding_K27	0.079238944	0.06343262	0.24865587
V43T	V43T	43	43	-0.28191957	-0.05480589	-0.10086108	-0.36923718	-0.25601554	-0.34512	-0.24002855	-0.21838522	-0.33762988	-0.48349392	10	-0.26874965	0.12668656	0.49661133	Binding_K27	-0.16180368	0.07627303	0.29899028
V43W	V43W	43	43	-0.1684684	-0.11210428	0.22260906	0.051116027	-0.06888829	-0.05282869	-0.2286838	0.11147888	-0.01573608	0.11496945	10	-0.014653613	0.1401171	0.549259	Binding_K27	-0.008822368	0.084359035	0.33068743
V43Y	V43Y	43	43	-0.30522037	-0.14403631	-0.035559706	-0.12265132	0.028396422	0.017436644	0.32473314	0.0011778848	0.072791755	0.044430975	10	-0.011850083	0.16419692	0.64365196	Binding_K27	-0.0071344725	0.09885656	0.38751772
V44A	V44A	44	44	-0.38784164	-0.208356	-0.13119593	-0.311759	-0.2680436	-0.29099166	-0.38777506	-0.28005648	-0.19808549	-0.3081631	10	-0.2772268	0.081116825	0.31797796	Binding_K27	-0.16690744	0.048837274	0.19144212
V44C	V44C	44	44	-0.18117227	-0.16659619	-0.27958474	-0.14504252	-0.10317618	-0.11684677	-0.30456343	-0.24673755	-0.22819616	-0.33413905	10	-0.21060547	0.08020468	0.31440234	Binding_K27	-0.12679733	0.048288107	0.18928938
V44D	V44D	44	44	-0.40531936	-0.1967962	-0.30846617	-0.10457095	-0.31858197	-0.33438966	-0.17605235	-0.14970739	-0.13773295	-0.39132404	10	-0.25229412	0.11125464	0.4361182	Binding_K27	-0.15189645	0.066982076	0.26256976
V44E	V44E	44	44	-0.3808087	-0.07861682	-0.15791978	-0.17135821	-0.1316392	-0.2797755	-0.48323694	-0.36683092	-0.2893339	-0.107887305	10	-0.24474072	0.13562931	0.53166693	Binding_K27	-0.14734884	0.08165711	0.3200959
V44F	V44F	44	44	0.33309174	0.580912	0.4303899	0.3129329	0.45888722	0.44387	0.19865625	0.51753986	0.318447	0.32908434	10	0.39238113	0.11380136	0.44610134	Binding_K27	0.23623736	0.06851536	0.26858023
V44G	V44G	44	44	-0.13809001	-0.2534914	-0.22769445	-0.30737886	-0.2527127	-0.33045042	-0.15990241	-0.21446697	-0.16845782	-0.3094122	10	-0.23620573	0.06705041	0.26283762	Binding_K27	-0.14221025	0.040368438	0.15824428
V44H	V44H	44	44	-0.115942284	0.015647436	0.098122835	0.1254238	-0.108066395	-0.0070101833	-0.24775037	-0.0020510901	0.22725858	-0.16363014	10	-0.01779978	0.14430353	0.56566983	Binding_K27	-0.010716553	0.08687952	0.34056774
V44I	V44I	44	44	0.30512053	0.19897696	0.19969888	0.33600694	0.21605481	0.302206	0.27618155	0.32373884	0.3104913	0.16678865	10	0.26352644	0.061755188	0.24208035	Binding_K27	0.15865898	0.03718039	0.14574713
V44K	V44K	44	44	-0.3680745	-0.54643357	-0.53088295	-0.2680653	-0.34996268	-0.17527339	-0.32534063	-0.23330666	-0.18808083	-0.30513915	10	-0.32905596	0.12777731	0.50088704	Binding_K27	-0.19811176	0.07692973	0.30156457
V44L	V44L	44	44	-0.12163756	-0.06775614	-0.06973019	-0.2178216	-0.08429513	-0.09303338	-0.03504745	0.14753006	0.09500347	-0.019865502	10	-0.04666534	0.10439946	0.40924588	Binding_K27	-0.028095381	0.06285484	0.24639098
V44M	V44M	44	44	-0.25766736	-0.45671543	-0.25121474	-0.27331412	-0.1949288	-0.3743938	-0.059991825	-0.04547152	-0.12627389	-0.08028109	10	-0.21202524	0.13722187	0.53790975	Binding_K27	-0.12765212	0.082615934	0.32385448
V44N	V44N	44	44	0.017076246	-0.21309382	-0.41984335	-0.24531376	-0.13854529	-0.19597869	-0.26104033	-0.5236624	-0.35285258	-0.1694928	10	-0.25027466	0.15237865	0.5973243	Binding_K27	-0.1506806	0.091741234	0.35962564
V44P	V44P	44	44	-0.2569255	-0.038016703	-0.0666518	-0.21164617	-0.4463426	-0.2885266	-0.061714932	-0.10391174	-0.1421731	-0.19109008	10	-0.18069991	0.12647891	0.49579734	Binding_K27	-0.108792365	0.07614802	0.29850024
V44Q	V44Q	44	44	-0.3694998	-0.43136322	-0.21418937	-0.34795892	-0.66951036	-0.03931179	-0.5962266	-0.52312726	-0.68055856	-0.8242817	10	-0.46960276	0.23707181	0.9293215	Binding_K27	-0.2827295	0.14273168	0.5595082
V44R	V44R	44	44	-0.3032621	-0.2294312	-0.39269254	-0.21028885	-0.22501487	-0.17187296	-0.28987515	-0.30526033	-0.15306827	-0.33212355	10	-0.26128897	0.075597994	0.29634413	Binding_K27	-0.15731189	0.045514602	0.17841725
V44S	V44S	44	44	-0.4027743	-0.25084049	-0.148331	-0.27733147	-0.1922553	-0.22993205	-0.27620625	-0.26988778	-0.2689978	-0.11206217	10	-0.24286187	0.08036167	0.31501776	Binding_K27	-0.14621766	0.048382625	0.1896599
V44T	V44T	44	44	-0.37934583	-0.2682137	-0.37082154	-0.22752018	-0.11696547	-0.23224637	-0.31473488	-0.28224182	-0.25269097	-0.1656336	10	-0.26104146	0.08253927	0.32355395	Binding_K27	-0.15716287	0.04969367	0.19479918
V44W	V44W	44	44	0.022201259	-0.4002996	0.19039007	0.15331787	0.1627085	0.3722506	0.068416655	-0.14410208	0.11521313	0.28349665	10	0.0823593	0.22030084	0.86357933	Binding_K27	0.04958532	0.13263454	0.5199274
V44Y	V44Y	44	44	0.47263527	0.46854863	0.4566749	0.463472	0.38754827	0.3862749	0.40692505	0.52959657	0.45683232	0.65163916	10	0.46801472	0.07795609	0.30558786	Binding_K27	0.2817734	0.046934318	0.18398254
V6A	V6A	6	6	0.13663918	0.24990426	0.25635672	0.29913324	0.38220215	0.2306802	0.22803617	0.31006798	0.18906349	0.23162994	10	0.25137132	0.06772355	0.26547632	Binding_K27	0.15134086	0.040773705	0.15983292
V6C	V6C	6	6	0.28169218	0.14922816	0.08787924	0.32827902	0.07064566	0.3965077	0.41553828	0.3665748	-0.10373249	0.27767497	10	0.22702876	0.16957824	0.6647467	Binding_K27	0.13668515	0.10209644	0.40021804
V6D	V6D	6	6	1.6179993	0.99797004	1.2658389	1.3737506	0.31786153	1.4072902	0.79118	1.0400587	1.1531996	1.8061321	10	1.1771281	0.42534578	1.6673555	Binding_K27	0.70870286	0.25608408	1.0038496
V6E	V6E	6	6	0.83609766	0.50060177	0.84237075	0.86192256	0.6144177	0.8186048	0.633934	0.3668238	0.6505111	0.994148	10	0.71194327	0.191218	0.7495746	Binding_K27	0.42863324	0.115124896	0.4512896
V6F	V6F	6	6	1.3510022	1.919374	1.2546184	1.2914133	1.3060857	1.4662818	1.3681332	1.3866051	1.4050244	0.9391097	10	1.3687648	0.24087198	0.94421816	Binding_K27	0.8240799	0.14501962	0.5684769
V6G	V6G	6	6	0.79577905	0.86478555	0.7577671	0.7101302	0.5157237	0.66085345	0.56657094	0.6863849	0.6784172	0.7368411	10	0.69732535	0.10273915	0.40273747	Binding_K27	0.41983238	0.06185523	0.24247251
V6H	V6H	6	6	0.013023371	-0.15942578	-0.3798633	0.15011567	-0.16300778	0.1354892	0.33262348	0.12638171	0.53450334	0.17105511	10	0.0760895	0.2626815	1.0297116	Binding_K27	0.04581052	0.15815029	0.6199491
V6I	V6I	6	6	-0.12551895	-0.27687877	-0.27337417	-0.15610954	0.29449803	-0.4083348	0.2568403	-0.39626154	-0.059997573	-0.38655573	10	-0.15316927	0.2552545	1.0005977	Binding_K27	-0.092217244	0.15367877	0.6024208
V6K	V6K	6	6	0.95348793	1.438128	0.93353456	1.3139257	0.44730923	0.667435	0.9210615	0.5441862	0.5769534	0.77157736	10	0.85675985	0.32542598	1.2756699	Binding_K27	0.5158217	0.19592628	0.768031
V6L	V6L	6	6	-0.51335865	-0.3744328	-0.4652585	-0.4155081	-0.37025407	-0.35669595	-0.4207465	-0.28807452	-0.4234073	-0.4128828	10	-0.40406188	0.06170693	0.24189118	Binding_K27	-0.24326989	0.037151333	0.14563322
V6M	V6M	6	6	0.04388431	-0.10334141	-0.055169336	-0.11874659	-0.18456446	-0.23833275	-0.08502742	-0.0151423775	0.12872557	-0.012902094	10	-0.06406166	0.10737937	0.42092714	Binding_K27	-0.038569022	0.064648926	0.2534238
V6N	V6N	6	6	0.62324274	0.39723065	0.4584006	0.6547696	0.57367647	0.86787486	0.66110283	0.27131802	0.35159263	0.6285058	10	0.54877144	0.17801252	0.6978091	Binding_K27	0.33039388	0.10717439	0.4201236
V6P	V6P	6	6	1.3124179	0.8447615	0.9862913	1.7070804	1.103539	1.2519481	-0.18844819	1.1316952	1.2044814	1.3393394	10	1.0693105	0.4983004	1.9533377	Binding_K27	0.6437901	0.30000722	1.1760284
V6Q	V6Q	6	6	0.4151256	0.44078055	0.4566518	0.5004258	0.7158612	0.2536126	0.15906821	0.34452516	0.1674617	0.6114546	10	0.4064967	0.18131459	0.7107532	Binding_K27	0.2447358	0.109162435	0.42791677
V6R	V6R	6	6	1.6861749	2.0186675	1.8204379	1.7992498	1.5642234	2.1064882	1.8270323	2.1897495	1.8011765	1.9771283	10	1.8790329	0.1921414	0.7531943	Binding_K27	1.1312923	0.115680836	0.4534689
V6S	V6S	6	6	0.02047712	-0.03444116	0.259807	0.25150463	0.12698892	-0.08394206	0.26739836	0.058950644	0.41846186	-0.018124118	10	0.12670812	0.16512574	0.6472929	Binding_K27	0.07628601	0.099415764	0.3897098
V6T	V6T	6	6	0.72478783	0.62804794	0.6591268	0.51623416	0.58364534	0.65074575	0.70668125	0.58444846	0.616965	0.7448915	10	0.6415574	0.0709835	0.2782553	Binding_K27	0.38625666	0.042736396	0.16752668
V6W	V6W	6	6	0.28988045	0.35879332	0.4043883	0.38119513	0.24341893	0.32660443	0.39225355	0.2709273	-0.016877353	0.353952	10	0.3004536	0.123663425	0.48476064	Binding_K27	0.1808914	0.07445292	0.29185545
V6Y	V6Y	6	6	0.5538476	0.38570958	0.3869261	0.5278174	0.9316471	0.43888518	0.8190236	0.7427369	0.5938526	0.53416973	10	0.59146154	0.18457054	0.7235165	Binding_K27	0.3560959	0.11112272	0.4356011
V7A	V7A	7	7	0.76121515	0.30886135	0.7139788	0.51688385	0.36068004	0.65345657	0.1739091	0.5818747	0.6789677	0.57989866	10	0.53297263	0.19275154	0.7555861	Binding_K27	0.32088202	0.11604818	0.45490888
V7C	V7C	7	7	0.3093076	0.10278391	-0.017485894	0.3205751	0.3526341	0.003975062	0.5527745	0.15674606	0.49457377	0.30479008	10	0.25806743	0.19302207	0.7566465	Binding_K27	0.15537232	0.11621106	0.45554736
V7D	V7D	7	7	0.26019666	0.9783981	0.76218975	1.3275607	0.5376394	0.12259257	0.43119827	1.203701	0.86142796	-0.16884963	10	0.63160545	0.48172635	1.8883673	Binding_K27	0.380265	0.29002863	1.1369122
V7E	V7E	7	7	0.22798799	0.81294036	0.2526623	1.2951732	1.7435796	1.0617465	1.296596	-0.14512838	0.8103086	1.1765814	10	0.8532448	0.58541906	2.2948427	Binding_K27	0.5137054	0.35245797	1.3816353
V7F	V7F	7	7	0.8672959	0.6155938	0.54561955	0.624253	0.5947879	0.7477747	0.68623006	0.69589674	0.7517786	0.6085804	10	0.6737811	0.095688134	0.37509748	Binding_K27	0.4056573	0.05761009	0.22583155
V7G	V7G	7	7	0.99517286	0.87410706	1.4738045	1.7327179	1.2913684	0.78335315	0.94769037	1.9206166	1.3909929	0.67592525	10	1.208575	0.41928592	1.6436008	Binding_K27	0.72763586	0.25243568	0.9895479
V7H	V7H	7	7	0.294309	0.84723026	1.0622615	0.39080915	1.2546902	1.0350643	0.8812598	1.6403347	1.0185814	1.0965728	10	0.95211124	0.390625	1.53125	Binding_K27	0.573229	0.23518007	0.9219059
V7I	V7I	7	7	-0.34065944	-0.11449821	-0.1697478	-0.114087336	-0.12112675	-0.061019406	-0.07264623	-0.09783104	-0.1639777	-0.014756004	10	-0.12703499	0.08816645	0.3456125	Binding_K27	-0.07648281	0.05308158	0.2080798
V7K	V7K	7	7	1.0647827	0.37965885	0.99830496	1.10791	0.13384767	1.3747734	1.4132967	0.7519075	1.1348673	0.6890773	10	0.9048427	0.4147314	1.6257472	Binding_K27	0.5447705	0.2496936	0.9787989
V7L	V7L	7	7	0.7248892	0.62020606	0.5193954	0.4609872	0.393838	0.46356866	0.569711	0.59238297	0.5384234	0.7409599	10	0.5624362	0.11228433	0.44015458	Binding_K27	0.3386209	0.067602016	0.2649999
V7M	V7M	7	7	0.23740578	0.1733953	-0.15529093	-0.084189735	0.25025943	0.23162994	0.042540602	0.015845783	-0.08183192	0.1322957	10	0.07620599	0.14985129	0.58741707	Binding_K27	0.045880653	0.09021962	0.3536609
V7N	V7N	7	7	2.1071417	0.54300064	0.977514	1.1887455	0.20134994	0.9827077	1.2733464	1.3457901	1.647482	1.7800443	10	1.2047123	0.5688002	2.229697	Binding_K27	0.72531027	0.3424524	1.3424134
V7P	V7P	7	7	0.94847554	0.7155067	0.862601	1.2781746	0.45784253	1.1621372	1.5323919	1.3481457	0.30462694	0.84225684	10	0.9452158	0.39202243	1.5367279	Binding_K27	0.56907755	0.2360214	0.9252039
V7Q	V7Q	7	7	1.1253961	0.9004511	0.24689728	1.7291585	-0.1043894	0.7534876	0.5012944	0.09138535	0.6959675	0.5809434	10	0.6520592	0.5308922	2.0810974	Binding_K27	0.3925794	0.31962946	1.2529476
V7R	V7R	7	7	1.0432978	0.72847104	2.021125	1.5726649	1.7351288	1.2518916	0.47705284	1.4449795	1.4204518	-0.28717056	10	1.1407893	0.6796208	2.6641135	Binding_K27	0.6868247	0.40917316	1.6039588
V7S	V7S	7	7	1.63708	1.139668	1.0882976	1.2014838	0.96863073	0.9861999	0.7576044	0.93367106	1.0722479	0.8706169	10	1.06555	0.23969692	0.939612	Binding_K27	0.64152604	0.14431216	0.5657037
V7T	V7T	7	7	1.0373112	1.1429385	1.8272655	0.8626574	1.3187366	1.1090144	0.977987	1.9392343	-0.014297347	0.39926198	10	1.060011	0.5845083	2.2912726	Binding_K27	0.6381913	0.35190964	1.3794858
V7W	V7W	7	7	0.5327998	0.46509752	0.57930756	0.41425186	0.41500443	0.2860416	0.14649977	1.2326344	0.59793603	1.3674525	10	0.6037026	0.3923119	1.5378627	Binding_K27	0.3634658	0.23619568	0.9258871
V7Y	V7Y	7	7	0.7559703	0.45238963	0.4369492	1.5692687	1.4307606	0.01716054	0.38108793	0.74770516	1.2323501	1.3243129	10	0.8347956	0.52546215	2.0598116	Binding_K27	0.50259787	0.31636027	1.2401322
V80A	V80A	80	80	-0.04091066	-0.17760552	-0.0082389945	0.13527638	0.047507845	-0.12174282	0.043019403	-0.07876516	-0.09198969	-0.1153116	10	-0.040876083	0.095317155	0.37364325	Binding_K27	-0.024609894	0.05738674	0.22495604
V80C	V80C	80	80	0.19048685	0.12129027	0.24197194	0.38177088	0.2486066	0.20451865	0.09635724	0.25164288	0.1442661	0.05012824	10	0.19310395	0.0954359	0.37410873	Binding_K27	0.11626036	0.057458233	0.22523628
V80D	V80D	80	80	0.5633611	0.38029823	0.638052	0.3663758	1.4094617	0.7093588	1.4765376	0.1402772	0.43848804	0.6698205	10	0.6792031	0.43725407	1.714036	Binding_K27	0.4089217	0.2632536	1.0319542
V80E	V80E	80	80	0.32757238	0.3232169	0.58850694	0.7630377	0.2965685	-0.12137111	-0.18254958	0.20026644	0.062343888	0.5082151	10	0.27658072	0.30067608	1.1786503	Binding_K27	0.16651846	0.18102533	0.7096193
V80F	V80F	80	80	0.6372496	0.7183014	0.6407939	0.57134646	0.5293789	0.58185154	0.6743736	0.7009382	0.65605855	0.70882046	10	0.6419112	0.06352909	0.24903403	Binding_K27	0.3864697	0.038248386	0.14993368
V80G	V80G	80	80	0.40655398	0.5536239	0.5252552	0.5172739	0.23787111	0.28016466	0.10206962	0.41173828	0.39402136	0.23130183	10	0.36598736	0.14890642	0.5837132	Binding_K27	0.2203467	0.08965075	0.35143095
V80H	V80H	80	80	0.68501896	0.6833437	0.34862146	0.43054727	0.54710555	1.0304886	1.2872493	0.7773907	0.7588721	0.48126855	10	0.70299065	0.28504267	1.1173673	Binding_K27	0.42324322	0.17161307	0.67272323
V80I	V80I	80	80	0.0949037	0.07766436	0.04165293	-0.12051663	-0.058136363	0.10923969	-0.042192485	0.05078968	0.043491624	-0.2048157	10	-0.0007919207	0.10263493	0.40232894	Binding_K27	-0.00047678454	0.061792485	0.24222654
V80K	V80K	80	80	1.6451181	1.3202828	1.0713359	1.6840471	2.3146799	1.1862369	1.3338134	1.2486111	1.0119939	1.052795	10	1.3868916	0.39918742	1.5648147	Binding_K27	0.8349933	0.24033517	0.9421139
V80L	V80L	80	80	-0.33358398	-0.48685697	-0.5404254	-0.6203477	-0.5297618	-0.49778786	-0.43996927	-0.39555484	-0.39691898	-0.38137734	10	-0.4622584	0.08809131	0.34531793	Binding_K27	-0.27830774	0.053036336	0.20790245
V80M	V80M	80	80	0.28164354	0.0156160975	0.15801507	-0.22739291	-0.12460548	-0.14863761	0.24175441	-0.25720847	-0.31628692	-0.011810059	10	-0.038891234	0.21174301	0.83003265	Binding_K27	-0.023414893	0.1274822	0.49973026
V80N	V80N	80	80	1.2207533	1.0349691	1.3350518	1.2055365	0.9049997	0.562757	1.2577288	0.89587724	1.0431463	1.0713575	10	1.0532176	0.22621627	0.8867678	Binding_K27	0.6341013	0.13619599	0.5338883
V80P	V80P	80	80	0.22832343	0.121545956	0.48222026	0.5812962	0.54455	0.22195812	0.1818431	-0.03709908	0.04462268	0.16130438	10	0.2530565	0.21219079	0.83178794	Binding_K27	0.15235545	0.1277518	0.5007871
V80Q	V80Q	80	80	0.4608794	-0.003682454	0.07265499	-0.06210598	0.4811472	-0.007996123	0.0120478375	0.3638952	-0.10885304	0.14504229	10	0.13530293	0.2199768	0.86230904	Binding_K27	0.08146062	0.13243945	0.51916265
V80R	V80R	80	80	0.79281986	1.1411518	0.9606889	1.3972642	1.3192046	1.0052375	1.697032	1.6461847	1.5183582	1.2129549	10	1.2690896	0.30138412	1.1814258	Binding_K27	0.7640693	0.18145162	0.71129036
V80S	V80S	80	80	0.25034806	0.3382384	0.13154958	0.116645895	0.33441857	0.28853583	0.3785093	0.4711329	0.29683307	0.4880599	10	0.30942717	0.12345753	0.48395354	Binding_K27	0.18629402	0.07432896	0.29136953
V80T	V80T	80	80	0.2988182	0.17188674	0.14834201	-0.009572548	0.0923871	0.11438356	0.10000648	0.5040175	0.35638183	0.2292143	10	0.20058651	0.15047552	0.589864	Binding_K27	0.12076531	0.09059544	0.35513413
V80W	V80W	80	80	1.2263776	0.8490548	1.9639554	1.0477865	1.5454696	1.2445296	1.8763132	1.4478256	1.4708931	1.3271947	10	1.3999399	0.34328574	1.3456801	Binding_K27	0.8428492	0.20667894	0.81018144
V80Y	V80Y	80	80	1.6557058	1.5058953	1.7462132	1.2872752	1.5574682	1.5301747	1.3874812	1.2837912	1.6538043	1.874228	10	1.5482037	0.19271109	0.7554275	Binding_K27	0.93211305	0.11602382	0.4548134
V8A	V8A	8	8	0.25089875	0.21390556	0.113030694	0.3890999	0.24624737	0.21923123	0.32634157	0.105194636	0.102333605	0.23634352	10	0.22026269	0.09446881	0.37031773	Binding_K27	0.13261157	0.056875985	0.22295387
V8C	V8C	8	8	0.52065736	0.32766125	0.4743686	0.6783689	0.3111607	0.65958315	0.6564645	0.43981943	0.6223485	0.73550135	10	0.54259336	0.15059799	0.59034413	Binding_K27	0.32667428	0.09066917	0.35542315
V8D	V8D	8	8	0.7829008	0.31751737	0.5015414	0.3788188	0.37022558	0.45269257	0.25955382	0.53951406	0.2908484	0.42483395	10	0.4318447	0.1525407	0.5979596	Binding_K27	0.25999686	0.0918388	0.3600081
V8E	V8E	8	8	-0.5336923	-0.34355262	0.073344834	0.10002848	0.15814283	-0.5819256	-0.93020916	-0.35044074	-0.074187025	-0.34707248	10	-0.28295636	0.34885612	1.367516	Binding_K27	-0.17035699	0.21003266	0.823328
V8F	V8F	8	8	-0.65185684	-0.34505427	-0.51652646	-0.47399113	-0.49481365	-0.7054396	-0.5010124	-0.6635952	-0.700335	-0.6270821	10	-0.56797063	0.11883643	0.46583882	Binding_K27	-0.34195295	0.07154678	0.28046337
V8G	V8G	8	8	0.6807192	0.28885493	0.46753818	0.48693255	0.7130994	0.62368715	0.580227	0.6728984	0.6841705	0.82958597	10	0.6027714	0.15363468	0.60224795	Binding_K27	0.36290514	0.092497446	0.36259
V8H	V8H	8	8	0.14282879	0.33985847	0.22635543	0.14268894	0.34826538	-0.2600564	0.39651266	-0.18623422	-0.11959724	-0.19473118	10	0.08358907	0.25181052	0.98709726	Binding_K27	0.050325718	0.1516053	0.59429276
V8I	V8I	8	8	-0.5237275	-0.21063812	-0.38109002	-0.038981006	-0.25463676	-0.32669094	-0.330425	-0.2570679	-0.501373	-0.18991001	10	-0.301454	0.14565365	0.5709623	Binding_K27	-0.1814937	0.08769238	0.34375414
V8K	V8K	8	8	-0.068157166	0.36598358	0.71655494	0.37892598	0.6372296	0.81321716	0.6461121	0.94609153	0.96173084	0.8791272	10	0.6276816	0.32206076	1.2624782	Binding_K27	0.3779026	0.19390021	0.76008886
V8L	V8L	8	8	-0.8215754	-0.93243366	-1.0390667	-1.0059007	-1.0458436	-1.0219877	-0.9467201	-0.974732	-0.9902657	-0.891566	10	-0.9670092	0.07070488	0.27716312	Binding_K27	-0.5821985	0.042568646	0.1668691
V8M	V8M	8	8	-0.6085876	-0.55023515	-0.8325423	-0.78738415	-0.811733	-0.52945817	-0.45766285	-0.63932645	-0.42665115	-0.46814024	10	-0.6111721	0.15258555	0.59813535	Binding_K27	-0.36796287	0.09186581	0.36011398
V8N	V8N	8	8	0.23836635	0.20154758	-0.27250776	-0.17821337	-0.047369737	0.37694916	0.059883017	-0.2217525	0.08596172	0.24002682	10	0.048289128	0.22167018	0.86894715	Binding_K27	0.029073	0.13345897	0.5231592
V8P	V8P	8	8	0.52116156	0.75885516	1.3618529	0.7473879	0.38311976	0.6557524	0.8106506	0.061563198	0.06833581	1.0744995	10	0.6443179	0.40909147	1.6036386	Binding_K27	0.38791868	0.24629802	0.96548826
V8Q	V8Q	8	8	-0.45820746	0.13403255	0.28425482	-0.17170784	-0.25581732	-0.07044393	-0.09693495	0.37845173	0.15434235	0.100409396	10	-0.00016206429	0.25714967	1.0080267	Binding_K27	-9.7572585e-05	0.15481977	0.60689354
V8R	V8R	8	8	-0.14269964	0.21043997	-0.2953503	-0.05715017	0.0033146208	-0.18351501	-0.07709339	0.02857106	-0.1424735	-0.25846958	10	-0.0914426	0.1487288	0.58301693	Binding_K27	-0.05505402	0.089543805	0.35101172
V8S	V8S	8	8	0.23999381	0.32514527	0.3096309	0.13870065	0.046301838	0.20199913	0.0063402927	0.36308578	0.2879136	0.2365448	10	0.2155656	0.11898039	0.46640316	Binding_K27	0.12978365	0.07163345	0.28080314
V8T	V8T	8	8	-0.31437472	-0.57396656	-0.5144768	0.056052938	-0.63982886	-0.16767667	-0.1710758	-0.2904278	-0.38733363	-0.31998748	10	-0.33230954	0.2095848	0.8215724	Binding_K27	-0.2000706	0.12618282	0.49463668
V8W	V8W	8	8	-0.37992227	-0.73405206	-0.86261594	-0.43443674	-0.6781746	-0.62244105	-0.44637173	-0.70661145	-0.092796706	-0.49449915	10	-0.5451922	0.2217886	0.86941135	Binding_K27	-0.32823893	0.13353026	0.52343863
V8Y	V8Y	8	8	-0.2844117	0.021429963	-0.35947177	-0.1676267	-0.16694228	-0.058703195	0.18562548	-0.1932647	-0.021000504	0.09396843	10	-0.095039696	0.17020819	0.6672161	Binding_K27	-0.05721969	0.1024757	0.40170476
WT	WT			-1.2092413	-1.2774906	-1.3106625	-1.1838045	-1.213559	-1.2314035	-1.2023122	-1.1704135	-1.2156254	-1.271272	10	-1.2285784	0.044479683	0.17436036	Binding_K27	-0.73967916	0.026779482	0.10497557
Y136A	Y136A	136	136	-0.004274132	-0.12467115	-0.004095481	0.014589759	-0.048034873	-0.25044727	-0.038985934	-0.2674634	-0.1383576	-0.24730827	10	-0.110904835	0.111147515	0.43569827	Binding_K27	-0.06677147	0.06691758	0.26231694
Y136C	Y136C	136	136	-0.24001855	-0.09064409	-0.26872966	-0.22771716	-0.33420008	-0.35449383	-0.21218641	-0.35466436	-0.19142051	-0.18109547	10	-0.24551699	0.0847957	0.33239913	Binding_K27	-0.1478162	0.05105218	0.20012455
Y136D	Y136D	136	136	0.23125081	0.2694195	0.29509467	0.6842099	0.52435774	0.7331888	0.45781532	0.5954724	0.7262271	0.5449745	10	0.5062011	0.18856025	0.7391562	Binding_K27	0.3047639	0.113524765	0.4450171
Y136E	Y136E	136	136	-0.0060969573	-0.03150582	0.08879406	0.032254897	0.30525973	-0.18380836	0.13951999	0.039764144	0.023657488	0.12571861	10	0.053355776	0.12730847	0.49904922	Binding_K27	0.03212343	0.07664746	0.30045804
Y136F	Y136F	136	136	-0.46258837	-0.3288692	-0.33356836	-0.3074415	-0.33049506	-0.34113318	-0.3226306	-0.3213157	-0.3596059	-0.3742431	10	-0.3481891	0.044574555	0.17473225	Binding_K27	-0.20963106	0.0268366	0.10519947
Y136G	Y136G	136	136	0.50281453	0.08775538	0.010213138	-0.030969601	-0.0757908	-0.100900814	-0.3876799	-0.06558608	0.17817365	0.50788045	10	0.062590994	0.27540302	1.0795798	Binding_K27	0.037683595	0.16580941	0.6499729
Y136H	Y136H	136	136	-0.05599512	-0.24966466	-0.14257322	-0.06743173	0.06590611	0.12556034	-0.011265834	-0.28643206	-0.061834928	-0.120954745	10	-0.08046858	0.1275073	0.49982864	Binding_K27	-0.04844699	0.07676717	0.3009273
Y136I	Y136I	136	136	-0.29725555	-0.57755375	-0.42889968	-0.5335636	-0.5078671	-0.35820928	-0.28158796	-0.45341626	-0.502875	-0.5380078	10	-0.44792357	0.104176864	0.40837333	Binding_K27	-0.2696773	0.06272083	0.24586564
Y136K	Y136K	136	136	0.114931285	0.09899004	0.10418626	0.09140952	0.09289838	0.10979814	0.1261358	0.1465231	0.042168334	0.08447469	10	0.10115155	0.027651554	0.108394094	Binding_K27	0.0608994	0.016647922	0.06525985
Y136L	Y136L	136	136	-0.6978746	-0.7587648	-0.884233	-0.7358317	-0.7093265	-0.62296855	-0.79643494	-0.8558895	-0.84425133	-0.9425918	10	-0.7848166	0.09776737	0.3832481	Binding_K27	-0.47250745	0.058861915	0.23073871
Y136M	Y136M	136	136	-0.6195433	-0.46755633	-0.6948824	-0.5422126	-0.54297787	-0.44712377	-0.552862	-0.65680385	-0.6597396	-0.45792833	10	-0.56416297	0.0902139	0.3536385	Binding_K27	-0.3396605	0.05431427	0.21291195
Y136N	Y136N	136	136	0.19701578	0.20848067	-0.017133908	-0.26736444	-0.14165446	0.04148359	0.12244521	0.1287699	-0.11219837	-0.10923971	10	0.0050604222	0.16044515	0.628945	Binding_K27	0.0030466828	0.09659777	0.37866327
Y136P	Y136P	136	136	1.008259	0.26244685	0.3927401	0.49482355	0.14496057	0.48885503	0.94063455	1.2254944	2.0940282	0.67353594	10	0.7725778	0.5774486	2.2635987	Binding_K27	0.46513894	0.34765926	1.3628243
Y136Q	Y136Q	136	136	0.20898242	0.33844364	0.5283857	0.40248057	0.38146478	0.2012612	0.5771136	0.25148678	0.24888745	0.2326679	10	0.3371174	0.13388422	0.52482617	Binding_K27	0.20296523	0.08060647	0.31597736
Y136R	Y136R	136	136	-0.19146653	0.07013699	0.033008993	0.04025987	-0.1620043	-0.14103198	0.35969523	-0.10964148	-0.052334603	-0.24804308	10	-0.040142085	0.17637612	0.6913944	Binding_K27	-0.024167983	0.10618918	0.41626158
Y136S	Y136S	136	136	-0.0009830268	0.03750981	0.13955936	0.12135368	0.14953917	0.06586462	-0.012503127	0.084317416	0.021998473	0.038449198	10	0.06451056	0.05766137	0.22603257	Binding_K27	0.03883929	0.03471566	0.13608539
Y136T	Y136T	136	136	-0.20015642	-0.19736509	-0.050692722	-0.33396617	-0.02160318	-0.14690733	-0.06671303	0.002089772	-0.13796985	-0.14478466	10	-0.12980686	0.10062153	0.3944364	Binding_K27	-0.07815164	0.060580295	0.23747475
Y136V	Y136V	136	136	-0.36779234	-0.3331103	-0.5387948	-0.434498	-0.31455553	-0.3597042	-0.44812196	-0.14461032	-0.37747118	-0.29615718	10	-0.3614816	0.10481942	0.41089213	Binding_K27	-0.21763396	0.06310768	0.2473821
Y136W	Y136W	136	136	-0.13705905	-0.13075298	-0.20157172	-0.14519356	-0.2215865	-0.20109592	-0.31733066	-0.20301722	-0.08568514	-0.12045503	10	-0.17637478	0.06651606	0.26074293	Binding_K27	-0.10618837	0.04004672	0.15698315
Y156A	Y156A	156	156	-0.62869257	-0.711982	-0.6073578	-0.6540606	-0.8190324	-0.59729236	-0.47698316	-0.58692664	-0.778725	-0.66440755	10	-0.65254605	0.09894253	0.38785473	Binding_K27	-0.3928725	0.059569437	0.2335122
Y156C	Y156C	156	156	-0.542135	-0.4192744	-0.42227167	-0.40295315	-0.42812046	-0.23374031	-0.3748873	-0.4342348	-0.5291865	-0.34293726	10	-0.41297406	0.087924436	0.3446638	Binding_K27	-0.24863556	0.052935872	0.20750862
Y156D	Y156D	156	156	-0.57368016	-0.3530377	-0.69775766	-0.39731076	-0.7534585	-0.06300376	-0.508599	-0.3069432	-0.38891593	-0.40437236	10	-0.44470787	0.20003994	0.78415656	Binding_K27	-0.26774126	0.120436236	0.47211006
Y156E	Y156E	156	156	-0.59239465	-0.66040564	-0.65432984	-0.9329811	-0.83895826	-0.61724085	-0.67255265	-0.70837224	-0.69206864	-0.7931648	10	-0.7162469	0.10676947	0.41853634	Binding_K27	-0.43122432	0.06428173	0.2519844
Y156F	Y156F	156	156	-0.3329699	-0.4143297	-0.3965582	-0.3559822	-0.4424348	-0.24841955	-0.4611221	-0.30022264	-0.3292328	-0.3404946	10	-0.36217666	0.066130675	0.25923225	Binding_K27	-0.21805243	0.0398147	0.15607363
Y156G	Y156G	156	156	-0.6376624	-0.76587206	-0.84544563	-0.60692036	-0.7239895	-0.73612666	-0.6941924	-0.8032748	-0.78384364	-0.846143	10	-0.744347	0.081202306	0.31831303	Binding_K27	-0.44814226	0.04888874	0.19164386
Y156H	Y156H	156	156	-0.3985043	-0.648717	-0.35874215	-0.48291802	-0.37935266	-0.33984807	-0.26851058	-0.022042593	-0.26832446	-0.4354222	10	-0.3602382	0.16241544	0.63666856	Binding_K27	-0.21688536	0.097784	0.38331327
Y156I	Y156I	156	156	-0.11739597	-0.31581122	-0.408938	-0.37767676	-0.26854694	-0.30891502	-0.30686367	-0.41824362	-0.2686665	-0.38589326	10	-0.3176951	0.08933153	0.3501796	Binding_K27	-0.19127183	0.05378303	0.21082948
Y156K	Y156K	156	156	-0.9649773	-1.0067008	-0.22507116	-0.66227454	-0.32026106	-0.4440834	-0.30706713	-0.5656962	-0.8655422	-1.1451896	10	-0.6506863	0.32908413	1.2900099	Binding_K27	-0.39175284	0.19812872	0.77666456
Y156L	Y156L	156	156	-0.2590619	-0.3000425	-0.6118959	-0.3718779	-0.30525926	-0.28195342	-0.3901922	-0.39425325	-0.32060644	-0.3581622	10	-0.3593305	0.10005524	0.39221656	Binding_K27	-0.21633887	0.060239356	0.23613828
Y156M	Y156M	156	156	-0.7721932	-0.2706266	-0.4479729	-0.23747101	-0.5382692	-0.22516024	-0.51932555	-0.5196166	-0.37301835	-0.36843726	10	-0.42720905	0.16883168	0.6618202	Binding_K27	-0.2572059	0.10164696	0.3984561
Y156N	Y156N	156	156	-0.26065645	-0.18705921	-0.24131288	-0.3853417	-0.48115948	-0.44347602	-0.3243021	-0.17407763	-0.14174126	-0.36479965	10	-0.30039266	0.1174381	0.46035737	Binding_K27	-0.1808547	0.0707049	0.2771632
Y156P	Y156P	156	156	-0.6183722	-0.028674543	0.5932056	-0.2147772	-0.62518936	-0.3263316	-0.10758129	-0.2631286	-0.40775093	-0.5655563	10	-0.25641567	0.36332077	1.4242175	Binding_K27	-0.15437786	0.21874125	0.85746574
Y156Q	Y156Q	156	156	-0.45748785	-0.49371505	-0.61197954	-0.3643001	-0.7412115	-0.74276423	-0.69957155	-0.565022	-0.609765	-0.4621905	10	-0.5748007	0.12974384	0.5085959	Binding_K27	-0.34606507	0.078113705	0.30620572
Y156R	Y156R	156	156	-0.44428122	-0.5377227	-0.49413657	-0.59889627	-0.6903797	-0.57505995	-0.45037735	-0.48282573	-0.4631642	-0.56349546	10	-0.53003395	0.07841939	0.307404	Binding_K27	-0.31911275	0.047213253	0.18507595
Y156S	Y156S	156	156	-0.67609936	-0.54284996	-0.5595882	-0.4672106	-0.49677107	-0.5771323	-0.5846722	-0.49902818	-0.29426202	-0.4124123	10	-0.5110026	0.10508847	0.41194683	Binding_K27	-0.3076547	0.06326967	0.2480171
Y156T	Y156T	156	156	-0.5488734	-0.8839657	-0.51313704	-0.55352426	-0.50072294	-0.37686723	-0.44976977	-0.1360221	-0.8131192	-0.5682943	10	-0.53442967	0.2091981	0.82005656	Binding_K27	-0.32175925	0.12595001	0.49372405
Y156V	Y156V	156	156	-0.95290387	-0.77313757	-0.6202849	-0.72452545	-0.670502	-0.61742806	-0.8183148	-0.45601302	-0.6818781	-0.72970605	10	-0.7044694	0.13270387	0.5201992	Binding_K27	-0.4241335	0.079895824	0.31319162
Y156W	Y156W	156	156	-0.64352286	-0.6593295	-0.52751654	-0.50069636	-0.42063934	-0.52786785	-0.4125031	-0.65042096	-0.6798359	-0.49062023	10	-0.5512952	0.10012001	0.39247045	Binding_K27	-0.33191335	0.06027835	0.23629113
Y31A	Y31A	31	31	0.10042589	0.08577434	0.22645445	0.06616306	-0.0036019473	0.08919433	-0.02393154	0.08681648	0.098852664	-0.006065637	10	0.07200821	0.072370194	0.28369117	Binding_K27	0.04335333	0.04357127	0.17079939
Y31C	Y31C	31	31	0.10355667	0.18709424	0.094046146	0.024800602	0.06524987	-0.01059978	0.10349385	-0.036414605	0.070062496	0.08899662	10	0.069028616	0.0639223	0.25057542	Binding_K27	0.041559435	0.03848512	0.15086168
Y31D	Y31D	31	31	1.560935	1.5401841	1.3503867	1.4211476	1.6053103	1.6752193	1.857818	1.6153555	1.5234692	1.5078938	10	1.5657718	0.13921045	0.54570496	Binding_K27	0.94269013	0.083813176	0.32854766
Y31E	Y31E	31	31	1.6043032	1.6873488	1.6228882	1.7719826	1.692077	1.8472215	1.7183847	1.7712926	1.9890696	2.0357294	10	1.77403	0.14494236	0.56817406	Binding_K27	1.0680742	0.087264135	0.3420754
Y31F	Y31F	31	31	-0.5222235	-0.6001389	-0.5273794	-0.39368793	-0.33607844	-0.38243935	-0.589807	-0.51094675	-0.4744291	-0.5112239	10	-0.48483545	0.0881474	0.3455378	Binding_K27	-0.2919005	0.05307011	0.20803483
Y31G	Y31G	31	31	0.60921913	0.53152156	0.4866832	0.41955552	0.5396149	0.49211594	0.48086774	0.45635653	0.49383837	0.49691087	10	0.5006684	0.05111688	0.20037818	Binding_K27	0.3014329	0.030775478	0.120639876
Y31H	Y31H	31	31	0.41407633	0.26617652	0.32022145	0.30527776	0.383969	0.5968866	0.38048345	0.3008178	0.27181515	0.22387922	10	0.3463603	0.10612406	0.41600633	Binding_K27	0.20853002	0.063893154	0.25046116
Y31I	Y31I	31	31	0.19088769	0.12937254	-0.09233758	0.2009936	-0.012947771	0.021919524	0.1467659	-0.058679905	0.059098177	0.030272713	10	0.061534487	0.10234788	0.4012037	Binding_K27	0.037047513	0.061619665	0.24154909
Y31K	Y31K	31	31	1.4189402	1.2794211	1.566875	1.363751	1.2254192	1.364165	1.5166129	1.3816322	1.3109003	1.2229387	10	1.3650656	0.11394108	0.44664904	Binding_K27	0.8218527	0.06859948	0.26890996
Y31L	Y31L	31	31	0.18065065	0.3155338	0.051034603	0.3201448	0.21699862	0.1581428	0.24185638	0.15608473	0.22976738	0.062117428	10	0.19323312	0.091596454	0.3590581	Binding_K27	0.11633812	0.05514665	0.21617487
Y31M	Y31M	31	31	0.005034041	-0.059381876	-0.34996423	-0.058208443	-0.11018271	-0.22496687	0.0035713178	-0.1024376	0.009948793	-0.33690393	10	-0.12234914	0.13604793	0.5333079	Binding_K27	-0.07366165	0.08190915	0.32108387
Y31N	Y31N	31	31	0.5981513	0.47391936	0.33407786	0.46961474	0.543988	0.6323585	1.2270173	0.5980816	0.67561966	0.47580615	10	0.60286343	0.24083509	0.94407356	Binding_K27	0.36296055	0.1449974	0.56838983
Y31P	Y31P	31	31	-0.033821337	-0.03887286	-0.055455964	-0.17907356	-0.10482159	0.032650635	0.0005635186	0.06496668	-0.22908825	-0.21702592	10	-0.075997874	0.103224255	0.4046391	Binding_K27	-0.045755353	0.062147297	0.24361742
Y31Q	Y31Q	31	31	0.7688398	0.7732842	0.9106897	1.0797693	0.97126675	0.8990797	0.5833133	0.9285116	0.94913924	0.72436416	10	0.8588257	0.14460051	0.56683403	Binding_K27	0.5170654	0.08705832	0.34126863
Y31R	Y31R	31	31	1.849763	1.8625376	1.7592388	1.6644812	1.6898633	1.8608736	1.8598531	1.7431017	1.5831306	1.5261383	10	1.7398983	0.12246535	0.48006418	Binding_K27	1.0475249	0.07373161	0.2890279
Y31S	Y31S	31	31	0.32713705	0.19668067	0.35148805	0.21065345	0.15803263	0.13125782	0.20432737	0.1654795	0.071352884	0.078556724	10	0.1894966	0.09257396	0.36288995	Binding_K27	0.11408851	0.05573517	0.21848187
Y31T	Y31T	31	31	-0.79060113	-0.6999267	-0.7591701	-0.6399081	-0.5573206	-0.5743235	-0.5538355	-0.70124865	-0.66620725	-0.63315135	10	-0.6575693	0.08195213	0.32125238	Binding_K27	-0.3958968	0.04934018	0.19341351
Y31V	Y31V	31	31	0.52758414	0.4331893	0.43309566	0.30209383	0.41230178	0.37628296	0.2831358	0.52243483	0.44876263	0.40154257	10	0.41404232	0.08015945	0.31422505	Binding_K27	0.24927872	0.048260875	0.18918264
Y31W	Y31W	31	31	1.1013986	1.3597981	1.3139658	1.2136959	1.3470514	1.2183003	1.18258	1.232709	1.2978451	1.3384155	10	1.2605759	0.084198065	0.33005643	Binding_K27	0.75894356	0.05069237	0.19871409
Y39A	Y39A	39	39	1.3108178	1.3181018	1.3758893	1.399006	1.3657701	1.3497082	1.3873707	1.3383789	1.3227972	1.3696666	10	1.3537506	0.030534277	0.11969437	Binding_K27	0.8150404	0.018383496	0.072063304
Y39C	Y39C	39	39	0.80779105	0.82928526	0.51895684	0.9561296	0.86393106	0.8754025	0.7170077	0.7353193	0.69923955	0.7296356	10	0.7732699	0.12160175	0.47667888	Binding_K27	0.46555564	0.07321167	0.28698975
Y39D	Y39D	39	39	3.1499941	3.4261727	3.63165	3.073779	2.6980968	3.4200137	3.1036098	3.677574	2.8455884	3.2059464	10	3.2232425	0.31864813	1.2491007	Binding_K27	1.9405885	0.1918456	0.7520347
Y39E	Y39E	39	39	3.5341392	2.6597903	3.370687	2.4070456	3.1624048	2.8735359	3.2743187	2.9729676	2.6388898	2.9318588	10	2.9825637	0.35596576	1.3953859	Binding_K27	1.7956852	0.21431309	0.8401073
Y39F	Y39F	39	39	-0.16288243	-0.18128625	-0.2325843	-0.19348085	-0.21415174	-0.29208463	-0.08333927	-0.16647936	-0.14785877	-0.28920713	10	-0.19633546	0.06393373	0.25062022	Binding_K27	-0.11820592	0.038492005	0.15088867
Y39G	Y39G	39	39	1.9484872	2.1291082	2.0638516	1.9801378	1.8612453	2.2190123	1.8594877	2.0440085	2.046066	2.154055	10	2.0305457	0.11982313	0.46970668	Binding_K27	1.2225124	0.07214083	0.28279206
Y39H	Y39H	39	39	0.3431729	0.51778954	0.46997154	0.6715015	0.43402988	0.36043915	0.4937401	0.4956453	0.33936712	0.40419585	10	0.4529853	0.10109987	0.3963115	Binding_K27	0.27272478	0.060868286	0.23860368
Y39I	Y39I	39	39	0.83403623	0.90605056	0.76418936	0.6797138	0.57297945	0.68754035	0.8008366	0.8320249	0.6390916	-0.0074735843	10	0.6708989	0.25918728	1.0160142	Binding_K27	0.40392205	0.15604654	0.61170244
Y39K	Y39K	39	39	1.1056813	1.061113	1.0532895	0.9945177	1.1315228	1.1768925	1.1569437	1.1994904	1.1774864	1.2854267	10	1.1342365	0.08404089	0.3294403	Binding_K27	0.6828795	0.05059774	0.19834314
Y39L	Y39L	39	39	0.09834452	-0.028445747	0.16551137	0.13989645	-0.11245559	-0.19294207	0.047013804	0.109961584	0.13858697	0.19554687	10	0.056101818	0.12805875	0.5019903	Binding_K27	0.033776715	0.077099174	0.30222878
Y39M	Y39M	39	39	-0.51810014	-0.6641876	-0.70875096	-0.6741432	-0.62645346	-0.6734043	-0.6802803	-0.64041287	-0.6094947	-0.39809084	10	-0.61933184	0.093949154	0.36828068	Binding_K27	-0.37287554	0.05656312	0.22172743
Y39N	Y39N	39	39	1.27032	1.6545705	1.7535698	1.8864834	2.0166135	1.7169971	1.8299254	1.8356314	1.6698422	1.8504065	10	1.748436	0.20005976	0.7842343	Binding_K27	1.0526651	0.12044817	0.47215685
Y39P	Y39P	39	39	2.2669144	2.05641	1.9032178	2.3056376	0.7250542	0.8867821	2.3793242	2.1458845	1.9849513	1.9449689	10	1.8599145	0.5787085	2.2685375	Binding_K27	1.119782	0.34841782	1.3657979
Y39Q	Y39Q	39	39	1.2935492	1.5747954	1.500779	1.3071096	1.5129228	1.1587766	1.1229044	1.5406058	1.3914279	1.4125534	10	1.3815424	0.1581092	0.6197881	Binding_K27	0.8317728	0.09519138	0.37315023
Y39R	Y39R	39	39	1.6220415	1.7684509	1.822148	1.7309898	1.7923062	1.7577456	1.8024435	1.9155782	1.8305995	1.7649415	10	1.7807245	0.07570148	0.29674983	Binding_K27	1.0721047	0.045576908	0.17866148
Y39S	Y39S	39	39	0.85050315	0.9023554	0.24891043	0.25200972	0.25731352	0.8170197	0.78154594	0.7932823	0.82715964	0.94561756	10	0.6675717	0.29035875	1.1382064	Binding_K27	0.4019189	0.17481367	0.6852696
Y39T	Y39T	39	39	0.9907282	0.81901723	1.115938	1.2544582	0.97855455	1.6557087	1.861534	1.7104259	1.0240743	1.3737733	10	1.2784213	0.35800266	1.4033705	Binding_K27	0.76968753	0.21553943	0.84491456
Y39V	Y39V	39	39	0.2911847	0.2875012	0.17146628	0.3437896	0.13801897	0.020304266	0.3096056	0.36868683	0.27917302	0.29889855	10	0.25086287	0.107621	0.4218743	Binding_K27	0.15103474	0.06479441	0.25399408
Y39W	Y39W	39	39	-0.10155399	-0.13737136	-0.1889809	-0.23585291	-0.18984134	-0.117966674	-0.24659085	-0.15315714	-0.17811751	-0.18544184	10	-0.17348745	0.046998903	0.1842357	Binding_K27	-0.104450025	0.028296206	0.11092113
Y3A	Y3A	3	3	-0.6680208	-0.34148303	-0.20515111	-0.30380487	-0.6941409	-0.33975354	-0.2353646	-0.55091274	-1.1786239	-0.9177213	10	-0.5434977	0.32160735	1.2607008	Binding_K27	-0.32721874	0.19362724	0.7590188
Y3C	Y3C	3	3	-0.28307563	-0.29573348	-0.47184375	-0.51120734	-0.45952561	-0.3893717	-0.64588183	-0.36665922	-0.45667234	-0.36513186	10	-0.4245103	0.108380586	0.4248519	Binding_K27	-0.25558108	0.06525172	0.25578675
Y3D	Y3D	3	3	0.5385641	0.8177591	0.6451094	0.7652772	0.40123814	0.5412093	0.711481	0.8250128	0.85294944	0.604705	10	0.6703306	0.14948352	0.5859754	Binding_K27	0.4035799	0.08999819	0.35279292
Y3E	Y3E	3	3	0.5784071	0.654197	0.46963078	0.34477833	0.5503823	0.21844481	0.58889633	0.33697432	0.5770341	0.3741328	10	0.46928778	0.14281942	0.5598521	Binding_K27	0.28253987	0.085985996	0.3370651
Y3F	Y3F	3	3	0.017950518	-0.06361085	-0.091845095	0.1477873	-0.17674741	0.014354854	-0.15083297	0.0077023036	0.11413088	0.024714623	10	-0.015639585	0.10545746	0.41339326	Binding_K27	-0.009415983	0.06349182	0.24888794
Y3G	Y3G	3	3	-0.075257175	-0.32057467	-0.5237334	-0.053526748	-0.11522023	-0.24533638	-0.40374467	-0.12765126	-0.16450784	0.07515952	10	-0.19543926	0.17922996	0.70258147	Binding_K27	-0.117666356	0.10790736	0.42299688
Y3H	Y3H	3	3	-0.010118631	-0.29316035	-0.28183985	-0.17231779	-0.3432487	-0.47419444	-0.944201	-0.61393434	-0.3526739	-0.5483293	10	-0.40340185	0.2590575	1.0155054	Binding_K27	-0.2428725	0.15596841	0.6113962
Y3I	Y3I	3	3	-0.54625356	-0.7954729	-0.80774903	-0.6848215	-0.6805368	-0.43224218	-0.53554434	-0.555119	-0.39645848	-0.7404376	10	-0.6174636	0.14543135	0.57009095	Binding_K27	-0.37175074	0.087558545	0.3432295
Y3K	Y3K	3	3	-0.7042096	-0.45409516	-0.60403347	-1.0362965	-0.7543939	-0.41644704	-0.94993204	-0.6802083	-0.777666	-0.86851543	10	-0.72457975	0.19927602	0.781162	Binding_K27	-0.43624118	0.11997631	0.47030714
Y3L	Y3L	3	3	-0.7755165	-0.7339886	-0.96349084	-0.8500026	-0.69763786	-0.4748797	-0.69398373	-1.1704122	-0.8694161	-0.8840963	10	-0.8113424	0.18541743	0.7268363	Binding_K27	-0.48847762	0.1116326	0.4375998
Y3M	Y3M	3	3	-1.0691662	-0.7294577	-0.88382775	-1.1829823	-0.7998455	-1.1170427	-0.8513054	-0.86759865	-1.3057411	-0.5749653	10	-0.9381933	0.22466964	0.880705	Binding_K27	-0.56484956	0.13526481	0.5302381
Y3N	Y3N	3	3	-0.0342099	-0.056293253	-0.2602777	-0.30890048	-0.32415718	-0.20992067	-0.4413723	-0.20851174	0.11893751	0.35250697	10	-0.13721988	0.23688929	0.92860603	Binding_K27	-0.082614735	0.1426218	0.55907744
Y3P	Y3P	3	3	0.08830078	0.21158078	0.067323774	0.07889801	0.079876326	0.05774032	0.22440517	0.48243415	-0.35024357	0.5492272	10	0.1489543	0.24912795	0.9765816	Binding_K27	0.08967957	0.14999022	0.5879617
Y3Q	Y3Q	3	3	0.46014753	0.2996026	0.5941141	0.17555092	0.43283683	0.1324707	-0.033682093	0.27537632	0.18852152	0.1209093	10	0.26458475	0.18775232	0.7359891	Binding_K27	0.15929615	0.113038346	0.44311032
Y3R	Y3R	3	3	-0.81674784	-0.98591536	-1.0631492	-0.98984975	-0.7691006	-0.7170883	-0.767675	-0.90140605	-0.65818447	-0.88098365	10	-0.85501003	0.13153017	0.51559824	Binding_K27	-0.5147682	0.07918918	0.3104216
Y3S	Y3S	3	3	-0.028219575	-0.2074935	-0.4654975	-0.4033738	-0.25611353	-0.019613463	-0.28027827	-0.35528332	-0.14647985	-0.2447285	10	-0.24070814	0.14755547	0.5784175	Binding_K27	-0.14492097	0.08883739	0.34824258
Y3T	Y3T	3	3	-0.8299041	-0.9186539	-0.9483099	-0.92389834	-0.61376494	-0.81879675	-0.66529685	-1.1565688	-0.6496707	-0.84964985	10	-0.83745134	0.16454671	0.6450231	Binding_K27	-0.50419676	0.09906715	0.38834324
Y3V	Y3V	3	3	-0.6031873	-0.67715776	-0.6807984	-0.56591916	-0.59817827	-0.5112008	-0.49828994	-0.5846379	-0.426997	-0.5904356	10	-0.5736803	0.078327745	0.30704477	Binding_K27	-0.3453905	0.047158077	0.18485966
Y3W	Y3W	3	3	0.19286929	0.2269673	0.121924646	0.12060676	-0.061932888	-0.19439155	0.1814228	0.036656875	-0.16407068	-0.06123868	10	0.039881386	0.15230457	0.5970339	Binding_K27	0.024011025	0.09169664	0.35945085
Y63A	Y63A	63	63	-0.18615545	-0.13440073	-0.15615274	-0.10692616	-0.09212901	-0.099747896	-0.1500964	-0.17610449	-0.12773108	-0.1135646	10	-0.13430086	0.032246202	0.12640512	Binding_K27	-0.08085731	0.019414179	0.07610358
Y63C	Y63C	63	63	-0.111342065	-0.07853152	0.003931278	0.03108753	-0.03030894	-0.1037779	-0.045949806	-0.062336612	-0.15282305	-0.086638324	10	-0.063668944	0.05533294	0.21690513	Binding_K27	-0.038332585	0.033313803	0.13059011
Y63D	Y63D	63	63	0.064322345	0.08631475	0.073953785	0.03081528	0.08101893	0.072681576	0.12818606	0.059020508	0.079368696	0.061573338	10	0.07372553	0.024730192	0.09694236	Binding_K27	0.044387262	0.014889084	0.05836521
Y63E	Y63E	63	63	-0.19464196	-0.16284336	-0.12645115	-0.20591252	-0.18000449	-0.16843747	-0.24531537	-0.25261876	-0.15499161	-0.13314578	10	-0.18243626	0.042794514	0.1677545	Binding_K27	-0.10983775	0.025764907	0.10099844
Y63F	Y63F	63	63	0.03340708	-0.020995032	0.013714158	0.03475903	0.053353332	-0.033070758	0.0008473292	0.1131438	0.06866769	-0.05509107	10	0.020873558	0.050650004	0.19854802	Binding_K27	0.012567154	0.03049439	0.11953801
Y63G	Y63G	63	63	-0.20087646	-0.1339444	-0.15666378	-0.18335612	-0.214523	-0.17988624	-0.1402286	-0.14309856	-0.11740628	-0.14771989	10	-0.16177033	0.0314199	0.12316601	Binding_K27	-0.0973956	0.018916694	0.074153446
Y63H	Y63H	63	63	-0.1368599	-0.112823874	-0.22406082	-0.17737578	-0.15051624	-0.20489043	-0.27302718	-0.2809835	-0.20368439	-0.08461871	10	-0.18488409	0.06504912	0.25499254	Binding_K27	-0.111311495	0.039163537	0.15352108
Y63I	Y63I	63	63	0.36909315	0.18420586	0.28343084	0.22858113	0.25739986	0.26365244	0.2576327	0.33688113	0.32421952	0.25976482	10	0.27648616	0.054288227	0.21280986	Binding_K27	0.16646153	0.03268482	0.1281245
Y63K	Y63K	63	63	-0.0058541982	-0.100618824	-0.0638804	-0.02978482	-0.073355466	-0.07883591	-0.15794548	-0.0052040885	-0.11450951	-0.10918507	10	-0.073917374	0.04954489	0.19421597	Binding_K27	-0.044502765	0.029829044	0.11692985
Y63L	Y63L	63	63	0.26669526	0.34043083	0.34445807	0.29982507	0.25005144	0.2981349	0.3016481	0.29807618	0.36800128	0.27099675	10	0.3038318	0.037332885	0.14634492	Binding_K27	0.18292525	0.022476673	0.08810856
Y63M	Y63M	63	63	-0.10266105	-0.0031314138	-0.018237451	-0.029612243	-0.10432981	-0.033711705	-0.046792705	-0.047234792	-0.00044027096	-0.011991981	10	-0.03981434	0.03725683	0.14604677	Binding_K27	-0.023970662	0.022430884	0.08792906
Y63N	Y63N	63	63	0.06702784	0.11743907	0.04493714	0.23639628	0.18487081	0.018842272	0.124671794	0.15491027	0.16692303	0.12583151	10	0.124185	0.0664475	0.2604742	Binding_K27	0.07476694	0.040005445	0.15682136
Y63P	Y63P	63	63	-0.11265172	-0.10285274	-0.105404675	-0.09841442	-0.14910729	-0.21468104	-0.14523035	-0.2431844	-0.1453854	-0.19346645	10	-0.15103784	0.05061614	0.19841528	Binding_K27	-0.09093399	0.030474003	0.119458094
Y63Q	Y63Q	63	63	-0.2790304	-0.25807413	-0.38477737	-0.16749461	-0.100112274	-0.19466075	-0.16181305	-0.15014891	-0.21684207	-0.14898255	10	-0.20619361	0.08250923	0.32343617	Binding_K27	-0.12414113	0.049675584	0.19472829
Y63R	Y63R	63	63	-0.00065191096	0.024116794	0.071320996	0.011790846	0.009155275	0.0016034712	-0.01438907	0.011755883	-0.014364841	-0.021819223	10	0.007851821	0.026468651	0.10375711	Binding_K27	0.004727275	0.015935741	0.062468108
Y63S	Y63S	63	63	-0.04779948	-0.08081265	-0.12552567	-0.0782312	-0.11705174	-0.19337186	-0.19533022	-0.15978082	-0.13831674	-0.03568463	10	-0.117190495	0.056311294	0.22074027	Binding_K27	-0.07055582	0.03390283	0.1328991
Y63T	Y63T	63	63	-0.27727473	-0.18667944	-0.19305345	-0.115159266	-0.21601605	-0.12913696	-0.116029054	-0.124297835	-0.1439816	-0.29009038	10	-0.17917188	0.065295294	0.25595754	Binding_K27	-0.1078724	0.039311748	0.15410206
Y63V	Y63V	63	63	0.13358018	0.09880741	0.13270757	0.14859973	0.11336128	0.16939047	0.1089332	0.15446512	0.105395615	0.13636942	10	0.130161	0.023227308	0.09105105	Binding_K27	0.07836486	0.0139842555	0.054818284
Y63W	Y63W	63	63	-0.02267286	0.08518889	0.06277877	-0.009899194	-0.021939442	-0.024033515	-0.0036812427	0.034229305	-0.028813576	-0.038630757	10	0.0032526378	0.042519644	0.16667701	Binding_K27	0.0019582864	0.025599418	0.100349724
Y70A	Y70A	70	70	0.21403094	0.08490381	0.32999378	0.3428195	0.32230544	0.12436216	0.29842117	0.22300078	0.3795955	0.20777072	10	0.25272042	0.09784103	0.38353685	Binding_K27	0.1521531	0.05890627	0.23091258
Y70C	Y70C	70	70	0.3586863	0.26636294	0.35618323	0.25717202	0.19213432	0.32521513	0.35937855	0.2996068	0.35074222	0.29328066	10	0.3058762	0.055415325	0.21722808	Binding_K27	0.18415612	0.033363406	0.13078456
Y70D	Y70D	70	70	0.0071177296	0.1420179	0.124102324	0.27821094	0.23584962	0.16872282	0.12572232	0.20305702	0.19323851	0.19473152	10	0.16727707	0.0742357	0.29100394	Binding_K27	0.100710995	0.044694416	0.17520212
Y70E	Y70E	70	70	0.36992297	0.3596365	0.25767073	0.17181906	0.31151897	0.337534	0.3629594	0.37482426	0.21156459	0.34544736	10	0.3102898	0.07195631	0.28206873	Binding_K27	0.18681338	0.043322083	0.16982257
Y70F	Y70F	70	70	0.27883005	0.25404844	0.24138409	0.21587533	0.2065951	0.21902257	0.21704526	0.27628896	0.20546365	0.26425424	10	0.23788078	0.028722644	0.112592764	Binding_K27	0.14321874	0.017292783	0.06778771
Y70G	Y70G	70	70	0.21162555	0.20597239	0.28848708	0.24533817	0.25697598	0.27173316	0.3447762	0.35014108	0.2842304	0.2749517	10	0.2734232	0.048020408	0.18824	Binding_K27	0.16461743	0.028911212	0.11333196
Y70H	Y70H	70	70	0.4480451	0.44350025	0.20705125	0.3186599	0.294449	0.2259151	0.4264663	0.39091966	0.51043665	0.36908534	10	0.36345285	0.100039184	0.39215362	Binding_K27	0.21882078	0.06022969	0.23610039
Y70I	Y70I	70	70	0.27526876	0.13522492	0.4274806	0.31299108	0.49891657	0.35524032	0.23944746	0.4761459	0.2115345	0.39492396	10	0.3327174	0.11908364	0.4668079	Binding_K27	0.20031616	0.07169561	0.2810468
Y70K	Y70K	70	70	0.9366232	0.671121	1.1648041	0.7556477	0.8133443	1.1700063	0.8320147	0.77080417	0.9095801	1.175474	10	0.919942	0.18809357	0.7373268	Binding_K27	0.5538612	0.113243796	0.4439157
Y70L	Y70L	70	70	0.32424986	0.16933165	0.19376875	0.1036811	0.17777793	0.3007408	0.15712294	0.22668315	0.1901696	0.25779563	10	0.21013215	0.067739755	0.26553985	Binding_K27	0.12651236	0.04078346	0.15987118
Y70M	Y70M	70	70	0.21191451	0.33782452	0.21640606	0.4743417	0.10890828	0.25970453	0.18055218	0.28448796	0.24149506	0.17847522	10	0.24941099	0.10100579	0.39594272	Binding_K27	0.15016063	0.060811646	0.23838165
Y70N	Y70N	70	70	0.2794835	0.37973377	0.3669283	0.42354384	0.3169264	0.70131	0.3587353	0.4386383	0.4973461	0.19225813	10	0.39549035	0.13739529	0.53858954	Binding_K27	0.2381093	0.08272035	0.32426375
Y70P	Y70P	70	70	0.67555845	0.5620801	0.6492121	0.46536094	0.70238185	0.5217495	0.54455876	0.64371866	0.6040218	0.5904706	10	0.59591126	0.07395686	0.2899109	Binding_K27	0.35877493	0.04452654	0.17454404
Y70Q	Y70Q	70	70	0.44031096	0.27178952	0.38141322	0.20238692	0.4320422	0.28776556	0.42353868	0.18881902	0.28691056	0.39972174	10	0.33146983	0.095486775	0.37430817	Binding_K27	0.19956505	0.057488862	0.22535634
Y70R	Y70R	70	70	0.78056985	0.7936154	0.8734995	0.8010372	0.7978195	0.7576142	0.7593168	0.7941889	0.6230278	0.7987713	10	0.77794605	0.06304201	0.24712467	Binding_K27	0.46837097	0.03795513	0.14878412
Y70S	Y70S	70	70	0.08567217	0.2014198	0.21221513	0.18598057	0.17804146	0.12498459	0.0511111	0.009257842	-0.024409955	0.050911326	10	0.1075184	0.08507343	0.33348784	Binding_K27	0.06473263	0.05121939	0.20078
Y70T	Y70T	70	70	0.4376105	0.35688996	0.42878547	0.4044698	0.3866281	0.19630098	0.5350939	0.3374283	0.36219943	0.33723727	10	0.37826437	0.087307215	0.3422443	Binding_K27	0.22773822	0.052564267	0.20605193
Y70V	Y70V	70	70	0.27131993	0.36601928	0.40571815	0.34023482	0.38863128	0.27091652	0.34262538	0.3589525	0.44387105	0.35675016	10	0.35450393	0.05393683	0.21143238	Binding_K27	0.21343298	0.032473262	0.1272952
Y70W	Y70W	70	70	0.64809966	0.6457947	0.5909799	0.52398115	0.69293404	0.4986195	0.5697605	0.48085392	0.6074528	0.66149724	10	0.5919973	0.07264292	0.28476027	Binding_K27	0.3564185	0.043735467	0.17144303
Y95A	Y95A	95	95	0.14867514	0.041322444	0.0093928175	-0.016552977	0.15157501	-0.020705068	-0.14766805	-0.056394815	0.01160279	0.095787086	10	0.021703437	0.092594326	0.36296976	Binding_K27	0.013066792	0.05574743	0.21852994
Y95C	Y95C	95	95	0.2346558	0.2760517	0.2641809	0.27924263	0.2486048	0.26905847	0.17149237	0.14071305	0.15244792	0.31251517	10	0.23489627	0.05924146	0.23222652	Binding_K27	0.14142188	0.03566697	0.13981453
Y95D	Y95D	95	95	0.81589943	0.58739823	0.3655292	0.41156265	0.5730876	0.66521364	1.0463079	0.8786363	0.942306	0.68085235	10	0.6966793	0.22343385	0.8758607	Binding_K27	0.41944343	0.1345208	0.5273215
Y95E	Y95E	95	95	-0.11608026	0.061231114	-0.03800238	-0.04070371	-0.2173996	-0.14276065	-0.21387976	-0.30510265	-0.3369696	-0.061537307	10	-0.14112048	0.12692328	0.49753925	Binding_K27	-0.084963135	0.07641555	0.29954898
Y95F	Y95F	95	95	-0.20160714	-0.42693394	-0.3074159	-0.2380042	-0.11313273	-0.21967229	-0.23093145	-0.28492954	-0.38132197	-0.34571907	10	-0.2749668	0.0933918	0.36609587	Binding_K27	-0.16554679	0.056227557	0.22041203
Y95G	Y95G	95	95	0.39693886	0.528376	0.79619926	0.8681212	0.44286284	0.59684414	0.9447179	0.6324672	0.6552542	0.5564767	10	0.64182585	0.17912963	0.7021882	Binding_K27	0.3864183	0.10784696	0.4227601
Y95H	Y95H	95	95	0.27220255	0.20817107	0.25100785	0.26476896	0.3734772	0.21784803	0.1774411	0.3195441	0.2063825	0.3184392	10	0.26092827	0.061676066	0.24177018	Binding_K27	0.15709473	0.03713275	0.14556038
Y95I	Y95I	95	95	0.04785333	0.08162371	0.05654111	0.147305	0.18764004	0.262219	0.17762956	0.133823	0.080175936	0.12282625	10	0.1297637	0.06700314	0.2626523	Binding_K27	0.078125656	0.040339977	0.15813272
Y95K	Y95K	95	95	0.38273707	0.6129431	0.538901	0.6312576	0.6590281	0.51023895	0.60945576	0.647123	0.58804905	0.46322307	10	0.56429565	0.089464426	0.35070056	Binding_K27	0.3397404	0.05386304	0.21114312
Y95L	Y95L	95	95	0.14054208	0.10653293	0.095148996	-0.052800167	0.017179685	-0.039607216	-0.023659248	0.008551944	0.043046605	0.16395561	10	0.04588912	0.076822765	0.30114526	Binding_K27	0.02762805	0.04625199	0.18130781
Y95M	Y95M	95	95	-0.185639	-0.15927866	-0.033795588	0.03957386	0.011712976	0.006368828	-0.042532716	0.03570041	0.018837059	-0.0945698	10	-0.04036226	0.080834694	0.316872	Binding_K27	-0.024300542	0.048667416	0.19077627
Y95N	Y95N	95	95	0.6361795	0.5973459	0.684094	0.6748326	0.6472172	0.7799615	0.6900049	0.64279294	0.67230076	0.760738	10	0.6785467	0.055681303	0.21827072	Binding_K27	0.4085265	0.03352354	0.13141228
Y95P	Y95P	95	95	1.2140312	1.041374	1.0274625	1.5409495	0.87615144	0.7159716	0.9814944	1.3383642	1.0113482	1.4228534	10	1.117	0.25685894	1.0068871	Binding_K27	0.6725021	0.15464474	0.60620743
Y95Q	Y95Q	95	95	0.2881488	0.17110078	0.46475536	0.29897845	0.051115144	0.23822454	0.21540518	0.40974358	0.17687829	0.10170013	10	0.241605	0.12877314	0.5047907	Binding_K27	0.14546093	0.07752928	0.3039148
Y95R	Y95R	95	95	0.6443515	0.5396876	0.5284747	0.5556776	0.5639219	0.51663506	0.58964425	0.6867161	0.6747706	0.68541235	10	0.59852916	0.067845844	0.26595572	Binding_K27	0.36035106	0.040847335	0.16012156
Y95S	Y95S	95	95	0.32482964	0.30839756	0.30638927	0.28873527	0.31631783	0.35581547	0.22890778	0.32226148	0.22802642	0.2654554	10	0.29451364	0.041976955	0.16454966	Binding_K27	0.17731518	0.025272686	0.09906893
Y95T	Y95T	95	95	0.34706283	0.459824	0.52157104	0.434113	0.38122416	0.42038706	0.4220091	0.5284607	0.41323504	0.49507323	10	0.44229597	0.059070334	0.23155572	Binding_K27	0.26628914	0.035563942	0.13941066
Y95V	Y95V	95	95	0.20983902	0.13517745	0.16912356	0.07748709	0.19355348	0.12087215	0.09726552	0.04853896	0.20465128	0.086698726	10	0.13432072	0.057523206	0.22549097	Binding_K27	0.080869265	0.034632478	0.13575931
Y95W	Y95W	95	95	-0.20936307	-0.2363096	-0.23815371	-0.32304937	-0.3134556	-0.31336656	-0.31983724	-0.20258291	-0.2244267	-0.22009586	10	-0.26006407	0.050572596	0.19824459	Binding_K27	-0.15657443	0.030447787	0.11935533
