id	id_ref	Pos	Pos_ref	fold_1	fold_2	fold_3	fold_4	fold_5	fold_6	fold_7	fold_8	fold_9	fold_10	n	mean	std	ci95	trait_name	mean_kcal/mol	std_kcal/mol	ci95_kcal/mol
A10C	A10C	10	10	0.23885973	0.3428637	0.40982676	0.47708723	0.5058806	0.45429787	0.4988787	0.3279818	0.6085596	0.35994598	10	0.42241818	0.10773837	0.4223344	Folding	0.2543215	0.06486507	0.25427106
A10D	A10D	10	10	0.4826633	0.53097445	0.61831135	0.42108944	0.45301035	0.6022603	0.6095749	0.72159123	0.6230161	0.83710086	10	0.58995926	0.1260962	0.49429712	Folding	0.35519144	0.0759176	0.297597
A10E	A10E	10	10	0.8926049	0.74215007	0.6690556	0.81916714	0.59738344	0.7066028	0.7850884	0.5518882	0.43924224	0.9011225	10	0.71043056	0.14949524	0.58602136	Folding	0.4277225	0.09000525	0.35282058
A10F	A10F	10	10	0.3658414	0.1654331	0.2265312	0.52228075	0.31555742	0.36048213	0.19661061	0.24623376	0.31831428	0.49513113	10	0.32124156	0.11954988	0.46863553	Folding	0.193407	0.07197632	0.28214717
A10G	A10G	10	10	0.6308648	0.59630007	0.760376	0.56279	0.6778271	0.58515054	0.83805025	0.7783339	0.58373153	0.66684926	10	0.6680273	0.0950299	0.3725172	Folding	0.40219316	0.057213794	0.22427808
A10H	A10H	10	10	0.7216688	0.61544687	0.62470186	0.6612347	0.45334232	0.40641537	0.6039064	0.563123	0.61177087	0.64550537	10	0.59071153	0.09493095	0.37212932	Folding	0.35564438	0.05715422	0.22404455
A10I	A10I	10	10	-0.009150308	-0.3084446	-0.10363688	-0.17880002	0.05036469	0.0447342	0.22798657	0.33630377	0.07689838	0.12493097	10	0.026118675	0.18922266	0.74175286	Folding	0.015725035	0.11392358	0.44658044
A10K	A10K	10	10	0.9147323	1.3780011	1.4286528	1.5998122	1.3358272	1.3147949	1.3269594	1.3667681	1.5727863	1.7329739	10	1.3971308	0.219893	0.86198056	Folding	0.841158	0.132389	0.5189649
A10L	A10L	10	10	0.15934251	0.10855099	0.0016570371	-0.03787765	0.062652655	-0.066218585	0.06270751	0.05618371	0.02817193	0.034951765	10	0.041012187	0.06600101	0.25872397	Folding	0.024691837	0.039736632	0.1557676
A10M	A10M	10	10	0.2453545	0.03253293	0.2331533	0.2283279	0.23607028	0.22075345	0.18151423	0.39915425	0.4205863	0.24647786	10	0.24439251	0.10793585	0.42310855	Folding	0.14713919	0.064983964	0.25473714
A10N	A10N	10	10	0.70418936	0.87384677	0.6876586	0.7175185	0.7835744	0.8891312	0.74302053	0.615592	0.9101894	0.38153753	10	0.7306258	0.1558663	0.6109959	Folding	0.4398813	0.09384102	0.3678568
A10P	A10P	10	10	0.33027118	0.35128835	0.15205945	0.13014203	0.40876693	0.18315686	0.55906683	0.5936457	0.42652947	0.21286431	10	0.3347791	0.1648627	0.6462618	Folding	0.20155744	0.0992574	0.38908902
A10Q	A10Q	10	10	0.24405612	0.15687211	0.45685676	0.14946222	0.37226617	0.40809736	0.5132642	0.37550607	0.6040754	0.34704804	10	0.36275047	0.14692037	0.57592785	Folding	0.2183979	0.08845502	0.3467437
A10R	A10R	10	10	1.3288352	1.4181856	1.3948556	1.4298159	1.1191025	1.0747501	1.2416173	1.376617	1.1247109	1.3741976	10	1.2882688	0.13672541	0.5359636	Folding	0.77561635	0.08231703	0.32268277
A10S	A10S	10	10	0.5801274	0.47130048	0.42551914	0.52271485	0.83656555	0.3931146	0.49020123	0.46800944	0.5533731	0.39150846	10	0.51324344	0.12995423	0.50942063	Folding	0.30900383	0.07824037	0.30670226
A10T	A10T	10	10	1.1726774	0.84595823	0.9181016	0.81826055	0.977725	0.912605	1.2577379	1.2216846	0.9681154	0.8003195	10	0.98931855	0.16889769	0.662079	Folding	0.5956301	0.10168671	0.3986119
A10V	A10V	10	10	0.1452136	0.24289161	0.24989001	0.17875594	0.31251234	0.13868164	0.13258779	0.24404609	0.19030678	0.17147242	10	0.20063582	0.059244066	0.23223674	Folding	0.120795	0.03566854	0.13982068
A10W	A10W	10	10	0.9911636	0.63275445	0.78614855	1.183386	0.9723251	1.0403197	1.0647628	1.0185575	0.9641811	0.81978935	10	0.94733876	0.15890853	0.62292147	Folding	0.5703557	0.09567262	0.3750367
A10Y	A10Y	10	10	0.6266652	1.1447085	0.90301144	1.0913919	0.99768126	0.80991095	1.1054325	0.81589216	0.8043385	0.8197334	10	0.91187656	0.16744874	0.6563991	Folding	0.54900527	0.10081436	0.3951923
A129C	A129C	129	129	0.43111384	0.3212665	0.34054676	0.20627917	0.21165247	0.2505012	0.2371206	0.29683498	0.48336452	0.24124041	10	0.30199206	0.093882635	0.36801994	Folding	0.18181764	0.05652307	0.22157043
A129D	A129D	129	129	1.3187387	1.4681371	1.6153684	1.448717	1.518899	1.4079651	1.4683799	1.3826197	1.5864811	1.48975	10	1.4705056	0.08962955	0.35134786	Folding	0.885334	0.053962458	0.21153285
A129E	A129E	129	129	1.2441944	1.0256416	1.1212734	1.1754342	1.3412936	1.2602711	1.4023919	1.2331209	1.3521221	1.2066909	10	1.2362434	0.11297068	0.44284508	Folding	0.74429387	0.06801524	0.26661974
A129F	A129F	129	129	0.49860394	0.30539805	0.44822848	0.6712941	0.5740916	0.4941326	0.4682389	0.64649194	0.5894711	0.55319965	10	0.52491504	0.10672612	0.4183664	Folding	0.31603086	0.06425563	0.25188208
A129G	A129G	129	129	0.3308084	0.35902044	0.421429	0.4549898	0.43308824	0.32298255	0.31819886	0.3222984	0.39396098	0.4418236	10	0.37986	0.055211578	0.21642938	Folding	0.2286989	0.033240736	0.13030368
A129H	A129H	129	129	1.082694	0.9983483	0.88805354	0.93236905	0.9712613	0.9047	1.0829381	1.2691398	0.99754715	1.2281345	10	1.0355184	0.1302159	0.5104463	Folding	0.6234452	0.07839791	0.3073198
A129I	A129I	129	129	-0.041970756	-0.114394456	-0.08590412	0.016899608	0.12596719	-0.05470629	0.106827065	-0.039860945	-0.0436969	-0.06575624	10	-0.019659584	0.079402275	0.31125692	Folding	-0.011836269	0.04780501	0.18739565
A129K	A129K	129	129	1.2927012	1.4143811	1.455101	1.5032973	1.2242522	1.440753	1.2622993	1.0130213	1.3010402	1.4215386	10	1.3328385	0.14599797	0.57231206	Folding	0.80245006	0.08789968	0.34456673
A129L	A129L	129	129	0.5934337	0.51575834	0.5733183	0.5277024	0.5890157	0.49288774	0.65655434	0.61116385	0.50280774	0.40794575	10	0.54705876	0.07172385	0.2811575	Folding	0.32936272	0.04318213	0.16927396
A129M	A129M	129	129	0.56516194	0.49470517	0.69692785	0.5381584	0.670095	0.6130955	0.71173656	0.7865114	0.70326704	0.66592795	10	0.64455867	0.0900816	0.35311988	Folding	0.3880636	0.054234616	0.2125997
A129N	A129N	129	129	1.3597934	1.3600534	1.058216	1.0582947	1.3801029	1.1765673	1.3971031	1.3013165	1.355737	1.2311962	10	1.267838	0.13023148	0.5105074	Folding	0.7633158	0.078407295	0.3073566
A129P	A129P	129	129	1.3499085	1.1386805	1.0707839	1.0664825	1.3255751	1.0313151	1.1256527	1.2338614	1.2586119	1.1049273	10	1.1705797	0.11327103	0.44402245	Folding	0.7047603	0.068196066	0.2673286
A129Q	A129Q	129	129	1.2854159	1.1297766	1.1427839	1.3954796	1.2241943	1.1454309	1.1939639	1.4085544	1.1432544	1.2455842	10	1.2314438	0.10339704	0.4053164	Folding	0.74140424	0.062251322	0.24402519
A129R	A129R	129	129	1.7572072	1.6298819	1.4936137	1.548163	1.4538957	1.5117109	1.4427823	1.4441923	1.6409919	1.4743965	10	1.5396836	0.104787	0.41076505	Folding	0.9269834	0.063088164	0.2473056
A129S	A129S	129	129	0.68542147	0.77307856	0.77226555	0.8303648	0.69170964	0.64484906	0.64507383	0.68119824	0.7011113	0.64333737	10	0.70684093	0.06411357	0.25132522	Folding	0.42556134	0.03860028	0.15131311
A129T	A129T	129	129	1.0115153	1.0421791	0.89317113	1.0228372	1.0953318	0.9034818	0.9451312	1.0780735	1.0100741	0.85850495	10	0.98603	0.08132672	0.31880075	Folding	0.59365016	0.048963647	0.1919375
A129V	A129V	129	129	0.37381023	0.377772	0.2425542	0.40739214	0.3733511	0.27613956	0.34467605	0.37590986	0.22432232	0.3543485	10	0.33502758	0.06363877	0.24946398	Folding	0.20170704	0.03831442	0.15019253
A129W	A129W	129	129	1.1179098	0.9171005	0.9932684	0.9157094	0.62699103	0.8754266	0.7891489	1.1634245	0.9686038	0.77782196	10	0.91454047	0.16022927	0.6280987	Folding	0.5506091	0.096467786	0.37815374
A129Y	A129Y	129	129	0.6794592	0.6468079	0.6774106	0.43990794	0.327637	0.4977027	0.64375335	0.48862088	0.5456335	0.4147658	10	0.5361699	0.12275415	0.48119628	Folding	0.32280695	0.07390548	0.2897095
A133C	A133C	133	133	1.1092066	1.008158	1.1853459	1.226515	0.88612515	0.77295256	1.1359911	1.3271314	1.0738529	0.8921041	10	1.0617383	0.17213076	0.6747526	Folding	0.63923115	0.10363322	0.40624222
A133D	A133D	133	133	2.0096593	1.743449	1.7184361	1.462413	1.595418	1.912702	1.9421988	2.1276464	2.1601799	2.1875992	10	1.8859701	0.24854128	0.97428185	Folding	1.135469	0.149637	0.58657706
A133E	A133E	133	133	1.8237468	1.6986945	1.9581865	1.6862726	1.3662976	1.9787873	1.5324438	1.4097161	1.5080748	1.4792439	10	1.6441463	0.220594	0.8647285	Folding	0.98987633	0.13281104	0.5206193
A133F	A133F	133	133	1.3451041	1.398894	1.2022234	1.1920832	1.758049	1.3428338	1.4297364	1.5837655	1.4228466	1.5463618	10	1.4221898	0.17272352	0.6770762	Folding	0.856245	0.103990085	0.40764114
A133G	A133G	133	133	1.2586006	1.330775	1.1209866	1.2418466	1.0066975	1.0143446	1.0245559	1.1541556	1.0521322	0.8409442	10	1.1045039	0.14637752	0.5737999	Folding	0.6649787	0.088128194	0.34546253
A133H	A133H	133	133	1.4394	1.9918723	1.3317436	1.6015325	1.3291938	1.3407389	1.481275	1.4140283	1.2578089	1.8680788	10	1.5055672	0.24502586	0.9605014	Folding	0.90644324	0.14752051	0.57828045
A133I	A133I	133	133	1.2586076	1.5230273	1.540863	1.3256539	1.909765	1.9138626	1.5842097	1.3886406	1.2998096	1.5411727	10	1.5285611	0.23169968	0.9082627	Folding	0.920287	0.13949732	0.5468295
A133K	A133K	133	133	1.7510976	2.0995908	1.16564	1.2206118	1.8355932	1.9271286	1.3646897	1.5398277	1.7895405	1.4089936	10	1.6102712	0.31585658	1.2381577	Folding	0.96948147	0.19016492	0.7454465
A133L	A133L	133	133	1.8928282	1.6659019	1.7179604	1.5512087	1.8300555	1.7485915	1.4777584	1.7786474	1.6994643	1.5034012	10	1.6865816	0.13844776	0.54271525	Folding	1.015425	0.083354	0.3267477
A133M	A133M	133	133	1.5892934	1.2835789	1.757227	1.6604935	1.4460415	1.3301114	1.497907	1.5916916	1.52298	1.4738472	10	1.5153172	0.14367656	0.56321216	Folding	0.91231334	0.08650205	0.33908805
A133N	A133N	133	133	2.182726	1.6756519	1.7128979	2.013349	1.3803797	1.9188979	1.7018088	1.9075713	2.0223696	1.9838042	10	1.8499457	0.23208326	0.9097664	Folding	1.1137801	0.13972828	0.54773486
A133P	A133P	133	133	2.344793	2.3017445	1.7101911	2.1532907	1.7731125	2.1076958	1.9160457	2.1306489	2.1033149	1.7239153	10	2.0264754	0.23202018	0.90951914	Folding	1.2200618	0.1396903	0.54758596
A133Q	A133Q	133	133	1.4282796	1.7396578	1.5612562	2.0448182	1.9852326	1.6116502	1.8745413	1.937232	1.637159	1.3635261	10	1.7183354	0.23647009	0.9269628	Folding	1.0345427	0.1423694	0.55808806
A133R	A133R	133	133	1.8302796	2.0008307	1.974832	1.7279236	1.744426	1.9656296	1.7463105	2.2105637	1.9989668	2.05706	10	1.9256823	0.15870488	0.6221231	Folding	1.1593782	0.095550016	0.37455606
A133S	A133S	133	133	1.1953646	1.0124401	0.92712617	1.1118735	1.1311929	1.2223889	1.0738091	1.0518616	0.92397934	1.1341902	10	1.0784228	0.10178365	0.3989919	Folding	0.64927626	0.061279964	0.24021746
A133T	A133T	133	133	1.7502383	1.3268844	1.682165	1.4756747	1.6210227	1.7492276	1.5535243	1.6245637	1.489537	1.6092877	10	1.5882126	0.13154832	0.5156694	Folding	0.95620084	0.079200104	0.3104644
A133V	A133V	133	133	1.3925562	1.4549403	1.3631686	1.3637137	1.3207003	1.2889639	1.4232343	1.2503291	1.6271312	1.2036663	10	1.3688405	0.11913207	0.46699774	Folding	0.8241254	0.07172477	0.2811611
A133W	A133W	133	133	1.1224822	1.3135009	1.453535	1.7418176	1.3889834	1.4400828	1.0446827	0.8712448	1.361597	1.4301244	10	1.316805	0.24606508	0.9645751	Folding	0.7927969	0.14814618	0.58073306
A133Y	A133Y	133	133	0.9922813	1.1031582	0.9750651	1.499878	1.2743838	1.4139546	1.6338685	1.0914028	0.8574584	1.1787195	10	1.2020171	0.24991989	0.979686	Folding	0.7236876	0.15046701	0.5898307
A145C	A145C	145	145	0.2325038	0.17489108	0.3602263	0.34057432	0.30867308	0.1998008	0.239772	0.20848389	0.2717164	0.38552046	10	0.27221623	0.07302473	0.28625694	Folding	0.16389076	0.04396534	0.17234413
A145D	A145D	145	145	2.0621462	1.9120554	1.5445119	2.4197328	1.6999712	2.0916378	1.8656992	1.8070587	2.4899173	1.9366496	10	1.9829378	0.2962807	1.1614205	Folding	1.1938494	0.17837906	0.6992459
A145E	A145E	145	145	1.9899703	2.6268272	2.1956782	2.928453	2.789539	2.2751286	2.176057	2.8570845	2.3824515	2.423708	10	2.4644897	0.32081074	1.2575781	Folding	1.4837731	0.19314763	0.7571387
A145F	A145F	145	145	0.59459764	0.51928675	0.5018853	0.5158345	0.49854037	0.4644129	0.5092485	0.59906685	0.54531884	0.48316526	10	0.5231357	0.04438209	0.1739778	Folding	0.31495962	0.026720725	0.10474525
A145G	A145G	145	145	-0.52798396	-0.43247867	-0.24483934	-0.29479742	-0.42652082	-0.3383529	-0.009881286	-0.018231178	0.009637357	-0.78173846	10	-0.30651867	0.2541129	0.9961226	Folding	-0.18454292	0.15299146	0.59972656
A145H	A145H	145	145	2.3143232	2.3087595	1.9121501	2.3825536	1.7215843	1.91557	1.9831837	1.7093625	1.9350414	2.1046422	10	2.028717	0.24141155	0.9463333	Folding	1.2214113	0.14534448	0.56975037
A145I	A145I	145	145	1.110996	1.4735193	1.9716791	0.88971925	1.231612	1.3867779	1.3233855	1.3838416	1.421632	1.2190185	10	1.341218	0.2807651	1.1005992	Folding	0.807495	0.1690377	0.6626278
A145K	A145K	145	145	1.8007823	1.7463768	1.7207288	2.2516363	1.719567	1.979806	1.7050201	1.6813205	1.5119077	1.7154893	10	1.7832634	0.20065977	0.7865863	Folding	1.0736333	0.12080941	0.4735729
A145L	A145L	145	145	1.3406742	1.4940116	1.3568612	1.1771876	1.056745	1.0970669	1.1372787	1.584459	1.321595	1.0446041	10	1.2610484	0.18734461	0.7343909	Folding	0.75922805	0.11279288	0.4421481
A145M	A145M	145	145	1.3401484	1.1734396	0.99396217	0.816388	1.3405857	1.6622205	1.3748529	1.3336477	0.9802027	1.6253949	10	1.2640842	0.2748753	1.0775112	Folding	0.76105577	0.1654917	0.6487275
A145N	A145N	145	145	0.92069817	0.7501417	1.1067506	0.93524224	0.64069337	0.7742975	1.2335858	1.0223415	0.84615576	0.87304294	10	0.9102949	0.17598225	0.68985045	Folding	0.548053	0.10595205	0.41533202
A145P	A145P	145	145	1.0438062	0.96982914	1.2651913	0.7549344	0.39279303	1.114327	0.6714269	1.2565836	1.5838045	0.99318725	10	1.0045884	0.33820486	1.3257631	Folding	0.60482347	0.20361994	0.7981902
A145Q	A145Q	145	145	2.2099533	2.0408545	2.3064291	2.3872447	2.2515488	1.7145551	1.8853519	2.0576143	2.4642208	2.167689	10	2.1485457	0.22944058	0.8994071	Folding	1.2935555	0.13813722	0.54149795
A145R	A145R	145	145	2.3064466	1.8979043	1.9777039	1.9397452	1.8534155	1.7332836	1.5901262	1.928627	1.850303	1.735893	10	1.881345	0.19018917	0.7455416	Folding	1.1326845	0.11450548	0.44886148
A145S	A145S	145	145	-0.38732785	-0.3919939	-0.3222061	-0.10692352	-0.12534113	0.032321434	-0.16829842	-0.04681298	-0.31985822	-0.25209442	10	-0.20885353	0.14752227	0.5782873	Folding	-0.12574255	0.0888174	0.34816423
A145T	A145T	145	145	0.57034254	0.38393092	0.73771495	0.35564366	0.54851496	0.5963334	0.4535674	0.44501457	0.43615347	0.44868276	10	0.4975899	0.115100056	0.45119223	Folding	0.29957944	0.069297254	0.27164525
A145V	A145V	145	145	0.6743269	0.38359267	0.519206	0.4139049	0.4785563	0.37199265	0.19373496	0.52021617	0.6009819	0.5851415	10	0.47416538	0.13886309	0.5443433	Folding	0.28547648	0.083604045	0.32772785
A145W	A145W	145	145	2.1598637	2.4103281	2.4071121	2.479482	2.5327063	1.6926292	1.786539	2.0855458	1.9194152	2.4891777	10	2.19628	0.3129139	1.2266225	Folding	1.3222945	0.18839325	0.73850155
A145Y	A145Y	145	145	2.0426064	1.602642	1.6379739	1.8990483	1.7894373	2.1639037	2.160228	2.001985	2.1341765	2.2857475	10	1.9717748	0.2332212	0.9142271	Folding	1.1871287	0.14041339	0.5504205
A154C	A154C	154	154	0.76102257	0.6897316	0.5342054	0.4979159	0.49624124	0.5553704	0.7598002	0.53641593	0.75041234	0.6621301	10	0.6243246	0.11137226	0.4365793	Folding	0.3758815	0.06705289	0.26284733
A154D	A154D	154	154	3.686061	3.7176547	3.4772518	3.79751	3.4292743	3.4862177	3.890964	4.0019026	3.990851	3.7880878	10	3.7265778	0.20857419	0.81761086	Folding	2.243627	0.12557438	0.49225157
A154E	A154E	154	154	2.8549101	2.4941976	2.5933216	2.6572626	2.4779675	2.750847	2.8723252	2.8881888	2.6374037	2.4448168	10	2.6671243	0.1682531	0.65955216	Folding	1.6057714	0.10129862	0.3970906
A154F	A154F	154	154	2.8985612	2.455326	2.7070405	2.665776	2.6175017	2.6023915	2.859989	2.6837015	2.744706	2.548673	10	2.6783667	0.13454728	0.52742535	Folding	1.61254	0.08100566	0.3175422
A154G	A154G	154	154	1.6414689	1.2895995	1.5795542	1.6949401	1.45381	1.5340815	1.2339966	1.4080615	1.3099903	1.3826418	10	1.4528143	0.15589516	0.611109	Folding	0.87468284	0.09385839	0.3679249
A154H	A154H	154	154	2.6383145	2.5339274	2.8629882	2.9239693	2.5181093	2.8189447	3.0956078	2.9657087	2.7856276	3.0938175	10	2.8237014	0.20866106	0.8179514	Folding	1.7000405	0.12562668	0.49245661
A154I	A154I	154	154	0.6935228	0.28846502	0.21545364	0.29224265	1.0099156	0.8799084	0.63841796	0.5819965	0.57899874	0.5199348	10	0.5698856	0.25698105	1.0073657	Folding	0.34310588	0.15471826	0.6064956
A154K	A154K	154	154	3.928634	3.6604252	3.8913763	3.76973	3.595786	3.6955068	3.5437098	3.6848755	3.527682	3.9032393	10	3.7200966	0.148258	0.5811714	Folding	2.2397249	0.089260355	0.3499006
A154L	A154L	154	154	1.3986087	1.1427642	1.0073863	1.1566923	1.1342622	1.2468354	1.6530952	1.5492942	1.2095488	1.2383292	10	1.2736815	0.20077188	0.7870258	Folding	0.76683396	0.120876916	0.47383752
A154M	A154M	154	154	1.5541679	0.8956315	0.94931996	1.2260828	0.90154326	1.1541818	1.2122663	1.3060519	1.5866404	1.1422335	10	1.192812	0.24414934	0.95706546	Folding	0.71814555	0.14699279	0.57621175
A154N	A154N	154	154	3.0903296	2.661472	2.726574	2.860472	2.356224	2.3513668	2.6438365	3.034022	3.0334642	2.7900894	10	2.754785	0.26332313	1.0322267	Folding	1.6585486	0.15853658	0.6214634
A154P	A154P	154	154	1.4882221	1.4699383	1.4574298	1.395063	1.3488626	1.5080333	1.7848105	1.5808216	1.3662714	1.3794291	10	1.4778882	0.12993759	0.50935537	Folding	0.88977885	0.07823035	0.30666298
A154Q	A154Q	154	154	2.7249644	2.3984942	2.7758892	2.7148936	2.5304196	2.8285325	2.766116	2.7805254	2.3989172	2.588999	10	2.650775	0.1606877	0.6298958	Folding	1.5959282	0.09674379	0.37923568
A154R	A154R	154	154	4.1204524	3.7886302	3.9294016	4.2380247	4.3064103	4.130843	4.213137	4.169878	4.2057557	4.181378	10	4.128391	0.15510197	0.60799974	Folding	2.485543	0.093380846	0.36605293
A154S	A154S	154	154	1.6283572	1.4992548	1.5605698	1.5647186	1.6002101	1.4914494	1.5031415	1.5787039	1.5941329	1.5655125	10	1.5586051	0.046499718	0.1822789	Folding	0.9383753	0.027995665	0.10974301
A154T	A154T	154	154	1.8574317	1.8650881	1.763514	1.7838544	1.7447268	2.039966	2.2269216	1.9482341	2.1089613	1.6853163	10	1.9024013	0.17567328	0.6886393	Folding	1.1453615	0.10576602	0.41460282
A154V	A154V	154	154	0.4892633	0.47503853	0.40914583	0.50643516	0.3590336	0.509926	0.46496156	0.45491916	0.5396144	0.4951865	10	0.47035235	0.052775137	0.20687854	Folding	0.2831808	0.03177385	0.124553494
A154W	A154W	154	154	2.5568306	2.4175673	2.20224	2.2862558	2.286292	2.861617	2.7334146	2.840748	2.7187834	2.2671409	10	2.517089	0.25616214	1.0041556	Folding	1.515441	0.15422523	0.60456294
A154Y	A154Y	154	154	3.0922093	2.9576051	2.5603874	2.9506674	2.922842	2.5290415	2.5817773	3.043286	2.6981099	2.762288	10	2.8098214	0.20989352	0.82278264	Folding	1.6916838	0.1263687	0.49536532
A17C	A17C	17	17	0.3454352	0.3176207	0.3841398	0.46159965	0.3604167	0.33596492	0.50275236	0.5229078	0.30501798	0.2877001	10	0.3823555	0.08410378	0.32968682	Folding	0.23020133	0.050635602	0.19849156
A17D	A17D	17	17	-0.026155004	0.043250237	-0.09867427	-0.22138956	-0.06636197	-0.088284776	-0.07700582	0.050899517	-0.12333329	-0.10327637	10	-0.07103313	0.079891205	0.31317353	Folding	-0.042766273	0.048099376	0.18854956
A17E	A17E	17	17	0.1833505	0.26070097	0.39471096	0.3042576	0.10992824	0.261366	0.34992772	0.21210758	0.4037326	0.18801332	10	0.26680955	0.096760266	0.37930024	Folding	0.16063562	0.05825558	0.22836187
A17F	A17F	17	17	0.9156856	0.74426645	0.98493135	0.8486929	1.6182518	1.0666479	0.8832433	0.8555529	1.0058434	1.7276539	10	1.0650768	0.333994	1.3092566	Folding	0.6412412	0.20108475	0.78825223
A17G	A17G	17	17	0.15382563	0.16639137	0.23787303	0.10986072	0.113569684	0.14669818	0.23548806	0.18938191	0.19464768	0.22695641	10	0.17746927	0.047356162	0.18563616	Folding	0.10684732	0.028511297	0.11176429
A17H	A17H	17	17	0.29179072	0.48741737	0.6536201	0.44695652	0.74894863	0.20869268	0.41001505	0.67379755	0.92385316	0.71325266	10	0.5558344	0.22336164	0.8755776	Folding	0.3346462	0.13447733	0.52715117
A17I	A17I	17	17	1.1970224	1.3087913	1.2420282	1.0652219	1.0491573	1.2920946	1.2672483	1.23706	1.1818044	0.88467443	10	1.1725103	0.13379548	0.5244783	Folding	0.70592266	0.08055304	0.3157679
A17K	A17K	17	17	0.069144614	0.046955273	0.21278684	0.32298696	0.26644558	0.19812629	0.257845	0.31883729	0.28066742	0.30731043	10	0.22811058	0.09879424	0.3872734	Folding	0.13733648	0.059480153	0.23316221
A17L	A17L	17	17	0.6806648	0.6579996	0.5377168	0.5280233	0.7899521	0.6997847	0.6892461	0.51482344	0.5517685	0.6427037	10	0.6292683	0.091756225	0.3596844	Folding	0.37885788	0.05524284	0.21655194
A17M	A17M	17	17	0.6478723	0.49592587	0.44817457	0.3592257	0.74181086	0.3828278	0.57748884	0.844992	0.60249573	0.6610201	10	0.57618344	0.15634921	0.61288893	Folding	0.34689757	0.09413176	0.3689965
A17N	A17N	17	17	0.473151	0.5328457	0.43932772	0.28419015	0.17707717	0.6939018	0.6779814	0.3502201	0.3096254	0.20766744	10	0.4145988	0.181601	0.7118759	Folding	0.24961375	0.10933488	0.42859274
A17P	A17P	17	17	1.0642074	1.055576	1.1771965	0.97425336	0.9161487	1.0540106	0.9795027	1.034589	1.0883294	1.0413542	10	1.0385168	0.071113616	0.27876538	Folding	0.6252504	0.04281473	0.16783375
A17Q	A17Q	17	17	0.56999874	0.6144378	0.5039123	0.59043384	0.5563866	0.21546036	0.49177498	0.45385486	0.45650265	0.36874223	10	0.48215047	0.11947257	0.4683325	Folding	0.29028398	0.071929775	0.28196472
A17R	A17R	17	17	0.55106544	0.3882155	0.52761286	0.42257854	0.5194878	0.63504136	0.5859209	0.5273146	0.48352927	0.52525723	10	0.51660234	0.072078094	0.28254613	Folding	0.3110261	0.043395407	0.17011
A17S	A17S	17	17	0.40401712	0.3915964	0.41542178	0.34170088	0.2221248	0.26983467	0.32448602	0.38864964	0.41797292	0.5229272	10	0.36987314	0.0846529	0.33183938	Folding	0.22268619	0.050966207	0.19978754
A17T	A17T	17	17	0.5723921	0.42961934	0.37875372	0.5279306	0.49826604	0.4628191	0.7620615	0.5209402	0.30078015	0.56309235	10	0.50166553	0.124640115	0.48858926	Folding	0.30203325	0.07504095	0.29416054
A17V	A17V	17	17	0.7825124	0.8822593	0.77389693	0.7773217	0.74852556	0.72356445	0.71792233	0.75448346	0.76036483	0.83336586	10	0.77542174	0.049678843	0.19474107	Folding	0.46685117	0.029909693	0.117245995
A17W	A17W	17	17	0.81696695	0.8069264	0.777574	0.5333329	0.8544411	0.6631184	0.9981982	0.6194416	0.6821187	0.6860556	10	0.7438174	0.13368656	0.5240513	Folding	0.44782344	0.08048746	0.31551084
A17Y	A17Y	17	17	1.834889	1.0013245	0.7268699	1.4291247	1.3201063	1.3656642	3.0922554	2.6770148	2.8098156	2.1278553	10	1.838492	0.80957335	3.1735277	Folding	1.1068844	0.4874125	1.910657
A58C	A58C	58	58	0.35020116	0.33172512	0.21416679	0.25018376	0.14617074	0.14842632	0.19400597	0.40136582	0.04421912	0.21077831	10	0.22912428	0.10784462	0.42275092	Folding	0.13794678	0.06492904	0.25452185
A58D	A58D	58	58	-0.12076955	0.27630183	0.21945554	-0.026225436	-0.019391023	0.035873294	0.2383239	-0.16530466	-0.14818181	-0.08074938	10	0.020933272	0.16655315	0.65288836	Folding	0.012603106	0.10027515	0.3930786
A58E	A58E	58	58	0.047797613	0.11307502	0.21965764	0.13698749	0.25950423	0.30462715	0.18587609	0.20273188	0.23783141	0.1101724	10	0.1818261	0.078860186	0.30913195	Folding	0.1094704	0.04747864	0.18611626
A58F	A58F	58	58	0.5465496	0.29970783	0.43462518	0.4067748	0.6179624	0.49725753	0.5793068	0.42103028	0.49793237	0.6552858	10	0.49564323	0.10833344	0.4246671	Folding	0.29840744	0.065223336	0.2556755
A58G	A58G	58	58	-0.064928256	-0.0017857407	0.09173207	-0.017871762	0.026085882	-0.0077491715	0.036764063	-0.04983513	0.042844918	-0.002003944	10	0.0053252922	0.046049267	0.18051313	Folding	0.0032061506	0.027724467	0.10867991
A58H	A58H	58	58	0.18243045	0.2322868	0.09466022	0.17159976	0.21799642	0.102410965	0.2434499	0.1273008	-0.0463281	0.19529659	10	0.15211038	0.0869484	0.34083775	Folding	0.09157973	0.05234824	0.20520511
A58I	A58I	58	58	0.6442956	0.6415112	0.4275158	0.3988544	0.42405015	0.3752288	0.7238909	0.9506856	0.786788	0.52983314	10	0.5902654	0.19222988	0.7535412	Folding	0.35537577	0.11573411	0.4536777
A58K	A58K	58	58	0.6286952	0.32681066	0.71191096	0.3217147	0.26594317	0.5188976	0.45041668	0.2860919	0.5412396	0.47777528	10	0.45294952	0.15153328	0.5940105	Folding	0.27270323	0.09123227	0.3576305
A58L	A58L	58	58	0.7910208	0.69173056	0.8203429	0.77682775	0.77241004	0.9122841	0.718816	0.8502448	0.79358333	0.77094185	10	0.7898202	0.062438644	0.24475949	Folding	0.47551993	0.03759187	0.14736013
A58M	A58M	58	58	0.36183795	0.35473642	0.39008358	0.22570126	0.4627145	0.3072888	0.43659982	0.5575794	0.51794547	0.38756108	10	0.40020484	0.09817685	0.38485327	Folding	0.24094771	0.05910845	0.23170513
A58N	A58N	58	58	0.1354405	-0.043430027	0.040917285	0.1629502	0.13164075	0.048093315	0.1747325	0.027526537	0.024036443	0.23148993	10	0.09333974	0.085914016	0.33678296	Folding	0.056196216	0.051725477	0.20276387
A58P	A58P	58	58	0.16675544	0.18254107	0.06820567	0.106628686	0.0610213	0.2154342	0.21202092	0.18624566	0.19606747	0.22800633	10	0.16229267	0.061433196	0.24081813	Folding	0.09771009	0.03698653	0.1449872
A58Q	A58Q	58	58	0.024063658	0.020165356	0.05660166	0.29273918	0.29911008	0.14990021	0.110489495	0.24119091	0.40579152	0.15184616	10	0.17518982	0.13038953	0.51112694	Folding	0.10547496	0.07850245	0.3077296
A58R	A58R	58	58	0.12432779	0.178215	0.110713065	0.07404213	0.10375617	0.19289775	0.064256676	0.24338518	0.18232279	0.048469804	10	0.13223863	0.06413364	0.25140387	Folding	0.07961572	0.03861236	0.15136045
A58S	A58S	58	58	0.043945856	0.07522352	0.029188277	-0.023361262	-0.008398774	0.052592497	0.083290964	-0.02231157	0.028400926	-0.08856615	10	0.017000431	0.052725337	0.20668332	Folding	0.010235297	0.03174387	0.12443597
A58T	A58T	58	58	0.044780444	-0.13028185	-0.033143587	0.128605	0.06537313	0.015206917	0.06714762	0.053758297	0.041923594	-0.1070864	10	0.014628315	0.08138062	0.31901205	Folding	0.008807138	0.048996095	0.19206469
A58V	A58V	58	58	0.2457667	0.3288105	0.38777053	0.4080539	0.23890927	0.2741582	0.3303085	0.32396886	0.40956375	0.3265319	10	0.3273842	0.061691705	0.24183148	Folding	0.19710526	0.03714217	0.14559731
A58W	A58W	58	58	0.64991635	0.7365298	0.9485354	0.9958718	0.63370377	0.9011749	0.70182353	0.60225105	0.4473558	0.47139576	10	0.70885587	0.18940908	0.7424836	Folding	0.42677444	0.114035815	0.4470204
A58Y	A58Y	58	58	0.41413796	0.44257438	0.4960265	0.30629316	0.49680102	0.45599872	0.40292475	0.4633891	0.46699554	0.41178504	10	0.4356926	0.05620914	0.22033983	Folding	0.26231351	0.03384133	0.13265802
A65C	A65C	65	65	-0.21741524	-0.055395942	0.013383811	0.09908871	0.46970832	0.005389908	-0.04964408	-0.07130721	-0.12123299	0.018805457	10	0.009138076	0.18341091	0.7189708	Folding	0.0055016787	0.110424556	0.43286428
A65D	A65D	65	65	-0.1186606	-0.25767294	-0.1554341	-0.15480527	-0.2672512	-0.04052656	-0.030257687	0.121588774	-0.113406666	0.033516522	10	-0.09829098	0.122355744	0.47963452	Folding	-0.059177164	0.07366562	0.28876925
A65E	A65E	65	65	-0.2879003	-0.19908579	-0.24503994	-0.365473	-0.29065514	-0.17096074	-0.2794647	-0.2895478	-0.21453081	-0.28313878	10	-0.2625797	0.05626653	0.22056481	Folding	-0.158089	0.033875883	0.13279346
A65F	A65F	65	65	0.012074046	0.1767026	0.11206049	0.009169675	-0.039056182	-0.13474628	-0.09977119	-0.13244677	0.14207233	0.19552399	10	0.024158271	0.12638898	0.4954448	Folding	0.014544752	0.076093875	0.298288
A65G	A65G	65	65	0.054373965	0.059753012	0.1188647	0.12535076	0.068832934	0.20622912	0.21904454	0.09227849	0.10916174	0.019969631	10	0.10738589	0.064231016	0.25178558	Folding	0.06465285	0.038670987	0.15159027
A65H	A65H	65	65	-0.055717833	-0.10255228	0.18062077	-0.16634339	0.13212724	-0.036876347	-0.047487147	-0.072550476	0.04467714	0.05779831	10	-0.006630401	0.10808874	0.42370787	Folding	-0.0039919056	0.06507601	0.25509796
A65I	A65I	65	65	0.30153403	0.42828843	0.34546274	0.14136846	0.10247153	0.076967806	0.12248154	0.13443515	0.36200365	0.24950853	10	0.2264522	0.12634939	0.49528962	Folding	0.13633804	0.07607003	0.29819453
A65K	A65K	65	65	0.3057786	0.12655973	0.48144114	0.100200884	0.0975293	0.22132629	0.30513436	0.18336442	0.27539378	0.19272995	10	0.22894582	0.11803721	0.46270588	Folding	0.13783935	0.0710656	0.27857715
A65L	A65L	65	65	-0.10876469	0.09312837	0.16641803	0.024505846	0.037921768	0.093420215	0.046250544	0.0182459	-0.03857195	0.0064185467	10	0.03389726	0.075626515	0.29645595	Folding	0.020408217	0.045531772	0.17848454
A65M	A65M	65	65	-0.057567842	0.37224537	0.11574764	0.041429494	0.09758465	0.1153119	-0.10052384	0.1778282	0.28185114	0.21114312	10	0.12550499	0.14454855	0.5666303	Folding	0.07556165	0.08702704	0.34114602
A65N	A65N	65	65	0.10751206	0.19055477	0.34648645	0.20278794	0.13032459	0.16715556	-0.08987098	0.029917156	0.19592352	0.046518717	10	0.13273099	0.11893881	0.46624014	Folding	0.07991215	0.07160842	0.280705
A65P	A65P	65	65	-0.1740972	-0.19964659	-0.1521958	-0.1967504	-0.1843616	-0.16073169	-0.19678174	-0.20370625	-0.1741558	-0.17104903	10	-0.18134761	0.01765251	0.06919784	Folding	-0.10918232	0.010627887	0.04166132
A65Q	A65Q	65	65	-0.046501104	0.003559252	-0.08561939	-0.013887853	-0.09553006	0.13343991	0.041095853	0.20733152	0.088251054	0.16486588	10	0.039700508	0.10567966	0.4142643	Folding	0.023902126	0.0636256	0.24941234
A65R	A65R	65	65	0.21607028	0.23228921	0.22560458	0.17403848	0.27260637	0.18598063	0.28067857	0.11085387	0.15409505	0.10252566	10	0.19547428	0.061426036	0.24079007	Folding	0.117687434	0.03698222	0.1449703
A65S	A65S	65	65	0.013287242	0.09628121	0.053548798	-0.19702457	0.03218682	0.009005629	-0.07739916	0.022060756	0.010215865	0.08983936	10	0.005200195	0.086044066	0.33729273	Folding	0.0031308345	0.051803775	0.2030708
A65T	A65T	65	65	0.28808573	0.14355117	0.17863823	0.26181078	-0.0017911848	0.39472315	0.08928362	0.065615386	0.059593793	0.104779385	10	0.158429	0.12278073	0.48130047	Folding	0.09538392	0.07392149	0.28977224
A65V	A65V	65	65	0.052800182	-0.055880427	0.048953135	0.041223586	-0.11360586	0.14107853	-0.049662136	0.16603738	0.10349752	0.1487682	10	0.04832101	0.095652714	0.37495863	Folding	0.029092193	0.057588767	0.22574797
A65W	A65W	65	65	-0.018144587	0.08323434	0.058554858	-0.055977788	-0.1008429	-0.08781348	-0.2520448	-0.3238915	-0.14496286	0.098118246	10	-0.074377045	0.13962413	0.5473266	Folding	-0.044779517	0.08406224	0.32952398
A65Y	A65Y	65	65	0.2924929	0.09113686	0.009128731	0.014972548	0.07556475	0.1760557	-0.111636996	-0.027388373	0.120674804	0.03203006	10	0.06730309	0.11273143	0.4419072	Folding	0.040520564	0.06787119	0.26605508
A82C	A82C	82	82	1.1295264	1.2139816	1.1107605	1.0374544	0.9937361	0.9490555	1.1066467	1.1277841	1.0903478	1.1307037	10	1.0889996	0.07645592	0.2997072	Folding	0.6556442	0.046031125	0.18044202
A82D	A82D	82	82	-0.749788	-0.7716122	-0.8229874	-0.6808022	-0.71823364	-0.89658195	-0.94917387	-1.0042404	-0.83268917	-0.91798323	10	-0.83440924	0.10603622	0.415662	Folding	-0.50236523	0.06384027	0.25025386
A82E	A82E	82	82	-0.09469763	-0.24216105	-0.16366005	-0.1842902	-0.16078106	-0.18562475	-0.26695955	-0.11113852	-0.115526676	-0.19195837	10	-0.17167978	0.05551608	0.21762304	Folding	-0.103361696	0.033424065	0.13102233
A82F	A82F	82	82	2.1464672	1.906293	2.1485314	2.3921714	2.0957751	2.0575058	2.0193655	2.1931825	2.4135811	2.2007675	10	2.1573641	0.15634377	0.6128676	Folding	1.2988647	0.09412848	0.36898366
A82G	A82G	82	82	0.14915042	0.12586287	0.05134831	-0.06687242	0.07951336	-0.12935577	0.026932597	0.028352428	-0.1225902	-0.060905088	10	0.0081436485	0.09880114	0.3873005	Folding	0.004902973	0.059484314	0.23317851
A82H	A82H	82	82	1.5495043	1.6334052	1.3718121	1.6605604	1.4000806	1.6418282	1.4284705	1.3724121	1.5872957	1.4820198	10	1.512739	0.11560214	0.4531604	Folding	0.91076106	0.06959954	0.2728302
A82I	A82I	82	82	1.9733034	2.210081	2.4198487	2.0925899	2.6510994	2.5987923	2.8560262	2.5407176	2.6095183	2.1639695	10	2.4115946	0.28705955	1.1252735	Folding	1.4519271	0.17282735	0.6774832
A82K	A82K	82	82	1.2577598	1.045446	1.1984924	1.1708798	1.6750112	1.4676201	1.1882484	1.4633944	1.351379	1.0475656	10	1.2865797	0.2016696	0.79054487	Folding	0.77459943	0.121417396	0.4759562
A82L	A82L	82	82	1.9411228	2.0945244	1.9798219	2.1446118	2.0024755	1.8591084	2.0088036	1.854054	1.7950709	1.8401405	10	1.9519736	0.115200736	0.4515869	Folding	1.1752071	0.069357865	0.27188283
A82M	A82M	82	82	1.5587533	1.5527028	1.4523705	1.3951797	1.6805073	1.6199968	1.6299381	1.6292514	1.6991076	1.3160183	10	1.5533826	0.12695293	0.4976555	Folding	0.9352311	0.076433405	0.29961896
A82N	A82N	82	82	-0.02883485	-0.38885388	-0.34050137	-0.30247474	-0.35574362	-0.3375275	-0.10521747	-0.18861951	-0.2851688	-0.28022963	10	-0.26131716	0.117180176	0.4593463	Folding	-0.15732886	0.07054961	0.27655447
A82P	A82P	82	82	0.7634831	0.59348845	0.91717273	0.96762073	0.6463276	0.70224875	0.6282558	0.43914378	0.553809	0.5496814	10	0.67612314	0.16616762	0.6513771	Folding	0.40706736	0.100043036	0.3921687
A82Q	A82Q	82	82	0.43235826	0.2570938	0.44027182	0.4119687	0.21573961	0.38931116	0.4653737	0.428814	0.36526638	0.21350138	10	0.3619699	0.09656873	0.37854946	Folding	0.21792795	0.058140267	0.22790985
A82R	A82R	82	82	1.120898	1.0570093	1.2065064	1.1061971	1.106963	1.2210644	1.3031434	1.2351348	1.0637174	1.180112	10	1.1600747	0.08133981	0.31885204	Folding	0.6984357	0.048971523	0.19196837
A82S	A82S	82	82	0.30868533	0.22411284	0.30014336	0.2923176	0.23031956	0.26794538	0.14224137	0.16846599	0.1626143	0.23082195	10	0.23276675	0.060020864	0.2352818	Folding	0.14013977	0.03613622	0.14165398
A82T	A82T	82	82	1.334716	0.89321816	1.023062	0.9768485	1.2034104	1.0662497	1.3144462	1.0279217	1.1030334	1.0799366	10	1.1022843	0.14232627	0.55791897	Folding	0.66364235	0.08568909	0.33590123
A82V	A82V	82	82	1.258879	1.3739709	1.4328682	1.343187	1.5247865	1.4151047	1.4121953	1.445407	1.472234	1.4785138	10	1.4157145	0.07588275	0.29746038	Folding	0.8523465	0.04568604	0.17908928
A82W	A82W	82	82	1.6612824	1.4495265	1.3473784	1.3975787	1.4761664	1.4796491	1.3762952	1.4431757	1.7407609	1.5221978	10	1.489401	0.12436164	0.48749766	Folding	0.8967102	0.07487329	0.2935033
A82Y	A82Y	82	82	2.0167325	1.8475722	1.7933508	1.6497777	2.253459	1.8914851	1.8325806	1.9812689	2.269886	2.4720845	10	2.0008197	0.2558138	1.0027901	Folding	1.2046155	0.15401551	0.6037408
C117A	C117A	117	117	0.43810064	0.5564762	0.45928282	0.41549343	0.54130113	0.51974547	0.4035432	0.27014276	0.32208568	0.444108	10	0.43702793	0.09139468	0.35826716	Folding	0.26311746	0.055025168	0.21569866
C117D	C117D	117	117	0.69865185	0.79654175	0.8850148	0.45278746	0.5465248	0.5240847	0.7382314	0.621407	0.8419491	0.76367503	10	0.68688685	0.14502507	0.5684983	Folding	0.41354775	0.087313935	0.34227064
C117E	C117E	117	117	0.3272892	0.5406443	0.34894088	0.6298281	0.71143764	0.63222945	0.73604935	0.8896588	0.7519168	0.5831965	10	0.6151191	0.175992	0.68988866	Folding	0.3703392	0.10595791	0.41535503
C117F	C117F	117	117	0.6764647	0.617978	0.59214956	0.5286361	0.5523442	0.5417349	0.5937894	0.55360377	0.6495701	0.63866675	10	0.59449375	0.0503661	0.19743511	Folding	0.35792148	0.030323463	0.11886798
C117G	C117G	117	117	0.34484628	0.39103273	0.516238	0.4655903	0.46151605	0.43777123	0.4672434	0.4412355	0.44573185	0.33211935	10	0.43033248	0.05760713	0.22581995	Folding	0.2590864	0.034683004	0.13595738
C117H	C117H	117	117	0.67985994	0.74958026	1.0354836	0.933604	0.8842902	0.8845405	1.108189	1.1370949	0.93190306	0.726318	10	0.9070864	0.15680712	0.6146839	Folding	0.5461213	0.09440745	0.3700772
C117I	C117I	117	117	0.59017384	0.55928814	0.388912	0.38107687	0.47734058	0.5262129	0.60515803	0.42251313	0.4927439	0.6131403	10	0.50565594	0.08751262	0.34304947	Folding	0.3044357	0.05268793	0.2065367
C117K	C117K	117	117	1.1725454	0.99718446	1.1909863	1.0369147	1.1560315	1.2911148	1.191512	1.0447383	1.0475819	1.2117987	10	1.1340408	0.095941916	0.3760923	Folding	0.6827617	0.057762884	0.2264305
C117L	C117L	117	117	0.88187647	0.71881175	0.7199241	0.67468995	0.63402885	0.7731313	0.734873	0.842629	0.7959721	0.8017005	10	0.7577637	0.075951174	0.2977286	Folding	0.45621994	0.045727238	0.17925078
C117M	C117M	117	117	0.71568364	0.68173283	0.64623946	0.67790973	0.6585327	0.49877205	0.555857	0.84135926	0.70242375	0.78191614	10	0.6760427	0.098829985	0.38741356	Folding	0.4070189	0.059501678	0.23324658
C117N	C117N	117	117	0.58972263	0.7184583	0.7103024	0.76882297	0.45375663	0.72125506	0.84538156	0.5886715	0.59291184	0.6068037	10	0.6596087	0.11343171	0.4446523	Folding	0.39712468	0.068292804	0.2677078
C117P	C117P	117	117	1.5648354	1.7170143	1.5121336	1.5483992	1.2932379	1.5529399	1.7663465	1.5536184	1.620938	1.5775222	10	1.5706985	0.12640761	0.49551782	Folding	0.94565624	0.07610509	0.29833195
C117Q	C117Q	117	117	1.1044012	0.92775434	1.0416888	0.8943657	0.9830059	0.95579	0.8529387	0.8301306	0.8237235	0.95646405	10	0.9370263	0.09131962	0.35797292	Folding	0.564147	0.05497998	0.21552153
C117R	C117R	117	117	1.2416221	1.167691	1.2661605	1.2917057	1.1266142	1.168962	1.1446792	1.1135708	1.114877	1.1203917	10	1.1756275	0.06673815	0.26161355	Folding	0.70779943	0.040180437	0.15750732
C117S	C117S	117	117	0.2918145	0.32593146	0.19525215	0.22289875	0.18943569	0.29048985	0.3201917	0.2323416	0.3340772	0.29560295	10	0.26980358	0.05479131	0.21478194	Folding	0.16243821	0.03298771	0.12931183
C117T	C117T	117	117	0.6891764	0.5965937	0.5100204	0.6614393	0.42048028	0.6579957	0.58743405	0.45155507	0.4646864	0.48961487	10	0.5528996	0.09771271	0.38303384	Folding	0.33287928	0.05882901	0.23060971
C117V	C117V	117	117	0.3790607	0.42097285	0.3877926	0.42292267	0.39325	0.3987753	0.45054233	0.4023255	0.4169343	0.53611547	10	0.42086917	0.045483515	0.17829537	Folding	0.2533889	0.027383849	0.10734469
C117W	C117W	117	117	0.63739336	0.62160265	0.8681143	0.80818796	0.7348547	0.71726733	0.7104816	0.77071506	0.9285239	0.5698957	10	0.7367037	0.11172138	0.4379478	Folding	0.44354054	0.06726308	0.26367128
C117Y	C117Y	117	117	0.68825424	0.72161204	0.59985197	0.70043516	0.59463334	0.60442495	0.722495	0.6649748	0.60079104	0.71711826	10	0.6614591	0.055663478	0.21820083	Folding	0.3982387	0.03351281	0.13137022
C184A	C184A	184	184	-0.5829255	-0.5795912	-0.764111	-0.4826893	-0.65812284	-0.6775734	-0.58385247	-0.51353854	-0.6553159	-0.53763384	10	-0.60353535	0.085217945	0.33405435	Folding	-0.36336508	0.0513064	0.20112109
C184D	C184D	184	184	-1.5146741	-1.6820787	-1.4051393	-1.5437711	-1.5088398	-1.6463805	-1.4979669	-1.4343506	-1.4288273	-1.5483675	10	-1.5210396	0.09011114	0.35323566	Folding	-0.9157586	0.054252397	0.2126694
C184E	C184E	184	184	-1.4014746	-1.4751397	-1.3957845	-1.3258693	-1.2731955	-1.2305398	-1.6543308	-1.7480164	-1.5182111	-1.3672042	10	-1.4389766	0.16384771	0.6422831	Folding	-0.86635166	0.09864631	0.38669357
C184F	C184F	184	184	1.0601646	1.0469526	1.1475043	1.0982552	1.1906255	1.2670639	1.2731967	0.95180434	1.1654701	0.864406	10	1.1065443	0.13085428	0.5129488	Folding	0.66620713	0.07878225	0.30882645
C184G	C184G	184	184	-0.39993766	-0.5630955	-0.5098394	-0.6146471	-0.4928128	-0.6022153	-0.47113976	-0.5055924	-0.42870966	-0.3559074	10	-0.49438968	0.084411904	0.33089468	Folding	-0.29765272	0.050821114	0.19921876
C184H	C184H	184	184	-0.33547497	-0.3629716	-0.1027139	-0.09921026	-0.28150004	-0.45020825	-0.4309535	-0.4330878	-0.3412904	-0.31382588	10	-0.31512365	0.1255375	0.492107	Folding	-0.18972366	0.07558123	0.29627842
C184I	C184I	184	184	1.2064682	1.1612984	1.1699716	1.1180089	1.2514447	1.2082769	1.1185281	1.3436298	1.0012289	0.9540193	10	1.1532876	0.11418407	0.44760156	Folding	0.69434947	0.06874577	0.26948342
C184K	C184K	184	184	-0.82110953	-0.7102389	-0.7893674	-0.7410754	-0.7772543	-0.8019605	-0.6394237	-0.89038163	-0.843349	-0.64552003	10	-0.76596814	0.08214085	0.32199213	Folding	-0.46115953	0.0494538	0.19385889
C184L	C184L	184	184	0.7443408	0.951482	1.2185024	1.2502254	0.89885944	1.0662078	0.8966213	0.940538	1.1038105	1.005393	10	1.0075982	0.15532614	0.6088785	Folding	0.6066355	0.093515806	0.36658198
C184M	C184M	184	184	0.6487763	0.5168363	0.49627885	0.57193047	0.70863277	0.8055922	0.6521571	0.48618484	0.48788264	0.71255034	10	0.60868216	0.11307267	0.44324487	Folding	0.36646378	0.06807664	0.26686043
C184N	C184N	184	184	-1.1141658	-1.1271454	-0.9785102	-0.9815654	-1.1890898	-1.2500668	-1.1132182	-1.1197546	-1.2506182	-1.1914777	10	-1.1315612	0.09535837	0.37380484	Folding	-0.6812688	0.057411555	0.2250533
C184P	C184P	184	184	-0.7189264	-0.8654777	-0.5686256	-0.7251789	-0.8130054	-0.78392303	-0.7232605	-0.9200769	-0.5855935	-0.38177258	10	-0.7085841	0.15917954	0.6239838	Folding	-0.42661083	0.09583579	0.3756763
C184Q	C184Q	184	184	-1.0803332	-0.9886116	-0.96374595	-0.9929185	-1.2618868	-1.1123053	-1.0298278	-1.202926	-1.2251105	-1.1545348	10	-1.1012201	0.10714178	0.41999578	Folding	-0.66300166	0.06450588	0.25286308
C184R	C184R	184	184	-0.42160055	-0.4203799	-0.43052867	-0.33989123	-0.42950174	-0.38710213	-0.44467142	-0.4245336	-0.46110466	-0.39995158	10	-0.41592655	0.033761192	0.13234387	Folding	-0.25041315	0.020326296	0.07967908
C184S	C184S	184	184	-0.8816953	-0.9466962	-0.9610373	-1.0194042	-0.89463514	-0.92893976	-0.9680502	-1.0076783	-0.9024149	-0.8639237	10	-0.93744755	0.052572083	0.20608257	Folding	-0.56440055	0.031651597	0.124074265
C184T	C184T	184	184	-0.5762308	-0.47771275	-0.6230235	-0.57522136	-0.44248655	-0.6249534	-0.65224206	-0.6428619	-0.5819322	-0.6012111	10	-0.57978755	0.06904525	0.2706574	Folding	-0.34906745	0.041569453	0.16295226
C184V	C184V	184	184	0.89230347	0.9409772	0.93434167	1.2468946	1.1222445	0.97798413	1.0086067	0.9440026	0.8683711	0.97333676	10	0.99090624	0.11362634	0.44541526	Folding	0.596586	0.06840999	0.26816717
C184W	C184W	184	184	1.0344889	1.0825603	0.9974098	1.1901661	1.1938776	1.0873721	0.99537456	1.3004242	0.9069912	0.908006	10	1.0696671	0.12834527	0.50311345	Folding	0.6440048	0.07727168	0.302905
C184Y	C184Y	184	184	0.531479	0.48505676	0.36548823	0.38498378	0.32427302	0.2859869	0.4189158	0.35271809	0.49462065	0.4694305	10	0.41129526	0.08148804	0.31943312	Folding	0.24762483	0.04906077	0.19231822
C50A	C50A	50	50	0.70913017	0.74056363	0.77840483	0.72315216	0.8205087	0.6752781	0.6860367	0.7697471	0.7407849	0.5499803	10	0.7193586	0.07380681	0.2893227	Folding	0.43309775	0.044436198	0.1741899
C50D	C50D	50	50	0.80048686	0.6402851	0.6113123	1.0639222	0.7911501	0.5303901	0.47921184	0.46713555	0.65438384	0.82484996	10	0.6863128	0.18553598	0.72730106	Folding	0.41320214	0.11170398	0.4378796
C50E	C50E	50	50	1.0193919	0.5915937	0.5516884	0.4286028	0.56304574	0.60773075	0.7425682	0.59812057	0.46550095	0.92547536	10	0.6493718	0.19121665	0.7495693	Folding	0.3909614	0.115124084	0.4512864
C50F	C50F	50	50	0.2583983	0.22581223	0.2536345	0.1755036	0.28097132	0.05730726	0.2827347	0.13357575	0.051678292	-0.01196475	10	0.17076512	0.107553475	0.42160964	Folding	0.102811016	0.06475375	0.2538347
C50G	C50G	50	50	0.4339323	0.48410964	0.42723405	0.53829116	0.39540383	0.46425116	0.48558834	0.5728635	0.3579945	0.44138783	10	0.4601056	0.06394356	0.25065875	Folding	0.27701163	0.03849792	0.15091185
C50H	C50H	50	50	0.65664035	0.25312805	0.39027324	0.4895127	0.5612904	0.6730003	0.55692345	0.48386472	0.67102635	0.41176906	10	0.51474285	0.13730717	0.5382441	Folding	0.30990657	0.08266728	0.32405576
C50I	C50I	50	50	0.26121452	0.028166963	0.34343597	0.1433701	0.16544892	0.12164053	0.30396837	0.15558404	0.3120327	0.36100262	10	0.21958649	0.11145885	0.4369187	Folding	0.13220446	0.067105025	0.2630517
C50K	C50K	50	50	0.68095016	0.70521086	0.5128326	0.48355344	0.6986617	0.5807028	0.792713	0.73426485	0.57806563	0.647116	10	0.64140713	0.099781774	0.39114457	Folding	0.38616621	0.060074713	0.23549289
C50L	C50L	50	50	0.59984434	0.6750527	0.6160301	0.56278247	0.71867985	0.6439187	0.7595557	0.6273951	0.7298961	0.77616274	10	0.67093176	0.072334446	0.28355104	Folding	0.40394184	0.043549746	0.170715
C50M	C50M	50	50	0.78962874	0.44545612	0.75118536	0.5936618	0.3812715	0.61811703	0.4415774	0.6993359	0.87743175	0.35615474	10	0.5953821	0.18320948	0.7181812	Folding	0.3584563	0.110303275	0.43238884
C50N	C50N	50	50	0.3007359	0.2887638	0.60646653	0.73062664	0.53117204	0.61761904	0.2153862	0.7075734	0.40231985	0.50296134	10	0.49036247	0.18146616	0.71134734	Folding	0.2952281	0.1092537	0.4282745
C50P	C50P	50	50	0.4411429	0.32329226	0.6030294	0.37055123	0.7439264	0.859581	0.74016553	0.68656415	0.5624366	0.5452244	10	0.58759135	0.17402655	0.6821841	Folding	0.35376582	0.104774594	0.4107164
C50Q	C50Q	50	50	1.0386627	0.693219	1.030234	0.7930565	0.73671174	1.024726	0.75562465	0.9294271	0.59069926	0.8059776	10	0.83983386	0.15727572	0.6165208	Folding	0.5056312	0.09468957	0.37118313
C50R	C50R	50	50	0.6830129	0.5933714	0.70673466	0.54782474	0.5991209	0.7151876	0.65103066	0.7133505	0.64005566	0.59404993	10	0.6443739	0.059367478	0.23272052	Folding	0.3879524	0.03574284	0.14011194
C50S	C50S	50	50	0.6513126	0.38020706	0.63724536	0.5398899	0.56941485	0.48279274	0.52050275	0.59216446	0.51346284	0.41700217	10	0.53039944	0.08789584	0.3445517	Folding	0.3193328	0.052918654	0.20744112
C50T	C50T	50	50	0.43835393	0.60553145	0.59604555	0.41083643	0.51501155	0.42824224	0.37119994	0.602169	0.59207565	0.43218088	10	0.49916467	0.09284687	0.36395973	Folding	0.30052757	0.05589948	0.21912596
C50V	C50V	50	50	0.24982435	0.084074296	0.35735872	0.27167043	0.0059357025	0.119420975	0.2396635	0.21177338	0.18752414	0.12616168	10	0.18534073	0.102818176	0.40304726	Folding	0.11158642	0.06190281	0.24265902
C50W	C50W	50	50	0.26785904	0.13781057	0.35412332	0.1464467	0.22816187	0.32913497	0.039956186	0.17423707	0.18292949	0.26512274	10	0.2125782	0.09533058	0.37369588	Folding	0.12798505	0.05739482	0.2249877
C50Y	C50Y	50	50	0.39472464	0.0056864927	0.13699402	0.15280524	0.0722467	0.14491425	0.2161424	0.23279814	0.120804526	0.072284035	10	0.15494004	0.1079318	0.42309266	Folding	0.09328335	0.06498153	0.2547276
C79A	C79A	79	79	0.98464906	0.9615482	1.0139891	0.93223906	0.97404027	0.9432653	1.0190972	0.8881232	0.76805705	0.9867095	10	0.9471718	0.074042976	0.29024848	Folding	0.57025516	0.044578385	0.17474727
C79D	C79D	79	79	2.598039	2.1831667	1.9280443	2.2367241	2.506866	2.0475857	2.3882866	2.437201	2.5635602	2.140442	10	2.3029916	0.22919922	0.8984609	Folding	1.3865414	0.1379919	0.5409283
C79E	C79E	79	79	2.058555	1.9373435	2.3764565	2.2013044	2.2270718	2.2237983	2.4898362	2.024698	2.2616315	2.0153103	10	2.1816003	0.17342694	0.67983365	Folding	1.3134564	0.10441359	0.40930128
C79F	C79F	79	79	-0.18690015	-0.14944862	-0.120408654	-0.18480913	-0.10971845	-0.10291794	-0.09434766	-0.11810239	-0.08782552	-0.09202458	10	-0.124650314	0.036823846	0.14434949	Folding	-0.07504709	0.022170201	0.08690719
C79G	C79G	79	79	1.2762263	1.350597	1.2899892	1.3417579	1.3305706	1.264273	1.4454815	1.3079967	1.2780104	1.3109952	10	1.3195899	0.052889638	0.20732738	Folding	0.7944735	0.031842787	0.12482373
C79H	C79H	79	79	1.6532668	1.2635324	1.434402	1.5466022	1.4382136	1.347055	1.6542065	1.3295363	1.4357406	1.5063487	10	1.4608903	0.13115035	0.5141094	Folding	0.87954503	0.07896051	0.3095252
C79I	C79I	79	79	-0.38550207	-0.28703523	-0.2916114	-0.43792346	-0.37839973	-0.41479078	-0.33556554	-0.37757614	-0.39034808	-0.32697153	10	-0.36257237	0.050459594	0.1978016	Folding	-0.21829067	0.030379752	0.11908863
C79K	C79K	79	79	2.413446	2.6555164	1.9694006	2.3163018	2.5058923	2.1701932	2.7232327	2.4166317	2.4856443	2.5685601	10	2.4224818	0.225429	0.8836817	Folding	1.4584818	0.135722	0.5320302
C79L	C79L	79	79	-0.120312124	-0.14010088	-0.26006454	-0.28544977	-0.2800791	-0.1968655	-0.18882056	-0.27419898	-0.34624195	-0.22079027	10	-0.2312924	0.0706535	0.2769617	Folding	-0.13925213	0.042537715	0.16674785
C79M	C79M	79	79	-0.115591586	-0.073721	-0.059421483	0.057102583	-0.19999653	-0.04386033	0.013548177	0.0068206387	0.17943622	0.10877806	10	-0.012690525	0.11063442	0.4336869	Folding	-0.0076404694	0.06660867	0.26110598
C79N	C79N	79	79	1.6845183	1.469052	1.4194984	1.4772463	1.3403811	1.7407631	1.8720444	1.7855339	1.7719237	1.8715662	10	1.6432527	0.19781731	0.77544385	Folding	0.98933834	0.11909808	0.4668645
C79P	C79P	79	79	2.5672333	2.1633406	2.3339648	2.3550224	2.2175117	2.3248887	2.3484588	2.8268902	2.5998938	2.3155587	10	2.4052765	0.20027849	0.7850917	Folding	1.4481231	0.12057986	0.47267306
C79Q	C79Q	79	79	1.6018865	1.3996726	1.5792779	1.327977	1.420724	1.8418615	1.3374871	1.4929303	1.7843279	1.6615855	10	1.5447731	0.18038344	0.70710313	Folding	0.9300476	0.10860183	0.42571917
C79R	C79R	79	79	2.0928328	2.024343	1.9220102	2.2032132	2.0603473	2.0752313	2.126917	1.97545	1.9868051	2.061897	10	2.0529046	0.08070314	0.3163563	Folding	1.2359737	0.04858821	0.19046578
C79S	C79S	79	79	1.3683854	1.3918991	1.4668144	1.3166145	1.4653805	1.4590212	1.3464404	1.3858542	1.2268519	1.2235909	10	1.3650854	0.08957884	0.35114905	Folding	0.8218646	0.05393192	0.21141313
C79T	C79T	79	79	1.0151817	0.99463975	0.79516864	0.9713744	0.8610408	1.014661	0.90685165	0.84380263	0.97654885	1.0866735	10	0.94659424	0.09139287	0.35826004	Folding	0.5699074	0.05502408	0.2156944
C79V	C79V	79	79	-0.33603683	-0.117687486	-0.2959359	-0.38580403	-0.31778145	-0.3469137	-0.26529726	-0.27483577	-0.22808003	-0.18489967	10	-0.2753272	0.08069356	0.31631875	Folding	-0.16576377	0.048582442	0.19044317
C79W	C79W	79	79	1.0028313	0.9681712	0.8487126	1.0331992	0.87643605	0.99105185	0.9122218	0.98643374	0.9698542	0.95207465	10	0.9540987	0.05810393	0.22776741	Folding	0.5744256	0.034982108	0.13712986
C79Y	C79Y	79	79	0.3382668	0.12214217	0.19603479	0.24939483	0.3337754	0.34136802	0.27756053	0.36478716	0.21261935	0.23013487	10	0.2666084	0.07844809	0.30751652	Folding	0.1605145	0.04723053	0.18514368
D104A	D104A	104	104	0.3575181	0.32237998	0.41344172	0.31485972	0.32763317	0.30908176	0.4120665	0.24029669	0.29064056	0.34588784	10	0.3333806	0.052619316	0.20626771	Folding	0.20071545	0.031680036	0.12418575
D104C	D104C	104	104	0.16076677	0.12531345	0.10739121	0.12645866	0.03850465	-0.04040834	0.085171156	0.048366684	0.3629093	0.053778853	10	0.10682525	0.106594756	0.41785145	Folding	0.06431531	0.064176545	0.25157207
D104E	D104E	104	104	0.022224942	0.08573835	0.04358823	0.1456407	0.05367187	-0.03139817	0.05515297	-0.21560335	0.080666415	0.025955219	10	0.026563719	0.09688124	0.37977448	Folding	0.015992979	0.058328412	0.22864738
D104F	D104F	104	104	0.52864605	0.6289053	0.7202176	0.5741086	0.57516074	0.6516193	0.70472986	0.6482338	0.55980587	0.61033124	10	0.62017584	0.06260776	0.24542241	Folding	0.37338367	0.037693687	0.14775926
D104G	D104G	104	104	-0.3152707	-0.27744204	-0.17713252	-0.20766464	-0.2742223	-0.22184068	-0.38529003	-0.36280572	-0.39968365	-0.29937428	10	-0.29207265	0.07576675	0.29700565	Folding	-0.17584555	0.045616202	0.17881551
D104H	D104H	104	104	0.20188248	0.4549309	0.40311438	0.37122965	0.37545204	0.33546296	0.1903152	0.07181124	0.29690054	0.23359972	10	0.2934699	0.117558755	0.46083033	Folding	0.17668678	0.070777535	0.27744794
D104I	D104I	104	104	1.0008502	1.1388743	1.0630218	0.7205386	0.9822926	0.8472697	1.1672854	0.9141232	0.9264403	1.1594129	10	0.9920109	0.14550364	0.5703743	Folding	0.59725106	0.087602064	0.3434001
D104K	D104K	104	104	0.13414963	0.17606859	0.23446062	0.039723247	-0.019885458	-0.0045095934	0.15822063	-0.33024344	-0.020880742	-0.036208764	10	0.033089478	0.16015764	0.6278179	Folding	0.019921884	0.09642466	0.37798467
D104L	D104L	104	104	0.620604	0.43626606	0.52533394	0.32954904	0.40296808	0.30105773	0.3084265	0.30704537	0.25905788	0.5696327	10	0.40599412	0.12726113	0.49886364	Folding	0.24443321	0.07661896	0.30034634
D104M	D104M	104	104	0.18945803	0.16280217	-0.015823357	-0.1766503	0.20938553	0.083868474	-0.062134136	0.14545402	-0.025397656	0.06889987	10	0.05798626	0.1253956	0.49155074	Folding	0.034911264	0.075495794	0.29594353
D104N	D104N	104	104	-0.26998255	0.17520484	-0.008060643	-0.11394621	-0.21275425	-0.012957098	-0.056342024	-0.26310593	-0.22779338	-0.25539082	10	-0.12451281	0.14777887	0.5792932	Folding	-0.0749643	0.08897189	0.3487698
D104P	D104P	104	104	0.9679251	1.0457158	0.95373905	1.143793	0.82418394	0.95261425	0.89039505	0.99791926	1.1763846	1.219878	10	1.0172548	0.12805817	0.501988	Folding	0.6124494	0.077098824	0.3022274
D104Q	D104Q	104	104	0.07828792	0.3332087	0.5438577	0.3085626	0.077424526	0.039155535	0.20454907	-0.34311604	-0.19612463	-0.16291472	10	0.08828906	0.2712732	1.063391	Folding	0.053155396	0.163323	0.6402262
D104R	D104R	104	104	0.26298398	0.3202432	0.3339161	0.31829357	0.17270947	0.3150372	0.2635911	0.13964309	0.28874356	0.14108193	10	0.2556243	0.07632061	0.2991768	Folding	0.15390141	0.04594966	0.18012267
D104S	D104S	104	104	0.4776533	0.3616553	0.31388688	0.23057395	0.3344984	0.31418335	0.36801165	0.28618926	0.5454389	0.4224908	10	0.3654582	0.093677364	0.36721528	Folding	0.22002812	0.056399487	0.221086
D104T	D104T	104	104	0.91841656	1.0521785	0.8036886	0.890502	0.7643478	0.7670769	0.74575657	0.8978829	0.7690027	0.9792143	10	0.8588067	0.10498437	0.41153875	Folding	0.517054	0.06320699	0.24777141
D104V	D104V	104	104	0.6589024	0.6036771	0.7053116	0.50635856	0.6394224	0.70236766	0.7225863	0.6606171	0.67368615	0.62362295	10	0.64965516	0.06272395	0.24587789	Folding	0.39113203	0.03776364	0.14803347
D104W	D104W	104	104	0.8117655	0.98552525	1.0646167	1.0733538	0.9255568	0.9901502	1.01303	0.8957664	0.9583763	0.9942416	10	0.97123826	0.07843213	0.30745396	Folding	0.58474463	0.047220923	0.18510602
D104Y	D104Y	104	104	0.7468761	0.71810824	0.87535787	0.6516139	0.76856434	0.5666152	0.73985684	0.666916	0.7865389	0.74618477	10	0.72666323	0.08386848	0.32876444	Folding	0.43749556	0.05049394	0.19793625
D107A	D107A	107	107	0.7462552	0.77563375	0.6651933	0.58525234	0.535052	0.82909316	0.55796915	0.675541	0.6565126	0.85178244	10	0.6878285	0.11071988	0.43402195	Folding	0.41411468	0.06666012	0.2613077
D107C	D107C	107	107	0.5498572	0.6138671	0.520185	0.88660556	0.6999749	0.559986	0.5763727	0.67169756	0.43525806	0.5420451	10	0.6055849	0.12414213	0.48663718	Folding	0.36459905	0.07474113	0.29298523
D107E	D107E	107	107	0.17495266	0.44081372	0.31743464	0.43651882	0.3697126	0.33006972	0.35860813	0.41694406	0.29145488	0.2683012	10	0.340481	0.08298075	0.32528454	Folding	0.20499033	0.049959473	0.19584113
D107F	D107F	107	107	0.24936442	0.50052387	0.5038616	0.3365897	0.34832248	0.14462197	0.23531404	0.24201316	0.29202992	0.31891423	10	0.31715554	0.114102505	0.44728184	Folding	0.19094697	0.06869666	0.26929092
D107G	D107G	107	107	0.72614837	0.77036077	0.7646525	0.81535184	0.74840814	0.7884494	0.7501527	0.6265438	0.7532521	0.8351507	10	0.757847	0.0566047	0.22189042	Folding	0.4562701	0.03407948	0.13359156
D107H	D107H	107	107	0.20236686	0.21131897	0.42210922	-0.02220461	0.09036097	0.18325442	0.40795398	0.20886463	0.37932226	0.09585146	10	0.21791983	0.14691566	0.5759094	Folding	0.13120103	0.08845218	0.34673256
D107I	D107I	107	107	0.71114063	0.81236535	0.89630055	0.8070281	0.73769826	0.5773479	0.669171	0.7336556	0.78836715	0.6440679	10	0.7377142	0.093095146	0.36493298	Folding	0.4441489	0.056048956	0.21971191
D107K	D107K	107	107	0.44165412	0.4829605	0.62159306	0.60012066	0.41693935	0.3537375	0.70087564	0.6877648	0.71425176	0.72273815	10	0.5742636	0.13855098	0.54311985	Folding	0.3457417	0.08341614	0.3269913
D107L	D107L	107	107	0.83493125	0.7447207	1.164424	0.98037034	1.0173419	0.93716687	0.9289331	0.6440157	0.7871497	0.7619594	10	0.8801012	0.15422615	0.6045665	Folding	0.52987456	0.092853546	0.3639859
D107M	D107M	107	107	0.7638642	0.783212	0.72285646	0.71955985	0.77444035	0.78496957	0.82747257	0.780154	0.7069666	0.7272261	10	0.7590722	0.038351554	0.1503381	Folding	0.45700774	0.023089975	0.09051271
D107N	D107N	107	107	0.5330292	0.32466015	0.24849497	0.37315324	0.41673297	0.2850054	0.20227905	0.19180241	0.29955944	0.27157095	10	0.31462878	0.10365049	0.40630993	Folding	0.1894257	0.062403914	0.24462335
D107P	D107P	107	107	1.1866221	1.2420094	1.0548836	1.2642156	1.0874188	1.1979285	1.0667745	0.91808456	1.1201739	1.3258351	10	1.1463946	0.1204167	0.47203347	Folding	0.69019943	0.072498195	0.28419292
D107Q	D107Q	107	107	0.85299003	0.7946389	0.78295374	0.64781976	0.8331428	0.49007174	0.53467494	0.8178992	0.6319705	0.82181823	10	0.72079796	0.13339089	0.5228923	Folding	0.4339643	0.08030945	0.31481305
D107R	D107R	107	107	0.7321812	1.0016057	0.78480417	0.7164989	0.6896136	0.8370264	0.9922932	0.8130604	0.81448233	0.84205383	10	0.82236195	0.10547704	0.41347	Folding	0.49511203	0.06350361	0.24893415
D107S	D107S	107	107	0.4280298	0.5194844	0.33074948	0.3487784	0.34779418	0.37321118	0.30062437	0.28890893	0.39483717	0.25646922	10	0.35888872	0.07591491	0.29758647	Folding	0.21607289	0.045705404	0.17916518
D107T	D107T	107	107	0.5236538	0.43863317	0.6253643	0.5153402	0.37214136	0.49842304	0.39526966	0.30148035	0.50530744	0.35856882	10	0.4534182	0.097375594	0.38171235	Folding	0.2729854	0.058626045	0.2298141
D107V	D107V	107	107	0.57118815	0.50305593	0.5889133	0.4501458	0.60566646	0.5577979	0.68398124	0.455939	0.7190388	0.4354184	10	0.5571145	0.0973497	0.38161084	Folding	0.33541688	0.058610458	0.229753
D107W	D107W	107	107	0.5720382	0.76124084	0.6881429	0.6192028	0.56148976	0.59186804	0.4222454	0.5262128	0.79500663	0.59309137	10	0.6130539	0.11049388	0.43313605	Folding	0.36909583	0.06652406	0.2607743
D107Y	D107Y	107	107	0.37592727	0.4819763	0.4122228	0.38270795	0.30492347	0.37215397	0.40763986	0.30567968	0.31519145	0.36602375	10	0.3724447	0.055047013	0.2157843	Folding	0.22423442	0.033141658	0.1299153
D118A	D118A	118	118	2.0500808	2.219691	2.1289518	2.3803585	2.4746022	2.1043003	2.4194367	2.4059653	2.5598521	2.4195623	10	2.3162804	0.1757745	0.6890361	Folding	1.394542	0.10582697	0.4148417
D118C	D118C	118	118	1.9467441	1.982362	2.1150076	1.8477656	1.5668452	1.2845378	1.4176222	1.7167428	2.0410028	1.9916261	10	1.7910258	0.28353044	1.1114393	Folding	1.0783067	0.17070262	0.6691543
D118E	D118E	118	118	0.67919594	0.57559884	0.5329727	0.59656006	0.66389585	0.5147787	0.57421964	0.64159465	0.56685483	0.4442026	10	0.57898736	0.07154496	0.28045624	Folding	0.3485857	0.04307443	0.16885176
D118F	D118F	118	118	2.6106255	2.4948647	2.0867093	2.7747474	2.9495451	3.2277925	2.999422	2.8151836	3.284001	2.4408019	10	2.7683692	0.37074053	1.4533029	Folding	1.6667271	0.22320841	0.874977
D118G	D118G	118	118	1.1915388	1.2516373	1.3149072	1.2829512	1.1435013	1.3089445	1.0723109	1.3461745	1.2794998	1.0694318	10	1.2260898	0.10116905	0.3965827	Folding	0.7381808	0.060909938	0.23876697
D118H	D118H	118	118	2.00333	1.8841146	1.9799098	1.733513	2.054398	1.6265486	1.9939522	2.0804632	1.9044944	2.1041236	10	1.9364849	0.1539901	0.6036412	Folding	1.165882	0.092711434	0.36342883
D118I	D118I	118	118	2.7310133	2.6691687	2.952671	2.9834235	2.9124956	2.7015805	3.4917855	3.2132175	2.885946	3.2477067	10	2.9789007	0.26630372	1.0439106	Folding	1.7934798	0.16033107	0.6284978
D118K	D118K	118	118	1.9245069	2.3582401	2.4585538	2.2155588	2.2596102	2.5815203	2.3065443	2.4189231	2.1761236	2.3997	10	2.3099282	0.18136118	0.71093583	Folding	1.3907176	0.109190494	0.42802674
D118L	D118L	118	118	2.6089623	2.7926211	2.7782593	2.1509714	2.8085296	2.5193677	2.4876761	2.2166815	2.5102172	2.5736492	10	2.5446937	0.22565693	0.8845752	Folding	1.5320607	0.13585924	0.5325682
D118M	D118M	118	118	2.210198	2.1381907	2.4653165	2.2138906	2.3177512	2.3763607	2.2491558	2.4748607	1.9758223	2.2579482	10	2.2679496	0.15088098	0.59145343	Folding	1.365444	0.09083955	0.35609105
D118N	D118N	118	118	1.40026	1.226587	1.4435518	1.4709414	1.4100955	1.5654905	1.3482428	1.4442149	1.4545444	1.3390963	10	1.4103024	0.09113318	0.35724205	Folding	0.849088	0.05486773	0.2150815
D118P	D118P	118	118	2.3885834	2.4282205	2.3448675	2.5031967	1.7436571	2.3459089	1.9023921	2.621142	1.9317251	2.1411698	10	2.2350864	0.29043153	1.1384916	Folding	1.3456583	0.17485748	0.6854413
D118Q	D118Q	118	118	2.0911024	2.2259598	2.123262	2.1266708	2.4318514	2.3101885	2.4059396	2.5192308	1.8919815	2.1034272	10	2.2229617	0.19233766	0.75396365	Folding	1.3383585	0.115799	0.4539321
D118R	D118R	118	118	2.561692	2.6709435	2.9801764	2.3906066	2.629166	2.856108	2.938507	2.8586454	2.6460736	2.5031278	10	2.7035048	0.19640705	0.76991564	Folding	1.6276747	0.11824902	0.46353617
D118S	D118S	118	118	2.1948018	1.9831244	2.2008557	2.0603077	2.606937	2.3038228	2.339397	2.243798	2.4600656	2.2500439	10	2.2643151	0.18045534	0.70738494	Folding	1.3632557	0.10864512	0.42588887
D118T	D118T	118	118	2.3758354	2.1315007	1.941932	1.8355658	1.828016	2.56691	2.2355974	2.2986133	2.1676793	2.198465	10	2.1580114	0.23627317	0.92619085	Folding	1.2992544	0.14225085	0.5576233
D118V	D118V	118	118	2.194037	2.059859	2.492483	2.2640202	2.2947648	2.5022027	2.5999606	2.6439319	1.9725307	2.1358244	10	2.3159614	0.2328712	0.91285515	Folding	1.3943499	0.14020267	0.54959446
D118W	D118W	118	118	2.3380048	2.5519588	2.4888184	2.5251284	2.5932152	2.8290195	2.9063032	2.9891498	2.9338195	2.807718	10	2.6963134	0.22323155	0.8750677	Folding	1.623345	0.13439901	0.52684414
D118Y	D118Y	118	118	2.1982002	2.137409	2.003146	1.8933836	1.7496533	1.8839301	2.116897	2.058705	2.089644	2.218799	10	2.0349767	0.15146461	0.5937413	Folding	1.22518	0.091190934	0.35746846
D125A	D125A	125	125	0.31757474	0.36749488	0.440877	0.4547489	0.35381317	0.4004748	0.33746475	0.3880142	0.3662666	0.36243427	10	0.37891635	0.04321851	0.16941656	Folding	0.22813074	0.026020177	0.1019991
D125C	D125C	125	125	0.40041918	0.45935708	0.36960968	0.45883927	0.42062694	0.41977373	0.34317204	0.35672143	0.4710451	0.37662405	10	0.40761885	0.04575462	0.17935811	Folding	0.2454114	0.02754707	0.10798452
D125E	D125E	125	125	0.040056366	0.18855223	0.21892855	0.17177899	0.23470084	0.22134133	0.26152515	0.16320875	0.09895273	0.031454016	10	0.16304989	0.08071312	0.31639546	Folding	0.098165974	0.04859422	0.19048935
D125F	D125F	125	125	0.341475	0.36483428	0.25965294	0.38791987	0.3213124	0.26927602	0.2941792	0.38493687	0.4110624	0.36271507	10	0.3397364	0.05207473	0.20413294	Folding	0.20454203	0.031352162	0.12290048
D125G	D125G	125	125	0.3186466	0.32105026	0.34952137	0.30191875	0.3578021	0.32653978	0.3429394	0.30158922	0.3092213	0.28479037	10	0.3214019	0.02327269	0.09122895	Folding	0.19350354	0.014011578	0.054925386
D125H	D125H	125	125	0.4744872	0.4962446	0.55722183	0.441964	0.4485944	0.38901404	0.5183933	0.3553666	0.48274803	0.49273935	10	0.46567732	0.059716895	0.23409024	Folding	0.28036615	0.035953213	0.1409366
D125I	D125I	125	125	0.6118396	0.6982419	0.61517155	0.69446313	0.66806835	0.58452576	0.62804276	0.5792883	0.65290004	0.68153304	10	0.6414075	0.043885604	0.17203157	Folding	0.38616642	0.02642181	0.10357349
D125K	D125K	125	125	0.5980256	0.51166105	0.75223404	0.64470875	0.65749925	0.6718979	0.6730778	0.667816	0.7766776	0.5296574	10	0.64832556	0.08446305	0.33109516	Folding	0.3903315	0.050851908	0.19933948
D125L	D125L	125	125	0.56874335	0.5384645	0.58442646	0.55097127	0.5713013	0.46567887	0.46414006	0.47341746	0.53181237	0.53134245	10	0.5280298	0.045120973	0.17687422	Folding	0.31790614	0.027165577	0.10648906
D125M	D125M	125	125	0.50298786	0.45852515	0.44727957	0.39938366	0.36472547	0.42667478	0.48652178	0.39627928	0.3540176	0.48503917	10	0.4321434	0.05242685	0.20551325	Folding	0.26017666	0.03156416	0.12373152
D125N	D125N	125	125	0.36430344	0.32452202	0.2987545	0.2555513	0.40314975	0.26114503	0.3390411	0.39625865	0.28686574	0.37333512	10	0.33029264	0.0537764	0.21080348	Folding	0.19885631	0.03237667	0.12691654
D125P	D125P	125	125	0.7479018	0.69350064	0.72365385	0.7315151	0.7268298	0.728069	0.74197626	0.65970933	0.64197505	0.78867304	10	0.71838033	0.042990956	0.16852455	Folding	0.43250877	0.025883177	0.10146206
D125Q	D125Q	125	125	0.43739265	0.5074865	0.43247935	0.5062004	0.4062962	0.3476786	0.44737932	0.34538418	0.5016381	0.4929601	10	0.44248956	0.06165146	0.24167374	Folding	0.2664057	0.03711794	0.14550233
D125R	D125R	125	125	0.6887448	0.79488945	0.82813257	0.790664	0.7321082	0.8301091	0.7952573	0.7518164	0.80443704	0.74987763	10	0.7766036	0.044969745	0.17628141	Folding	0.4675627	0.027074529	0.10613216
D125S	D125S	125	125	0.2530353	0.24700184	0.25322765	0.23585036	0.23152444	0.20012386	0.235508	0.1746926	0.18990545	0.19914846	10	0.22200179	0.028474687	0.11162078	Folding	0.13365862	0.017143497	0.06720251
D125T	D125T	125	125	0.3917424	0.41772908	0.46145135	0.39431465	0.36071914	0.37235507	0.31358618	0.3804267	0.35596538	0.37255794	10	0.3820848	0.039202265	0.15367289	Folding	0.23003834	0.023602154	0.092520446
D125V	D125V	125	125	0.4927044	0.48833618	0.48595008	0.45108578	0.45770752	0.4377118	0.4869695	0.40655652	0.48427373	0.56885624	10	0.47601518	0.04292759	0.16827615	Folding	0.28659016	0.025845027	0.1013125
D125W	D125W	125	125	0.6926675	0.7348203	0.66571015	0.66536725	0.643407	0.70138574	0.64306456	0.6219854	0.61954576	0.6317463	10	0.66197	0.037775204	0.1480788	Folding	0.3985463	0.022742976	0.08915246
D125Y	D125Y	125	125	0.43692753	0.5260607	0.519403	0.5486237	0.37069643	0.42051193	0.36922413	0.37238434	0.3885334	0.381573	10	0.4333938	0.07142191	0.27997386	Folding	0.2609295	0.043000344	0.16856135
D131A	D131A	131	131	0.30573568	0.41528043	0.34626615	0.33145928	0.35609376	0.24348146	0.4168282	0.21598032	0.40180704	0.43502206	10	0.34679544	0.07468393	0.292761	Folding	0.208792	0.044964276	0.17625996
D131C	D131C	131	131	0.69472706	0.6825926	0.67443824	0.7411999	0.7165209	0.76956934	0.5866332	0.53637254	0.59938616	0.7444538	10	0.6745894	0.076784514	0.3009953	Folding	0.40614393	0.04622896	0.18121752
D131E	D131E	131	131	0.02937253	0.049454838	-0.074461855	0.19010447	0.23552735	0.15247844	0.047854893	0.07548635	0.011485761	0.114517614	10	0.083182044	0.091746986	0.3596482	Folding	0.050080664	0.05523728	0.21653013
D131F	D131F	131	131	1.0208082	0.9368497	1.0788584	1.1012704	0.98219866	0.9069522	1.0556309	0.8034908	1.0159178	0.82542354	10	0.97274005	0.102675326	0.40248728	Folding	0.58564883	0.061816808	0.2423219
D131G	D131G	131	131	0.60610175	0.6291526	0.7286662	0.69902647	0.74582535	0.7131764	0.768106	0.66909903	0.70203876	0.6005125	10	0.68617046	0.05822865	0.22825631	Folding	0.41311646	0.0350572	0.13742422
D131H	D131H	131	131	0.57344747	0.7434091	0.89603776	0.7213695	0.79407173	0.5889507	0.6667502	0.6618084	0.62159115	0.7586811	10	0.70261174	0.10003119	0.39212227	Folding	0.42301512	0.060224876	0.23608151
D131I	D131I	131	131	0.71975785	0.62606835	0.640924	0.5755667	0.5377449	0.7646659	0.7334474	0.72840166	0.76581764	0.7163926	10	0.6808787	0.08042119	0.31525105	Folding	0.4099305	0.04841846	0.18980037
D131K	D131K	131	131	0.52893734	0.30312112	0.4041454	0.46303505	0.5172184	0.36108172	0.39380157	0.34036672	0.3181154	0.43987778	10	0.40697008	0.0793444	0.31103006	Folding	0.2450208	0.047770165	0.18725905
D131L	D131L	131	131	0.46964276	0.64211786	0.6143196	0.65817577	0.71308655	0.61963063	0.62170213	0.5577612	0.5998252	0.5954999	10	0.60917616	0.064086474	0.25121897	Folding	0.36676118	0.038583964	0.15124914
D131M	D131M	131	131	0.6719437	0.63414854	0.6200988	0.59934723	0.66488457	0.63439447	0.59934574	0.7180298	0.6458556	0.63016975	10	0.64182186	0.03589051	0.14069079	Folding	0.3864159	0.021608274	0.08470444
D131N	D131N	131	131	0.39804816	0.31722906	0.42055085	0.40592834	0.31829077	0.39684987	0.49675044	0.63136685	0.5060955	0.31141794	10	0.42025274	0.101045206	0.3960972	Folding	0.25301778	0.060835376	0.23847468
D131P	D131P	131	131	2.021009	1.8467313	1.7767365	2.283049	1.7497948	1.9103563	2.0991566	1.9851476	1.9074216	1.9658529	10	1.9545256	0.15763701	0.6179371	Folding	1.1767436	0.0949071	0.37203583
D131Q	D131Q	131	131	0.39153597	0.45174915	0.40145555	0.5794516	0.45688307	0.49691147	0.5484572	0.48181546	0.5813564	0.47730753	10	0.48669234	0.06668868	0.26141962	Folding	0.29301846	0.04015065	0.15739055
D131R	D131R	131	131	0.84250826	0.7180601	0.8012407	0.73984635	0.7481432	0.7555062	0.7324225	0.7228049	0.75790936	0.75489455	10	0.75733364	0.03791459	0.1486252	Folding	0.45596102	0.022826895	0.08948143
D131S	D131S	131	131	0.53120095	0.49911904	0.57902974	0.54289407	0.5747819	0.5533891	0.47374985	0.4969196	0.5163992	0.51669776	10	0.5284182	0.034436762	0.13499211	Folding	0.31813997	0.02073303	0.08127348
D131T	D131T	131	131	0.6271403	0.6237641	0.5080513	0.6877999	0.51565444	0.6334108	0.5300068	0.61283183	0.6407606	0.60392326	10	0.5983344	0.060007352	0.23522882	Folding	0.36023378	0.036128085	0.1416221
D131V	D131V	131	131	0.62497264	0.6319176	0.69252694	0.72214407	0.6925706	0.6782017	0.8370749	0.7206495	0.71861243	0.7576579	10	0.70763284	0.06114197	0.23967654	Folding	0.42603812	0.036811195	0.1442999
D131W	D131W	131	131	1.1643158	1.1900527	1.1100208	1.3033011	1.1892464	0.83431065	1.1024177	1.0795875	0.9986743	0.8975006	10	1.0869429	0.14229237	0.5577861	Folding	0.6544059	0.08566868	0.33582124
D131Y	D131Y	131	131	0.8718416	0.747382	0.78993446	0.91829723	0.81817985	0.8536554	0.808018	0.74262005	0.7225675	0.752482	10	0.80249786	0.063929595	0.250604	Folding	0.48315266	0.038489513	0.15087889
D152A	D152A	152	152	0.2479364	0.107810594	0.15781567	0.12143875	0.13588874	0.14645672	0.10279529	0.10245539	0.15159883	0.13573352	10	0.14099298	0.042614028	0.167047	Folding	0.08488637	0.025656244	0.100572474
D152C	D152C	152	152	0.2975054	0.3456584	0.29869884	0.23150292	0.3011628	0.14099474	0.40861624	0.23483314	0.26302174	0.15199414	10	0.26739886	0.08216342	0.3220806	Folding	0.16099042	0.049467392	0.19391218
D152E	D152E	152	152	0.18012846	0.107548274	0.084304534	0.24004252	0.15027925	0.12082431	0.08848923	0.05191148	0.039557636	0.12729353	10	0.11903794	0.060107544	0.23562157	Folding	0.071668096	0.036188405	0.14185855
D152F	D152F	152	152	0.5726283	0.3805521	0.37907112	0.5022955	0.37153843	0.3156324	0.37707013	0.3917277	0.52352524	0.3217591	10	0.41358	0.08764782	0.34357944	Folding	0.24900037	0.05276933	0.20685577
D152G	D152G	152	152	0.4539266	0.41178873	0.32534274	0.35687545	0.48357442	0.41585192	0.3545571	0.4418354	0.6404643	0.43634474	10	0.43205613	0.08844318	0.34669727	Folding	0.26012415	0.05324819	0.2087329
D152H	D152H	152	152	0.24693398	0.3333282	0.27885023	0.36362544	0.38615552	0.50729305	0.3320036	0.17532788	0.2528706	0.31562835	10	0.31920165	0.090775184	0.35583872	Folding	0.19217886	0.054652195	0.21423662
D152I	D152I	152	152	0.2545784	0.118786685	0.20363781	0.32234657	0.3140577	0.09935512	0.15947242	0.09573481	0.12796871	0.245347	10	0.19412853	0.086351156	0.33849654	Folding	0.11687721	0.05198866	0.20379555
D152K	D152K	152	152	0.56454766	0.3031787	0.3126196	0.08749521	0.41496572	0.28067446	0.3673273	0.17568523	0.36689183	0.14431845	10	0.3017704	0.14046381	0.5506182	Folding	0.18168418	0.08456778	0.3315057
D152L	D152L	152	152	0.3815464	0.46236107	0.38815922	0.30511713	0.38370594	0.25818685	0.40826875	0.23889223	0.22439763	0.24187982	10	0.32925153	0.08534742	0.33456188	Folding	0.19822949	0.051384352	0.20142667
D152M	D152M	152	152	0.08265953	0.15027955	-0.022607366	-0.13686302	-0.03372012	0.075657815	0.06343654	0.087797284	0.1339348	0.03685743	10	0.04374324	0.08654807	0.33926845	Folding	0.026336098	0.052107215	0.20426029
D152N	D152N	152	152	0.25167987	0.32272172	0.24158388	0.20853601	0.28776667	0.2386294	0.24493721	0.13979493	0.31695032	0.14552976	10	0.239813	0.06250901	0.24503532	Folding	0.14438204	0.037634235	0.1475262
D152P	D152P	152	152	0.4457101	0.66531724	0.74016863	0.58365244	0.45801544	0.59670585	0.6748164	0.5557414	0.39373454	0.50874484	10	0.5622607	0.11172555	0.43796414	Folding	0.33851522	0.06726559	0.2636811
D152Q	D152Q	152	152	0.25307432	0.30558	0.2710041	0.2767025	0.35329893	0.15200119	0.31971222	0.74874777	0.38989893	0.33905783	10	0.34090778	0.15740857	0.6170416	Folding	0.20524727	0.09476955	0.37149665
D152R	D152R	152	152	0.3208679	0.15718895	0.3085249	0.27993527	0.3390525	0.32935196	0.3895461	0.29431924	0.22882448	0.19646622	10	0.28440773	0.07078697	0.27748492	Folding	0.1712308	0.04261807	0.16706283
D152S	D152S	152	152	0.30533558	0.3856103	0.187476	0.2664437	0.30506265	0.24312954	0.22525577	0.30065483	0.20729132	0.21995878	10	0.26462182	0.060071845	0.23548163	Folding	0.15931848	0.036166914	0.14177431
D152T	D152T	152	152	0.40535936	0.28230003	0.19078287	0.36769876	0.48596314	0.36631057	0.2715645	0.23629941	0.38775218	0.35855868	10	0.33525896	0.08848649	0.34686705	Folding	0.20184633	0.053274263	0.20883511
D152V	D152V	152	152	0.24783733	0.21450195	0.24787296	0.51325023	0.40108058	0.42736188	0.52800614	0.4428488	0.3221938	0.23121038	10	0.35761642	0.11976028	0.4694603	Folding	0.2153069	0.072102994	0.28264374
D152W	D152W	152	152	0.3752511	0.38698408	0.28849298	0.43979082	0.525906	0.48924708	0.48041582	0.40664044	0.35525814	0.4380815	10	0.41860682	0.07080264	0.27754635	Folding	0.25202683	0.042627506	0.16709983
D152Y	D152Y	152	152	0.3837839	0.23186967	0.25481	0.27639934	0.34620124	0.22190416	0.3669134	0.4775179	0.26485497	0.30867586	10	0.31329304	0.080296345	0.31476167	Folding	0.1886215	0.048343297	0.18950573
D153A	D153A	153	153	0.6531941	0.4442679	0.63788706	0.47762662	0.42443362	0.47595838	0.44662467	0.60213125	0.64502203	0.5409542	10	0.53480995	0.09204298	0.3608085	Folding	0.3219882	0.05541549	0.21722873
D153C	D153C	153	153	0.6876065	0.4486171	0.6014652	0.5700969	0.61668473	0.52524877	0.76371425	0.825572	0.4493953	0.60926104	10	0.6097661	0.12331216	0.4833837	Folding	0.3671164	0.07424144	0.29102644
D153E	D153E	153	153	0.18104888	0.15363216	0.21462144	0.10805767	0.09643115	0.25418425	0.117929496	0.08262196	0.0875353	0.034726635	10	0.13307889	0.06710784	0.26306275	Folding	0.08012161	0.040403012	0.15837981
D153F	D153F	153	153	0.8218753	0.86295474	0.7755131	0.8972861	0.9315233	1.0327908	0.8418962	0.8808596	0.8023567	0.8924631	10	0.8739518	0.073148005	0.28674018	Folding	0.5261723	0.04403956	0.17263508
D153G	D153G	153	153	0.7271008	0.80089986	0.6953609	0.81764007	0.8354431	0.8144992	0.7286114	0.6915674	0.69480205	0.8289599	10	0.7634884	0.060983036	0.2390535	Folding	0.45966658	0.036715508	0.14392479
D153H	D153H	153	153	0.44970033	0.42215553	0.29067096	0.5170994	0.52556795	0.48726177	0.48578182	0.34808967	0.40989694	0.2668432	10	0.42030677	0.09175224	0.3596688	Folding	0.2530503	0.05524044	0.21654253
D153I	D153I	153	153	0.90004855	0.83311003	0.78626627	0.78039575	0.8939026	1.1243778	0.9186031	0.9059489	0.77528226	0.93279314	10	0.8850728	0.10375215	0.40670845	Folding	0.5328678	0.06246512	0.24486327
D153K	D153K	153	153	0.72035587	0.65546227	0.65120405	0.6695863	0.5907998	0.5706891	0.47466958	0.44299865	0.58574307	0.71896636	10	0.6080475	0.09430168	0.36966258	Folding	0.36608166	0.05677536	0.22255942
D153L	D153L	153	153	0.52404124	0.47085392	0.47018775	0.44095424	0.4700158	0.4151714	0.48433846	0.39765972	0.61391306	0.48864222	10	0.47757778	0.060271636	0.23626481	Folding	0.28753093	0.0362872	0.14224583
D153M	D153M	153	153	0.6178513	0.4589573	0.5202303	0.6527846	0.4554768	0.4951552	0.58538777	0.64820194	0.42920423	0.63734424	10	0.5500593	0.08781457	0.34423313	Folding	0.33116925	0.052869726	0.20724933
D153N	D153N	153	153	0.33410528	0.35685214	0.29437554	0.312873	0.09783514	0.2866322	0.18930373	0.19355911	0.22611244	0.25935018	10	0.25509986	0.07900556	0.3097018	Folding	0.15358567	0.047566164	0.18645936
D153P	D153P	153	153	1.4440159	1.2981026	1.592023	1.6659865	1.5927563	1.2909194	1.3732207	1.1867132	1.2011104	1.2484694	10	1.3893317	0.17530437	0.68719316	Folding	0.8364624	0.10554392	0.41373217
D153Q	D153Q	153	153	0.4834985	0.5351765	0.6100027	0.50246876	0.6286391	0.21404456	0.5520762	0.43838862	0.36111858	0.36070636	10	0.46861202	0.12792425	0.50146306	Folding	0.282133	0.0770182	0.30191135
D153R	D153R	153	153	0.7005009	0.7188497	0.71760404	0.7429229	0.83049667	0.5637799	0.8454249	0.7790691	0.673784	0.7884569	10	0.73608893	0.082314625	0.32267335	Folding	0.44317043	0.049558423	0.19426902
D153S	D153S	153	153	0.72108084	0.6559784	0.52732986	0.511541	0.6034521	0.6174576	0.7060848	0.6446105	0.7685134	0.8054932	10	0.6561542	0.0963513	0.3776971	Folding	0.39504483	0.05800936	0.2273967
D153T	D153T	153	153	0.67963487	0.7829927	0.90510094	0.92959374	0.5822222	0.44387433	0.70751363	0.5962485	0.74182004	0.63706696	10	0.7006068	0.14835423	0.58154863	Folding	0.42180803	0.08931829	0.3501277
D153V	D153V	153	153	0.7496295	0.68836784	0.67925036	0.7468211	0.7562007	0.59084815	0.73774606	0.6472534	0.5716051	0.5924989	10	0.6760221	0.07210572	0.28265443	Folding	0.40700653	0.04341204	0.17017521
D153W	D153W	153	153	1.0731096	1.1460772	1.1667918	1.2382075	1.3413815	1.316541	1.1072034	1.2007861	1.0627437	1.1689324	10	1.1821773	0.094505645	0.37046215	Folding	0.7117428	0.05689816	0.2230408
D153Y	D153Y	153	153	0.5491161	0.45986685	0.61538213	0.57204205	0.53437775	0.5361213	0.51697785	0.6593932	0.62041616	0.5181342	10	0.5581828	0.05933309	0.23258571	Folding	0.33606008	0.035722136	0.14003077
D172A	D172A	172	172	0.5025515	0.25589046	0.5230823	0.54376143	0.52223915	0.5015457	0.6064192	0.541355	0.44487423	0.38947758	10	0.48311967	0.0988718	0.38757744	Folding	0.2908675	0.05952685	0.23334526
D172C	D172C	172	172	0.82347757	0.5579373	0.9158126	0.5666504	0.6294645	0.784102	0.633388	0.8324877	0.7248626	0.54333514	10	0.7011517	0.13290474	0.52098656	Folding	0.4221361	0.080016755	0.3136657
D172E	D172E	172	172	0.54911566	0.13157421	0.5227627	0.5848233	0.25455758	0.25393295	0.34588882	0.17045209	0.2679229	0.33631837	10	0.3417349	0.15957549	0.62553596	Folding	0.20574524	0.09607418	0.3766108
D172F	D172F	172	172	0.8805579	0.6670658	0.6866635	0.8162841	0.7481392	0.73871446	0.84307104	0.80523884	0.8104922	0.98303914	10	0.7979266	0.093790464	0.36765862	Folding	0.48040047	0.056467578	0.2213529
D172G	D172G	172	172	0.40335357	0.55214447	0.5146931	0.49556577	0.42871708	0.6882773	0.58086044	0.6355144	0.52144104	0.6421813	10	0.54627484	0.09248958	0.36255914	Folding	0.32889077	0.055684365	0.21828271
D172H	D172H	172	172	0.9032011	0.8408402	0.80546945	0.9226481	1.0034077	1.3664426	1.3352276	0.9649837	0.9911277	0.9253405	10	1.0058689	0.19198701	0.7525891	Folding	0.6055944	0.11558788	0.4531045
D172I	D172I	172	172	0.83969	0.80612385	0.70720774	0.71408004	0.8853948	0.9906598	1.0991957	0.84599316	0.7527122	0.81246096	10	0.8453518	0.122340985	0.47957668	Folding	0.50895333	0.07365673	0.28873438
D172K	D172K	172	172	1.1748966	0.87622875	1.3596495	1.0608288	1.5942987	1.293777	1.0887016	0.9473649	1.0145707	0.9846622	10	1.1394979	0.21983361	0.8617478	Folding	0.6860472	0.13235323	0.5188247
D172L	D172L	172	172	0.46077794	0.40066355	0.3446458	0.37077588	0.43121397	0.44716874	0.61371875	0.40932673	0.49258918	0.4319138	10	0.44027942	0.074491866	0.29200813	Folding	0.26507506	0.044848647	0.1758067
D172M	D172M	172	172	0.24655573	0.3658522	0.31380454	0.21972139	0.36425462	0.3012929	0.38149306	0.49041638	0.36237207	0.32952198	10	0.33752847	0.07567167	0.29663298	Folding	0.20321272	0.04555896	0.17859112
D172N	D172N	172	172	0.60473156	0.57528675	0.60809827	0.68293023	0.6452353	0.5843223	0.6269667	0.67034864	0.8644928	0.67486393	10	0.65372765	0.08315898	0.3259832	Folding	0.3935839	0.050066777	0.19626176
D172P	D172P	172	172	0.9258029	0.69978684	0.6914072	0.65852743	0.57982737	0.8599373	0.75085384	0.71476996	0.8327923	0.80573595	10	0.7519441	0.104050435	0.4078777	Folding	0.4527162	0.062644705	0.24556725
D172Q	D172Q	172	172	0.52602315	0.7837833	1.1408346	0.8077875	0.74016255	0.72782326	0.85259277	0.6086746	0.41108048	0.47219756	10	0.707096	0.213988	0.838833	Folding	0.42571488	0.12883383	0.5050286
D172R	D172R	172	172	0.9231725	1.0680039	0.95053965	0.7661484	0.8496894	0.9892473	0.98989886	1.1241134	1.3517289	1.1985685	10	1.0211111	0.1714516	0.6720903	Folding	0.6147712	0.103224315	0.40463933
D172S	D172S	172	172	0.45984644	0.5008956	0.61532474	0.49979165	0.59401727	0.5652192	0.58140475	0.64919716	0.6658327	0.4750968	10	0.5606626	0.07319181	0.28691188	Folding	0.33755308	0.04406593	0.17273845
D172T	D172T	172	172	0.8168437	0.6503212	0.62093586	0.63711065	0.6948271	0.66494817	0.75793856	0.5688729	0.799506	0.79148674	10	0.7002791	0.08589639	0.33671385	Folding	0.4216107	0.051714864	0.20272227
D172V	D172V	172	172	0.9040167	0.8714905	0.7462059	1.0979029	0.8414025	1.0035404	0.88238525	0.8199794	0.8114521	0.90047985	10	0.8878856	0.1004923	0.3939298	Folding	0.5345613	0.060502492	0.23716977
D172W	D172W	172	172	0.799236	0.9005078	0.844479	0.7810923	0.88721365	1.0229816	0.62851703	0.6876458	0.82701445	0.7604402	10	0.81391275	0.11163149	0.43759546	Folding	0.4900251	0.06720896	0.26345912
D172Y	D172Y	172	172	0.66326755	0.57679814	0.6261089	0.7840387	0.5367187	0.5263123	0.75335187	0.6109159	0.6192909	0.5541535	10	0.6250956	0.08713942	0.34158653	Folding	0.37634566	0.052463245	0.20565592
D29A	D29A	29	29	0.43473184	0.3610456	0.3346958	0.337356	0.27868167	0.3223412	0.23398013	0.19079077	0.34064645	0.25952166	10	0.3093791	0.07002248	0.27448812	Folding	0.18626508	0.042157803	0.16525859
D29C	D29C	29	29	0.4696327	0.4490016	0.37548912	0.5756549	0.34312907	0.44947204	0.48906836	0.3784815	0.36681512	0.40506667	10	0.4301811	0.07055433	0.27657297	Folding	0.25899523	0.04247801	0.1665138
D29E	D29E	29	29	0.40717182	0.43325	0.35510552	0.2844868	0.32877594	0.28353235	0.29863998	0.44103172	0.49130762	0.32536533	10	0.3648667	0.07354121	0.28828156	Folding	0.21967201	0.044276293	0.17356308
D29F	D29F	29	29	0.57085824	0.5207784	0.5341654	0.29638448	0.67665994	0.55349404	0.59521395	0.66199267	0.57622457	0.1197252	10	0.51054966	0.17216368	0.67488164	Folding	0.30738202	0.103653036	0.40631992
D29G	D29G	29	29	0.38559923	0.34406534	0.32259333	0.27084342	0.37650496	0.19625406	0.3451487	0.24710616	0.35584298	0.32553083	10	0.3169489	0.06053424	0.23729423	Folding	0.19082256	0.0364453	0.14286558
D29H	D29H	29	29	0.58843964	0.6440499	0.7863441	0.96992433	0.7975645	0.68504727	0.8849248	0.8855642	0.9452917	0.49581203	10	0.76829624	0.15968066	0.6259482	Folding	0.4625612	0.096137494	0.37685898
D29I	D29I	29	29	0.447197	0.6773545	0.36138374	0.47940814	0.38425207	0.60327154	0.40696603	0.41249642	0.30194473	0.3821032	10	0.4456377	0.114420794	0.4485295	Folding	0.26830107	0.06888829	0.27004212
D29K	D29K	29	29	0.17608036	0.19102396	0.26530287	0.2935619	0.33545673	0.38418898	0.4428522	0.45361188	0.33303556	0.15267405	10	0.30277884	0.10726114	0.42046368	Folding	0.18229133	0.06457775	0.2531448
D29L	D29L	29	29	0.55788475	0.7292317	0.7718917	0.6808263	0.67705053	0.7345734	0.661484	0.6253275	0.61718535	0.6434436	10	0.66988987	0.063560516	0.24915722	Folding	0.40331453	0.038267307	0.15000784
D29M	D29M	29	29	0.98937565	0.44999024	0.329819	0.60293007	0.39573705	0.6470742	0.706321	0.8344335	0.7106166	0.56549305	10	0.6231791	0.20148872	0.7898358	Folding	0.3751918	0.12130849	0.47552928
D29N	D29N	29	29	0.19692422	0.13682611	0.27771857	0.24793427	0.30134973	0.36830887	0.5237268	0.33969134	0.2676759	0.17194167	10	0.28320977	0.111245126	0.4360809	Folding	0.17050955	0.066976346	0.26254728
D29P	D29P	29	29	0.2671059	0.19971538	0.15040982	0.18527795	0.17143513	0.26983547	0.325378	0.15220286	0.17165644	0.19074285	10	0.20837598	0.058749795	0.2302992	Folding	0.12545504	0.035370957	0.13865416
D29Q	D29Q	29	29	0.18189035	0.021342728	0.14268038	-0.08463429	0.12720978	0.27663028	0.27111307	0.4900936	0.17845602	0.45179343	10	0.20565753	0.17653283	0.69200873	Folding	0.12381837	0.10628353	0.41663146
D29R	D29R	29	29	0.32888016	0.23905249	0.3356299	0.20245132	0.18728068	0.27483776	0.38232863	0.3129892	0.31176087	0.2549765	10	0.28301877	0.062272884	0.2441097	Folding	0.17039455	0.037492074	0.14696893
D29S	D29S	29	29	0.38362175	0.3914239	0.3117965	0.37513113	0.54168886	0.37163654	0.4932604	0.33498615	0.45872054	0.25354812	10	0.3915814	0.086108565	0.33754557	Folding	0.23575588	0.051842608	0.20322302
D29T	D29T	29	29	0.49308565	0.47849947	0.61223334	0.48476443	0.34506497	0.49814215	0.39876842	0.6708532	0.5523587	0.588079	10	0.5121849	0.097638845	0.38274428	Folding	0.30836654	0.058784537	0.23043539
D29V	D29V	29	29	0.6145458	0.6130643	0.5459086	0.5980113	0.47299433	0.4776377	0.45197207	0.5332877	0.49532807	0.4635932	10	0.5266343	0.06369689	0.24969181	Folding	0.31706595	0.038349412	0.1503297
D29W	D29W	29	29	0.6423188	0.71801734	0.6085052	0.6257998	0.45955056	0.501587	0.6905914	0.6983737	0.54562914	0.5528112	10	0.60431844	0.08739996	0.34260786	Folding	0.36383656	0.052620105	0.20627081
D29Y	D29Y	29	29	0.77444816	0.6397663	0.70857984	0.6410936	0.83021176	0.51604855	0.6075249	0.92560357	0.6294248	0.7302796	10	0.7002981	0.11965361	0.46904218	Folding	0.42162213	0.07203877	0.282392
D32A	D32A	32	32	0.25469583	0.24756825	0.29637837	0.21175662	0.39278185	0.3346049	0.329117	0.36250773	0.3182105	0.28248858	10	0.303011	0.055487905	0.2175126	Folding	0.1824311	0.033407103	0.13095585
D32C	D32C	32	32	0.26796532	0.24262977	0.2006085	0.17422414	0.15653993	0.33643728	0.3524066	0.27754667	0.3615312	0.36746123	10	0.27373508	0.079311974	0.31090295	Folding	0.1648052	0.047750644	0.18718253
D32E	D32E	32	32	0.14488554	0.113400094	0.15677847	0.15247823	0.031283665	0.15062319	0.10229544	0.16786017	0.07383582	0.1589573	10	0.1252398	0.044543367	0.17461	Folding	0.075402	0.026817823	0.10512587
D32F	D32F	32	32	0.53202033	0.39990935	0.50665367	0.4390396	0.464361	0.37714025	0.440157	0.5056347	0.44793725	0.42926568	10	0.45421186	0.04891016	0.19172783	Folding	0.27346325	0.029446898	0.115431845
D32G	D32G	32	32	0.22024688	0.21931596	0.25450996	0.16083016	0.16776818	0.2362368	0.21978866	0.16992839	0.262152	0.15943627	10	0.20702133	0.039372634	0.15434073	Folding	0.12463946	0.023704726	0.09292253
D32H	D32H	32	32	0.3977657	0.3451426	0.54242206	0.4881523	0.51756185	0.41596287	0.37436664	0.481509	0.42884675	0.17060931	10	0.41623393	0.107114896	0.4198904	Folding	0.2505982	0.0644897	0.25279963
D32I	D32I	32	32	0.37652487	0.32343644	0.48846126	0.39135408	0.54610044	0.34480578	0.5172243	0.32575482	0.30524743	0.2770547	10	0.3895964	0.09485081	0.37181517	Folding	0.23456079	0.05710597	0.2238554
D32K	D32K	32	32	0.30923998	0.36017072	0.3709458	0.26406348	0.4656394	0.51083434	0.3371235	0.3741015	0.35861978	0.2007926	10	0.35515308	0.08922324	0.3497551	Folding	0.21382381	0.053717833	0.21057391
D32L	D32L	32	32	0.28433996	0.33771113	0.19731562	0.3126107	0.25314867	0.3470846	0.41558	0.33259243	0.24304564	0.2946359	10	0.30180645	0.061863136	0.2425035	Folding	0.18170589	0.037245378	0.14600189
D32M	D32M	32	32	0.30149043	0.2656799	0.2140293	0.18967873	0.3077911	0.3344665	0.27287802	0.3846414	0.21368504	0.31814295	10	0.28024834	0.06125394	0.24011545	Folding	0.1687266	0.036878604	0.14456414
D32N	D32N	32	32	0.3144507	0.28758767	0.3411839	0.30311742	0.33209893	0.35730064	0.48988023	0.37346324	0.3730887	0.34878153	10	0.3520953	0.056190323	0.22026607	Folding	0.21198285	0.033830002	0.13261361
D32P	D32P	32	32	0.19026063	0.25577104	0.2720432	0.25918886	0.3052022	0.3122995	0.38832712	0.24250051	0.45478147	0.26261583	10	0.29429907	0.0765667	0.30014148	Folding	0.17718598	0.046097822	0.18070346
D32Q	D32Q	32	32	0.3362952	0.30427885	0.2882867	0.21018724	0.39034	0.11251397	0.38594383	0.3457823	0.37271035	0.30831873	10	0.3054657	0.086532675	0.3392081	Folding	0.18390897	0.052097946	0.20422396
D32R	D32R	32	32	0.34663048	0.32718283	0.34567237	0.2756539	0.37848458	0.3392571	0.34115592	0.30122018	0.22064084	0.3340989	10	0.3209997	0.044769764	0.17549747	Folding	0.1932614	0.026954127	0.105660185
D32S	D32S	32	32	0.22935268	0.2684702	0.14134112	0.24187173	0.2062887	0.2334973	0.3181021	0.27109236	0.21067898	0.27649507	10	0.239719	0.048416283	0.18979183	Folding	0.14432545	0.029149555	0.114266254
D32T	D32T	32	32	0.34689713	0.19422671	0.33627748	0.32104495	0.2422293	0.3725991	0.305304	0.40591386	0.3458086	0.33339617	10	0.32036972	0.06152209	0.24116659	Folding	0.1928821	0.037040047	0.14519699
D32V	D32V	32	32	0.33460072	0.2325433	0.2917508	0.20454575	0.2807449	0.31904408	0.30800334	0.31292945	0.3019272	0.26220468	10	0.28482944	0.040855538	0.16015372	Folding	0.1714847	0.024597526	0.0964223
D32W	D32W	32	32	0.66124237	0.58728814	0.7215606	0.65531653	0.5627262	0.5180627	0.5494546	0.6781916	0.63321775	0.49163654	10	0.60586977	0.07529384	0.29515186	Folding	0.36477053	0.04533148	0.17769942
D32Y	D32Y	32	32	0.38183755	0.36207357	0.48657325	0.43643534	0.35804904	0.5519836	0.43767375	0.45311627	0.4971499	0.27827665	10	0.42431688	0.08029935	0.31477344	Folding	0.25546464	0.048345104	0.1895128
D37A	D37A	37	37	0.4000216	0.43660808	0.14201666	0.25041625	0.43655106	0.22385101	0.49649706	0.33011258	0.40616536	0.4395151	10	0.35617548	0.11509648	0.45117822	Folding	0.21443936	0.0692951	0.2716368
D37C	D37C	37	37	0.2873015	0.24174058	0.23498614	0.2360958	0.24769095	0.22916023	0.24602006	0.2404617	0.23878144	0.2318047	10	0.2434043	0.016488057	0.06463318	Folding	0.14654423	0.0099268155	0.038913116
D37E	D37E	37	37	0.29508942	0.201969	0.3785931	0.289231	0.26295495	0.3586794	0.16695912	0.31373104	0.33203813	0.39449736	10	0.29937425	0.0734721	0.28801063	Folding	0.18024155	0.044234682	0.17339996
D37F	D37F	37	37	0.76645494	0.3979039	0.4937606	0.42289093	0.660723	0.6436249	0.46284956	0.5202741	0.6738288	0.67001253	10	0.5712323	0.12650782	0.49591064	Folding	0.34391668	0.07616542	0.29856846
D37G	D37G	37	37	0.09882912	0.12227774	0.021189291	0.08624651	0.004808749	0.118096754	0.06232565	0.13200174	0.105390266	0.076033965	10	0.082719974	0.042619407	0.16706808	Folding	0.049802467	0.025659481	0.10058517
D37H	D37H	37	37	0.06890699	-0.05616721	0.35834852	0.27026296	0.20232153	0.21545796	0.12807518	0.25077143	0.35910904	0.33697417	10	0.21340604	0.13461624	0.52769566	Folding	0.12848344	0.081047185	0.31770498
D37I	D37I	37	37	1.320887	0.7770052	0.76935816	1.0185263	0.9776528	0.83726484	0.6369088	0.82798743	1.1226661	1.126471	10	0.9414728	0.20854715	0.8175048	Folding	0.566824	0.1255581	0.49218774
D37K	D37K	37	37	0.83291596	0.5519701	1.0626935	0.63689274	0.71835923	0.6489994	0.8109925	0.7630408	0.7270928	0.50037	10	0.7253326	0.159342	0.6246207	Folding	0.43669447	0.0959336	0.3760597
D37L	D37L	37	37	0.6060331	0.42367914	0.41500673	0.5173904	0.5209909	0.40668902	0.5423116	0.59339887	0.3570083	0.33540022	10	0.47179085	0.09651568	0.37834147	Folding	0.28404686	0.058108322	0.22778463
D37M	D37M	37	37	0.65805423	0.60658354	0.6473105	0.58605146	0.8413993	0.8513886	0.71970254	0.87158424	0.67813337	1.0837827	10	0.75439906	0.1553358	0.60891634	Folding	0.45419425	0.093521625	0.36660478
D37N	D37N	37	37	0.09681082	0.27371562	0.321386	0.09895093	0.16297004	0.19398218	0.10090866	0.2812084	0.29159954	0.12741551	10	0.19489476	0.08959611	0.35121676	Folding	0.11733853	0.05394232	0.2114539
D37P	D37P	37	37	0.17958225	0.11276576	0.609208	1.2794068	0.4146328	0.11116451	0.92754376	0.10351688	1.441037	0.84506655	10	0.60239244	0.5022474	1.9688098	Folding	0.36267698	0.30238354	1.1853435
D37Q	D37Q	37	37	2.050053	1.1178048	0.724202	1.1522884	0.66914135	1.183549	0.5018269	1.074473	1.987137	1.8005302	10	1.2261006	0.54941374	2.153702	Folding	0.7381873	0.33078057	1.2966598
D37R	D37R	37	37	0.43100306	0.39119226	0.4345041	0.32941112	0.4294331	0.31924117	0.54496586	0.645932	0.505734	0.41340703	10	0.44448233	0.09869744	0.38689396	Folding	0.26760545	0.059421875	0.23293376
D37S	D37S	37	37	0.22598277	0.29685348	0.270798	0.24962388	0.24168752	0.2237275	0.30055803	0.28263852	0.2648204	0.2175925	10	0.25742826	0.030374704	0.11906884	Folding	0.15498751	0.018287424	0.0716867
D37T	D37T	37	37	0.5813174	0.82477975	0.22250804	0.60987586	0.6127557	0.62823546	0.44770002	0.9927564	0.41909528	0.8787259	10	0.621775	0.23035206	0.9029801	Folding	0.37434644	0.13868599	0.5436491
D37V	D37V	37	37	0.5137166	0.4908656	0.49786827	0.5428908	0.47426778	0.59700584	0.5983782	0.57265586	0.5736259	0.7192025	10	0.5580477	0.07220364	0.2830383	Folding	0.33597875	0.043470997	0.17040631
D37W	D37W	37	37	0.8058992	0.85008496	0.63581115	2.0767784	1.0560004	0.8750985	1.2824532	0.8098466	0.5801013	0.8941491	10	0.9866222	0.43110183	1.6899192	Folding	0.5940067	0.2595496	1.0174344
D37Y	D37Y	37	37	0.41068214	0.25064698	0.600484	0.24475771	0.48340008	0.26088595	0.26268843	0.26210666	0.26440632	0.22554594	10	0.3265604	0.12726958	0.49889678	Folding	0.19660927	0.07662405	0.30036628
D46A	D46A	46	46	0.6437517	0.41381514	0.49145734	0.5478954	0.61073565	0.5132863	0.6118128	0.523718	0.60215884	0.4263642	10	0.5384996	0.07958182	0.31196073	Folding	0.3242096	0.047913108	0.18781939
D46C	D46C	46	46	1.4436643	1.3230726	1.2884393	1.4091885	1.2924501	1.3465016	1.6249009	1.2344754	1.4230874	1.5763315	10	1.396211	0.12659858	0.49626645	Folding	0.8406042	0.076220065	0.29878268
D46E	D46E	46	46	0.61743623	0.6559027	0.54767346	0.5672869	0.46652853	0.61700004	0.63973343	0.59565353	0.5626034	0.51385313	10	0.5783671	0.058763742	0.23035388	Folding	0.34821227	0.035379358	0.13868709
D46F	D46F	46	46	1.7731627	1.5467516	1.6486444	1.4261063	1.7941998	1.6131727	1.7969743	1.5352585	2.0559056	1.6804918	10	1.6870667	0.17789698	0.69735616	Folding	1.015717	0.10710483	0.41985095
D46G	D46G	46	46	0.5134406	0.44725314	0.4595542	0.36571983	0.44311363	0.45272928	0.5088901	0.5311572	0.52329504	0.50059885	10	0.4745752	0.050803654	0.19915032	Folding	0.2857232	0.030586896	0.11990064
D46H	D46H	46	46	0.8220239	0.65015393	0.47150633	0.8329415	0.6134364	0.8505867	0.87178123	0.450398	0.5011426	0.7128861	10	0.6776856	0.16464368	0.6454032	Folding	0.40800807	0.099125534	0.3885721
D46I	D46I	46	46	1.7865332	1.8502059	2.157495	1.3552948	1.5867728	1.7803968	2.0735407	2.112094	2.2480526	1.8244776	10	1.8774865	0.27641627	1.0835518	Folding	1.1303613	0.16641945	0.65236425
D46K	D46K	46	46	0.89646107	0.95696014	0.9045615	0.9480352	0.74784285	0.95374405	0.8875987	0.8052059	1.1844683	1.0380069	10	0.93228847	0.12032723	0.47168273	Folding	0.5612945	0.07244433	0.28398177
D46L	D46L	46	46	1.4478565	1.3665987	1.5341169	1.2175835	1.4871433	1.3816764	1.4033961	1.4666753	1.4128449	1.5421803	10	1.426007	0.094676234	0.37113085	Folding	0.85854316	0.057000864	0.22344339
D46M	D46M	46	46	1.5740047	1.4366835	1.4227128	1.2870452	1.3959229	1.3227271	1.2760757	1.2674956	1.2958547	1.4742055	10	1.3752728	0.102219075	0.40069878	Folding	0.82799804	0.061542116	0.2412451
D46N	D46N	46	46	0.49059057	0.4043429	0.28104407	0.31217128	0.42475927	0.41112804	0.4382114	0.51983654	0.45242167	0.46716458	10	0.42016703	0.07441602	0.2917108	Folding	0.25296617	0.044802982	0.1756277
D46P	D46P	46	46	1.3168358	0.84233755	0.95155746	0.722115	0.78294843	0.8632614	0.806487	0.7036599	0.78953886	0.74439526	10	0.85231364	0.17869832	0.7004974	Folding	0.5131448	0.107587285	0.42174217
D46Q	D46Q	46	46	0.9261661	0.8638004	0.752297	0.8648295	0.8983686	0.7086496	0.5431403	0.5529705	0.7041717	0.50158304	10	0.7315977	0.15738682	0.61695635	Folding	0.44046643	0.09475646	0.37144533
D46R	D46R	46	46	0.96749675	0.96306324	0.9259118	0.92230463	1.1317443	1.0499272	1.0702798	0.9366356	0.9138943	1.003233	10	0.988449	0.073666215	0.28877157	Folding	0.59510654	0.04435155	0.17385809
D46S	D46S	46	46	0.7557753	0.6507672	0.6974688	0.65041864	0.5822861	0.8660768	0.6779594	0.85348535	0.88773245	0.6839266	10	0.7305897	0.10521176	0.4124301	Folding	0.43985954	0.06334389	0.24830805
D46T	D46T	46	46	1.2184539	1.0900726	1.0217658	0.89003664	1.2477255	0.96965575	1.0406185	1.1269002	0.9245182	1.0987084	10	1.0628455	0.11756241	0.46084467	Folding	0.63989776	0.07077974	0.27745658
D46V	D46V	46	46	1.1900384	1.197376	1.1706014	1.242772	1.2617345	1.2850789	1.1816827	1.3405042	1.2678242	1.1543322	10	1.2291945	0.059711218	0.23406798	Folding	0.7400501	0.035949793	0.14092319
D46W	D46W	46	46	1.4457713	1.4262826	1.5452458	1.4756186	1.1275285	1.7436811	1.5368052	1.3319662	1.3492848	1.3775206	10	1.4359705	0.16174072	0.6340236	Folding	0.8645418	0.09737778	0.3817209
D46Y	D46Y	46	46	0.9874481	0.95648026	0.8376324	0.93287075	0.8002478	1.0184954	0.82249886	1.0188123	0.90425926	1.0360146	10	0.931476	0.08726243	0.34206873	Folding	0.5608053	0.052537303	0.20594624
D53A	D53A	53	53	0.8968811	0.8631886	1.0332153	0.6866888	0.62942463	0.6942296	0.6866144	0.56392336	0.69934916	0.60127187	10	0.7354787	0.14812638	0.5806554	Folding	0.44280303	0.08918111	0.34958997
D53C	D53C	53	53	0.6818192	0.77214813	0.60224926	0.6873981	0.96078557	0.9093809	0.96938163	0.5160967	0.7517591	0.75554276	10	0.7606561	0.14998467	0.5879399	Folding	0.45796135	0.09029992	0.35397568
D53E	D53E	53	53	0.09082444	-0.051783856	0.01703154	-0.18061765	-0.05403669	-0.016569668	-0.043621816	-0.09784693	-0.17513604	-0.21771501	10	-0.07294717	0.09624876	0.37729514	Folding	-0.043918643	0.057947624	0.22715469
D53F	D53F	53	53	1.5333141	1.8041751	1.4711034	1.5133978	1.6818545	1.5648733	1.4624346	1.4897002	1.3210951	1.7126982	10	1.5554647	0.14139304	0.55426073	Folding	0.93648463	0.08512723	0.33369875
D53G	D53G	53	53	0.7760506	0.682767	0.7892656	0.75318205	0.73342276	0.78580934	0.8425283	0.8568987	0.8322834	0.8131156	10	0.78653234	0.053442366	0.20949408	Folding	0.47354043	0.032175563	0.12612821
D53H	D53H	53	53	0.040481847	0.11742646	0.24329804	-0.13036153	-0.05765595	0.055324133	-0.024496477	-0.12516822	0.096302815	0.21276902	10	0.04279201	0.12931497	0.50691473	Folding	0.0257634	0.0778555	0.30519354
D53I	D53I	53	53	0.8462917	0.85364187	0.7800979	0.60292745	0.9389994	0.89209414	1.1267661	0.62496173	0.8890622	0.9033984	10	0.8458241	0.1516925	0.5946346	Folding	0.5092377	0.09132813	0.35800627
D53K	D53K	53	53	0.28400162	0.3679659	0.32031572	0.05650211	0.42738882	0.030531954	0.4434224	-0.41443622	0.21774821	0.21643166	10	0.19498721	0.2555781	1.0018662	Folding	0.11739419	0.15387361	0.6031846
D53L	D53L	53	53	1.0529586	0.9992345	1.247847	1.0952166	1.1398312	0.57694924	0.97172123	1.285252	1.2401316	1.0883958	10	1.0697538	0.20298159	0.79568785	Folding	0.644057	0.12220729	0.4790526
D53M	D53M	53	53	1.5458196	0.87403935	1.3363769	1.0514876	1.4994166	1.8068641	1.0404521	1.30423	1.5246826	1.4712497	10	1.3454618	0.28443974	1.1150038	Folding	0.8100501	0.17125008	0.6713003
D53N	D53N	53	53	0.12893908	0.18169795	0.25666377	0.01842	0.20297314	0.4481418	-0.041471772	0.05272319	0.2802272	0.19637091	10	0.17246853	0.14221218	0.55747175	Folding	0.10383657	0.0856204	0.335632
D53P	D53P	53	53	0.80937016	0.68106395	0.77338564	0.63148016	0.7900166	0.59286284	0.76407963	0.4187476	0.5186384	0.42312846	10	0.6402773	0.1487254	0.5830036	Folding	0.38548598	0.08954176	0.3510037
D53Q	D53Q	53	53	-0.10975619	-0.048242882	-0.04822238	0.08190535	0.23705778	0.06560712	-0.5557141	0.42210594	-0.027933763	0.293788	10	0.031059489	0.2683995	1.052126	Folding	0.018699706	0.16159287	0.6334441
D53R	D53R	53	53	0.15014341	0.06848889	0.12162216	0.09784865	0.08830944	0.0672339	0.11713542	0.029778466	0.104196	0.14658752	10	0.0991344	0.037409063	0.14664353	Folding	0.059684955	0.022522537	0.088288344
D53S	D53S	53	53	0.23470794	0.16516876	0.14842537	0.08857785	0.09063985	0.17487353	0.14185637	0.14556631	0.13255888	0.19064735	10	0.15130222	0.043904472	0.17210554	Folding	0.09109316	0.02643317	0.103618026
D53T	D53T	53	53	0.063495755	-0.08690893	-0.070464276	0.054637607	0.027067645	-0.022402253	-0.1094348	-0.02978705	-0.15613624	-0.14497082	10	-0.047490336	0.079214804	0.31052205	Folding	-0.028592078	0.047692142	0.1869532
D53V	D53V	53	53	0.78352433	0.8956576	0.56946766	0.78136945	0.6835514	0.70795083	0.8809558	0.8500969	0.953418	0.8553431	10	0.7961334	0.11569183	0.45351198	Folding	0.47932085	0.06965354	0.27304187
D53W	D53W	53	53	1.2689992	1.1851959	1.4800737	1.0510814	1.7230747	1.9025654	1.8074869	1.5085523	1.151787	1.3420092	10	1.4420825	0.29316273	1.1491979	Folding	0.8682216	0.17650184	0.6918872
D53Y	D53Y	53	53	0.7798972	0.6897882	0.6031299	0.6394672	0.6345603	0.77335733	0.60592586	0.6814254	0.69414425	0.86671895	10	0.6968415	0.085715435	0.33600453	Folding	0.41954106	0.051605918	0.2022952
D56A	D56A	56	56	0.5439688	0.5157432	0.5662445	0.5189105	0.4102915	0.55212414	0.6056517	0.4580596	0.58546424	0.56338364	10	0.5319842	0.05935262	0.23266228	Folding	0.32028693	0.035733897	0.14007688
D56C	D56C	56	56	0.10190748	0.12159611	0.28221005	0.032495823	0.11907181	-0.11409584	0.24630329	0.3691799	0.27533695	0.07494099	10	0.15089467	0.14289038	0.5601303	Folding	0.09084779	0.08602872	0.3372326
D56E	D56E	56	56	0.18703268	0.051711272	0.1870881	0.21247964	0.12607408	0.14671707	0.33026028	0.13582355	0.05556543	0.21599281	10	0.16487448	0.08209055	0.32179496	Folding	0.09926449	0.049423516	0.19374019
D56F	D56F	56	56	-0.26030692	-0.39772382	-0.53445214	-0.5404317	-0.29502407	-0.52628237	-0.35297838	-0.44801626	-0.64025867	-0.1979803	10	-0.41934547	0.14282672	0.55988073	Folding	-0.25247154	0.08599039	0.33708236
D56G	D56G	56	56	0.4399616	0.4985687	0.51672	0.4829074	0.49451223	0.5447827	0.5515518	0.5255569	0.53453016	0.4729391	10	0.50620306	0.03506275	0.13744597	Folding	0.3047651	0.021109913	0.08275086
D56H	D56H	56	56	0.18605112	0.37754083	0.2348835	0.094025515	0.26519677	0.1677711	-0.04484219	0.12899567	0.24957651	0.10794048	10	0.17671391	0.11544685	0.45255166	Folding	0.10639255	0.06950604	0.27246368
D56I	D56I	56	56	-0.36117586	-0.3978199	-0.3993992	-0.32810897	-0.5547996	-0.36237538	-0.09941381	-0.120444894	-0.69871193	-0.5599562	10	-0.38822055	0.1867826	0.7321878	Folding	-0.23373245	0.11245451	0.4408217
D56K	D56K	56	56	1.1746061	1.3013455	1.4468092	1.3722854	1.106256	1.0484456	1.3268574	1.6957928	1.0836942	1.0095469	10	1.256564	0.21421108	0.83970743	Folding	0.75652814	0.12896813	0.5055551
D56L	D56L	56	56	0.31841	0.40010244	0.22580248	0.14154054	0.21169591	0.2805849	0.42105877	0.42264172	0.2922779	0.31162375	10	0.30257386	0.093674004	0.3672021	Folding	0.18216792	0.05639746	0.22107805
D56M	D56M	56	56	0.15535977	0.17902692	0.18023008	0.16042396	-0.109668426	0.17488599	0.22533722	0.31660932	0.024329564	-0.117125966	10	0.118940845	0.14176577	0.5557218	Folding	0.07160964	0.08535164	0.33457842
D56N	D56N	56	56	0.3649785	0.7657223	0.7999043	0.45806134	0.27376816	0.33850148	0.25045282	0.49745545	0.9414453	0.18499814	10	0.48752874	0.2609019	1.0227355	Folding	0.29352203	0.15707885	0.6157491
D56P	D56P	56	56	0.6788508	0.58885485	0.7758402	1.1563957	0.8210618	0.8685156	0.7471271	0.60121024	0.8662629	0.8918342	10	0.7995953	0.16570875	0.64957833	Folding	0.4814051	0.09976677	0.39108574
D56Q	D56Q	56	56	0.39275986	0.44022828	0.5030359	0.3726189	0.55843776	0.7270152	0.533524	0.5377958	0.55120057	0.41132116	10	0.5027937	0.10499677	0.41158736	Folding	0.30271247	0.06321446	0.24780068
D56R	D56R	56	56	0.74802196	0.8573242	0.75333816	0.8589421	0.81483835	0.882114	0.85895824	0.90896446	0.9520242	0.72528064	10	0.8359806	0.07431149	0.29130104	Folding	0.5033113	0.044740047	0.17538099
D56S	D56S	56	56	0.05982989	0.21280059	0.22781181	0.20262511	0.12868547	0.21239626	0.22715585	0.22691642	0.20962965	0.19293436	10	0.19007854	0.054213125	0.21251546	Folding	0.11443887	0.032639608	0.12794727
D56T	D56T	56	56	0.22389819	0.2820665	0.22850451	0.16440465	0.07467904	0.4041527	0.23667389	0.2905049	0.31596333	0.3907512	10	0.26115987	0.09929392	0.38923216	Folding	0.15723416	0.059780993	0.2343415
D56V	D56V	56	56	-0.5732833	-0.56855714	-0.48014304	-0.5551663	-0.5346041	-0.47028854	-0.5979383	-0.5494498	-0.37519863	-0.5137762	10	-0.5218406	0.06550711	0.25678787	Folding	-0.31417984	0.039439272	0.15460195
D56W	D56W	56	56	0.39649183	0.044130515	0.22362073	0.2985239	0.069676295	0.19792709	0.31509745	0.35198113	0.11296668	0.2549123	10	0.22653282	0.12020989	0.47122276	Folding	0.13638657	0.07237368	0.28370485
D56Y	D56Y	56	56	0.13880356	-0.123873234	-0.14399888	0.11283556	-0.038280565	0.12659448	0.16924837	0.03684764	0.011184871	0.33052033	10	0.061988212	0.14395843	0.56431705	Folding	0.037320685	0.086671755	0.3397533
D68A	D68A	68	68	0.2092913	0.32160187	0.31840047	0.22926688	0.22606929	0.22312725	0.26143712	0.093107544	0.24805297	0.112816125	10	0.22431707	0.07465511	0.29264802	Folding	0.13505256	0.044946928	0.17619196
D68C	D68C	68	68	0.10295498	0.16392241	0.51837045	0.3908204	0.49265203	0.5531233	0.38595584	0.30994818	0.5635356	0.46169424	10	0.39429775	0.15938312	0.62478185	Folding	0.2373913	0.09595835	0.37615675
D68E	D68E	68	68	-0.018539486	-0.08267453	-0.13858594	-0.06633591	0.045400415	0.054654572	-0.08528388	-0.084560744	-0.0118268905	0.11730643	10	-0.027044598	0.07947331	0.3115354	Folding	-0.016282497	0.047847778	0.18756329
D68F	D68F	68	68	1.1868955	1.292253	1.2494555	1.0049925	1.2513568	1.1101023	0.90130335	1.05817	1.0049568	1.0814893	10	1.1140975	0.12802123	0.5018432	Folding	0.6707546	0.077076584	0.3021402
D68G	D68G	68	68	0.3849628	0.32174718	0.40831622	0.27515104	0.3856318	0.3123172	0.31327936	0.2535516	0.2909581	0.30971104	10	0.32556266	0.051100537	0.2003141	Folding	0.19600856	0.03076564	0.12060131
D68H	D68H	68	68	0.013823995	0.027657207	0.01825059	0.10359021	0.06006108	0.18381509	0.13109027	0.030012341	0.118597545	0.14794861	10	0.0834847	0.061244488	0.24007839	Folding	0.05026288	0.036872916	0.14454183
D68I	D68I	68	68	1.1109763	1.0094769	1.2183181	0.94200647	1.2769367	1.2540027	1.0496814	1.1310426	1.3690484	1.103277	10	1.1464766	0.1319057	0.51707035	Folding	0.69024885	0.07941528	0.31130788
D68K	D68K	68	68	0.4773072	0.41978067	0.59821594	0.46752667	0.41124436	0.34657508	0.37297192	0.55153596	0.60403794	0.66444176	10	0.4913637	0.10800154	0.42336604	Folding	0.2958309	0.06502351	0.25489217
D68L	D68L	68	68	0.6880728	0.8827053	0.7757825	0.81720513	0.69836116	0.73992056	0.7812087	0.63844335	0.5695103	0.78929186	10	0.73805016	0.09159474	0.35905138	Folding	0.4443512	0.055145618	0.21617083
D68M	D68M	68	68	0.62745476	0.5395446	0.6025404	0.6843944	0.7151032	0.70622164	0.53206235	0.63972473	0.52613705	0.5870128	10	0.6160196	0.07096242	0.2781727	Folding	0.37088138	0.042723704	0.16747692
D68N	D68N	68	68	-0.03154959	0.30913588	-0.012555941	-0.07254779	-0.13744248	-0.11280254	-0.06871031	-0.34727636	-0.18638739	-0.11896037	10	-0.07790969	0.16570075	0.6495469	Folding	-0.046906386	0.099761955	0.39106688
D68P	D68P	68	68	0.035364397	0.29870686	0.4049695	0.21940988	0.15391794	0.32282242	0.24787433	0.18644573	0.25242913	0.16290762	10	0.22848478	0.102703765	0.40259877	Folding	0.13756177	0.06183393	0.24238901
D68Q	D68Q	68	68	-0.0945342	0.15811488	0.11978652	0.0007394389	0.21787022	0.26619518	0.09865786	0.010986267	0.0212281	0.10439844	10	0.090344265	0.108626045	0.4258141	Folding	0.054392755	0.065399505	0.25636607
D68R	D68R	68	68	0.27600753	0.3425584	0.35729444	0.17513528	0.22397602	0.23173594	0.31186688	0.18497191	0.29632384	0.28285244	10	0.26827225	0.06263979	0.24554798	Folding	0.16151625	0.037712973	0.14783485
D68S	D68S	68	68	0.26684898	0.38171935	0.3635436	0.28804106	0.44467372	0.38675418	0.313016	0.23423405	0.25828537	0.2701404	10	0.32072568	0.06931841	0.27172816	Folding	0.19309641	0.041733906	0.16359691
D68T	D68T	68	68	0.29304954	0.29112256	0.19550203	0.17856486	0.268909	0.22668783	0.2936506	0.22926779	0.33906734	0.2867221	10	0.26025438	0.05064421	0.19852531	Folding	0.156689	0.030490903	0.119524345
D68V	D68V	68	68	0.99947757	1.097035	0.99810535	0.97943795	1.1393685	1.2181119	1.1770062	1.0743387	0.8522459	0.8628254	10	1.0397953	0.12405546	0.4862974	Folding	0.62602013	0.07468895	0.2927807
D68W	D68W	68	68	0.9048345	0.78505516	0.82334846	0.7011808	0.82020444	0.7371075	0.8424496	0.30998373	0.3240577	0.7430095	10	0.6991231	0.20971228	0.82207215	Folding	0.42091474	0.12625958	0.49493757
D68Y	D68Y	68	68	0.5619749	0.5472663	0.37635988	0.4316266	0.39692116	0.20536104	0.3001509	0.5817713	0.33102295	0.6620225	10	0.4394478	0.14462179	0.5669174	Folding	0.26457438	0.087071136	0.34131885
D91A	D91A	91	91	-0.15685478	-0.061112974	-0.13543911	-0.10367756	-0.16001283	-0.25166476	-0.13793986	-0.34042907	-0.16544488	-0.17311874	10	-0.16856945	0.07779968	0.30497473	Folding	-0.10148908	0.04684015	0.18361339
D91C	D91C	91	91	0.43628117	0.5682612	0.33623666	0.49835566	0.7448489	0.3674409	0.37385613	0.53928083	0.437097	0.59655535	10	0.48982137	0.12594649	0.49371025	Folding	0.29490232	0.075827464	0.29724365
D91E	D91E	91	91	0.20596175	0.040852588	0.16538337	0.044672444	0.2248337	0.0794393	0.1444772	0.19063644	0.120649055	-0.10816804	10	0.11087378	0.10046544	0.39382452	Folding	0.06675278	0.06048632	0.23710638
D91F	D91F	91	91	0.27413428	0.3299795	0.28657886	0.32002044	0.5381649	0.4017828	0.3570775	0.24166425	0.40421256	0.2373334	10	0.33909482	0.09152729	0.358787	Folding	0.20415576	0.05510501	0.21601164
D91G	D91G	91	91	0.5649698	0.46392682	0.4896066	0.6001909	0.39816362	0.54570127	0.55343366	0.5009333	0.5073828	0.45042333	10	0.5074732	0.060495846	0.23714373	Folding	0.3055298	0.03642219	0.14277498
D91H	D91H	91	91	0.946	0.6613115	0.54295725	0.6488705	0.7353954	0.708251	0.8012047	0.6415696	0.8596986	0.9879152	10	0.75331736	0.14307661	0.56086034	Folding	0.45354298	0.08614085	0.33767214
D91I	D91I	91	91	0.30952495	0.58289456	0.32087842	0.24740106	0.31784618	0.20317133	0.26973736	0.2638718	0.28922233	0.26711053	10	0.30716583	0.10323778	0.40469208	Folding	0.18493256	0.062155437	0.24364932
D91K	D91K	91	91	0.41128075	0.30528706	0.33497196	0.027814595	0.2252495	0.38852113	0.519339	0.25527775	0.23557946	0.49635297	10	0.31996745	0.1452852	0.569518	Folding	0.19263992	0.087470554	0.34288457
D91L	D91L	91	91	-0.03608439	0.020580614	0.20246238	0.15094957	0.11710405	0.0063948645	0.21555328	0.057444714	0.057815686	0.16511904	10	0.09573398	0.08690787	0.34067887	Folding	0.05763769	0.052323837	0.20510945
D91M	D91M	91	91	-0.29776102	-0.48174986	-0.50078434	-0.33723423	-0.252328	-0.2752836	-0.4440966	-0.35470426	-0.23225501	-0.4547887	10	-0.36309856	0.10006293	0.3922467	Folding	-0.21860747	0.060243983	0.23615642
D91N	D91N	91	91	0.30898133	0.4727235	0.38675407	0.30311418	0.32804883	0.27304906	0.5677206	0.49952057	0.3570391	0.47084498	10	0.3967796	0.09956819	0.3903073	Folding	0.2388855	0.05994612	0.2349888
D91P	D91P	91	91	2.2143395	2.3481002	1.9868728	2.019231	1.9433043	1.9782026	2.0124195	2.5806077	2.1251168	2.490594	10	2.1698787	0.23006153	0.9018412	Folding	1.3063993	0.13851108	0.54296345
D91Q	D91Q	91	91	-0.29567212	0.07195502	-0.2422414	-0.11712087	-0.1860438	-0.16693346	-0.006989474	0.14783314	-0.0011863568	-0.17403568	10	-0.0970435	0.14356405	0.5627711	Folding	-0.058426104	0.08643431	0.3388225
D91R	D91R	91	91	0.3386772	0.26607558	0.3408178	0.12574646	0.12948596	0.12321331	0.23087882	0.0895569	0.11532467	0.37202254	10	0.21317992	0.10953678	0.4293842	Folding	0.1283473	0.06594782	0.25851548
D91S	D91S	91	91	0.25176206	0.12925653	0.25918743	0.28629324	0.2202614	0.3290752	0.15176694	0.19031073	0.3223795	0.12803704	10	0.22683302	0.07533641	0.29531875	Folding	0.13656731	0.04535711	0.17779988
D91T	D91T	91	91	0.30342355	0.40852588	0.35832533	0.32099834	0.31542102	0.6417721	0.4997413	0.15299304	0.20865025	0.29146132	10	0.3501312	0.14042486	0.55046546	Folding	0.21080033	0.08454433	0.33141378
D91V	D91V	91	91	0.41495806	0.32520047	0.3836112	0.29525334	0.30815282	0.3478971	0.45793617	0.3052291	0.20938806	0.32064116	10	0.33682674	0.06933818	0.27180567	Folding	0.20279023	0.04174581	0.16364358
D91W	D91W	91	91	0.10500731	0.30943528	0.24395214	0.18236491	-0.057609115	0.18015046	0.08556087	0.027282164	-0.16158697	0.051769752	10	0.096632674	0.1409476	0.5525146	Folding	0.058178764	0.08485904	0.33264744
D91Y	D91Y	91	91	0.51094675	0.36495408	0.35358092	0.28859082	0.2090839	0.42924255	0.20484154	0.15680026	0.30069035	0.3805447	10	0.3199276	0.109932385	0.43093497	Folding	0.19261593	0.066185996	0.2594491
E106A	E106A	106	106	0.2853399	0.42044142	0.13949282	0.21054332	0.13239136	0.15719153	0.29972526	0.24253483	0.22650445	0.23421791	10	0.23483828	0.08663058	0.3395919	Folding	0.14138696	0.05215689	0.20445502
E106C	E106C	106	106	0.09477056	0.14524344	0.14572941	0.29470238	0.10077162	0.35371444	0.1540082	0.38190374	0.06297734	-0.03632587	10	0.16974953	0.1333909	0.52289236	Folding	0.10219957	0.08030946	0.31481308
E106D	E106D	106	106	0.18166253	0.21471275	0.2412889	0.08624431	0.08184613	0.14086908	0.3638871	0.25891775	0.09839005	0.28511295	10	0.19529316	0.09447645	0.37034768	Folding	0.11757839	0.056880582	0.22297189
E106F	E106F	106	106	0.4032044	0.381214	0.20095581	0.3907237	0.5062605	0.42333198	0.35615224	0.17922904	0.12723933	0.10778942	10	0.30761003	0.14023484	0.5497206	Folding	0.18519999	0.08442993	0.3309653
E106G	E106G	106	106	0.47747582	0.50181484	0.34435064	0.41830876	0.3780828	0.5849352	0.5862238	0.5640568	0.5530232	0.52394414	10	0.49322158	0.086891845	0.34061605	Folding	0.29694948	0.05231419	0.20507163
E106H	E106H	106	106	0.38738087	0.20534746	0.38467717	0.32233214	0.10891905	0.32756904	0.34186944	0.31388944	0.32513076	0.3640546	10	0.308117	0.086639166	0.33962554	Folding	0.18550523	0.052162062	0.20447528
E106I	E106I	106	106	0.35794812	0.31204498	0.27160397	0.33132073	0.46051237	0.31236744	0.39210477	0.49835238	0.31438375	0.37681288	10	0.36274517	0.07131472	0.2795537	Folding	0.21839471	0.04293581	0.16830838
E106K	E106K	106	106	0.7509947	0.8494384	0.48710924	0.87121934	0.86253786	0.8965668	0.71415615	0.7938299	0.5496647	0.95075464	10	0.7726272	0.1514243	0.5935833	Folding	0.46516865	0.09116666	0.35737333
E106L	E106L	106	106	0.42008334	0.412527	0.3752547	0.52121496	0.44803643	0.4664407	0.51955706	0.40504533	0.43272707	0.39027002	10	0.43911567	0.0503016	0.19718228	Folding	0.2643744	0.03028463	0.118715756
E106M	E106M	106	106	0.5744674	0.296716	0.46541846	0.3913818	0.21061502	0.42331183	0.27446288	0.5509446	0.43363947	0.5138137	10	0.41347712	0.121418975	0.4759624	Folding	0.24893844	0.073101625	0.2865584
E106N	E106N	106	106	0.3309944	0.27311313	0.3495102	0.21176621	0.54516566	0.24682394	0.18730544	0.23330384	0.258746	0.3749991	10	0.30117276	0.1050478	0.4117874	Folding	0.18132436	0.06324518	0.2479211
E106P	E106P	106	106	0.7619787	0.7375162	0.62104017	0.72724634	0.76181877	0.6656793	0.56363434	0.7178541	0.56576693	0.77788097	10	0.6900416	0.08112538	0.3180115	Folding	0.41544712	0.048842423	0.1914623
E106Q	E106Q	106	106	0.5841665	0.6734072	0.45633292	0.2277289	0.49570495	0.6370775	0.53386706	0.4029396	0.73691916	0.5741307	10	0.53222746	0.14674573	0.57524323	Folding	0.32043338	0.08834987	0.3463315
E106R	E106R	106	106	0.97394264	0.79443216	0.786855	0.80758303	0.79448855	0.71446955	0.7128616	0.763175	0.69614726	0.86012745	10	0.79040825	0.08184879	0.32084727	Folding	0.47587398	0.049277965	0.19316962
E106S	E106S	106	106	0.3926257	0.29795176	0.40192127	0.3475327	0.25020072	0.22973523	0.26218903	0.23894706	0.32338774	0.43957752	10	0.3184069	0.074867286	0.29347977	Folding	0.19170037	0.04507467	0.17669271
E106T	E106T	106	106	0.40785486	0.30904233	0.4034548	0.43063992	0.38481465	0.14551625	0.39878258	0.19341353	0.32802504	0.32185084	10	0.33233947	0.09572297	0.37523407	Folding	0.20008862	0.057631068	0.2259138
E106V	E106V	106	106	0.20425186	0.2734275	0.2548332	0.21428806	0.26355323	0.18209776	0.34193048	0.16490233	0.20365171	0.24281998	10	0.23457563	0.051906187	0.20347226	Folding	0.14122882	0.03125069	0.12250271
E106W	E106W	106	106	0.49036595	0.3226845	0.42524484	0.33862868	0.3319453	0.38366622	0.5276016	0.36972532	0.4658373	0.5737489	10	0.42294484	0.088130556	0.3454718	Folding	0.25463858	0.05305997	0.20799509
E106Y	E106Y	106	106	0.3073471	0.32224795	0.29973444	0.22779654	0.23197381	0.26227802	0.28518486	0.22311202	0.21587472	0.29891247	10	0.26744622	0.040034518	0.15693532	Folding	0.16101894	0.02410322	0.09448463
E142A	E142A	142	142	1.0445493	1.2823198	0.7954029	1.0572003	1.1215482	0.9665173	0.94325167	1.03972	1.1998849	1.0497729	10	1.0500166	0.13537136	0.53065574	Folding	0.632174	0.08150181	0.3194871
E142C	E142C	142	142	0.7719089	0.5850955	0.7278292	0.5802499	0.78934234	0.71180797	0.8919466	1.0752275	0.6633645	0.96797305	10	0.7764746	0.16121665	0.6319693	Folding	0.46748504	0.09706225	0.38048404
E142D	E142D	142	142	0.99504113	1.2667538	0.9617716	0.9887758	1.0018681	0.9255413	1.0214025	0.9446222	0.8286173	0.71208537	10	0.96464795	0.14205284	0.55684716	Folding	0.5807769	0.08552448	0.33525595
E142F	E142F	142	142	0.94260126	1.0948918	0.9864012	0.94419515	1.2144693	1.3805305	1.1490484	1.2184873	1.2314467	1.3525652	10	1.1514636	0.15804647	0.6195422	Folding	0.6932513	0.09515361	0.37300214
E142G	E142G	142	142	0.9908147	0.9673523	0.80532926	1.1309099	0.9987387	0.9210752	1.0814303	1.0202281	0.8518618	1.0707248	10	0.9838465	0.10208532	0.40017447	Folding	0.5923356	0.06146159	0.24092944
E142H	E142H	142	142	0.7294661	0.9618213	0.8525068	1.3388877	0.9020227	1.0041468	1.0535481	1.3159258	0.93450826	0.93708354	10	1.0029917	0.19197707	0.7525501	Folding	0.60386217	0.1155819	0.45308104
E142I	E142I	142	142	1.1541239	1.030331	1.2039927	1.11695	1.1666214	1.57094	1.3998607	1.3151248	1.3762554	1.3083751	10	1.2642574	0.16028965	0.6283354	Folding	0.7611601	0.09650414	0.37829623
E142K	E142K	142	142	0.85423857	0.99769264	0.97576475	1.0269014	1.2135391	1.1456324	1.1946232	1.1865826	1.1390686	0.974823	10	1.0708866	0.12100807	0.47435164	Folding	0.64473903	0.072854236	0.28558862
E142L	E142L	142	142	0.8651249	0.7821753	0.5845164	0.7591761	1.0240031	0.8331939	0.85784304	0.7824077	0.781188	0.8294418	10	0.8099071	0.109459534	0.42908138	Folding	0.48761344	0.06590132	0.25833318
E142M	E142M	142	142	0.61587596	0.6603708	0.6830273	1.0576739	1.013898	1.1415616	0.99469316	0.54666936	0.71143764	0.6589939	10	0.8084202	0.2173047	0.8518345	Folding	0.48671824	0.13083069	0.5128563
E142N	E142N	142	142	1.0376107	0.94303954	0.9202905	1.109507	1.1167963	1.0794665	0.84579456	0.8999382	0.9428349	1.0362045	10	0.9931482	0.09478721	0.37156588	Folding	0.5979358	0.05706768	0.22370532
E142P	E142P	142	142	1.0265796	0.9998993	0.90500885	0.8523237	1.0355172	0.88738495	0.72926193	0.96344984	1.3239516	1.185082	10	0.99084586	0.16946934	0.6643198	Folding	0.59654963	0.10203087	0.39996102
E142Q	E142Q	142	142	0.42200974	0.50585246	0.5552186	0.6852285	0.7895552	0.5182528	0.64877564	0.48398757	0.51117307	0.35764104	10	0.5477694	0.12806816	0.5020272	Folding	0.3297906	0.077104844	0.30225098
E142R	E142R	142	142	1.184167	1.0892252	1.1123434	1.0383261	1.0951369	1.0536267	1.0469575	1.0002763	1.0897478	1.0544688	10	1.0764276	0.050233092	0.19691372	Folding	0.64807504	0.030243384	0.11855406
E142S	E142S	142	142	0.6934915	0.68009466	0.9167529	0.8479717	0.9427974	0.7959176	0.74167347	0.77646255	0.70492053	0.7582285	10	0.7858311	0.09116226	0.35735604	Folding	0.47311825	0.05488524	0.21515013
E142T	E142T	142	142	0.7082028	0.51927024	0.6099722	0.6065708	0.69726497	0.7353114	0.784092	0.80455124	0.72931683	0.6968788	10	0.68914306	0.087249234	0.342017	Folding	0.41490614	0.052529357	0.20591508
E142V	E142V	142	142	1.1457204	0.9121668	0.894768	1.1276776	1.4098254	0.99494374	1.1952568	1.2883981	1.0937216	1.3200761	10	1.1382554	0.17181784	0.6735259	Folding	0.68529916	0.103444815	0.4055037
E142W	E142W	142	142	1.1423265	1.3147666	1.1535972	1.4930454	1.125734	1.5315372	1.0171064	1.2492195	1.3767837	1.1216507	10	1.2525767	0.17178133	0.6733828	Folding	0.75412756	0.103422835	0.40541753
E142Y	E142Y	142	142	1.0098937	0.5475108	0.8094758	1.0875821	1.23867	1.1623204	1.0741001	0.8757024	1.3909882	0.6788752	10	0.9875118	0.2598076	1.0184457	Folding	0.5945423	0.15642	0.61316645
E161A	E161A	161	161	0.76175874	0.9384991	0.77238727	0.86553633	0.6465199	0.5914644	0.57022965	0.7727776	0.5664869	0.7935674	10	0.72792274	0.12862478	0.50420916	Folding	0.43825388	0.077439964	0.30356467
E161C	E161C	161	161	0.7884427	0.81233907	0.9832237	0.856189	0.935507	0.9486473	0.7821875	0.7776269	0.9327711	0.7550586	10	0.8571993	0.08512753	0.33369994	Folding	0.5160863	0.051251967	0.2009077
E161D	E161D	161	161	1.2387102	0.90669674	1.0620444	1.0858812	0.9638322	1.0414007	1.0469884	1.209307	1.0312965	1.0668792	10	1.0653037	0.09930828	0.38928849	Folding	0.64137775	0.059789643	0.2343754
E161F	E161F	161	161	1.1171262	1.4845511	1.1947287	1.2658811	1.2215075	1.2849196	1.219493	1.3584765	1.1703007	1.1370076	10	1.2453992	0.110359706	0.43261006	Folding	0.7498063	0.06644327	0.26045763
E161G	E161G	161	161	1.2404076	1.3371719	1.1234884	1.3459709	1.3061093	1.2476074	1.4368612	1.4908109	1.3131179	1.2764803	10	1.3118026	0.10298704	0.40370923	Folding	0.78978515	0.06200448	0.24305756
E161H	E161H	161	161	1.0387808	1.2881552	1.0464046	1.0181382	0.92488104	1.1432246	0.8815018	0.8953594	0.88093036	0.9056248	10	1.0023	0.13383187	0.52462095	Folding	0.6034457	0.080574945	0.31585377
E161I	E161I	161	161	0.9542603	0.8807548	0.88759583	0.857492	0.9343509	0.8578575	0.90216357	0.66359776	0.84365493	0.91250235	10	0.86942303	0.08034894	0.31496784	Folding	0.52344567	0.048374962	0.18962985
E161K	E161K	161	161	0.9825692	0.7868086	0.98462754	0.7738366	0.82440555	0.7046586	0.9279113	0.7022523	1.0244935	0.9174866	10	0.8629049	0.11949381	0.46841577	Folding	0.51952136	0.07194256	0.28201485
E161L	E161L	161	161	0.7612804	0.5882659	0.6173183	0.63914984	0.7569149	0.6626094	0.68237996	0.73771286	0.6478741	0.6581013	10	0.6751607	0.059115328	0.23173209	Folding	0.4064879	0.035591032	0.13951685
E161M	E161M	161	161	0.31627354	0.22747459	0.31275636	0.35634533	0.3651186	0.2305306	0.605414	0.34120458	0.30837992	0.30345207	10	0.33669496	0.105156586	0.41221383	Folding	0.2027109	0.063310675	0.24817786
E161N	E161N	161	161	1.1666721	0.9307644	1.051192	0.97888684	0.87579864	0.85667723	0.8607164	1.0379817	0.960053	0.8998683	10	0.961861	0.09973621	0.39096597	Folding	0.579099	0.060047284	0.23538536
E161P	E161P	161	161	3.5220838	2.6430678	3.63466	3.3285336	2.076735	3.0966423	3.165904	3.552656	3.6430972	3.426821	10	3.20902	0.5015827	1.9662042	Folding	1.9320257	0.30198336	1.1837748
E161Q	E161Q	161	161	0.33714515	0.27426553	0.52224016	0.16285115	0.30651143	0.7246919	0.43583757	0.4028166	0.381733	0.26878098	10	0.3816873	0.15655951	0.6137133	Folding	0.22979903	0.094258375	0.36949283
E161R	E161R	161	161	1.028644	1.1215725	1.3058192	1.1004488	1.0749557	1.1183562	1.1357803	1.176528	1.2098595	1.1880776	10	1.1460043	0.07794773	0.3055551	Folding	0.6899645	0.046929285	0.1839628
E161S	E161S	161	161	0.83035934	0.8985709	0.9352779	0.9297705	0.79556775	0.7979301	0.9230092	0.8962515	0.7911261	0.9090217	10	0.87068856	0.059808757	0.23445033	Folding	0.5242076	0.03600852	0.1411534
E161T	E161T	161	161	1.1336987	1.120287	1.1732132	0.9838426	1.0617535	0.95213205	1.0303321	1.134294	1.0223906	1.1358304	10	1.0747774	0.075057425	0.2942251	Folding	0.6470815	0.045189146	0.17714146
E161V	E161V	161	161	0.8624482	0.8858898	0.8647163	1.0438097	1.0898273	0.8451079	0.75097936	0.923336	1.0527625	0.8980957	10	0.9216973	0.107479684	0.42132038	Folding	0.554918	0.06470932	0.25366053
E161W	E161W	161	161	1.5899513	1.445964	1.470134	1.1877307	1.4389915	1.3592267	1.6545727	1.6138017	1.3235277	1.4034597	10	1.448736	0.1429765	0.56046784	Folding	0.8722274	0.086080566	0.3374358
E161Y	E161Y	161	161	1.1033263	0.9079282	1.1726565	1.2436218	1.2262691	1.4353797	1.2710998	1.1032972	1.4277334	1.2030139	10	1.2094326	0.15591465	0.61118543	Folding	0.72815216	0.093870126	0.3679709
E167A	E167A	167	167	0.34742638	0.37588182	0.51862055	0.50857395	0.3718088	0.38486966	0.33118534	0.34797293	0.2698639	0.37454128	10	0.38307446	0.07629589	0.2990799	Folding	0.23063418	0.045934778	0.18006434
E167C	E167C	167	167	1.0187116	1.2280658	1.1003224	0.93437004	0.95193064	1.1158229	0.8585173	0.84103084	0.82536584	0.88999903	10	0.9764136	0.13531213	0.5304235	Folding	0.5878605	0.08146615	0.31934732
E167D	E167D	167	167	0.16921774	0.34705752	0.43562695	0.24035428	0.32885364	0.31022236	0.49995178	0.41232854	0.5364031	0.29864794	10	0.35786638	0.11411944	0.4473482	Folding	0.21545738	0.06870686	0.26933092
E167F	E167F	167	167	0.5752348	0.6089834	0.548609	0.5305872	0.37122306	0.41434133	0.62461674	0.4622096	0.4529514	0.46429592	10	0.50530523	0.08493221	0.33293426	Folding	0.30422455	0.051134367	0.20044672
E167G	E167G	167	167	0.6757463	0.72978985	0.57806104	0.8098597	0.7125042	0.75414705	0.61397487	0.6822639	0.69051754	0.6968271	10	0.69436914	0.06582807	0.25804603	Folding	0.41805255	0.03963251	0.15535945
E167H	E167H	167	167	0.69546473	0.5930225	0.55803037	0.5152566	0.6912892	0.744421	0.5595298	0.40623403	0.4795985	0.614433	10	0.585728	0.104958855	0.4114387	Folding	0.35264397	0.06319163	0.2477112
E167I	E167I	167	167	0.545368	0.60461074	0.6625949	0.67577314	0.49746215	0.6865065	0.6245987	0.67646277	0.66771996	0.719406	10	0.6360503	0.06909108	0.27083704	Folding	0.38294107	0.041597042	0.16306041
E167K	E167K	167	167	0.5774719	0.49112415	0.41930023	0.59290713	0.7613891	0.96541286	0.67536473	0.45833844	0.24877827	0.33838314	10	0.552847	0.21080561	0.826358	Folding	0.33284763	0.12691782	0.49751788
E167L	E167L	167	167	0.50954384	0.42811063	0.46918866	0.5023917	0.656384	0.60423195	0.56507695	0.49484462	0.54292667	0.42928323	10	0.5201982	0.0734544	0.28794128	Folding	0.31319106	0.044224028	0.17335819
E167M	E167M	167	167	0.3994297	0.5353186	0.4200487	0.6522039	0.51943356	0.48771137	0.4049734	0.31407195	0.46807125	0.43548533	10	0.46367478	0.092516884	0.3626662	Folding	0.2791605	0.055700805	0.21834716
E167N	E167N	167	167	0.21862502	0.3136837	0.12219319	0.042504635	0.36106622	0.18474002	0.37720448	0.27350134	0.3436328	0.28671995	10	0.25238714	0.10945077	0.42904705	Folding	0.15195245	0.06589604	0.2583125
E167P	E167P	167	167	1.2458103	1.2315365	1.1333212	0.8980408	1.2679911	1.1013874	1.2384558	1.0323435	1.327939	1.3993032	10	1.1876129	0.14802743	0.58026755	Folding	0.71501535	0.08912154	0.34935644
E167Q	E167Q	167	167	0.3847425	0.25236213	0.37440693	0.15436275	0.49064848	0.3615864	0.49887955	0.42193514	0.33156034	0.47254008	10	0.37430245	0.10868704	0.42605323	Folding	0.2253529	0.06543623	0.25651002
E167R	E167R	167	167	0.78797996	0.8902192	0.86024666	0.7410355	0.81247723	0.73578286	0.8464552	0.9365388	0.93442905	0.8071994	10	0.8352364	0.07163013	0.28079012	Folding	0.5028632	0.043125704	0.16905276
E167S	E167S	167	167	0.45462596	0.48431984	0.45789993	0.475658	0.4455305	0.44986638	0.49603945	0.48842487	0.6480594	0.39053902	10	0.47909632	0.066527575	0.2607881	Folding	0.2884452	0.04005366	0.15701035
E167T	E167T	167	167	0.4509928	0.5594236	0.41151115	0.50565755	0.49002978	0.7488808	0.73577636	0.18631214	0.48654142	0.47535425	10	0.505048	0.15998629	0.62714624	Folding	0.30406967	0.0963215	0.37758029
E167V	E167V	167	167	0.5394469	0.55898523	0.5264171	0.5514918	0.5623045	0.45224553	0.5676108	0.6475299	0.49593073	0.5600575	10	0.546202	0.050728507	0.19885576	Folding	0.3288469	0.030541655	0.11972329
E167W	E167W	167	167	1.4883866	1.2068868	1.3032681	1.4012887	1.3336339	1.5720333	1.4794555	1.5567389	1.103068	1.3879817	10	1.3832741	0.15087129	0.59141546	Folding	0.83281535	0.090833716	0.35606816
E167Y	E167Y	167	167	1.3183485	1.3905777	1.4548088	1.1822162	1.2820463	1.1502402	1.0251123	1.1487142	1.1955098	1.2956337	10	1.2443206	0.12802616	0.5018625	Folding	0.7491569	0.07707955	0.30215183
E2A	E2A	2	2	0.30111748	0.23957428	0.16796479	0.08377067	0.19522643	0.19486307	0.12980323	0.4070533	0.029196665	0.36653602	10	0.21151058	0.120072804	0.4706854	Folding	0.12734227	0.07229115	0.2833813
E2C	E2C	2	2	0.043337587	0.19836167	0.25310484	0.2796449	0.17933652	-0.03147864	0.23869716	0.24665172	0.11336014	0.26762477	10	0.17886408	0.10488339	0.4111429	Folding	0.10768708	0.0631462	0.2475331
E2D	E2D	2	2	0.15172578	0.4205621	0.38494867	0.50115514	0.48928568	0.2664989	0.23239118	0.30676135	0.30449125	0.43277758	10	0.34905976	0.115156725	0.45141438	Folding	0.21015526	0.06933137	0.27177897
E2F	E2F	2	2	0.4991632	0.6006709	0.6503937	0.6728387	0.5859256	0.7258912	0.79334015	0.6259011	0.6118767	0.53623044	10	0.6302232	0.086400025	0.3386881	Folding	0.3794328	0.052018084	0.20391089
E2G	E2G	2	2	-0.026730318	0.03196764	0.031935647	-0.11137275	0.013014155	0.12640266	0.10961581	0.10544785	0.109067254	-0.009813215	10	0.037953474	0.076033175	0.29805005	Folding	0.022850305	0.045776606	0.1794443
E2H	E2H	2	2	0.12674987	0.13703032	0.05397962	0.19670518	0.17841093	0.18230288	0.17464063	0.47522867	0.29511592	0.056687113	10	0.18768512	0.12288469	0.481708	Folding	0.11299788	0.07398408	0.2900176
E2I	E2I	2	2	0.640305	0.45980626	0.501632	0.29103193	0.5278608	0.57940966	0.5023571	0.56910807	0.37630367	0.60960656	10	0.50574213	0.1074035	0.42102173	Folding	0.3044876	0.064663455	0.25348076
E2K	E2K	2	2	0.07359108	0.052348014	0.10075358	-0.30435702	0.27116615	-0.19692467	0.00769996	-0.0043656407	0.33830464	-0.18971312	10	0.014850298	0.2031871	0.7964934	Folding	0.008940785	0.122331016	0.47953758
E2L	E2L	2	2	0.6754283	0.7288994	0.40872356	0.65080357	0.6126076	0.8884535	0.8199471	0.5471426	0.68119335	0.7573152	10	0.6770514	0.13661721	0.5355395	Folding	0.40762624	0.08225189	0.32242742
E2M	E2M	2	2	0.6239713	0.6628449	0.6268947	0.67414045	0.8235318	0.6033966	0.7565725	0.72456694	0.81984293	0.69480264	10	0.7010564	0.07884475	0.30907142	Folding	0.4220787	0.047469348	0.18607984
E2N	E2N	2	2	0.64773965	0.83043605	0.8059166	0.98360467	0.93009984	0.5818574	1.1269796	0.65523964	0.8863521	0.8809866	10	0.83292115	0.1678015	0.6577819	Folding	0.5014693	0.101026736	0.39602482
E2P	E2P	2	2	-0.3021236	-0.3353753	-0.19594637	-0.24765787	-0.22195107	-0.17732248	-0.29478112	-0.32452753	-0.22598082	-0.27708405	10	-0.26027504	0.054585576	0.21397546	Folding	-0.15670145	0.032863844	0.12882628
E2Q	E2Q	2	2	0.2664022	0.31182483	0.2775932	0.061798554	0.063388065	0.1846914	0.69414854	0.41020128	0.39920232	0.172195	10	0.28414455	0.18825236	0.73794925	Folding	0.17107235	0.1133394	0.44429046
E2R	E2R	2	2	0.07171675	0.13732378	0.16053504	0.09793291	0.05338828	0.14235629	0.05006621	-0.06386062	0.11440011	0.07506966	10	0.08389284	0.06446932	0.25271976	Folding	0.050508603	0.038814463	0.1521527
E2S	E2S	2	2	0.16532788	0.067101985	0.09943615	0.08483365	-0.042416267	-0.031117873	0.005247522	0.0723553	0.08157111	0.02493471	10	0.05272742	0.063617215	0.24937949	Folding	0.03174512	0.03830144	0.15014166
E2T	E2T	2	2	0.27800244	0.33895007	0.118997484	0.28743225	0.30971316	0.28729013	0.20438169	0.21516596	0.17281698	0.11803277	10	0.23307827	0.07889435	0.30926585	Folding	0.14032733	0.047499206	0.1861969
E2V	E2V	2	2	0.4276001	0.3246938	0.43305907	0.29632667	0.38990098	0.2283003	0.20090336	0.35878798	0.42338318	0.20709206	10	0.32900476	0.09222648	0.36152783	Folding	0.19808093	0.055525966	0.2176618
E2W	E2W	2	2	1.1556934	1.0427076	1.2160201	1.3484424	1.1487013	1.3325039	0.9374401	1.0686436	1.1680087	1.426504	10	1.1844666	0.15103033	0.5920389	Folding	0.7131211	0.09092947	0.35644352
E2Y	E2Y	2	2	0.43844408	0.31547996	0.48189166	0.5142016	0.5168254	0.49195942	0.29592028	0.26955044	0.68604475	0.6384627	10	0.464878	0.13941094	0.5464909	Folding	0.2798849	0.08393389	0.32902086
E30A	E30A	30	30	0.2648138	0.20471592	0.43389416	0.23127511	0.42598465	0.32925475	0.30469152	0.46435162	0.32391036	0.25084126	10	0.32337332	0.090832256	0.35606244	Folding	0.19469045	0.054686558	0.21437131
E30C	E30C	30	30	0.4741996	0.3819929	0.4179949	0.21436082	0.1548582	0.45143157	0.45684946	0.37973592	0.54646635	0.07401992	10	0.35519093	0.15442894	0.60536146	Folding	0.2138466	0.09297564	0.36446452
E30D	E30D	30	30	0.0006198503	0.059119772	0.22386414	0.36762312	0.30436164	0.27444714	0.109853886	0.20372391	0.20644291	0.21019854	10	0.19602549	0.11196634	0.43890807	Folding	0.1180193	0.067410566	0.2642494
E30F	E30F	30	30	0.38451388	0.22985841	0.2912683	0.50961894	0.29354298	0.43200183	0.2840717	0.08246617	0.33542433	0.28607893	10	0.31288454	0.11590619	0.45435226	Folding	0.18837558	0.06978259	0.27354777
E30G	E30G	30	30	0.22158118	0.17023444	0.15835348	0.07935071	0.19786164	0.13485645	0.0935924	0.25166065	0.119982176	0.2568517	10	0.16843249	0.06285076	0.24637498	Folding	0.10140663	0.03783999	0.14833276
E30H	E30H	30	30	0.5152112	0.21689321	0.17520122	0.4908622	0.7193418	0.7662168	0.13852142	0.5354203	0.75146896	0.23641539	10	0.45455527	0.24696454	0.968101	Folding	0.27367	0.14868772	0.5828559
E30I	E30I	30	30	0.5784499	0.23740333	0.4247316	0.4531173	0.86236924	0.45387065	0.27161282	0.5246394	0.47086754	0.6192729	10	0.48963347	0.17738281	0.69534063	Folding	0.2947892	0.106795266	0.41863745
E30K	E30K	30	30	-0.050898947	0.074590184	0.15428941	0.19436182	0.114144504	0.15679616	0.24222352	0.11562708	-0.12873968	0.07201209	10	0.0944406	0.11153542	0.43721887	Folding	0.056859	0.06715112	0.2632324
E30L	E30L	30	30	0.6029653	0.34134275	0.52850443	0.5318918	0.46469447	0.56975496	0.714008	0.55672014	0.4579294	0.32168767	10	0.5089499	0.118085	0.4628932	Folding	0.30641887	0.07109437	0.27868995
E30M	E30M	30	30	0.26054522	0.19926703	0.77768826	0.7592615	0.75083363	0.7089301	0.7363359	1.1322587	0.6447904	0.8146323	10	0.6784543	0.26993406	1.0581415	Folding	0.40847084	0.16251676	0.6370657
E30N	E30N	30	30	0.14760168	0.2699261	0.20651194	0.38397676	0.24050172	0.2923465	0.015296892	0.122735225	0.15204762	0.25955692	10	0.20905015	0.10371213	0.40655154	Folding	0.12586093	0.062441025	0.24476883
E30P	E30P	30	30	0.34727713	0.65031934	0.2986213	0.17803262	-0.057944745	0.5023039	0.53169006	0.43207735	0.2998842	0.7622982	10	0.39445597	0.23676363	0.92811346	Folding	0.23748654	0.14254613	0.55878085
E30Q	E30Q	30	30	0.37789136	0.89435047	0.30978346	0.42542666	0.10473967	0.47544524	0.47245795	0.17122295	0.3190337	0.010497444	10	0.35608488	0.24565081	0.9629512	Folding	0.21438481	0.14789677	0.57975537
E30R	E30R	30	30	0.5024333	0.575804	0.4074971	0.3900942	0.4547076	0.58523816	0.43913054	0.4718647	0.6396879	0.28367603	10	0.47501335	0.10555004	0.4137562	Folding	0.285987	0.06354756	0.24910644
E30S	E30S	30	30	0.35620397	0.42384034	0.41951802	0.26404715	0.14521341	0.3653673	0.23339693	0.29122126	0.6542886	0.08594935	10	0.32390463	0.16070713	0.629972	Folding	0.19501033	0.09675549	0.37928152
E30T	E30T	30	30	0.45411947	0.1887947	0.19048578	0.39283425	0.3715475	0.8415757	0.29808477	0.7004346	0.6985814	0.836372	10	0.49728298	0.25229216	0.9889853	Folding	0.29939467	0.15189525	0.5954294
E30V	E30V	30	30	0.27797055	0.26562735	0.256798	0.33275852	0.2840381	0.41881368	0.45584363	0.4011062	0.39367166	0.22416252	10	0.33107904	0.080522	0.31564626	Folding	0.19932976	0.048479155	0.1900383
E30W	E30W	30	30	0.545949	0.7069638	0.76539606	0.7982395	0.89643914	0.69332236	0.6771254	0.8035418	0.66718143	0.6373502	10	0.71915084	0.09939787	0.38963965	Folding	0.43297267	0.059843577	0.23458683
E30Y	E30Y	30	30	0.703062	0.7380723	0.15976898	0.45035106	0.4351631	0.42679194	0.3060452	0.46050417	0.28661078	0.98899287	10	0.49553624	0.24705513	0.96845615	Folding	0.29834303	0.14874224	0.5830696
E36A	E36A	36	36	0.22908354	0.36902454	0.21872233	0.44055873	0.28529724	0.1916949	0.27693677	0.4675416	0.33026835	0.2746234	10	0.30837515	0.09283398	0.3639092	Folding	0.18566065	0.05589172	0.21909554
E36C	E36C	36	36	0.43372223	0.57201403	0.035644557	0.22957359	0.658093	0.29024357	0.3253619	0.6155059	0.19685814	0.36872151	10	0.37257385	0.19942172	0.78173316	Folding	0.22431217	0.120064035	0.47065103
E36D	E36D	36	36	-0.27893093	-0.016871693	0.17044121	0.14576389	0.030714365	0.48732662	0.08313764	-0.16049649	-0.19533874	0.16127457	10	0.04270204	0.2224655	0.87206477	Folding	0.025709232	0.13393779	0.52503616
E36F	E36F	36	36	0.3530668	0.08406848	0.23273313	0.4716936	0.679443	1.04413	0.58051056	0.5131798	1.0151541	0.78281784	10	0.5756797	0.31443948	1.2326027	Folding	0.3465943	0.18931174	0.742102
E36G	E36G	36	36	0.07040369	0.067001544	0.053484544	0.063588545	0.09050506	0.101612754	0.067657225	0.05356042	0.0691414	0.037851155	10	0.06748064	0.018225154	0.071442604	Folding	0.040627457	0.0109726535	0.0430128
E36H	E36H	36	36	0.9046644	1.1976783	1.7377442	1.15662	1.197324	1.3958185	1.5332586	0.6661166	1.204704	1.2860312	10	1.2279961	0.3004274	1.1776755	Folding	0.73932856	0.18087561	0.7090324
E36I	E36I	36	36	-0.17658849	0.30018222	-0.0655243	0.086276054	0.049182884	-0.46668956	0.23483601	1.0482805	0.8072582	0.7338788	10	0.25510925	0.47687927	1.8693668	Folding	0.15359132	0.2871104	1.1254728
E36K	E36K	36	36	0.003418833	-0.13571171	-0.13060959	0.63528275	-0.47198412	0.7917743	0.43382126	-0.81865674	-0.3468144	0.0945773	10	0.0055097863	0.50288826	1.9713221	Folding	0.0033172274	0.3027694	1.186856
E36L	E36L	36	36	-0.2072552	0.51889133	0.33531335	0.87213355	0.4108962	0.74603647	0.4565439	0.75544703	-0.17770875	0.6307323	10	0.434103	0.3703966	1.4519547	Folding	0.26135647	0.22300135	0.8741653
E36M	E36M	36	36	0.99859774	0.5131463	0.95004296	0.52145463	1.049778	1.4294716	0.7560965	1.0178591	1.0238719	0.64461184	10	0.89049304	0.2832773	1.110447	Folding	0.5361311	0.17055021	0.66855687
E36N	E36N	36	36	-0.47720015	-0.3580576	1.1789653	1.1035981	-0.09113244	0.8933678	0.6172985	0.14171094	1.2727284	-0.84761333	10	0.34336653	0.76960623	3.0168564	Folding	0.2067276	0.46334988	1.8163315
E36P	E36P	36	36	2.8374481	2.5244057	2.2081087	2.1335027	2.3051875	2.5635622	2.4202046	2.4826462	2.396191	2.2358885	10	2.4107146	0.20641394	0.80914265	Folding	1.4513972	0.12427378	0.4871532
E36Q	E36Q	36	36	0.44881278	0.52425337	0.4498486	0.13036226	0.5273321	0.97090673	0.5760522	0.2904149	0.111741744	-0.501518	10	0.35282066	0.38754654	1.5191824	Folding	0.21241955	0.23332664	0.9146405
E36R	E36R	36	36	0.2815622	0.48172694	0.4896645	0.37871903	0.4919607	0.26923317	0.3608243	0.42026076	0.21864408	0.31556305	10	0.37081587	0.09899709	0.3880686	Folding	0.22325377	0.059602283	0.23364095
E36S	E36S	36	36	0.5204434	0.21526389	0.49979442	0.23144895	0.49592012	0.20880264	0.5593632	0.76206475	0.7073135	0.196593	10	0.43970075	0.21325558	0.8359619	Folding	0.26472667	0.12839286	0.5033
E36T	E36T	36	36	0.9894796	1.321427	0.6062088	0.6203568	0.5405847	0.8634746	0.7452755	1.0636681	0.17783955	0.73659563	10	0.76649106	0.3164616	1.2405294	Folding	0.46147436	0.19052917	0.74687433
E36V	E36V	36	36	0.06694504	0.25786397	0.06335597	0.24714097	0.26400253	0.12863111	0.25723752	0.24498902	0.22953275	0.385913	10	0.2145612	0.09986172	0.39145795	Folding	0.12917893	0.060122844	0.23568155
E36W	E36W	36	36	0.5847568	0.9158144	0.5649317	0.31114057	0.8280651	0.43172866	0.5182229	1.0736374	0.7003748	0.6507786	10	0.6579451	0.22975026	0.90062106	Folding	0.39612305	0.13832366	0.54222876
E36Y	E36Y	36	36	1.376793	1.4626014	2.0929434	1.4756124	2.0698824	1.9303718	1.4114	1.3590771	1.1019387	1.9032043	10	1.6183825	0.34758416	1.3625299	Folding	0.97436494	0.20926686	0.8203261
E48A	E48A	48	48	0.62360567	0.6419857	0.49353278	0.6351994	0.48895252	0.6081952	0.6854748	0.70271635	0.5870971	0.8059677	10	0.6272727	0.09445796	0.37027523	Folding	0.37765643	0.05686945	0.22292826
E48C	E48C	48	48	0.9841596	0.9297068	0.82064	0.902785	0.66826314	1.1989369	0.6153009	0.77124023	0.7131115	0.65275174	10	0.8256895	0.18129401	0.71067256	Folding	0.49711543	0.109150045	0.4278682
E48D	E48D	48	48	0.44766176	0.41694242	0.3416188	0.4842947	0.29416835	0.42326546	0.50573546	0.26040167	0.37944216	0.32213527	10	0.3875666	0.08193602	0.3211892	Folding	0.23333873	0.049330477	0.19337547
E48F	E48F	48	48	0.90272886	1.0261397	1.1745465	1.1423415	1.0793351	1.2798654	1.2267991	1.3551627	1.1884004	0.993097	10	1.1368417	0.13798377	0.54089636	Folding	0.684448	0.083074644	0.3256526
E48G	E48G	48	48	0.6247113	0.55459917	0.6042289	0.6475686	0.6830452	0.5635405	0.6717059	0.7448391	0.7243318	0.5766225	10	0.63951933	0.06640414	0.26030424	Folding	0.38502964	0.039979342	0.15671903
E48H	E48H	48	48	0.8014484	0.8599927	0.33922845	0.8266256	0.87620854	0.7918227	0.9418894	0.42117345	0.80140936	0.8348587	10	0.7494657	0.20050418	0.7859764	Folding	0.45122406	0.120715745	0.47320572
E48I	E48I	48	48	0.84674	0.926053	1.0257667	1.3669217	0.4133999	0.5420903	1.0421635	0.65783256	1.0662252	0.7939988	10	0.8681191	0.28082937	1.1008512	Folding	0.5226607	0.1690764	0.6627795
E48K	E48K	48	48	0.8034569	0.43285373	0.5394542	0.64407027	0.66105366	0.6327568	0.61926246	0.78840965	0.8380858	0.59324837	10	0.65526515	0.12552042	0.49204007	Folding	0.39450958	0.07557095	0.29623812
E48L	E48L	48	48	1.3308569	1.4485714	1.2312664	1.4575441	1.326658	1.3228029	1.345268	1.367654	1.4148676	1.5683162	10	1.3813806	0.0939191	0.36816287	Folding	0.83167535	0.056545023	0.2216565
E48M	E48M	48	48	0.9678986	0.77956307	1.1145712	1.1602188	1.3885767	1.1666582	1.137041	1.3858856	1.1872168	1.1573141	10	1.1444944	0.17822765	0.6986524	Folding	0.68905544	0.10730391	0.42063135
E48N	E48N	48	48	0.6049595	0.7678121	0.8808548	0.85653424	0.61774224	0.75740826	0.61186916	0.53952426	0.5551213	0.46764573	10	0.66594714	0.14055704	0.5509836	Folding	0.40094078	0.0846239	0.33172572
E48P	E48P	48	48	1.0455648	1.3997833	1.0078639	1.0781487	0.87660456	1.0339786	0.8833939	1.3489864	0.46810076	0.9033134	10	1.0045738	0.2607462	1.0221251	Folding	0.6048147	0.15698512	0.61538166
E48Q	E48Q	48	48	0.4483714	0.10956666	0.47385645	0.20453008	0.1449744	0.25368452	0.268659	0.35324666	0.12161629	0.13031858	10	0.25088242	0.13503176	0.52932453	Folding	0.15104651	0.08129735	0.31868562
E48R	E48R	48	48	0.52719325	0.5038747	0.45473263	0.45826745	0.42938668	0.39657888	0.5688064	0.5381144	0.568645	0.5259843	10	0.49715838	0.059367966	0.23272243	Folding	0.29931965	0.035743136	0.1401131
E48S	E48S	48	48	0.5856171	0.49382883	0.6203156	0.679514	0.8170914	0.49145353	0.6334345	0.6255307	0.5921946	0.46708497	10	0.6006065	0.10361184	0.40615842	Folding	0.36160174	0.062380645	0.24453214
E48T	E48T	48	48	0.2828809	0.3299567	0.3360313	0.22500758	0.3281266	0.39248478	0.5388538	0.3326405	0.43500885	0.38779792	10	0.35887885	0.08617959	0.33782402	Folding	0.21606696	0.05188537	0.20339066
E48V	E48V	48	48	0.4734066	0.47911358	0.4746408	0.40365344	0.56105304	0.4903074	0.66361934	0.5916021	0.5408293	0.6692914	10	0.53475165	0.08711592	0.3414944	Folding	0.3219531	0.052449096	0.20560046
E48W	E48W	48	48	1.3981293	1.189057	1.4771372	1.351407	1.621191	1.350653	1.5674596	1.5928468	1.323464	1.1890122	10	1.4060358	0.15613896	0.6120647	Folding	0.8465193	0.094005175	0.3685003
E48Y	E48Y	48	48	0.9670677	1.1922938	1.5767381	1.125416	0.8729094	1.0589316	1.3129474	1.3102854	0.8250856	0.8364457	10	1.1078122	0.24525863	0.96141386	Folding	0.6669705	0.14766064	0.5788297
E61A	E61A	61	61	0.43790913	0.33413413	0.30937257	0.38137698	0.31764728	0.38372552	0.4019722	0.48399037	0.383887	0.40748236	10	0.38414976	0.053999975	0.2116799	Folding	0.23128158	0.03251128	0.12744422
E61C	E61C	61	61	0.3168104	0.24307714	0.30913204	0.23380059	0.17745198	0.19853765	0.2657976	0.17873123	0.34200138	0.1942084	10	0.24595484	0.060483504	0.23709534	Folding	0.14807981	0.036414757	0.14274585
E61D	E61D	61	61	0.01306435	0.24251534	0.1731868	0.24256715	0.12909076	0.17013098	0.15406998	0.11373685	0.09355678	0.14531556	10	0.14772347	0.06810674	0.26697844	Folding	0.088938534	0.041004412	0.16073729
E61F	E61F	61	61	0.63126135	0.566419	0.4457368	0.6374949	0.6347184	0.47721034	0.6982745	0.71477777	0.7279112	0.5011383	10	0.6034942	0.101343885	0.39726803	Folding	0.36334032	0.0610152	0.23917958
E61G	E61G	61	61	0.120182775	0.049054865	0.11251854	0.07887597	0.009823762	0.06870233	0.08735523	0.0840705	0.09742587	0.08028291	10	0.07882927	0.03170002	0.12426408	Folding	0.04746003	0.019085344	0.07481455
E61H	E61H	61	61	0.2324436	0.13494435	0.42946678	0.31168172	0.25261182	0.37974882	0.37220716	0.4795523	0.45997667	0.23167998	10	0.3284313	0.113988556	0.44683516	Folding	0.19773567	0.06862806	0.269022
E61I	E61I	61	61	0.29655692	0.2215782	0.47458813	0.3709044	0.41150942	0.49246335	0.3702533	0.31002566	0.37178105	0.37325075	10	0.36929113	0.080752306	0.31654903	Folding	0.22233577	0.04861781	0.19058181
E61K	E61K	61	61	0.25382137	0.45693818	0.3246939	0.6737986	0.8521444	0.4304538	0.5791864	0.5624779	0.36313042	0.41890606	10	0.49155515	0.17857744	0.7000236	Folding	0.29594618	0.10751451	0.42145687
E61L	E61L	61	61	0.46667418	0.64706373	0.53256613	0.52074283	0.5103983	0.5532098	0.47981876	0.585735	0.49286315	0.52955025	10	0.5318622	0.053435836	0.20946848	Folding	0.32021347	0.032171633	0.1261128
E61M	E61M	61	61	0.46130413	0.3075937	0.39632905	0.17717089	0.36571756	0.1664902	0.5719601	0.22732946	0.37283805	0.21803896	10	0.32647723	0.13201115	0.5174837	Folding	0.1965592	0.079478756	0.31155673
E61N	E61N	61	61	0.46277106	0.32668057	0.3725928	0.40221924	0.40541002	0.36799046	0.46117327	0.18144085	0.33615738	0.30739832	10	0.3623834	0.08241968	0.32308516	Folding	0.2181769	0.04962167	0.19451696
E61P	E61P	61	61	0.12633698	0.16591182	0.17289422	0.1495127	0.11938809	0.19842629	0.2035901	0.2997689	0.23537521	0.16084771	10	0.1832052	0.054060735	0.21191809	Folding	0.110300705	0.032547858	0.1275876
E61Q	E61Q	61	61	0.4727854	0.32838202	0.4366667	0.5528791	0.6383614	0.4634343	0.5261291	0.553973	0.5092679	0.57034504	10	0.5052224	0.08553037	0.33527905	Folding	0.3041747	0.051494498	0.20185843
E61R	E61R	61	61	0.41852748	0.44182375	0.54243463	0.39668596	0.40035814	0.29836386	0.49282733	0.47284576	0.34987634	0.49939054	10	0.43131337	0.07395955	0.28992146	Folding	0.25967693	0.04452816	0.17455038
E61S	E61S	61	61	0.22773613	0.18893959	0.18068336	0.20929101	0.23110226	0.21647716	0.26768005	0.096469626	0.26662368	0.19851251	10	0.20835154	0.04902664	0.19218442	Folding	0.12544033	0.029517025	0.11570674
E61T	E61T	61	61	0.3610645	0.32816637	0.3823873	0.34759805	0.3995631	0.30418313	0.28269887	0.45928273	0.3835137	0.3668595	10	0.3615317	0.05028727	0.1971261	Folding	0.21766414	0.030276002	0.11868193
E61V	E61V	61	61	0.35329166	0.289876	0.29510078	0.31358775	0.2732204	0.2540396	0.2746204	0.26322997	0.31168938	0.2631322	10	0.2891788	0.030371197	0.11905509	Folding	0.17410326	0.018285312	0.07167842
E61W	E61W	61	61	0.6371479	0.49818802	0.60613316	0.6938085	0.69582427	0.4271326	0.42008585	0.53363097	0.60011977	0.5425709	10	0.5654642	0.0987666	0.3871651	Folding	0.34044394	0.059463516	0.23309699
E61Y	E61Y	61	61	0.54739314	0.49427316	0.67096585	0.32043958	0.44037607	0.44028732	0.58385533	0.39541885	0.4979181	0.32262015	10	0.47135478	0.11160554	0.4374937	Folding	0.28378433	0.06719334	0.26339787
E62A	E62A	62	62	0.3467826	0.36848202	0.4285356	0.30588898	0.3156149	0.30029574	0.45735174	0.19266066	0.1556892	0.32235023	10	0.31936517	0.09281687	0.36384213	Folding	0.19227731	0.055881415	0.21905515
E62C	E62C	62	62	0.46836108	0.6354793	0.59301203	0.6274234	0.89971894	0.5679149	0.8841459	0.5791738	0.7592686	0.48068827	10	0.64951867	0.15147527	0.5937831	Folding	0.39104983	0.09119735	0.3574936
E62D	E62D	62	62	-0.017757572	-0.15127642	-0.08631291	-0.15341432	-0.10114685	-0.074218065	-0.08972211	-0.04762497	-0.08965712	-0.08540973	10	-0.089654006	0.04109308	0.16108488	Folding	-0.053977177	0.024740541	0.096982926
E62F	E62F	62	62	0.5758439	0.6092209	0.5638371	0.5505249	0.55346584	0.7046104	0.7959906	0.91024303	0.5652032	0.6333868	10	0.64623266	0.12163095	0.47679335	Folding	0.38907146	0.073229246	0.28705865
E62G	E62G	62	62	-0.07722312	-0.124655195	-0.1503555	-0.022803718	0.01390791	-0.034797646	-0.024996491	-0.08696539	-0.0076356838	-0.06639553	10	-0.058192037	0.052519586	0.20587678	Folding	-0.035035156	0.031619992	0.12395037
E62H	E62H	62	62	0.015144489	0.14940724	0.19968459	0.2987706	0.17035532	0.120500475	0.06791033	0.07225812	0.04719291	0.27021027	10	0.14114343	0.09492108	0.37209064	Folding	0.08497695	0.057148278	0.22402126
E62I	E62I	62	62	0.9422546	0.8995356	0.7871744	0.6030579	0.6974498	1.035176	0.8917908	0.89556867	0.8870432	0.8523773	10	0.84914285	0.124117926	0.48654228	Folding	0.5112358	0.07472656	0.29292813
E62K	E62K	62	62	-0.08027973	0.009995649	0.07331878	-0.019461254	-0.11895858	-0.006308243	0.050980974	-0.011090986	-0.027035236	-0.13115373	10	-0.025999237	0.066986516	0.26258716	Folding	-0.015653126	0.040329967	0.15809347
E62L	E62L	62	62	0.8843233	0.78422666	0.75856763	0.7760106	0.8198685	0.82782006	0.9523539	0.7976443	0.84838444	0.7980933	10	0.82472926	0.05799104	0.22732487	Folding	0.4965373	0.03491414	0.13686343
E62M	E62M	62	62	0.4572052	0.38657987	0.61503875	0.5819571	0.57378995	0.55592567	0.67955995	0.53383315	0.4972498	0.5445258	10	0.5425665	0.08197324	0.3213351	Folding	0.3266581	0.049352888	0.19346333
E62N	E62N	62	62	-0.11785696	-0.076347634	-0.16636263	-0.07641356	-0.053899765	-0.0670282	-0.049889997	-0.15006031	-0.25202167	-0.1992991	10	-0.12091799	0.06885034	0.26989332	Folding	-0.0728	0.041452102	0.16249225
E62P	E62P	62	62	-0.07815575	-0.06263187	-0.058162723	-0.21889588	-0.1969827	-0.22292748	-0.10095307	-0.07609054	0.023469903	-0.013263071	10	-0.10045932	0.08538509	0.33470955	Folding	-0.060482636	0.05140703	0.20151557
E62Q	E62Q	62	62	-0.06240355	0.07009155	0.011810775	0.09287712	0.044941086	0.04646717	0.022274986	0.044985287	0.11944407	0.111965336	10	0.050245386	0.0535709	0.20999794	Folding	0.030250786	0.03225295	0.12643155
E62R	E62R	62	62	0.2008209	0.25696933	0.1853347	0.1349117	0.22314538	0.15297464	0.15470643	0.19880797	0.15892209	0.16904213	10	0.18356353	0.037181187	0.14575025	Folding	0.11051644	0.022385342	0.08775054
E62S	E62S	62	62	0.07548377	0.12690304	0.05841833	0.009824596	-0.024711514	0.054478217	0.05224901	0.08291775	0.10707791	0.08819233	10	0.06308334	0.044651408	0.17503352	Folding	0.03798002	0.02688287	0.105380856
E62T	E62T	62	62	0.017725162	0.045334775	0.0029139153	-0.12301667	-0.010565607	0.046768274	0.0849378	-0.0019938748	-0.0129656615	0.040019844	10	0.008915797	0.05578043	0.21865928	Folding	0.005367853	0.03358322	0.13164623
E62V	E62V	62	62	0.8956735	0.8943705	0.8677464	0.85706025	0.90901446	0.88104725	0.8731481	0.88440347	0.87819475	0.8864536	10	0.88271123	0.014941472	0.05857057	Folding	0.531446	0.008995677	0.035263054
E62W	E62W	62	62	1.3892769	1.7385811	1.4758617	1.3223563	1.5816745	1.4228659	1.1079227	1.2749566	1.5795773	1.7081684	10	1.4601241	0.19778658	0.77532345	Folding	0.87908375	0.11907958	0.46679196
E62Y	E62Y	62	62	0.100304276	0.21478085	0.22824375	0.13017568	0.31522965	0.27844825	0.30448112	0.2943983	0.32441282	0.33057252	10	0.25210473	0.08196809	0.32131493	Folding	0.15178242	0.04934979	0.19345118
E75A	E75A	75	75	0.14179567	0.10951426	0.115887254	0.13784708	0.08085409	0.053882528	0.12518238	0.14233829	0.052781425	0.11441167	10	0.10744947	0.033870045	0.13277058	Folding	0.064691134	0.020391833	0.07993599
E75C	E75C	75	75	0.15799221	0.15943533	0.08531043	0.06918128	0.12627614	0.091217294	0.33324188	0.2676737	0.17843506	0.063803874	10	0.15325673	0.08847126	0.34680736	Folding	0.0922699	0.053265095	0.20879917
E75D	E75D	75	75	-0.40901473	-0.41528973	-0.4024204	-0.25328305	-0.32781994	-0.4348194	-0.31439462	-0.5840155	-0.6108185	-0.4995991	10	-0.42514747	0.11426069	0.4479019	Folding	-0.2559647	0.0687919	0.26966426
E75F	E75F	75	75	0.5741876	0.4997003	0.5786038	0.6053389	0.66200745	0.66090375	0.77299273	0.6570868	0.5982317	0.5647874	10	0.6173841	0.07466458	0.29268515	Folding	0.37170285	0.044952627	0.17621431
E75G	E75G	75	75	0.8376586	0.81628203	0.832655	0.832699	0.838365	0.90196717	0.946873	0.8213317	0.84417546	0.8743381	10	0.85463446	0.04128906	0.16185312	Folding	0.51454204	0.024858532	0.09744545
E75H	E75H	75	75	0.14221595	-0.02690109	0.03554421	0.0310272	-0.082835145	0.23547946	0.06385993	-0.014839705	0.018563377	0.016572656	10	0.041868687	0.089984596	0.35273963	Folding	0.025207503	0.054176215	0.21237077
E75I	E75I	75	75	0.10617085	0.13455988	0.109519936	0.3706302	0.38104144	0.23983327	0.24530539	0.16280055	0.20980956	0.007950076	10	0.19676211	0.11788	0.46208963	Folding	0.11846279	0.070970945	0.2782061
E75K	E75K	75	75	1.048733	1.0077482	0.7987818	1.1022917	1.0278597	1.1627033	1.0473143	1.1583734	1.0668743	1.0574334	10	1.0478113	0.10158091	0.39819717	Folding	0.63084626	0.0611579	0.23973897
E75L	E75L	75	75	0.34256345	0.32381758	0.35361862	0.25559208	0.22339924	0.29950714	0.36706123	0.36322492	0.34845346	0.36564693	10	0.32428846	0.04982907	0.19532995	Folding	0.19524142	0.030000139	0.117600545
E75M	E75M	75	75	0.22015153	0.15164597	0.10628982	0.15323254	0.06986714	0.044127017	0.1445044	-0.0828147	0.23490761	0.10256204	10	0.11444734	0.09160785	0.35910276	Folding	0.06890428	0.055153508	0.21620175
E75N	E75N	75	75	0.6167556	0.49686053	0.4525349	0.46354094	0.5335617	0.48327878	0.70222676	0.3921622	0.5910296	0.42985117	10	0.5161802	0.09530292	0.37358743	Folding	0.31077197	0.057378165	0.22492242
E75P	E75P	75	75	1.7713926	1.9352144	1.9872005	2.1063607	1.6688191	1.9221774	2.1396816	1.9631358	1.6196637	1.621837	10	1.8735483	0.19215289	0.75323933	Folding	1.1279902	0.11568776	0.453496
E75Q	E75Q	75	75	0.3860726	0.2703992	0.3467567	0.3515621	0.24598989	0.09300051	0.24231791	0.19088204	0.13258837	0.28987178	10	0.25494412	0.09542785	0.37407717	Folding	0.1534919	0.057453383	0.22521727
E75R	E75R	75	75	1.0052464	1.009262	1.0432671	1.0842938	0.9867898	1.155526	1.2084036	1.3221854	1.0531217	1.0297037	10	1.08978	0.10738765	0.4209596	Folding	0.656114	0.06465391	0.25344333
E75S	E75S	75	75	0.42423522	0.3353169	0.4226915	0.36970547	0.36753225	0.40227962	0.40639824	0.43397593	0.3691334	0.42359293	10	0.39548618	0.03293797	0.12911685	Folding	0.23810679	0.019830666	0.077736214
E75T	E75T	75	75	0.30818066	0.24169551	0.2981994	0.40206337	0.30964774	0.30860907	0.24298532	0.26709986	0.2352957	0.28969604	10	0.29034725	0.04915719	0.1926962	Folding	0.17480674	0.029595627	0.11601486
E75V	E75V	75	75	0.04757486	0.12659737	0.14662425	0.068312615	0.17551737	0.14253908	0.11264033	0.101019755	-0.0028351254	0.012513034	10	0.093050346	0.059677884	0.23393731	Folding	0.05602198	0.035929725	0.14084452
E75W	E75W	75	75	0.107621945	0.1907387	0.21066616	0.34526607	0.3192017	0.26388714	0.40122107	0.30136076	0.059155088	0.07910633	10	0.2278225	0.11813442	0.46308693	Folding	0.13716303	0.07112412	0.27880657
E75Y	E75Y	75	75	0.81629825	0.69877416	0.6566362	0.5983161	0.6832322	0.6489924	0.6359413	0.7536296	0.88964343	0.5981407	10	0.6979605	0.09539844	0.3739619	Folding	0.42021477	0.057435676	0.22514786
E90A	E90A	90	90	0.08719251	0.2999861	0.4908226	0.4753574	0.4087454	0.41179746	0.44908094	0.4516303	0.21039943	0.2637231	10	0.35487354	0.13384272	0.5246635	Folding	0.2136555	0.08058148	0.3158794
E90C	E90C	90	90	1.0344776	0.98456347	1.0196755	1.1241204	1.0116383	1.0131379	1.1973665	0.9466569	1.0824482	0.9005891	10	1.0314673	0.08570319	0.33595648	Folding	0.6210062	0.051598545	0.2022663
E90D	E90D	90	90	0.5351867	0.42785302	0.37152636	0.55600876	0.18361098	0.49166855	0.4737968	0.42771935	0.41449594	0.17804904	10	0.40599155	0.13113002	0.5140297	Folding	0.24443167	0.07894827	0.3094772
E90F	E90F	90	90	0.45226404	0.7845185	0.7148073	0.67307746	0.6556337	0.7373496	0.8593395	0.86569595	0.6777941	0.52258646	10	0.6943067	0.13220887	0.51825875	Folding	0.41801494	0.0795978	0.31202337
E90G	E90G	90	90	0.6839063	0.6616757	0.7615714	0.7029032	0.7578799	0.7741052	0.6019607	0.8210742	0.66271055	0.6968032	10	0.712459	0.06539452	0.25634652	Folding	0.42894378	0.03937149	0.15433624
E90H	E90H	90	90	0.43547338	0.4265094	0.5773416	0.81786233	0.51175666	0.41399366	0.8836565	0.30306047	0.11175297	0.5347901	10	0.5016197	0.22657238	0.88816375	Folding	0.30200565	0.13641039	0.5347287
E90I	E90I	90	90	0.893671	0.8856665	0.8263066	0.8149209	0.90640414	0.9112163	0.73827183	0.9185184	0.6903336	0.9179838	10	0.8503293	0.081098065	0.3179044	Folding	0.5119501	0.04882598	0.19139785
E90K	E90K	90	90	0.85949916	0.6606751	0.6253749	0.68058944	0.5795519	0.753327	0.2556	0.55981815	0.65923387	0.5798488	10	0.62135184	0.15693904	0.61520106	Folding	0.37409168	0.09448688	0.37038857
E90L	E90L	90	90	0.6263438	0.6968812	0.7597144	0.6753604	0.63691103	0.59807837	0.67566246	0.36263284	0.5093193	0.49801448	10	0.6038918	0.11698742	0.45859072	Folding	0.3635797	0.070433564	0.2760996
E90M	E90M	90	90	0.31200117	0.5426141	0.33621672	0.33953056	0.7949257	0.50924516	0.3777907	0.34151185	0.27272612	0.5047343	10	0.4331296	0.15769681	0.6181715	Folding	0.26077044	0.0949431	0.37217695
E90N	E90N	90	90	0.52521914	0.7154681	0.6784887	0.4398966	0.4426923	0.5132914	0.5477914	0.44510356	0.49244297	0.7922517	10	0.55926454	0.12544891	0.49175975	Folding	0.33671135	0.07552789	0.29606935
E90P	E90P	90	90	1.7223077	1.8573763	1.9305861	1.9714359	1.7669325	1.7332575	1.6874158	1.8419085	1.807013	1.7771147	10	1.8095348	0.09153897	0.35883278	Folding	1.0894502	0.05511204	0.21603921
E90Q	E90Q	90	90	0.46911964	0.5300823	0.36551905	0.50409806	0.5753945	0.4941364	0.56292206	0.6691479	0.46913746	0.3910319	10	0.5030589	0.08880837	0.34812883	Folding	0.30287215	0.053468056	0.20959479
E90R	E90R	90	90	0.717075	0.93188286	0.8810026	0.89290357	0.95236546	0.90232784	0.8474226	0.62920713	0.6921693	0.84355885	10	0.82899153	0.11039686	0.4327557	Folding	0.49910346	0.06646564	0.2605453
E90S	E90S	90	90	0.65979755	0.6220583	0.6042315	0.5571425	0.6017973	0.6156507	0.5715882	0.43395415	0.55684304	0.65172094	10	0.58747846	0.06456116	0.25307974	Folding	0.35369787	0.038869753	0.15236944
E90T	E90T	90	90	0.62287205	0.55645615	0.6802202	0.7190031	0.8113262	0.6029195	0.44135585	0.2904713	0.48243943	0.63663286	10	0.58436966	0.14958419	0.58637005	Folding	0.35182616	0.0900588	0.3530305
E90V	E90V	90	90	0.8228509	0.8539724	0.78843343	0.9016575	0.77040565	0.8726207	0.91750735	0.83295536	0.74931926	0.75427794	10	0.8264	0.060218364	0.23605599	Folding	0.4975432	0.03625513	0.14212011
E90W	E90W	90	90	0.96137077	1.120406	1.0310627	0.88160557	1.0939677	0.89657557	0.9699796	0.68968004	0.93165046	0.8277159	10	0.94040143	0.12759824	0.50018513	Folding	0.566179	0.07682192	0.30114195
E90Y	E90Y	90	90	0.7870742	0.7911883	0.788078	0.7264873	0.62906414	0.69607973	0.7099833	0.6734758	0.4286555	0.7777273	10	0.70078135	0.110488944	0.43311667	Folding	0.4219131	0.06652108	0.26076263
E97A	E97A	97	97	0.67646563	0.689271	0.5984204	0.6613818	0.672516	0.64261633	0.6590353	0.45296407	0.6765609	0.71867895	10	0.644791	0.07427417	0.29115474	Folding	0.3882035	0.044717576	0.17529291
E97C	E97C	97	97	0.8661861	0.7608522	0.78185314	0.8653715	0.5398431	0.6297802	0.68963504	0.731867	0.8920345	0.666886	10	0.7424308	0.11403824	0.4470299	Folding	0.4469886	0.06865797	0.26913926
E97D	E97D	97	97	0.43080083	0.59333867	0.46109083	0.5065903	0.5419717	0.49104655	0.63477975	0.3686314	0.37750295	0.49290642	10	0.48986596	0.08586289	0.33658254	Folding	0.29492918	0.051694695	0.2026432
E97F	E97F	97	97	1.9598644	2.0809505	2.1477773	2.392832	2.422507	2.7676518	2.2572367	2.1082828	2.1583526	2.1228397	10	2.2418294	0.2322275	0.91033185	Folding	1.349718	0.13981512	0.54807526
E97G	E97G	97	97	1.4271765	1.5562559	1.5319847	1.291607	1.4054904	1.3582494	1.5389979	1.3187631	1.3240328	1.4640658	10	1.4216622	0.09843183	0.38585278	Folding	0.85592735	0.059261966	0.23230691
E97H	E97H	97	97	1.2319087	1.3001982	1.4641998	1.3873265	1.4728951	1.3830392	1.6712254	1.4449917	1.4824097	1.3394463	10	1.4177641	0.12064119	0.47291347	Folding	0.8535804	0.07263335	0.28472275
E97I	E97I	97	97	1.8151886	1.6667765	1.6225153	1.6849657	1.6129324	1.6183258	1.6819503	2.0688615	1.8361393	1.5864552	10	1.7194111	0.14865941	0.5827449	Folding	1.0351903	0.08950203	0.35084796
E97K	E97K	97	97	0.8836438	0.8265422	0.6321282	0.8523051	0.73335177	0.9180924	1.0172031	0.8053675	0.8668306	0.7458132	10	0.82812786	0.107342735	0.42078352	Folding	0.49858347	0.06462687	0.25333735
E97L	E97L	97	97	1.4004903	1.34664	1.3802364	1.2413145	1.2329063	1.3502101	1.4724643	1.4020839	1.3458014	1.497139	10	1.3669286	0.085316576	0.33444098	Folding	0.8229743	0.05136578	0.20135386
E97M	E97M	97	97	0.863959	1.0792218	0.73811674	0.97262025	0.8365357	0.84287184	0.8033134	0.8571481	0.6986559	0.91055137	10	0.8602994	0.10967865	0.4299403	Folding	0.5179527	0.06603324	0.2588503
E97N	E97N	97	97	0.64640933	0.65060604	0.50262123	0.54848194	0.48730057	0.5664114	0.7235357	0.55568296	0.6817167	0.5404963	10	0.59032625	0.07971369	0.31247765	Folding	0.3554124	0.0479925	0.1881306
E97P	E97P	97	97	3.2389138	2.7535107	2.8127773	3.1239572	2.8695674	3.2568839	3.4127395	2.769535	2.652612	3.509201	10	3.03997	0.30527088	1.1966618	Folding	1.8302473	0.18379168	0.7204634
E97Q	E97Q	97	97	0.8494931	0.97441274	0.71901006	0.76750535	0.83052737	0.72262657	0.9242354	0.8001084	0.60502	0.9943101	10	0.81872493	0.12252213	0.48028675	Folding	0.49292234	0.07376579	0.28916192
E97R	E97R	97	97	1.0635548	1.0875958	1.1252836	1.0982535	1.0978136	1.2223079	1.3078939	1.0209419	0.95169204	1.0506958	10	1.1026032	0.10050809	0.3939917	Folding	0.66383433	0.060511995	0.23720703
E97S	E97S	97	97	0.8546974	0.94802505	0.8207774	0.7199855	0.6118018	0.6366495	0.787744	0.71552736	0.87105227	0.8078467	10	0.7774107	0.10600433	0.41553697	Folding	0.46804863	0.06382107	0.2501786
E97T	E97T	97	97	0.9439598	0.748682	0.9199237	0.6624636	0.793343	0.84654194	0.82020265	0.7373151	0.9455257	0.71675235	10	0.813471	0.09972025	0.39090338	Folding	0.48975915	0.06003767	0.23534767
E97V	E97V	97	97	2.1984267	2.054601	2.3812897	1.9190092	1.9190854	1.9162618	1.8374404	1.8116615	1.8702557	1.8062489	10	1.9714282	0.1873682	0.73448336	Folding	1.1869199	0.11280708	0.44220376
E97W	E97W	97	97	1.5814486	1.8048507	1.7659519	1.6662658	2.0101311	1.966708	1.843417	1.6670394	2.0364149	1.7017733	10	1.8044001	0.15765272	0.61799866	Folding	1.0863589	0.09491655	0.3720729
E97Y	E97Y	97	97	1.5427678	1.5646383	1.2981465	1.6390691	1.4193044	1.483542	1.5966958	1.6713144	1.3567706	1.6507356	10	1.5222985	0.1290294	0.50579524	Folding	0.9165165	0.07768356	0.30451956
F140A	F140A	140	140	1.9659376	2.0722108	1.7608544	1.8087873	1.3997347	1.3572993	1.3413026	1.7628696	1.5071577	1.4507512	10	1.6426904	0.2648879	1.0383606	Folding	0.9889998	0.15947866	0.6251564
F140C	F140C	140	140	1.2192519	1.2070777	1.3628875	1.1548071	0.9859166	1.0535244	0.9577636	0.80968446	0.9844645	1.1646478	10	1.0900027	0.16125132	0.6321052	Folding	0.65624803	0.09708313	0.38056588
F140D	F140D	140	140	1.7607825	1.8072189	1.6009717	1.8942307	1.6947902	1.9031732	2.1132872	2.2688947	2.6486208	2.3265982	10	2.0018566	0.32995084	1.2934073	Folding	1.2052397	0.19865052	0.77871007
F140E	F140E	140	140	1.9229753	1.8250062	1.8262348	2.065754	2.042635	2.1225572	2.5104	2.2916412	1.8983701	1.5970868	10	2.010266	0.25929138	1.0164223	Folding	1.2103027	0.15610921	0.61194813
F140G	F140G	140	140	1.9952688	2.294391	2.2554872	2.2154922	2.0690186	1.8874846	2.0081017	2.098295	1.8259475	1.793457	10	2.044294	0.17603163	0.69004405	Folding	1.2307897	0.105981775	0.41544858
F140H	F140H	140	140	1.4574573	1.5017775	1.3806925	1.442302	1.4559766	1.6333817	1.2825829	1.323322	1.0614141	1.5460013	10	1.4084909	0.15927781	0.624369	Folding	0.8479974	0.095894955	0.37590823
F140I	F140I	140	140	0.99965185	0.85387814	0.79970175	1.0637165	0.87456185	0.7126994	0.803878	0.8842553	0.8306854	0.8510732	10	0.86741006	0.100395806	0.39355156	Folding	0.5222337	0.060444396	0.23694204
F140K	F140K	140	140	2.7473125	1.9430269	2.5432363	2.5647292	1.9839504	2.0706596	2.1387684	2.6656756	2.8163404	2.8362317	10	2.4309933	0.3576967	1.4021711	Folding	1.4636062	0.21535523	0.8441925
F140L	F140L	140	140	0.6525394	0.5894302	0.5705008	0.62042046	0.75748044	0.6911335	0.6640593	0.49823248	0.57059395	0.516507	10	0.61308974	0.080171555	0.3142725	Folding	0.3691174	0.048268165	0.18921122
F140M	F140M	140	140	0.8944317	1.1008136	1.0217029	1.0784204	0.81635535	0.7654504	0.9571632	1.1587621	1.0511125	1.003618	10	0.984783	0.12649906	0.4958763	Folding	0.5928994	0.07616015	0.29854777
F140N	F140N	140	140	1.3203475	1.4537641	1.379259	1.9314897	1.547669	1.9692028	1.6512669	1.901243	1.6528546	1.6400945	10	1.6447191	0.22974151	0.9005867	Folding	0.9902212	0.1383184	0.54220814
F140P	F140P	140	140	2.295786	2.4165907	2.1771786	1.9034977	1.989365	2.3314831	2.2052157	2.1721954	1.769899	2.8536737	10	2.2114882	0.3014654	1.1817443	Folding	1.3314508	0.18150055	0.71148217
F140Q	F140Q	140	140	2.0006592	1.8754847	1.8251479	1.8606842	1.6840967	1.7237253	2.1639473	1.6643817	2.0258503	1.8334115	10	1.8657391	0.15961312	0.6256834	Folding	1.1232888	0.09609683	0.37669957
F140R	F140R	140	140	2.2978957	2.569474	2.234454	2.3302326	2.7097857	2.3082316	2.1620004	2.668738	2.4979885	2.5852509	10	2.436405	0.19302806	0.75667	Folding	1.4668643	0.11621466	0.4555615
F140S	F140S	140	140	1.3801974	1.2910483	1.4153641	1.3665738	1.5478871	1.4482473	1.4695125	1.3250893	1.2383616	1.4662324	10	1.3948514	0.09339676	0.3661153	Folding	0.83978564	0.056230545	0.22042374
F140T	F140T	140	140	1.573457	1.4916844	1.6384637	1.5997716	1.6732587	1.8542622	1.7468705	1.5684098	1.4733521	1.7995604	10	1.641909	0.12684272	0.49722347	Folding	0.9885293	0.07636705	0.29935884
F140V	F140V	140	140	1.2715886	1.4256252	1.1586984	1.2116778	1.2714446	1.3561915	1.1647993	1.4692422	1.4178386	1.4247617	10	1.3171868	0.11630823	0.45592827	Folding	0.7930268	0.07002465	0.27449661
F140W	F140W	140	140	1.1615177	0.9536063	1.0993792	0.99070555	1.0452768	1.5420196	1.2893627	1.4196601	1.3194472	1.1987144	10	1.2019689	0.19075955	0.74777746	Folding	0.72365856	0.11484888	0.45020762
F140Y	F140Y	140	140	-0.3410896	-0.37357217	-0.30593365	-0.4504123	-0.3553876	-0.22876775	-0.05633927	-0.2873409	-0.24139844	-0.3204977	10	-0.2960739	0.10600475	0.41553864	Folding	-0.17825454	0.06382132	0.2501796
F155A	F155A	155	155	1.2858373	1.2277414	1.0983729	1.4588798	1.2996173	1.3047615	1.5928047	1.7047107	1.4117051	1.3136755	10	1.3698107	0.17788765	0.69731957	Folding	0.82470953	0.10709921	0.41982892
F155C	F155C	155	155	1.3074408	1.2765688	1.6539568	1.2014159	1.6373967	1.281144	1.3288933	1.5398854	1.322478	1.1272063	10	1.3676388	0.18036802	0.70704263	Folding	0.823402	0.10859255	0.42568278
F155D	F155D	155	155	3.6379213	3.5993054	3.6093624	3.861129	3.7831953	4.0690217	3.7676086	3.204001	3.0382428	3.6029236	10	3.617271	0.30198622	1.183786	Folding	2.1778176	0.18181412	0.71271133
F155E	F155E	155	155	2.2180126	2.9310668	3.0046384	2.4454536	2.1400461	2.7600408	2.740689	2.5435784	2.8590221	2.4018393	10	2.6044388	0.29989758	1.1755985	Folding	1.568031	0.18055663	0.707782
F155G	F155G	155	155	1.5856847	1.5984124	1.9206476	1.9596862	1.4359995	1.4077138	1.9154632	1.5576817	2.145189	1.7686139	10	1.7295094	0.2484418	0.97389185	Folding	1.0412701	0.14957711	0.5863423
F155H	F155H	155	155	2.460407	2.2201388	2.0866854	2.183879	2.3321347	2.2478158	2.4375389	2.2382565	2.131555	2.0372877	10	2.2375698	0.13983987	0.5481723	Folding	1.3471534	0.08419213	0.33003315
F155I	F155I	155	155	0.34949335	0.2860427	0.16117139	0.22445038	-0.009693464	0.04827948	0.20729803	0.3414127	0.16399214	0.11843736	10	0.18908842	0.11816033	0.4631885	Folding	0.113842756	0.07113972	0.27886772
F155K	F155K	155	155	2.6541905	2.8241484	3.1106124	2.8390133	3.0263689	2.9765437	2.1133287	2.8493903	2.5760899	2.534417	10	2.7504103	0.2929338	1.1483005	Folding	1.6559147	0.176364	0.6913469
F155L	F155L	155	155	1.1474432	1.8089236	2.1452956	1.8312324	1.704054	1.6554152	1.9774944	1.8471119	1.1217176	0.43072832	10	1.5669416	0.51658696	2.0250208	Folding	0.9433944	0.31101686	1.2191861
F155M	F155M	155	155	0.7766384	0.79967844	1.0037055	1.0474348	1.0645813	0.9638083	0.73062235	1.0029937	0.8284851	0.91645545	10	0.91344035	0.12101794	0.47439033	Folding	0.5499468	0.07286018	0.28561193
F155N	F155N	155	155	2.4157746	2.4259975	2.4627945	2.721711	2.0767493	2.524432	2.424335	2.3055048	2.424719	2.4419668	10	2.4223986	0.1616639	0.63372254	Folding	1.4584316	0.09733153	0.3815396
F155P	F155P	155	155	3.0090516	2.919259	2.5804286	3.0345814	3.2372053	2.4733295	3.1583343	3.0262003	2.9017975	2.8050275	10	2.9145217	0.23986886	0.940286	Folding	1.7547197	0.14441568	0.5661095
F155Q	F155Q	155	155	2.2770042	2.3956218	1.9151602	2.1219718	2.3684227	2.6180265	2.0959568	2.1901853	2.6237104	2.5858004	10	2.319186	0.24307583	0.95285726	Folding	1.3962914	0.14634648	0.5736782
F155R	F155R	155	155	3.5383017	3.4101331	2.7911396	3.654214	3.2973979	2.8517392	2.617273	2.745776	3.647305	3.1976256	10	3.1750906	0.394775	1.547518	Folding	1.9115981	0.23767862	0.93170017
F155S	F155S	155	155	1.8524559	2.2504542	2.0072627	1.8729384	1.6676097	1.6846207	2.0719666	1.6963722	1.9373873	1.7588464	10	1.8799913	0.1903404	0.7461344	Folding	1.1318694	0.11459652	0.4492184
F155T	F155T	155	155	1.7608675	1.588537	1.6813709	1.454259	1.7862604	1.9437554	1.6591414	1.912501	1.8148334	1.6424366	10	1.7243963	0.14947933	0.58595896	Folding	1.0381918	0.08999567	0.35278302
F155V	F155V	155	155	0.36753306	0.35120013	0.3802253	0.45149568	0.30045152	0.30800915	0.20188396	0.2267665	0.28189746	0.47874427	10	0.33482072	0.08930339	0.35006928	Folding	0.20158249	0.053766087	0.21076307
F155W	F155W	155	155	0.749815	0.8063859	0.7720522	0.7529302	0.638601	0.5808246	0.7494524	1.0267133	0.762567	0.6805571	10	0.7519899	0.11842274	0.46421716	Folding	0.45274377	0.07129771	0.27948704
F155Y	F155Y	155	155	0.52201474	0.3703653	0.4267162	0.5315986	0.6811691	0.45366773	0.6370502	0.60781044	0.53516567	0.4468853	10	0.5212443	0.09920693	0.3888912	Folding	0.31382084	0.059728622	0.23413621
F27A	F27A	27	27	-0.047191735	0.06512153	0.16775542	0.20476484	0.34944394	0.23272981	0.36763546	0.24081308	0.22461237	0.2917526	10	0.20974374	0.12543496	0.49170506	Folding	0.12627852	0.075519495	0.29603642
F27C	F27C	27	27	0.079789564	0.19863243	0.10851194	0.26174757	0.17994797	0.14818382	0.26220748	0.1488267	0.3475048	0.06338554	10	0.17987378	0.089803025	0.35202786	Folding	0.108294986	0.054066896	0.21194224
F27D	F27D	27	27	0.30389467	0.06760707	0.34972328	0.21739273	0.17988577	0.13092373	0.24252297	0.1708893	0.2320047	0.33589944	10	0.22307436	0.090087615	0.35314345	Folding	0.13430437	0.054238237	0.2126139
F27E	F27E	27	27	0.3942018	0.3734874	0.4794868	0.339611	0.4032264	0.53410614	0.2766155	0.18084528	0.23692459	0.1546051	10	0.337311	0.12448206	0.48796967	Folding	0.20308179	0.07494579	0.2937875
F27G	F27G	27	27	0.0021812504	-0.0718816	0.17591892	-0.00021339214	0.21545121	0.2140617	0.14366943	0.070112094	0.08079213	0.033230685	10	0.08633224	0.09832857	0.385448	Folding	0.051977273	0.059199795	0.2320632
F27H	F27H	27	27	0.3168456	0.20072508	0.22353128	0.21636406	0.44572583	0.35429618	0.34849775	0.21856955	0.37793174	0.33605498	10	0.3038542	0.08391367	0.32894158	Folding	0.18293875	0.050521147	0.1980429
F27I	F27I	27	27	0.01873675	0.030462082	0.037426453	-0.0031534503	0.13000318	0.07734351	-0.023964578	-0.027733913	0.07166077	0.1371219	10	0.044790268	0.05849217	0.22928931	Folding	0.026966473	0.03521585	0.13804615
F27K	F27K	27	27	0.5173874	0.8493886	0.5573872	0.19828454	0.5718884	0.43318555	0.6881762	0.5355026	0.71954054	0.9378092	10	0.60085505	0.21112415	0.8276067	Folding	0.36175138	0.12710962	0.4982697
F27L	F27L	27	27	0.0648407	0.060088836	0.049388066	0.082225285	-0.00019644582	0.14508913	0.10047029	0.15987381	0.07701797	0.17377815	10	0.09125757	0.05433551	0.2129952	Folding	0.054942623	0.03271329	0.1282361
F27M	F27M	27	27	0.34968117	-0.05480732	0.2337645	0.19568123	0.051788308	0.27798188	0.22683424	0.25007492	0.123409905	0.30959055	10	0.19639994	0.123608656	0.48454595	Folding	0.11824474	0.074419945	0.2917262
F27N	F27N	27	27	0.6020297	0.2956876	0.54420817	0.44439477	0.4943392	0.29272947	0.72264814	0.70623463	0.6135143	0.32968754	10	0.50454736	0.1612393	0.632058	Folding	0.30376828	0.09707589	0.38053748
F27P	F27P	27	27	0.2992262	0.38158697	0.5838986	0.37313187	0.5637903	0.23277956	0.4334326	0.65123934	0.4979522	0.2754384	10	0.42924756	0.14166467	0.5553255	Folding	0.2584332	0.08529077	0.33433983
F27Q	F27Q	27	27	0.82309246	0.63621646	0.94387484	0.532865	0.4317621	0.74661374	0.7923808	0.95717055	1.1873769	0.6706682	10	0.77220213	0.22153243	0.86840713	Folding	0.46491277	0.13337603	0.52283406
F27R	F27R	27	27	0.2965374	0.37163892	0.4507197	0.06837345	0.31947276	0.24084653	0.28751892	0.21825808	0.4395101	0.24822393	10	0.29411	0.112558216	0.4412282	Folding	0.17707215	0.06776691	0.2656463
F27S	F27S	27	27	0.11581746	0.076906934	0.12580056	0.10823244	0.21828687	0.18323469	0.0779774	0.1335616	0.16481328	0.12348097	10	0.13281122	0.04476414	0.17547543	Folding	0.07996045	0.026950741	0.10564691
F27T	F27T	27	27	0.35574993	0.46759263	0.3969742	0.6755036	0.53303796	0.69586205	0.55429995	0.63316905	0.35872218	0.5795288	10	0.5250441	0.12623712	0.49484953	Folding	0.31610855	0.07600245	0.2979296
F27V	F27V	27	27	0.09943196	0.24393725	0.32546663	0.26322287	0.1953821	0.13598195	0.16263238	0.25526038	0.21676266	0.20379119	10	0.21018693	0.06634148	0.2600586	Folding	0.12654534	0.039941616	0.15657113
F27W	F27W	27	27	0.42570654	0.49457136	0.33253697	0.46784592	0.061041903	0.42505726	0.2681781	0.5034005	0.35589737	0.54316354	10	0.38773996	0.1427063	0.5594087	Folding	0.2334431	0.0859179	0.33679816
F27Y	F27Y	27	27	0.398503	0.30246627	0.34335145	0.37141138	0.30924684	0.27826914	0.3198002	0.34764767	0.3199122	0.26842764	10	0.32590356	0.04026481	0.15783806	Folding	0.19621381	0.024241872	0.09502814
F77A	F77A	77	77	1.7382189	1.756976	1.5595356	1.8217682	2.3249195	1.802748	1.6962619	1.5596192	1.6902956	2.002934	10	1.7953275	0.22633712	0.88724154	Folding	1.0808966	0.13626875	0.5341735
F77C	F77C	77	77	1.4404998	1.4257061	1.4688015	1.4860564	1.2703968	1.5505856	1.6507221	1.339407	1.4318206	1.3969916	10	1.4460988	0.105523646	0.4136527	Folding	0.8706397	0.06353167	0.24904414
F77D	F77D	77	77	3.9102662	3.4167387	3.8748393	4.0971766	3.94413	3.51515	3.5860896	3.5460947	4.235514	3.7068086	10	3.7832808	0.27093726	1.0620741	Folding	2.2777658	0.16312075	0.6394333
F77E	F77E	77	77	2.5559	2.0886014	2.2496462	2.5250778	2.7445235	3.16487	3.3610063	2.5290856	2.298284	2.3300567	10	2.5847054	0.40517783	1.5882971	Folding	1.5561502	0.24394175	0.9562517
F77G	F77G	77	77	1.602074	1.6362644	1.7605213	1.5083271	1.4226767	2.3563423	2.7170522	1.45993	1.5670671	1.4462427	10	1.7476498	0.4362892	1.7102537	Folding	1.0521917	0.2626727	1.029677
F77H	F77H	77	77	1.953834	1.7235693	1.8449341	1.7257416	1.9173559	2.1796916	2.0721104	1.6617075	1.6604195	1.9239457	10	1.8663311	0.17606634	0.69018006	Folding	1.1236451	0.10600267	0.4155305
F77I	F77I	77	77	0.8712855	0.74212444	0.74910796	0.66492933	0.7421063	0.9436963	0.55459094	0.63584447	0.64631814	0.8871635	10	0.7437167	0.124711104	0.48886752	Folding	0.44776282	0.07508369	0.29432806
F77L	F77L	77	77	0.97354645	0.9165835	0.90991753	0.9917228	1.0138158	1.0085864	0.98925966	1.0382862	1.0416195	1.0141575	10	0.98974955	0.045422904	0.17805779	Folding	0.59588957	0.027347358	0.10720164
F77M	F77M	77	77	1.347966	1.4101406	1.2670938	1.9390523	1.7533834	1.4946935	1.5804096	1.288295	1.6640666	1.4791104	10	1.5224211	0.21500504	0.84281975	Folding	0.91659033	0.12944615	0.5074289
F77N	F77N	77	77	3.2109911	3.1556232	2.282328	2.9948735	2.3263566	2.626245	2.6583602	3.1100457	3.3977885	3.2979627	10	2.9060576	0.40344307	1.5814968	Folding	1.7496239	0.24289733	0.95215756
F77P	F77P	77	77	3.9815645	4.072107	3.6001663	4.186143	3.7724488	4.203464	4.0614777	3.751899	3.9828486	4.1422133	10	3.9754329	0.20359266	0.79808325	Folding	2.393453	0.12257519	0.48049477
F77Q	F77Q	77	77	2.8455365	2.5752077	3.1420586	2.7786322	2.6452966	2.6922078	2.8761258	3.0375562	2.7967196	2.3358042	10	2.7725143	0.22992273	0.9012971	Folding	1.6692227	0.1384275	0.5426358
F77R	F77R	77	77	2.316937	2.3839006	2.3927085	2.487278	2.4264421	2.2908313	2.2638812	2.7432609	2.328813	2.5911238	10	2.4225178	0.1491934	0.58483815	Folding	1.4585034	0.08982353	0.35210824
F77S	F77S	77	77	1.6102368	1.6108181	1.7516793	1.5879953	1.6453091	1.6312858	1.9278507	1.8419063	1.8171631	1.6709487	10	1.7095194	0.11768968	0.46134353	Folding	1.0292349	0.07085636	0.27775696
F77T	F77T	77	77	1.8692634	2.3509786	2.261623	1.948037	2.203043	2.0380964	1.8079482	1.9741174	1.9203978	1.914105	10	2.028761	0.18168925	0.71222186	Folding	1.2214378	0.10938801	0.428801
F77V	F77V	77	77	0.86122656	0.8692843	0.86627257	0.9559077	0.7167266	0.9084571	0.73695457	0.851535	0.80627835	0.8374078	10	0.841005	0.072419204	0.28388327	Folding	0.50633633	0.043600775	0.17091504
F77W	F77W	77	77	1.3236023	1.355414	1.3453611	1.3472767	1.3817818	1.3729286	1.3596282	1.3690561	1.3915572	1.3654149	10	1.361202	0.019597273	0.07682131	Folding	0.8195266	0.011798753	0.046251114
F77Y	F77Y	77	77	0.29571244	0.5301797	0.2411846	0.4146954	0.38549697	0.4506365	0.631985	0.5346098	0.5760143	0.41809514	10	0.44786096	0.123096116	0.4825368	Folding	0.2696396	0.074111365	0.29051656
F81A	F81A	81	81	0.72514725	0.83666056	0.77789277	0.36030456	0.3950966	0.36604792	0.61456776	0.62325346	0.19578415	0.5262624	10	0.54210174	0.20911117	0.8197158	Folding	0.32637832	0.12589768	0.4935189
F81C	F81C	81	81	0.88887846	0.74234253	0.90435904	0.59630924	0.8540954	0.8037591	0.650011	1.0301894	0.88725257	0.6917968	10	0.8048994	0.13379492	0.5244761	Folding	0.48459852	0.0805527	0.31576657
F81D	F81D	81	81	3.355311	2.8183773	2.6137316	2.860606	2.7292218	2.666477	2.8722732	3.242903	3.1446252	2.7835329	10	2.9087057	0.2521396	0.9883872	Folding	1.7512182	0.15180342	0.5950694
F81E	F81E	81	81	2.6513362	2.6223552	2.8035183	3.020401	2.317168	2.629592	2.12393	2.581103	2.660119	2.621297	10	2.603082	0.24338678	0.9540762	Folding	1.567214	0.14653368	0.57441205
F81G	F81G	81	81	0.78288484	0.48038423	0.7437756	0.8949306	1.0923358	1.0692854	0.9892002	0.91589785	0.55628276	0.73047787	10	0.8255456	0.20535327	0.80498487	Folding	0.4970288	0.123635195	0.48465
F81H	F81H	81	81	1.4454771	1.0378268	1.2971745	1.3209317	1.2203542	1.2796242	1.3594798	1.3479497	1.160475	0.9647779	10	1.243407	0.15009393	0.58836824	Folding	0.74860686	0.09036569	0.35423353
F81I	F81I	81	81	0.9570234	1.0568619	0.84037054	1.076041	1.0198996	1.0689057	1.1114501	1.1617602	1.2871213	1.1556975	10	1.0735132	0.121433154	0.47601798	Folding	0.64632034	0.07311016	0.28659186
F81K	F81K	81	81	2.6867464	2.8217497	2.664216	2.6622624	2.6210623	2.4779968	2.172225	2.8486893	2.375127	2.0203726	10	2.535045	0.27268383	1.0689206	Folding	1.5262516	0.16417229	0.6435554
F81L	F81L	81	81	1.3313667	1.1800841	1.3056729	1.2284755	1.1305594	1.2616506	0.9831213	1.1399014	1.0431154	1.1444299	10	1.1748377	0.11069069	0.4339075	Folding	0.7073239	0.066642545	0.26123878
F81M	F81M	81	81	0.3981987	0.7210979	1.2753264	1.1760957	0.904649	1.508704	1.1515687	1.2557902	0.74170077	0.47780693	10	0.9610938	0.36927947	1.4475756	Folding	0.57863706	0.22232875	0.87152874
F81N	F81N	81	81	1.8996556	1.9587541	1.9695073	2.1351616	1.839277	2.0346773	1.8411269	1.5832859	2.074267	1.6448001	10	1.8980513	0.17783934	0.6971302	Folding	1.1427426	0.107070126	0.4197149
F81P	F81P	81	81	3.0923545	2.851399	2.6725917	3.310849	3.0059302	2.9060977	3.0090785	3.5579553	3.0094442	3.2702377	10	3.0685935	0.25402334	0.9957715	Folding	1.8474804	0.15293755	0.5995152
F81Q	F81Q	81	81	1.6088128	1.7122052	1.5442779	1.8535377	1.5356429	1.6445854	1.7867817	1.9779472	1.7855566	1.7259258	10	1.7175274	0.13987179	0.5482974	Folding	1.0340562	0.08421135	0.3301085
F81R	F81R	81	81	2.4970376	2.2918408	2.1093738	2.0536475	2.40478	3.0050404	2.12848	2.2271018	2.173334	2.1449797	10	2.3035617	0.2825796	1.107712	Folding	1.3868846	0.17013015	0.6669102
F81S	F81S	81	81	0.30584455	0.277324	0.33152837	0.35536364	0.3995424	0.39917973	0.41697672	0.40405795	0.36455062	0.3302958	10	0.35846636	0.046863742	0.18370587	Folding	0.2158186	0.02821483	0.11060214
F81T	F81T	81	81	1.3352668	0.9494607	0.94755185	0.7993175	0.68329096	0.9380578	1.0306616	0.829554	0.9642513	1.4366057	10	0.9914018	0.23172757	0.9083721	Folding	0.5968843	0.13951413	0.5468954
F81V	F81V	81	81	0.95187044	0.66586024	0.8605239	0.921784	0.9270451	0.68182665	0.5167835	0.64174	0.7472149	0.94560593	10	0.7860254	0.15525974	0.6086182	Folding	0.47323522	0.09347583	0.36642528
F81W	F81W	81	81	1.1031445	1.2817018	1.1528506	1.0164154	0.971536	1.2308398	1.0914016	1.1090815	1.390998	1.3971663	10	1.1745136	0.14683643	0.57559884	Folding	0.70712876	0.088404484	0.34654558
F81Y	F81Y	81	81	0.45071128	0.30911145	0.24259043	0.3456943	0.46361506	0.25518087	0.36811444	0.26672286	0.32171953	0.1960102	10	0.32194704	0.0876706	0.34366876	Folding	0.19383174	0.05278305	0.20690955
F89A	F89A	89	89	1.2548217	1.2492392	1.2407404	1.2015079	1.275038	1.3140942	1.3827184	1.346382	1.3047951	1.267944	10	1.2837281	0.05379833	0.21088946	Folding	0.7728826	0.032389876	0.12696831
F89C	F89C	89	89	0.94736075	1.1800444	0.85568106	1.2535796	1.041039	1.0348951	0.8846207	1.1826894	0.973669	1.0102499	10	1.0363829	0.13227428	0.5185152	Folding	0.6239657	0.079637185	0.31217778
F89D	F89D	89	89	2.1383545	2.2522693	1.9282998	2.6944015	2.1410944	2.0699148	2.016359	2.5271652	2.802151	2.4432914	10	2.30133	0.29907966	1.1723922	Folding	1.3855411	0.18006419	0.7058516
F89E	F89E	89	89	1.4178649	1.3709365	1.6540376	1.6824597	1.3785939	1.4743283	1.6011903	1.6443617	1.6988022	1.4816531	10	1.5404228	0.12927999	0.5067776	Folding	0.9274284	0.077834435	0.305111
F89G	F89G	89	89	1.8772542	1.8621151	1.8012263	1.8505119	1.8231841	1.7815425	1.7204579	1.5752227	1.6521691	1.7831026	10	1.7726787	0.097059175	0.38047197	Folding	1.0672607	0.05843554	0.22906733
F89H	F89H	89	89	1.6146439	1.341581	1.3761886	1.3637222	1.3268282	1.3619384	1.5491391	1.8766743	1.2402256	1.3538976	10	1.440484	0.18823607	0.7378854	Folding	0.8672592	0.1133296	0.444252
F89I	F89I	89	89	0.5504905	0.43478674	0.33910614	0.32960266	0.3520042	0.4169354	0.36600223	0.32929525	0.3000559	0.64589304	10	0.40641722	0.1112091	0.4359397	Folding	0.24468794	0.06695466	0.26246226
F89K	F89K	89	89	1.0992696	1.3426299	1.0858768	1.1394917	1.4903721	1.19594	1.0462586	1.1441784	1.1667926	1.1472155	10	1.1858026	0.1333889	0.52288455	Folding	0.7139255	0.08030826	0.31480837
F89L	F89L	89	89	0.14767815	0.13622144	0.19057791	0.19269502	0.20293008	0.104658164	0.14879885	-0.033086784	0.18978588	0.17816924	10	0.1458428	0.07011733	0.27485994	Folding	0.08780626	0.042214908	0.16548245
F89M	F89M	89	89	0.54796135	0.743616	0.7906196	0.92431945	1.0228958	1.022323	1.0335753	0.96471196	0.70302117	1.2028745	10	0.89559186	0.1953283	0.7656869	Folding	0.5392009	0.11759955	0.46099022
F89N	F89N	89	89	1.9222605	2.3615623	1.9734433	2.1762257	2.6589065	2.0927165	2.2205818	2.2606256	2.3477564	2.2116761	10	2.2225752	0.21034642	0.82455796	Folding	1.3381258	0.12664136	0.49643415
F89P	F89P	89	89	2.206748	2.5483963	2.3082104	2.8122184	2.652369	2.0837052	2.4168491	2.5948925	2.456098	2.1465313	10	2.422602	0.23617357	0.92580044	Folding	1.458554	0.14219089	0.5573883
F89Q	F89Q	89	89	1.7718403	1.4441031	1.6312587	1.5422986	1.8169546	1.8276803	1.7819774	1.6486148	1.752053	1.9738683	10	1.719065	0.15407768	0.60398453	Folding	1.034982	0.092764154	0.36363548
F89R	F89R	89	89	1.446223	1.658248	1.4437476	1.5941261	1.3674682	1.549025	1.658522	1.4596789	1.4088824	1.586787	10	1.5172708	0.10516292	0.41223866	Folding	0.9134895	0.06331449	0.2481928
F89S	F89S	89	89	1.4481506	1.4626293	1.384753	1.4900326	1.2648482	1.4647187	1.5250096	1.5683988	1.320509	1.2337811	10	1.416283	0.11171168	0.4379098	Folding	0.8526887	0.06725724	0.2636484
F89T	F89T	89	89	1.3429179	1.2575306	1.4382343	1.3249896	1.0366905	0.94271857	1.4839289	1.4297057	1.6786871	1.434569	10	1.3369973	0.21572588	0.8456455	Folding	0.8049539	0.12988013	0.5091301
F89V	F89V	89	89	0.6943148	0.41861734	0.47449467	0.5370994	0.58433247	0.51234996	0.5008135	0.52425116	0.4186571	0.5288451	10	0.5193775	0.08024638	0.3145658	Folding	0.31269693	0.048313215	0.18938781
F89W	F89W	89	89	0.07917218	0.06727135	-0.025932496	0.0750712	0.15283677	0.062824644	0.25613922	0.055338908	-0.044158094	0.04429648	10	0.07228602	0.08481155	0.3324613	Folding	0.04352059	0.051061727	0.20016198
F89Y	F89Y	89	89	0.24142922	0.378515	0.25096264	0.14120872	0.0959178	0.055696927	0.03737589	0.19545375	0.17551155	0.3775051	10	0.19495767	0.12000687	0.47042692	Folding	0.11737641	0.072251454	0.28322572
G114A	G114A	114	114	0.24705452	0.107139796	0.0418824	0.11726509	0.07221342	0.19851935	0.1673125	0.12194699	0.07959171	0.027370406	10	0.11802962	0.0693489	0.2718477	Folding	0.07106102	0.041752268	0.16366889
G114C	G114C	114	114	0.42894837	0.54350775	0.5260198	0.5468707	0.5273418	0.64078057	0.5530481	0.49863568	0.42715004	0.5701297	10	0.5262433	0.0637147	0.24976163	Folding	0.31683058	0.038360134	0.15037173
G114D	G114D	114	114	2.606947	2.2933078	2.3201287	2.8650415	2.067666	2.4629078	2.829858	2.6328225	2.172438	2.5219364	10	2.4773054	0.2660686	1.042989	Folding	1.4914889	0.16018952	0.6279429
G114E	G114E	114	114	1.493247	1.404155	1.4762573	1.3803637	1.4736357	1.5151817	1.3580228	1.625353	1.6602592	1.2916093	10	1.4678084	0.11530233	0.45198515	Folding	0.88371015	0.069419034	0.27212262
G114F	G114F	114	114	1.2722625	0.8545482	1.1809028	1.0258794	1.1265289	1.2757334	0.92155033	1.0896552	1.1473689	1.4449337	10	1.1339364	0.17486618	0.68547547	Folding	0.68269885	0.10528011	0.41269803
G114H	G114H	114	114	1.8870178	2.067824	1.9444139	2.001791	2.0457523	2.0543156	1.9088774	2.127543	1.5217216	2.193585	10	1.975284	0.18564862	0.7277426	Folding	1.1892414	0.11177179	0.43814543
G114I	G114I	114	114	1.1694666	1.3190767	1.610616	1.2429684	1.3160907	1.2543994	1.3169056	1.4397668	1.3385806	0.95710444	10	1.2964976	0.16939099	0.6640127	Folding	0.7805706	0.1019837	0.39977613
G114K	G114K	114	114	1.8393742	2.2252202	2.1960654	2.1256511	2.3772702	2.207955	2.0916164	2.039002	2.0231497	2.082834	10	2.1208138	0.14440876	0.56608236	Folding	1.2768593	0.08694288	0.3408161
G114L	G114L	114	114	1.0041435	0.81544685	0.9290657	0.9809725	0.9647852	0.6446418	0.81051993	0.7954689	0.9768251	0.8450357	10	0.8766905	0.114126965	0.4473777	Folding	0.5278211	0.06871139	0.26934865
G114M	G114M	114	114	0.69362026	0.59143066	0.6532904	0.6428867	0.6278876	0.66858935	0.90047777	0.7556939	0.67830056	0.6332698	10	0.6845447	0.08774129	0.34394586	Folding	0.41213763	0.052825607	0.20707639
G114N	G114N	114	114	2.5285602	2.2504313	1.9569231	1.8003081	1.8488188	1.4603201	1.5146573	1.8839592	2.2064023	1.9921188	10	1.9442499	0.3263503	1.2792932	Folding	1.170557	0.19648278	0.77021253
G114P	G114P	114	114	1.701408	1.755025	1.6323198	1.7170783	2.0190976	1.7342196	1.873717	1.7747995	1.6647276	1.7155298	10	1.7587922	0.11234316	0.4403852	Folding	1.0589001	0.067637436	0.26513875
G114Q	G114Q	114	114	1.2766442	1.3800815	1.8443309	1.2184786	1.5577648	1.2229674	1.1540577	1.4286335	1.1477343	1.4067849	10	1.3637478	0.21449499	0.8408204	Folding	0.82105935	0.12913907	0.50622517
G114R	G114R	114	114	2.22228	1.9793743	1.9605976	2.162956	1.9931827	1.8788447	2.030449	2.219811	2.3876083	2.152756	10	2.0987859	0.15559849	0.6099461	Folding	1.263597	0.09367978	0.36722472
G114S	G114S	114	114	0.8258355	0.75414485	0.85621417	0.8752947	0.85309744	0.8734115	0.73424315	0.8405155	0.80522615	0.79998934	10	0.82179725	0.048361674	0.18957776	Folding	0.49477205	0.029116677	0.114137374
G114T	G114T	114	114	1.6946114	1.4657508	1.512041	1.8710606	2.1055813	2.0666444	2.1776032	1.8985274	2.0004084	1.9838982	10	1.8776127	0.24524707	0.9613685	Folding	1.1304374	0.14765368	0.57880247
G114V	G114V	114	114	0.821819	0.6311598	0.66241217	0.6228989	0.82591516	0.7783306	0.8711501	0.8084982	0.76105696	0.9123637	10	0.76956046	0.1002389	0.3929365	Folding	0.4633223	0.060349926	0.23657171
G114W	G114W	114	114	2.1331778	2.2085328	2.0821886	2.0865443	1.5002145	1.546168	2.104672	2.2378383	2.261733	2.0162637	10	2.0177336	0.271695	1.0650444	Folding	1.2147987	0.16357695	0.64122164
G114Y	G114Y	114	114	2.3520405	2.52152	2.6099138	2.5636945	2.410362	2.111925	2.1037586	1.9650575	2.3019366	2.343896	10	2.3284104	0.2132992	0.8361329	Folding	1.401845	0.12841913	0.503403
G11A	G11A	11	11	0.3944625	0.3133645	0.33386216	0.3500753	0.4362996	0.39783558	0.37815458	0.47018328	0.42746246	0.4326501	10	0.393435	0.05001949	0.19607641	Folding	0.23687185	0.030114783	0.11804995
G11C	G11C	11	11	0.46814874	0.4598653	0.43001866	0.44409853	0.47858143	0.4733579	0.4750686	0.4698558	0.46037075	0.44498807	10	0.4604354	0.015950127	0.0625245	Folding	0.27721018	0.009602949	0.03764356
G11D	G11D	11	11	0.3422636	0.35281435	0.31103164	0.30625224	0.33157533	0.31627554	0.3152122	0.31567863	0.35533524	0.30291626	10	0.3249355	0.01923013	0.075382106	Folding	0.19563098	0.0115777105	0.045384627
G11E	G11E	11	11	0.35149193	0.35410312	0.5074747	0.2469913	0.42827436	0.26271325	0.10002982	0.39556906	0.4858518	0.20932095	10	0.33418202	0.1288754	0.5051916	Folding	0.20119795	0.07759085	0.30415615
G11F	G11F	11	11	0.95104027	0.7889971	0.81418395	0.9029467	0.8341955	0.77425224	0.9693063	0.7897339	1.0583918	0.82752985	10	0.8710578	0.09508353	0.37272742	Folding	0.5244299	0.05724608	0.22440465
G11H	G11H	11	11	0.7616945	0.6289935	1.1661549	1.2042139	0.7120886	0.91033953	0.7254967	1.0728463	0.84398144	0.45929992	10	0.8485109	0.24095774	0.9445543	Folding	0.5108553	0.14507125	0.56867933
G11I	G11I	11	11	0.68349785	0.81824774	0.6977791	0.690961	0.6176174	0.98065233	0.85473186	1.1452742	1.1577878	0.86158204	10	0.8508131	0.19158332	0.7510066	Folding	0.51224136	0.11534484	0.45215178
G11K	G11K	11	11	1.0507041	1.0872318	1.0956463	0.928903	0.8152137	1.1687957	0.9796463	1.2375357	1.0767512	0.72014064	10	1.0160568	0.15828685	0.6204845	Folding	0.61172813	0.095298335	0.3735695
G11L	G11L	11	11	0.6422599	0.7309314	0.7789853	0.47797725	0.88829833	0.6562372	0.65038216	0.7224922	0.5445111	0.68502456	10	0.67770994	0.1152752	0.4518788	Folding	0.4080227	0.069402695	0.27205858
G11M	G11M	11	11	0.68564427	1.0148082	0.8131151	0.82356036	1.0046861	0.74906784	0.7412511	1.1531347	0.8795108	1.0069413	10	0.8871719	0.15119894	0.5926998	Folding	0.5341316	0.09103098	0.35684144
G11N	G11N	11	11	1.0234011	0.8241927	0.8606044	0.9229451	1.0275769	1.1273756	1.4010868	1.0538412	0.7938471	1.3620254	10	1.0396897	0.20959954	0.82163024	Folding	0.6259566	0.1261917	0.4946715
G11P	G11P	11	11	0.24047302	0.26023218	0.17972474	0.24335043	0.3194801	0.08579967	-0.0058108107	0.26219326	0.3149845	0.080408275	10	0.19808355	0.10984156	0.43057895	Folding	0.119258374	0.066131316	0.25923476
G11Q	G11Q	11	11	0.6805196	0.48703143	0.4612633	0.48976412	0.882761	0.5071999	0.5002509	0.85426235	0.8531566	0.5857464	10	0.6301955	0.1728788	0.6776849	Folding	0.3794161	0.10408358	0.40800765
G11R	G11R	11	11	0.67623097	0.50388813	0.55960053	0.6157449	0.52638465	0.5424738	0.5180534	0.6026758	0.5416521	0.56829077	10	0.5654995	0.05258503	0.20613334	Folding	0.34046516	0.031659395	0.12410483
G11S	G11S	11	11	0.35329616	0.44636598	0.42922154	0.38586256	0.44568893	0.32826003	0.4184044	0.21767998	0.38400453	0.42254356	10	0.38313276	0.0700137	0.27445373	Folding	0.23066927	0.042152517	0.16523787
G11T	G11T	11	11	0.53254056	0.54181427	0.66505796	0.5515308	0.7183558	0.6254574	0.74912417	0.63086444	0.552108	0.48924267	10	0.60560954	0.08603043	0.3372393	Folding	0.36461386	0.051795565	0.20303862
G11V	G11V	11	11	0.6011865	0.59002876	0.6009197	0.57052255	0.62425417	0.6102256	0.6095493	0.54461706	0.6002565	0.58384216	10	0.5935403	0.022768747	0.08925349	Folding	0.35734746	0.013708174	0.053736042
G11W	G11W	11	11	1.1385156	1.1871256	1.2996861	1.1468003	1.3383393	1.0914621	1.411641	1.0265435	1.0953239	1.2057644	10	1.1941202	0.12163493	0.47680894	Folding	0.71893317	0.073231645	0.28706804
G11Y	G11Y	11	11	0.55270946	0.77381337	0.3538097	0.49417013	0.74911356	0.47539636	0.6653598	0.743076	0.52680886	0.51686126	10	0.58511186	0.14016382	0.5494422	Folding	0.35227302	0.08438717	0.3307977
G12A	G12A	12	12	0.54903483	0.5778614	0.4397713	0.32618853	0.45119777	0.34407938	0.480915	0.33225518	0.50945723	0.4976554	10	0.4508416	0.090326354	0.3540793	Folding	0.27143413	0.054381974	0.21317734
G12C	G12C	12	12	0.302826	0.21143913	0.33415735	0.22372454	0.26011038	0.23243937	0.37958032	0.3274361	0.28972995	0.050721586	10	0.2612165	0.09145773	0.3585143	Folding	0.15726826	0.055063132	0.21584748
G12D	G12D	12	12	0.22217849	0.14933805	0.13344568	0.116224594	0.23863135	0.30844775	0.1813054	0.1857968	0.41207987	0.096341014	10	0.20437889	0.09651836	0.378352	Folding	0.12304855	0.05810994	0.22779097
G12E	G12E	12	12	0.46275687	0.2991353	0.54994035	0.45699224	0.41840413	0.5203011	0.28571898	0.37027308	0.38002074	0.36333612	10	0.41068786	0.087685265	0.34372625	Folding	0.24725914	0.052791875	0.20694415
G12F	G12F	12	12	0.65100956	0.59089595	0.37305644	0.36415908	0.69507694	0.49943057	0.30306062	0.21723135	0.34727338	0.4655786	10	0.45067725	0.1572736	0.61651254	Folding	0.27133518	0.0946883	0.37117812
G12H	G12H	12	12	1.0293481	1.0464878	0.8746253	0.6994387	0.5941251	0.6371368	0.40105996	0.7729647	0.58675575	0.5334419	10	0.7175385	0.21248752	0.83295107	Folding	0.43200192	0.12793045	0.5014874
G12I	G12I	12	12	0.13233364	0.3563189	0.16623297	0.2176608	0.4642058	0.09666298	0.38080797	0.424079	0.5141226	0.06282305	10	0.28152478	0.16495125	0.6466089	Folding	0.16949508	0.09931071	0.389298
G12K	G12K	12	12	0.6791165	0.90124935	0.7632494	0.7638575	1.3503599	0.66551185	0.6666123	0.5197893	0.57059896	1.0433998	10	0.7923745	0.24857402	0.9744102	Folding	0.47705775	0.14965671	0.5866543
G12L	G12L	12	12	0.4179507	0.20324993	0.29424462	0.16029511	0.46598202	0.34488115	0.37626195	0.28827912	0.4111311	0.31030715	10	0.3272583	0.096244685	0.37727916	Folding	0.19702944	0.05794517	0.22714508
G12M	G12M	12	12	-0.07924725	0.0952535	0.28093055	0.22242004	0.091202125	0.20642585	0.4909471	-0.009744181	0.038613882	-0.11207383	10	0.122472785	0.18253012	0.71551806	Folding	0.07373609	0.10989426	0.4307855
G12N	G12N	12	12	-0.0555203	0.43269238	0.17057782	0.26661262	-0.08180967	0.033918362	0.0049506775	-0.28587487	-0.028245987	0.02082364	10	0.047812473	0.19956833	0.78230786	Folding	0.028786024	0.1201523	0.47099704
G12P	G12P	12	12	0.77213514	0.576927	0.43348458	0.6742483	0.6547173	0.4673004	0.7809985	0.7490301	0.41445854	0.6682124	10	0.61915123	0.13919911	0.5456605	Folding	0.3727668	0.08380635	0.3285209
G12Q	G12Q	12	12	0.030381788	0.3310559	0.49691698	0.08552769	0.7035126	0.20341632	0.51601094	0.3416547	0.38806027	0.2289111	10	0.33254486	0.20580368	0.8067504	Folding	0.20021228	0.12390636	0.48571295
G12R	G12R	12	12	0.563927	0.54330224	0.5777385	0.6394609	0.6640312	0.58786	0.45128107	0.564734	0.5843701	0.5618176	10	0.57385224	0.05680588	0.22267905	Folding	0.34549403	0.0342006	0.13406636
G12S	G12S	12	12	0.7086205	0.5806468	0.4735355	0.41345	0.5906426	0.732691	0.7135154	0.5043675	0.5800245	0.6614104	10	0.5958904	0.108880304	0.4268108	Folding	0.35876235	0.065552585	0.25696614
G12T	G12T	12	12	0.39716142	0.394337	0.3403926	0.6443616	0.5176338	0.31114224	0.5396011	0.42927217	0.4330857	0.3051108	10	0.43120986	0.10839362	0.42490298	Folding	0.25961462	0.06525957	0.2558175
G12V	G12V	12	12	0.6345503	0.66088593	0.6870175	0.6135412	0.7131266	0.8708452	0.6828487	0.79136187	0.5920521	0.57537866	10	0.68216074	0.0915664	0.3589403	Folding	0.41070235	0.055128556	0.21610394
G12W	G12W	12	12	0.91957736	0.81589055	0.8177187	0.84301704	0.6050241	0.76126623	0.82875544	0.800458	0.7918634	1.0140357	10	0.8197607	0.10489747	0.41119808	Folding	0.49354592	0.063154675	0.24756633
G12Y	G12Y	12	12	0.658885	0.7864334	0.7182534	0.6701889	0.65366906	0.70037717	0.90300864	0.8225175	0.61921614	0.8684479	10	0.74009967	0.09864283	0.38667992	Folding	0.44558513	0.059389	0.23280488
G137A	G137A	137	137	1.089346	0.96424973	1.0173403	0.74663705	0.8159987	0.9684056	0.82973075	0.92661536	1.0484719	0.6554879	10	0.90622836	0.13987802	0.54832184	Folding	0.5456047	0.0842151	0.3301232
G137C	G137C	137	137	0.92670923	0.9395714	0.8235951	0.9512644	0.69222856	0.67770034	0.97390777	0.9080882	0.614659	0.8584482	10	0.8366172	0.12988506	0.50914943	Folding	0.50369453	0.07819873	0.30653903
G137D	G137D	137	137	0.7125914	0.4887589	0.39955807	0.63493073	0.42879412	0.6811686	0.43014827	0.64213234	0.44324562	0.20056662	10	0.50618947	0.15954375	0.6254115	Folding	0.3047569	0.09605507	0.37653586
G137E	G137E	137	137	0.9657286	1.1624837	0.7570714	0.952438	0.62525266	0.57541645	0.7751454	1.0420359	0.81374556	0.62063086	10	0.82899487	0.19665802	0.7708994	Folding	0.49910545	0.11840012	0.46412846
G137F	G137F	137	137	1.277286	1.2598255	1.0120543	1.4597427	1.3014973	1.5617809	1.4614276	1.3725464	1.5034368	1.7756795	10	1.3985277	0.20574906	0.8065364	Folding	0.841999	0.12387348	0.48558405
G137H	G137H	137	137	1.0321361	1.025567	0.85169786	0.8333642	0.90697473	1.0384992	1.1199385	1.0214199	1.2127789	1.0413053	10	1.0083683	0.11676572	0.45772165	Folding	0.6070992	0.07030009	0.27557635
G137I	G137I	137	137	1.741464	1.6146214	1.4276296	1.1012083	1.3363707	1.4826055	1.5739133	1.6691481	1.8833464	1.9143932	10	1.5744702	0.24946274	0.97789395	Folding	0.94792706	0.15019178	0.5887518
G137K	G137K	137	137	0.8490711	0.84783465	0.71893275	0.887521	0.66266733	0.96636856	0.9683465	1.0168543	0.8445092	0.7128534	10	0.84749585	0.11918709	0.4672134	Folding	0.5102442	0.07175789	0.28129095
G137L	G137L	137	137	0.947285	1.1380606	1.0873318	1.3798119	1.5562431	1.4559534	1.2731919	1.2243136	1.3084736	1.4539266	10	1.282459	0.18836944	0.7384082	Folding	0.7721185	0.113409884	0.44456676
G137M	G137M	137	137	0.8753751	0.5685834	1.419563	1.2032151	1.1223484	1.0702306	1.4799598	0.9724963	0.98484325	0.99346095	10	1.0690076	0.2630278	1.0310689	Folding	0.6436078	0.15835877	0.6207664
G137N	G137N	137	137	0.583711	0.64569503	0.5724964	0.5531081	0.6279	0.56387025	0.7419576	0.6433942	0.4657369	0.52911586	10	0.59269845	0.075971834	0.2978096	Folding	0.3568406	0.045739677	0.17929953
G137P	G137P	137	137	1.6263348	1.480537	1.6172034	1.8404359	1.5619951	1.3942937	1.7320939	1.212057	1.6252594	1.5897218	10	1.5679933	0.1748897	0.6855676	Folding	0.94402754	0.105294265	0.41275352
G137Q	G137Q	137	137	0.46471813	0.3510577	0.38233766	0.097447135	0.21380484	0.2067585	0.18271549	0.28863162	0.41453338	0.49009675	10	0.30921012	0.13163966	0.51602745	Folding	0.18616335	0.079255104	0.31068
G137R	G137R	137	137	0.9549716	0.7512268	1.0683191	1.0551058	1.0616195	1.096639	1.1101505	1.0094755	1.1172103	0.9535929	10	1.0178311	0.110398866	0.43276358	Folding	0.61279637	0.066466846	0.26055005
G137S	G137S	137	137	0.8207484	0.99465644	0.89314544	0.947033	0.94872594	0.80339557	1.0463568	0.9509095	0.7936188	0.7046489	10	0.89032394	0.106333435	0.41682708	Folding	0.5360293	0.06401921	0.2509553
G137T	G137T	137	137	1.3142207	1.4347172	1.5320237	1.4736539	1.2175868	1.3262789	1.3195938	1.7504789	1.4303308	1.3863448	10	1.4185228	0.14798796	0.5801128	Folding	0.8540372	0.089097776	0.34926328
G137V	G137V	137	137	1.5390465	1.513248	1.6859661	1.6626142	1.7190381	1.6566381	1.6399455	1.5133297	1.476708	1.7068282	10	1.6113364	0.09090004	0.35632816	Folding	0.97012275	0.054727368	0.21453129
G137W	G137W	137	137	1.8892345	2.0462568	1.5162488	2.3073857	2.0012982	2.2786777	1.3959707	1.3778181	1.8946551	1.8507369	10	1.855828	0.33300927	1.3053963	Folding	1.1173216	0.20049189	0.78592825
G137Y	G137Y	137	137	1.6855425	1.3142358	1.5729141	1.2845942	1.4311779	1.333913	1.4941622	1.3705424	1.68961	1.3379077	10	1.4514601	0.15218036	0.596547	Folding	0.8738675	0.09162185	0.35915768
G14A	G14A	14	14	3.4863024	3.3808272	3.1754093	3.227591	3.2950132	3.1335304	3.422937	3.3278534	3.3629014	3.3748784	10	3.3187244	0.11140075	0.43669096	Folding	1.9980744	0.067070045	0.26291457
G14C	G14C	14	14	3.6162648	3.6062639	3.2702875	3.1871254	3.5306854	3.4939055	3.4591768	3.860703	3.5050406	3.5263002	10	3.5055752	0.1851804	0.72590715	Folding	2.11057	0.11148989	0.4370404
G14D	G14D	14	14	3.5154977	3.3722203	3.3108146	3.3549576	3.533776	3.4313076	3.0119674	3.448809	3.5797505	3.4580526	10	3.401715	0.16040678	0.6287946	Folding	2.04804	0.096574664	0.3785727
G14E	G14E	14	14	3.6063771	3.2506986	3.2364452	3.2322745	3.4689202	3.68614	3.1536307	3.484204	3.249719	3.319657	10	3.3688068	0.18058173	0.70788044	Folding	2.028227	0.10872121	0.42618716
G14F	G14F	14	14	3.691533	3.4909325	3.1236901	3.1188557	3.3760242	3.2105327	3.5357783	3.3836775	3.4917715	3.3235416	10	3.3746338	0.18608773	0.72946393	Folding	2.0317354	0.11203616	0.43918177
G14H	G14H	14	14	3.5527492	3.0955076	3.16287	3.1499	3.467064	3.2999587	3.324158	3.4002569	3.266385	3.3396614	10	3.305851	0.14450683	0.56646675	Folding	1.9903239	0.08700192	0.34104753
G14I	G14I	14	14	3.9508178	3.6821117	3.6136494	3.6612787	3.6396873	3.4738035	3.536507	3.8173912	3.89219	3.5938604	10	3.6861293	0.15412016	0.60415107	Folding	2.2192745	0.09278973	0.36373577
G14K	G14K	14	14	3.3968964	3.2498202	3.2649653	2.889908	2.6395721	3.1693869	3.550832	3.0683832	3.1859186	3.2248566	10	3.1640544	0.25493905	0.9993611	Folding	1.9049537	0.15348886	0.60167634
G14L	G14L	14	14	3.5808356	3.5879943	3.8241315	3.8295166	3.5536494	3.9506023	3.6669269	3.2770805	3.7919097	3.6704025	10	3.6733048	0.19011706	0.74525887	Folding	2.2115536	0.11446206	0.4486913
G14M	G14M	14	14	3.3698747	3.3998477	2.891697	3.376328	3.2957249	3.0033824	2.9874513	3.32935	3.2469792	3.4489439	10	3.2349575	0.19906126	0.78032017	Folding	1.9476416	0.119847015	0.4698003
G14N	G14N	14	14	3.2720625	3.1996052	3.0925555	3.1840596	3.555986	3.2203941	3.6275594	3.2044775	2.9694757	3.11107	10	3.2437243	0.202455	0.7936236	Folding	1.9529198	0.121890254	0.47780982
G14P	G14P	14	14	3.3973362	3.5279374	3.230298	3.683688	3.1749182	3.350895	3.5645974	3.572617	3.544284	3.1298082	10	3.417638	0.19041629	0.7464319	Folding	2.0576265	0.11464222	0.4493975
G14Q	G14Q	14	14	3.3776536	3.6376147	3.2481747	3.6146023	3.5189626	3.4398756	3.4843683	3.3382401	3.5838559	3.3834975	10	3.4626846	0.12802842	0.5018714	Folding	2.0847473	0.07708092	0.30215722
G14R	G14R	14	14	2.95696	3.1852217	3.362798	3.4500806	3.3558626	3.5138109	3.2981896	2.9792023	3.246477	3.2937398	10	3.264234	0.18232465	0.7147126	Folding	1.9652679	0.10977055	0.43030056
G14S	G14S	14	14	3.9119015	3.8380027	3.574876	3.5804427	3.904943	3.8572624	3.713088	3.7159004	3.8682811	3.807092	10	3.777179	0.12528874	0.49113187	Folding	2.274092	0.07543146	0.2956913
G14T	G14T	14	14	3.7879941	3.312595	3.5568986	3.5007105	3.5863202	3.6794703	3.6807153	3.649798	3.3909283	3.4337006	10	3.5579133	0.14862724	0.5826188	Folding	2.1420808	0.08948266	0.35077202
G14V	G14V	14	14	3.9511485	3.624975	3.5534427	3.5546842	3.3003163	3.6481094	3.8443031	3.28605	3.7499833	3.4295716	10	3.5942585	0.21851383	0.85657424	Folding	2.1639628	0.13155866	0.51570994
G14W	G14W	14	14	3.8465757	3.8751452	3.964765	3.8859582	4.2353897	3.7999678	3.8892565	4.2349176	3.5402472	3.7513309	10	3.9023552	0.20926079	0.8203023	Folding	2.3494558	0.12598775	0.49387202
G14Y	G14Y	14	14	3.4550648	3.9083676	3.609752	3.7215147	3.4606435	3.6627688	3.6896062	3.6847403	3.767191	3.4258516	10	3.6385498	0.15382078	0.60297745	Folding	2.1906288	0.09260949	0.3630292
G150A	G150A	150	150	1.1687624	1.2231435	1.2576516	1.0830791	1.1772524	1.0642934	1.10047	0.8963476	1.1147063	1.1010658	10	1.1186771	0.100265965	0.3930426	Folding	0.67351186	0.060366224	0.23663561
G150C	G150C	150	150	0.8548667	1.0033591	0.8567205	0.98212767	1.1362344	0.7584338	0.64356446	0.9786408	0.7362095	0.77496064	10	0.87251174	0.15056765	0.5902252	Folding	0.5253053	0.09065091	0.35535157
G150D	G150D	150	150	0.6708655	0.9157403	0.61381567	0.3592893	0.84592384	1.0511466	0.8650133	0.9897646	0.8597464	0.75899225	10	0.7930297	0.2025253	0.7938992	Folding	0.47745225	0.12193258	0.47797573
G150E	G150E	150	150	0.55684	0.4275748	0.16319518	0.48006153	0.50699526	1.0160798	0.3543931	0.81439054	1.0008637	1.082253	10	0.64026463	0.3165583	1.2409086	Folding	0.38547835	0.1905874	0.7471026
G150F	G150F	150	150	1.5004463	1.4272877	1.6158926	1.1963911	1.1780324	1.3747383	1.5626018	1.46093	1.5950453	1.3011434	10	1.4212509	0.1571479	0.6160198	Folding	0.85567975	0.09461262	0.37088147
G150H	G150H	150	150	1.0761137	1.2122096	1.237743	1.1710904	0.9738156	1.043143	1.3041279	1.1617982	1.0379611	1.1403304	10	1.1358333	0.102451116	0.40160838	Folding	0.6838409	0.06168182	0.24179274
G150I	G150I	150	150	1.6977578	1.4857087	1.480123	1.7221153	1.9753257	1.7314311	1.8073528	1.3129191	1.6547136	1.438482	10	1.630593	0.1986561	0.77873194	Folding	0.9817164	0.11960308	0.4688441
G150K	G150K	150	150	1.4321293	1.8805008	1.4127656	1.5261687	1.3277583	1.4513	1.580073	1.1255167	1.2023185	1.3304272	10	1.4268959	0.21089682	0.8267155	Folding	0.8590783	0.12697275	0.49773318
G150L	G150L	150	150	1.2223012	1.2938763	1.5011394	1.7330801	1.7709335	1.4608684	1.4512945	1.41112	1.2488643	1.0050062	10	1.4098485	0.23236807	0.91088283	Folding	0.8488147	0.13989975	0.548407
G150M	G150M	150	150	1.6293286	1.4799277	1.2778336	1.3841007	1.534823	1.3201319	1.552349	1.7882869	1.7161516	1.460355	10	1.5143287	0.16518487	0.6475247	Folding	0.91171825	0.09945136	0.38984936
G150N	G150N	150	150	0.9904712	1.2382088	1.3331047	1.3490262	1.0181279	1.1723818	0.99068785	1.1355761	1.1964898	1.1755288	10	1.1599603	0.12981592	0.5088784	Folding	0.6983668	0.0781571	0.30637583
G150P	G150P	150	150	1.6315229	1.8688606	2.065717	1.8448184	1.881618	2.0791194	2.0129857	1.951698	1.8959796	2.005887	10	1.9238205	0.13206516	0.5176954	Folding	1.1582572	0.07951128	0.31168422
G150Q	G150Q	150	150	1.1094841	1.3810918	1.4836595	1.0940887	1.6038599	1.4040744	1.3382045	1.0066735	1.2025039	1.2180222	10	1.2841663	0.18955609	0.7430599	Folding	0.77314645	0.11412433	0.44736737
G150R	G150R	150	150	0.96603656	1.1172634	1.0953571	1.1607771	1.0817937	1.1376611	1.0068344	0.9156532	0.9703096	0.8614954	10	1.0313181	0.10160114	0.39827648	Folding	0.62091637	0.06117008	0.23978671
G150S	G150S	150	150	0.6754447	0.81107605	1.0416477	1.0529214	0.93354845	1.0287114	0.8921235	1.0625707	0.7271641	0.8083579	10	0.9033567	0.14303178	0.56068456	Folding	0.5438758	0.08611385	0.3375663
G150T	G150T	150	150	1.2852417	1.2190603	1.0317293	1.1228459	1.0054313	0.9413435	1.1204871	1.1272931	1.0504999	1.0786291	10	1.0982561	0.101011	0.39596313	Folding	0.66121715	0.060814783	0.23839395
G150V	G150V	150	150	0.92589116	1.0447108	0.97591424	0.99169666	0.98271894	1.2043265	1.0139359	0.97535115	0.8698531	0.9611524	10	0.9945551	0.08764883	0.34358343	Folding	0.59878284	0.05276994	0.20685817
G150W	G150W	150	150	1.1655766	1.4577769	1.4624346	1.4166999	1.4547502	1.4792532	1.4613425	1.5107147	1.422194	1.3319212	10	1.4162663	0.10013885	0.3925443	Folding	0.85267866	0.060289692	0.23633559
G150Y	G150Y	150	150	1.1679541	1.4315166	1.079714	1.2770381	1.8604001	1.7187191	1.3642519	1.3433369	1.5809008	1.175926	10	1.3999759	0.25243577	0.98954827	Folding	0.84287083	0.15198173	0.5957684
G173A	G173A	173	173	0.27820286	0.11209793	0.23200579	0.21631964	0.36496273	0.26790535	0.3380814	0.42553896	0.31920817	0.31780297	10	0.28721255	0.08750815	0.34303194	Folding	0.17291947	0.052685242	0.20652616
G173C	G173C	173	173	0.14395137	0.18407357	0.19119689	0.14856929	0.17916012	0.13615277	0.13253328	0.15232506	0.2504671	0.37701967	10	0.1895449	0.074716456	0.29288852	Folding	0.114117585	0.044983864	0.17633675
G173D	G173D	173	173	0.100034565	0.09705625	-0.029166171	0.069398224	0.13467877	0.120925926	0.10604942	0.22007513	0.1319973	0.060315546	10	0.10113649	0.06351723	0.24898754	Folding	0.060890336	0.038241245	0.14990568
G173E	G173E	173	173	0.076281786	0.19114345	0.34280947	0.17044234	0.017167598	0.16216077	0.2635726	0.16624594	0.043738183	0.22261426	10	0.16561763	0.09988929	0.39156604	Folding	0.09971191	0.060139444	0.23574662
G173F	G173F	173	173	1.237562	1.4314855	1.2642819	1.3233484	1.4582491	1.3507977	1.2426162	1.1311927	1.275465	1.4756559	10	1.3190653	0.11067567	0.43384865	Folding	0.79415774	0.0666335	0.26120332
G173H	G173H	173	173	1.9693924	1.4740621	1.8376875	1.624912	1.8734566	1.1633826	1.886137	2.2209427	1.2473724	1.5081369	10	1.6805483	0.33502728	1.3133069	Folding	1.0117925	0.20170684	0.79069084
G173I	G173I	173	173	0.42619792	0.23625048	0.43163002	0.28955737	0.21483308	0.29522508	0.37729034	0.31012312	0.21184592	0.44595054	10	0.3238904	0.0907641	0.35579526	Folding	0.19500177	0.05464552	0.21421044
G173K	G173K	173	173	0.29356617	0.26301163	0.20095971	0.16851641	0.24703369	0.22120501	0.229282	0.21680555	0.28603965	0.26199898	10	0.23884186	0.038985312	0.15282242	Folding	0.14379737	0.023471534	0.09200842
G173L	G173L	173	173	0.40939224	0.21439227	0.265031	0.19876266	0.51869845	0.4141962	0.32757878	0.21002655	0.4103745	0.40413818	10	0.33725905	0.11037193	0.432658	Folding	0.20305051	0.06645063	0.26048648
G173M	G173M	173	173	0.38898847	0.16220658	1.0118049	0.21571149	0.8219572	0.54614586	0.22309498	0.18350141	0.25720567	0.28923965	10	0.40998563	0.29328957	1.1496952	Folding	0.24683635	0.17657821	0.6921866
G173N	G173N	173	173	0.8435671	0.5296755	1.0416689	0.8148007	0.92964053	0.9262614	0.6607575	1.0983937	0.88722456	0.9100193	10	0.86420095	0.16775215	0.6575884	Folding	0.52030164	0.10099702	0.39590833
G173P	G173P	173	173	0.33616608	0.30384505	0.35176098	0.61030066	0.5777556	0.3632955	0.28163388	0.18722947	0.26645917	0.33763427	10	0.36160806	0.1329508	0.52116716	Folding	0.2177101	0.080044486	0.31377438
G173Q	G173Q	173	173	0.2805049	0.58962405	0.45953453	0.4255018	0.28296039	0.28772655	0.5763391	0.41713336	0.49245867	0.5286766	10	0.43404603	0.11815182	0.46315515	Folding	0.26132217	0.0711346	0.27884763
G173R	G173R	173	173	0.71342564	0.61125535	0.744021	0.7964997	0.7986771	0.7212812	0.88180447	0.81744576	0.75229836	0.79103833	10	0.7627747	0.07299834	0.2861535	Folding	0.4592369	0.04394945	0.17228185
G173S	G173S	173	173	-0.013747167	0.07698542	0.007059867	0.013352856	0.048567332	0.005521235	0.095577136	0.05001329	0.11781978	0.07468474	10	0.04758345	0.04369965	0.17130263	Folding	0.028648138	0.026309853	0.103134625
G173T	G173T	173	173	0.26830262	0.22682375	0.125261	0.092910685	0.006071014	0.17817764	0.28800163	0.43505493	0.12989119	0.2391819	10	0.19896764	0.1201658	0.47104996	Folding	0.11979065	0.07234714	0.2836008
G173V	G173V	173	173	0.3061709	0.029248483	0.25975728	0.13447772	0.30115888	0.28181195	0.25654787	0.22501363	0.35347617	0.26224774	10	0.24099107	0.094085746	0.36881614	Folding	0.14509133	0.056645356	0.2220498
G173W	G173W	173	173	1.7002876	1.5799838	1.7826824	2.2053375	2.6843097	1.9404392	1.2848486	2.0223713	1.5537728	1.2664691	10	1.8020502	0.4326592	1.6960242	Folding	1.0849441	0.26048723	1.0211099
G173Y	G173Y	173	173	1.5016598	1.3841227	1.4154528	1.7928406	1.9136868	1.5186793	1.6062783	1.4971057	1.1650732	1.2946653	10	1.5089566	0.2217755	0.86935997	Folding	0.90848386	0.13352238	0.5234077
G47A	G47A	47	47	0.77389395	0.742236	0.79774904	0.7990597	0.7032267	0.72482514	0.8225354	0.7490388	0.8643419	0.7688858	10	0.7745792	0.04806385	0.18841028	Folding	0.4663439	0.028937368	0.113434486
G47C	G47C	47	47	1.3821255	1.6054198	1.4942145	1.4269693	1.3369669	1.468815	1.3788956	1.4443997	1.4368774	1.3735934	10	1.4348278	0.07686456	0.30130908	Folding	0.8638538	0.046277154	0.18140645
G47D	G47D	47	47	0.45975888	0.5095913	0.49193263	0.4891296	0.44747323	0.3869227	0.49739596	0.41059753	0.4512425	0.35208857	10	0.44961327	0.051968567	0.20371678	Folding	0.2706946	0.031288248	0.12264993
G47E	G47E	47	47	0.4454505	0.46631795	0.4210168	0.34269145	0.3652806	0.33421296	0.46389428	0.4316675	0.46166328	0.35753027	10	0.40897256	0.053343173	0.20910524	Folding	0.24622642	0.032115843	0.12589411
G47F	G47F	47	47	1.4429107	1.1797638	1.1436383	1.2332437	1.2414031	1.2256688	1.2363245	1.2111967	1.1873546	1.3244495	10	1.2425954	0.08499593	0.33318406	Folding	0.7481182	0.051172733	0.20059712
G47H	G47H	47	47	0.5654537	0.3857603	0.351765	0.6765358	0.46443802	0.62066543	0.62212116	0.6170716	0.62645876	0.53698665	10	0.54672563	0.11077731	0.43424708	Folding	0.32916218	0.0666947	0.26144323
G47I	G47I	47	47	1.3575971	1.0903397	1.262829	1.240014	1.2421283	1.2197293	1.24517	1.2739336	1.3032168	1.443867	10	1.2678825	0.091969736	0.36052138	Folding	0.76334256	0.05537139	0.21705584
G47K	G47K	47	47	0.3393802	0.37591565	0.31185916	0.3433414	0.42690757	0.3359163	0.42594576	0.33380297	0.39025098	0.3357305	10	0.36190504	0.040597133	0.15914077	Folding	0.2178889	0.02444195	0.09581245
G47L	G47L	47	47	1.5056609	1.3033724	1.3685708	1.3501521	1.3300157	1.4224557	1.5090632	1.437137	1.3806543	1.3688691	10	1.3975952	0.06986916	0.27388713	Folding	0.8414375	0.042065494	0.16489674
G47M	G47M	47	47	1.1398247	0.8612888	0.8741962	1.0239956	1.2180015	1.3097192	1.3146551	1.2893641	1.205227	1.1656985	10	1.140197	0.16812895	0.6590655	Folding	0.6864681	0.10122388	0.3967976
G47N	G47N	47	47	0.6539405	0.7325123	0.47054446	0.5384284	0.4817146	0.33771053	0.50542057	0.5436388	0.45152518	0.67148817	10	0.53869236	0.11808518	0.46289393	Folding	0.32432565	0.07109448	0.27869037
G47P	G47P	47	47	0.9558654	0.6892353	0.7828431	0.78690434	0.70889914	0.77321374	0.74012077	0.6907977	1.1216129	0.8071227	10	0.80566156	0.13528624	0.5303221	Folding	0.48505738	0.08145057	0.31928623
G47Q	G47Q	47	47	0.4879302	0.43273282	0.6949025	0.5625781	0.7102797	0.47185686	0.67301404	0.6277621	0.49642116	0.5549395	10	0.57124174	0.10006526	0.39225584	Folding	0.34392235	0.060245387	0.23616192
G47R	G47R	47	47	0.7214337	0.53256136	0.5247042	0.49494645	0.5290943	0.49292397	0.6114604	0.55059814	0.5928231	0.5110142	10	0.556156	0.06977073	0.27350128	Folding	0.33483982	0.042006236	0.16466445
G47S	G47S	47	47	0.64989495	0.656491	0.62129295	0.58552325	0.6312486	0.6703387	0.7298159	0.6608394	0.64181733	0.670752	10	0.65180147	0.037626807	0.14749709	Folding	0.39242423	0.022653632	0.08880224
G47T	G47T	47	47	0.6059227	0.5440425	0.68915284	0.6657659	0.7192919	0.7356263	0.6910707	0.67168003	0.6376518	0.6963968	10	0.66566014	0.05685664	0.22287804	Folding	0.40076798	0.034231164	0.13418616
G47V	G47V	47	47	1.1313739	1.1193069	1.1189591	1.0899067	1.013652	0.9993685	1.070815	1.1462994	1.027479	1.0910417	10	1.0808203	0.051701467	0.20266975	Folding	0.65071976	0.031127436	0.12201955
G47W	G47W	47	47	1.3659145	1.3329631	1.4102715	1.2584878	1.277552	1.352386	1.367416	1.4493941	1.3261135	1.3476571	10	1.3488157	0.056322087	0.22078258	Folding	0.8120693	0.033909332	0.13292459
G47Y	G47Y	47	47	0.9631971	0.86377585	0.76852834	0.8244376	0.9466623	0.903981	0.9398666	0.8256408	0.9505986	1.051335	10	0.9038023	0.083619714	0.32778928	Folding	0.5441441	0.050344165	0.19734913
G59A	G59A	59	59	0.465363	0.41519597	0.5169403	0.35910314	0.51362056	0.4574799	0.45081413	0.552313	0.51802707	0.39207008	10	0.4640928	0.06214699	0.24361621	Folding	0.27941215	0.03741628	0.14667182
G59C	G59C	59	59	0.5067608	0.35737118	0.415355	0.5204893	0.60733616	0.4450924	0.4506427	0.54589534	0.4499751	0.4718178	10	0.4770736	0.07078309	0.27746972	Folding	0.2872274	0.042615738	0.1670537
G59D	G59D	59	59	0.10082344	0.10938755	0.13233492	0.06793155	0.07233823	0.16108634	0.19544287	0.11331909	0.12777159	0.06751297	10	0.11479485	0.04161194	0.16311881	Folding	0.0691135	0.025052926	0.098207474
G59E	G59E	59	59	0.121308506	0.07578812	0.22392122	0.29872108	0.09036468	0.18560022	0.18506776	0.016717166	0.00207401	0.11998743	10	0.13195503	0.0926507	0.36319074	Folding	0.079444975	0.05578137	0.21866296
G59F	G59F	59	59	1.1049656	1.2715805	1.0301968	1.2104458	1.3053968	0.96661407	1.181658	1.2650262	1.1107875	1.1279774	10	1.1574649	0.10969332	0.42999783	Folding	0.6968644	0.066042066	0.2588849
G59H	G59H	59	59	0.27600005	0.072501235	0.28936204	0.25814468	0.36088622	0.16154741	0.251676	0.19153975	0.284684	0.36086935	10	0.25072107	0.08871135	0.34774852	Folding	0.15094937	0.053409643	0.2093658
G59I	G59I	59	59	1.4817092	1.2648835	1.1824892	1.1732099	1.1237255	0.88293225	1.2861563	1.4964749	1.1024427	1.320944	10	1.2314968	0.18272284	0.71627355	Folding	0.7414362	0.11001029	0.43124035
G59K	G59K	59	59	0.3690311	0.1777261	0.31682187	0.30445242	0.5275823	0.3614054	0.29489154	0.35471615	0.31198034	0.16593863	10	0.31845456	0.10182421	0.3991509	Folding	0.19172907	0.061304383	0.24031319
G59L	G59L	59	59	0.9807761	1.1317816	1.0414742	1.1103309	1.1174222	1.0363002	1.1764138	1.1032407	1.1455349	1.0864964	10	1.092977	0.058433	0.22905737	Folding	0.65803885	0.03518023	0.1379065
G59M	G59M	59	59	0.39893875	0.67638135	0.39233103	0.44761407	0.38980278	0.58401537	0.6646166	1.0279102	0.70292205	0.589669	10	0.5874201	0.19817097	0.77683026	Folding	0.35366273	0.11931101	0.46769917
G59N	G59N	59	59	0.18786918	0.30516458	0.19415963	0.15979019	0.1550763	0.07767502	0.4397287	0.2537988	0.0055712694	0.22657467	10	0.20054083	0.119586885	0.4687806	Folding	0.120737806	0.071998596	0.2822345
G59P	G59P	59	59	-0.019374955	0.14894108	-0.01985118	0.027796958	0.08154813	-0.07175308	-0.04952136	0.034776777	0.17387928	0.0066875387	10	0.03131292	0.081417784	0.31915772	Folding	0.018852288	0.04901847	0.1921524
G59Q	G59Q	59	59	1.312553	0.9148578	0.9745523	0.8325232	0.85827804	0.95678014	0.92833036	0.84105814	1.1070323	0.874074	10	0.960004	0.14806275	0.580406	Folding	0.57798094	0.08914281	0.3494398
G59R	G59R	59	59	0.4310657	0.45564833	0.40780875	0.3262466	0.33791643	0.414739	0.42233673	0.45307082	0.45741308	0.42856535	10	0.41348115	0.04624122	0.1812656	Folding	0.24894086	0.027840033	0.10913293
G59S	G59S	59	59	0.2698131	0.3558352	0.27672082	0.368145	0.4238175	0.45342192	0.3173812	0.39463437	0.35948145	0.30751446	10	0.35267645	0.06072495	0.23804182	Folding	0.21233273	0.036560122	0.14331569
G59T	G59T	59	59	0.60030735	0.3858226	0.33516622	0.4349706	0.2751282	0.4394806	0.4030843	0.27696112	0.36897546	0.5197457	10	0.4039642	0.101759285	0.3988964	Folding	0.24321108	0.061265294	0.24015996
G59V	G59V	59	59	0.5913191	0.5155805	0.46560267	0.603282	0.49112463	0.6197852	0.58356345	0.635336	0.56150305	0.75424933	10	0.58213454	0.08240999	0.3230472	Folding	0.3504805	0.04961584	0.1944941
G59W	G59W	59	59	0.74191123	0.62944335	0.7621174	0.885191	0.91373754	0.73530513	0.7011725	0.7725641	0.8407729	0.6883327	10	0.76705474	0.08948985	0.35080022	Folding	0.46181372	0.053878345	0.21120311
G59Y	G59Y	59	59	0.56259507	0.80241734	0.7532052	0.5335102	0.71962595	0.5774204	0.33945054	0.8450283	0.4998448	0.58373165	10	0.62168294	0.15585034	0.6109333	Folding	0.37429103	0.093831405	0.3678191
G74A	G74A	74	74	-0.5873527	-0.35598963	-0.39140317	-0.39606145	-0.5018028	-0.36629343	-0.52320814	-0.5290592	-0.53261435	-0.43735826	10	-0.46211433	0.08223554	0.32236332	Folding	-0.278221	0.049510807	0.19408236
G74C	G74C	74	74	-0.024348458	-0.07918672	-0.0830769	-0.018860735	0.04583587	0.09039855	-0.066816494	0.050876345	-0.010366771	-0.06871721	10	-0.016426254	0.061080877	0.23943704	Folding	-0.009889606	0.03677441	0.1441557
G74D	G74D	74	74	1.5575458	1.5718008	1.5043366	1.678232	1.7143878	1.626875	1.6117163	1.4643021	1.788553	1.6098766	10	1.6127627	0.09675183	0.3792672	Folding	0.9709815	0.0582505	0.22834197
G74E	G74E	74	74	0.9806724	1.0499927	0.9696638	1.110319	0.81127024	0.9142928	1.1749526	0.94921905	0.81490105	0.967122	10	0.9742406	0.11586499	0.4541908	Folding	0.58655226	0.06975779	0.27345055
G74F	G74F	74	74	0.6597662	0.69930726	0.6758235	0.6080715	0.6018448	0.604818	0.6238637	0.598704	0.64794415	0.595711	10	0.6315854	0.036797818	0.14424744	Folding	0.38025293	0.02215453	0.08684576
G74H	G74H	74	74	0.91914445	0.78972274	0.8616771	0.83397394	0.84033567	1.0104789	0.9109046	0.876862	0.8806351	0.8667173	10	0.8790452	0.05950448	0.23325756	Folding	0.5292388	0.035825323	0.14043526
G74I	G74I	74	74	0.6381492	0.72949326	0.6023232	0.44061917	0.31682548	0.5480965	0.5209915	0.54469	0.47007793	0.50965756	10	0.53209233	0.1129119	0.44261467	Folding	0.32035202	0.06797985	0.266481
G74K	G74K	74	74	1.0061822	1.0091	1.0319971	1.1891485	1.1894985	1.2043883	1.2965708	1.1163826	1.0533116	1.0129945	10	1.1109574	0.10328005	0.4048578	Folding	0.6688641	0.062180888	0.24374908
G74L	G74L	74	74	1.0533539	1.1189508	1.0399631	1.0409086	1.1799829	1.113791	1.1657568	1.0303617	1.0096731	1.1475917	10	1.0900333	0.06220281	0.24383503	Folding	0.6562665	0.037449885	0.14680356
G74M	G74M	74	74	0.54808533	0.61266	0.50602776	0.6040173	0.59906435	0.7606505	0.52804786	0.61422265	0.61927336	0.6462079	10	0.6038257	0.070907965	0.27795923	Folding	0.36353987	0.042690918	0.1673484
G74N	G74N	74	74	0.9486436	0.78027874	0.9758883	0.83460313	0.7966581	0.7957146	0.8369763	0.8337298	0.7559079	0.93628275	10	0.84946835	0.07688256	0.30137965	Folding	0.51143175	0.04628799	0.18144892
G74P	G74P	74	74	0.6429342	0.68669957	0.8317558	0.72553974	0.7688052	0.7677409	0.823456	0.6516125	0.7364125	0.6577972	10	0.72927535	0.06903097	0.27060142	Folding	0.43906823	0.041560855	0.16291855
G74Q	G74Q	74	74	1.1443259	1.0728853	0.91882855	0.9531001	0.913053	0.9446333	1.134126	1.092929	0.9330633	0.9274974	10	1.0034443	0.09533565	0.37371576	Folding	0.6041347	0.057397872	0.22499967
G74R	G74R	74	74	0.61268544	0.59087145	0.5370526	0.5841977	0.5260298	0.5667227	0.6716968	0.5903167	0.58856404	0.46784258	10	0.57359797	0.054665856	0.21429016	Folding	0.34534094	0.03291218	0.12901574
G74S	G74S	74	74	0.36737522	0.41328374	0.4012583	0.32388467	0.39925572	0.38010925	0.37828287	0.3656613	0.3640503	0.26643977	10	0.36596012	0.042981282	0.16848662	Folding	0.22033031	0.025877353	0.10143922
G74T	G74T	74	74	0.6969607	0.7128969	0.87748337	0.74995387	0.9224442	0.6917181	0.8428946	0.84139746	0.73886496	0.7176443	10	0.7792258	0.083790675	0.32845944	Folding	0.46914145	0.050447095	0.19775261
G74V	G74V	74	74	0.4147954	0.1853654	0.15239696	0.1263471	0.17317711	0.23365359	0.3260805	0.24803403	0.2570983	0.19430411	10	0.2311252	0.08673233	0.33999074	Folding	0.13915147	0.05221815	0.20469515
G74W	G74W	74	74	0.84410465	0.9490935	0.82001257	0.8618168	0.7768428	0.80461496	0.8994471	0.81342804	0.72777843	0.75396067	10	0.82510996	0.06671164	0.26150963	Folding	0.4967665	0.040164474	0.15744475
G74Y	G74Y	74	74	0.25417164	0.25511885	0.3059322	0.33813488	0.3301327	0.2658456	0.31886458	0.36182746	0.35310483	0.29582268	10	0.3078955	0.0395407	0.15499955	Folding	0.18537188	0.023805913	0.09331918
G76A	G76A	76	76	0.596897	0.6723783	0.66251093	0.61734253	0.6328999	0.6207765	0.5833219	0.75815725	0.63417953	0.606852	10	0.63853157	0.050145265	0.19656944	Folding	0.38443494	0.030190507	0.11834679
G76C	G76C	76	76	1.0619894	1.2398547	1.1803674	1.3769777	1.1014491	1.2730135	1.0876864	1.2273413	1.3781931	1.2318138	10	1.2158686	0.111052416	0.43532547	Folding	0.73202705	0.066860326	0.26209247
G76D	G76D	76	76	3.8029664	3.7082143	3.5395982	3.7282403	3.550991	4.0473847	3.4052327	3.5567057	3.4769735	3.7304466	10	3.6546752	0.18785964	0.7364098	Folding	2.2003374	0.11310296	0.4433636
G76E	G76E	76	76	2.6837692	2.1598172	1.9129397	2.31875	2.6662529	3.5219545	3.0138729	3.134873	2.5615404	2.974068	10	2.6947837	0.48479864	1.9004107	Folding	1.6224241	0.29187834	1.1441631
G76F	G76F	76	76	1.459903	1.7049903	1.6355075	2.1286674	1.8572111	2.129867	1.9253305	1.8582994	1.8369558	1.756332	10	1.8293064	0.20700209	0.8114482	Folding	1.101354	0.12462788	0.4885413
G76H	G76H	76	76	1.3955871	1.6943052	2.6369374	1.7367394	2.6033826	1.7707958	1.8794057	2.0926254	2.041902	2.0344565	10	1.9886137	0.390887	1.532277	Folding	1.1972667	0.23533781	0.9225242
G76I	G76I	76	76	1.4288869	1.5183436	1.3201592	1.554814	1.5191078	1.5229229	1.740487	1.4982754	1.646057	1.3279139	10	1.5076969	0.12902294	0.50576997	Folding	0.90772545	0.07767968	0.30450433
G76K	G76K	76	76	4.0183034	3.129153	3.777564	3.8736832	3.4883556	3.7620878	3.2912946	4.038339	3.4209926	3.9847846	10	3.6784558	0.32452238	1.2721277	Folding	2.2146547	0.19538225	0.76589847
G76L	G76L	76	76	1.0784056	1.3653122	1.0754428	1.1076579	1.2199532	1.2547704	1.3303477	1.1946177	1.1564679	1.0402731	10	1.1823246	0.11098344	0.43505508	Folding	0.7118315	0.066818796	0.2619297
G76M	G76M	76	76	1.2317487	1.0790298	1.2757558	1.1884125	1.2840484	1.1953737	1.2513291	1.4030887	1.0761397	1.0988113	10	1.2083738	0.1040083	0.40771255	Folding	0.7275147	0.062619336	0.2454678
G76N	G76N	76	76	2.9631631	2.1397457	3.0791256	2.642763	2.9707532	3.4157615	3.1320064	2.9723408	3.0736358	3.3605716	10	2.9749866	0.36459336	1.429206	Folding	1.7911233	0.21950743	0.8604691
G76P	G76P	76	76	3.4476824	3.204636	3.420697	3.4864295	2.8333702	3.0854042	3.2992785	3.3636682	3.3802114	3.4065425	10	3.2927918	0.20147859	0.78979605	Folding	1.9824615	0.121302396	0.4755054
G76Q	G76Q	76	76	2.6708379	1.5498166	1.737363	2.7858481	1.2179977	3.0450635	2.6571703	2.7709956	1.581942	1.5519661	10	2.1569	0.6830119	2.6774065	Folding	1.2985853	0.4112148	1.6119621
G76R	G76R	76	76	2.7857625	3.2213838	3.2185192	3.2911713	3.3261268	3.5365787	4.0097823	2.7505076	3.3051143	3.2700477	10	3.2714996	0.35473356	1.3905556	Folding	1.9696423	0.21357124	0.8371993
G76S	G76S	76	76	2.075813	2.2224689	1.8938024	2.2403898	2.4161522	2.0871856	2.0311148	2.2136467	1.9424239	2.2624307	10	2.1385427	0.16053592	0.62930083	Folding	1.287533	0.09665241	0.37887746
G76T	G76T	76	76	2.602696	1.94831	2.239318	2.4042447	2.440614	2.7187147	2.4618618	2.0411055	2.2751849	2.5411127	10	2.3673162	0.24304006	0.952717	Folding	1.4252688	0.14632493	0.57359374
G76V	G76V	76	76	2.0194526	1.6947417	1.8003565	1.7280892	1.9495069	1.979039	2.041386	2.1586282	1.6726309	1.8006344	10	1.8844465	0.1668698	0.6541296	Folding	1.1345516	0.1004658	0.39382592
G76W	G76W	76	76	2.5585716	2.7642052	2.2757592	2.2629685	2.1787105	2.8000686	2.6040375	2.7805548	2.8545456	2.687736	10	2.576716	0.25046626	0.98182774	Folding	1.5513401	0.15079595	0.5911201
G76Y	G76Y	76	76	1.8025604	1.7527918	1.826249	1.7574787	1.8911613	1.5354644	1.5581212	1.9498454	1.7176661	1.6829776	10	1.7474315	0.13200146	0.51744574	Folding	1.0520604	0.07947293	0.3115339
G9A	G9A	9	9	1.0385699	1.3228296	1.1629504	1.0676535	1.2236046	1.1615026	1.4835072	0.8161042	0.94353116	1.337154	10	1.1557407	0.19855736	0.77834487	Folding	0.6958264	0.11954364	0.4686111
G9C	G9C	9	9	1.3362093	1.3146381	1.458714	1.6629033	1.2327262	1.1687468	1.5021982	1.5654215	1.3008372	1.7725472	10	1.4314941	0.19490583	0.7640309	Folding	0.86184675	0.11734519	0.45999315
G9D	G9D	9	9	3.3342001	3.3888237	3.092534	3.4762118	3.2467804	3.495908	3.5093892	3.6039083	3.317815	3.415833	10	3.3881404	0.14780459	0.579394	Folding	2.0398672	0.08898737	0.34883052
G9E	G9E	9	9	3.4553483	3.5026283	3.5230854	3.498546	3.3414533	3.4033113	3.394004	3.3999505	3.5071988	3.2631702	10	3.4288697	0.084203035	0.3300759	Folding	2.0643888	0.05069536	0.19872582
G9F	G9F	9	9	2.903975	2.971799	3.4183831	3.209092	3.0644104	3.0850024	2.862307	3.2739012	3.1465306	2.6167345	10	3.0552135	0.22901084	0.8977225	Folding	1.8394247	0.13787849	0.5404837
G9H	G9H	9	9	3.2585661	3.0963376	2.800013	3.0111175	3.1461015	3.0182512	3.199231	2.6301916	2.8525481	3.1187599	10	3.0131116	0.19678317	0.77139	Folding	1.8140769	0.11847547	0.46442384
G9I	G9I	9	9	3.5669532	3.2744193	3.501117	3.9446192	3.8868556	3.7510185	3.612948	3.339858	3.6211183	3.733021	10	3.6231925	0.21636666	0.84815735	Folding	2.181383	0.13026592	0.5106424
G9K	G9K	9	9	3.5476525	3.5047262	3.2650118	3.4115405	3.4165022	3.713488	3.3989224	3.5842896	3.3071303	3.5515306	10	3.4700794	0.13585523	0.5325525	Folding	2.0891993	0.08179313	0.32062906
G9L	G9L	9	9	3.4786804	2.766684	3.2929168	2.8870869	2.8836622	3.3151464	2.8287153	2.8155332	2.7329645	2.9495838	10	2.9950972	0.26498395	1.038737	Folding	1.8032311	0.1595365	0.6253831
G9M	G9M	9	9	3.3136601	2.8613212	3.2484388	3.3443997	2.9457526	3.1016817	3.311874	3.2661054	3.287132	3.12373	10	3.1804097	0.16719407	0.65540075	Folding	1.9148005	0.100661024	0.3945912
G9N	G9N	9	9	1.9358493	1.9986433	2.6660917	1.7347327	2.3065846	2.7579584	1.6970481	2.209495	1.8268636	1.0950627	10	2.0228329	0.49057782	1.9230651	Folding	1.2178687	0.29535776	1.1578025
G9P	G9P	9	9	3.1243756	2.9779441	2.7488194	3.2445345	3.169627	2.9998913	3.1737497	2.9305582	3.0035102	2.804357	10	3.0177367	0.16253942	0.6371545	Folding	1.8168615	0.097858645	0.3836059
G9Q	G9Q	9	9	2.8049755	2.671528	2.5263205	2.7815657	2.8625796	2.717229	3.0842671	2.864029	2.860297	2.7674673	10	2.7940257	0.14597644	0.57222766	Folding	1.6821738	0.08788671	0.34451592
G9R	G9R	9	9	3.0835745	3.3730934	3.2268276	2.567125	2.7019348	2.7687247	3.3074303	2.761482	3.09538	2.6103892	10	2.9495964	0.3007839	1.179073	Folding	1.7758368	0.18109025	0.7098738
G9S	G9S	9	9	1.4507712	1.6024973	1.794937	1.8731909	1.2001393	1.359172	1.6977549	1.3220072	1.3112124	1.4838144	10	1.5095496	0.2247756	0.8811204	Folding	0.9088409	0.13532862	0.5304882
G9T	G9T	9	9	3.460214	3.028698	3.4018493	3.2657025	2.9031787	3.0270057	3.2534096	2.9712665	3.3695576	3.3141098	10	3.1994991	0.19918877	0.78082	Folding	1.9262936	0.119923785	0.47010124
G9V	G9V	9	9	3.0584316	2.8735468	2.5056531	2.4313078	2.5955489	3.0616035	3.2250135	3.1843183	2.8592484	2.9022415	10	2.8696914	0.2786353	1.0922503	Folding	1.7277292	0.16775544	0.65760136
G9W	G9W	9	9	3.533534	3.4898982	3.1141417	3.2772856	3.3677762	3.4794142	3.3787622	3.4666357	3.2344217	3.4805543	10	3.3822422	0.13567732	0.5318551	Folding	2.036316	0.08168602	0.3202092
G9Y	G9Y	9	9	2.469139	2.470642	2.628494	2.6448987	2.5470085	2.5877092	3.0244534	2.5395362	2.4600422	2.3900146	10	2.5761938	0.17684779	0.6932433	Folding	1.5510257	0.10647315	0.41737476
H165A	H165A	165	165	0.66356015	0.5523883	0.7382013	0.63737184	0.7821575	0.5556646	0.6748567	0.6152875	0.5468111	0.5929107	10	0.63592094	0.08011339	0.31404448	Folding	0.3828632	0.048233144	0.18907394
H165C	H165C	165	165	0.6871944	0.53230894	0.3984107	0.42865336	0.5666045	0.5476445	0.51280516	0.5263933	0.58054155	0.63608795	10	0.5416645	0.086094715	0.33749127	Folding	0.32611504	0.051834267	0.20319033
H165D	H165D	165	165	0.72414684	0.714915	0.706201	0.5747964	0.52046496	0.6389134	0.7381157	0.60431653	0.52436453	0.727269	10	0.6473504	0.08625802	0.33813143	Folding	0.3897444	0.051932584	0.20357573
H165E	H165E	165	165	1.0035243	0.65010846	0.53792584	0.840142	0.83679974	0.86776656	0.7762727	0.81596977	0.7827515	0.704915	10	0.7816176	0.1277619	0.50082666	Folding	0.47058144	0.07692046	0.3015282
H165F	H165F	165	165	0.26201987	0.26045012	0.15780582	0.15659697	0.20605363	0.16602075	0.3069338	0.341491	0.2994703	0.38926846	10	0.25461107	0.08144789	0.31927574	Folding	0.15329139	0.049036596	0.19222346
H165G	H165G	165	165	0.6635331	0.5597774	0.61282015	0.65350866	0.7742775	0.6604522	0.62525344	0.4622675	0.5558394	0.6490686	10	0.6216798	0.08298239	0.32529098	Folding	0.37428913	0.04996046	0.19584501
H165I	H165I	165	165	0.70576245	0.67111295	0.6814695	0.65768546	0.53715587	0.58769345	0.6822218	0.71082217	0.44374436	0.40338284	10	0.60810506	0.1114389	0.4368405	Folding	0.36611632	0.067093015	0.26300463
H165K	H165K	165	165	0.7056507	0.7106982	0.6446295	0.7442424	0.3976708	0.5023738	0.73616767	0.5068885	0.7478166	0.6194984	10	0.6315636	0.122999765	0.48215908	Folding	0.38023978	0.074053355	0.29028916
H165L	H165L	165	165	0.5629677	0.54659045	0.53801817	0.57639015	0.57702464	0.51521397	0.5271499	0.5490786	0.53748715	0.4433476	10	0.5373268	0.038598187	0.1513049	Folding	0.3235035	0.023238461	0.09109477
H165M	H165M	165	165	0.20076372	0.1000937	0.48906615	0.24300365	0.20107433	0.29948354	0.31321114	0.3390426	0.22358623	0.22647971	10	0.2635805	0.104493946	0.40961626	Folding	0.15869154	0.06291173	0.24661398
H165N	H165N	165	165	0.47564393	0.28549346	0.35258505	0.2439961	0.3959672	0.2302633	0.33727798	0.36557257	0.4042801	0.3787284	10	0.3469808	0.075810954	0.29717895	Folding	0.20890361	0.045642816	0.17891984
H165P	H165P	165	165	1.6053065	1.2521125	1.7096131	1.5285711	1.423321	1.5468323	1.351798	1.4283777	1.4596514	1.3387382	10	1.4644321	0.13639843	0.53468186	Folding	0.88167745	0.08212017	0.3219111
H165Q	H165Q	165	165	0.36744866	0.44602352	0.32915863	0.47856256	0.63782877	0.36526257	0.17515758	0.2719461	0.33289716	0.19740461	10	0.36016902	0.13693959	0.5368032	Folding	0.21684371	0.08244598	0.32318825
H165R	H165R	165	165	0.3393259	0.26972675	0.42499584	0.3723955	0.4225805	0.3693171	0.23980036	0.27559134	0.3963277	0.27065197	10	0.33807132	0.06914139	0.27103424	Folding	0.20353955	0.041627333	0.16317914
H165S	H165S	165	165	0.5150199	0.40662572	0.45872083	0.52554095	0.4883436	0.33574194	0.5018439	0.46620613	0.4880489	0.34331053	10	0.45294023	0.06840312	0.26814023	Folding	0.27269763	0.041182846	0.16143675
H165T	H165T	165	165	0.61102545	0.5345736	0.41747847	0.5149577	0.5949104	0.5672949	0.59716165	0.462885	0.6418987	0.64339066	10	0.5585576	0.075510226	0.2960001	Folding	0.33628574	0.04546176	0.1782101
H165V	H165V	165	165	0.57771873	0.44609717	0.44482785	0.40435654	0.5822088	0.5854352	0.49731466	0.46339482	0.5232803	0.46435875	10	0.49889928	0.06527048	0.2558603	Folding	0.30036777	0.03929681	0.1540435
H165W	H165W	165	165	0.29773742	0.42384374	0.43388218	0.35474396	0.3204296	0.2864854	0.51048476	0.3744135	0.3934186	0.33264318	10	0.37280822	0.06951193	0.27248678	Folding	0.22445329	0.041850418	0.16405363
H165Y	H165Y	165	165	0.16071938	0.15967424	0.062434085	0.09362632	0.1536199	0.0401678	0.24507092	0.048532836	0.08223679	0.1802786	10	0.12263608	0.06706992	0.2629141	Folding	0.0738344	0.04038018	0.15829031
H26A	H26A	26	26	0.37108338	0.2400308	0.10726267	0.29332232	0.21579452	0.2837831	0.18691468	0.24496645	0.0262155	0.031799935	10	0.20011735	0.113595635	0.4452949	Folding	0.12048285	0.0683915	0.2680947
H26C	H26C	26	26	0.08005459	0.22131236	0.14506206	0.25165105	0.119428344	0.24941504	0.2191868	0.36896425	0.1892876	0.2156612	10	0.20600232	0.08053817	0.31570962	Folding	0.12402596	0.04848889	0.19007646
H26D	H26D	26	26	0.3525539	0.2238427	0.13319615	0.3604392	0.17184088	0.3605364	0.41479582	0.262041	0.3801689	0.24742079	10	0.29068357	0.096073076	0.37660646	Folding	0.17500924	0.05784185	0.22674005
H26E	H26E	26	26	0.17151095	0.13167782	0.08793892	0.31614184	0.19774745	0.2458832	0.026749313	0.15328437	0.11306417	0.08775112	10	0.1531749	0.08437115	0.3307349	Folding	0.092220634	0.050796576	0.19912258
H26F	H26F	26	26	0.44860673	0.45114404	0.3935996	0.3558409	0.47130033	0.35556617	0.54791284	0.47725046	0.37130976	0.4577552	10	0.4330286	0.06247059	0.24488471	Folding	0.2607096	0.037611105	0.14743553
H26G	H26G	26	26	0.0030396224	-0.0805901	0.059480872	-0.057319224	0.0059833317	0.14297837	-0.039933547	0.33740544	0.12632303	-0.03205654	10	0.046531126	0.12674423	0.49683738	Folding	0.028014574	0.07630775	0.2991264
H26I	H26I	26	26	0.28321493	0.57012194	0.38836694	0.1530393	0.40928748	0.55932754	0.5732349	0.30701226	0.4402565	0.6641192	10	0.4347981	0.15885149	0.62269783	Folding	0.26177496	0.09563828	0.37490207
H26K	H26K	26	26	0.361593	0.46116087	0.5350326	0.00032211337	0.0213022	0.38743758	0.17977281	0.2716193	0.5117026	0.39989746	10	0.31298405	0.19105065	0.74891853	Folding	0.18843548	0.11502414	0.45089465
H26L	H26L	26	26	0.17105916	0.14519219	0.085315004	0.049336128	0.24897686	0.0564884	0.25073153	0.09852031	0.21213336	0.15609303	10	0.14738458	0.07449913	0.2920366	Folding	0.08873451	0.04485302	0.17582384
H26M	H26M	26	26	0.004822346	0.25610092	0.02684222	0.6103001	0.33840552	-0.17684087	0.2932271	-0.10725709	0.19682008	0.33379403	10	0.17762142	0.2396149	0.93929046	Folding	0.10693893	0.14426278	0.5655101
H26N	H26N	26	26	0.17710054	0.16001776	0.34389758	0.16050158	0.23271057	0.25071833	0.22262515	0.40724736	0.276407	0.023538927	10	0.22547647	0.10644839	0.4172777	Folding	0.13575059	0.06408842	0.2512266
H26P	H26P	26	26	0.73458767	0.45283663	0.7856988	0.5937391	0.6142191	0.5201302	0.53370625	0.5818224	0.7150915	0.473911	10	0.60057425	0.112911955	0.44261488	Folding	0.3615823	0.06797988	0.26648113
H26Q	H26Q	26	26	0.19481012	0.32694024	0.29203385	0.007722369	0.11631894	0.37148553	-0.008317618	0.066553965	0.11137066	0.17558496	10	0.1654503	0.13153368	0.51561207	Folding	0.09961117	0.0791913	0.3104299
H26R	H26R	26	26	0.31413826	0.2799177	0.38183686	0.23963964	0.22058038	0.22343646	0.26954052	0.37731954	0.30276835	0.28319326	10	0.28923708	0.056912318	0.2230963	Folding	0.17413835	0.034264684	0.13431756
H26S	H26S	26	26	0.3616934	0.21226887	0.17896253	0.048568014	0.14392261	0.24507305	0.28409255	0.35453227	0.2650302	0.23438928	10	0.23285326	0.094525546	0.37054014	Folding	0.14019187	0.056910142	0.22308776
H26T	H26T	26	26	0.14475386	0.29734614	0.35235444	0.22267452	0.483616	0.19317666	0.4060251	0.31168795	0.12609588	0.3932602	10	0.29309908	0.11916212	0.46711552	Folding	0.17646351	0.07174286	0.28123203
H26V	H26V	26	26	0.45263508	0.45271057	0.36901924	0.5600782	0.31467456	0.2725774	0.2883272	0.3425123	0.33014998	0.41793668	10	0.38006216	0.08984669	0.35219905	Folding	0.22882059	0.054093186	0.2120453
H26W	H26W	26	26	0.4642642	0.5029738	0.6278565	0.5021423	0.52858806	0.34328365	0.5604099	0.46739796	0.47516218	0.34255812	10	0.4814636	0.08800013	0.34496054	Folding	0.28987044	0.052981447	0.20768727
H26Y	H26Y	26	26	0.29845577	0.5020834	0.45683265	0.46511084	0.46903226	0.4702402	0.2961498	0.35756058	0.46260235	0.4740532	10	0.4252121	0.07712411	0.30232653	Folding	0.2560036	0.04643342	0.18201901
H93A	H93A	93	93	-0.16482998	-0.05141482	-0.05672926	-0.073867045	0.05426156	-0.0028903626	0.06500198	0.04597137	-0.049120918	0.039398365	10	-0.01942191	0.07300779	0.28619054	Folding	-0.011693175	0.043955144	0.17230417
H93C	H93C	93	93	0.25537556	0.1242846	0.26948172	0.21126264	0.13353674	0.25030753	0.34045136	0.3042053	0.15007424	0.07661976	10	0.21155997	0.086709164	0.33989993	Folding	0.127372	0.052204203	0.20464048
H93D	H93D	93	93	0.21257155	0.6343757	0.12204703	0.30304623	-0.017107893	0.334024	0.16064356	0.3067177	0.5315453	0.59839976	10	0.31862625	0.213826	0.83819795	Folding	0.19183244	0.12873629	0.50464624
H93E	H93E	93	93	0.5851405	0.089755595	0.46524522	0.22372817	0.7919758	0.61070496	0.57712686	0.49875945	0.31675714	0.6342451	10	0.47934383	0.21183638	0.8303986	Folding	0.28859422	0.12753841	0.4999506
H93F	H93F	93	93	0.64047456	0.7708827	0.5700362	0.64468676	0.48015258	0.5952628	0.5723743	0.44783154	0.612914	0.4549435	10	0.57895595	0.099341005	0.38941675	Folding	0.34856677	0.059809342	0.23445262
H93G	H93G	93	93	0.42750204	0.39672494	0.35159382	0.40506586	0.48677602	0.18783346	0.3816827	0.15969595	0.24238914	0.16138613	10	0.32006502	0.120942555	0.47409484	Folding	0.19269866	0.07281479	0.28543398
H93I	H93I	93	93	0.15768029	0.23788196	0.14851198	0.18114233	-0.0128215775	0.3334123	-0.03708824	-0.086977705	0.12193519	0.22949387	10	0.12731703	0.13417542	0.52596766	Folding	0.076652616	0.08078178	0.31666458
H93K	H93K	93	93	0.4170354	0.20262337	0.059965968	0.4734522	-0.084659494	0.4487732	0.36571914	0.08463904	0.62114096	0.52133274	10	0.31100225	0.23156147	0.907721	Folding	0.18724231	0.13941412	0.54650337
H93L	H93L	93	93	0.29444212	0.25554404	0.29540297	0.18414213	0.33662453	0.33500114	0.483459	0.3466341	0.1969913	0.27061838	10	0.29988596	0.08519502	0.3339645	Folding	0.18054964	0.0512926	0.20106699
H93M	H93M	93	93	-0.10958626	0.08085831	0.3490131	0.30656946	0.75925344	0.4035704	0.07270703	0.25848657	0.32957605	0.13903493	10	0.2589483	0.23645237	0.9268933	Folding	0.15590267	0.14235875	0.55804634
H93N	H93N	93	93	0.19069493	0.61895335	0.17138956	0.35615516	0.35453156	0.2270451	0.4170897	0.10466913	0.24888214	0.41148162	10	0.3100892	0.15186119	0.5952959	Folding	0.18669261	0.091429695	0.35840443
H93P	H93P	93	93	0.3125568	0.71564543	0.7720399	0.6393441	0.32407293	0.39586374	0.5023443	0.17680612	0.32188678	0.6194974	10	0.47800574	0.20068808	0.78669727	Folding	0.2877886	0.12082646	0.47363973
H93Q	H93Q	93	93	0.24474572	0.25634694	0.055376332	0.2856942	0.3385847	0.47303203	0.11469195	0.1848785	0.21325111	-0.03459732	10	0.2132004	0.1445929	0.5668042	Folding	0.12835965	0.08705374	0.34125066
H93R	H93R	93	93	0.22348696	0.34322914	0.17562875	0.17164926	0.18304105	0.20751128	0.11689535	0.15551898	0.3720719	0.30329534	10	0.2252328	0.085378006	0.33468178	Folding	0.13560387	0.051402766	0.20149885
H93S	H93S	93	93	0.12709276	0.16267392	0.21953188	0.17579879	0.21792252	0.1887834	0.25181955	0.14104299	0.4053229	0.382381	10	0.22723699	0.095618404	0.37482417	Folding	0.13681053	0.05756811	0.225667
H93T	H93T	93	93	0.6395603	0.4087676	0.687312	0.43179703	0.3740598	0.52470106	0.42739916	0.55582905	0.46142662	0.3233516	10	0.48342043	0.116590664	0.45703542	Folding	0.2910486	0.07019469	0.2751632
H93V	H93V	93	93	-0.0067681912	0.13830112	-0.03860964	-0.024306007	0.084063396	0.011129811	0.11334374	0.006686961	-0.04985311	-0.03654187	10	0.019744616	0.06770744	0.26541317	Folding	0.011887463	0.040764008	0.15979491
H93W	H93W	93	93	0.2786525	0.3808333	0.30329284	0.109314986	0.13093387	0.20565619	0.32187673	0.033927385	0.20509951	-0.00894421	10	0.19606432	0.1284718	0.5036095	Folding	0.11804268	0.07734786	0.3032036
H93Y	H93Y	93	93	0.7674844	1.0839132	1.2599732	0.74826586	0.78774166	0.8600056	0.8349517	0.5486916	0.85663354	1.0597798	10	0.88074416	0.20263296	0.79432124	Folding	0.5302617	0.1219974	0.47822982
H94A	H94A	94	94	0.12559386	0.09425866	0.11440897	0.1485757	0.07960407	0.02891128	0.05774792	-0.0631545	0.0017717853	0.08326895	10	0.06709866	0.06345006	0.24872424	Folding	0.040397488	0.038200807	0.14974716
H94C	H94C	94	94	0.6024259	0.52425236	0.47192362	0.44403213	0.5653574	0.5174432	0.6570768	0.64951295	0.8882314	0.8022941	10	0.612255	0.14247672	0.55850875	Folding	0.36861482	0.085779674	0.33625633
H94D	H94D	94	94	0.22040045	0.24195886	0.26963934	0.41306588	0.50100726	0.41619757	0.283822	0.16135482	0.27875182	0.2640217	10	0.30502197	0.10450638	0.40966502	Folding	0.18364182	0.062919214	0.24664332
H94E	H94E	94	94	0.14660524	0.1408871	0.021519454	-0.03008793	0.025768483	0.0054739392	-0.15068199	-0.14067596	-0.055090297	0.036037076	10	-2.4487079e-05	0.100129366	0.39250714	Folding	-1.47427145e-05	0.060283985	0.23631322
H94F	H94F	94	94	0.79958975	0.8929341	0.8306131	0.7834435	0.83683586	0.9188827	0.8064387	0.7695224	0.83971465	0.770801	10	0.8248776	0.050054867	0.19621508	Folding	0.49662662	0.030136082	0.11813345
H94G	H94G	94	94	0.64767545	0.7253094	0.54523456	0.5555263	0.47283924	0.61184514	0.6368503	0.31885922	0.49971822	0.58298516	10	0.5596843	0.11242438	0.44070357	Folding	0.33696407	0.067686334	0.26533043
H94I	H94I	94	94	0.9645473	0.8708676	0.89665973	0.6632876	0.5414306	0.6024232	0.9466219	0.5820597	0.75977904	0.7934386	10	0.76211154	0.15717207	0.6161145	Folding	0.45883763	0.09462717	0.3709385
H94K	H94K	94	94	0.03393357	0.11801203	0.07550728	0.118383616	0.12695554	0.081823446	0.33435595	0.19640055	0.2155128	0.21867645	10	0.15195611	0.0890273	0.348987	Folding	0.09148684	0.053599864	0.21011147
H94L	H94L	94	94	0.7663305	0.8225318	0.92632437	0.9425162	0.7733728	0.93303794	0.8192159	0.7412873	0.81059617	0.93152624	10	0.84667385	0.07871287	0.30855447	Folding	0.5097493	0.04738995	0.1857686
H94M	H94M	94	94	0.54408896	0.6887519	0.27445963	0.49986243	0.3537821	0.51861995	0.49784094	0.5246876	0.5466549	0.62607676	10	0.50748247	0.11939303	0.46802068	Folding	0.30553538	0.07188188	0.281777
H94N	H94N	94	94	0.15927963	0.16254607	0.19818561	0.1754392	0.031853564	0.10725118	0.20145458	0.10394283	0.23200734	0.2118448	10	0.15838048	0.0611147	0.23956962	Folding	0.095354706	0.036794774	0.14423552
H94P	H94P	94	94	2.2984512	2.1235855	2.0002162	1.8260479	1.7064855	2.3743427	1.8597425	2.0091143	2.192517	1.9418362	10	2.033234	0.21344924	0.83672106	Folding	1.2241307	0.12850946	0.5037571
H94Q	H94Q	94	94	0.25331917	0.28252816	0.25699237	0.17442808	0.211575	0.42866448	0.3888962	0.18492	0.14325981	0.26303032	10	0.25876135	0.09101269	0.35676974	Folding	0.1557901	0.054795187	0.21479714
H94R	H94R	94	94	0.12890132	0.091244645	0.13836625	0.05834271	0.052755192	0.19541171	0.21869045	0.046959892	0.05551361	0.12271479	10	0.11089005	0.061159585	0.23974557	Folding	0.066762574	0.036821797	0.14434145
H94S	H94S	94	94	0.32949015	0.45907226	0.30407524	0.27339882	0.3127489	0.35005173	0.37965927	0.29334465	0.30959958	0.2485455	10	0.3259986	0.05956875	0.23350951	Folding	0.19627103	0.03586402	0.14058697
H94T	H94T	94	94	0.48101428	0.41674381	0.4052422	0.21304242	0.5629857	0.4290914	0.67925525	0.43822742	0.4186238	0.32592076	10	0.43701467	0.12508373	0.49032822	Folding	0.26310948	0.07530803	0.2952075
H94V	H94V	94	94	1.0071828	0.9721513	0.82131004	0.92853093	0.6439962	0.7926457	0.69236916	0.8136594	0.7991151	0.874602	10	0.8345563	0.11514351	0.45136255	Folding	0.50245374	0.06932341	0.2717478
H94W	H94W	94	94	-0.08731012	-0.057917062	-0.22532001	-0.120833576	-0.15805294	-0.16673006	-0.18436487	-0.34296632	-0.15886132	-0.14130779	10	-0.1643664	0.07872943	0.30861938	Folding	-0.09895859	0.047399916	0.18580768
H94Y	H94Y	94	94	-0.011443017	0.0749804	0.27480236	0.06034931	0.17420962	0.21927516	0.15509135	0.11654767	0.22766234	-0.121935025	10	0.11695401	0.120597824	0.47274348	Folding	0.07041345	0.07260724	0.2846204
I138A	I138A	138	138	1.2776177	1.2180675	1.2181873	1.2192111	1.203027	1.1191196	1.286298	1.0305341	1.1214145	1.0765483	10	1.1770024	0.08556659	0.33542103	Folding	0.7086272	0.051516302	0.2019439
I138C	I138C	138	138	0.53557587	0.27009082	0.4313628	0.7042326	0.74632585	0.74685395	0.5935694	0.6448585	0.71824056	0.5489828	10	0.5940093	0.15403792	0.60382867	Folding	0.3576298	0.09274022	0.3635417
I138D	I138D	138	138	1.7854638	1.3006322	1.8305763	1.7642982	1.8374301	1.5441204	1.3049651	1.7814082	1.4514843	1.4529264	10	1.6053305	0.2178253	0.85387516	Folding	0.96650684	0.1311441	0.51408494
I138E	I138E	138	138	1.4782026	1.9060135	2.1450582	2.1337876	1.8448558	1.9672767	1.6903789	2.0206702	1.8236452	1.5039823	10	1.851387	0.2351729	0.9218778	Folding	1.1146479	0.14158842	0.5550266
I138F	I138F	138	138	1.1715946	1.2848004	1.1647925	1.1528226	1.4775628	1.2678026	1.1065149	1.1376514	1.3090843	0.9945504	10	1.2067177	0.13307725	0.52166283	Folding	0.7265177	0.080120616	0.31407282
I138G	I138G	138	138	1.8835039	2.08897	1.7416663	1.8607371	1.7937336	1.9558098	1.9690042	1.8364701	1.813289	1.8737758	10	1.881696	0.10036263	0.3934215	Folding	1.1328957	0.06042442	0.23686373
I138H	I138H	138	138	1.3673035	1.0192225	0.8300752	0.72504985	1.2553161	1.3649367	1.2730218	1.2825848	1.3849677	1.1848572	10	1.1687336	0.23337519	0.91483074	Folding	0.70364887	0.14050609	0.5507839
I138K	I138K	138	138	1.447804	1.6116936	1.5422449	1.8877589	1.592288	2.1644454	1.7549075	1.9210273	1.4934821	1.3306363	10	1.6746289	0.25459388	0.998008	Folding	1.0082287	0.15328103	0.60086167
I138L	I138L	138	138	0.9421423	1.1553153	1.0565878	1.0716324	1.2596432	0.8069577	0.82402396	0.85476154	1.1980792	1.0935974	10	1.0262741	0.16112038	0.6315919	Folding	0.61787957	0.097004294	0.38025683
I138M	I138M	138	138	0.50386107	0.19763802	0.39636987	0.450825	0.30414134	0.3470964	0.39453965	0.3812869	0.34672722	0.4034925	10	0.37259775	0.08302804	0.32546994	Folding	0.22432657	0.049987942	0.19595274
I138N	I138N	138	138	1.6158977	1.371215	1.2192594	1.7525365	1.6262683	1.5425429	1.4173893	1.5209582	1.6851143	1.6369357	10	1.5388117	0.16178875	0.6342119	Folding	0.9264585	0.09740669	0.38183424
I138P	I138P	138	138	2.6243043	2.5206559	2.5923693	2.2947526	2.654735	2.4050934	2.7937527	2.5732892	2.2857764	2.5677047	10	2.5312433	0.16050723	0.62918836	Folding	1.5239629	0.09663514	0.37880975
I138Q	I138Q	138	138	1.8476325	1.4591707	1.75529	1.5563444	1.4604368	1.6650444	1.3458524	1.8300575	1.5211861	1.8383676	10	1.6279383	0.18367451	0.7200041	Folding	0.9801181	0.11058325	0.43348637
I138R	I138R	138	138	2.2064736	2.3111608	1.9725512	2.0910249	2.4235919	2.2678819	1.9711987	2.3006096	1.9393098	1.925561	10	2.1409364	0.18302147	0.7174442	Folding	1.2889743	0.110190086	0.43194515
I138S	I138S	138	138	1.0379674	1.1979952	0.9576837	1.1628846	1.1299559	1.1229377	1.2555918	1.0401739	0.98165137	0.8952449	10	1.0782087	0.11452965	0.44895622	Folding	0.6491474	0.06895383	0.27029902
I138T	I138T	138	138	0.7684907	0.97579676	0.77311605	0.75427765	0.66893375	0.79277045	0.86484873	0.85542136	0.6624009	0.95758337	10	0.807364	0.10668848	0.41821885	Folding	0.48608235	0.06423297	0.25179324
I138V	I138V	138	138	0.4540992	0.46487215	0.49866506	0.5960858	0.6360778	0.4077817	0.40756816	0.4163593	0.5117914	0.4377928	10	0.48310933	0.07908627	0.31001818	Folding	0.29086128	0.047614753	0.18664983
I138W	I138W	138	138	0.8203384	0.9616369	1.0530605	1.2859832	1.2171094	1.4642725	1.097535	1.1230478	1.199211	1.061652	10	1.1283847	0.17774853	0.69677424	Folding	0.6793564	0.10701545	0.4195006
I138Y	I138Y	138	138	1.2983406	0.91543955	1.149003	1.1986784	1.2770413	1.0788292	0.88763523	0.92996657	1.4353995	1.0407624	10	1.1211096	0.1834509	0.71912754	Folding	0.67497635	0.11044862	0.4329586
I141A	I141A	141	141	1.5321519	1.660199	1.5118008	1.4929426	1.6424077	1.5989141	1.62222	1.414585	1.5891873	1.7269399	10	1.5791348	0.091903836	0.36026305	Folding	0.95073545	0.055331714	0.21690032
I141C	I141C	141	141	0.6471671	0.6788484	0.6798124	0.68984455	0.5589978	0.7098002	0.63996464	0.7910281	0.6544832	0.7178457	10	0.67677927	0.06019929	0.23598123	Folding	0.4074624	0.036243644	0.14207509
I141D	I141D	141	141	2.3676808	1.9932666	1.6819996	2.4336104	2.1341138	1.8142539	2.37561	2.1147356	2.2717578	1.7212379	10	2.0908265	0.2789221	1.0933747	Folding	1.258805	0.16792811	0.6582782
I141E	I141E	141	141	1.5954356	1.6478684	1.4886485	1.7915204	1.6584129	1.9123927	1.7638956	1.7261839	1.8698997	2.0503986	10	1.7504656	0.16481724	0.6460836	Folding	1.053887	0.09923003	0.38898173
I141F	I141F	141	141	0.011233942	-0.26548997	-0.29687893	-0.14624861	-0.033961773	0.017794978	0.16355443	-0.03702223	-0.12072495	-0.056275774	10	-0.07640189	0.1370712	0.5373191	Folding	-0.045998596	0.08252522	0.32349887
I141G	I141G	141	141	1.6982158	1.7720412	1.682502	1.6432625	1.6262285	1.7697555	1.9957684	1.778484	1.8618636	1.8563449	10	1.7684466	0.1137538	0.44591492	Folding	1.0647126	0.06848673	0.268468
I141H	I141H	141	141	0.68614006	0.9672662	0.8894023	0.9559964	1.2984489	1.0983555	0.9461812	0.7985386	0.98519343	0.7940382	10	0.94195616	0.17156956	0.67255265	Folding	0.56711507	0.10329533	0.40491772
I141K	I141K	141	141	1.1724833	1.3113278	0.98566645	1.3464183	1.3069857	1.0584632	1.2416291	1.1033875	1.1608778	1.4173452	10	1.2104585	0.13773948	0.53993875	Folding	0.72876984	0.08292756	0.32507604
I141L	I141L	141	141	0.63718325	0.581272	0.54421145	0.59932786	0.6334102	0.6009265	0.6385951	0.6404709	0.60199964	0.6954435	10	0.61728406	0.041118804	0.16118571	Folding	0.37164265	0.024756027	0.097043626
I141M	I141M	141	141	0.72045636	0.88088626	0.8325893	0.89143544	0.9620483	1.0400226	0.60044855	0.8486001	0.6717302	0.74768126	10	0.8195898	0.1348655	0.52867275	Folding	0.49344304	0.08119725	0.3182932
I141N	I141N	141	141	1.1306745	1.1616974	1.2680994	1.2546006	1.3502175	1.081532	1.4217484	1.3243794	1.5783278	1.291778	10	1.2863054	0.1461366	0.5728555	Folding	0.77443427	0.08798314	0.3448939
I141P	I141P	141	141	3.4909313	3.4273455	2.5246422	3.0897405	3.5672138	3.9310029	3.4247227	3.3380356	3.205063	3.577286	10	3.3575985	0.37078828	1.45349	Folding	2.0214791	0.22323716	0.87508965
I141Q	I141Q	141	141	0.916323	0.9443465	0.98509896	1.330632	1.1583309	1.167143	1.1818842	1.0243549	1.1090463	0.94286925	10	1.0760028	0.13487022	0.52869123	Folding	0.64781934	0.08120009	0.31830436
I141R	I141R	141	141	1.1505864	0.92518723	1.1074786	1.2310964	1.0257758	0.9637094	1.1821351	1.1573974	1.0895675	1.129532	10	1.0962465	0.09736858	0.38168484	Folding	0.66000724	0.058621824	0.22979756
I141S	I141S	141	141	1.3265365	1.3291395	1.3227824	1.1528399	1.218097	1.2281269	1.4293647	1.399704	1.5188718	1.4518872	10	1.3377349	0.11499453	0.45077857	Folding	0.805398	0.06923372	0.2713962
I141T	I141T	141	141	1.0547436	1.0021114	0.85933614	0.90848607	0.95509577	0.96380204	1.1683209	0.94851357	1.1108012	0.9284317	10	0.9899642	0.095372766	0.37386125	Folding	0.5960188	0.05742022	0.22508727
I141V	I141V	141	141	0.42367488	0.33870256	0.22891697	0.38782468	0.23497856	0.31495416	0.36353797	0.37597278	0.41245323	0.3792293	10	0.34602448	0.067954354	0.26638108	Folding	0.20832784	0.040912665	0.16037765
I141W	I141W	141	141	1.3302134	1.3179961	1.2722547	1.242381	1.4113425	1.2938012	0.878624	1.1723611	1.1992575	1.1794679	10	1.2297701	0.14413184	0.56499684	Folding	0.74039656	0.08677615	0.34016252
I141Y	I141Y	141	141	0.36146584	0.6101747	0.29187882	0.59246117	0.36025184	0.37234938	0.41087395	0.7113533	0.6686645	0.3746532	10	0.4754127	0.15266003	0.5984273	Folding	0.28622743	0.091910645	0.36028972
I162A	I162A	162	162	1.538234	1.6758761	1.4859147	1.9299555	1.83818	1.5243387	1.4487233	1.5942283	1.4064417	1.3791862	10	1.5821078	0.1825294	0.71551526	Folding	0.9525254	0.10989383	0.4307838
I162C	I162C	162	162	1.0017229	0.8570518	0.7183997	0.6502111	0.68366504	0.66474664	0.57054514	0.7121759	0.92213154	1.0911021	10	0.7871752	0.1710244	0.67041564	Folding	0.47392747	0.10296711	0.4036311
I162D	I162D	162	162	2.3222153	2.1847548	2.9003482	2.4471748	3.2371972	3.112324	3.4183607	3.0319579	2.9702737	2.6900358	10	2.8314643	0.40789536	1.5989498	Folding	1.7047142	0.24557787	0.96266526
I162E	I162E	162	162	2.533189	2.723949	2.058591	2.745049	2.3843577	2.8377652	1.6923804	3.2492309	2.43226	2.681892	10	2.5338664	0.43120044	1.6903058	Folding	1.525542	0.25960895	1.0176672
I162F	I162F	162	162	1.5603144	1.7556403	1.4837134	1.4653872	1.5618329	1.5967785	1.788028	1.5737196	1.3027003	1.3437828	10	1.5431898	0.1551754	0.6082876	Folding	0.9290943	0.09342505	0.3662262
I162G	I162G	162	162	2.8192432	2.180993	2.0769522	2.103067	2.4500284	2.5935156	2.3005426	2.1749172	2.5272398	2.4993925	10	2.372589	0.24388488	0.95602876	Folding	1.4284433	0.14683357	0.57558763
I162H	I162H	162	162	2.3108003	2.2969859	2.187079	2.2293043	1.650828	1.2730074	1.7115825	1.8633004	1.9518781	2.084183	10	1.9558948	0.335764	1.3161949	Folding	1.177568	0.20215039	0.79242957
I162K	I162K	162	162	2.452714	2.155053	2.9262345	1.4656214	2.5478768	2.1455011	2.7509458	2.6141398	2.7674577	2.11044	10	2.393598	0.4329332	1.6970983	Folding	1.441092	0.26065218	1.0217565
I162L	I162L	162	162	0.67631567	0.82635134	0.8344801	0.88772434	0.85506725	0.8707351	0.9883498	0.7960444	0.92350876	0.81464946	10	0.84732264	0.08264954	0.3239862	Folding	0.5101399	0.04976006	0.19505943
I162M	I162M	162	162	-0.17023417	-0.17219472	0.0562981	-0.06042972	-0.15127808	-0.14136815	-0.08517928	0.062463842	0.0272243	-0.1082772	10	-0.07429751	0.09234182	0.36197993	Folding	-0.044731632	0.055595405	0.217934
I162N	I162N	162	162	1.4510549	1.5474446	2.3407753	2.1337159	2.1210785	1.8817267	2.3749254	2.1934855	2.232885	1.6630467	10	1.9940138	0.33569556	1.3159267	Folding	1.2005179	0.2021092	0.7922681
I162P	I162P	162	162	3.4574423	2.8410594	2.8390486	1.8032913	2.430045	3.1360962	3.0172894	2.227484	2.216069	2.846334	10	2.681416	0.5006869	1.9626926	Folding	1.614376	0.30144402	1.1816607
I162Q	I162Q	162	162	2.7201202	2.0881915	2.341809	2.3993268	1.7472559	2.1686618	2.404962	2.2380228	2.710718	2.084459	10	2.290353	0.29530174	1.1575829	Folding	1.3789322	0.17778964	0.6969354
I162R	I162R	162	162	2.0037591	1.8984374	1.9561262	2.4101892	2.0024586	2.0909941	2.301432	1.9084388	2.2106717	2.25661	10	2.1039116	0.17959663	0.70401883	Folding	1.2666831	0.10812812	0.42386225
I162S	I162S	162	162	1.6329116	1.5166394	1.3966284	1.8300567	1.7616715	1.5777653	1.8250288	1.7495376	1.5248677	1.4564055	10	1.6271511	0.15664613	0.61405283	Folding	0.9796442	0.09431052	0.36969724
I162T	I162T	162	162	0.7856718	0.77442056	0.86581784	0.8094875	0.8123294	0.8837402	0.732233	0.7410236	0.7960296	0.7642688	10	0.79650223	0.049088087	0.19242531	Folding	0.4795429	0.02955402	0.11585176
I162V	I162V	162	162	0.58646697	0.5194708	0.54641646	0.7058108	0.48954433	0.52644193	0.4280988	0.65145564	0.5403808	0.5173261	10	0.55114126	0.07962539	0.31213152	Folding	0.33182064	0.04793934	0.18792222
I162W	I162W	162	162	1.9129692	1.9606621	1.9722482	1.9691321	2.1896243	2.4316406	1.8054595	1.7619628	2.1273484	1.9883633	10	2.011941	0.19509277	0.76476365	Folding	1.2113111	0.11745774	0.46043435
I162Y	I162Y	162	162	1.6973362	1.7239197	1.8196628	1.7435994	2.4707687	1.9221536	2.1872506	1.5903568	1.6060973	1.9255964	10	1.8686743	0.27585673	1.0813584	Folding	1.1250559	0.16608258	0.6510437
I186A	I186A	186	186	-1.5680075	-0.94666505	-1.3225926	-0.8387147	-0.69043833	-0.7523507	-0.43273348	-0.23579088	-0.8610495	-1.3098006	10	-0.8958143	0.41167122	1.6137512	Folding	-0.53933483	0.24785118	0.97157663
I186C	I186C	186	186	-0.3747106	-0.11735882	-0.45307022	-0.16896108	-0.25179425	-0.2962932	-0.5553798	-0.53184056	-0.30326837	-0.3807822	10	-0.3433459	0.14475855	0.56745356	Folding	-0.20671517	0.08715347	0.3416416
I186D	I186D	186	186	-1.3767239	-1.0074446	-0.9583863	-0.93648237	-1.0601376	-1.0281225	-1.2082832	-1.1956782	-1.1925119	-0.94677097	10	-1.0910542	0.145605	0.5707716	Folding	-0.65688115	0.087663084	0.34363928
I186E	I186E	186	186	-0.90787643	-0.4821292	-0.6191292	-0.6032574	-0.76214635	-0.8932658	-1.1162117	-0.8728296	-1.3818935	-0.66404885	10	-0.83027875	0.26821244	1.0513928	Folding	-0.49987844	0.16148025	0.6330026
I186F	I186F	186	186	0.04025959	0.032895915	-0.041315343	-0.06779434	0.060695447	0.07851754	0.008172024	0.108656764	0.080023885	0.02757239	10	0.032768387	0.05492865	0.2153203	Folding	0.019728567	0.033070397	0.12963596
I186G	I186G	186	186	-0.8250868	-0.9236777	-0.87045354	-0.94570637	-0.9485099	-0.9344611	-0.9531295	-0.99926966	-1.0171236	-0.9147075	10	-0.93321246	0.056031916	0.21964511	Folding	-0.5618508	0.03373463	0.13223976
I186H	I186H	186	186	-0.64180607	-0.64742833	-0.27678636	0.004701509	-0.49798077	-0.52093774	-1.1307173	-0.5367892	-0.4389825	-0.8253024	10	-0.5512029	0.30355662	1.189942	Folding	-0.33185774	0.1827596	0.7164176
I186K	I186K	186	186	-0.4492078	-0.5844578	-0.61901677	-0.3682143	-0.47226277	-0.8052055	-0.5310992	-0.4390095	-0.52763695	-0.76393986	10	-0.5560051	0.14099433	0.5526978	Folding	-0.33474898	0.084887184	0.33275777
I186L	I186L	186	186	-0.2758691	-0.3848812	-0.06724832	-0.1755457	-0.18009818	-0.10889964	-0.3325583	-0.15303048	-0.25432938	-0.29449147	10	-0.22269519	0.101850115	0.39925244	Folding	-0.13407607	0.06131998	0.24037433
I186M	I186M	186	186	-0.7471091	-0.49902156	-0.6986672	-0.8321686	-0.8025541	-0.65573967	-0.8822086	-0.8147406	-0.5979428	-0.67305326	10	-0.7203206	0.11829161	0.46370313	Folding	-0.4336769	0.07121876	0.27917755
I186N	I186N	186	186	-0.80325943	-0.65960944	-0.67812306	-1.1276755	-0.8355268	-0.83830976	-0.6699765	-0.8502509	-0.8746442	-0.9620897	10	-0.8299465	0.14413856	0.5650232	Folding	-0.4996784	0.0867802	0.34017837
I186P	I186P	186	186	-0.8149578	-1.0732949	-0.81734496	-0.26159984	-1.0395454	-0.92965484	-0.19694881	-0.35750604	-0.9817511	-0.8120053	10	-0.7284609	0.33010983	1.2940305	Folding	-0.4385779	0.19874625	0.77908534
I186Q	I186Q	186	186	-0.111971885	-0.61795264	-0.13089862	-0.6909881	-0.48503348	-1.0077173	-0.57763106	-1.3253133	-0.052939057	0.45908874	10	-0.4541356	0.51435393	2.0162675	Folding	-0.27341732	0.30967242	1.213916
I186R	I186R	186	186	-0.27933905	-0.52693367	-0.39960507	-0.43030065	-0.043425065	-0.21007356	-0.35164878	-0.17787685	-0.16605951	-0.40894955	10	-0.2994212	0.14912002	0.5845505	Folding	-0.18026981	0.08977934	0.35193503
I186S	I186S	186	186	-0.5500114	-0.9685173	-0.8510739	-0.66159326	-0.5519836	-0.69476783	-0.9075663	-0.81595504	-0.7014951	-0.90579575	10	-0.76087594	0.1500583	0.5882285	Folding	-0.4580937	0.09034424	0.35414943
I186T	I186T	186	186	-0.9118434	-1.0127059	-0.94161683	-0.95974207	-0.8467004	-0.88378847	-0.8343597	-1.0576596	-0.84382397	-0.7759321	10	-0.90681726	0.08723957	0.34197912	Folding	-0.5459593	0.052523542	0.2058923
I186V	I186V	186	186	-0.16618888	-0.23090726	-0.21649548	-0.19265813	-0.18342039	-0.081236035	-0.31654048	-0.22055186	-0.32298267	-0.26517934	10	-0.21961606	0.0717507	0.28126276	Folding	-0.13222225	0.043198295	0.16933732
I186W	I186W	186	186	0.08277229	0.09315524	0.059312787	0.26352116	0.0081682205	0.43876284	0.137907	-0.022139804	0.035369687	0.20291947	10	0.12997489	0.1390728	0.5451654	Folding	0.07825281	0.08373031	0.3282228
I186Y	I186Y	186	186	-0.06483284	0.10927353	-0.30050102	0.13533208	0.16574986	0.3420761	0.27797547	-0.015040828	0.046685558	-0.1249479	10	0.057177	0.19201988	0.752718	Folding	0.03442404	0.11560768	0.4531821
I20A	I20A	20	20	-0.34960288	-0.554345	-0.4942892	-0.5281798	-0.432295	-0.3712068	-0.40490404	-0.5756317	-0.362829	-0.44296387	10	-0.45162478	0.08232846	0.32272756	Folding	-0.27190566	0.049566753	0.19430168
I20C	I20C	20	20	-0.13896269	-0.12566876	-0.06969278	-0.24557972	-0.19105422	-0.13257827	-0.13648753	-0.023973752	-0.10655594	-0.13717332	10	-0.13077268	0.060284283	0.2363144	Folding	-0.078733124	0.036294814	0.14227568
I20D	I20D	20	20	-0.72427857	-0.7485869	-0.69067395	-0.6791503	-0.7226398	-0.5867031	-0.8883537	-0.64193135	-0.7182884	-0.6983672	10	-0.7098974	0.078192934	0.30651632	Folding	-0.4274015	0.047076914	0.18454151
I20E	I20E	20	20	-0.7106806	-0.70133084	-0.5252432	-0.59279644	-0.6496982	-0.7275568	-0.81927437	-0.5287979	-0.563055	-0.7181099	10	-0.6536544	0.09808004	0.38447377	Folding	-0.39353982	0.059050165	0.23147665
I20F	I20F	20	20	0.04365472	0.14848165	0.1575205	0.16556036	0.009297476	-0.030732855	0.04964264	0.12581192	0.05385332	0.15288419	10	0.08759739	0.07074224	0.2773096	Folding	0.052738972	0.042591143	0.16695729
I20G	I20G	20	20	-0.6209997	-0.62527144	-0.6077228	-0.5454858	-0.6458029	-0.64176273	-0.5865442	-0.56302327	-0.53149384	-0.5296176	10	-0.5897724	0.04484812	0.17580464	Folding	-0.35507894	0.027001305	0.105845116
I20H	I20H	20	20	-0.40682828	-0.29733256	-0.14392234	-0.29451203	-0.2914807	-0.3140899	-0.50800717	-0.40313035	-0.32872084	-0.2780686	10	-0.32660925	0.096729316	0.3791789	Folding	-0.19663869	0.058236945	0.22828883
I20K	I20K	20	20	-0.7171023	-0.59330124	-0.46992618	-0.6692258	-0.58775735	-0.6491691	-0.75028425	-0.6161415	-0.6864643	-0.56461453	10	-0.63039863	0.08190106	0.32105216	Folding	-0.37953842	0.049309433	0.19329298
I20L	I20L	20	20	-0.1607384	-0.18246707	-0.16150616	-0.051964913	-0.1558227	-0.12422931	-0.047485653	-0.107167736	-0.07420093	-0.1496815	10	-0.121526435	0.048981495	0.19200747	Folding	-0.073166326	0.029489847	0.1156002
I20M	I20M	20	20	-0.024430353	-0.17418528	-0.074124664	-0.06150495	-0.031038024	-0.081574306	-0.100078456	0.0038103089	-0.067458734	-0.27409148	10	-0.0884676	0.08115437	0.31812513	Folding	-0.05326289	0.04885988	0.19153073
I20N	I20N	20	20	-0.46314776	-0.63029075	-0.33546993	-0.5064144	-0.33291042	-0.42537436	-0.2769198	-0.38261116	-0.5024406	-0.3620355	10	-0.42176142	0.10557007	0.4138347	Folding	-0.2539261	0.06355962	0.24915372
I20P	I20P	20	20	0.0037285003	0.015665695	-0.102955855	0.028517323	-0.02286594	-0.12094851	0.0042487564	-0.104470484	0.015039019	-0.0050878013	10	-0.028912928	0.05739577	0.22499143	Folding	-0.017407345	0.034555756	0.13545856
I20Q	I20Q	20	20	-0.5678154	-0.4225856	-0.22756249	-0.46870384	-0.52608067	-0.46396124	-0.42052388	-0.50336087	-0.7306591	-0.57126987	10	-0.49025232	0.12971471	0.5084817	Folding	-0.29516178	0.078096166	0.30613697
I20R	I20R	20	20	-0.47253957	-0.46409678	-0.43963096	-0.4653285	-0.45910516	-0.40136003	-0.48817775	-0.4575372	-0.42982882	-0.44920796	10	-0.45268124	0.024376545	0.09555606	Folding	-0.2725417	0.014676167	0.057530575
I20S	I20S	20	20	-0.5376457	-0.65871984	-0.5802556	-0.642291	-0.45817932	-0.66533965	-0.59764594	-0.532894	-0.509129	-0.614744	10	-0.57968444	0.06892288	0.2701777	Folding	-0.34900537	0.041495774	0.16266343
I20T	I20T	20	20	-0.484788	-0.3589781	-0.41960594	-0.3882808	-0.3371795	-0.33477515	-0.30017367	-0.3819406	-0.46593326	-0.25576198	10	-0.3727417	0.07118624	0.27905005	Folding	-0.22441323	0.042858455	0.16800515
I20V	I20V	20	20	0.09082098	-0.058596294	0.012013917	-0.012058146	0.07917883	-0.008987397	0.10528028	0.020635378	-0.069185324	-0.046965856	10	0.011213638	0.06286359	0.24642527	Folding	0.006751294	0.037847713	0.14836304
I20W	I20W	20	20	-0.13181783	-0.108877175	-0.16604413	-0.14804499	-0.10356408	-0.15941234	-0.09590379	-0.23330942	-0.16232023	-0.12557106	10	-0.1434865	0.04044058	0.15852708	Folding	-0.08638762	0.024347696	0.09544297
I20Y	I20Y	20	20	-0.11738227	-0.21538956	-0.18060334	-0.19938827	-0.11705521	-0.1860819	-0.05819878	-0.12770043	-0.07069219	-0.23074175	10	-0.15032336	0.060401794	0.23677504	Folding	-0.09050383	0.03636556	0.142553
I23C	I23C	23	23	0.009107357	0.13153058	0.19254367	0.070998035	0.20725006	0.100561485	0.08229034	0.19833745	0.043163974	-0.03200871	10	0.10037742	0.08219427	0.32220155	Folding	0.060433324	0.049485963	0.19398499
I23D	I23D	23	23	-0.17512429	-0.16542867	-0.24511226	-0.25664493	-0.011670765	-0.018739764	-0.09016524	-0.06254678	-0.054790378	-0.3713803	10	-0.14516035	0.118659705	0.46514606	Folding	-0.08739538	0.07144038	0.28004628
I23E	I23E	23	23	-0.31836677	0.11452672	-0.22772358	-0.16917345	-0.25967884	0.13061133	-0.01350871	-0.58439183	-0.30914953	-0.14279814	10	-0.17796528	0.21612458	0.8472084	Folding	-0.10714595	0.13012017	0.5100711
I23F	I23F	23	23	0.3342782	0.2765667	0.091114596	0.10993096	0.3286649	0.2522058	0.031328175	0.3769458	0.08915617	0.19373533	10	0.20839266	0.12225787	0.47925088	Folding	0.1254651	0.07360669	0.28853825
I23G	I23G	23	23	-0.13472912	-0.26795527	-0.13763572	-0.22655393	-0.36887333	-0.12108315	-0.048500814	-0.08910512	-0.23797826	-0.17936319	10	-0.18117778	0.09533207	0.37370172	Folding	-0.10908007	0.05739572	0.22499122
I23H	I23H	23	23	0.18737708	0.1831629	-0.08522979	-0.092814945	-0.032448553	0.03518027	-0.07809287	-0.25756517	0.0075658658	0.15755913	10	0.0024693892	0.1430181	0.560631	Folding	0.0014867228	0.086105615	0.337534
I23K	I23K	23	23	0.026766999	0.012761167	0.056646727	0.21626282	0.025091384	0.25059092	-0.013595313	0.19339444	-0.11923766	0.2567198	10	0.090540126	0.12910673	0.5060984	Folding	0.054510675	0.07773013	0.3047021
I23L	I23L	23	23	-0.0371853	0.12215808	-0.08650861	-0.008029988	0.0511	0.06735197	-0.16271086	0.011645615	-0.07515965	0.23596916	10	0.011863042	0.114277735	0.44796872	Folding	0.0071422746	0.06880216	0.2697045
I23M	I23M	23	23	-0.11468301	0.008347545	0.04692722	-0.06492545	0.37925413	-0.09513672	0.044142514	-0.29598397	0.19689131	-0.018316992	10	0.00865166	0.18270569	0.7162063	Folding	0.0052088266	0.10999996	0.43119985
I23N	I23N	23	23	-0.25726333	-0.2815219	0.05797399	-0.14961465	-0.19641548	-0.08873482	-0.34668544	-0.14510927	-0.31443495	-0.19837715	10	-0.1920183	0.119441986	0.4682126	Folding	-0.115606725	0.07191136	0.28189254
I23P	I23P	23	23	0.6088953	-0.18192439	0.05529118	0.011042074	-0.22786327	0.31424227	0.16718218	0.51476973	-0.05464216	0.08232242	10	0.12893152	0.2777221	1.0886706	Folding	0.07762464	0.16720563	0.6554461
I23Q	I23Q	23	23	0.4204418	0.2126146	0.24583168	0.09819326	0.097885944	0.11944136	-0.072826505	0.10385717	-0.19688363	0.12761748	10	0.11561731	0.1677846	0.6577157	Folding	0.06960867	0.10101656	0.39598492
I23R	I23R	23	23	0.17359793	0.12553477	0.18898512	0.15132385	0.24125262	0.15777153	0.15291175	0.091304846	0.28830862	0.03887271	10	0.16098638	0.07054517	0.27653706	Folding	0.09692362	0.042472493	0.16649218
I23S	I23S	23	23	0.10410083	-0.09916431	-0.19124472	-0.07001709	-0.10211487	0.00046429565	-0.045779895	-0.020099012	-0.17619166	-0.14840455	10	-0.07484509	0.08951998	0.35091832	Folding	-0.04506131	0.053896483	0.21127422
I23T	I23T	23	23	0.11341094	0.08451366	0.17279318	0.30191535	0.05127262	-0.0735555	0.15244022	-0.11919832	0.0019534796	-0.0095551945	10	0.067599036	0.12512186	0.4904777	Folding	0.04069874	0.07533099	0.29529747
I23V	I23V	23	23	0.2443567	0.24278402	0.33368555	0.19757317	0.34272167	0.32841814	0.32023063	0.3866907	0.2575026	0.3265109	10	0.2980474	0.05871195	0.23015085	Folding	0.1794427	0.035348173	0.13856484
I23W	I23W	23	23	0.5110254	0.55402213	0.7656884	0.48584986	0.74192464	0.6386999	0.5216475	0.64081734	0.7610079	0.8003889	10	0.6421071	0.1194003	0.4680492	Folding	0.38658765	0.071886264	0.28179416
I23Y	I23Y	23	23	0.6229094	0.6784822	0.6970684	0.5122725	0.30184045	0.840335	0.7741636	0.5174766	0.6646381	0.45558253	10	0.6064769	0.16063097	0.6296734	Folding	0.3651361	0.09670964	0.37910178
I35A	I35A	35	35	0.4381168	0.1724773	0.24619333	0.26820678	0.37382534	0.2086647	0.3041908	0.32538727	0.23838171	0.2922128	10	0.28676566	0.078743346	0.30867392	Folding	0.17265041	0.047408294	0.18584052
I35C	I35C	35	35	0.31807834	0.5059498	0.73631614	-0.025379824	0.112414375	0.17003348	0.17190392	0.17578337	0.17102167	0.3875481	10	0.27236694	0.22099979	0.8663192	Folding	0.16398151	0.13305534	0.52157694
I35D	I35D	35	35	0.39526266	0.41651186	0.63276374	0.24127832	0.45203498	0.45372745	0.34361124	0.15603782	0.6543744	0.42484537	10	0.4170448	0.1528894	0.5993265	Folding	0.25108638	0.09204874	0.36083108
I35E	I35E	35	35	0.2709424	0.16419534	0.75233877	-0.060767706	0.0006184991	-0.108174235	0.68655765	0.43416986	0.12631387	0.10839398	10	0.23745885	0.2991619	1.1727147	Folding	0.1429647	0.18011372	0.7060458
I35F	I35F	35	35	0.8378668	0.47308198	0.80464125	0.79848844	0.5634092	0.47067037	0.6526782	1.0115645	0.82330185	0.63364375	10	0.70693463	0.17664632	0.6924536	Folding	0.42561775	0.10635186	0.4168993
I35G	I35G	35	35	0.2661231	0.12570304	0.09047087	-0.10699946	0.24869588	0.22407024	0.05975377	0.39707533	0.19366159	0.01857374	10	0.1517128	0.14423557	0.5654034	Folding	0.091340356	0.0868386	0.34040734
I35H	I35H	35	35	0.20527168	0.22459975	0.29387608	0.1329718	0.09241283	0.24162707	0.13762239	0.17657039	0.036730465	0.5441681	10	0.20858505	0.13986413	0.5482674	Folding	0.12558092	0.08420674	0.3300904
I35K	I35K	35	35	0.32282174	0.022518776	0.09787779	0.84670097	-0.01374988	0.31545022	0.38667604	0.28236052	0.09909541	0.9554249	10	0.33151764	0.33061633	1.296016	Folding	0.19959383	0.19905119	0.78028065
I35L	I35L	35	35	0.5652743	0.20993137	0.16581438	0.35845086	0.14247662	0.26492476	0.28228357	0.42251328	0.30229244	0.18271355	10	0.2896675	0.13079506	0.51271665	Folding	0.17439748	0.0787466	0.30868667
I35M	I35M	35	35	0.43917453	0.3523494	0.25288048	0.18173112	0.2883151	0.5494878	0.17070052	0.29797912	0.11345872	0.31067672	10	0.29567534	0.13001947	0.50967634	Folding	0.17801458	0.07827965	0.30685624
I35N	I35N	35	35	0.100911215	-0.017537016	0.044606984	0.41055846	0.05763838	-0.11495702	0.18283874	0.19533584	0.06665693	0.06673113	10	0.099278376	0.14122334	0.5535955	Folding	0.059771635	0.085025065	0.33329827
I35P	I35P	35	35	0.50670403	1.4337586	0.35561836	-0.12039638	0.37253883	0.06563307	0.6214742	-0.26083395	1.7539217	0.39284933	10	0.5121268	0.637579	2.4993098	Folding	0.30833155	0.38386145	1.5047369
I35Q	I35Q	35	35	0.36564672	0.5794752	0.2176582	0.26541716	0.5633147	0.39795682	0.3614746	0.057506926	0.023215462	0.45667195	10	0.3288338	0.18995501	0.74462366	Folding	0.19797799	0.1143645	0.44830883
I35R	I35R	35	35	0.31437373	0.3345538	0.39516962	0.28190708	0.3199503	0.57400477	0.40862483	0.61060077	0.3747732	0.57277936	10	0.41867375	0.12188292	0.47778106	Folding	0.25206712	0.073380955	0.28765336
I35S	I35S	35	35	0.33306903	0.45814905	0.19066301	0.21015492	0.2886591	0.10549767	0.3167271	0.12536538	0.055294223	0.12654608	10	0.22101255	0.12580639	0.49316105	Folding	0.13306303	0.07574312	0.29691303
I35T	I35T	35	35	0.039903168	0.3521889	0.0279408	0.16123101	0.06439817	0.40522364	0.11657304	0.92352843	0.19849196	0.017522246	10	0.23070017	0.27783555	1.0891154	Folding	0.13889557	0.16727394	0.65571386
I35V	I35V	35	35	0.36421815	0.11175174	0.16727956	0.12117907	0.27112257	0.13718086	0.13623196	0.15078251	0.07584544	0.22753859	10	0.17631303	0.08698283	0.3409727	Folding	0.10615119	0.05236897	0.20528637
I35W	I35W	35	35	0.56613326	0.4909582	0.6894974	0.36474007	0.56614923	0.44321752	0.818216	0.40808558	0.270234	0.20752524	10	0.48247567	0.1859607	0.72896594	Folding	0.29047978	0.11195967	0.43888193
I35Y	I35Y	35	35	0.4429861	0.5329469	0.75587744	0.37503797	0.48752344	0.6392635	0.849553	0.42636153	0.62913704	0.4622486	10	0.5600936	0.1544071	0.6052758	Folding	0.33721048	0.09296249	0.36441296
I45A	I45A	45	45	0.5459077	0.5217017	0.45785207	0.42876658	0.2902801	0.43897587	0.80648667	0.39703044	0.5235137	0.45897216	10	0.48694867	0.13424899	0.526256	Folding	0.29317278	0.080826074	0.3168382
I45C	I45C	45	45	0.38674322	-0.022935325	0.11882698	0.27867368	0.17605115	0.27047932	0.05452934	0.39832962	0.0473247	0.60466486	10	0.23126873	0.19455792	0.76266706	Folding	0.13923788	0.11713573	0.45917207
I45D	I45D	45	45	0.58577806	0.43820685	0.6432298	0.6744567	0.69230574	-0.059202343	0.6039346	0.31287855	0.7694007	0.341921	10	0.500291	0.24837174	0.9736172	Folding	0.3012057	0.14953493	0.58617693
I45E	I45E	45	45	0.5995675	0.4709136	0.4359061	0.87493	0.9625804	0.6669608	0.5162062	0.7316232	0.97980374	1.0266608	10	0.72651523	0.222536	0.87234116	Folding	0.43740648	0.13398024	0.5252026
I45F	I45F	45	45	0.51891434	0.86451423	0.77310956	0.58113605	0.7280178	0.6974093	0.47931448	0.6998607	0.6323012	0.7220728	10	0.669665	0.11770616	0.46140814	Folding	0.40317914	0.07086629	0.27779585
I45G	I45G	45	45	0.65308005	0.72582656	0.5553614	0.6004737	0.75293076	0.8109898	0.8888268	0.7795939	0.63404536	0.49403715	10	0.6895166	0.123142704	0.48271942	Folding	0.41513103	0.074139416	0.29062653
I45H	I45H	45	45	0.371869	0.61221766	0.44133458	0.4661962	0.74595505	0.54379535	0.23113517	0.44176513	0.74127823	0.36923495	10	0.49647814	0.16562235	0.64923966	Folding	0.2989101	0.099714756	0.39088184
I45K	I45K	45	45	0.5572354	0.25365934	0.63916016	0.59760904	0.38543835	0.92847604	0.6387931	0.5842152	0.48419338	0.50326324	10	0.55720437	0.17747039	0.69568396	Folding	0.335471	0.106847994	0.41884413
I45L	I45L	45	45	0.4507331	0.45375	0.31252605	0.3760873	0.48936462	0.50484437	0.5456354	0.30459246	0.53401303	0.37793192	10	0.43494782	0.08769268	0.3437553	Folding	0.2618651	0.052796338	0.20696165
I45M	I45M	45	45	0.79789716	0.7244535	0.58954084	0.50236946	0.5492831	0.5137457	0.67252994	0.6291241	0.4859177	0.623256	10	0.60881174	0.10175845	0.39889315	Folding	0.36654177	0.06126479	0.24015798
I45N	I45N	45	45	0.26359522	0.3782119	0.4663444	0.14033446	0.49155807	0.117671706	0.4099701	0.5898702	0.38816166	0.312053	10	0.35577708	0.15035851	0.58940536	Folding	0.2141995	0.090524994	0.35485798
I45P	I45P	45	45	0.7255206	0.48481047	0.53306836	0.9810418	0.8371784	0.7701543	0.5671117	0.73702234	0.6365448	0.8516091	10	0.71240616	0.1570742	0.6157309	Folding	0.42891195	0.094568245	0.37070754
I45Q	I45Q	45	45	1.1688981	0.86001176	0.8080028	0.9357478	1.0677029	0.9269353	0.9454284	1.4397973	1.3031762	1.2910659	10	1.0746766	0.21507248	0.84308416	Folding	0.6470209	0.12948675	0.5075881
I45R	I45R	45	45	0.6467938	0.96706957	0.7861412	0.64658046	0.786726	0.75114834	0.76131123	0.9018784	0.8443112	0.8562464	10	0.79482067	0.102421574	0.40149257	Folding	0.4785305	0.061664034	0.24172302
I45S	I45S	45	45	0.6311345	0.6749201	0.66996294	0.7017618	0.7212622	0.81220454	0.59945923	0.7615768	0.5883993	0.53579354	10	0.6696475	0.08394747	0.32907408	Folding	0.40316865	0.050541498	0.19812268
I45T	I45T	45	45	0.74255514	0.75460124	0.879484	0.65953195	0.7343273	0.84220326	0.6346835	0.5758762	0.6605916	0.5933501	10	0.7077204	0.10113175	0.39643648	Folding	0.42609084	0.060887482	0.23867893
I45V	I45V	45	45	0.31131122	0.14176038	0.115471005	0.19511487	0.21217357	0.20537561	0.2507612	0.06183401	0.06331865	0.20332965	10	0.17604503	0.08010351	0.31400576	Folding	0.10598984	0.0482272	0.18905061
I45W	I45W	45	45	1.3616322	1.134859	0.71279645	0.9534832	1.0506145	1.0007186	1.2850221	0.85374105	0.9301171	1.0718341	10	1.0354818	0.19329318	0.7577093	Folding	0.62342316	0.116374284	0.4561872
I45Y	I45Y	45	45	0.5443782	0.7819987	0.7495218	0.75001436	0.69073164	0.5353275	0.73211515	0.71915	0.78992224	0.69007564	10	0.69832355	0.08984753	0.35220233	Folding	0.42043334	0.05409369	0.21204726
I54A	I54A	54	54	0.580051	0.66659266	0.43114468	0.33498922	0.32611465	0.4832092	0.46747854	0.20092435	0.33488512	0.42945978	10	0.4254849	0.13493484	0.5289446	Folding	0.25616786	0.081239	0.3184569
I54C	I54C	54	54	0.37323707	0.3010017	0.36851722	0.24023347	0.40625897	0.51320285	0.36752772	0.49052742	0.32926735	0.34591556	10	0.37356892	0.08170365	0.32027832	Folding	0.22491127	0.049190577	0.19282706
I54D	I54D	54	54	0.550965	0.40458637	0.79734915	0.27022243	0.30260634	0.43724427	0.75493276	0.10184721	0.83406997	0.479794	10	0.4933617	0.24287736	0.9520793	Folding	0.29703385	0.14622699	0.5732098
I54E	I54E	54	54	0.95719296	0.50575435	0.57216066	0.6250075	0.44359943	0.66424876	0.2932548	0.7108265	0.40288323	0.4646279	10	0.5639556	0.18768243	0.73571515	Folding	0.33953565	0.11299627	0.4429454
I54F	I54F	54	54	0.19583073	0.24640478	0.34507304	0.22575146	0.30016994	0.3059748	0.28782797	0.24644344	0.29266468	0.28362912	10	0.27297702	0.043893415	0.17206219	Folding	0.16434881	0.026426513	0.103591934
I54G	I54G	54	54	0.4690374	0.40662798	0.7047411	0.3197498	0.6031329	0.5165758	0.46646586	0.31410533	0.32870567	0.30344144	10	0.44325835	0.13599814	0.53311276	Folding	0.26686856	0.081879176	0.32096636
I54H	I54H	54	54	0.26870117	0.55826855	0.4623439	0.50367707	0.59776056	0.4550634	0.37564614	0.44866496	0.40046132	0.47312006	10	0.45437074	0.092982456	0.36449122	Folding	0.27355888	0.055981107	0.21944594
I54K	I54K	54	54	0.7494832	0.8826781	1.4058697	0.53724706	0.9401431	0.7622708	1.4038076	0.88956803	1.1169024	1.17137	10	0.9859341	0.28515157	1.1177942	Folding	0.5935924	0.17167863	0.67298025
I54L	I54L	54	54	0.6040154	0.6528125	0.6077405	0.51873934	0.47030425	0.52803534	0.4890195	0.5015126	0.52012765	0.41657722	10	0.53088844	0.07129302	0.27946863	Folding	0.3196272	0.042922743	0.16825715
I54M	I54M	54	54	0.11881146	0.3889243	0.3136857	0.33291164	0.34661305	0.3724394	0.54088914	0.5718983	0.42142716	0.33869222	10	0.37462923	0.12557876	0.49226874	Folding	0.22554964	0.07560607	0.2963758
I54N	I54N	54	54	0.5919725	0.3980702	0.510009	0.4412526	0.28940547	0.43359134	0.6337916	0.53632474	0.3948579	0.50152373	10	0.47307998	0.1023014	0.40102148	Folding	0.284823	0.061591677	0.24143939
I54P	I54P	54	54	0.39625168	0.21584837	0.35310832	0.44227308	0.24172294	0.4196678	0.5378324	0.36969176	0.2961234	0.37673292	10	0.3649253	0.09562418	0.3748468	Folding	0.21970728	0.057571586	0.22568062
I54Q	I54Q	54	54	0.5672111	0.7429326	0.6623537	0.6420278	0.78029436	0.6116537	0.55833834	0.5563285	0.84271616	0.8522149	10	0.6816071	0.11516664	0.45145324	Folding	0.41036904	0.06933734	0.27180237
I54R	I54R	54	54	0.6448327	0.6943212	0.7666268	0.6532961	0.6523299	0.70325047	1.0035363	0.78528774	0.66974574	0.56416696	10	0.7137394	0.11965952	0.46906534	Folding	0.42971465	0.07204233	0.28240594
I54S	I54S	54	54	0.41077796	0.12336243	0.19879027	0.30608144	0.4472619	0.34156936	0.32368487	0.21491075	0.36602598	0.3007406	10	0.30332056	0.09956457	0.39029312	Folding	0.18261747	0.05994394	0.23498026
I54T	I54T	54	54	0.19488712	0.20223583	0.09338143	0.17712016	0.23626341	0.2037962	0.37108526	0.22695747	0.20680408	0.23395179	10	0.21464828	0.06855798	0.26874727	Folding	0.12923135	0.041276082	0.16180225
I54V	I54V	54	54	0.1041359	0.11115523	0.05785779	0.044703983	0.10176575	0.08608133	0.10750198	0.14161368	0.26305252	0.11738327	10	0.11352514	0.059646174	0.233813	Folding	0.068349056	0.035910632	0.14076968
I54W	I54W	54	54	0.58692145	0.4210197	0.7611128	0.43613923	0.4463049	0.5671614	0.5201685	0.49087825	0.3683621	0.44114214	10	0.503921	0.11282935	0.44229105	Folding	0.30339116	0.06793015	0.2662862
I54Y	I54Y	54	54	0.16268268	0.46759596	0.5950796	0.4994122	0.39224854	0.38636857	0.35692307	0.38113272	0.3306984	0.33746782	10	0.39096096	0.115075335	0.4510953	Folding	0.23538233	0.06928237	0.2715869
I83A	I83A	83	83	-0.430578	-0.18918437	-0.3178848	-0.22721036	-0.25072068	-0.27278033	-0.36270142	-0.20616557	-0.36928383	-0.30279884	10	-0.29293078	0.078289345	0.30689424	Folding	-0.17636219	0.04713496	0.18476903
I83C	I83C	83	83	-0.26007056	-0.20014653	-0.16565576	0.05739394	-0.2707896	-0.19960766	-0.21617065	-0.29692912	-0.41248932	-0.23964036	10	-0.22041056	0.119380295	0.46797076	Folding	-0.13270059	0.071874216	0.28174692
I83D	I83D	83	83	-0.1365866	-0.34599918	-0.19860989	-0.103412874	-0.090191126	-0.24814399	-0.32489914	-0.27624875	-0.1667457	-0.457263	10	-0.23481002	0.11814786	0.46313962	Folding	-0.14136995	0.07113221	0.27883828
I83E	I83E	83	83	-0.3543176	-0.35380197	-0.3679857	-0.13925439	-0.44919938	-0.16451815	-0.5849768	-0.34650064	-0.26373735	-0.46655414	10	-0.34908462	0.13550662	0.5311859	Folding	-0.21017022	0.08158325	0.31980634
I83F	I83F	83	83	-0.2656321	-0.089296974	-0.13689794	-0.12034234	-0.25100613	-0.19439441	-0.18635379	-0.2982721	-0.21241097	-0.1120885	10	-0.18666951	0.0710806	0.27863598	Folding	-0.11238643	0.042794857	0.16775584
I83G	I83G	83	83	-0.0015825895	-0.052357312	-0.06935255	-0.08073699	-0.49401838	-0.0037456823	-0.07260101	0.09816433	0.023390895	-0.04757267	10	-0.070041195	0.15874507	0.62228066	Folding	-0.042169068	0.09557421	0.3746509
I83H	I83H	83	83	-0.2958802	-0.10455465	4.6725323e-05	-0.03416327	-0.22747724	-0.15601802	-0.16846862	-0.25375777	-0.07163353	-0.17752534	10	-0.14894319	0.09621271	0.3771538	Folding	-0.08967288	0.057925917	0.2270696
I83K	I83K	83	83	0.6990418	0.58561474	0.90140754	0.6772612	0.596125	0.86574703	0.86295795	0.864675	0.76807576	0.635955	10	0.7456861	0.12200459	0.478258	Folding	0.4489485	0.0734542	0.28794047
I83L	I83L	83	83	-0.3836246	-0.33900085	-0.39729676	-0.38380328	-0.34683263	-0.37667066	-0.41003928	-0.43928382	-0.43810242	-0.36843553	10	-0.388309	0.033919897	0.132966	Folding	-0.23378569	0.020421846	0.080053635
I83M	I83M	83	83	-0.30185324	-0.3727905	-0.2889069	-0.53538734	-0.16236986	-0.52165705	-0.3488463	-0.374657	-0.44438857	-0.38929242	10	-0.3740149	0.11100791	0.435151	Folding	-0.22517978	0.066833526	0.26198742
I83N	I83N	83	83	-0.15059543	0.05290407	-0.047958445	-0.084955774	-0.1514629	-0.24974528	0.067465216	-0.18682472	-0.16360644	-0.028425032	10	-0.09432048	0.10454962	0.4098345	Folding	-0.056786682	0.06294525	0.24674538
I83P	I83P	83	83	0.1638601	0.387627	0.36325032	0.49068278	0.354576	0.35466486	0.3255706	0.6363603	0.30332235	0.45716742	10	0.38370818	0.12515503	0.49060774	Folding	0.23101573	0.07535096	0.29537576
I83Q	I83Q	83	83	-0.054556053	-0.048020966	-0.00387016	0.026439102	0.005463137	-0.28358582	-0.1986254	-0.140468	-0.06963831	-0.1982349	10	-0.09650974	0.103620954	0.40619415	Folding	-0.058104746	0.062386133	0.24455364
I83R	I83R	83	83	0.5754473	0.65790915	0.64876413	0.7465287	0.6508243	0.6341795	0.4002546	0.44077903	0.41380644	0.76300746	10	0.5931501	0.1323195	0.51869243	Folding	0.35711253	0.0796644	0.31228447
I83S	I83S	83	83	-0.106598355	0.10342278	0.0019242945	-0.21223688	0.026831338	0.07026041	-0.109140016	-0.053517483	0.07770253	0.060237225	10	-0.014111415	0.10285625	0.4031965	Folding	-0.008495932	0.06192573	0.24274887
I83T	I83T	83	83	0.13257727	-0.030897481	0.04839943	0.08251637	0.017204506	0.1396986	0.10413305	0.11508811	0.1990155	0.12114339	10	0.09288788	0.06631978	0.25997353	Folding	0.055924166	0.03992855	0.15651992
I83V	I83V	83	83	-0.09899477	-0.1305489	-0.15469855	-0.23061451	-0.25547922	-0.15052283	-0.15537392	-0.19001772	-0.19792876	-0.15205395	10	-0.17162332	0.047002126	0.18424834	Folding	-0.10332771	0.028298145	0.11092873
I83W	I83W	83	83	0.095717885	0.14929076	0.15861754	0.14218423	0.14229898	0.14679399	0.24847274	0.056970228	0.05043271	0.13788117	10	0.13286602	0.056399547	0.22108623	Folding	0.07999345	0.033955965	0.13310738
I83Y	I83Y	83	83	-0.27141485	-0.2590594	-0.30687347	-0.3964718	-0.39254284	-0.26695663	-0.3214889	-0.3904614	-0.4062534	-0.2720424	10	-0.3283565	0.061625097	0.24157038	Folding	-0.19769064	0.037102066	0.1454401
I92A	I92A	92	92	0.97024417	0.7815954	0.7955316	0.8900295	0.84018236	0.8825837	0.85762614	1.0796493	0.79725236	0.72454196	10	0.8619236	0.10261165	0.40223768	Folding	0.51893055	0.06177847	0.24217162
I92C	I92C	92	92	0.7864199	0.91509235	0.7645926	0.59522015	0.8817042	0.653876	0.671365	0.60938644	0.7274265	0.80690545	10	0.7411989	0.109679475	0.42994356	Folding	0.44624692	0.06603373	0.2588522
I92D	I92D	92	92	2.4085743	2.236162	2.434672	2.7964694	3.0421536	2.5508332	2.6984494	3.02668	3.0022926	2.5759473	10	2.6772234	0.2842933	1.1144297	Folding	1.6118518	0.17116189	0.67095464
I92E	I92E	92	92	2.6474996	2.1545522	2.3422909	2.531844	3.240701	2.884281	3.045903	3.1148696	2.5188375	2.3714106	10	2.6852188	0.36714977	1.4392271	Folding	1.6166655	0.22104655	0.8665025
I92F	I92F	92	92	0.6737112	0.38007832	0.6521384	0.5123012	0.49383605	0.5973475	0.51060593	0.59664047	0.50739884	0.5783305	10	0.55023885	0.08677659	0.34016424	Folding	0.33127734	0.0522448	0.20479962
I92G	I92G	92	92	2.1180487	2.108113	1.7683271	1.958852	2.0590224	1.863017	1.9829373	2.1884322	2.4290261	1.9786242	10	2.0454402	0.18345682	0.7191508	Folding	1.2314798	0.11045219	0.43297258
I92H	I92H	92	92	2.1934097	1.7671547	2.1558425	1.9282597	2.5473878	2.0769944	2.4636202	2.5990672	2.588781	1.7374964	10	2.2058015	0.3320766	1.3017403	Folding	1.328027	0.19993037	0.78372705
I92K	I92K	92	92	3.6770859	3.6242518	3.686987	3.7495098	3.5553825	3.0733306	2.63685	3.9440684	3.5108323	3.375853	10	3.4834151	0.37773225	1.4807104	Folding	2.0972283	0.22741784	0.89147794
I92L	I92L	92	92	0.48620754	0.52813053	0.5778587	0.63775045	0.3963552	0.4301797	0.47434914	0.52113736	0.5217075	0.62190974	10	0.51955855	0.07763763	0.3043395	Folding	0.31280592	0.046742585	0.18323094
I92M	I92M	92	92	0.8591939	0.7296537	0.7821238	0.59221584	0.6357922	0.35229808	0.55542755	0.5792447	0.84929144	0.6796674	10	0.66149086	0.15382454	0.6029922	Folding	0.39825782	0.09261175	0.36303806
I92N	I92N	92	92	1.4689538	1.6275219	1.2802088	1.5280006	1.1891125	1.6845361	1.8392931	1.7146633	1.4955252	1.8895755	10	1.5717392	0.22572026	0.88482344	Folding	0.9462828	0.13589735	0.53271765
I92P	I92P	92	92	2.037158	2.544939	2.1115503	2.7107744	2.0266054	2.0416813	2.2331607	2.3413188	2.5563262	2.544256	10	2.314777	0.25909206	1.0156409	Folding	1.3936368	0.15598921	0.61147773
I92Q	I92Q	92	92	2.0130446	2.0994825	1.8670341	1.8920094	1.7037796	2.488	2.0865383	2.4845004	2.2342806	1.8463678	10	2.0715034	0.2656002	1.0411528	Folding	1.2471714	0.15990752	0.6268375
I92R	I92R	92	92	2.9911966	2.4976676	2.3791697	2.5025008	3.0729873	2.3754346	2.5321636	2.5108995	3.0871348	2.7190902	10	2.6668243	0.28191683	1.105114	Folding	1.6055908	0.16973113	0.665346
I92S	I92S	92	92	1.6373615	1.8619646	1.8163143	1.6729895	1.6823069	1.6844049	1.6400957	1.4156545	1.5591241	1.5458399	10	1.6516054	0.12892848	0.50539964	Folding	0.9943671	0.07762281	0.3042814
I92T	I92T	92	92	0.9564551	0.9776091	0.7698794	0.6339784	0.5151125	0.75576216	0.5432987	0.9221118	0.8512271	0.89181626	10	0.78172505	0.16869862	0.66129863	Folding	0.47064614	0.10156686	0.3981421
I92V	I92V	92	92	0.23249835	0.3716336	0.2879966	0.19171914	0.22437145	0.21054254	0.23141101	0.1288774	0.12053143	0.25443074	10	0.22540121	0.07295518	0.28598434	Folding	0.13570528	0.043923467	0.17218
I92W	I92W	92	92	0.9306924	0.9675952	1.126915	1.2708824	0.9525576	1.0244349	1.2667557	1.3422627	0.90028393	1.0124222	10	1.0794802	0.16104351	0.63129056	Folding	0.6499129	0.09695801	0.38007542
I92Y	I92Y	92	92	1.240636	1.3384769	1.1161491	1.8239158	1.2548841	1.4451958	1.3979661	1.3191254	1.3409047	1.2171884	10	1.3494442	0.19161813	0.7511431	Folding	0.81244767	0.115365796	0.45223394
I99A	I99A	99	99	1.5718459	1.3862897	1.3072743	1.5194707	1.1900359	1.2902915	1.3792295	1.3778806	1.3933009	1.4866834	10	1.3902302	0.11364477	0.4454875	Folding	0.83700335	0.06842108	0.26821065
I99C	I99C	99	99	1.099693	1.161233	1.2223816	1.0238905	1.2285584	1.0929652	1.032352	1.1106029	1.1657425	1.0594426	10	1.1196861	0.07293562	0.28590763	Folding	0.6741193	0.043911688	0.17213382
I99D	I99D	99	99	3.5261805	2.8257878	2.931614	3.4081588	3.5598197	3.0227723	3.5274122	3.8064508	3.8293688	3.790509	10	3.4228072	0.37208506	1.4585735	Folding	2.0607386	0.2240179	0.8781502
I99E	I99E	99	99	2.745628	2.5411747	2.8063648	2.507112	2.4189184	2.2596674	2.9153686	2.5376294	2.2574983	2.3168004	10	2.5306163	0.23026921	0.9026553	Folding	1.5235853	0.1386361	0.5434535
I99F	I99F	99	99	1.1695124	1.0302366	1.1955646	1.4149628	1.1572738	1.1399913	1.3165821	1.235679	1.1258273	1.0273649	10	1.1812994	0.11929241	0.46762624	Folding	0.7112143	0.0718213	0.2815395
I99G	I99G	99	99	2.118854	2.1346235	2.252991	2.2574863	2.2144938	2.4069514	2.366587	2.3152065	2.0840955	2.3781195	10	2.2529407	0.11458488	0.44917274	Folding	1.3564076	0.06898709	0.27042937
I99H	I99H	99	99	2.550999	2.6628203	2.7130785	2.368686	2.8629751	3.0601485	3.0094962	2.7218192	2.5016043	2.8154745	10	2.72671	0.21899173	0.8584476	Folding	1.6416457	0.13184637	0.5168378
I99K	I99K	99	99	3.169218	2.8929532	3.4220886	2.831482	3.3882308	2.836817	3.0239441	3.1588113	3.511657	2.7480562	10	3.098326	0.2745473	1.0762255	Folding	1.8653811	0.16529422	0.64795333
I99L	I99L	99	99	0.51355857	0.54989266	0.636215	0.6009207	0.4939225	0.55711514	0.54227835	0.58965087	0.65933955	0.6059317	10	0.5748825	0.052781686	0.20690422	Folding	0.3461143	0.03177779	0.12456895
I99M	I99M	99	99	0.8318833	0.7523136	0.6519876	0.717052	0.767456	0.6525575	0.76675314	0.78945035	0.6506685	0.7792174	10	0.7359339	0.06479099	0.25398067	Folding	0.4430771	0.039008126	0.15291186
I99N	I99N	99	99	2.1886177	2.1124136	1.894475	1.8854504	1.8039733	2.159677	2.2141902	2.0354855	2.1777177	2.0315795	10	2.050358	0.14558391	0.57068896	Folding	1.2344406	0.087650396	0.34358954
I99P	I99P	99	99	3.9409957	2.7083957	3.21619	3.4443028	3.2361019	3.1923053	3.6724217	3.6136804	3.7305753	3.6400545	10	3.4395022	0.35713613	1.3999736	Folding	2.07079	0.21501772	0.84286946
I99Q	I99Q	99	99	2.019339	2.0337744	2.1462982	2.4114132	2.4814699	2.1498413	1.9772389	2.3055234	2.4191027	2.241767	10	2.218577	0.18155107	0.71168023	Folding	1.3357186	0.109304816	0.42847487
I99R	I99R	99	99	2.5676668	2.4034884	2.54815	2.4473236	2.5811126	2.4664247	2.858192	2.3761182	2.72014	2.3010316	10	2.5269647	0.16703969	0.6547956	Folding	1.5213869	0.10056808	0.39422688
I99S	I99S	99	99	1.8217503	1.6844081	1.8036096	1.8420674	1.8128929	2.056094	1.9734867	1.9170384	2.0181065	2.1865048	10	1.9115957	0.1481678	0.5808178	Folding	1.1508971	0.089206055	0.34968776
I99T	I99T	99	99	1.1259309	1.3863579	1.1210914	1.0825394	1.3042132	1.1880419	1.2317058	1.382955	1.0384476	1.0630729	10	1.1924355	0.1290978	0.5060634	Folding	0.7179189	0.07772475	0.304681
I99V	I99V	99	99	0.8143942	0.63929397	0.7091217	0.6238894	0.73222613	0.79409426	0.6363336	0.8682459	0.7014801	0.7148885	10	0.7233968	0.08141076	0.31913018	Folding	0.43552896	0.04901424	0.19213583
I99W	I99W	99	99	1.6690061	1.4537259	1.6068827	1.6238674	1.4363756	1.700886	1.4188511	1.7670221	1.9789878	1.4999925	10	1.6155598	0.17500775	0.6860304	Folding	0.9726655	0.105365336	0.4130321
I99Y	I99Y	99	99	2.0585706	1.9589746	1.865778	1.8057708	1.8555452	2.125725	1.9045533	2.3499227	1.9475309	2.1856441	10	2.0058017	0.17190574	0.6738705	Folding	1.2076149	0.103497736	0.40571114
K100A	K100A	100	100	0.50536966	0.47031155	0.4893661	0.65249574	0.6063881	0.459252	0.58635837	0.37848118	0.65509444	0.59645325	10	0.53995705	0.092420265	0.36228743	Folding	0.32508707	0.055642635	0.21811913
K100C	K100C	100	100	0.24803783	0.27917698	0.11433155	0.07025327	0.21787256	0.17826271	-0.06986003	0.032649387	0.26622754	0.24940819	10	0.15863602	0.11742136	0.46029174	Folding	0.09550855	0.07069482	0.2771237
K100D	K100D	100	100	1.003767	1.0970464	1.1519256	1.3887837	1.4388549	1.28961	1.2352288	1.5687675	1.4824972	1.3263128	10	1.2982794	0.17905328	0.70188886	Folding	0.7816434	0.10780099	0.42257988
K100E	K100E	100	100	0.608759	0.55915695	0.50566345	0.52961916	0.51254857	0.6000587	0.7370285	1.0284376	0.60103995	0.5155611	10	0.61978734	0.15944234	0.62501395	Folding	0.37314975	0.09599401	0.37629652
K100F	K100F	100	100	0.076190755	0.086825885	0.27172765	0.05120546	0.064391874	-0.030742163	0.1540992	0.10514536	0.060744096	0.0094672805	10	0.08490554	0.08258676	0.3237401	Folding	0.051118314	0.049722265	0.19491129
K100G	K100G	100	100	1.0040127	1.0410267	1.0000048	1.1372062	1.3783149	1.3964318	1.1015933	1.1094627	1.0386782	1.1569495	10	1.1363682	0.14270212	0.55939233	Folding	0.6841629	0.08591538	0.3367883
K100H	K100H	100	100	0.68667966	0.6796005	0.572401	0.49621308	0.5740097	0.5051839	0.6345639	0.7383177	0.32680544	0.6335371	10	0.5847312	0.119630784	0.4689527	Folding	0.35204384	0.07202502	0.28233808
K100I	K100I	100	100	0.26475826	0.22561815	0.1099599	0.11409995	0.26616278	0.19053024	0.14118207	0.20708601	0.21190298	0.33560678	10	0.2066907	0.071799204	0.2814529	Folding	0.1244404	0.043227497	0.16945179
K100L	K100L	100	100	-0.15441021	-0.1340653	-0.003142639	0.019194288	-0.053488187	0.029049799	-0.033800397	-0.03579397	-0.13593465	-0.14589423	10	-0.064828545	0.071537726	0.2804279	Folding	-0.03903074	0.043070074	0.1688347
K100M	K100M	100	100	-0.050189	0.16546902	0.022735735	0.13578093	0.081282526	-0.08373077	-0.13865978	-0.09307314	0.29421258	0.11562385	10	0.04494519	0.13747256	0.53889245	Folding	0.027059745	0.08276686	0.3244461
K100N	K100N	100	100	0.46610603	0.5662376	0.5059546	0.36770573	0.34951785	0.47146237	0.5881081	0.53622663	0.6079338	0.3871696	10	0.4846422	0.092873834	0.36406544	Folding	0.29178417	0.05591571	0.21918958
K100P	K100P	100	100	2.4636528	2.532107	2.3274882	2.072414	2.3852243	2.37925	2.0496805	2.3817208	2.4684942	2.3675554	10	2.342759	0.1601249	0.6276896	Folding	1.4104837	0.096404955	0.37790743
K100Q	K100Q	100	100	0.526124	-0.07754997	0.3348975	0.28325745	0.38909972	0.37708426	0.46775082	0.076750666	0.20160307	0.29911423	10	0.2878132	0.18111785	0.709982	Folding	0.17328109	0.109043986	0.42745245
K100R	K100R	100	100	0.059199277	0.057151902	0.032380257	0.031045156	0.037248354	0.09077016	0.053457636	0.020134788	0.028666627	0.04973459	10	0.045978874	0.020622812	0.08084142	Folding	0.027682086	0.0124161905	0.04867147
K100S	K100S	100	100	0.5887007	0.6127541	0.6112263	0.6533688	0.67183703	0.52200353	0.64176166	0.5475796	0.6067103	0.68284875	10	0.61387914	0.051621698	0.20235705	Folding	0.36959267	0.03107941	0.12183129
K100T	K100T	100	100	0.2304603	0.3141436	0.35166955	0.4177485	0.37142253	0.2543277	0.57453614	0.57653224	0.39554274	0.3190167	10	0.38053995	0.117955126	0.4623841	Folding	0.22910826	0.07101618	0.27838343
K100V	K100V	100	100	0.1199846	0.392506	0.27836138	0.23637062	0.13659874	0.14947957	0.40152875	0.23991759	0.18789099	0.30602363	10	0.24486618	0.10053276	0.39408845	Folding	0.14742437	0.06052685	0.23726526
K100W	K100W	100	100	1.1337389	0.9792948	1.0302006	0.86641824	0.8733741	0.8290116	0.7797834	0.82101494	1.0745612	0.79798484	10	0.9185383	0.12599932	0.49391732	Folding	0.55301607	0.07585927	0.29736835
K100Y	K100Y	100	100	0.36594632	0.59904516	0.60134155	0.30229983	0.31373373	0.472433	0.42029214	0.4809003	0.34219903	0.541785	10	0.44399762	0.11283885	0.4423283	Folding	0.26731363	0.06793587	0.2663086
K103A	K103A	103	103	0.7391207	0.6847983	0.5567041	0.6983558	0.83692	0.7305595	0.78266853	0.7539581	0.7156075	0.5445473	10	0.70432407	0.09186139	0.36009666	Folding	0.42404604	0.05530616	0.21680015
K103C	K103C	103	103	0.54709244	0.4487659	0.4419456	0.43257543	0.66260326	0.5355163	0.82950085	0.4685519	0.6221853	0.5784748	10	0.5567212	0.12424646	0.48704615	Folding	0.3351801	0.07480395	0.2932315
K103D	K103D	103	103	2.0209937	2.1258953	1.9900799	2.0440705	2.308607	2.2119582	2.3607156	2.182708	2.0507479	2.2403784	10	2.1536155	0.12752935	0.49991506	Folding	1.2966079	0.076780446	0.30097935
K103E	K103E	103	103	1.1284716	1.1476206	1.2551167	1.0132843	0.83466953	0.94232863	0.9059133	1.096655	1.0281388	1.0763072	10	1.0428506	0.12501791	0.49007022	Folding	0.62785965	0.0752684	0.29505214
K103F	K103F	103	103	0.47267997	0.5468433	0.45845476	0.43325683	0.5042107	0.55968535	0.46677613	0.52163166	0.5544341	0.6482437	10	0.5166217	0.0636393	0.24946605	Folding	0.31103778	0.038314737	0.15019378
K103G	K103G	103	103	1.2862649	1.0418223	1.2839103	1.3058372	1.192953	1.1011206	1.2020682	1.0829244	1.2205337	1.2147051	10	1.1932139	0.09093306	0.35645762	Folding	0.71838754	0.054747246	0.2146092
K103H	K103H	103	103	0.35668376	0.28294855	0.2142318	0.2851289	0.40392932	0.31547114	0.39100036	0.33686554	0.38144135	0.28819636	10	0.32558972	0.059615076	0.2336911	Folding	0.19602486	0.03589191	0.14069629
K103I	K103I	103	103	0.8004815	0.82301664	0.8614934	1.0579609	1.0681686	0.9820149	1.0177796	1.0653087	0.86172956	0.6336956	10	0.9171649	0.1444942	0.5664173	Folding	0.55218923	0.08699432	0.34101775
K103L	K103L	103	103	0.63744897	0.59950864	0.6012156	0.6711854	0.54414696	0.46837908	0.7108159	0.6210056	0.62461877	0.6903942	10	0.61687195	0.07115485	0.278927	Folding	0.37139452	0.042839557	0.16793106
K103M	K103M	103	103	0.6325232	0.52634686	0.67401105	0.6521006	0.5807409	0.658059	0.5521268	0.61548984	0.450705	0.5220093	10	0.5864113	0.07262781	0.28470102	Folding	0.35305536	0.04372637	0.17140737
K103N	K103N	103	103	0.4045675	0.46478173	0.5384695	0.28220257	0.344404	0.33645466	0.35468152	0.31299075	0.47003704	0.46065372	10	0.39692432	0.08334022	0.32669368	Folding	0.23897263	0.050175894	0.1966895
K103P	K103P	103	103	1.9384758	2.0140367	1.6420503	1.845537	1.9077635	1.9222823	1.7678766	2.059144	1.9402503	1.9666029	10	1.9004018	0.12173908	0.4772172	Folding	1.1441578	0.07329435	0.28731385
K103Q	K103Q	103	103	0.4163414	0.4365383	0.3590049	0.18913323	0.25351828	0.24716377	0.21119091	0.3898729	0.40605238	0.2621493	10	0.31709653	0.093466766	0.36638972	Folding	0.19091144	0.056272693	0.22058897
K103R	K103R	103	103	0.028264295	0.022020034	0.019547474	-0.08411226	-0.07184917	-0.08007264	0.08310583	0.09432585	0.12506415	0.06381197	10	0.020010553	0.07588543	0.2974709	Folding	0.012047573	0.045687657	0.17909561
K103S	K103S	103	103	0.7539171	0.6715402	0.54969996	0.86560464	0.88544655	0.7059727	0.7244438	0.6210833	0.6825673	0.7081133	10	0.7168389	0.10138907	0.39744517	Folding	0.43158072	0.061042406	0.23928623
K103T	K103T	103	103	0.7705761	0.8189733	0.84096205	0.6674203	0.65003526	0.8366962	0.92557764	0.76936644	0.57882804	0.5757985	10	0.74342334	0.11934982	0.4678513	Folding	0.44758618	0.07185587	0.28167504
K103V	K103V	103	103	0.873381	0.81140363	0.851549	0.9566964	0.807304	0.75431913	0.7542943	0.6434588	0.6237958	0.7820457	10	0.78582484	0.1004551	0.393784	Folding	0.47311446	0.060480095	0.23708197
K103W	K103W	103	103	0.6435795	0.40011606	0.4086262	0.48571354	0.4811925	0.5618792	0.5143601	0.6258461	0.70561844	0.6268317	10	0.5453763	0.10389443	0.40726617	Folding	0.3283498	0.06255078	0.24519907
K103Y	K103Y	103	103	0.9108174	0.7658022	0.6868452	0.5978513	0.8175846	0.7227353	0.97329617	0.61628085	0.76095015	0.84316665	10	0.76953304	0.12077863	0.47345224	Folding	0.4633058	0.072716095	0.28504708
K116A	K116A	116	116	0.5675105	0.6830653	0.5726804	0.41974834	0.53715646	0.64046735	0.45570308	0.44705662	0.4266571	0.51003295	10	0.52600783	0.09091266	0.35637763	Folding	0.31668878	0.054734968	0.21456107
K116C	K116C	116	116	0.12192129	0.013144806	0.101978995	0.43454733	0.44480196	0.5721651	0.46885887	0.3180832	0.0451924	0.16073726	10	0.26814315	0.20258535	0.7941346	Folding	0.16143852	0.12196874	0.47811747
K116D	K116D	116	116	1.8635108	1.8220067	1.2629982	1.5817498	1.5348169	1.3846198	1.2236344	1.3353921	1.5004308	1.5893593	10	1.5098519	0.21697274	0.8505331	Folding	0.9090229	0.13063082	0.5120728
K116E	K116E	116	116	1.150798	1.4675865	1.2596449	1.1689204	0.82806665	0.91521704	1.2846596	1.1820611	0.98541087	1.2798611	10	1.1522226	0.1929511	0.75636834	Folding	0.6937083	0.11616833	0.45537984
K116F	K116F	116	116	0.19906092	0.15838347	0.8630165	0.49725366	0.6959612	0.6475125	0.7077604	0.6895126	0.4974525	0.23349036	10	0.5189404	0.2462477	0.96529096	Folding	0.31243375	0.14825612	0.581164
K116G	K116G	116	116	0.40504274	0.4534292	0.3686156	0.6042197	0.1833002	0.2547319	0.26910025	0.32751945	0.42605734	0.333289	10	0.36253053	0.11884177	0.46585974	Folding	0.21826549	0.07154999	0.28047597
K116H	K116H	116	116	0.42523542	0.4854162	0.71792555	0.5945474	0.30962762	0.435943	0.8825054	0.959368	0.41429135	0.18546826	10	0.54103285	0.24705976	0.96847427	Folding	0.32573476	0.14874505	0.5830806
K116I	K116I	116	116	1.2561657	1.0216659	0.9770548	1.2221429	0.8945529	0.6532713	1.0362692	0.9311282	1.1387107	1.3169088	10	1.044787	0.19803928	0.77631396	Folding	0.6290255	0.11923172	0.46738836
K116L	K116L	116	116	1.0346432	0.75811225	0.97054267	0.6678576	0.81371737	1.070527	1.1109693	1.0021828	0.8147008	0.69156086	10	0.89348143	0.16292422	0.63866293	Folding	0.5379303	0.09809031	0.38451403
K116M	K116M	116	116	0.10421132	0.056212585	0.23355712	0.33702213	0.20033467	-0.08065543	0.48514497	0.58870244	0.5624332	-0.038565826	10	0.24483971	0.24246001	0.95044327	Folding	0.14740844	0.14597571	0.5722248
K116N	K116N	116	116	0.53417856	0.47679538	0.33518326	0.5404387	0.45514342	0.63152677	0.56409717	0.66861403	0.46335173	0.38352427	10	0.5052854	0.10380931	0.4069325	Folding	0.3042126	0.062499534	0.24499817
K116P	K116P	116	116	2.11354	2.47115	2.5106266	3.0687993	3.1007495	2.826849	3.0541153	3.0201552	3.0006971	2.9081101	10	2.8074794	0.33182687	1.3007613	Folding	1.6902738	0.19978	0.7831376
K116Q	K116Q	116	116	0.5591894	0.5956016	0.49703583	0.5767614	0.74268764	0.25198475	0.63076884	0.6514567	0.5736533	0.5572716	10	0.56364113	0.12788692	0.5013167	Folding	0.33934632	0.07699572	0.30182323
K116R	K116R	116	116	0.7427395	0.44054168	0.4752033	0.37449914	0.39994976	0.6091562	0.6963184	0.6403278	0.5904714	0.8817253	10	0.5850932	0.16345972	0.6407621	Folding	0.35226178	0.098412715	0.38577786
K116S	K116S	116	116	0.83638275	0.9481887	1.0717101	0.9327129	0.82615167	0.530717	0.49428234	0.4849889	0.9183777	0.90213615	10	0.79456484	0.21207045	0.8313162	Folding	0.47837648	0.12767935	0.50050306
K116T	K116T	116	116	1.7678381	1.2754208	1.4607741	1.3076802	1.1015457	1.2948084	1.075421	1.641175	1.2849125	1.5229707	10	1.3732545	0.22308749	0.87450296	Folding	0.82678294	0.13431227	0.5265041
K116V	K116V	116	116	1.2218276	1.134204	1.3213732	0.9519958	0.80868405	0.91872454	1.0372307	1.0575812	0.9467642	1.5096829	10	1.0908067	0.2110462	0.82730114	Folding	0.65673214	0.12706268	0.4980857
K116W	K116W	116	116	1.0521336	0.63348013	0.6905389	0.5823852	0.88420874	0.3667041	0.49233592	0.5407078	1.1483103	1.1640581	10	0.7554862	0.2870168	1.1251059	Folding	0.45484874	0.17280161	0.67738235
K116Y	K116Y	116	116	0.41431555	0.61819637	1.2780411	0.52401394	0.22348276	0.49891734	0.51797485	0.3536377	0.3541076	0.3874107	10	0.5170098	0.28992575	1.136509	Folding	0.31127143	0.17455298	0.6842477
K127A	K127A	127	127	0.14619903	0.1465144	0.1303584	0.11808191	0.11516254	0.062833264	0.1934066	0.19448572	0.14000036	0.13123786	10	0.137828	0.03811735	0.14942001	Folding	0.082980864	0.02294897	0.089959964
K127C	K127C	127	127	0.29632768	0.3341851	0.28236255	0.39809027	0.35994703	0.2942106	0.35405466	0.35563722	0.3435986	0.46574825	10	0.3484162	0.05445844	0.21347709	Folding	0.2097678	0.0327873	0.12852623
K127D	K127D	127	127	0.20419885	0.2421792	0.14123921	0.21556564	0.20878476	0.13192366	0.29481965	0.16455851	0.16525702	0.2570841	10	0.20256105	0.052546635	0.20598282	Folding	0.121954106	0.03163628	0.12401421
K127E	K127E	127	127	0.07369079	0.22025731	0.15559618	0.06288059	0.185455	0.33224455	0.14449117	0.10349076	0.06262173	0.0571344	10	0.13978624	0.088355124	0.3463521	Folding	0.08415984	0.05319517	0.20852508
K127F	K127F	127	127	0.51963663	0.36332345	0.4048016	0.35968545	0.39705026	0.40678704	0.401811	0.3930683	0.44295228	0.3792271	10	0.4068343	0.04621428	0.18115997	Folding	0.24493906	0.027823813	0.10906935
K127G	K127G	127	127	0.3197788	0.3240035	0.24076481	0.22290303	0.33185822	0.35034925	0.27477157	0.14224353	0.12291553	0.15834439	10	0.24879327	0.08478575	0.33236015	Folding	0.14978872	0.051046193	0.20010108
K127H	K127H	127	127	0.34467906	0.26870653	0.18677878	0.35180083	0.29925308	0.33884874	0.26917112	0.21573804	0.1678213	0.2874145	10	0.2730212	0.06531053	0.2560173	Folding	0.16437541	0.03932092	0.15413801
K127I	K127I	127	127	0.33020502	0.31696272	0.42626426	0.40964094	0.32095683	0.47266376	0.3415062	0.27497396	0.37478527	0.34315	10	0.36111087	0.059511203	0.23328392	Folding	0.21741076	0.035829373	0.14045115
K127L	K127L	127	127	0.36706713	0.31850672	0.35856694	0.35433263	0.38620597	0.31073466	0.40998423	0.26161867	0.31237537	0.25829583	10	0.33376878	0.050363168	0.19742362	Folding	0.20094916	0.030321699	0.118861064
K127M	K127M	127	127	0.36582544	0.34372142	0.402348	0.28138816	0.27878553	0.3184532	0.3324342	0.44460025	0.4527621	0.25953087	10	0.34798494	0.068122715	0.26704106	Folding	0.20950815	0.041014027	0.16077499
K127N	K127N	127	127	0.20621388	0.16853927	0.20269217	0.33101904	0.35803214	0.28141448	0.17237645	0.2560823	0.18709591	0.19224295	10	0.23557086	0.06773003	0.26550174	Folding	0.14182803	0.04077761	0.15984823
K127P	K127P	127	127	0.8151835	0.88272226	0.719371	0.73674774	0.64258915	0.6234564	0.6236563	0.67610955	0.83935684	0.8172593	10	0.73764527	0.09599352	0.3762946	Folding	0.44410744	0.057793953	0.2265523
K127Q	K127Q	127	127	-0.038083807	0.053672664	-0.16281572	0.0034044953	0.013790075	0.10399257	-0.1589637	-0.06760766	0.003771361	-0.073271215	10	-0.032211095	0.08609033	0.33747408	Folding	-0.019393044	0.051831625	0.20317997
K127R	K127R	127	127	0.3289846	0.34425604	0.2364533	0.30869672	0.3665211	0.323736	0.3725848	0.37724826	0.38232538	0.30008212	10	0.33408886	0.04508487	0.1767327	Folding	0.20114186	0.027143842	0.10640386
K127S	K127S	127	127	-0.0050801276	-0.007232346	0.004273579	-0.008840805	0.07037948	0.0035373864	0.039540604	-0.008673245	0.048179742	0.027366921	10	0.01634512	0.028240265	0.110701844	Folding	0.0098407585	0.01700236	0.06664926
K127T	K127T	127	127	0.025358794	0.3721942	0.17630136	0.09876192	0.15337303	0.052578926	0.005457598	0.048917867	0.15057734	0.14075413	10	0.12242751	0.106101915	0.4159195	Folding	0.073708825	0.063879825	0.25040892
K127V	K127V	127	127	0.24487227	0.30796266	0.24442299	0.28196123	0.30811206	0.29055348	0.3219776	0.25325453	0.31252778	0.3147598	10	0.2880404	0.030339472	0.118930735	Folding	0.17341788	0.018266212	0.07160355
K127W	K127W	127	127	0.6155213	0.43406036	0.51584667	0.3830312	0.36174095	0.43055713	0.54381096	0.5746921	0.5543198	0.3613315	10	0.47749114	0.09438417	0.36998597	Folding	0.28747877	0.056825027	0.2227541
K127Y	K127Y	127	127	0.18801032	0.25884396	0.3150205	0.2791703	0.31657377	0.26290897	0.2210699	0.20362325	0.21176387	0.3198021	10	0.2576787	0.049811512	0.19526114	Folding	0.15513828	0.029989567	0.117559105
K146A	K146A	146	146	-0.10469195	-0.25158063	-0.13187103	-0.1887309	-0.013143371	-0.18993199	-0.16858408	-0.112511635	0.010361415	-0.17823792	10	-0.1328922	0.081555456	0.31969738	Folding	-0.080009215	0.049101356	0.19247732
K146C	K146C	146	146	0.122689106	0.016436487	0.01748977	0.013504144	-0.101476535	0.1185281	0.09597604	0.0904613	0.12687035	-0.15605403	10	0.034442473	0.09783102	0.3834976	Folding	0.020736469	0.058900237	0.23088893
K146D	K146D	146	146	0.078707226	0.137489	0.35301754	0.10171516	0.22525918	0.12534554	0.41775888	0.16831271	0.530101	0.70257145	10	0.28402776	0.21009687	0.8235797	Folding	0.17100203	0.12649113	0.49584523
K146E	K146E	146	146	-0.08416276	-0.071633615	-0.0834984	-0.008187479	-0.08555639	-0.27858827	-0.2082261	-0.119841084	-0.17056285	-0.16493078	10	-0.12751877	0.07859074	0.30807573	Folding	-0.076774076	0.04731642	0.18548037
K146F	K146F	146	146	0.41700506	0.08221454	0.079990946	0.2351088	0.22162418	0.108872294	0.35781318	0.37551773	0.43510357	-0.016140632	10	0.22971097	0.16132982	0.6324129	Folding	0.1383	0.09713039	0.38075113
K146G	K146G	146	146	-0.4447812	-0.1305213	-0.39887244	-0.4429211	-0.49708125	-0.35439742	-0.49980053	-0.4829202	-0.5905855	-0.5689277	10	-0.44108087	0.13029493	0.51075613	Folding	-0.2655576	0.078445494	0.30750635
K146H	K146H	146	146	0.12772402	0.4578946	0.39385685	0.54022783	0.41283017	0.42899713	0.16632771	0.25397325	0.107535064	0.18341954	10	0.3072786	0.15655665	0.61370206	Folding	0.18500045	0.09425665	0.36948606
K146I	K146I	146	146	0.5181452	0.59460956	0.28350082	0.5497428	0.59859914	0.47372273	0.5571746	0.49607465	0.6763405	0.52527565	10	0.5273186	0.103599064	0.40610835	Folding	0.31747794	0.062372953	0.24450198
K146L	K146L	146	146	0.88781404	0.5324886	0.6334943	0.47420922	0.7666336	0.6171618	0.6131121	0.43482772	0.6115521	0.58673257	10	0.61580265	0.13235779	0.5188426	Folding	0.37075076	0.07968746	0.31237486
K146M	K146M	146	146	0.05950622	-0.037710223	0.100203186	-0.026704583	0.15688515	0.012666939	0.074589975	0.0030372574	0.17130233	-0.04476557	10	0.04690107	0.078467615	0.30759305	Folding	0.028237304	0.047242288	0.18518977
K146N	K146N	146	146	-0.49051476	-0.5703876	-0.43735257	-0.42821327	-0.5535215	-0.4170893	-0.38872072	-0.36020443	-0.28959733	-0.43336934	10	-0.43689704	0.08477171	0.3323051	Folding	-0.26303867	0.051037736	0.20006794
K146P	K146P	146	146	0.65519774	0.6407996	0.6733893	0.55551416	0.5684388	0.40691	0.49342495	0.5798932	0.5063593	0.3970156	10	0.54769427	0.097028695	0.3803525	Folding	0.32974535	0.05841719	0.22899538
K146Q	K146Q	146	146	-0.16667753	-0.011306815	-0.19666696	0.0060606403	0.023531547	0.0033974098	0.08928126	-0.1502275	-0.1336415	-0.16619477	10	-0.07024442	0.102125496	0.40033194	Folding	-0.04229142	0.061485775	0.24102424
K146R	K146R	146	146	0.33436885	0.28685743	0.33175364	0.3993165	0.22876385	0.21952946	0.28187397	0.39504984	0.3655067	0.1982441	10	0.30412644	0.07273563	0.28512368	Folding	0.18310267	0.043791283	0.17166184
K146S	K146S	146	146	-0.27513146	-0.50971144	-0.36825573	-0.41591805	-0.29628536	-0.29598317	-0.2801477	-0.31463158	-0.35559195	-0.2921706	10	-0.3403827	0.07466625	0.2926917	Folding	-0.20493114	0.044953633	0.17621824
K146T	K146T	146	146	-0.13594855	0.1330817	0.0018426802	-0.24316104	-0.32872042	-0.117810324	-0.09183014	-0.13886283	0.04818851	0.038947362	10	-0.08342731	0.141112	0.55315906	Folding	-0.050228328	0.084958024	0.33303547
K146V	K146V	146	146	0.53865546	0.18026727	0.34076658	0.38642344	0.43799713	0.40183586	0.34637412	0.3927866	0.4545946	0.39471495	10	0.38744158	0.09250046	0.36260182	Folding	0.23326345	0.055690918	0.2183084
K146W	K146W	146	146	1.0367967	1.0295646	0.84569895	1.0872161	0.85987437	0.93470484	0.96940625	1.2321134	1.4641817	1.0283982	10	1.0487955	0.18403377	0.72141236	Folding	0.6314388	0.11079955	0.43433425
K146Y	K146Y	146	146	0.24875613	0.4061494	0.33608654	0.40063283	0.2999842	0.031864848	-0.18678898	-0.023073103	-0.19172525	0.24400431	10	0.1565891	0.23041542	0.90322846	Folding	0.09427619	0.13872413	0.5437986
K15A	K15A	15	15	0.28523585	0.29552695	0.30761853	0.205603	0.33354896	0.3904479	0.21868908	0.34176463	0.3881661	0.29646534	10	0.30630666	0.06169544	0.24184613	Folding	0.18441528	0.03714442	0.14560613
K15C	K15C	15	15	0.650955	0.52841735	0.32391196	0.7009224	0.5984585	0.42752576	0.4603608	0.5962757	0.42283002	0.4547154	10	0.5164373	0.118351035	0.46393606	Folding	0.31092674	0.07125454	0.2793178
K15D	K15D	15	15	2.894431	2.664797	2.5759435	2.1684902	2.9522014	2.4963377	2.5163074	2.5767386	2.9672682	2.476011	10	2.6288526	0.24987541	0.9795116	Folding	1.5827296	0.15044023	0.58972573
K15E	K15E	15	15	1.3001525	0.8404971	0.73592883	0.88334197	0.88655174	0.8232181	0.9893351	0.98616564	0.9178962	1.1966299	10	0.9559716	0.17298758	0.6781113	Folding	0.5755532	0.10414907	0.40826437
K15F	K15F	15	15	3.4649806	3.515274	3.1591723	3.6051383	3.6491413	3.355209	3.4273934	3.474463	3.4710774	3.4994218	10	3.462127	0.13511391	0.5296465	Folding	2.0844116	0.08134681	0.31887951
K15G	K15G	15	15	0.5465838	0.36558485	0.45410594	0.637425	0.5730699	0.44659138	0.5673265	0.3989171	0.45317373	0.49934736	10	0.49421254	0.085654244	0.33576465	Folding	0.2975461	0.051569078	0.20215079
K15H	K15H	15	15	1.9058517	1.9652435	2.4017422	2.1197252	1.6893126	2.4388309	2.4350543	1.7086256	2.4630737	2.139126	10	2.1266587	0.30229545	1.1849982	Folding	1.2803782	0.1820003	0.7134412
K15I	K15I	15	15	0.9356729	1.1305101	0.87903106	1.7977141	1.964539	0.801633	0.78270364	0.90816194	0.23115914	1.0958219	10	1.0526947	0.5022195	1.9687005	Folding	0.6337864	0.30236676	1.1852777
K15L	K15L	15	15	1.2621992	1.0137408	1.1012408	1.158903	0.9472006	1.1274043	1.0648352	1.2451392	1.2623568	1.1918656	10	1.1374886	0.107685775	0.42212823	Folding	0.6848375	0.0648334	0.25414693
K15M	K15M	15	15	0.88995945	1.0367026	1.1408161	1.0972763	0.9168203	1.0045488	1.0594853	1.0045476	1.1680638	0.8452828	10	1.0163503	0.10685198	0.41885978	Folding	0.61190486	0.064331405	0.25217912
K15N	K15N	15	15	1.1515757	1.0239551	1.2579013	1.1660639	1.0467095	1.1907396	1.4752007	1.0198184	1.2075232	0.91744447	10	1.1456931	0.15635693	0.61291915	Folding	0.6897771	0.09413641	0.36901474
K15P	K15P	15	15	2.724451	3.496972	3.2751992	3.2783093	2.9802794	2.6408124	3.0545754	3.1152883	3.093852	3.0270622	10	3.0686798	0.2547645	0.99867684	Folding	1.8475324	0.15338376	0.60126436
K15Q	K15Q	15	15	1.6102626	1.7312562	1.523729	1.8717308	1.2880214	1.4919068	1.6490645	1.2474238	1.4049029	1.5971981	10	1.5415497	0.19339848	0.758122	Folding	0.9281069	0.11643767	0.45643568
K15R	K15R	15	15	0.3358807	0.31854182	0.26297653	0.35949382	0.3510507	0.31931606	0.2846178	0.33340302	0.32989582	0.21314682	10	0.31083232	0.0448912	0.1759735	Folding	0.18714	0.02702724	0.10594678
K15S	K15S	15	15	0.4098991	0.52629083	0.34542224	0.49229285	0.60627604	0.3663426	0.55605495	0.58032525	0.58096325	0.65600973	10	0.5119876	0.10592099	0.4152103	Folding	0.30824777	0.0637709	0.24998192
K15T	K15T	15	15	0.53082526	0.53311133	0.2562525	0.24887371	0.26571417	0.3304137	0.60243386	0.82399154	0.52768314	0.16360685	10	0.4282906	0.20713408	0.81196564	Folding	0.25785705	0.12470735	0.48885283
K15V	K15V	15	15	0.62462556	0.6258368	0.64435357	0.7698845	0.9127342	0.8675192	1.0230181	0.80661607	1.0152737	0.812698	10	0.8102559	0.14859438	0.58248997	Folding	0.48782346	0.08946288	0.35069448
K15W	K15W	15	15	3.3167763	3.4143147	3.2987974	3.143857	3.454932	2.8672469	2.5587914	3.4926713	3.3309832	3.4071538	10	3.2285526	0.29756743	1.1664643	Folding	1.9437855	0.17915374	0.70228267
K15Y	K15Y	15	15	3.5023284	3.506465	3.2570658	3.3485386	3.3619747	3.266234	3.426079	3.1512036	3.223296	2.944108	10	3.298729	0.17104505	0.6704966	Folding	1.986036	0.10297955	0.40367985
K164A	K164A	164	164	0.50821596	0.6367938	0.50690734	0.6033332	0.31256518	0.6140363	0.6222137	0.59518963	0.585775	0.6274577	10	0.5612487	0.09872945	0.38701943	Folding	0.33790594	0.059441146	0.2330093
K164C	K164C	164	164	0.75348634	0.8316775	0.86118495	0.7572687	1.1196471	0.6986288	0.7326948	0.72855943	0.7925269	0.6733086	10	0.79489833	0.12765709	0.5004158	Folding	0.47857726	0.07685735	0.30128083
K164D	K164D	164	164	1.1166152	0.7744911	1.2059635	0.85985816	0.8318274	1.0333639	0.93101007	0.96194774	0.80594826	0.81119627	10	0.9332222	0.14561248	0.5708009	Folding	0.5618566	0.08766759	0.34365696
K164E	K164E	164	164	0.42574334	0.95676845	0.7127218	0.58228856	0.4723998	0.5848248	0.8289632	0.56005055	0.6039113	0.66951483	10	0.63971865	0.15995593	0.6270273	Folding	0.38514963	0.096303225	0.37750864
K164F	K164F	164	164	1.0346007	1.1938099	1.1227472	1.0643668	1.1684301	0.88691	0.8803278	0.83544785	1.2330203	1.077871	10	1.0497532	0.13989475	0.54838747	Folding	0.6320154	0.08422517	0.33016267
K164G	K164G	164	164	0.7102579	0.6368396	0.61001676	0.59356916	0.6612914	0.59434605	0.6146986	0.72005904	0.6903709	0.68091464	10	0.6512364	0.04776896	0.18725434	Folding	0.39208403	0.028759828	0.11273853
K164H	K164H	164	164	1.0509453	0.8983282	0.9052178	1.03949	0.85299957	1.0820482	0.7066411	0.66981846	0.8260994	0.88912916	10	0.8920717	0.13862205	0.54339844	Folding	0.5370816	0.08345892	0.327159
K164I	K164I	164	164	0.779943	0.66543895	0.70569825	0.88949525	0.9284886	0.8422586	0.75406784	0.72694886	0.9460292	0.7873945	10	0.80257624	0.09578308	0.37546968	Folding	0.48319983	0.05766725	0.22605564
K164L	K164L	164	164	1.0897667	1.020026	0.9358903	0.932923	1.1212615	1.093279	1.0575062	0.95573676	0.95574224	0.9418006	10	1.0103931	0.07453987	0.2921963	Folding	0.60831827	0.044877548	0.17592
K164M	K164M	164	164	0.71194404	0.5328382	0.48714206	0.6507974	0.88053787	0.6019712	0.80949557	0.79906285	0.77057016	0.57839286	10	0.6822752	0.1318451	0.5168328	Folding	0.41077125	0.07937879	0.31116486
K164N	K164N	164	164	0.011410138	0.32621363	0.098861165	0.1758124	0.17519662	0.16738017	-0.042502113	-0.006328991	0.06676789	0.08802672	10	0.106083766	0.109267525	0.4283287	Folding	0.063868895	0.06578571	0.25788
K164P	K164P	164	164	1.7577893	1.7829312	2.000056	1.62889	1.7304078	1.8726991	1.5502694	1.5355269	1.7805817	1.3243058	10	1.6963457	0.19236359	0.7540653	Folding	1.0213035	0.11581461	0.4539933
K164Q	K164Q	164	164	0.84642905	0.67769814	1.0327826	0.93021566	0.76383775	0.8706203	0.9436516	0.9792134	0.94614047	0.5986103	10	0.8589199	0.13924585	0.5458438	Folding	0.51712215	0.08383449	0.32863122
K164R	K164R	164	164	1.1105554	1.2127144	0.9422975	1.0865155	1.259896	1.1860374	1.2059753	1.1750088	1.2466925	1.0215623	10	1.1447256	0.10293555	0.40350738	Folding	0.68919456	0.06197348	0.24293604
K164S	K164S	164	164	0.54764557	0.5847888	0.5664405	0.67765856	0.5784671	0.576018	0.7369138	0.5668196	0.48600456	0.55765903	10	0.5878416	0.07017758	0.27509612	Folding	0.35391647	0.04225118	0.16562463
K164T	K164T	164	164	0.84807855	0.9219614	0.6612186	0.82543063	1.1747888	0.89624107	0.9704359	0.94246626	0.897488	0.7850615	10	0.8923171	0.13361214	0.5237596	Folding	0.5372293	0.08044265	0.3153352
K164V	K164V	164	164	0.8464792	0.723876	0.76235	0.6933699	0.8347545	0.6520904	0.83236676	0.9490764	0.69833755	0.58345497	10	0.75761557	0.10871052	0.42614526	Folding	0.45613077	0.06545036	0.25656542
K164W	K164W	164	164	1.4138072	1.125508	1.4093903	1.3276212	1.085293	1.2349453	0.9280129	1.6835147	1.2550418	1.6416726	10	1.3104807	0.23794976	0.9327631	Folding	0.7889893	0.14326027	0.5615803
K164Y	K164Y	164	164	1.0082104	1.2828649	0.9660645	1.1780012	1.0835297	0.9408936	1.2011447	1.0225084	1.5376236	0.97378975	10	1.1194631	0.18600015	0.7291206	Folding	0.67398506	0.11198343	0.43897507
K166A	K166A	166	166	0.7487002	0.8424068	0.8312158	0.95549226	0.7652009	0.58861357	0.817864	0.915057	0.8919429	0.7635565	10	0.81200504	0.10401663	0.4077452	Folding	0.48887655	0.06262436	0.24548748
K166C	K166C	166	166	1.3606373	1.2850833	1.3736694	1.093801	1.2319883	0.95680445	1.2223084	1.1359944	1.0433028	1.1634258	10	1.1867014	0.13472922	0.5281386	Folding	0.71446663	0.08111521	0.31797162
K166D	K166D	166	166	0.75410753	0.6900947	0.44381145	0.616362	0.66388565	0.74321973	0.8228586	0.5123518	0.8510603	0.79486364	10	0.68926156	0.13324875	0.5223351	Folding	0.4149775	0.08022387	0.3144776
K166E	K166E	166	166	0.885514	0.80811244	0.9005071	0.7519865	0.67376685	0.6214919	0.82942647	0.6582048	0.8053599	0.92921835	10	0.78635883	0.10719788	0.4202157	Folding	0.47343597	0.06453966	0.2529955
K166F	K166F	166	166	1.3263905	1.3570331	1.3399231	1.4560081	1.2064075	1.3637134	1.3230485	1.4404298	1.6011931	1.582909	10	1.3997056	0.122154266	0.47884473	Folding	0.8427082	0.073544316	0.28829372
K166G	K166G	166	166	0.6856698	0.5686533	0.6823427	0.6079866	0.642644	0.70460606	0.60801095	0.5769329	0.6348508	0.658446	10	0.63701427	0.04649153	0.1822468	Folding	0.38352144	0.027990736	0.10972369
K166H	K166H	166	166	0.6314779	0.32756746	0.4822235	0.5835734	0.56788516	0.59128904	0.48716018	0.41956356	0.41100985	0.38460273	10	0.48863524	0.10211165	0.40027767	Folding	0.2941882	0.06147744	0.24099158
K166I	K166I	166	166	1.5534873	1.3424753	1.716173	1.4649196	1.4717003	1.2785853	1.3934829	1.1695545	1.2208095	1.2847297	10	1.3895919	0.16612935	0.65122706	Folding	0.8366191	0.10002	0.3920784
K166L	K166L	166	166	1.4531753	1.3574576	1.533387	1.4129791	1.6330597	1.7900848	1.8258721	1.4563766	1.5080456	1.3895814	10	1.5360019	0.16345014	0.64072454	Folding	0.92476684	0.09840695	0.38575524
K166M	K166M	166	166	1.3173236	1.1394173	1.3429577	1.1620078	1.3748802	1.3821242	1.2702626	1.2124203	1.4782442	1.326041	10	1.3005679	0.10558091	0.4138772	Folding	0.78302115	0.06356615	0.2491793
K166N	K166N	166	166	0.51318234	0.35143965	0.32327408	0.42664522	0.32666838	0.44641364	0.39145458	0.35424653	0.33237094	0.33975992	10	0.38054556	0.063141055	0.24751294	Folding	0.22911163	0.038014766	0.14901789
K166P	K166P	166	166	1.8811898	1.6501445	1.3606604	1.4913816	1.5341567	1.412906	1.3464255	1.3322077	1.371469	1.1961287	10	1.457667	0.19401242	0.7605287	Folding	0.8776044	0.116807304	0.45788464
K166Q	K166Q	166	166	0.6007575	0.51769274	0.797464	0.49236554	0.77586555	0.6569141	0.7233121	0.4547914	0.59228355	0.6942289	10	0.63056755	0.11898015	0.46640217	Folding	0.3796401	0.0716333	0.28080255
K166R	K166R	166	166	0.030329747	0.051499303	0.06327077	-0.025336262	-0.05706131	-0.13654624	-0.02701774	-0.011358317	-0.02303072	-0.0372993	10	-0.017255008	0.057659272	0.22602434	Folding	-0.010388567	0.034714397	0.13608044
K166S	K166S	166	166	0.8111483	0.7849327	0.87494546	0.72063553	0.7007446	0.70523494	0.9218522	0.8758512	0.88067675	0.8460435	10	0.81220645	0.08085584	0.31695488	Folding	0.48899782	0.048680145	0.19082618
K166T	K166T	166	166	0.8789345	0.81218207	0.9783259	0.80655944	0.80447227	0.7885199	0.96473354	0.92980725	0.7836103	0.7871614	10	0.8534306	0.07763602	0.3043332	Folding	0.51381725	0.046741616	0.18322714
K166V	K166V	166	166	1.3255664	1.509469	1.3083844	1.1192229	1.3621641	1.368582	1.2407923	1.2363018	1.2717503	1.7947613	10	1.3536994	0.18564092	0.7277124	Folding	0.8150096	0.11176715	0.43812725
K166W	K166W	166	166	1.2780489	1.6976949	1.5191436	1.822873	1.3869673	1.5108923	1.5996597	1.2613676	1.2411423	1.541737	10	1.4859526	0.19422427	0.76135916	Folding	0.89463407	0.11693485	0.45838463
K166Y	K166Y	166	166	0.8519871	0.902636	1.2601669	1.2721742	0.7083164	0.90907085	0.9505872	0.7808986	1.177189	0.7332462	10	0.9546272	0.21053222	0.8252863	Folding	0.5747438	0.12675323	0.49687266
K168A	K168A	168	168	0.20878501	0.19500534	0.15088655	0.21658064	0.27975088	0.27041784	0.26797953	0.21079478	0.20260675	0.30641654	10	0.23092239	0.047859896	0.18761079	Folding	0.13902935	0.028814575	0.112953134
K168C	K168C	168	168	0.58841985	0.28380397	0.48364073	0.4095794	0.49121734	0.24633652	0.41548395	0.3677223	0.43825418	0.49647427	10	0.4220932	0.102845795	0.40315554	Folding	0.25412586	0.06191944	0.24272421
K168D	K168D	168	168	0.5173206	0.57504565	0.39410412	0.47032022	0.5527163	0.53756106	0.3978373	0.38765082	0.33803666	0.3897037	10	0.45602965	0.084550805	0.33143917	Folding	0.27455765	0.05090474	0.19954659
K168E	K168E	168	168	0.18972784	0.3096566	0.36824033	0.23652038	0.17938796	0.15610236	0.28168076	0.32414678	0.25838155	0.31349438	10	0.26173392	0.07022449	0.27528	Folding	0.15757978	0.042279422	0.16573533
K168F	K168F	168	168	0.52795637	0.51976883	0.43291122	0.59459734	0.5380205	0.5735815	0.52390677	0.6019151	0.5658938	0.6576461	10	0.55361974	0.06044599	0.23694828	Folding	0.33331284	0.03639217	0.14265731
K168G	K168G	168	168	0.47831038	0.5838603	0.5747419	0.4584979	0.4185392	0.414049	0.43542328	0.47059527	0.37773138	0.3856721	10	0.45974213	0.07124563	0.2792829	Folding	0.2767928	0.042894214	0.16814533
K168H	K168H	168	168	0.106926166	0.12112532	0.12931812	0.25887105	0.11615686	0.43569773	0.19363515	0.41001853	0.20833242	0.110906534	10	0.20909879	0.12349371	0.48409534	Folding	0.12589023	0.074350744	0.2914549
K168I	K168I	168	168	0.45697087	0.3670814	0.4497677	0.2797936	0.4222117	0.48205554	0.47140887	0.32172468	0.5946297	0.4722738	10	0.43179178	0.089879856	0.35232905	Folding	0.25996497	0.054113153	0.21212356
K168L	K168L	168	168	0.5393112	0.49888057	0.505517	0.39621338	0.50467426	0.42588773	0.5161604	0.621326	0.51077914	0.5945184	10	0.5113269	0.06717417	0.26332274	Folding	0.30784997	0.040442944	0.15853634
K168M	K168M	168	168	0.26935324	0.24301012	0.2350336	0.23418774	0.40170223	0.2654146	0.2515698	0.15526143	0.21446186	0.07329132	10	0.2343286	0.08377182	0.32838553	Folding	0.1410801	0.05043574	0.1977081
K168N	K168N	168	168	0.17344975	0.17534518	0.31105408	0.50326943	0.26273566	0.30838108	0.37955073	0.37693894	0.49271306	0.23558319	10	0.32190213	0.11699575	0.45862335	Folding	0.19380471	0.07043858	0.27611923
K168P	K168P	168	168	1.1380163	0.97608185	0.86868346	1.0560474	1.1902052	1.0020534	0.75252336	0.81369615	0.70134264	1.0190458	10	0.95176953	0.16276745	0.6380484	Folding	0.5730233	0.09799593	0.38414404
K168Q	K168Q	168	168	0.49164453	0.5451474	0.5422739	0.16184425	0.44551772	0.29784584	0.32400748	0.4779977	0.23667783	0.40907192	10	0.39320287	0.13211392	0.5178866	Folding	0.23673211	0.07954063	0.3117993
K168R	K168R	168	168	0.20528479	0.16929896	0.11564514	0.16047175	0.10278061	0.11246689	0.18454207	0.12256339	0.14535393	0.17483002	10	0.14932375	0.034859467	0.13664912	Folding	0.089902	0.020987526	0.0822711
K168S	K168S	168	168	0.35262334	0.24542414	0.30991435	0.27143675	0.31363407	0.18181391	0.2907829	0.2610034	0.33376423	0.27513486	10	0.28355318	0.04884755	0.1914824	Folding	0.1707163	0.029409202	0.11528407
K168T	K168T	168	168	0.66343534	0.3993378	0.36561888	0.37031424	0.4059339	0.32908073	0.46031636	0.4882722	0.53546566	0.48877922	10	0.4506554	0.0991798	0.38878483	Folding	0.27132204	0.059712283	0.23407215
K168V	K168V	168	168	0.3417395	0.4562453	0.29953846	0.44325966	0.42828348	0.5252921	0.38564494	0.40286642	0.36989692	0.33389533	10	0.3986662	0.06707568	0.26293665	Folding	0.24002136	0.040383648	0.1583039
K168W	K168W	168	168	0.34307948	0.32898524	0.28825188	0.5064575	0.22645351	0.42839965	0.35798508	0.3630723	0.3280385	0.262644	10	0.34333673	0.0803434	0.31494614	Folding	0.20670965	0.048371628	0.18961678
K168Y	K168Y	168	168	0.6842938	0.5448914	0.45647424	0.7429195	0.88377464	0.4479735	0.5695109	0.85978246	0.53698623	0.6732545	10	0.6399861	0.15512457	0.6080884	Folding	0.38531065	0.09339445	0.36610624
K171A	K171A	171	171	-0.012470336	0.021313056	0.0069606747	0.13882306	0.12970795	0.09401091	0.19732438	0.2177249	0.13852881	0.05527861	10	0.09872021	0.07938827	0.31120202	Folding	0.059435584	0.047796577	0.18736258
K171C	K171C	171	171	0.2219236	0.20271243	0.21114407	0.32430172	0.37630665	0.23720892	0.43416217	0.3325945	0.23472008	0.41059142	10	0.29856652	0.08777841	0.3440914	Folding	0.17975526	0.052847955	0.20716399
K171D	K171D	171	171	0.0035417601	-0.021611635	-0.06774002	0.023226831	0.060623873	-0.08512043	-0.017305324	0.07530073	-0.01491849	0.2059199	10	0.01619172	0.083334714	0.32667208	Folding	0.009748402	0.05017258	0.19667651
K171E	K171E	171	171	0.27529794	0.11576515	0.28389603	0.1770564	0.08321454	0.15769964	0.40462387	0.2901101	0.35126433	0.32340258	10	0.24623306	0.10671005	0.4183034	Folding	0.14824732	0.064245954	0.25184414
K171F	K171F	171	171	0.38739038	0.27765745	0.3636337	0.29283425	0.36517856	0.2129465	0.31947193	0.3431889	0.25373542	0.2932531	10	0.31092903	0.055075053	0.2158942	Folding	0.18719824	0.03315854	0.12998149
K171G	K171G	171	171	0.17203505	0.2804071	0.30439386	0.15463068	0.110949144	0.20562029	0.17661504	0.17035721	0.18897125	0.17920633	10	0.1943186	0.0575637	0.22564971	Folding	0.11699165	0.034656856	0.13585488
K171H	K171H	171	171	-0.11673687	-0.043836	0.0027873504	-0.03753053	-0.06460085	-0.16384353	-0.19318637	-0.19982588	-0.017433371	-0.18324876	10	-0.101745486	0.07859696	0.30810007	Folding	-0.061256986	0.04732016	0.18549503
K171I	K171I	171	171	0.1749246	0.003532345	0.1189754	0.067744486	0.10312398	0.04576016	0.024374716	0.084895894	0.0731621	0.080698885	10	0.07771926	0.04870286	0.19091521	Folding	0.046791732	0.02932209	0.114942595
K171L	K171L	171	171	0.110855095	0.068016104	0.23008844	0.12935427	0.084374405	0.0050984286	0.07103561	0.101697974	0.09159825	0.17575574	10	0.10678743	0.0617941	0.24223287	Folding	0.06429254	0.037203815	0.14583896
K171M	K171M	171	171	-0.12079298	0.037869886	-0.043801483	-0.02635928	0.118392974	0.05817678	0.27748245	0.1300255	0.0145218065	0.13768041	10	0.058319606	0.113087006	0.44330108	Folding	0.03511196	0.068085276	0.26689428
K171N	K171N	171	171	0.2999791	0.023467304	0.27659634	0.16639233	0.087949075	0.16513115	0.032479472	0.049836356	0.02986655	0.071438245	10	0.1203136	0.10247702	0.40170994	Folding	0.072436124	0.061697416	0.24185388
K171P	K171P	171	171	0.5628954	0.42793646	0.55596125	0.48174146	0.33943295	0.22480653	0.31508854	0.2731104	0.2737311	0.38836148	10	0.38430658	0.12000437	0.47041714	Folding	0.23137599	0.07224995	0.2832198
K171Q	K171Q	171	171	0.31009308	0.3238456	0.36661983	0.28171918	0.07442913	0.25076932	0.26817858	0.28527004	0.4974597	0.30679128	10	0.29651758	0.10482446	0.4109119	Folding	0.17852166	0.06311072	0.24739401
K171R	K171R	171	171	0.4677591	0.37241498	0.35681853	0.39298224	0.19373444	0.4574205	0.41943738	0.3553281	0.41280848	0.28135735	10	0.3710061	0.08254008	0.3235571	Folding	0.2233683	0.04969416	0.19480112
K171S	K171S	171	171	0.19177812	0.11552692	0.18156902	0.17342038	0.2545487	0.0655928	0.23719312	0.16364354	0.22117595	0.20174074	10	0.18061893	0.056461044	0.22132729	Folding	0.10874361	0.03399299	0.13325253
K171T	K171T	171	171	0.17468895	0.23232828	0.10689362	0.20938925	0.091471374	0.25229982	0.17878646	0.18803264	0.14221002	0.15670775	10	0.1732808	0.05123415	0.20083787	Folding	0.10432561	0.030846082	0.12091664
K171V	K171V	171	171	0.14413455	0.12278852	0.07873659	0.166214	0.102034576	0.017213069	0.12458851	0.06947418	0.1868141	0.07440896	10	0.10864071	0.050709203	0.19878007	Folding	0.065408334	0.030530032	0.11967773
K171W	K171W	171	171	0.39062646	0.5518168	0.278411	0.3512942	0.20732357	0.30403468	0.4358311	0.40597454	0.41031557	0.41200596	10	0.37476337	0.09535149	0.37377784	Folding	0.2256304	0.05740741	0.22503705
K171Y	K171Y	171	171	0.6435869	0.823995	0.6157361	0.6900297	0.49993622	0.5919983	0.6933597	0.5359899	0.68612933	0.67606694	10	0.64568275	0.09168298	0.3593973	Folding	0.3887404	0.055198744	0.21637908
K174A	K174A	174	174	-0.09787014	-0.09500889	-0.1398636	-0.108429134	-0.033016447	0.013044375	-0.059707157	-0.1967019	0.029811125	-0.16678046	10	-0.085452214	0.07388007	0.28960988	Folding	-0.051447444	0.044480305	0.1743628
K174C	K174C	174	174	0.08630645	0.1487333	0.15037158	0.19106314	0.23697273	0.18823434	0.13409385	0.0518136	0.036580205	0.120646216	10	0.13448155	0.0632297	0.24786043	Folding	0.08096609	0.038068134	0.14922708
K174D	K174D	174	174	-0.14377226	-0.22159746	-0.15082143	-0.12436398	-0.21682885	-0.16552056	-0.2003221	-0.1978718	-0.10207209	-0.12564604	10	-0.16488166	0.04220246	0.16543365	Folding	-0.09926882	0.025408454	0.09960114
K174E	K174E	174	174	-0.01489586	0.017819848	0.23062429	0.11081286	0.056886476	-0.0962916	0.04430468	-0.09783991	0.0875864	-0.056365054	10	0.02826421	0.10160376	0.39828676	Folding	0.017016778	0.06117166	0.2397929
K174F	K174F	174	174	0.38920987	0.17686588	0.08253989	0.1228731	0.10177602	-0.029675918	0.4784213	0.23982447	0.29072818	0.14561546	10	0.19981782	0.15230574	0.5970385	Folding	0.12030251	0.09169734	0.3594536
K174G	K174G	174	174	0.009833747	0.015424073	0.006163798	0.023488803	0.08840243	0.123883635	0.06640931	0.17274363	0.16517915	0.012299323	10	0.068382785	0.065836824	0.25808036	Folding	0.041170605	0.03963778	0.1553801
K174H	K174H	174	174	0.22274883	0.13763797	0.29995254	0.17534135	0.06744908	0.23138383	0.58890224	0.49491745	0.35495788	0.20653518	10	0.27798262	0.16159716	0.6334609	Folding	0.16736248	0.09729134	0.38138208
K174I	K174I	174	174	0.6151683	0.71370155	0.6575194	0.6676058	0.6354709	0.62063384	0.73587245	0.6591482	0.9107004	0.5991655	10	0.68149865	0.091162905	0.3573586	Folding	0.41030374	0.054885626	0.21515165
K174L	K174L	174	174	-0.09531279	-0.0033748785	-0.106079	-0.073178686	-0.1306149	-0.13372937	-0.14535648	-0.13364398	-0.12899943	-0.053570963	10	-0.100386046	0.045183484	0.17711926	Folding	-0.06043852	0.027203212	0.10663659
K174M	K174M	174	174	0.059347104	0.12151032	0.11083167	0.21999964	0.21608579	0.11519402	0.13920563	0.07426508	0.22348322	0.18692833	10	0.14668508	0.061054073	0.23933198	Folding	0.08831336	0.036758274	0.14409244
K174N	K174N	174	174	-0.11218932	-0.06579699	-0.23019357	-0.04500733	-0.09318573	0.06515163	0.008060689	0.13221951	-0.21485327	-0.08573491	10	-0.06415293	0.11292187	0.44265375	Folding	-0.038623977	0.067985855	0.26650456
K174P	K174P	174	174	0.14608751	0.101701446	0.05081831	0.035809904	0.34446174	-0.057043537	0.1162254	0.123070374	0.15535119	0.14531493	10	0.11617973	0.103486575	0.4056674	Folding	0.06994728	0.062305227	0.2442365
K174Q	K174Q	174	174	0.36894968	0.5091653	0.49479493	0.41195616	0.48183393	0.21836518	0.3401531	0.34423363	0.342507	0.37890753	10	0.3890866	0.088787556	0.34804723	Folding	0.23425385	0.05345552	0.20954564
K174R	K174R	174	174	0.22895709	0.30441445	0.38874972	0.53960484	0.52808994	0.30889836	0.3446464	0.3758257	0.5275394	0.3178371	10	0.3864563	0.10931404	0.42851105	Folding	0.23267026	0.06581372	0.2579898
K174S	K174S	174	174	0.08379026	0.044012237	0.07110007	0.06909794	0.10098904	0.06782737	0.088620506	-0.0051786075	0.04798771	0.062193044	10	0.06304395	0.029613756	0.116085924	Folding	0.037956305	0.017829286	0.069890805
K174T	K174T	174	174	-0.18686342	-0.17547959	-0.21028863	-0.1869845	-0.25918287	-0.21811736	-0.095560096	-0.16129781	-0.24495055	-0.13770719	10	-0.1876432	0.049057253	0.19230443	Folding	-0.11297265	0.029535457	0.115779
K174V	K174V	174	174	0.4817114	0.41276732	0.5383427	0.44636866	0.48373362	0.3854349	0.49154916	0.40531656	0.2774221	0.4223064	10	0.4344953	0.072560444	0.28443694	Folding	0.26159266	0.043685813	0.17124839
K174W	K174W	174	174	0.62212735	0.6076883	0.24091463	0.46871912	0.5291946	0.4544056	0.5227427	0.31695554	0.48325703	0.40635687	10	0.4652362	0.11950518	0.46846032	Folding	0.28010055	0.07194941	0.28204167
K174Y	K174Y	174	174	0.101278044	0.1485463	0.11614688	0.08508801	0.15332234	0.14302345	0.15710981	0.1392542	-0.012833587	0.072959825	10	0.110389516	0.052410077	0.20544751	Folding	0.06646122	0.031554062	0.123691924
K175A	K175A	175	175	0.17688915	0.05297739	-0.006506367	0.090542756	0.077406324	0.08123263	0.07264045	0.058219813	0.1537668	-0.061797615	10	0.06953713	0.06888187	0.27001694	Folding	0.041865595	0.041471086	0.16256666
K175C	K175C	175	175	0.17234881	0.15747973	0.15245435	0.15248407	0.13895446	0.1423859	0.15598081	0.11980181	0.14255254	0.15292388	10	0.14873663	0.013917783	0.05455771	Folding	0.08954852	0.008379354	0.03284707
K175D	K175D	175	175	-0.23972884	-0.33405218	-0.15995672	-0.31945986	-0.41150108	-0.29214105	-0.21107523	-0.41311818	-0.32247964	-0.39880797	10	-0.3102321	0.08641113	0.33873165	Folding	-0.18677863	0.05202477	0.2039371
K175E	K175E	175	175	-0.26286465	-0.19667037	0.009386216	-0.28544834	-0.096079804	-0.300308	-0.2260467	-0.11827219	-0.066670895	-0.08147412	10	-0.16244487	0.105959736	0.41536218	Folding	-0.09780172	0.06379422	0.25007334
K175F	K175F	175	175	0.33466148	0.27663195	0.19506505	0.32728392	0.23597929	0.10918001	0.24065441	0.14882879	0.22423108	0.18831475	10	0.22808306	0.07217485	0.2829254	Folding	0.13731991	0.04345366	0.17033835
K175G	K175G	175	175	0.122247	0.105946265	0.10933872	0.06337651	0.10344807	0.028846681	0.04301666	-0.048902877	0.028385187	0.07260626	10	0.06283085	0.05219224	0.20459358	Folding	0.037828002	0.031422913	0.12317782
K175H	K175H	175	175	0.176739	0.1267954	0.31376556	0.11508794	0.042824626	0.1098432	0.44507757	0.34837925	0.20681666	0.08109235	10	0.19664215	0.13124919	0.5144968	Folding	0.11839056	0.079020016	0.30975845
K175I	K175I	175	175	0.6680572	0.6663413	0.3714727	0.66885775	0.70691055	0.76526517	0.7403831	0.7855836	0.9229822	1.0372493	10	0.73331034	0.17533408	0.6873096	Folding	0.44149753	0.10556181	0.4138023
K175L	K175L	175	175	0.15416637	0.124029644	0.08240885	-0.032392763	0.043530732	0.155843	0.11327805	0.08465749	0.13104284	0.20314142	10	0.10597056	0.06609166	0.2590793	Folding	0.06380074	0.039791208	0.15598154
K175M	K175M	175	175	0.2719428	0.16196829	0.26822138	0.18862243	0.4569238	0.27953205	0.34649473	0.11720652	0.5419922	0.26107317	10	0.28939775	0.13030967	0.5108139	Folding	0.17423509	0.07845437	0.30754113
K175N	K175N	175	175	-0.12891917	-0.08615584	-0.03478236	-0.112076126	0.00094214035	-0.08951287	0.017706415	0.005286112	0.016665868	-0.053063337	10	-0.046390917	0.055518817	0.21763377	Folding	-0.027930161	0.033425715	0.1310288
K175P	K175P	175	175	0.28684878	0.032151703	0.05603975	0.047323678	0.14025937	-0.06860812	0.011424813	-0.073660694	0.03401134	-0.003942794	10	0.046184786	0.10460194	0.41003963	Folding	0.027806057	0.06297675	0.24686885
K175Q	K175Q	175	175	0.02336109	0.07235749	0.058299493	0.05848147	-0.2063711	-0.070827164	0.13478008	0.33667737	0.04714779	0.13434683	10	0.058825333	0.14039266	0.5503392	Folding	0.035416435	0.084524944	0.33133778
K175R	K175R	175	175	0.35205814	0.4257505	0.35377014	0.31081885	0.35605848	0.37304735	0.26134697	0.35259	0.32482395	0.24763677	10	0.33579013	0.052513026	0.20585106	Folding	0.20216613	0.031616043	0.123934895
K175S	K175S	175	175	0.09829377	-0.02505063	0.11113067	0.05266967	0.107734	0.029965445	0.09247502	0.09984526	0.10860717	0.1350731	10	0.08107434	0.04801427	0.18821594	Folding	0.048811696	0.028907517	0.11331747
K175T	K175T	175	175	0.34941086	0.31894693	0.31592077	0.18965454	0.13706213	0.19486494	0.14049453	0.35265547	0.33766413	0.32105926	10	0.26577336	0.08894079	0.34864792	Folding	0.16001177	0.05354778	0.20990731
K175V	K175V	175	175	0.83467174	0.7930589	1.022701	0.8027338	0.6367901	0.66534513	0.6469518	0.57327086	0.72110724	0.76968515	10	0.74663156	0.12871759	0.5045729	Folding	0.44951773	0.077495836	0.30378368
K175W	K175W	175	175	0.3613204	0.5300804	0.407244	0.35177445	0.3049673	0.3381023	0.30067256	0.4062241	0.37891263	0.57913697	10	0.3958435	0.09184793	0.36004388	Folding	0.23832193	0.055298053	0.21676837
K175Y	K175Y	175	175	0.2830933	0.27133885	0.28379676	0.1281369	0.20247215	0.10894276	0.25489214	0.17162801	0.18736894	0.21510711	10	0.2106777	0.06284303	0.24634469	Folding	0.12684081	0.037835337	0.14831452
K176A	K176A	176	176	-0.010505939	0.022644596	0.06366226	0.023955535	0.02859642	-0.10971947	0.07535258	-0.07997984	-0.09471454	-0.02838325	10	-0.010909164	0.06563126	0.25727457	Folding	-0.006567982	0.039514024	0.15489498
K176C	K176C	176	176	0.18067965	0.23648036	0.157919	0.27760953	0.30992195	0.086472794	0.101964585	0.10753526	0.064324155	0.32680562	10	0.18497129	0.09710192	0.38063952	Folding	0.11136399	0.058461275	0.2291682
K176D	K176D	176	176	-0.26151705	-0.36775094	-0.2868561	-0.2906885	-0.22606432	-0.44337332	-0.28196463	-0.3369995	-0.2781777	-0.3758377	10	-0.314923	0.06501952	0.25487652	Folding	-0.18960284	0.039145716	0.1534512
K176E	K176E	176	176	-0.075196534	-0.1945161	-0.281077	-0.1078761	-0.36934546	-0.31324837	-0.23995556	-0.20118418	-0.293544	-0.21139643	10	-0.22873397	0.0909158	0.35638994	Folding	-0.1377118	0.054736856	0.21456848
K176F	K176F	176	176	0.103395134	0.09167126	0.17164753	0.12558055	0.31392196	0.4292427	0.27511758	0.26189163	0.11764804	0.15593463	10	0.2046051	0.11101797	0.43519047	Folding	0.12318475	0.06683959	0.2620112
K176G	K176G	176	176	0.034823492	0.07308023	0.092007615	0.050133653	-0.095866606	-0.046857234	-0.004669743	0.06254376	0.0031606508	-0.027038421	10	0.014131737	0.059250616	0.23226242	Folding	0.008508167	0.035672482	0.13983613
K176H	K176H	176	176	0.2184496	0.12074494	0.27479824	0.39433306	0.30782658	0.028399898	0.14924479	0.18387236	0.25588682	0.07452222	10	0.20080784	0.1119289	0.4387613	Folding	0.12089857	0.06738802	0.26416105
K176I	K176I	176	176	0.13907593	0.04794806	0.11091526	0.15143308	0.08271944	0.17942162	0.02863568	0.017425535	0.09689836	0.2015175	10	0.105599046	0.06282302	0.24626625	Folding	0.06357706	0.03782329	0.1482673
K176L	K176L	176	176	0.0010290476	-0.15331537	-0.20716056	-0.21597378	-0.1158849	-0.20701595	-0.21000573	-0.26142254	-0.19490282	-0.10924594	10	-0.16738984	0.07566303	0.2965991	Folding	-0.10077889	0.04555376	0.17857073
K176M	K176M	176	176	-0.13308693	-0.26916888	-0.1051982	-0.1652375	-0.058635853	-0.1474771	-0.1777357	-0.29489782	-0.2182095	-0.19927572	10	-0.17689231	0.072029114	0.28235415	Folding	-0.106499955	0.043365918	0.1699944
K176N	K176N	176	176	0.052634332	0.047979683	0.029671174	-0.040891763	0.05498374	-0.099384084	-0.036129	-0.057734262	0.2099119	-0.060944766	10	0.010009694	0.08940496	0.35046747	Folding	0.006026446	0.053827237	0.21100277
K176P	K176P	176	176	0.32176927	0.19472378	-0.015674213	0.17685035	0.04159874	-0.05753547	0.24370404	0.14212959	0.127506	0.1188899	10	0.1293962	0.11574235	0.45371002	Folding	0.0779044	0.069683954	0.2731611
K176Q	K176Q	176	176	-0.055342633	0.043703437	0.022315878	-0.034010485	0.122481376	-0.0921905	0.023211133	0.049600262	0.015977813	0.030616831	10	0.012636311	0.060298465	0.23636998	Folding	0.0076078298	0.036303353	0.14230914
K176R	K176R	176	176	0.37185907	0.4265808	0.41259697	0.36353713	0.3744264	0.39731047	0.45014372	0.44496357	0.47506955	0.47937918	10	0.41958672	0.042536445	0.16674286	Folding	0.2526168	0.025609534	0.10038938
K176S	K176S	176	176	0.21403758	0.07314897	0.106401816	0.040424537	0.04344398	0.027252508	0.09917457	0.026211211	0.032858517	0.048803322	10	0.071175694	0.05780493	0.22659533	Folding	0.042852107	0.034802094	0.13642421
K176T	K176T	176	176	0.23768044	0.42245418	0.39522892	0.13653696	0.124182686	0.16091487	0.2223473	0.28582054	0.20227125	0.31823626	10	0.25056735	0.10360312	0.40612423	Folding	0.15085682	0.062375393	0.24451154
K176V	K176V	176	176	0.17038447	0.011124795	0.06736924	0.08013464	0.010600668	0.001079518	-0.032721404	0.044596434	0.046758298	0.0007812827	10	0.04001079	0.05721906	0.22429872	Folding	0.024088936	0.03444936	0.1350415
K176W	K176W	176	176	0.42836997	0.5997154	0.39958665	0.36616018	0.38031167	0.51143485	0.4419221	0.35392946	0.48563966	0.311477	10	0.4278547	0.08559164	0.33551922	Folding	0.25759462	0.051531386	0.20200303
K176Y	K176Y	176	176	-0.045862384	-0.05210427	0.022985615	-0.1141686	0.0216313	0.07648083	0.020715155	-0.05146506	0.057692196	0.000921447	10	-0.006317378	0.058410585	0.2289695	Folding	-0.0038034467	0.035166733	0.1378536
K177A	K177A	177	177	0.16479413	0.19184804	0.089119524	0.14806683	0.17810354	0.067700304	0.21920286	0.07508289	0.063456036	0.029887045	10	0.12272613	0.06508395	0.2551291	Folding	0.073888615	0.039184507	0.15360327
K177C	K177C	177	177	0.05510929	0.007134907	0.14751789	0.15181209	0.21856242	0.16766167	0.16156323	0.123217024	0.13007131	0.15483984	10	0.13174896	0.05997914	0.23511824	Folding	0.07932091	0.0361111	0.14155552
K177D	K177D	177	177	-0.029972594	0.012055733	-0.025869284	-0.14858371	-0.11364999	-0.22773519	-0.024584431	-0.21827935	-0.19929986	-0.04297343	10	-0.101889215	0.09102684	0.35682523	Folding	-0.06134352	0.05480371	0.21483055
K177E	K177E	177	177	-0.3393639	-0.23820692	-0.25228927	-0.20885417	-0.2510465	-0.3372785	-0.30812806	-0.3059444	-0.33905086	-0.23704411	10	-0.28172067	0.04942602	0.19375	Folding	-0.16961302	0.029757477	0.116649315
K177F	K177F	177	177	0.43581754	0.39818907	0.47671297	0.53248364	0.5332968	0.46094903	0.4482896	0.3929278	0.43582296	0.4078752	10	0.45223647	0.05016254	0.19663715	Folding	0.27227393	0.030200906	0.11838756
K177G	K177G	177	177	0.10684955	0.13137141	0.1569622	0.11982829	0.03469413	0.13315204	0.027884606	-0.018603465	0.053712003	0.035162937	10	0.078101374	0.05854835	0.22950953	Folding	0.047021788	0.035249677	0.13817874
K177H	K177H	177	177	0.09777093	0.12553719	0.21367013	0.23534052	0.37769648	0.3113566	0.22681901	0.14082706	0.22562966	0.3112874	10	0.2265935	0.08919266	0.34963524	Folding	0.1364231	0.05369942	0.21050173
K177I	K177I	177	177	0.042204548	0.11005245	0.098323695	0.29646388	0.23971444	0.2994106	0.20321852	0.21853335	0.31022596	0.22663485	10	0.20447823	0.09255959	0.3628336	Folding	0.123108365	0.055726517	0.21844795
K177L	K177L	177	177	0.3596539	0.24182758	0.20899461	0.4221329	0.45364133	0.094950445	0.27227154	0.30836713	0.17264263	0.404721	10	0.2939203	0.11711706	0.4590989	Folding	0.17695795	0.07051161	0.2764055
K177M	K177M	177	177	0.1702347	0.05540644	0.08732105	0.13528436	0.12519085	0.028973127	0.015037111	0.046033014	0.052847344	0.07052702	10	0.0786855	0.050207034	0.19681157	Folding	0.04737347	0.030227697	0.11849257
K177N	K177N	177	177	0.0348735	-0.022902694	0.029861743	0.0120201055	-0.059732758	-0.0613831	-0.0005942374	-0.06921496	0.011909025	0.0063762013	10	-0.011878718	0.03898047	0.15280344	Folding	-0.007151712	0.02346862	0.09199699
K177P	K177P	177	177	0.11881343	0.10599834	0.18883148	0.07652387	0.042896647	-0.020695904	-0.078354366	0.088960804	-0.0037619814	0.027890785	10	0.05471031	0.07749355	0.3037747	Folding	0.032938942	0.04665584	0.1828909
K177Q	K177Q	177	177	-0.07495748	0.031070925	0.05873964	0.14735621	0.25928542	0.08971973	0.08457881	0.16237402	0.23204473	0.024659038	10	0.1014871	0.101106204	0.39633632	Folding	0.06110142	0.0608721	0.23861864
K177R	K177R	177	177	0.7362561	0.57052237	0.5185853	0.6457487	0.5788666	0.53655124	0.5937263	0.4319089	0.6253136	0.69272363	10	0.5930203	0.08798584	0.3449045	Folding	0.3570344	0.052972842	0.20765354
K177S	K177S	177	177	0.1388713	0.14606112	0.012885619	0.022195006	0.07915758	0.051107783	0.12073981	0.09403848	0.0144227985	0.09140834	10	0.07708879	0.050236892	0.19692862	Folding	0.04641215	0.030245673	0.11856304
K177T	K177T	177	177	0.18438236	0.22577745	0.1746731	0.17108019	0.18010968	0.1373837	0.08128407	0.0870725	0.094073676	0.07352845	10	0.14093651	0.05362338	0.21020365	Folding	0.084852375	0.032284543	0.12655541
K177V	K177V	177	177	0.32789305	0.27592674	0.23954883	0.30079165	0.36250755	0.36449593	0.35035816	0.26155233	0.31750077	0.21281464	10	0.30133897	0.052686956	0.20653287	Folding	0.18142444	0.03172076	0.124345385
K177W	K177W	177	177	0.7903229	0.6584446	0.6613781	0.94921744	0.6570404	0.68571013	0.65249336	0.9312364	0.8388306	0.6604944	10	0.7485168	0.11951696	0.4685065	Folding	0.45065275	0.0719565	0.28206947
K177Y	K177Y	177	177	0.19583446	0.35283628	0.29955548	0.29365692	0.2388866	0.2555605	0.25596055	0.23303959	0.30455822	0.22256517	10	0.26524538	0.046849098	0.18364847	Folding	0.1596939	0.028206013	0.11056758
K178A	K178A	178	178	0.1419459	0.045339312	0.044743147	-0.040741645	0.14537527	0.13566802	0.0932754	0.03482681	0.03343251	0.017094173	10	0.06509589	0.06178305	0.24218956	Folding	0.039191693	0.03719716	0.14581287
K178C	K178C	178	178	0.09281039	0.050439995	0.10173635	0.08717673	-0.052256484	0.06295633	0.34061107	0.14543727	0.12803158	0.22107427	10	0.11780175	0.10512615	0.4120945	Folding	0.070923835	0.063292354	0.24810603
K178D	K178D	178	178	-0.34472826	-0.42229077	-0.270668	-0.2862471	-0.29542202	-0.33690846	-0.22844104	-0.36394987	-0.27786842	-0.43807212	10	-0.32645962	0.06761922	0.26506734	Folding	-0.1965486	0.040710893	0.1595867
K178E	K178E	178	178	-0.23595756	-0.23013853	-0.15234502	-0.30325067	-0.23889038	-0.18275583	-0.2817626	-0.20945086	-0.23198675	-0.24619007	10	-0.23127282	0.043581367	0.17083897	Folding	-0.13924034	0.02623864	0.102855474
K178F	K178F	178	178	0.43950218	0.47890154	0.45570835	0.3343442	0.42691037	0.3988411	0.45909038	0.43352088	0.42744946	0.21807611	10	0.4072345	0.07736437	0.30326834	Folding	0.24518	0.04657807	0.18258603
K178G	K178G	178	178	0.03100399	0.013536679	0.052905373	0.09252451	-0.0250274	0.031171128	0.097179346	-0.05255082	0.0493885	0.0040517556	10	0.029418305	0.047268678	0.18529321	Folding	0.017711613	0.028458625	0.11155781
K178H	K178H	178	178	0.03359796	-0.08416217	-0.038802154	0.057796523	-0.09033675	0.23859744	0.20005098	-0.07484554	0.015027142	-0.017679388	10	0.023924405	0.11478698	0.44996497	Folding	0.01440395	0.06910876	0.27090636
K178I	K178I	178	178	0.19850491	0.26037088	0.2099755	0.25550216	0.16642547	0.17740256	0.27473086	0.2425205	0.2746796	0.31526354	10	0.23753758	0.047876555	0.1876761	Folding	0.1430121	0.028824605	0.11299245
K178L	K178L	178	178	0.2328121	0.20265022	0.17634434	0.18653758	0.22508106	0.2630601	0.20798123	0.33482915	0.20909134	0.18773673	10	0.22261238	0.046895344	0.18382975	Folding	0.13402623	0.028233856	0.11067672
K178M	K178M	178	178	0.28682747	0.32461414	0.176735	0.18700297	0.31727344	0.29622456	0.24524105	0.06566402	0.2923518	0.10376264	10	0.22956972	0.09185122	0.3600568	Folding	0.13821496	0.055300035	0.21677613
K178N	K178N	178	178	0.051422685	0.0474743	-0.06610972	0.04161386	-0.05771191	0.008596814	-0.10469879	-0.1400396	-0.04363754	-0.0042599286	10	-0.026734982	0.06646018	0.2605239	Folding	-0.016096089	0.04001308	0.15685128
K178P	K178P	178	178	0.016832264	0.046266582	0.063746236	0.043866467	0.23855703	0.05828134	-0.0335908	0.015342164	-0.038541522	-0.09554313	10	0.031521667	0.08866883	0.34758183	Folding	0.018977966	0.053384043	0.20926546
K178Q	K178Q	178	178	-0.11262262	0.015549064	0.054262068	0.19125032	0.09807233	-0.17034766	0.0072456994	-0.080391526	0.09988258	0.11408149	10	0.021698173	0.11347124	0.44480726	Folding	0.013063624	0.06831661	0.2678011
K178R	K178R	178	178	0.37184	0.48183182	0.38263685	0.3535666	0.29614046	0.40112704	0.4485921	0.38812578	0.453122	0.3834821	10	0.3960465	0.053929705	0.21140444	Folding	0.23844413	0.03246897	0.12727837
K178S	K178S	178	178	-0.13093467	-0.041489914	-0.04658264	-0.110211484	-0.08430978	-0.029558687	0.011744069	-0.085184105	-0.10778468	-0.14221768	10	-0.07665296	0.049040314	0.19223803	Folding	-0.046149757	0.02952526	0.11573902
K178T	K178T	178	178	0.1144014	0.052891184	0.13382073	-0.060451005	0.0015288943	-0.09138329	0.097529754	-0.058176864	-0.012329938	0.092543855	10	0.027037472	0.08172002	0.32034248	Folding	0.016278207	0.049200434	0.1928657
K178V	K178V	178	178	0.13835233	0.10146785	0.046884544	0.10231271	0.11595244	0.14788854	0.14254843	0.11540148	0.18551488	0.20458892	10	0.13009122	0.044835314	0.17575443	Folding	0.07832285	0.026993593	0.10581489
K178W	K178W	178	178	0.9146139	1.0131941	0.75492483	1.144938	0.9764905	0.66253066	0.86022556	1.03308	0.9442798	0.9540499	10	0.92583275	0.138969	0.5447585	Folding	0.55740774	0.083667815	0.32797784
K178Y	K178Y	178	178	0.4189506	0.3534935	0.23545723	0.43406016	0.25207415	0.23007238	0.29479247	0.40433118	0.30852628	0.37863	10	0.33103877	0.07736556	0.30327302	Folding	0.19930552	0.046578787	0.18258885
K179A	K179A	179	179	0.10160441	-0.0009390508	0.14665693	0.057398386	0.07966887	0.116811454	0.07015025	0.039999563	0.04561353	0.032896787	10	0.06898612	0.043731745	0.17142844	Folding	0.04153385	0.026329177	0.103210375
K179C	K179C	179	179	0.31550294	0.21909451	0.34514868	0.38413393	0.16519341	0.27347457	0.27381766	0.40417913	0.17247593	0.35763532	10	0.29106563	0.08505172	0.33340275	Folding	0.17523926	0.051206324	0.20072879
K179D	K179D	179	179	-0.5112696	-0.53582615	-0.45277604	-0.5756408	-0.5449045	-0.45651954	-0.4102597	-0.42090005	-0.43364212	-0.4947874	10	-0.4836526	0.057093877	0.223808	Folding	-0.29118836	0.034373995	0.13474606
K179E	K179E	179	179	-0.22052798	-0.2373406	-0.24365282	-0.16933085	-0.24167435	-0.34522477	-0.24611214	-0.1751701	-0.15071088	-0.29833722	10	-0.23280816	0.059224233	0.232159	Folding	-0.1401647	0.0356566	0.13977388
K179F	K179F	179	179	0.4627941	0.6726828	0.505641	0.5298209	0.486171	0.56985444	0.5440325	0.56130475	0.49299768	0.52099496	10	0.53462946	0.059057992	0.23150733	Folding	0.32187954	0.035556514	0.13938154
K179G	K179G	179	179	0.049802184	0.10680995	0.04057131	0.059036177	0.034200102	-0.09854062	-0.06903259	0.021371087	0.008979954	0.01288085	10	0.016607838	0.060194496	0.23596244	Folding	0.009998931	0.036240757	0.14206377
K179H	K179H	179	179	0.22807427	0.30963615	0.2581625	0.36237246	0.21842162	0.39889783	0.35874474	0.105065815	0.29245225	0.353115	10	0.28849426	0.08841022	0.34656808	Folding	0.17369114	0.053228345	0.20865512
K179I	K179I	179	179	0.39233175	0.36864066	0.2951105	0.3543595	0.6316851	0.5121174	0.40298826	0.426018	0.500456	0.38062233	10	0.42643294	0.09691985	0.37992582	Folding	0.25673863	0.05835166	0.2287385
K179L	K179L	179	179	0.47242665	0.3939151	0.30725232	0.35301542	0.44699904	0.19193864	0.30110165	0.29257688	0.31732258	0.22839417	10	0.33049423	0.08874745	0.34789002	Folding	0.19897768	0.053431377	0.209451
K179M	K179M	179	179	0.18019737	0.094662696	0.11756984	0.04998578	0.23796612	0.035722703	0.10049377	-0.0111988345	0.087113105	0.051216595	10	0.09437291	0.07228886	0.28337234	Folding	0.056818247	0.043522302	0.17060743
K179N	K179N	179	179	-0.17964952	-0.059149552	-0.10630067	0.016949268	-0.06439425	-0.00096565706	0.08974803	-0.025263391	-0.13432142	-0.20706032	10	-0.06704076	0.09199748	0.36063012	Folding	-0.040362623	0.055388093	0.21712133
K179P	K179P	179	179	0.16116199	0.1508789	-0.07497429	0.079365134	0.091059715	0.014882905	0.010145861	0.07482749	0.05317002	0.092773624	10	0.065329134	0.06962447	0.2729279	Folding	0.03933212	0.041918177	0.16431926
K179Q	K179Q	179	179	0.019978894	0.118073024	-0.029880937	0.1906471	0.4415332	0.21916296	0.18333204	0.066725284	0.19064897	0.18106508	10	0.15812854	0.12983392	0.508949	Folding	0.09520303	0.07816794	0.30641833
K179R	K179R	179	179	0.52758485	0.39252058	0.453241	0.4403668	0.3981104	0.42908394	0.46777257	0.4286076	0.37913945	0.35992357	10	0.4276351	0.048834402	0.19143087	Folding	0.2574624	0.029401287	0.115253046
K179S	K179S	179	179	0.03241585	-0.09010973	-0.0235103	-0.112652816	-0.030651998	-0.14472748	-0.04395251	-0.14330992	-0.039778836	-0.0495558	10	-0.064583346	0.056859598	0.22288963	Folding	-0.038883112	0.034232944	0.13419314
K179T	K179T	179	179	-0.14547962	-0.09881949	-0.08228723	-0.07674326	0.12328996	0.062922075	-0.058693346	-0.20243143	-0.095603235	-0.08689206	10	-0.06607376	0.094402276	0.37005693	Folding	-0.039780434	0.056835927	0.22279684
K179V	K179V	179	179	0.49028322	0.39003175	0.48073283	0.521985	0.5115612	0.4367072	0.2621427	0.27622083	0.32678086	0.37266737	10	0.40691128	0.096262515	0.37734908	Folding	0.2449854	0.057955902	0.22718714
K179W	K179W	179	179	0.7725434	0.7113512	0.8194056	0.8552544	0.84809136	0.8441518	0.7735692	0.6592793	0.79712486	0.80377537	10	0.78845465	0.062800154	0.24617662	Folding	0.47469777	0.03780952	0.14821333
K179Y	K179Y	179	179	0.5364947	0.2985243	0.30236006	0.31911296	0.51997435	0.43824205	0.41505015	0.33479837	0.41734228	0.2504646	10	0.38323638	0.097291	0.38138074	Folding	0.23073167	0.058575116	0.22961447
K181A	K181A	181	181	0.107989326	0.0559073	0.3678245	0.19170967	0.19579752	0.3001656	0.15011643	0.047565434	0.22376056	0.065611504	10	0.17064479	0.10710611	0.41985595	Folding	0.10273857	0.06448441	0.2527789
K181C	K181C	181	181	0.606368	0.3421678	0.33470044	0.28057942	0.75689477	0.5244172	0.60551924	0.53916353	0.5945302	0.49031043	10	0.50746506	0.14885724	0.58352035	Folding	0.30552492	0.089621134	0.35131484
K181D	K181D	181	181	-0.41131645	-0.4020443	-0.33278656	-0.43946102	-0.51544195	-0.44178703	-0.3637369	-0.48209476	-0.22276336	-0.49436733	10	-0.41057992	0.08726288	0.3420705	Folding	-0.24719414	0.05253757	0.20594728
K181E	K181E	181	181	-0.26150903	-0.22431839	-0.20518534	-0.29528543	-0.37835756	-0.35696724	-0.31261346	-0.16078798	-0.13216953	-0.30276996	10	-0.26299638	0.0813959	0.31907195	Folding	-0.15833986	0.049005296	0.19210076
K181F	K181F	181	181	1.0061218	0.7086837	0.8457803	0.7434548	0.6654288	0.9134486	0.98933387	0.952816	1.0018029	0.7523991	10	0.85792696	0.13154338	0.5156501	Folding	0.5165243	0.07919714	0.3104528
K181G	K181G	181	181	0.13868366	0.09412678	0.2326864	0.09803526	0.22236957	0.12655962	0.17267509	0.10136144	0.12630627	0.039081678	10	0.13518858	0.05974428	0.23419759	Folding	0.08139177	0.0359697	0.14100122
K181H	K181H	181	181	0.3913438	0.2791221	0.24371749	0.30372545	0.31584165	0.4486207	0.3482776	0.44774827	0.31386268	0.3143209	10	0.34065807	0.06857843	0.26882744	Folding	0.20509693	0.041288394	0.16185051
K181I	K181I	181	181	0.98303336	1.0384097	0.8004818	0.96096355	1.027695	1.0125139	0.8742009	1.2577028	1.0444299	0.9012842	10	0.9900715	0.12337268	0.4836209	Folding	0.5960834	0.07427788	0.2911693
K181L	K181L	181	181	0.7495186	0.7357243	0.60371464	0.5574286	0.73811525	0.58207554	0.6345932	0.68083584	0.7543501	0.67944604	10	0.6715802	0.07350708	0.28814775	Folding	0.40433222	0.044255745	0.17348252
K181M	K181M	181	181	0.5643367	0.4020174	0.56972456	0.61485773	0.64810425	0.52732915	0.75705063	0.5728669	0.7222	0.5380979	10	0.5916585	0.10147326	0.39777517	Folding	0.35621446	0.06109309	0.2394849
K181N	K181N	181	181	0.25077587	0.09744961	0.078120016	0.04626858	-0.11404268	0.11026655	0.010000614	0.06994473	0.045709644	0.026363116	10	0.06208561	0.091301315	0.35790116	Folding	0.037379324	0.054968957	0.21547832
K181P	K181P	181	181	0.1875428	0.06462193	0.16998674	0.018586993	0.083964065	0.22260201	0.16062279	-0.26403856	-0.042241726	0.20330131	10	0.08049483	0.14870872	0.5829382	Folding	0.048462793	0.08953171	0.3509643
K181Q	K181Q	181	181	0.1796879	0.42342103	0.42180726	0.31123266	0.4926056	0.41986838	0.20008107	0.41532972	0.519418	0.37369138	10	0.3757143	0.11336722	0.4443995	Folding	0.22620292	0.06825398	0.2675556
K181R	K181R	181	181	0.36084014	0.58196783	0.53625005	0.669014	0.4903088	0.50465834	0.46366376	0.40759143	0.41671187	0.497965	10	0.49289712	0.08967584	0.3515293	Folding	0.29675412	0.053990327	0.21164209
K181S	K181S	181	181	0.1578441	0.09249123	0.07941184	0.110931575	0.11612806	0.02124211	0.1353177	0.013851115	0.06949382	0.06613892	10	0.08628504	0.04627668	0.18140459	Folding	0.051948857	0.027861383	0.10921662
K181T	K181T	181	181	0.21961622	0.24397537	0.24003157	0.42551246	0.44285566	0.049349584	0.3691791	0.26232177	0.23374079	0.2607515	10	0.2747334	0.114472404	0.44873184	Folding	0.16540626	0.06891937	0.27016392
K181V	K181V	181	181	0.6375343	0.6551998	0.6779558	0.64787024	0.49017918	0.6190559	0.59037876	0.5710054	0.5599639	0.50396556	10	0.59531087	0.063933246	0.25061834	Folding	0.35841343	0.03849171	0.1508875
K181W	K181W	181	181	0.92761385	1.0608903	0.8503327	1.0375203	1.0749853	1.5465802	1.1827273	1.2091073	1.1511523	1.1502737	10	1.1191183	0.18790682	0.73659474	Folding	0.67377746	0.11313136	0.44347495
K181Y	K181Y	181	181	0.91121435	0.39536566	0.91608626	0.9574958	0.83668125	0.91570073	0.82563347	0.68045825	0.66300756	0.7787126	10	0.78803563	0.17056984	0.66863376	Folding	0.4744455	0.10269344	0.4025583
K183A	K183A	183	183	0.87733096	0.7147998	0.76763535	0.5408884	0.6625125	0.6720906	0.6451525	0.5860747	0.70569485	0.8158773	10	0.6988057	0.101747796	0.39885136	Folding	0.42072365	0.061258376	0.24013284
K183C	K183C	183	183	1.1288948	1.3970511	1.0158993	1.1931838	1.5051676	0.98561573	1.307619	0.8139016	1.0562121	1.2969207	10	1.1700466	0.21046583	0.8250261	Folding	0.7044394	0.12671326	0.496716
K183D	K183D	183	183	-0.8331541	-0.87014496	-0.88104707	-0.80815905	-0.8016707	-0.84004146	-0.71556354	-0.8384869	-0.9016897	-0.8124827	10	-0.83024395	0.05187719	0.20335859	Folding	-0.4998575	0.03123323	0.122434266
K183E	K183E	183	183	-0.6531418	-0.516307	-0.52615625	-0.6217208	-0.46019745	-0.5502719	-0.50297296	-0.66748327	-0.46842086	-0.53525776	10	-0.550193	0.0733609	0.28757474	Folding	-0.33124974	0.044167735	0.17313753
K183F	K183F	183	183	1.0843405	0.91961455	0.99846447	0.96975964	1.0231897	1.165721	1.1009109	1.0703657	0.8915664	0.903753	10	1.0127686	0.09250736	0.36262888	Folding	0.6097485	0.05569507	0.21832469
K183G	K183G	183	183	-0.047625773	-0.15549622	-0.071197025	-0.077268526	-0.2135865	-0.15359703	-0.08836421	-0.09025748	-0.11935642	-0.06188352	10	-0.107863285	0.052050497	0.20403795	Folding	-0.064940274	0.031337574	0.122843295
K183H	K183H	183	183	0.6812772	0.5653666	0.61410505	0.49402183	0.6308962	0.5487376	0.26685852	0.47536024	0.6044644	0.4633888	10	0.53444767	0.117873736	0.46206504	Folding	0.32177007	0.070967175	0.27819133
K183I	K183I	183	183	1.5538641	1.4221001	1.3631289	1.1297103	1.219082	1.9632474	1.3481393	1.2798479	1.3675203	1.0808716	10	1.3727511	0.24970128	0.978829	Folding	0.82647985	0.15033539	0.5893147
K183L	K183L	183	183	0.98534995	1.2145821	1.2947786	1.1932621	1.3270195	1.3376167	1.4806596	1.3243148	1.148855	1.2720733	10	1.2578512	0.1328971	0.52095664	Folding	0.7573031	0.08001215	0.31364763
K183M	K183M	183	183	1.308639	1.2373946	1.1490324	1.2698954	1.0959326	1.1995074	0.89986736	0.9206027	1.024255	1.4276372	10	1.1532763	0.17014067	0.6669514	Folding	0.6943427	0.10243506	0.40154544
K183N	K183N	183	183	-0.530828	-0.31555557	-0.47383195	-0.5020915	-0.49859232	-0.3414157	-0.40429112	-0.48948574	-0.37355906	-0.37637112	10	-0.43060216	0.07687785	0.30136117	Folding	-0.25924876	0.046285152	0.1814378
K183P	K183P	183	183	0.04485711	0.16956863	0.092715584	0.15152363	0.10513791	0.16486417	0.057658866	0.14877103	0.06602356	-0.08520306	10	0.09159174	0.07727369	0.30291286	Folding	0.05514381	0.046523474	0.18237202
K183Q	K183Q	183	183	0.45372757	0.30619276	0.18422678	0.40723988	0.3972975	0.31882676	0.23183154	0.46477276	0.29173085	0.38396266	10	0.3439809	0.09307554	0.36485612	Folding	0.20709749	0.056037154	0.21966565
K183R	K183R	183	183	0.5279811	0.63396215	0.5396712	0.4521546	0.52009475	0.59846884	0.5046739	0.5513218	0.5639493	0.5758552	10	0.5468133	0.050855085	0.19935194	Folding	0.32921496	0.030617863	0.12002203
K183S	K183S	183	183	0.19781873	-0.013254981	-0.10797035	-0.13025779	0.0841906	-0.019139947	-0.0027050849	0.030963728	0.06386491	0.12585054	10	0.022936035	0.1005593	0.39419246	Folding	0.013808891	0.06054283	0.23732789
K183T	K183T	183	183	0.6503878	0.805111	0.7556837	0.97619796	0.9301338	0.76386386	1.0050467	0.78895414	0.8458248	0.7313066	10	0.8252511	0.11366077	0.4455502	Folding	0.49685147	0.068430714	0.2682484
K183V	K183V	183	183	1.40685	1.0953869	1.2766293	1.0288063	1.2322185	1.1617539	1.5074348	1.4115033	1.234913	1.1390927	10	1.2494588	0.15316208	0.6003954	Folding	0.7522504	0.09221291	0.3614746
K183W	K183W	183	183	1.6277552	1.4165941	1.5676215	1.5449482	1.477945	1.4070824	1.3834094	1.4536161	1.4763454	1.2775608	10	1.4632878	0.100717835	0.39481393	Folding	0.8809885	0.06063828	0.23770206
K183Y	K183Y	183	183	1.3384843	1.3667855	1.2791363	1.220847	1.3404124	1.0844383	1.2713344	1.5353501	1.139587	1.4980907	10	1.3074467	0.14195889	0.55647886	Folding	0.78716266	0.08546791	0.33503422
K41A	K41A	41	41	0.44707727	0.34687608	0.34882823	0.301974	0.3734876	0.28687215	0.34844	0.3158071	0.40889254	0.4452692	10	0.36235243	0.05624227	0.2204697	Folding	0.21815826	0.033861276	0.1327362
K41C	K41C	41	41	0.6357597	0.4088339	0.495203	0.57064116	0.41270757	0.36541587	0.53980255	0.31186685	0.62974495	0.67561775	10	0.50455934	0.12558034	0.49227494	Folding	0.3037755	0.075607024	0.29637954
K41D	K41D	41	41	0.53307164	0.39519933	0.30692056	0.4421024	0.42287132	0.46298563	0.50240517	0.59085476	0.39824596	0.54749525	10	0.46021518	0.08502899	0.33331364	Folding	0.2770776	0.051192638	0.20067514
K41E	K41E	41	41	0.35650417	0.41132542	0.4089955	0.39587408	0.36898872	0.41486952	0.59160525	0.42723775	0.5121504	0.42959058	10	0.43171415	0.070040315	0.27455804	Folding	0.25991824	0.04216854	0.16530068
K41F	K41F	41	41	0.48401496	0.37177116	0.27157158	0.4871334	0.4027892	0.5579994	0.5486095	0.61163086	0.6180172	0.6047784	10	0.49583158	0.1161485	0.45530215	Folding	0.29852083	0.06992848	0.27411965
K41G	K41G	41	41	0.30193514	0.27809322	0.24440311	0.16032785	0.27140266	0.34002906	0.26658547	0.3081923	0.2262444	0.25724787	10	0.26544613	0.049457807	0.19387461	Folding	0.15981476	0.029776616	0.116724335
K41H	K41H	41	41	0.2505579	0.48384237	0.446443	0.44344738	0.46803916	0.5052226	0.50330895	0.48094255	0.6794114	0.43620947	10	0.46974248	0.103855886	0.40711507	Folding	0.2828136	0.062527575	0.2451081
K41I	K41I	41	41	0.49440035	0.6294666	0.485327	0.5267841	0.41907924	0.38832694	0.603246	0.47088665	0.41101012	0.4712963	10	0.4899823	0.078875124	0.30919048	Folding	0.2949992	0.047487635	0.18615153
K41L	K41L	41	41	0.44930834	0.3623176	0.42644444	0.42188615	0.3819012	0.3647442	0.40156573	0.43848863	0.4043271	0.4268761	10	0.40778598	0.030219184	0.1184592	Folding	0.24551202	0.01819379	0.07131966
K41M	K41M	41	41	0.3381767	0.5251585	0.3791589	0.45636937	0.42981523	0.4505118	0.46169198	0.47891733	0.4893857	0.4713033	10	0.44804892	0.054324005	0.2129501	Folding	0.26975277	0.032706365	0.12820895
K41N	K41N	41	41	0.4497327	0.5012622	0.34085312	0.74263996	0.6195485	0.5391569	0.46110424	0.46743488	0.33285877	0.4767484	10	0.49313396	0.12162518	0.4767707	Folding	0.29689673	0.073225774	0.28704503
K41P	K41P	41	41	0.3074931	0.39315578	0.33631456	0.4814525	0.33390185	0.47765446	0.3681077	0.4528636	0.5201593	0.21753974	10	0.38886428	0.094278276	0.36957085	Folding	0.23412001	0.056761272	0.2225042
K41Q	K41Q	41	41	0.49513403	0.31548348	0.33797145	0.31712225	0.45146504	0.4658821	0.4273352	0.36332697	0.3858173	0.31027275	10	0.38698107	0.06875739	0.26952899	Folding	0.2329862	0.04139614	0.16227287
K41R	K41R	41	41	0.551747	0.47721758	0.4728811	0.37532926	0.4537101	0.49529582	0.5119845	0.44007805	0.419298	0.48184136	10	0.46793833	0.049370695	0.19353312	Folding	0.2817274	0.02972417	0.11651874
K41S	K41S	41	41	0.32457024	0.3405445	0.3729298	0.26195118	0.36175546	0.23922528	0.28754765	0.34396094	0.3571879	0.24546412	10	0.31351373	0.05058257	0.19828367	Folding	0.18875438	0.03045379	0.11937886
K41T	K41T	41	41	0.3633411	0.38597053	0.31922927	0.29397044	0.4434036	0.38723174	0.2921327	0.36975715	0.39567518	0.28922087	10	0.35399324	0.05273443	0.20671897	Folding	0.21312551	0.03174934	0.12445742
K41V	K41V	41	41	0.55615366	0.48151696	0.2353982	0.37403363	0.29684922	0.5713429	0.55519795	0.4612637	0.4253835	0.42391166	10	0.43810517	0.11221565	0.43988538	Folding	0.26376602	0.067560665	0.2648378
K41W	K41W	41	41	0.9704125	0.90520746	1.04603	1.0320159	0.9531486	1.1312103	1.0603735	1.0802559	0.95609826	0.89343625	10	1.0028188	0.07867354	0.3084003	Folding	0.6037581	0.04736627	0.18567578
K41Y	K41Y	41	41	0.61724293	0.5891434	0.5584534	0.54092467	0.60239804	0.49522433	0.46801448	0.5712237	0.58130264	0.6135274	10	0.56374544	0.049723502	0.19491613	Folding	0.33940914	0.02993658	0.1173514
K4A	K4A	4	4	2.0653548	1.3543482	1.5490565	1.8047091	1.8388894	1.3080311	1.5120449	1.7085065	1.3534882	1.2931572	10	1.5787586	0.26533696	1.040121	Folding	0.95050895	0.15974903	0.62621623
K4C	K4C	4	4	1.4522016	1.6839827	1.7680737	1.4514377	1.5818341	1.7319331	1.7149956	1.449933	2.0294476	1.6134962	10	1.6477334	0.18089895	0.7091239	Folding	0.992036	0.1089122	0.42693582
K4D	K4D	4	4	0.8839615	0.7346588	1.0238941	0.8912679	0.9896673	0.79708403	0.88233757	0.8545033	1.274889	0.71771336	10	0.90499765	0.16246544	0.63686454	Folding	0.54486376	0.0978141	0.3834313
K4E	K4E	4	4	1.4575186	1.7056606	1.1657894	1.3145578	1.1599509	1.1327431	1.365678	1.1586654	1.2701075	1.3411964	10	1.3071867	0.17687061	0.69333285	Folding	0.78700614	0.106486894	0.41742864
K4F	K4F	4	4	2.773316	3.0033944	2.844529	2.7124567	2.672495	2.885165	2.9202008	2.7714028	2.5741866	2.8770561	10	2.80342	0.12793966	0.50152344	Folding	1.6878299	0.07702748	0.3019477
K4G	K4G	4	4	1.1492795	1.2167616	1.2209815	1.0505948	1.1340604	1.0741456	1.1316285	1.0924033	0.9810997	0.9318772	10	1.0982832	0.09333264	0.36586395	Folding	0.6612334	0.05619194	0.2202724
K4H	K4H	4	4	0.5280446	0.43792954	0.2613836	0.6877217	0.6900878	0.24425277	0.6974373	0.9096546	1.2184975	0.49612248	10	0.6171131	0.29519364	1.1571591	Folding	0.3715397	0.17772457	0.6966803
K4I	K4I	4	4	2.0168078	2.6605556	2.0322826	2.1005058	2.2864861	1.5871894	2.13002	2.5452192	2.2832518	2.302533	10	2.1944852	0.29961622	1.1744956	Folding	1.3212138	0.18038723	0.707118
K4L	K4L	4	4	1.8719386	2.127377	1.9008572	1.7224108	1.9033562	1.8656201	1.5914757	1.5321163	1.9285424	1.727951	10	1.8171644	0.17560804	0.6883835	Folding	1.0940437	0.10572675	0.41444886
K4M	K4M	4	4	2.2516391	2.5750434	1.9936055	2.2296214	2.1575353	2.357094	2.5658956	2.2978919	2.1290774	2.3365946	10	2.2893996	0.18272908	0.716298	Folding	1.3783581	0.11001405	0.4312551
K4N	K4N	4	4	0.34789065	0.20479108	0.32573202	0.2701823	0.4078814	0.4288148	0.27465862	0.47117114	0.46319255	0.45277315	10	0.36470875	0.0937977	0.367687	Folding	0.21957691	0.056471933	0.22136998
K4P	K4P	4	4	0.88988894	0.8183955	1.0098255	0.8659	0.6211053	0.8380031	0.98019373	0.73470104	0.84546924	0.72905785	10	0.83325404	0.11690983	0.45828655	Folding	0.50166976	0.07038685	0.27591646
K4Q	K4Q	4	4	1.0737721	0.7383619	0.6780202	0.8806367	1.2333096	1.0896274	1.1631908	1.3363535	1.3622751	0.9352468	10	1.0490794	0.2369705	0.9289244	Folding	0.6316098	0.14267069	0.55926913
K4R	K4R	4	4	0.48610651	0.43668166	0.4146772	0.34100288	0.6181019	0.37239173	0.3932156	0.48536637	0.34547183	0.39533737	10	0.4288353	0.08353334	0.3274507	Folding	0.258185	0.050292164	0.19714528
K4S	K4S	4	4	0.7287813	0.57244176	0.8978559	0.95645076	0.94447386	0.735768	0.7996934	0.9534106	0.77508146	0.9488423	10	0.83127993	0.13014157	0.51015496	Folding	0.5004812	0.07835316	0.3071444
K4T	K4T	4	4	1.1129009	1.0208647	1.253787	1.2663671	0.9945669	1.3341992	1.4191062	1.413876	1.3068941	1.3292407	10	1.2451804	0.15226181	0.5968663	Folding	0.7496745	0.09167089	0.3593499
K4V	K4V	4	4	2.2659552	1.8293166	1.8979652	1.8497888	2.1061344	2.5166423	2.1491451	1.7804588	1.8212872	2.1046798	10	2.0321374	0.2389872	0.93682986	Folding	1.2234706	0.14388487	0.5640287
K4W	K4W	4	4	3.5003479	3.6437323	3.3273494	3.65237	3.7504985	3.8176894	3.7727687	3.547606	3.4611788	3.680917	10	3.6154456	0.15455666	0.60586214	Folding	2.1767187	0.093052536	0.36476594
K4Y	K4Y	4	4	2.1161747	2.6064281	2.761495	2.7774255	2.077698	2.5363078	2.5095851	2.8399346	2.6086137	2.7742121	10	2.5607874	0.26860464	1.0529302	Folding	1.5417502	0.16171637	0.6339282
K87A	K87A	87	87	0.6371149	0.29439956	0.24900877	0.43231305	0.30673793	0.32348832	0.40535536	0.47867942	0.18659756	0.23985803	10	0.35535532	0.13467778	0.52793694	Folding	0.21394557	0.08108424	0.3178502
K87C	K87C	87	87	0.72717446	0.56279	0.8241987	0.5948759	0.5154861	0.6036719	0.625417	0.6895271	0.6464263	0.58550996	10	0.63750774	0.08942006	0.35052663	Folding	0.38381854	0.053836327	0.21103841
K87D	K87D	87	87	0.41943967	0.26759166	0.27107358	0.6002616	0.5888915	0.4692428	0.64252114	0.34828934	0.42764014	0.40815717	10	0.44431084	0.13241251	0.51905704	Folding	0.26750222	0.0797204	0.31250396
K87E	K87E	87	87	0.22330397	0.38659048	0.16284896	0.2778883	0.29986182	0.22006707	0.40324867	0.14805444	0.24898429	0.15367152	10	0.25245196	0.090813	0.35598698	Folding	0.15199147	0.054674964	0.21432586
K87F	K87F	87	87	0.9049811	0.77098215	0.84377265	1.048637	1.0055385	1.0529087	0.9085689	0.93809307	1.3075598	1.1717503	10	0.99527913	0.1588643	0.6227481	Folding	0.5992187	0.095646	0.37493232
K87G	K87G	87	87	0.34381998	0.3407675	0.44887242	0.355573	0.34841627	0.3313121	0.36602908	0.2599852	0.4726715	0.3517674	10	0.36192146	0.05988118	0.23473424	Folding	0.21789879	0.036052123	0.14132433
K87H	K87H	87	87	0.6763561	0.29742366	0.52324015	0.47845212	0.50526243	0.3405748	0.42816854	0.61402524	0.64587265	0.45229948	10	0.4961675	0.12479136	0.48918214	Folding	0.2987231	0.075132005	0.29451746
K87I	K87I	87	87	1.0291284	1.1632367	1.2785319	1.0077637	0.9240898	0.96920353	0.93997943	1.13884	0.9043645	0.86670375	10	1.0221843	0.13195851	0.51727736	Folding	0.61541724	0.07944707	0.3114325
K87L	K87L	87	87	0.8273018	0.64092344	0.7832663	0.8401102	0.74838275	0.6167697	0.71527094	0.8136057	0.7074827	0.7600857	10	0.74531996	0.07586164	0.29737765	Folding	0.44872805	0.045673333	0.17903946
K87M	K87M	87	87	0.4840483	0.6924742	0.45771524	0.35513866	0.3235039	0.577365	0.5910188	0.5626648	0.4144596	0.6034409	10	0.50618297	0.118816376	0.4657602	Folding	0.304753	0.0715347	0.28041604
K87N	K87N	87	87	0.34627277	0.26094982	0.04586508	0.15196198	-0.02891173	0.33386567	0.111014485	0.127034	0.15184468	0.038216542	10	0.15381134	0.1255644	0.49221244	Folding	0.0926038	0.07559742	0.2963419
K87P	K87P	87	87	0.64517665	0.60004175	0.72335565	0.58627695	0.40639862	0.6593102	0.55051714	0.6200519	0.5631947	0.46477407	10	0.5819098	0.09289409	0.36414486	Folding	0.35034516	0.055927906	0.2192374
K87Q	K87Q	87	87	0.43717888	0.06562303	-0.16629863	0.16146143	0.11197867	-0.04057484	0.25491372	-0.017509617	-0.20586482	0.29684025	10	0.089774795	0.20508242	0.8039231	Folding	0.0540499	0.12347212	0.4840107
K87R	K87R	87	87	0.35243738	0.39350677	0.48221558	0.3769172	0.24946482	0.27055016	0.24755837	0.29295728	0.25322095	0.22023478	10	0.31390637	0.08396408	0.3291392	Folding	0.18899077	0.050551496	0.19816187
K87S	K87S	87	87	0.31023955	0.42131686	0.40283075	0.45282573	0.4106663	0.5656907	0.40713087	0.35126215	0.3796387	0.17416868	10	0.387577	0.100650325	0.39454928	Folding	0.23334499	0.060597632	0.23754272
K87T	K87T	87	87	0.32309988	0.38156366	0.4177821	0.434969	0.51464707	0.5086069	0.30469993	0.5391804	0.5918732	0.4214315	10	0.44378534	0.093860604	0.36793357	Folding	0.26718584	0.056509808	0.22151846
K87V	K87V	87	87	1.0198417	0.91017365	0.8881699	0.8076756	0.79857075	0.89733005	0.817936	0.8864995	0.8554253	0.7518145	10	0.8633437	0.07516652	0.2946528	Folding	0.5197856	0.04525483	0.17739893
K87W	K87W	87	87	0.91333336	0.8270707	0.77100253	0.4758167	0.9004301	0.88328147	0.8792041	0.87080383	0.78547865	0.7760385	10	0.808246	0.12820403	0.50255984	Folding	0.4866134	0.077186644	0.30257165
K87Y	K87Y	87	87	1.1094193	0.98613733	1.1424773	0.9757599	1.1408256	0.98331034	0.93978184	1.2244455	1.0941757	1.147552	10	1.0743885	0.09572455	0.37524027	Folding	0.64684737	0.057632018	0.22591752
L112A	L112A	112	112	2.0482748	2.3181329	2.085164	1.8710227	1.6914659	1.6934792	1.6106137	1.5991333	1.3011554	1.6438756	10	1.7862316	0.29573464	1.1592798	Folding	1.0754204	0.1780503	0.69795716
L112C	L112C	112	112	1.2540618	1.252949	1.1614183	1.4699608	1.2229551	1.2886766	1.1079634	1.3641175	1.1493026	1.4091358	10	1.2680541	0.117323786	0.45990926	Folding	0.7634459	0.07063607	0.2768934
L112D	L112D	112	112	3.5880048	3.9062607	3.8209682	3.4004717	3.8080335	3.6123567	4.1224732	3.7791007	3.5714629	3.956045	10	3.7565174	0.21439017	0.8404095	Folding	2.2616525	0.12907596	0.50597775
L112E	L112E	112	112	3.1197248	3.0351596	3.090712	3.0843735	3.3593047	3.9284146	3.2449236	3.6714115	3.0044572	3.8788128	10	3.3417296	0.35547996	1.3934815	Folding	2.011925	0.21402061	0.8389608
L112F	L112F	112	112	0.12853788	0.13959631	0.11870448	0.14100303	0.11064517	0.13666862	0.17067769	0.13699	0.116226524	0.11583509	10	0.13148847	0.017744152	0.06955708	Folding	0.07916408	0.010683062	0.0418776
L112G	L112G	112	112	3.1973112	3.2930653	3.1415339	3.4312804	3.3634133	3.4767716	3.3510044	3.4194088	3.2922895	3.2158918	10	3.3181968	0.109995365	0.43118185	Folding	1.9977568	0.06622392	0.25959778
L112H	L112H	112	112	2.897426	2.777123	2.8884428	2.528332	3.147733	3.2030587	3.4329112	3.0478559	3.4815977	3.3112798	10	3.0715759	0.3028516	1.1871783	Folding	1.849276	0.18233512	0.7147537
L112I	L112I	112	112	0.3851968	0.45606408	0.4118818	0.5357803	0.63520086	0.62400234	0.25860283	0.4801856	0.49337587	0.40825018	10	0.4688541	0.11315548	0.44356948	Folding	0.28227875	0.0681265	0.26705587
L112K	L112K	112	112	3.6885953	3.8290274	3.750477	3.9651165	3.972314	4.521217	4.0630813	4.0399857	4.1360703	4.4392247	10	4.040511	0.27135807	1.0637237	Folding	2.432634	0.16337411	0.6404265
L112M	L112M	112	112	0.67043865	0.5047666	0.5999693	0.4448164	0.5240112	0.6658424	0.6958249	0.6550444	0.56197405	0.5667037	10	0.5889392	0.082842536	0.32474273	Folding	0.3545773	0.049876258	0.19551493
L112N	L112N	112	112	3.0938203	3.5586843	3.2563827	3.4777873	3.4961689	3.2855346	2.9870152	3.3202724	3.3483715	2.7115629	10	3.2535598	0.25970745	1.0180532	Folding	1.9588414	0.15635972	0.6129301
L112P	L112P	112	112	3.00606	3.2730916	2.8344805	3.4167683	3.7653484	4.115904	4.241585	3.9955058	3.714415	3.2160146	10	3.5579174	0.4811568	1.8861346	Folding	2.1420832	0.28968573	1.135568
L112Q	L112Q	112	112	3.1113024	2.9948957	2.7451785	3.2476475	3.0740895	3.1432323	3.269527	2.8939	2.6010084	2.9692428	10	3.0050023	0.21304001	0.83511686	Folding	1.8091946	0.12826307	0.5027912
L112R	L112R	112	112	3.9857008	3.4790506	4.5023828	3.0289621	3.933555	4.229154	4.440196	3.6615968	3.7548773	3.3217592	10	3.8337235	0.48024628	1.8825654	Folding	2.3081353	0.28913754	1.1334192
L112S	L112S	112	112	2.7383866	2.7602499	2.418327	2.8982432	2.8005567	3.1804051	2.7557728	3.0461257	2.8663366	2.902254	10	2.8366656	0.20258252	0.79412353	Folding	1.7078457	0.12196703	0.4781108
L112T	L112T	112	112	2.5881665	2.7188468	2.303295	2.963921	2.6995156	2.5089967	2.9035225	2.2121258	2.8316352	2.4462872	10	2.6176312	0.2515879	0.9862246	Folding	1.5759736	0.15147126	0.59376734
L112V	L112V	112	112	0.7525803	0.7933347	0.7392054	0.88875806	1.0076044	1.263817	1.0970175	0.8952645	0.93808484	0.81631947	10	0.91919863	0.16554226	0.64892566	Folding	0.5534136	0.099666536	0.39069283
L112W	L112W	112	112	0.7964109	0.7891923	0.99796766	1.0094397	1.0033321	1.3435836	1.4328383	1.189591	1.0629296	0.8119415	10	1.0437227	0.22299616	0.874145	Folding	0.6283847	0.13425729	0.52628857
L112Y	L112Y	112	112	1.4429924	1.3101643	1.1751128	1.2256399	1.5235939	1.4745209	1.6515802	1.6251411	1.4917965	1.6100582	10	1.4530599	0.16670059	0.6534663	Folding	0.87483066	0.10036392	0.39342657
L119A	L119A	119	119	0.52466154	0.7205919	0.8682637	0.75371933	0.7364246	0.46903107	0.58393735	0.8732119	0.38023853	0.58921504	10	0.6499295	0.16665417	0.6532844	Folding	0.3912972	0.10033597	0.393317
L119C	L119C	119	119	0.55540454	0.42945063	0.54772186	0.64379495	0.70786166	0.6956415	0.7879728	0.7846407	0.5272267	0.6918363	10	0.6371552	0.1182554	0.46356118	Folding	0.38360626	0.07119696	0.27909207
L119D	L119D	119	119	0.14052223	0.31502828	0.29037082	0.4181562	0.61317605	0.50164	0.66762084	0.8220461	0.47966585	0.45513523	10	0.4703362	0.1978581	0.7756038	Folding	0.28317106	0.11912264	0.46696076
L119E	L119E	119	119	0.3709225	0.25349665	0.34864542	0.28347418	0.26796922	0.53448534	0.6691043	0.72459775	0.096526384	0.39629635	10	0.3945518	0.19540177	0.76597494	Folding	0.23754425	0.11764378	0.46116364
L119F	L119F	119	119	0.7167006	0.58974856	0.58938694	0.5326343	0.57547826	0.4521799	0.54137117	0.6260021	0.7066772	0.5608004	10	0.589098	0.07935051	0.311054	Folding	0.3546729	0.047773845	0.18727347
L119G	L119G	119	119	0.5260174	0.49614403	0.32968476	0.47578096	0.3601417	0.34466588	0.2276623	0.444101	0.5785126	0.42880845	10	0.42115194	0.10558274	0.41388434	Folding	0.25355914	0.06356724	0.2491836
L119H	L119H	119	119	1.1500984	0.9344767	0.8237892	0.7789143	0.89820415	1.0412471	0.9825005	0.8964529	0.98704	0.6156409	10	0.9108364	0.14841473	0.58178574	Folding	0.54837906	0.089354716	0.35027048
L119I	L119I	119	119	0.5235764	0.56850797	0.7118529	0.76592076	0.62233895	0.89125496	0.7774079	0.6390048	0.6421617	0.57946956	10	0.6721496	0.1132058	0.44376674	Folding	0.40467504	0.06815679	0.26717463
L119K	L119K	119	119	0.9134866	0.86520195	0.88816494	1.1024381	1.1384165	0.8425457	0.86485827	0.9035474	0.98965806	1.0747604	10	0.95830774	0.109791115	0.43038118	Folding	0.57695967	0.06610095	0.25911573
L119M	L119M	119	119	0.27311406	0.28662834	0.4265101	0.26381323	0.47051477	0.36695555	0.3839933	0.24962993	0.31780052	0.25266922	10	0.32916293	0.07847052	0.30760446	Folding	0.19817615	0.04724404	0.18519664
L119N	L119N	119	119	1.6052356	1.5184402	0.84155405	0.73225397	0.81377643	0.83949286	0.7502735	1.0597569	0.8046026	0.9832798	10	0.99486667	0.31560448	1.2371696	Folding	0.5989704	0.19001314	0.7448515
L119P	L119P	119	119	1.7353029	1.9744159	1.6662328	1.6407183	1.3950686	1.2952318	1.2629669	2.209825	1.3448933	1.5127081	10	1.6037365	0.30866325	1.20996	Folding	0.96554714	0.1858341	0.72846967
L119Q	L119Q	119	119	0.5910981	0.8599196	0.84062773	0.71688896	1.0017253	0.87233275	0.73785824	0.7442906	0.9454726	0.82340884	10	0.8133623	0.11953773	0.46858793	Folding	0.4896937	0.071969	0.2821185
L119R	L119R	119	119	1.1168395	1.0185913	1.261248	1.0566553	1.0781039	1.2880839	1.4416701	1.3485597	1.1506757	1.0872478	10	1.1847675	0.14143759	0.5544354	Folding	0.71330225	0.08515406	0.33380392
L119S	L119S	119	119	0.57628566	0.41544408	0.2703623	0.3070537	0.32927257	0.3851871	0.3563171	0.436634	0.43217877	0.41354954	10	0.39222845	0.08553573	0.33530006	Folding	0.23614545	0.051497724	0.20187108
L119T	L119T	119	119	0.76666045	0.6285168	0.8556329	0.8634302	0.7839863	0.84458303	0.7200229	0.512672	0.6200858	0.65169984	10	0.724729	0.11857444	0.4648118	Folding	0.43633103	0.07138904	0.27984506
L119V	L119V	119	119	0.41322783	0.6821666	0.6734966	0.742379	0.6075755	0.6928016	0.66809714	0.5053359	0.4369906	0.5449964	10	0.5967067	0.115019694	0.45087722	Folding	0.35925382	0.06924887	0.2714556
L119W	L119W	119	119	1.0033938	0.7374251	0.76820517	0.83595353	0.73977363	0.6668327	0.77139705	0.8110952	0.7213546	0.8077937	10	0.7863225	0.09083886	0.35608834	Folding	0.47341406	0.054690532	0.2143869
L119Y	L119Y	119	119	0.7544967	0.85087126	0.8389326	0.83217967	0.5995247	0.7067958	0.59155405	0.7911022	0.9511502	1.0163743	10	0.7932981	0.13696352	0.536897	Folding	0.47761384	0.08246039	0.32324472
L132A	L132A	132	132	0.37277466	0.37226012	0.35808983	0.38533032	0.38120887	0.3378812	0.40393844	0.39559445	0.40145808	0.35535952	10	0.37638956	0.021472251	0.08417123	Folding	0.22660947	0.012927604	0.050676208
L132C	L132C	132	132	0.6103057	0.6458149	0.44422302	0.48985273	0.532089	0.38875943	0.6580994	0.4486358	0.5364087	0.534936	10	0.5289125	0.08936073	0.35029405	Folding	0.31843758	0.05380061	0.21089838
L132D	L132D	132	132	1.2537637	1.3023119	1.1043379	1.5916035	1.5324615	1.5351987	1.211038	1.2907991	1.2346953	1.2176424	10	1.3273852	0.1654499	0.6485636	Folding	0.7991668	0.09961093	0.39047486
L132E	L132E	132	132	1.1779394	1.522398	1.4013171	1.1394224	1.1110903	1.5876687	1.3135139	1.0427718	1.4376727	1.3116173	10	1.3045411	0.18381198	0.72054297	Folding	0.78541327	0.11066602	0.4338108
L132F	L132F	132	132	0.6851798	0.2240473	0.34696966	0.3589869	0.35003823	0.47139296	0.48630038	0.36357147	0.7320991	0.3280082	10	0.4346594	0.16214158	0.63559496	Folding	0.26169145	0.09761912	0.38266695
L132G	L132G	132	132	1.7330382	1.482929	1.2563949	1.6076696	1.2927147	1.642811	1.4090747	1.3346974	1.3889713	1.5686674	10	1.4716969	0.16107997	0.6314335	Folding	0.88605124	0.09697997	0.3801615
L132H	L132H	132	132	1.0964997	1.0891867	1.0960052	1.4533309	0.94107413	1.2286123	0.7636134	1.3455825	1.4152876	0.9759931	10	1.1405185	0.2207612	0.8653839	Folding	0.6866617	0.1329117	0.52101386
L132I	L132I	132	132	0.48626724	0.5549849	0.5615635	0.5776934	0.6437767	0.51755613	0.4155047	0.43018907	0.46802232	0.619933	10	0.52754915	0.07735073	0.30321485	Folding	0.31761676	0.046569854	0.18255383
L132K	L132K	132	132	0.73221326	0.9054749	0.86596084	0.9684966	0.9299044	0.6585211	0.89254403	0.9101123	0.7217378	0.7261708	10	0.83111364	0.10951289	0.42929053	Folding	0.5003811	0.065933436	0.25845906
L132M	L132M	132	132	0.29895017	0.21739498	0.3044674	0.3217753	0.3597574	0.22954291	0.2109016	0.23933794	0.16205323	0.18535529	10	0.25295362	0.064559594	0.2530736	Folding	0.1522935	0.03886881	0.15236574
L132N	L132N	132	132	1.2844718	1.0872849	1.2817763	1.353083	1.2685534	1.3155378	1.5615067	1.1879191	1.3194532	1.378146	10	1.3037733	0.12345031	0.48392522	Folding	0.78495103	0.074324615	0.2913525
L132P	L132P	132	132	2.1191776	2.137604	2.0398166	2.4281232	2.002951	2.4850235	1.6903201	2.3816712	2.0138524	1.9982114	10	2.1296751	0.24195565	0.9484662	Folding	1.2821943	0.14567205	0.57103443
L132Q	L132Q	132	132	0.6874132	0.6087253	0.74367493	0.9490434	0.9335026	0.6802797	0.9384488	0.88918644	0.5603683	0.6875695	10	0.7678212	0.14668018	0.5749863	Folding	0.46227518	0.08831041	0.34617683
L132R	L132R	132	132	0.8507641	0.7160139	0.74201435	0.6096062	0.55840623	0.51263815	0.6626829	0.5790387	0.6456419	0.5924797	10	0.6469286	0.1002495	0.39297804	Folding	0.38949046	0.06035631	0.23659675
L132S	L132S	132	132	1.0758677	0.952841	1.0050261	1.0631495	1.0311484	0.9659233	1.0895462	0.89054143	0.7945251	1.0514605	10	0.99200284	0.093305185	0.36575633	Folding	0.59724617	0.05617541	0.22020762
L132T	L132T	132	132	0.7906009	0.7330913	0.7841811	0.74908876	0.8973787	0.85366404	0.6089089	0.83596736	0.8703256	0.74184924	10	0.78650564	0.08438366	0.33078396	Folding	0.47352436	0.05080411	0.19915211
L132V	L132V	132	132	0.55384123	0.6883066	0.6647187	0.6092583	0.57460135	0.57809883	0.60014	0.65138745	0.57472813	0.55221355	10	0.60472935	0.047919955	0.18784623	Folding	0.36408395	0.028850734	0.11309488
L132W	L132W	132	132	0.14048634	0.37384406	0.39398465	0.31964713	0.25122696	0.13492037	0.08804901	0.04125602	0.011357291	0.22536859	10	0.19801405	0.13601124	0.5331641	Folding	0.11921653	0.08188706	0.32099727
L132Y	L132Y	132	132	0.3577175	0.33850685	0.20076899	0.21670073	0.17959471	0.014624073	0.20153888	0.20123407	0.04844189	0.093309626	10	0.18524376	0.11120461	0.4359221	Folding	0.11152804	0.06695195	0.26245165
L158A	L158A	158	158	0.8050536	0.7319194	0.7118272	0.7175211	0.773473	0.74467075	0.7698388	0.7467428	0.7630125	0.7787029	10	0.75427616	0.029180935	0.11438926	Folding	0.45412025	0.017568702	0.068869315
L158C	L158C	158	158	1.2115046	1.1336383	1.1084452	1.1508371	1.2563568	1.1662521	1.2462074	1.1236565	1.1703169	1.0745579	10	1.1641772	0.059065033	0.23153493	Folding	0.7009056	0.03556075	0.13939814
L158D	L158D	158	158	2.0634632	2.7187412	3.4430945	2.8618898	2.9369416	3.6909962	3.6708856	3.2564223	3.1945176	2.5341291	10	3.037108	0.5174735	2.0284963	Folding	1.8285241	0.31155062	1.2212784
L158E	L158E	158	158	2.8181129	3.498628	3.357014	3.5228012	3.6192224	3.3162773	2.914926	3.3758209	3.271229	3.135906	10	3.2829938	0.25940537	1.0168691	Folding	1.9765624	0.15617785	0.6122172
L158F	L158F	158	158	2.3211195	1.9471902	1.4968307	1.9920919	1.7665372	1.5998635	1.9341335	1.8397555	1.8557409	2.1511886	10	1.8904451	0.24208018	0.94895434	Folding	1.1381632	0.14574704	0.5713284
L158G	L158G	158	158	2.0497124	1.9653456	1.6343961	1.815848	1.8934914	2.0062675	1.8210104	1.7830913	1.9769754	1.9597446	10	1.8905884	0.12656216	0.4961237	Folding	1.1382495	0.07619814	0.2986967
L158H	L158H	158	158	3.8349965	3.9725351	3.6012218	3.3950741	3.741301	3.3823957	3.4039292	3.7150872	3.582496	3.8018599	10	3.6430898	0.20480205	0.8028241	Folding	2.1933622	0.123303324	0.48334903
L158I	L158I	158	158	0.8233563	1.0389429	0.68341166	0.7031916	0.6368231	0.7275231	0.73902935	0.6840924	0.9753932	0.8981957	10	0.79099596	0.13712524	0.53753096	Folding	0.4762278	0.08255775	0.3236264
L158K	L158K	158	158	3.807577	3.510844	3.035352	4.256466	4.1479955	3.983634	4.026363	3.8599868	4.146349	4.195305	10	3.8969872	0.37543094	1.4716893	Folding	2.3462238	0.22603232	0.8860467
L158M	L158M	158	158	0.88434446	1.1963797	1.1677562	1.2942629	1.049884	1.0986675	1.1685612	1.0468044	0.94332445	0.87975675	10	1.0729741	0.13901219	0.5449278	Folding	0.6459958	0.08369381	0.32807973
L158N	L158N	158	158	3.1882489	3.3240266	3.1895804	3.8310032	2.5955243	3.3581772	3.5957212	3.5232446	3.55208	3.6325016	10	3.3790107	0.3425163	1.3426639	Folding	2.0343704	0.2062157	0.8083655
L158P	L158P	158	158	3.9108865	3.4654891	3.710742	3.6704893	3.8714676	3.2262025	3.5246131	3.8495622	3.319691	3.5949934	10	3.6144135	0.23330489	0.9145552	Folding	2.1760974	0.14046377	0.550618
L158Q	L158Q	158	158	2.684633	2.5700953	2.8697417	3.1538184	2.8968337	3.0486364	2.325339	2.1675298	2.368482	2.7663593	10	2.6851468	0.32457876	1.2723488	Folding	1.6166221	0.19541621	0.76603156
L158R	L158R	158	158	4.024726	3.6738892	3.2439358	3.691473	3.6741147	4.188024	3.9190438	4.099179	4.0199814	4.4050293	10	3.8939395	0.33060315	1.2959644	Folding	2.344389	0.19904326	0.7802496
L158S	L158S	158	158	1.6759691	1.9014097	2.055132	1.9367719	2.0303605	2.0870712	2.1700156	1.9318277	2.1165922	2.2869174	10	2.0192065	0.16866656	0.6611729	Folding	1.2156855	0.101547554	0.39806643
L158T	L158T	158	158	1.485353	1.6433403	1.4603586	1.4963225	1.5054383	1.5334926	1.7188677	1.9467283	1.5131992	1.4928027	10	1.5795903	0.15196723	0.5957115	Folding	0.9510097	0.09149354	0.35865468
L158V	L158V	158	158	1.1501641	0.9450561	0.99684656	1.1593118	1.0745839	0.8039773	0.95980215	0.9948046	1.0681131	1.1464483	10	1.0299108	0.1124123	0.44065624	Folding	0.6200691	0.06767906	0.26530194
L158W	L158W	158	158	2.4697964	2.5363011	2.501689	3.0945039	3.2180007	2.255238	2.6128435	2.5049105	2.566133	2.327233	10	2.608665	0.30912066	1.211753	Folding	1.5705754	0.18610948	0.72954917
L158Y	L158Y	158	158	3.9971063	3.666787	3.8811848	3.3901203	3.8679423	3.6639597	3.3285663	3.5749097	3.4342177	3.6552658	10	3.646006	0.22231874	0.87148947	Folding	2.195118	0.13384944	0.5246898
L18A	L18A	18	18	0.0841659	0.026867144	0.050264068	0.12565906	0.09251301	0.2378416	0.37477872	0.098973386	0.010271795	-0.04839086	10	0.105294384	0.12160164	0.47667843	Folding	0.06339364	0.0732116	0.28698948
L18C	L18C	18	18	0.3738971	0.4888981	0.53429097	0.39372414	0.49497223	0.61862564	0.40932053	0.5298106	0.44857067	0.5691126	10	0.48612228	0.079721734	0.3125092	Folding	0.29267526	0.047997344	0.18814959
L18D	L18D	18	18	0.69373405	0.81362927	0.7030903	0.7967099	0.7166498	0.62000287	0.88784134	0.8234302	1.1939785	0.8056946	10	0.80547607	0.15756603	0.61765885	Folding	0.4849457	0.09486435	0.37186828
L18E	L18E	18	18	0.45345408	0.5143169	0.49078935	0.5664312	0.43499333	0.5670835	0.56924856	0.6326069	0.51894426	0.3515777	10	0.50994456	0.081222996	0.31839415	Folding	0.3070177	0.048901197	0.1916927
L18F	L18F	18	18	0.36242926	0.17069238	0.39082912	0.37037364	0.3823462	0.54672456	0.39495414	0.11731804	0.29137722	0.28769934	10	0.3314744	0.122103065	0.478644	Folding	0.1995678	0.07351349	0.2881729
L18G	L18G	18	18	0.60049343	0.5827274	0.527599	0.5530544	0.55326605	0.50131404	0.49158475	0.58107305	0.59512067	0.66640985	10	0.5652643	0.051798563	0.20305037	Folding	0.34032357	0.031185893	0.1222487
L18H	L18H	18	18	0.042035475	0.14779216	0.34507	0.3352834	0.305302	0.5443415	0.7098961	0.1992185	0.23672822	0.50378436	10	0.33694518	0.20076898	0.7870144	Folding	0.20286155	0.120875165	0.47383067
L18I	L18I	18	18	0.46600538	0.5824667	0.4399321	0.38240623	0.3669084	0.5448322	0.47871464	0.47846335	0.49674106	0.19979282	10	0.4436263	0.10769714	0.42217278	Folding	0.26709008	0.06484024	0.25417376
L18K	L18K	18	18	0.7930799	0.7336535	0.69735116	0.6752189	0.8939381	0.7579372	0.7022394	0.718763	0.51397586	0.7083044	10	0.7194462	0.09582145	0.3756201	Folding	0.43315047	0.057690356	0.2261462
L18M	L18M	18	18	0.22774367	0.08450072	0.15959178	0.36468214	0.30771634	0.41907424	0.3009406	0.27530625	0.33466578	0.20076543	10	0.2674987	0.10049539	0.39394194	Folding	0.16105053	0.060504355	0.23717707
L18N	L18N	18	18	0.29387087	0.2389808	0.055919774	0.12841688	0.38920453	0.83988214	0.3155732	0.17619243	0.28366792	0.007633334	10	0.27293423	0.23242615	0.9111105	Folding	0.16432305	0.13993472	0.5485441
L18P	L18P	18	18	2.1411548	2.1398928	2.07304	1.9139737	2.174932	2.033559	2.1396859	2.0137708	2.1131713	2.2236786	10	2.096686	0.09007248	0.35308415	Folding	1.2623328	0.054229125	0.21257818
L18Q	L18Q	18	18	0.28794852	0.3652033	0.20477723	0.36522293	0.42286476	0.34978893	0.28922862	0.47663394	0.23643361	0.4814476	10	0.34795493	0.09461943	0.37090817	Folding	0.20949009	0.056966666	0.22330934
L18R	L18R	18	18	3.0997348	2.3539164	2.6330242	2.1381242	2.3088953	2.7563457	2.0989602	3.6465282	3.1056116	2.757473	10	2.6898615	0.49214387	1.929204	Folding	1.6194607	0.29630062	1.1614984
L18S	L18S	18	18	0.3053021	0.15034029	0.14319699	0.1605278	0.24167468	0.07654039	0.15264691	0.10998379	0.32056087	0.30101943	10	0.19617932	0.08835372	0.34634662	Folding	0.11811191	0.05319433	0.20852177
L18T	L18T	18	18	0.1843512	0.16844445	0.16234256	0.16019802	0.085695475	0.20521344	0.31371534	0.3368581	0.3784428	0.13370126	10	0.21289627	0.096362256	0.37774006	Folding	0.12817654	0.058015954	0.22742255
L18V	L18V	18	18	0.3926755	0.40287212	0.292966	0.43929815	0.48994562	0.49849206	0.31729075	0.4851617	0.39506724	0.30757377	10	0.40213427	0.07707726	0.30214286	Folding	0.24210934	0.04640521	0.18190843
L18W	L18W	18	18	1.1925751	1.0804762	0.9392476	1.3339032	1.3719623	1.2506788	1.3732506	1.2778083	1.4059587	1.2840322	10	1.2509892	0.14604168	0.57248336	Folding	0.7531718	0.08792599	0.3446699
L18Y	L18Y	18	18	0.6032722	0.70090765	0.50119734	0.3652476	0.62894684	0.71285486	0.5606122	0.6493397	0.5267214	0.5937615	10	0.5842861	0.10304426	0.4039335	Folding	0.35177585	0.062038925	0.24319258
L22A	L22A	22	22	-0.11605166	-0.14864461	-0.066819556	-0.06891911	-0.14543864	-0.13277541	-0.10539746	-0.16332047	-0.088119306	-0.13393125	10	-0.11694175	0.033814333	0.13255219	Folding	-0.070406064	0.02035829	0.0798045
L22C	L22C	22	22	0.16435672	-0.011920481	0.060504317	-0.033154014	0.035249844	0.1480904	0.19379836	0.07756833	0.17053996	-0.030073991	10	0.07749595	0.08730233	0.34222513	Folding	0.046657287	0.052561324	0.2060404
L22D	L22D	22	22	-0.11211765	-0.006645476	-0.17139216	-0.21495512	-0.22316778	-0.11720361	-0.04518919	-0.045085225	-0.27566114	-0.21508616	10	-0.14265034	0.09102544	0.35681975	Folding	-0.0858842	0.054802865	0.21482724
L22E	L22E	22	22	0.11863352	-0.059520952	0.17547564	0.076601304	0.06174077	-0.053209376	0.03330553	0.04349971	0.082513034	0.034105707	10	0.05131449	0.07114976	0.27890706	Folding	0.030894453	0.042836495	0.16791907
L22F	L22F	22	22	0.30890268	0.25768116	0.29634738	0.115196	0.21804193	0.18888496	0.25615075	0.2148236	0.30843437	0.04392823	10	0.2208391	0.086446434	0.33887002	Folding	0.1329586	0.052046023	0.20402041
L22G	L22G	22	22	-0.3391285	-0.29843593	-0.2837788	-0.33139336	-0.25740236	-0.2660838	-0.19995892	-0.319485	-0.20184909	-0.33025947	10	-0.28277752	0.051335506	0.20123519	Folding	-0.17024931	0.030907106	0.12115586
L22H	L22H	22	22	0.0071093757	-0.0947119	0.032636907	-0.13702339	-0.1850672	-0.052559685	0.049629074	0.029253092	0.020165835	-0.18643092	10	-0.051699884	0.09287208	0.36405858	Folding	-0.031126482	0.055914655	0.21918546
L22I	L22I	22	22	0.66164976	0.63710874	0.59508336	0.57036376	0.7268716	0.84376997	0.67054194	0.72518826	0.7537521	0.55400956	10	0.6738339	0.09036289	0.35422254	Folding	0.4056891	0.054403972	0.21326357
L22K	L22K	22	22	-0.11844739	-0.094769344	0.088908516	-0.09554594	0.08877867	-0.21945061	0.05853001	0.20427878	-0.111170344	0.15913486	10	-0.003975278	0.14093548	0.5524671	Folding	-0.0023933598	0.08485175	0.33261886
L22M	L22M	22	22	0.2024938	0.13298206	0.20120864	0.1352032	0.05545543	0.15867995	0.08160288	0.099992506	0.08002271	0.062087987	10	0.12097292	0.054036036	0.21182127	Folding	0.07283307	0.03253299	0.12752932
L22N	L22N	22	22	-0.15088752	-0.07279818	-0.25879967	-0.28796062	-0.084739015	-0.19155203	-0.22108577	-0.15661266	-0.18329848	-0.15044393	10	-0.17581777	0.068602964	0.2689236	Folding	-0.10585302	0.04130317	0.16190843
L22P	L22P	22	22	0.0011374677	-0.00042653442	0.112613335	0.15490375	0.12991263	-0.02946783	-0.02520789	0.068438	0.111590594	-0.114374116	10	0.040911943	0.08726669	0.34208542	Folding	0.024631483	0.05253987	0.2059563
L22Q	L22Q	22	22	0.078947246	0.02852814	-0.058503557	-0.03927378	0.022015112	0.10037975	-0.06294004	0.17434049	-0.033473723	0.002198858	10	0.021221848	0.07713631	0.30237433	Folding	0.012776847	0.04644076	0.18204778
L22R	L22R	22	22	0.019179352	0.060615234	0.059105814	0.020360112	-0.029152201	-0.05435022	0.086278215	0.03126236	-0.0067419903	0.06635325	10	0.025290992	0.045002487	0.17640975	Folding	0.015226719	0.027094241	0.10620943
L22S	L22S	22	22	0.03958071	-0.06339842	-0.03234102	-0.10563313	-0.11728729	-0.11734587	-0.086940184	0.22840124	0.21830478	-0.0039687385	10	-0.004062789	0.13019219	0.5103534	Folding	-0.0024460468	0.07838364	0.30726388
L22T	L22T	22	22	0.23628531	0.2205372	0.25385767	0.18945046	0.26376352	0.26000455	0.3690467	0.41998377	0.23745711	0.28077525	10	0.27311617	0.069804706	0.27363446	Folding	0.16443259	0.042026687	0.16474462
L22V	L22V	22	22	0.48924264	0.3486238	0.4781517	0.3178507	0.43176958	0.4321139	0.5423586	0.5193074	0.41836995	0.44341382	10	0.44212022	0.07030242	0.2755855	Folding	0.26618335	0.042326342	0.16591926
L22W	L22W	22	22	0.28211457	0.14671965	0.19389395	0.22287543	0.23893487	0.20694724	0.1711711	0.07322334	0.12984283	0.28785944	10	0.19535825	0.06752418	0.26469478	Folding	0.11761758	0.040653672	0.15936239
L22Y	L22Y	22	22	0.53588545	0.14370127	0.44881085	0.1748367	0.31614062	0.17876327	0.29085496	0.07297427	0.22828119	0.18068154	10	0.257093	0.14354068	0.56267947	Folding	0.15478566	0.086420245	0.33876738
L51A	L51A	51	51	0.11007446	-0.021616654	0.13950083	-0.13516542	0.1459951	0.2304149	0.188351	0.15810193	0.0034102255	0.046069313	10	0.086513564	0.111793354	0.43822995	Folding	0.05208644	0.067306414	0.26384115
L51C	L51C	51	51	0.022663625	0.021236591	0.1140498	0.062328365	0.19891052	0.043417055	0.13475071	0.17918642	0.095590636	0.05185128	10	0.0923985	0.063266695	0.24800545	Folding	0.055629533	0.038090408	0.1493144
L51D	L51D	51	51	0.12061514	0.27549046	0.1185848	-0.03364646	-0.07058243	-0.0015695983	0.17311932	-0.024410555	-0.085604265	-0.112518765	10	0.035947766	0.12834594	0.5031161	Folding	0.021642746	0.07727208	0.30290657
L51E	L51E	51	51	-0.36687142	-0.20136207	-0.12704283	-0.048693027	-0.20995729	0.15820713	-0.06353424	0.123068206	-0.10160763	-0.071159504	10	-0.090895265	0.15445764	0.605474	Folding	-0.054724492	0.09299292	0.36453223
L51F	L51F	51	51	0.15618123	0.20207562	0.2025278	0.23437595	0.21724436	0.13847625	0.111758746	0.21936512	0.32029444	0.16613539	10	0.19684349	0.058570452	0.22959618	Folding	0.11851178	0.035262983	0.13823089
L51G	L51G	51	51	0.051243644	-0.010931749	0.044029605	-0.01698728	-0.032080546	-0.00826115	0.09940841	0.19429119	0.054528683	-0.15944313	10	0.021579769	0.092759974	0.36361912	Folding	0.012992336	0.05584716	0.21892087
L51H	L51H	51	51	-0.26009625	-0.22565712	-0.18918666	-0.18277705	-0.07156169	-0.2549233	-0.1625279	-0.16515541	-0.25885907	-0.17568137	10	-0.19464257	0.058293745	0.22851148	Folding	-0.117186695	0.03509639	0.13757785
L51I	L51I	51	51	0.06029705	0.13452195	0.19230226	0.046406068	0.11340834	0.18503587	0.14229976	0.13968027	0.109496355	0.11121565	10	0.12346635	0.04671908	0.1831388	Folding	0.07433427	0.028127735	0.110260725
L51K	L51K	51	51	0.27121094	0.3386234	0.019477919	0.038871363	0.2370455	-0.16306749	0.30714968	0.27624956	0.048253115	-0.092357405	10	0.12814565	0.17956522	0.7038957	Folding	0.07715149	0.10810921	0.42378813
L51M	L51M	51	51	0.10824533	-0.11061354	-0.14799277	-0.106214456	-0.047004167	0.087152645	-0.07222795	-0.060025416	0.12096628	-0.15417722	10	-0.038189124	0.105187684	0.41233572	Folding	-0.02299218	0.0633294	0.24825124
L51N	L51N	51	51	0.2382659	0.1738355	-0.018026093	0.114527896	0.027405756	0.035860635	0.14346276	0.046878185	-0.008636974	0.19515593	10	0.09487295	0.090307415	0.35400507	Folding	0.057119302	0.05437057	0.21313263
L51P	L51P	51	51	0.35910717	0.22580971	0.23408623	0.23717512	0.2649156	0.21626231	0.20906626	0.35799307	0.050108597	0.21857156	10	0.23730958	0.08624249	0.33807057	Folding	0.14287484	0.051923238	0.2035391
L51Q	L51Q	51	51	0.025016662	0.043195482	0.070047066	-0.1540731	-0.06371648	0.041322775	-0.23310645	-0.024775455	0.02611737	-0.12190952	10	-0.03918817	0.10112892	0.39642537	Folding	-0.023593668	0.060885776	0.23867224
L51R	L51R	51	51	0.09747399	0.12049547	0.11033281	0.1386763	0.20580932	0.13238077	0.17179881	0.15028302	0.2945376	0.17285974	10	0.1594648	0.05749344	0.2253743	Folding	0.09600753	0.034614556	0.13568906
L51S	L51S	51	51	0.06374756	-0.09082649	0.019578591	4.4777753e-05	-0.034320474	-0.11560708	-0.06949404	-0.08196526	0.03569168	0.021517897	10	-0.025163284	0.061637066	0.2416173	Folding	-0.015149831	0.03710927	0.14546834
L51T	L51T	51	51	-0.0035716584	-0.055949185	-0.12327753	-0.10715528	-0.20529993	-0.21183236	0.06656966	-0.104225755	0.07090028	-0.093826376	10	-0.076766804	0.09834012	0.38549328	Folding	-0.0462183	0.059206747	0.23209046
L51V	L51V	51	51	-0.1687231	-0.070940524	0.07701179	0.009825516	0.08573964	-0.014171113	0.008491056	0.0078083724	-0.07450412	-0.042994585	10	-0.018245708	0.07548577	0.29590425	Folding	-0.010985029	0.045447037	0.17815238
L51W	L51W	51	51	0.18684997	0.1241195	0.4238925	0.2628319	0.31968707	0.4507768	0.052807156	0.23537585	0.2753277	0.29139796	10	0.26230663	0.122630574	0.48071185	Folding	0.15792459	0.07383108	0.28941783
L51Y	L51Y	51	51	0.11534547	0.0609072	0.069795676	0.009088556	0.22448446	0.12568872	0.14422932	0.02652715	0.23243822	0.0012326416	10	0.10097374	0.08282317	0.32466683	Folding	0.06079235	0.0498646	0.19546925
L52A	L52A	52	52	0.5656226	0.5978615	0.32124558	0.4410191	0.5557275	0.48448786	0.531958	0.553917	0.4906639	0.4318692	10	0.49743718	0.08249776	0.32339123	Folding	0.2994875	0.04966868	0.19470124
L52C	L52C	52	52	0.6032373	0.8364919	0.7230728	0.55066425	0.81043017	0.7125204	0.5914244	0.8135135	0.66733927	0.6801724	10	0.69888663	0.099610135	0.39047173	Folding	0.42077237	0.059971374	0.23508778
L52D	L52D	52	52	1.6711539	1.5271782	1.5659146	1.4329574	1.958598	1.7095215	1.7877069	1.6087545	1.3659658	1.9388379	10	1.6566588	0.19799264	0.77613115	Folding	0.9974096	0.11920364	0.46727827
L52E	L52E	52	52	0.21692705	0.76956886	0.79138255	0.8842786	0.5620795	1.0758345	0.87844914	0.5585697	0.7633986	0.78861785	10	0.7289106	0.23479144	0.9203825	Folding	0.43884864	0.14135876	0.5541264
L52F	L52F	52	52	0.2114107	0.26381445	0.38684028	0.3898985	0.3063405	0.1283003	0.23043029	0.291943	0.22822827	0.19091697	10	0.26281232	0.08328488	0.32647672	Folding	0.15822904	0.050142575	0.1965589
L52G	L52G	52	52	0.82139933	0.67181206	0.8411697	0.7905555	0.80236375	0.6891051	0.8721071	0.7255532	0.7028926	0.9267243	10	0.7843683	0.08482966	0.33253226	Folding	0.47223753	0.051072627	0.2002047
L52H	L52H	52	52	0.72927123	0.73005027	0.8620128	0.4188586	0.61878425	1.2115502	0.82334965	0.510474	1.2234818	0.7115027	10	0.7839335	0.264613	1.037283	Folding	0.47197577	0.15931316	0.6245076
L52I	L52I	52	52	0.040202115	0.3638263	-0.05430525	0.47270623	0.0062134834	0.3343978	-0.008669543	0.2625311	-0.06732256	0.11726526	10	0.1466845	0.19560854	0.7667855	Folding	0.08831301	0.117768265	0.46165162
L52K	L52K	52	52	1.2264729	1.5795335	1.4615926	1.2798731	1.5633681	1.1954068	1.5684785	1.3091753	1.2331692	1.4302578	10	1.3847328	0.15353857	0.6018712	Folding	0.8336936	0.092439584	0.3623632
L52M	L52M	52	52	0.33666685	0.31010476	0.40570772	0.24483201	0.35601214	0.3076623	0.60124224	0.25581878	0.2837526	0.26278564	10	0.3364585	0.10536487	0.4130303	Folding	0.20256853	0.063436076	0.24866942
L52N	L52N	52	52	0.653801	0.2920673	0.7296484	0.991645	0.7533049	0.7070291	0.6341349	1.1980331	0.96184224	1.0415378	10	0.79630435	0.25867385	1.0140015	Folding	0.47942376	0.15573743	0.61049074
L52P	L52P	52	52	0.9486446	1.1224784	1.0542598	0.94758445	1.0766478	1.0085562	1.128642	0.8913775	0.8651277	1.0827272	10	1.0126046	0.094909966	0.37204707	Folding	0.6096497	0.057141587	0.22399503
L52Q	L52Q	52	52	0.4323779	0.57962954	1.0756484	0.60644716	0.5973836	0.5478675	0.44814304	0.54759216	0.5589279	0.2900484	10	0.56840664	0.20306057	0.79599744	Folding	0.34221545	0.12225484	0.479239
L52R	L52R	52	52	1.8452305	1.6609895	1.5981148	1.6583457	1.7382032	1.5121009	1.617354	1.4839312	1.4807606	1.9832491	10	1.6578281	0.16176875	0.6341335	Folding	0.9981136	0.09739465	0.38178703
L52S	L52S	52	52	0.72679985	0.6848472	0.78440136	0.77234256	0.9086429	0.6404889	0.5662079	0.9026327	0.851387	0.7730587	10	0.7610809	0.11069752	0.4339343	Folding	0.4582171	0.06664666	0.2612549
L52T	L52T	52	52	0.66908944	0.31221598	0.49186492	0.3223403	0.6432121	0.5427188	0.549546	0.44959736	0.31541383	0.4246955	10	0.4720694	0.13112958	0.51402795	Folding	0.28421456	0.078948	0.30947617
L52V	L52V	52	52	0.2080312	0.16693251	0.29423556	0.2159148	0.20257688	0.34121668	0.23763368	0.36434254	0.30357483	0.30773625	10	0.26421946	0.066465154	0.2605434	Folding	0.15907623	0.040016074	0.15686302
L52W	L52W	52	52	0.64710796	0.6324334	0.56620425	0.6834053	0.51556003	0.5813342	0.5237463	0.41655973	0.7010241	0.4560911	10	0.5723466	0.09520838	0.37321684	Folding	0.34458756	0.057321247	0.22469929
L52Y	L52Y	52	52	0.6962587	0.92513084	0.7410001	0.66240996	0.7258951	0.7960045	1.0681934	0.79984564	0.6969245	0.8429172	10	0.795458	0.124064215	0.48633173	Folding	0.47891423	0.07469422	0.29280135
L55A	L55A	55	55	-0.17678034	-0.16738842	0.0804107	-0.029658033	-0.06876132	0.14798921	0.16395701	0.015041793	0.028029207	-0.10084185	10	-0.010800205	0.1202502	0.4713808	Folding	-0.006502382	0.072397955	0.28379998
L55C	L55C	55	55	0.0076166927	-0.13127825	-0.12910339	-0.24224323	-0.114113465	-0.06861516	0.021268377	-0.0016055563	-0.0886725	-0.12925526	10	-0.08760017	0.080731474	0.31646737	Folding	-0.052740645	0.04860527	0.19053267
L55D	L55D	55	55	0.114371024	-0.019343512	0.15631129	-0.09381375	0.009003521	-0.050988846	-0.06911338	-0.0335849	-0.01767741	-0.08864239	10	-0.009347835	0.08338053	0.32685167	Folding	-0.0056279665	0.05020016	0.19678463
L55E	L55E	55	55	-0.24051245	0.07947514	0.0124539	-0.17557395	-0.044564333	-0.07371609	-0.09701856	-0.07313797	-0.056571104	-0.124661095	10	-0.07938264	0.09009272	0.35316345	Folding	-0.04779319	0.05424131	0.21262594
L55F	L55F	55	55	0.4185267	0.16323759	0.32628033	0.100281976	0.4879636	0.19508225	0.7599646	0.39021376	0.5857222	0.16235326	10	0.3589626	0.2121824	0.83175504	Folding	0.21611737	0.12774675	0.50076723
L55G	L55G	55	55	-0.082880005	-0.13696103	-0.027879903	0.08353983	-0.035311054	0.114786915	-0.039238777	-0.09753361	-0.044519857	-0.028757522	10	-0.0294755	0.07672459	0.3007604	Folding	-0.017746048	0.04619288	0.1810761
L55H	L55H	55	55	-0.00064510846	-0.27350512	-0.10149703	-0.1343112	-0.09026779	-0.10605572	-0.043378595	-0.044646725	-0.07741531	-0.23899347	10	-0.11107161	0.08573844	0.3360947	Folding	-0.06687188	0.051619772	0.20234951
L55I	L55I	55	55	1.1671281	-0.18435085	0.5209107	0.5260506	0.22657259	0.15424699	0.051616214	0.39387146	-0.06225071	0.65265846	10	0.34464535	0.3971021	1.5566403	Folding	0.20749752	0.23907967	0.9371923
L55K	L55K	55	55	-0.08599217	0.19271527	0.03240692	0.2555803	0.025538076	-0.014641173	0.114296	-0.048655536	-0.1656736	0.044610355	10	0.035018448	0.1266569	0.49649507	Folding	0.021083241	0.07625518	0.2989203
L55M	L55M	55	55	0.01884226	-0.090704456	-0.06986587	0.13649657	0.16925324	0.10283994	0.133466	0.060809467	0.22161788	0.06286215	10	0.074561715	0.10016663	0.3926532	Folding	0.044890698	0.060306422	0.23640119
L55N	L55N	55	55	0.13748015	0.03884979	-0.0391381	0.13105533	0.008742588	0.012593631	0.1121502	0.1173347	0.08647641	-0.006339065	10	0.05992056	0.064386964	0.2523969	Folding	0.03607583	0.03876488	0.15195833
L55P	L55P	55	55	0.20673043	0.2968344	0.2915271	0.11127024	0.22402263	0.32151818	0.3064839	0.13397127	0.13408975	0.25868484	10	0.22851327	0.07914315	0.31024116	Folding	0.13757892	0.047649004	0.1867841
L55Q	L55Q	55	55	-0.28172427	-0.25546432	-0.11057039	-0.23711455	-0.37859318	-0.26979592	-0.3800415	-0.23928268	-0.16741294	-0.2980479	10	-0.26180476	0.08322151	0.32622832	Folding	-0.15762243	0.050104424	0.19640934
L55R	L55R	55	55	-0.14662248	-0.1373836	-0.17396384	-0.19028378	-0.13661163	-0.21866831	-0.24356212	-0.22675762	-0.20235197	-0.14959605	10	-0.18258014	0.039488472	0.15479481	Folding	-0.109924376	0.023774467	0.093195915
L55S	L55S	55	55	-0.025857626	-0.011566613	-0.0066075074	-0.024800738	-0.028044354	0.056539364	-0.04957317	-0.026050022	0.0060540535	0.056191374	10	-0.005371523	0.03572428	0.14003918	Folding	-0.0032339843	0.021508195	0.084312126
L55T	L55T	55	55	-0.10938064	0.012851608	-0.10542655	-0.06771483	-0.024076933	-0.10611141	-0.05404509	-0.22568358	-0.18482158	-0.059874296	10	-0.09242833	0.071364954	0.27975062	Folding	-0.05564749	0.042966053	0.16842693
L55V	L55V	55	55	-0.024339525	-0.4909409	-0.054310426	-0.124819145	-0.0912738	-0.13940017	-0.30365717	-0.15999413	-0.010250994	0.13824917	10	-0.12607372	0.17191279	0.67389816	Folding	-0.075904064	0.10350198	0.40572777
L55W	L55W	55	55	0.27226287	0.17289619	0.07246644	0.16570267	0.23461412	0.27720627	0.24881436	0.14446934	0.30773303	0.16180727	10	0.20579727	0.07359959	0.2885104	Folding	0.12390251	0.04431144	0.17370085
L55Y	L55Y	55	55	-0.012516425	-0.021081913	0.06004487	-0.073455185	0.029170344	0.06717599	0.020519124	0.12826467	-0.04079018	0.021540144	10	0.017887143	0.058468282	0.22919567	Folding	0.010769151	0.03520147	0.13798977
L5A	L5A	5	5	1.0582201	1.1134013	1.5717522	1.7375436	1.267582	1.3492135	1.3442454	1.8646157	1.2280736	1.3799437	10	1.3914591	0.26049277	1.0211316	Folding	0.8377432	0.15683253	0.6147835
L5C	L5C	5	5	0.78767216	0.7442402	0.66795605	0.8605092	0.86360794	0.89495224	0.5667567	1.0144613	0.6995158	0.97630966	10	0.8075981	0.14079967	0.5519347	Folding	0.4862233	0.08476999	0.33229837
L5D	L5D	5	5	3.5277627	3.1373186	2.6794257	3.2346597	3.1693683	3.3702683	3.199548	3.2820942	3.0505252	3.2643292	10	3.1915302	0.22260803	0.8726235	Folding	1.9214958	0.1340236	0.52537256
L5E	L5E	5	5	2.9327939	3.2326343	3.3845403	3.2305667	3.351664	2.8720396	3.1731796	3.0245802	2.8091059	3.026423	10	3.1037526	0.19994357	0.78377885	Folding	1.8686483	0.12037822	0.4718826
L5F	L5F	5	5	0.3805135	0.22661032	0.41044787	0.2796436	0.29608992	0.6720572	0.6824838	0.6834411	0.4570631	0.29588285	10	0.4384233	0.1792949	0.70283604	Folding	0.26395756	0.10794646	0.42315015
L5G	L5G	5	5	1.7521873	2.11555	1.916419	2.126182	1.9614964	2.028679	1.9862428	2.2219381	1.9419799	1.6929883	10	1.9743664	0.1634602	0.640764	Folding	1.188689	0.098413005	0.385779
L5H	L5H	5	5	1.9304475	1.9633174	1.892745	1.9055518	1.9324716	1.8544875	1.90274	1.8510679	1.9046135	2.015891	10	1.9153335	0.04904438	0.19225398	Folding	1.1531476	0.029527709	0.11574862
L5I	L5I	5	5	0.06781309	2.1952827e-05	0.063511275	0.20420082	0.21281962	0.1543247	0.14566943	-0.008767665	0.3555164	0.30931073	10	0.15044203	0.123140395	0.48271036	Folding	0.09057528	0.07413802	0.29062104
L5K	L5K	5	5	2.7950628	3.2318861	3.1334245	2.9134686	3.1548836	3.1727734	3.4189289	3.1682627	2.9145942	3.0111547	10	3.0914438	0.18333702	0.7186811	Folding	1.8612376	0.11038006	0.43268985
L5M	L5M	5	5	0.22472544	0.29376948	0.23409632	0.2819625	0.43129212	0.62672955	0.2861331	0.6436052	0.42061663	0.3611958	10	0.3804126	0.15138316	0.593422	Folding	0.2290316	0.091141894	0.35727623
L5N	L5N	5	5	3.2785163	3.0368962	2.8376577	3.3353739	3.2086084	3.3462784	3.1814773	3.1120644	3.0605652	3.1980824	10	3.159552	0.15456688	0.6059022	Folding	1.902243	0.09305869	0.36479008
L5P	L5P	5	5	1.0440763	1.2273977	0.97784585	1.1579413	1.4399401	0.8663787	1.1010181	1.3295175	0.89969623	1.2848655	10	1.1328677	0.1897214	0.7437079	Folding	0.6820554	0.11422385	0.4477575
L5Q	L5Q	5	5	2.9698203	2.7138188	2.9951267	2.4244215	2.6983492	2.9660327	3.140811	3.2025077	2.8142715	2.737009	10	2.8662167	0.23375887	0.91633475	Folding	1.7256372	0.14073709	0.5516894
L5R	L5R	5	5	3.0128014	3.1786487	2.7651632	3.0526412	3.2185392	3.2348976	2.9689288	2.2999659	3.0007727	3.1088598	10	2.9841218	0.2775444	1.0879741	Folding	1.7966232	0.16709866	0.65502673
L5S	L5S	5	5	2.652045	2.38509	2.4283097	2.6439857	2.409906	2.3432138	2.4483743	2.6405687	2.4648309	2.5909517	10	2.5007274	0.11870636	0.46532893	Folding	1.5055904	0.071468465	0.28015637
L5T	L5T	5	5	1.2342836	1.068097	1.3054578	1.2243246	0.78107905	1.235417	1.3642427	1.31782	1.2236075	1.3331565	10	1.2087486	0.17172837	0.6731752	Folding	0.72774035	0.103390954	0.40529254
L5V	L5V	5	5	0.37455386	0.24878222	0.27175733	0.4510247	0.39466226	0.49750632	0.32925963	0.51647437	0.3590872	0.34831053	10	0.37914184	0.08860995	0.347351	Folding	0.2282665	0.053348593	0.20912649
L5W	L5W	5	5	1.2754294	1.6389804	1.656286	1.7772038	1.484935	1.7088426	1.7682319	1.7355988	1.9923313	1.6410955	10	1.6678934	0.18936384	0.74230623	Folding	1.0041735	0.114008576	0.44691363
L5Y	L5Y	5	5	1.0328329	1.3354101	1.599279	1.452845	1.4032656	1.1517144	1.6005129	1.4553317	1.3550067	1.2733178	10	1.3659515	0.18039818	0.7071609	Folding	0.8223861	0.108610705	0.42575398
L78A	L78A	78	78	0.9340524	0.753084	0.95007867	0.9645536	0.8659893	0.8292461	0.72380733	0.858056	0.91180736	0.7414837	10	0.8532159	0.089296125	0.35004082	Folding	0.51368797	0.053761713	0.21074592
L78C	L78C	78	78	0.8670875	0.9986662	0.9308544	0.94560814	0.69320613	0.96684307	0.7530819	0.7809236	0.992771	0.8317507	10	0.87607926	0.107697405	0.42217383	Folding	0.5274531	0.064840406	0.2541744
L78D	L78D	78	78	3.7219827	3.402724	2.4339523	3.8281453	3.5709846	3.95409	3.8303525	3.9431813	4.015907	3.8006806	10	3.6502004	0.46554905	1.8249524	Folding	2.1976433	0.2802889	1.0987325
L78E	L78E	78	78	3.7818425	2.7619379	2.7650087	3.7659273	3.506823	3.5732665	3.1592948	3.490158	2.595274	3.2683895	10	3.2667923	0.4326926	1.696155	Folding	1.9668082	0.26050732	1.0211887
L78F	L78F	78	78	0.54943025	0.6211177	0.6604673	0.7622472	0.6333694	0.767446	0.6796976	0.69567424	0.6816595	0.681758	10	0.6732868	0.064363435	0.25230467	Folding	0.40535972	0.03875071	0.1519028
L78G	L78G	78	78	3.0188205	2.2882876	2.4115267	2.0405602	2.2853165	2.5843601	2.7736728	2.7356243	2.6837108	2.9805372	10	2.5802417	0.31916714	1.2511352	Folding	1.5534629	0.19215807	0.75325966
L78H	L78H	78	78	2.0584445	2.601761	1.6106744	1.8625336	2.2377217	2.2983227	2.5765855	1.9713395	2.5412736	2.627614	10	2.238627	0.35468793	1.3903767	Folding	1.3477899	0.21354376	0.83709157
L78I	L78I	78	78	0.15816288	0.3086992	0.1768907	0.22897464	0.25054783	0.23733245	0.31780142	0.27799112	0.3010327	0.16185085	10	0.24192838	0.060489748	0.23711981	Folding	0.14565563	0.036418516	0.14276059
L78K	L78K	78	78	3.0253782	3.5075526	3.5083156	3.5726643	3.645715	3.7534285	3.11144	3.5167942	4.0444345	3.4903474	10	3.5176072	0.29074502	1.1397206	Folding	2.117814	0.17504624	0.68618125
L78M	L78M	78	78	0.17784768	0.20738779	0.20068046	0.1297169	-0.07937489	0.11466366	0.22094168	0.05316715	0.18462603	0.24613686	10	0.14557932	0.09750523	0.3822205	Folding	0.08764763	0.058704093	0.23012005
L78N	L78N	78	78	3.7649622	4.161623	3.4197574	3.7918725	3.807555	4.2389565	4.0376983	3.9026194	3.8122594	3.5850153	10	3.8522315	0.24844123	0.97388965	Folding	2.3192782	0.14957677	0.58634096
L78P	L78P	78	78	1.3773249	1.0157224	1.0047625	0.96000105	1.0563649	0.9538526	1.2131339	1.1824948	1.4637743	1.1625347	10	1.1389967	0.17530432	0.687193	Folding	0.6857455	0.10554389	0.41373205
L78Q	L78Q	78	78	3.205102	3.3577006	3.171475	2.6025825	3.6568918	3.0862594	3.1718538	2.7488852	3.2140782	3.0510893	10	3.126592	0.29384154	1.1518588	Folding	1.882399	0.17691052	0.69348925
L78R	L78R	78	78	2.9543912	2.4611104	2.820952	2.3490088	1.9172666	2.0482295	2.7738662	2.9957345	2.859187	3.7102847	10	2.6890032	0.5201287	2.0389047	Folding	1.6189439	0.3131492	1.2275449
L78S	L78S	78	78	2.5968773	2.9636009	2.6496272	2.2100613	2.4057815	2.282476	2.0999825	2.612823	2.5115774	2.3428504	10	2.467566	0.252545	0.9899764	Folding	1.4856251	0.15204749	0.5960262
L78T	L78T	78	78	2.6264317	2.2780387	2.5855505	2.5476055	2.2727773	2.6965647	2.2438881	2.1968896	2.4776537	2.3491368	10	2.4274535	0.18049417	0.7075372	Folding	1.461475	0.1086685	0.4259805
L78V	L78V	78	78	0.5505316	0.50306416	0.46648547	0.4966491	0.512818	0.45684338	0.54933244	0.411877	0.47504056	0.5406554	10	0.4963297	0.044801485	0.17562182	Folding	0.29882073	0.026973225	0.10573504
L78W	L78W	78	78	2.9434397	2.320719	2.308304	2.1833498	2.642968	2.692354	2.4193661	2.8646748	2.821285	2.3557026	10	2.5552166	0.2700374	1.0585467	Folding	1.5383961	0.16257899	0.6373096
L78Y	L78Y	78	78	1.9215766	1.9765747	2.297586	2.134981	2.0728211	1.9563307	1.9693081	2.0403423	2.12077	1.8901122	10	2.0380402	0.12267652	0.48089197	Folding	1.2270244	0.073858745	0.28952628
M110A	M110A	110	110	2.0554943	2.0355709	2.2680912	2.2042797	1.9479575	1.9745072	1.8835256	1.7305253	1.9948748	1.9643584	10	2.0059187	0.15218246	0.59655523	Folding	1.2076854	0.09162312	0.35916263
M110C	M110C	110	110	1.1301976	1.0244756	1.1385816	1.0956888	1.1256158	0.89839816	1.0904099	1.0162282	1.2134824	1.0859988	10	1.0819076	0.0858507	0.33653474	Folding	0.65137434	0.051687356	0.20261444
M110D	M110D	110	110	4.4678965	3.2270396	3.9586964	3.7780476	3.8871677	4.3017898	3.8674088	3.8435142	3.803287	3.8491235	10	3.898397	0.32854366	1.2878911	Folding	2.3470726	0.19780332	0.775389
M110E	M110E	110	110	3.0349772	2.979822	3.2683647	2.5998316	2.4709177	2.617446	2.488692	2.8221784	2.68417	2.7676477	10	2.7734046	0.25677463	1.0065566	Folding	1.6697587	0.15459399	0.60600847
M110F	M110F	110	110	0.7577027	0.7808656	0.7172399	0.8035415	0.8053933	0.9212306	0.8115957	0.9341634	0.83913785	0.8589388	10	0.822981	0.06798816	0.2665136	Folding	0.49548474	0.040933017	0.16045743
M110G	M110G	110	110	2.7445805	2.2840445	2.277403	2.5784097	2.392	2.5381477	2.5045695	2.473382	2.740161	2.3006842	10	2.4833384	0.17340717	0.6797561	Folding	1.4951211	0.104401685	0.4092546
M110H	M110H	110	110	2.9225464	2.829315	2.9416645	2.6943884	2.9387133	2.7027225	2.8047864	2.8299668	2.660479	2.7124293	10	2.8037012	0.107353285	0.4208249	Folding	1.687999	0.06463322	0.25336224
M110I	M110I	110	110	0.7563185	0.70666087	0.48441872	0.5814411	0.6941885	0.75010556	0.79229045	0.59231114	0.59207106	0.7612255	10	0.6711031	0.10190046	0.3994498	Folding	0.404045	0.06135029	0.24049313
M110K	M110K	110	110	1.6540203	1.7280716	1.9803019	1.9026171	2.00493	2.0784147	1.9467577	1.6918057	1.9028348	1.6658802	10	1.8555634	0.15633577	0.61283624	Folding	1.1171623	0.09412367	0.3689648
M110L	M110L	110	110	0.87990516	0.9597289	0.91849667	1.0275146	1.1806772	1.0898862	1.1982766	1.0954806	1.112207	0.9706004	10	1.0432774	0.10920104	0.42806807	Folding	0.6281166	0.06574568	0.25772306
M110N	M110N	110	110	3.4730544	3.0947137	3.249119	2.9801972	3.4186327	2.920602	2.6941648	3.1532943	3.099422	2.8710546	10	3.0954254	0.24249782	0.95059144	Folding	1.8636348	0.14599848	0.572314
M110P	M110P	110	110	4.3848658	4.287753	4.147333	4.024836	3.6303287	3.1924639	4.055758	4.2168126	3.9345865	3.9623446	10	3.9837081	0.3488359	1.3674366	Folding	2.398435	0.21002047	0.8232803
M110Q	M110Q	110	110	2.534147	2.71693	2.5471437	2.4987538	2.5424006	2.4555845	2.599155	2.5144951	2.7155094	2.4249446	10	2.5549064	0.097861335	0.38361645	Folding	1.5382094	0.05891849	0.23096049
M110R	M110R	110	110	2.461794	2.3995502	2.8599405	2.9245024	2.6803918	3.086376	3.341856	2.4936168	2.4717567	2.7998326	10	2.7519617	0.3095337	1.2133721	Folding	1.6568488	0.18635815	0.730524
M110S	M110S	110	110	2.6449196	2.3074288	2.2958791	2.141436	1.8712862	2.1976976	2.201828	2.1613405	2.4575708	2.4229925	10	2.270238	0.21039847	0.824762	Folding	1.3668216	0.1266727	0.496557
M110T	M110T	110	110	1.3282878	1.3808897	1.442126	1.593909	1.4724867	1.6071239	1.3764651	1.492973	1.375483	1.5625379	10	1.4632282	0.09959765	0.3904228	Folding	0.8809526	0.059963856	0.23505832
M110V	M110V	110	110	1.169023	1.155852	1.4361355	1.2774259	1.3316455	1.2355114	1.2332411	1.1767772	1.256204	1.1215189	10	1.2393334	0.09353919	0.36667365	Folding	0.74615425	0.056316298	0.22075988
M110W	M110W	110	110	1.4212116	1.2055917	1.2700323	1.3877342	1.1628287	1.4511423	1.3516232	1.1543323	1.2597361	1.1026694	10	1.2766902	0.1215052	0.4763004	Folding	0.76864535	0.07315354	0.28676188
M110Y	M110Y	110	110	2.0928779	2.0520055	2.034884	2.2021122	2.080327	2.2010398	2.3673403	2.599048	2.2923846	2.3236032	10	2.2245622	0.17638014	0.6914102	Folding	1.3393221	0.1061916	0.41627106
M169A	M169A	169	169	0.30383033	0.55018246	0.46636704	0.56538063	0.3884057	0.39036793	0.73939794	0.75151664	0.46738315	0.5080209	10	0.5130853	0.14562778	0.5708609	Folding	0.30890864	0.0876768	0.34369308
M169C	M169C	169	169	0.24581537	0.14343593	0.28091747	0.34367105	0.13287732	0.20727918	0.21333848	0.1942121	0.2537622	0.26820302	10	0.2283512	0.063910976	0.25053102	Folding	0.13748135	0.038478304	0.15083495
M169D	M169D	169	169	0.14002989	0.00615674	0.107688166	0.094783716	0.04855825	0.01601198	0.04553585	0.088626534	0.06103125	0.14287262	10	0.0751295	0.0476823	0.18691462	Folding	0.04523254	0.028707651	0.112533994
M169E	M169E	169	169	0.17633264	0.33819705	0.80637497	0.4263609	0.33206674	0.07869619	0.27997196	0.085083395	0.61049336	0.5103938	10	0.36439714	0.2321233	0.9099234	Folding	0.21938929	0.13975237	0.54782933
M169F	M169F	169	169	0.32932353	0.36784068	0.3822012	0.45952874	0.6011134	0.51175505	0.38894767	0.40207985	0.36107358	0.26128557	10	0.40651494	0.09619693	0.37709197	Folding	0.24474679	0.057916414	0.22703235
M169G	M169G	169	169	0.59827965	0.3180591	0.45026815	0.3951717	0.26634365	0.50801486	0.38213837	0.33624154	0.2990189	0.42013523	10	0.3973671	0.10166833	0.39853984	Folding	0.23923922	0.06121053	0.23994529
M169H	M169H	169	169	-0.101435035	0.08202112	0.092068575	0.07725137	0.09197957	0.10927595	0.12583849	-0.029180918	0.09998476	0.08911222	10	0.06369161	0.0714306	0.28000796	Folding	0.03834623	0.04300558	0.16858187
M169I	M169I	169	169	0.45214885	0.17760448	0.27979812	0.35861048	0.25235093	0.30669218	0.38810748	0.15178378	0.2799425	0.19811341	10	0.28451523	0.09568748	0.37509492	Folding	0.17129552	0.057609696	0.22583002
M169K	M169K	169	169	0.43375063	0.39687935	0.6783201	0.9026657	0.51004785	0.72061163	0.60372293	0.49113345	0.7800697	0.6657957	10	0.61829966	0.16143355	0.63281953	Folding	0.3722541	0.09719284	0.38099593
M169L	M169L	169	169	0.13279387	0.18320568	0.16128454	0.22295858	0.20749505	0.07383374	0.17570412	0.26040605	0.15318805	0.1575168	10	0.17283866	0.05126919	0.20097522	Folding	0.10405941	0.030867178	0.12099934
M169N	M169N	169	169	0.3837625	0.13817088	0.39569098	0.30666304	0.15459122	0.13883686	0.39756054	0.59458613	0.07506693	0.21532121	10	0.28002506	0.1631624	0.6395966	Folding	0.16859217	0.09823371	0.38507614
M169P	M169P	169	169	0.79052085	0.78011537	0.54757035	0.5997774	0.73657465	0.64891315	0.67734355	0.57929623	1.0885167	0.7087699	10	0.7157398	0.15472804	0.60653394	Folding	0.430919	0.09315571	0.3651704
M169Q	M169Q	169	169	0.20523569	0.26797512	0.15470003	0.24289739	0.57939607	0.23486993	0.44565767	0.21848173	0.32087654	0.18967296	10	0.28597635	0.13131191	0.5147427	Folding	0.1721752	0.079057775	0.30990648
M169R	M169R	169	169	0.79953367	0.7735227	0.67457134	0.7288677	0.53772473	0.49894044	0.5480015	0.6140149	0.72256756	0.6755773	10	0.6573322	0.10378826	0.40684998	Folding	0.39575404	0.062486857	0.24494849
M169S	M169S	169	169	0.40673667	0.3216008	0.39180106	0.38024092	0.3662384	0.35605127	0.42612737	0.44934842	0.5217366	0.5445845	10	0.4164466	0.07138182	0.27981675	Folding	0.25072625	0.042976208	0.16846673
M169T	M169T	169	169	0.36874518	0.190551	0.3758323	0.30072364	0.5277485	0.4052116	0.30188784	0.200862	0.33300832	0.21567309	10	0.32202435	0.10465641	0.41025314	Folding	0.1938783	0.063009545	0.24699742
M169V	M169V	169	169	0.37185508	0.31347436	0.27479124	0.31604895	0.37457696	0.3028447	0.34680688	0.40968207	0.35777888	0.4699254	10	0.35377845	0.05707737	0.22374329	Folding	0.2129962	0.034364056	0.13470711
M169W	M169W	169	169	0.7728267	0.6863804	0.55056846	0.8480842	0.6766293	0.6466313	0.71835566	0.6704545	0.65233356	0.58446944	10	0.68067336	0.08578812	0.33628944	Folding	0.40980688	0.051649682	0.20246676
M169Y	M169Y	169	169	0.21512921	0.30229825	0.20893058	0.24814571	0.3743989	0.33947307	0.52259666	0.25729787	0.35352775	0.5348791	10	0.3356677	0.11641327	0.45634004	Folding	0.20209242	0.07008789	0.2747445
M187A	M187A	187	187	-0.7445025	-0.83324236	-0.7589011	-0.7707057	-0.834066	-0.89481795	-0.68201697	-0.8000025	-0.7611963	-0.933856	10	-0.80133075	0.07469098	0.29278865	Folding	-0.48244998	0.044968527	0.17627662
M187C	M187C	187	187	-0.22340637	-0.26308066	-0.09614102	-0.25612086	-0.060828265	-0.19840476	-0.2476068	-0.2235482	-0.11503828	-0.37067038	10	-0.20548455	0.09231683	0.36188197	Folding	-0.12371423	0.05558036	0.21787502
M187D	M187D	187	187	-1.2320148	-1.177455	-0.8641165	-1.0093647	-1.1730067	-1.1221708	-1.1470021	-1.3123107	-1.2003742	-1.2523739	10	-1.149019	0.12895034	0.50548536	Folding	-0.6917795	0.077635966	0.304333
M187E	M187E	187	187	-1.1102319	-1.0384804	-1.1543205	-1.0203904	-1.1627727	-1.1826125	-1.1150985	-1.2377788	-1.1765214	-1.051439	10	-1.1249646	0.07081692	0.27760231	Folding	-0.6772973	0.042636104	0.16713353
M187F	M187F	187	187	0.97160125	0.9986722	1.0055283	1.0548561	0.8490517	0.60235775	1.2263024	0.9806252	0.94746614	1.0478562	10	0.96843165	0.16035564	0.62859416	Folding	0.5830549	0.09654387	0.37845197
M187G	M187G	187	187	-0.7480504	-0.9570317	-0.78863674	-0.89325017	-0.74908775	-0.6145884	-0.8588971	-0.76192313	-0.88794327	-0.8392592	10	-0.8098668	0.09796397	0.38401875	Folding	-0.48758918	0.058980282	0.2312027
M187H	M187H	187	187	-0.72534084	-0.55891395	-0.4175066	-0.8977801	-0.71753925	-0.6252888	-0.7406899	-0.74890524	-0.7825927	-0.70227987	10	-0.6916837	0.13146138	0.51532865	Folding	-0.41643578	0.07914777	0.31025928
M187I	M187I	187	187	0.5217447	0.8502038	0.67506015	0.73417944	0.7408057	0.7934173	0.7426218	0.7268014	0.6338451	0.6663032	10	0.70849824	0.09058018	0.35507432	Folding	0.42655915	0.054534793	0.2137764
M187K	M187K	187	187	-0.4804429	-0.4775159	-0.2545047	-0.26500463	-0.5731012	-0.4483005	-0.4688383	-0.569416	-0.3335681	-0.63790864	10	-0.45086008	0.13028008	0.5106979	Folding	-0.27144527	0.07843655	0.3074713
M187L	M187L	187	187	0.5340473	0.60415155	0.611669	0.69377404	0.49862257	0.66391873	0.7841582	0.77848715	0.706141	0.71412134	10	0.6589091	0.09604304	0.37648875	Folding	0.39670345	0.057823766	0.22666916
M187N	M187N	187	187	-0.76444024	-0.82108533	-0.6984727	-0.7441273	-0.7767339	-0.83257395	-0.61650336	-0.7092426	-0.82096523	-0.8114782	10	-0.7595623	0.069015406	0.2705404	Folding	-0.45730284	0.041551482	0.1628818
M187P	M187P	187	187	-1.4947628	-1.4585689	-1.3923416	-1.3678595	-1.4914165	-1.7096186	-1.2506434	-1.4053783	-1.3027247	-1.2615767	10	-1.4134891	0.13616285	0.53375834	Folding	-0.8510066	0.081978336	0.32135507
M187Q	M187Q	187	187	-0.994196	-0.87985545	-0.8792185	-0.87970185	-0.92570573	-0.80715764	-0.86436486	-1.0518117	-0.93065476	-1.0491365	10	-0.92618024	0.08168166	0.32019213	Folding	-0.557617	0.04917734	0.19277517
M187R	M187R	187	187	-0.443839	-0.6177829	-0.5359467	-0.5629504	-0.5735311	-0.56349754	-0.4768103	-0.6147867	-0.6014967	-0.67113966	10	-0.56617814	0.06768328	0.26531845	Folding	-0.34087378	0.04074946	0.15973788
M187S	M187S	187	187	-0.77616787	-0.8533992	-0.87925494	-0.7990759	-0.8125748	-0.9169662	-0.79996103	-1.0217857	-0.8781368	-0.80792004	10	-0.85452425	0.07391355	0.28974113	Folding	-0.5144757	0.044500466	0.17444183
M187T	M187T	187	187	-0.7116096	-0.6431229	-0.66580933	-0.7231424	-0.6376064	-0.6543292	-0.63603497	-0.5993704	-0.7113202	-0.5830242	10	-0.65653694	0.047366314	0.18567595	Folding	-0.39527526	0.028517408	0.11178824
M187V	M187V	187	187	0.61284024	0.5709535	0.64476603	0.61315805	0.77111214	0.686428	0.63507056	0.6303828	0.5919599	0.60001326	10	0.6356684	0.0571841	0.22416167	Folding	0.38271114	0.034428313	0.134959
M187W	M187W	187	187	0.6297656	0.47622246	0.6130045	0.45361462	0.5321023	0.31287685	0.4036136	0.334249	0.22140893	0.32629606	10	0.4303154	0.13513865	0.5297435	Folding	0.25907612	0.0813617	0.3189379
M187Y	M187Y	187	187	0.36060977	0.16899537	0.3678729	0.4419168	0.49895316	0.30228084	0.3115188	0.20528862	0.15831862	0.2683529	10	0.30841076	0.112862304	0.44242024	Folding	0.18568209	0.06794999	0.26636395
M66A	M66A	66	66	0.02675153	-0.25300846	-0.16959286	-0.14702818	-0.2675197	-0.106165186	0.012662679	-0.2026839	-0.13927609	-0.19727822	10	-0.14431384	0.099576086	0.39033827	Folding	-0.086885735	0.059950877	0.23500744
M66C	M66C	66	66	0.045991495	0.09253301	0.15329707	-0.041916035	0.07328617	0.22107147	0.121603906	0.113225296	-0.05041271	0.11091786	10	0.08395975	0.083091155	0.32571733	Folding	0.05054889	0.05002594	0.1961017
M66D	M66D	66	66	-0.14585963	-0.08812998	-0.12784284	-0.2769341	-0.38383082	-0.054795742	-0.43330148	-0.16202867	-0.3291104	-0.1723441	10	-0.21741779	0.12983818	0.5089657	Folding	-0.13089877	0.0781705	0.30642837
M66E	M66E	66	66	-0.104613975	-0.24205792	-0.16097674	-0.15392867	-0.09418524	0.031901296	-0.19709297	-0.4487271	-0.07289458	-0.4076131	10	-0.1850189	0.14846474	0.5819818	Folding	-0.111392654	0.089384824	0.35038853
M66F	M66F	66	66	0.15170147	0.335088	0.34539306	0.3045022	0.24033968	0.2387315	0.17039564	0.2184312	0.22019534	0.2629715	10	0.24877493	0.0646084	0.25326493	Folding	0.14977768	0.038898196	0.15248093
M66G	M66G	66	66	-0.02661403	-0.011731909	-0.18045932	-0.2586052	-0.17195103	-0.12319632	-0.2887147	-0.15675572	-0.19677973	-0.25466272	10	-0.16694707	0.09298944	0.3645186	Folding	-0.10051231	0.055985313	0.21946242
M66H	M66H	66	66	0.21964307	0.08617393	0.32540822	0.1377134	-0.03500876	-0.019721616	0.15971902	-0.027279602	0.04013638	0.026117418	10	0.091290146	0.11895263	0.46629432	Folding	0.054962233	0.07161674	0.2807376
M66I	M66I	66	66	-0.091694765	-0.20709807	-0.08246325	-0.13031825	-0.2753796	-0.24310514	-0.24729544	-0.1826132	-0.22926405	-0.14359245	10	-0.1832824	0.0681286	0.26706412	Folding	-0.11034718	0.041017573	0.1607889
M66K	M66K	66	66	-0.2509523	-0.13940488	-0.2968651	0.059024226	-0.075277776	-0.24266984	-0.119055904	-0.2726462	-0.35734552	-0.35349876	10	-0.2048692	0.13334686	0.5227197	Folding	-0.12334375	0.08028294	0.31470913
M66L	M66L	66	66	-0.06741136	0.06012911	0.03986039	-0.0671455	0.07156813	-0.017729713	-0.025432484	-0.1454668	-0.073970325	-0.13149361	10	-0.035709213	0.075653896	0.29656327	Folding	-0.021499123	0.045548256	0.17854917
M66N	M66N	66	66	-0.38074985	-0.24915469	-0.2918637	-0.38761473	-0.2257548	-0.16516604	-0.228966	-0.40143597	-0.2595991	-0.13923405	10	-0.2729539	0.09191721	0.36031547	Folding	-0.1643349	0.055339765	0.21693188
M66P	M66P	66	66	-0.086422876	0.019613516	-0.053621788	0.037763495	-0.029776229	-0.018475851	-0.093592815	-0.03881632	-0.08539536	-0.03503519	10	-0.038375944	0.044022705	0.172569	Folding	-0.023104658	0.026504353	0.103897065
M66Q	M66Q	66	66	-0.07104014	-0.0992391	-0.054659743	-0.25247994	-0.19403467	-0.23155953	-0.23116276	-0.30836323	-0.30808002	0.0115208905	10	-0.17390983	0.112557165	0.4412241	Folding	-0.10470432	0.06776628	0.2656438
M66R	M66R	66	66	-0.11622929	-0.18439737	-0.09965165	-0.122341715	-0.1097859	-0.22064452	-0.09610322	-0.16419366	0.022615645	-0.15218674	10	-0.12429184	0.06542984	0.25648496	Folding	-0.07483126	0.03939275	0.15441959
M66S	M66S	66	66	0.01088232	-0.059987508	-0.07399238	-0.113118395	-0.016554952	-0.10192436	-0.0589391	-0.059236474	-0.08769487	-0.082179196	10	-0.06427449	0.03766032	0.14762846	Folding	-0.03869716	0.022673808	0.08888133
M66T	M66T	66	66	-0.11897909	-0.29041135	-0.15028484	-0.17320895	-0.20737074	-0.20215397	-0.13987692	-0.08400088	-0.17248479	-0.04144341	10	-0.1580215	0.069388464	0.2720028	Folding	-0.09513857	0.041776087	0.16376227
M66V	M66V	66	66	-0.1486847	-0.087553	-0.20556116	-0.107746705	-0.094164655	-0.24344575	-0.13020673	-0.16221839	-0.15173037	-0.15258726	10	-0.14838989	0.048474804	0.19002123	Folding	-0.08933976	0.029184787	0.114404365
M66W	M66W	66	66	0.8413768	0.6023349	0.60310656	0.5225399	0.59771276	0.5558026	0.88575983	0.5142985	0.618073	0.55569386	10	0.62966985	0.1285503	0.5039172	Folding	0.37909964	0.07739512	0.30338886
M66Y	M66Y	66	66	0.31894392	0.24309301	0.096760914	0.100505516	0.12903015	0.0990358	0.31575286	0.13166253	-0.036688294	0.2589236	10	0.16570202	0.11430523	0.44807652	Folding	0.099762715	0.06881872	0.26976937
M71A	M71A	71	71	0.34352618	0.21610159	0.3075817	0.27169713	0.33443645	0.3157095	0.40289357	0.39042452	0.5863917	0.43353957	10	0.36023018	0.101961106	0.39968756	Folding	0.21688053	0.0613868	0.24063626
M71C	M71C	71	71	0.30151188	0.37179297	0.32967755	0.15403022	0.31717014	0.27138594	0.21760768	0.32474732	0.34583858	0.42237902	10	0.3056141	0.07646464	0.2997414	Folding	0.18399833	0.046036374	0.18046258
M71D	M71D	71	71	0.9228217	0.88977444	0.64452326	0.62516254	0.73269105	0.73268414	0.7570026	0.74304616	0.65819246	0.67916685	10	0.73850656	0.099406995	0.38967544	Folding	0.44462597	0.059849072	0.23460837
M71E	M71E	71	71	0.8558693	0.69395393	0.68226284	1.0902236	0.7833524	0.81594944	0.74054086	0.9256205	0.81472105	0.7564013	10	0.81588954	0.12105972	0.47455412	Folding	0.49121526	0.072885334	0.2857105
M71F	M71F	71	71	0.027053334	0.06339039	-0.002040676	0.06378659	0.06430596	-0.075791866	0.17381676	0.0116115445	-0.026589211	0.028676927	10	0.032821976	0.06650514	0.26070017	Folding	0.01976083	0.04004015	0.15695739
M71G	M71G	71	71	0.31985828	0.33665493	0.3072114	0.32173097	0.34247604	0.3194372	0.33404994	0.32142493	0.3284992	0.31018457	10	0.32415277	0.011279272	0.044214748	Folding	0.19515973	0.0067908093	0.026619973
M71H	M71H	71	71	0.56063443	0.5431565	0.5830149	0.64518917	0.57023835	0.57774615	0.60557276	0.67835295	0.6429649	0.64146906	10	0.6048339	0.044714667	0.1752815	Folding	0.3641469	0.026920956	0.10553015
M71I	M71I	71	71	-0.003765915	-0.074916676	-0.15060732	-0.07517904	-0.054639943	-0.060108446	-0.03456748	-0.008450989	-0.01896098	-0.106181465	10	-0.058737826	0.04589689	0.17991582	Folding	-0.035363752	0.027632726	0.10832029
M71K	M71K	71	71	0.74016684	1.1109003	0.7445948	1.0241827	0.8476566	0.7622858	1.0678444	1.1534042	1.0972675	0.8739829	10	0.9422285	0.16514201	0.6473567	Folding	0.567279	0.09942556	0.38974822
M71L	M71L	71	71	0.05730214	0.18330899	0.1441256	0.07962318	0.2124868	0.20776847	0.077725455	-0.01756521	0.055428382	0.06874776	10	0.10689516	0.07615681	0.2985347	Folding	0.06435741	0.045851044	0.1797361
M71N	M71N	71	71	0.6202203	0.65289915	0.8218434	0.676684	0.7116236	0.8150941	0.8450471	0.83823496	0.7626186	0.8617171	10	0.76059824	0.08872812	0.34781423	Folding	0.4579265	0.05341974	0.20940538
M71P	M71P	71	71	0.57835317	0.561084	0.53196317	0.6130153	0.46847	0.54697955	0.5887344	0.6343529	0.49279758	0.49404716	10	0.55097973	0.05465882	0.21426257	Folding	0.3317234	0.03290794	0.12899913
M71Q	M71Q	71	71	0.7349696	0.66633207	0.6552227	0.7161336	0.82380944	0.7130714	0.9643533	0.7060111	0.8094281	0.6280185	10	0.74173504	0.09987654	0.39151603	Folding	0.4465697	0.060131766	0.23571652
M71R	M71R	71	71	0.8433033	0.89790803	0.8454257	0.86008596	0.934648	0.8098644	0.8670203	0.9377233	0.9246236	0.8962391	10	0.8816841	0.043322764	0.16982524	Folding	0.5308276	0.026082946	0.10224515
M71S	M71S	71	71	0.6054569	0.64466673	0.6266093	0.549338	0.6239025	0.67539376	0.64524525	0.6360793	0.57268286	0.648879	10	0.6228254	0.03775565	0.14800215	Folding	0.37497887	0.022731204	0.08910632
M71T	M71T	71	71	0.502625	0.43951437	0.45821315	0.42924264	0.40456468	0.48060963	0.5680474	0.43384284	0.3127122	0.50912577	10	0.4538498	0.06893702	0.27023312	Folding	0.27324525	0.04150429	0.16269682
M71V	M71V	71	71	0.14965719	0.437697	0.2971967	0.34565192	0.4018336	0.27251208	0.4313435	0.22200707	0.3501276	0.25767985	10	0.31657067	0.094088	0.368825	Folding	0.19059485	0.056646716	0.22205514
M71W	M71W	71	71	0.109791845	0.06938115	0.16088729	0.19980605	0.08611465	0.2128041	0.22904472	0.07041465	0.12067217	0.19355826	10	0.14524749	0.061331917	0.24042112	Folding	0.087447844	0.036925554	0.14474818
M71Y	M71Y	71	71	0.07437975	0.10540232	0.028842915	-0.061860777	0.011429177	0.14511253	0.11405057	-0.108580865	0.25699726	0.12998652	10	0.06957594	0.10636533	0.4169521	Folding	0.04188896	0.06403841	0.25103056
N115A	N115A	115	115	-0.24075782	-0.26780283	-0.24573003	-0.20412622	-0.24109682	-0.23541404	-0.24677016	-0.22066814	-0.22329679	-0.27552506	10	-0.24011882	0.021281209	0.08342234	Folding	-0.14456616	0.012812586	0.050225336
N115C	N115C	115	115	-0.24721518	-0.3133876	-0.30594203	-0.2501661	-0.25445485	-0.2672178	-0.30799654	-0.2521903	-0.26023406	-0.29419008	10	-0.27529946	0.026867686	0.10532133	Folding	-0.16574706	0.016175985	0.063409865
N115D	N115D	115	115	1.2453803	1.1620905	1.1970533	1.2763503	1.2208374	1.2200907	1.2351087	1.3317052	1.241309	1.1342458	10	1.2264172	0.05558045	0.21787536	Folding	0.7383779	0.03346282	0.13117425
N115E	N115E	115	115	1.2677401	1.1549286	1.1117582	1.2463976	1.2417449	1.2101619	1.2615296	1.3078208	1.2719359	1.1642776	10	1.2238296	0.061993755	0.24301553	Folding	0.73682004	0.037324023	0.14631017
N115F	N115F	115	115	1.7681547	1.6893198	1.6608037	1.731151	1.7654222	1.7658111	1.77398	1.8450842	1.7704788	1.6673703	10	1.7437576	0.057042085	0.22360498	Folding	1.0498484	0.034342814	0.13462384
N115G	N115G	115	115	0.5164601	0.4593985	0.45435116	0.5315816	0.51009464	0.5082616	0.5095628	0.5826047	0.51688105	0.4768612	10	0.50660574	0.03722273	0.14591311	Folding	0.30500755	0.022410354	0.08784859
N115H	N115H	115	115	-0.03673892	-0.07121762	-0.053195786	0.00958291	-0.028692607	-0.012611648	-0.035038218	0.02631582	-0.0014773814	-0.048932936	10	-0.025200639	0.030352984	0.1189837	Folding	-0.015172321	0.018274346	0.07163544
N115I	N115I	115	115	0.9014175	0.75276667	0.7745258	0.8866761	0.88071185	0.8799516	0.90045184	1.0050552	0.899091	0.8419517	10	0.8722598	0.07077903	0.2774538	Folding	0.5251536	0.042613294	0.16704412
N115K	N115K	115	115	2.2828405	2.0798962	2.1608756	2.2333307	2.2668777	2.2530208	2.2891362	2.3225462	2.2447095	2.148225	10	2.228146	0.07522816	0.2948944	Folding	1.3414798	0.04529194	0.17754441
N115L	N115L	115	115	-0.19405922	-0.22323525	-0.21075588	-0.14665413	-0.16284467	-0.18323515	-0.18759973	-0.11209153	-0.16879618	-0.1967872	10	-0.1786059	0.03246675	0.12726967	Folding	-0.107531644	0.019546963	0.076624095
N115M	N115M	115	115	-0.49050492	-0.51163787	-0.5045117	-0.44316223	-0.48501527	-0.47096747	-0.48428187	-0.4311984	-0.47981524	-0.5072958	10	-0.48083907	0.026486639	0.103827626	Folding	-0.28949445	0.01594657	0.06251056
N115P	N115P	115	115	2.3546178	2.2464592	2.1900146	2.3445477	2.310257	2.3373878	2.3316944	2.5451648	2.4376044	2.3074374	10	2.3405185	0.09724949	0.38121802	Folding	1.4091349	0.058550123	0.22951649
N115Q	N115Q	115	115	0.050156124	-0.0019999135	0.016769912	0.080801144	0.047429785	0.056234878	0.052591756	0.06698728	0.033900253	0.015367257	10	0.04182385	0.02557747	0.100263685	Folding	0.025180507	0.015399197	0.060364854
N115R	N115R	115	115	2.1866772	2.0561175	2.0474372	2.1470842	2.1209004	2.1431508	2.2079475	2.307138	2.2043364	2.1389492	10	2.155974	0.07626592	0.2989624	Folding	1.2980278	0.045916736	0.17999361
N115S	N115S	115	115	0.0049025896	-0.018129647	0.0042137234	0.06236441	0.00459456	0.030482734	-0.0027732903	0.025900919	-0.004500454	-0.014003437	10	0.009305211	0.02412728	0.094578944	Folding	0.0056023044	0.014526094	0.05694229
N115T	N115T	115	115	-0.3752678	-0.39782804	-0.3767292	-0.30648154	-0.32585862	-0.35274076	-0.37419787	-0.31739888	-0.34487098	-0.37101927	10	-0.3542393	0.029928392	0.1173193	Folding	-0.21327366	0.018018717	0.070633374
N115V	N115V	115	115	0.090049505	0.035475887	0.04518376	0.1269006	0.090278946	0.08742509	0.11532253	0.1786108	0.1159961	0.067785084	10	0.095302835	0.041807685	0.16388613	Folding	0.057378117	0.025170775	0.09866944
N115W	N115W	115	115	1.84442	1.8383837	1.7952003	1.9344708	1.9094034	1.9029641	1.921621	2.0573392	1.9266554	1.8263996	10	1.8956856	0.07477271	0.29310903	Folding	1.1413183	0.04501773	0.1764695
N115Y	N115Y	115	115	1.9177127	1.791341	1.7914603	1.94125	1.9048369	1.8688668	1.9418314	2.0264688	1.924436	1.9208682	10	1.9029071	0.07093653	0.2780712	Folding	1.1456661	0.042708118	0.16741583
N25A	N25A	25	25	0.33935475	0.15433846	0.03248821	0.3038743	0.19498508	0.77221894	0.32030222	0.52830994	0.26743484	0.2456069	10	0.31589139	0.20612668	0.8080166	Folding	0.19018587	0.12410083	0.48647526
N25C	N25C	25	25	0.6244637	0.7497362	0.8053646	0.67516124	0.6693477	0.92111766	0.7148656	0.7152685	0.8707495	0.8639793	10	0.76100546	0.09945004	0.38984415	Folding	0.4581717	0.059874985	0.23470995
N25D	N25D	25	25	0.34607565	0.14969066	0.29001147	-0.014260024	0.28816915	0.2288935	0.20971966	0.10421955	0.25580564	0.04028849	10	0.18986137	0.11707057	0.45891663	Folding	0.114308126	0.070483625	0.2762958
N25E	N25E	25	25	0.6646864	0.50254196	0.4210074	0.44659862	0.41720968	0.58643883	0.7673874	0.5960578	0.77976435	0.45411733	10	0.56358093	0.13792773	0.5406767	Folding	0.33931008	0.0830409	0.32552034
N25F	N25F	25	25	1.0096906	1.0988643	1.25417	1.4211733	1.2170105	1.2882779	1.1600318	1.4462624	1.2992979	1.2901523	10	1.2484932	0.13461664	0.52769727	Folding	0.75166905	0.08104743	0.31770593
N25G	N25G	25	25	0.27461934	0.35389218	0.31963032	0.27609622	0.2601316	0.25603873	0.2683998	0.32844043	0.42511037	0.2912663	10	0.30536252	0.052994877	0.20773992	Folding	0.18384686	0.031906147	0.12507209
N25H	N25H	25	25	0.63351405	0.14016186	0.34515214	0.22961162	0.37771478	0.33140847	0.6640004	0.19020395	0.5217963	0.40606168	10	0.3839625	0.17804377	0.6979316	Folding	0.23116885	0.1071932	0.42019737
N25I	N25I	25	25	0.7480223	0.5437724	0.7101186	0.8129475	0.7100401	0.772369	0.58666664	0.80537665	0.72427475	0.72642744	10	0.71400154	0.08704197	0.34120452	Folding	0.42987245	0.05240457	0.20542592
N25K	N25K	25	25	0.27188495	0.46277446	0.323986	0.11822617	0.13258642	0.2652279	0.24201712	0.24663281	0.20007336	0.31133884	10	0.2574748	0.09909563	0.38845485	Folding	0.15501553	0.059661612	0.23387352
N25L	N25L	25	25	1.0597478	1.0099782	1.1714498	0.9062684	0.87427825	0.68186104	1.1651313	0.9030136	1.1475179	0.9817891	10	0.99010354	0.1551547	0.60820645	Folding	0.5961027	0.09341259	0.36617738
N25M	N25M	25	25	0.7385878	0.7462677	0.7051063	0.3979486	1.047299	0.9696399	1.0254846	0.49223006	0.59352297	0.7267281	10	0.7442814	0.21852152	0.8566044	Folding	0.4481028	0.13156328	0.51572806
N25P	N25P	25	25	0.37309518	0.6637446	0.4500941	0.29469562	0.3753022	0.40885836	0.2366072	0.5381329	0.27133307	0.54332775	10	0.4155191	0.13541684	0.530834	Folding	0.25016782	0.08152919	0.31959444
N25Q	N25Q	25	25	0.8094829	0.7088151	0.46004796	0.34778422	0.68891084	0.37115628	0.54922235	0.8451209	0.6526087	0.430377	10	0.58635265	0.17998071	0.7055244	Folding	0.35302004	0.10835936	0.4247687
N25R	N25R	25	25	0.5736702	0.502784	0.6121489	0.54896355	0.6901625	0.46862385	0.5841044	0.8288382	0.86976343	0.5866301	10	0.6265689	0.13199204	0.5174088	Folding	0.3772327	0.07946726	0.31151167
N25S	N25S	25	25	0.35098717	0.4007073	0.4371824	0.3728567	0.44012195	0.47649652	0.4642875	0.46412304	0.35087132	0.40396348	10	0.41615972	0.0471948	0.18500362	Folding	0.25055352	0.028414149	0.11138347
N25T	N25T	25	25	0.38984105	0.76953864	0.6028854	0.6572671	0.6576927	0.4529491	0.8206384	0.5120714	0.6793662	0.47585943	10	0.60181093	0.14112258	0.55320054	Folding	0.3623269	0.084964395	0.33306044
N25V	N25V	25	25	1.0949098	0.7655876	1.2098237	1.262106	1.0414172	1.3281311	1.1742183	1.0618076	1.2033325	1.1567042	10	1.1298039	0.15550998	0.6095991	Folding	0.6802108	0.09362649	0.36701587
N25W	N25W	25	25	1.1324317	0.9278827	1.1434423	1.0916882	0.8316201	1.0839803	1.1011229	1.2761588	1.1039275	1.2417868	10	1.0934042	0.13150157	0.5154862	Folding	0.658296	0.07917196	0.3103541
N25Y	N25Y	25	25	0.5257555	0.41452	0.42611414	0.6183439	0.6090179	0.40667367	0.28503597	0.38403463	0.5693435	0.22772616	10	0.44665653	0.13256994	0.5196742	Folding	0.26891446	0.07981519	0.31287554
N84A	N84A	84	84	1.2417388	1.2079605	1.090853	1.2207719	1.0713693	1.4577104	1.2577972	1.3160955	1.2128084	1.4508674	10	1.2527972	0.12873413	0.5046378	Folding	0.7542603	0.0775058	0.30382273
N84C	N84C	84	84	1.4003255	1.1257054	1.2654673	1.5924609	1.3578852	1.1629708	1.3610731	1.2203505	1.3706436	1.2940155	10	1.3150898	0.13421404	0.52611905	Folding	0.79176426	0.08080504	0.31675577
N84D	N84D	84	84	-0.056022435	0.109154716	0.023430524	0.016248632	0.05425109	0.13073999	0.046175174	0.09222031	0.11708198	-0.009670286	10	0.052360974	0.06048335	0.23709475	Folding	0.031524498	0.036414664	0.14274548
N84E	N84E	84	84	0.93810266	0.78903633	0.92775494	1.0996088	0.97627854	1.0448765	0.84407145	0.9208714	1.0645907	1.1010686	10	0.970626	0.106660604	0.41810957	Folding	0.58437604	0.06421619	0.25172746
N84F	N84F	84	84	2.0566874	1.972715	1.8264644	1.8815215	2.3751075	2.5184975	2.2023726	2.2229674	1.8699073	1.8885295	10	2.081477	0.23834822	0.93432504	Folding	1.253176	0.14350016	0.5625207
N84G	N84G	84	84	0.4082518	0.28812858	0.37486234	0.3498664	0.35519212	0.23740543	0.1740686	0.38992003	0.47930762	0.5010705	10	0.35580736	0.10126695	0.39696646	Folding	0.21421772	0.06096888	0.23899801
N84H	N84H	84	84	0.67045504	0.837474	0.67251104	0.7331348	0.5949802	0.49070552	0.28069475	0.42886937	0.4769573	0.64056504	10	0.5826347	0.16374847	0.64189404	Folding	0.35078162	0.09858657	0.38645935
N84I	N84I	84	84	1.9533783	1.9116393	1.7213789	1.5735936	1.8388342	1.9009333	2.1122549	1.9324466	1.8594579	1.9385725	10	1.8742489	0.1444448	0.5662236	Folding	1.1284121	0.08696457	0.3409011
N84K	N84K	84	84	1.5347219	1.6147707	1.3809162	1.5381612	1.8905995	1.2784113	1.7764381	1.5844182	1.5960327	1.6542798	10	1.5848749	0.17518754	0.68673515	Folding	0.9541913	0.105473585	0.41345647
N84L	N84L	84	84	2.1930954	2.1832237	2.2914715	2.214993	2.478033	2.2502105	2.140803	2.2566612	2.0230353	2.0729609	10	2.2104487	0.12553126	0.49208254	Folding	1.330825	0.07557747	0.29626366
N84M	N84M	84	84	1.5398434	1.8853426	1.7865248	1.6107237	1.610629	1.7837042	1.6822261	1.6466227	1.6488384	1.7788354	10	1.6973289	0.10665552	0.41808966	Folding	1.0218955	0.06421313	0.25171545
N84P	N84P	84	84	1.9516655	1.7743512	1.6594923	1.491495	1.4218111	1.5277562	1.7322634	1.5317875	1.3737088	1.9691042	10	1.6433436	0.21006761	0.82346505	Folding	0.98939306	0.12647352	0.4957762
N84Q	N84Q	84	84	1.3242941	1.100081	0.9001963	1.3840979	1.1770514	1.386353	0.81872153	0.9225597	1.0979629	1.095178	10	1.1206496	0.20145084	0.78968734	Folding	0.67469937	0.12128569	0.47543994
N84R	N84R	84	84	1.8397115	1.75023	1.5879656	1.7235609	1.7744623	1.6171709	1.7271047	1.6897639	1.7463543	1.6402191	10	1.7096545	0.07687244	0.30133995	Folding	1.0293162	0.046281897	0.18142503
N84S	N84S	84	84	0.67559123	0.64011407	0.648662	0.66350967	0.68366766	0.65966576	0.6862454	0.7715774	0.7117396	0.6719563	10	0.68127286	0.03767196	0.14767408	Folding	0.4101678	0.022680817	0.08890881
N84T	N84T	84	84	0.765756	1.0410959	0.7896651	0.6866946	0.7038578	0.7165923	0.73101485	0.74743474	0.7904185	0.6708966	10	0.76434267	0.1054156	0.41322914	Folding	0.46018088	0.063466616	0.24878915
N84V	N84V	84	84	1.5995785	1.5491552	1.317932	1.3476452	1.1930485	1.2976757	1.3577787	1.4106406	1.5678768	1.5928175	10	1.423415	0.14400184	0.5644872	Folding	0.8569826	0.08669789	0.33985573
N84W	N84W	84	84	2.4455116	2.2175598	1.7215835	2.0706918	2.41875	1.81261	2.2556217	2.212034	2.2004378	2.008707	10	2.1363506	0.23650917	0.927116	Folding	1.2862134	0.14239295	0.5581804
N84Y	N84Y	84	84	1.8686032	1.3710916	1.4343106	1.8220073	1.5056523	1.5851343	1.5891954	1.6171675	2.0750458	1.5442762	10	1.6412483	0.21668725	0.84941405	Folding	0.9881316	0.13045894	0.51139903
N85A	N85A	85	85	1.11789	1.1978934	1.1381127	1.2387615	1.1039906	1.0822846	0.9315135	1.2653071	1.0334519	1.267654	10	1.137686	0.108006485	0.42338544	Folding	0.6849564	0.06502649	0.25490385
N85C	N85C	85	85	0.69469637	0.61535436	0.5476665	0.7472548	0.7217054	0.710811	0.43491954	0.6444569	0.5546064	0.65501475	10	0.6326486	0.096823476	0.37954804	Folding	0.38089302	0.058293637	0.22851107
N85D	N85D	85	85	-0.22985478	-0.2713665	-0.0869466	0.041728888	-0.12569426	-0.32241404	-0.36487982	-0.30890584	-0.21426165	-0.21178874	10	-0.20943832	0.12301867	0.4822332	Folding	-0.12609464	0.07406474	0.29033378
N85E	N85E	85	85	0.6468604	0.4881299	0.657495	0.32229638	0.3690945	0.35318354	0.65810573	0.3112969	0.6385388	0.376652	10	0.48216534	0.15224859	0.5968145	Folding	0.29029292	0.091662936	0.3593187
N85F	N85F	85	85	1.705386	2.1000113	1.8674575	1.9154475	1.9776965	1.8595237	1.7485354	1.8949816	1.6439288	1.9572973	10	1.8670266	0.1365453	0.5352576	Folding	1.1240638	0.082208596	0.3222577
N85G	N85G	85	85	0.63290054	0.47591943	0.47197044	0.47199118	0.42442754	0.5018885	0.5558548	0.5138162	0.59602064	0.4838692	10	0.51286584	0.06382515	0.2501946	Folding	0.3087765	0.038426634	0.15063241
N85H	N85H	85	85	0.77193946	0.7502468	0.66348565	0.7674186	0.77626187	0.9533903	0.86679345	0.5854249	0.5010017	0.7407558	10	0.73767185	0.12979397	0.5087924	Folding	0.44412345	0.07814389	0.30632403
N85I	N85I	85	85	1.2148402	1.3054442	1.344162	1.2617644	1.157702	1.1914154	1.3136408	1.048935	1.1835696	1.2375247	10	1.2258999	0.087244205	0.3419973	Folding	0.7380665	0.052526332	0.20590323
N85K	N85K	85	85	0.81800425	1.0558887	1.0472523	0.91020596	0.87570786	0.70657647	0.8729808	0.8498738	0.83005047	0.91912156	10	0.8885662	0.10435446	0.4090695	Folding	0.53497106	0.06282775	0.24628478
N85L	N85L	85	85	1.6414723	1.679273	1.7842451	1.7525102	1.6667657	1.6523814	1.834676	1.8506985	1.7517415	1.5850744	10	1.7198837	0.088103965	0.34536755	Folding	1.0354749	0.053043958	0.20793232
N85M	N85M	85	85	1.4779036	1.9247639	1.7029095	1.5150492	1.6439302	1.6267314	1.7050291	1.8393786	1.675416	1.704088	10	1.6815201	0.13301238	0.52140856	Folding	1.0123776	0.08008157	0.31391975
N85P	N85P	85	85	2.4705327	2.2098866	2.14921	2.2977746	1.9690571	2.37018	2.1027908	2.5392227	2.7936802	2.2823071	10	2.318464	0.23831253	0.93418515	Folding	1.3958567	0.14347868	0.5624364
N85Q	N85Q	85	85	0.81031024	0.66528994	0.6812881	0.80975777	0.88302475	0.67418325	1.0186667	0.6575362	0.77677345	0.8002461	10	0.7777077	0.11491297	0.45045885	Folding	0.46822745	0.069184616	0.2712037
N85R	N85R	85	85	1.2163259	1.2361977	1.1375788	1.1067505	1.2327327	1.212144	1.1410048	1.1929357	0.993093	0.9998243	10	1.1468588	0.090405755	0.35439056	Folding	0.6904789	0.054429777	0.21336474
N85S	N85S	85	85	0.24486116	0.22652315	0.19179787	0.30446467	0.22786984	0.19761816	0.1723881	0.1577048	0.1360811	0.1657124	10	0.20250213	0.04969742	0.19481389	Folding	0.12191863	0.029920878	0.11728984
N85T	N85T	85	85	1.2564883	1.3532054	1.5162696	1.3639442	1.1864116	1.217352	1.3824761	1.0490456	1.3823497	1.1790907	10	1.2886633	0.13548851	0.531115	Folding	0.7758539	0.08157235	0.3197636
N85V	N85V	85	85	1.801929	1.9624425	1.5038903	1.6566252	1.6723986	1.4910531	1.5674548	1.7589711	1.5741667	1.8199784	10	1.680891	0.15335135	0.6011373	Folding	1.0119989	0.092326865	0.3619213
N85W	N85W	85	85	1.8143549	1.8434347	1.7294422	2.0492218	1.7217966	1.5850449	1.6723049	1.725159	2.0435815	1.629426	10	1.7813766	0.1592937	0.6244313	Folding	1.0724974	0.095904514	0.37594572
N85Y	N85Y	85	85	0.93867034	1.0220038	1.1656414	1.2637798	1.025212	1.1274825	0.99735105	1.0670174	0.7901215	1.0832689	10	1.0480548	0.12933081	0.5069768	Folding	0.6309929	0.077865034	0.30523095
P109A	P109A	109	109	1.6501478	1.4175556	1.5051471	1.3573587	1.2295313	1.2420667	1.1519278	1.3986255	1.2262292	1.5680228	10	1.3746612	0.16442086	0.64452976	Folding	0.82762986	0.09899138	0.3880462
P109C	P109C	109	109	1.5213274	1.5691339	1.5638752	1.6139276	1.5607091	1.487401	1.6277349	1.457028	1.3734117	1.2577397	10	1.5032289	0.11494513	0.45058492	Folding	0.90503544	0.06920397	0.27127957
P109D	P109D	109	109	2.687106	2.7955997	2.8810334	2.3385577	2.2946303	2.808129	2.6613386	2.6875792	2.7883213	2.249508	10	2.6191802	0.23471263	0.9200735	Folding	1.5769062	0.14131132	0.55394036
P109E	P109E	109	109	2.5827322	2.5005505	2.76945	2.5629318	2.7458804	2.5342	2.6596775	3.0691597	2.528989	2.9567513	10	2.6910324	0.19408019	0.76079434	Folding	1.6201656	0.11684811	0.45804462
P109F	P109F	109	109	1.8530749	1.9253516	1.7974002	2.0901134	1.9539614	1.9337262	2.1367242	2.177579	2.420574	1.823541	10	2.0112047	0.19431669	0.76172143	Folding	1.2108679	0.11699049	0.45860273
P109G	P109G	109	109	2.2225995	2.314481	2.3404262	2.1987119	2.097798	2.1241095	2.4168847	2.5717688	2.4064507	2.1612594	10	2.285449	0.15125433	0.59291697	Folding	1.3759797	0.09106433	0.35697216
P109H	P109H	109	109	1.387208	1.3703843	1.3532411	1.4114076	1.3922637	1.3850443	1.2262918	1.4036543	1.2538365	1.5704911	10	1.3753822	0.093213804	0.3653981	Folding	0.82806396	0.056120392	0.21999194
P109I	P109I	109	109	1.9332985	1.7225349	1.5711504	1.6696694	1.6631823	1.4867548	1.3649079	1.619209	1.3586429	1.7165552	10	1.6105906	0.17478855	0.6851711	Folding	0.96967375	0.105233364	0.4125148
P109K	P109K	109	109	2.368694	2.8252206	2.3915772	2.3888817	2.643298	2.5848556	2.4402046	2.5998056	2.431376	2.45082	10	2.5124733	0.14680143	0.5754616	Folding	1.5126622	0.08838341	0.34646297
P109L	P109L	109	109	2.2571986	1.8368837	1.9196965	1.9831228	1.9199865	1.9762222	2.1255803	2.2578003	2.063852	1.9667002	10	2.0307043	0.14315839	0.5611809	Folding	1.2226077	0.08619008	0.3378651
P109M	P109M	109	109	2.2000194	2.2437732	2.121722	1.917573	2.0762455	1.9190719	2.1722817	2.2305927	2.2962396	1.8386154	10	2.1016135	0.15874869	0.62229484	Folding	1.2652994	0.09557639	0.37465945
P109N	P109N	109	109	1.9753284	1.9846627	1.9526948	1.9775759	2.2149758	2.237566	2.3719099	2.0732608	1.8283368	1.90074	10	2.0517051	0.17078494	0.669477	Folding	1.2352515	0.102822945	0.40306595
P109Q	P109Q	109	109	2.588196	2.2611434	2.4240527	2.241515	2.2661242	2.4628258	2.5350761	2.6230524	2.3807971	2.498242	10	2.4281023	0.13839774	0.54251915	Folding	1.4618657	0.08332387	0.32662958
P109R	P109R	109	109	1.8538032	1.8858407	2.0839238	2.008672	1.9630984	2.112754	2.2215962	1.9267383	1.8433963	1.9244127	10	1.9824238	0.12347763	0.48403233	Folding	1.19354	0.07434106	0.29141694
P109S	P109S	109	109	1.7234616	1.7044933	1.7561071	1.6218241	1.8986521	1.675348	1.8624102	1.907839	1.8494267	1.6806581	10	1.7680222	0.10322955	0.40465987	Folding	1.0644572	0.062150486	0.2436299
P109T	P109T	109	109	1.6689454	1.524175	1.3467318	1.4191993	1.4372121	1.5060775	1.4556193	1.3627152	1.5009198	1.4008391	10	1.4622433	0.09399827	0.36847323	Folding	0.88035965	0.056592688	0.22184335
P109V	P109V	109	109	1.6702925	1.5262208	1.5709878	1.6053238	1.6585517	1.6257287	1.4292893	1.4361781	1.4981209	1.4546343	10	1.5475328	0.0914737	0.3585769	Folding	0.9317091	0.055072743	0.21588516
P109W	P109W	109	109	2.6805918	2.4400663	2.8293333	2.1658177	2.3219776	2.5189006	2.7959785	2.7067623	2.8798075	2.988765	10	2.6328003	0.26363552	1.0334512	Folding	1.5851064	0.15872465	0.62220067
P109Y	P109Y	109	109	2.6657636	2.4336555	2.3897536	2.5092905	2.3815434	2.5783134	2.4962528	2.70048	2.8406687	2.540091	10	2.553581	0.14660753	0.57470155	Folding	1.5374115	0.08826667	0.34600535
P120A	P120A	120	120	0.16159183	0.24561322	0.31181726	0.2610945	0.104313105	0.16283928	0.22229719	0.14594427	0.19135672	0.23689379	10	0.20437613	0.06235368	0.24442644	Folding	0.12304689	0.03754072	0.14715962
P120C	P120C	120	120	0.39658558	0.5919473	0.7140496	0.64456224	0.67104995	0.5353652	0.744084	0.8266989	0.73270327	0.8086197	10	0.6665665	0.13107884	0.51382905	Folding	0.40131366	0.07891745	0.30935642
P120D	P120D	120	120	0.11593173	0.08301228	0.15829362	0.03728566	0.17309816	0.13504738	0.029802645	0.041253157	0.1548353	0.090685025	10	0.101924494	0.053625032	0.21021013	Folding	0.06136476	0.032285538	0.12655932
P120E	P120E	120	120	0.10015427	0.17582437	0.17838217	0.3610243	0.16132118	0.309736	0.17730561	0.2601998	0.29300514	0.2298135	10	0.22467664	0.08033009	0.31489396	Folding	0.13526903	0.04836361	0.18958536
P120F	P120F	120	120	0.46995074	0.5144103	0.5420561	0.47055668	0.32989258	0.556779	0.5391509	0.642736	0.461252	0.46718192	10	0.4993967	0.08191309	0.3210993	Folding	0.30066726	0.049316674	0.19332136
P120G	P120G	120	120	0.23535706	0.23179601	0.19166626	0.17357878	0.10294919	0.14147763	0.2987588	0.26041004	0.19914252	0.21404919	10	0.20491853	0.056990482	0.2234027	Folding	0.12337345	0.034311745	0.13450204
P120H	P120H	120	120	0.39231366	0.39050475	0.45834196	0.40325534	0.43391353	0.6537319	0.49315724	0.45250875	0.44317412	0.4812285	10	0.46021295	0.076547086	0.3000646	Folding	0.27707624	0.046086013	0.18065718
P120I	P120I	120	120	0.49333838	0.65031725	0.66482496	0.53908384	0.3671825	0.37938344	0.49795437	0.5124121	0.51012015	0.4996425	10	0.511426	0.09573028	0.3752627	Folding	0.3079096	0.057635467	0.22593103
P120K	P120K	120	120	0.37685215	0.39011443	0.13597664	0.40706557	0.5058814	0.36616325	0.33678877	0.24372718	0.5006038	0.090221696	10	0.3353395	0.13961788	0.54730207	Folding	0.20189482	0.08405847	0.3295092
P120L	P120L	120	120	0.35678118	0.43931702	0.4556803	0.4396566	0.5473432	0.38764325	0.32649893	0.39445904	0.38640225	0.41236395	10	0.4146146	0.06108679	0.23946021	Folding	0.24962327	0.036777973	0.14416966
P120M	P120M	120	120	0.62271225	0.68604827	0.54731506	0.3811338	0.3669707	0.31295708	0.7321331	0.52384514	0.6747653	0.403542	10	0.52514225	0.15154833	0.5940694	Folding	0.31616765	0.09124133	0.35766602
P120N	P120N	120	120	0.36094734	0.28673825	0.37822473	0.31085235	0.29007402	0.3878683	0.32326522	0.42384446	0.44603664	0.37330726	10	0.35811585	0.05451966	0.21371707	Folding	0.21560758	0.03282416	0.1286707
P120Q	P120Q	120	120	0.36531287	0.30608785	0.21887867	0.33837518	0.24216455	0.43372083	0.36284027	0.23530844	0.28052247	0.29886183	10	0.3082073	0.06784241	0.26594225	Folding	0.18555959	0.040845267	0.16011345
P120R	P120R	120	120	0.3465757	0.3753028	0.5420986	0.47645724	0.39936703	0.44495767	0.5212488	0.48620063	0.42159864	0.42085415	10	0.4434661	0.06294936	0.2467615	Folding	0.26699364	0.037899353	0.14856547
P120S	P120S	120	120	0.14059055	0.21078952	0.14828826	0.09704807	0.22378689	0.19324069	0.2013375	0.122118294	0.17211816	0.25858468	10	0.17679027	0.049911696	0.19565386	Folding	0.10643852	0.030049885	0.11779555
P120T	P120T	120	120	0.088956244	0.23056062	0.37076756	0.18068498	0.25725102	0.27688792	0.2875317	0.17780378	0.34479696	0.19996355	10	0.24152043	0.08424165	0.3302273	Folding	0.14541003	0.05071861	0.19881696
P120V	P120V	120	120	0.43602774	0.403446	0.31957027	0.24242164	0.25456712	0.3322713	0.29381508	0.37450087	0.4008637	0.38098496	10	0.34384686	0.065915495	0.25838876	Folding	0.20701678	0.03968515	0.15556578
P120W	P120W	120	120	0.71440166	0.9391576	0.5779364	0.8383732	0.74143595	0.6914879	0.73258924	0.6453402	0.74444276	0.7824446	10	0.7407609	0.099692464	0.39079446	Folding	0.44598323	0.060020942	0.2352821
P120Y	P120Y	120	120	0.58160347	0.64669496	0.57839817	0.61709225	0.5161569	0.47271132	0.42989826	0.28120878	0.3331532	0.61102104	10	0.50679386	0.12540023	0.49156892	Folding	0.3051208	0.07549859	0.29595447
P139A	P139A	139	139	1.6089431	1.489828	1.5664876	1.3416488	1.6415011	1.2275977	1.0233415	1.2957855	1.3527322	1.3311821	10	1.3879048	0.19123401	0.7496373	Folding	0.8356033	0.11513453	0.45132735
P139C	P139C	139	139	1.3816794	1.9847418	1.6495494	1.6922431	1.5000747	1.0935211	1.6204435	1.2436826	1.1340784	1.3512278	10	1.4651241	0.2784073	1.0913566	Folding	0.8820941	0.16761817	0.65706325
P139D	P139D	139	139	1.009074	1.3869895	1.5178727	1.1786882	1.1391797	1.3805456	1.3915766	1.223699	1.5584506	1.2643007	10	1.3050376	0.17280896	0.67741114	Folding	0.78571224	0.10404153	0.40784281
P139E	P139E	139	139	1.3879963	1.2339259	1.1318496	1.1598747	1.0206726	1.1795304	1.3635652	1.0216552	1.4178134	0.9767845	10	1.1893668	0.15986906	0.62668675	Folding	0.71607137	0.09625092	0.37730363
P139F	P139F	139	139	1.3112621	1.1956736	1.0853574	1.4908725	1.252532	1.4359891	1.4237093	1.4059205	1.7899752	1.7766504	10	1.4167942	0.22892171	0.89737314	Folding	0.85299647	0.13782483	0.54027337
P139G	P139G	139	139	1.4067541	1.625665	1.6592553	1.6225663	1.6123421	1.5351617	1.6314472	1.5819054	1.3803229	1.5464358	10	1.5601857	0.09601563	0.37638128	Folding	0.9393269	0.057807267	0.22660449
P139H	P139H	139	139	1.431014	1.1412232	0.86654335	1.1536629	1.1937586	0.78620815	0.88292915	0.8586798	0.8888156	1.0459144	10	1.0248749	0.2034013	0.7973331	Folding	0.6170372	0.122459985	0.48004314
P139I	P139I	139	139	1.8433492	1.0458677	1.4386752	1.6542332	1.7318164	1.3996613	1.3312515	1.3718477	1.3536912	1.6818668	10	1.4852259	0.23867185	0.93559366	Folding	0.89419657	0.14369501	0.56328446
P139K	P139K	139	139	1.0049273	1.0075246	1.0929407	0.7542181	0.85945785	0.8211956	0.911	0.8156969	0.9695749	0.8234824	10	0.90600187	0.108764246	0.42635584	Folding	0.5454684	0.065482706	0.2566922
P139L	P139L	139	139	1.3108193	0.90275544	1.2539364	1.2785025	1.2949431	1.3778857	1.2673527	1.3530712	1.6068857	1.5292946	10	1.3175447	0.18683182	0.73238075	Folding	0.7932422	0.11248414	0.44093785
P139M	P139M	139	139	1.6816071	1.5328335	0.87539035	1.2033652	1.1749682	0.86051166	1.5457993	1.4154059	1.2847	1.0841769	10	1.2658759	0.28030834	1.0988086	Folding	0.7621345	0.16876271	0.66154987
P139N	P139N	139	139	0.93457764	1.0769486	1.027977	1.3419522	0.7489339	1.0064443	1.0494255	0.9467903	1.2078047	0.8513731	10	1.0192227	0.16926071	0.663502	Folding	0.6136342	0.10190527	0.39946866
P139Q	P139Q	139	139	1.1256369	1.0731678	0.5637124	0.8132602	1.2649962	1.4039438	1.412436	1.0884616	0.89846563	0.94571114	10	1.0589793	0.26586345	1.0421847	Folding	0.6375701	0.16006601	0.62745875
P139R	P139R	139	139	1.5565553	1.3448837	1.2905774	1.2924205	1.283486	1.3841298	1.3477806	1.402497	1.4465904	1.3646103	10	1.3713531	0.08358039	0.32763514	Folding	0.82563823	0.05032049	0.19725633
P139S	P139S	139	139	1.0280915	0.97393805	0.81493104	0.88766986	1.093784	0.9450163	1.1075201	0.8430081	0.91293406	0.68752307	10	0.92944163	0.12987176	0.5090973	Folding	0.5595805	0.078190714	0.30650762
P139T	P139T	139	139	0.88066226	1.011601	1.0515203	0.8812391	1.0295719	1.1128652	1.0276091	0.927718	0.8653319	0.90975696	10	0.9697875	0.086849794	0.3404512	Folding	0.5838712	0.05228887	0.20497239
P139V	P139V	139	139	1.4250169	1.1217104	1.5653083	1.8450392	1.5309101	1.702454	1.5529432	1.4527118	1.4025694	1.2814981	10	1.4880162	0.20407641	0.79997957	Folding	0.8958765	0.122866444	0.48163646
P139W	P139W	139	139	1.3453671	2.148008	1.5800058	1.6593508	1.5728567	1.6726917	1.9567181	1.6993643	1.401158	1.7613207	10	1.6796843	0.23904485	0.9370558	Folding	1.0112723	0.14391957	0.56416476
P139Y	P139Y	139	139	1.4218377	1.3019549	1.504827	1.5050895	1.5191739	1.5203011	1.8679624	1.3335513	1.3389829	0.9533445	10	1.4267024	0.2310111	0.9055635	Folding	0.8589618	0.13908276	0.5452044
P33A	P33A	33	33	0.39119184	0.2499391	0.41754326	0.24558705	0.4520243	0.46814543	0.36412212	0.12554793	0.25609684	0.3452367	10	0.33154348	0.10931739	0.4285242	Folding	0.19960938	0.06581573	0.25799766
P33C	P33C	33	33	0.1299051	-0.037136324	0.47648486	0.13963972	0.55234766	0.18413518	0.19478402	0.27029496	0.41911438	0.22401501	10	0.25535846	0.1790548	0.7018948	Folding	0.15374136	0.10780191	0.4225835
P33D	P33D	33	33	0.34387678	0.42599443	0.09446878	0.4463142	0.56632555	0.1860359	0.23469001	0.13557473	0.55430025	0.68487114	10	0.3672452	0.20117548	0.7886079	Folding	0.221104	0.12111991	0.47479007
P33E	P33E	33	33	-0.22977987	0.24033695	0.047031917	-0.18482	0.08856238	-0.08168981	0.11462841	0.2889605	-0.43389866	-0.46662086	10	-0.061728906	0.2637305	1.0338236	Folding	-0.037164565	0.15878184	0.62242484
P33F	P33F	33	33	0.43407267	0.21862084	0.4198405	0.57398486	0.394918	0.4960143	0.5549264	0.49305394	0.26338598	0.24658357	10	0.40954012	0.12820096	0.5025478	Folding	0.24656813	0.0771848	0.3025644
P33G	P33G	33	33	0.3979122	0.559095	0.5498349	0.4279503	0.49243224	0.5744568	0.4194844	0.4993952	0.6077365	0.46645743	10	0.49947548	0.071804166	0.28147233	Folding	0.3007147	0.043230485	0.1694635
P33H	P33H	33	33	0.79199046	0.24116679	0.35198498	0.417472	0.78340703	0.22940716	0.5340284	0.64473665	0.43441316	0.2820242	10	0.47106308	0.21083449	0.8264712	Folding	0.2836087	0.12693521	0.49758604
P33I	P33I	33	33	0.40071487	0.41295952	0.82548594	0.70026666	0.9544892	0.6997157	0.6352221	0.9865956	0.7083613	0.59437156	10	0.69181824	0.1970241	0.7723345	Folding	0.41651675	0.11862052	0.46499246
P33K	P33K	33	33	0.60729307	0.53661025	0.5817529	1.3525763	1.5789374	1.261243	1.3634949	0.90221006	1.0074699	0.6445617	10	0.9836149	0.38542974	1.5108846	Folding	0.59219617	0.2320522	0.90964466
P33L	P33L	33	33	0.69599235	0.49814394	0.4526174	0.5486725	0.53552294	0.4503326	0.4560831	0.5979247	0.4497815	0.80919296	10	0.54942644	0.121092126	0.47468114	Folding	0.33078822	0.07290484	0.285787
P33M	P33M	33	33	0.19263758	0.47420022	-0.5134555	-0.036250338	0.15301259	0.11338253	0.36043605	0.14221835	0.05585606	-0.19442895	10	0.074760854	0.2785608	1.0919583	Folding	0.045010593	0.16771057	0.65742546
P33N	P33N	33	33	0.5143537	0.1354684	0.28985193	0.15914856	0.1968003	0.33145335	0.35876352	0.395365	0.17661756	0.2851438	10	0.28429663	0.120242976	0.4713525	Folding	0.1711639	0.0723936	0.28378293
P33Q	P33Q	33	33	0.096763775	0.34471938	0.065270506	0.24325539	-0.21186177	-0.25839362	0.101620525	0.23827559	0.12049856	-0.06929582	10	0.067085244	0.19570394	0.76715946	Folding	0.040389407	0.1178257	0.46187675
P33R	P33R	33	33	0.46317387	0.33258757	0.41172868	0.52313274	0.46595064	0.4127974	0.54824716	0.521672	0.42409247	0.44472829	10	0.4548111	0.06469388	0.25360003	Folding	0.273824	0.03894966	0.15268268
P33S	P33S	33	33	0.3402976	-0.04914249	0.19757484	0.2830467	0.26714414	0.16108678	0.31687808	0.21905184	0.18486212	0.23449713	10	0.21552968	0.109398134	0.4288407	Folding	0.12976201	0.06586435	0.25818825
P33T	P33T	33	33	0.89451677	0.4689001	0.99817604	0.99025446	0.7819323	0.9054553	0.875748	0.765572	0.9583342	1.0815172	10	0.8720406	0.171537	0.67242503	Folding	0.5250216	0.10327573	0.4048409
P33V	P33V	33	33	0.366135	0.410563	0.5240761	0.34376845	0.5225479	0.35953104	0.37599435	0.48760802	0.36127192	0.712137	10	0.44636327	0.11650287	0.45669127	Folding	0.2687379	0.07014184	0.27495602
P33W	P33W	33	33	1.068806	0.61113364	1.529632	1.4547281	1.1891778	0.9750005	1.4172453	1.3394789	1.3011923	1.1548436	10	1.2041237	0.2722376	1.0671715	Folding	0.7249559	0.16390364	0.64250225
P33Y	P33Y	33	33	1.0926656	0.81735	0.43721202	0.9446774	0.6571481	0.9538487	0.7198432	0.6087147	0.62995344	0.7547207	10	0.76161337	0.19488537	0.7639507	Folding	0.4585377	0.117332876	0.45994487
Q128A	Q128A	128	128	0.059119582	0.0083463425	0.13395731	0.16525091	0.1541086	0.09761976	0.08667274	0.014846883	0.1322057	0.105494805	10	0.09576226	0.054500025	0.2136401	Folding	0.05765472	0.03281234	0.12862436
Q128C	Q128C	128	128	0.23369808	0.43407595	0.34426552	0.3569566	0.4173937	0.43653107	0.29929042	0.37583107	0.41104865	0.46275926	10	0.37718505	0.070707336	0.27717277	Folding	0.22708839	0.04257013	0.16687492
Q128D	Q128D	128	128	-0.04149014	0.0067553935	0.15046374	-0.08224101	-0.043779217	0.03191294	0.027705543	0.0692384	0.028778922	-0.0377653	10	0.010957927	0.06726422	0.26367575	Folding	0.0065973406	0.04049716	0.15874888
Q128E	Q128E	128	128	0.025840838	0.08004709	0.082157806	0.035806622	0.16107933	0.112693764	0.00576058	0.043989073	0.032184888	0.0431963	10	0.06227563	0.046952944	0.18405555	Folding	0.037493724	0.028268535	0.11081266
Q128F	Q128F	128	128	0.6275035	0.71810496	0.48982084	0.6786112	0.6609849	0.5952379	0.57646686	0.68713915	0.71864015	0.66620994	10	0.6418719	0.071367525	0.2797607	Folding	0.38644603	0.042967603	0.16843301
Q128G	Q128G	128	128	0.5759361	0.5644765	0.56483614	0.59171474	0.6956034	0.64406776	0.66212547	0.71355855	0.6621272	0.5748668	10	0.6249312	0.057017557	0.22350883	Folding	0.3762467	0.034328047	0.13456595
Q128H	Q128H	128	128	0.26130244	0.031570382	0.27628425	0.22706734	0.30361778	0.14164111	0.20166053	0.21212843	0.234284	0.34378105	10	0.22333375	0.08779678	0.3441634	Folding	0.13446054	0.052859012	0.20720734
Q128I	Q128I	128	128	0.26292223	0.30147716	0.23793489	0.19717787	0.27417505	0.270149	0.2755894	0.19161102	0.4577901	0.33610544	10	0.2804932	0.07608449	0.29825118	Folding	0.16887401	0.0458075	0.1795654
Q128K	Q128K	128	128	0.38402596	0.34004173	0.34015396	0.32057557	0.26243752	0.28494588	0.2871278	0.29634818	0.2585905	0.28159586	10	0.30558428	0.039801743	0.15602283	Folding	0.18398038	0.023963077	0.093935266
Q128L	Q128L	128	128	0.43533924	0.35752827	0.3687262	0.40055436	0.44455755	0.42547095	0.3659936	0.39145187	0.4340699	0.33598387	10	0.39596757	0.037992597	0.14893098	Folding	0.23839663	0.02287386	0.08966553
Q128M	Q128M	128	128	0.18554246	0.14678235	0.16487476	0.15758996	0.036154687	-0.069695756	0.11986204	0.14580369	0.18451554	0.116248704	10	0.11876784	0.07907898	0.3099896	Folding	0.07150548	0.04761037	0.18663265
Q128N	Q128N	128	128	0.18249506	0.17747408	0.26775837	0.2724332	0.284913	0.20908491	0.22961159	0.39463407	0.3019975	0.16335644	10	0.24837582	0.07074812	0.27733263	Folding	0.14953738	0.042594682	0.16697116
Q128P	Q128P	128	128	0.5981298	0.74925584	0.6452033	0.662473	0.6686826	0.857943	0.6072804	0.80013007	0.80184036	0.5607412	10	0.6951679	0.10071707	0.39481091	Folding	0.41853347	0.060637817	0.23770025
Q128R	Q128R	128	128	0.18699759	0.2671508	0.23400714	0.27820837	0.21353653	0.23271567	0.28367233	0.14890514	0.20943493	0.31585872	10	0.23704872	0.0501141	0.19644727	Folding	0.14271778	0.030171743	0.118273236
Q128S	Q128S	128	128	0.24492842	0.14352459	0.09449132	0.2628884	0.22728351	0.3152928	0.19376862	0.31581023	0.24286595	0.21145913	10	0.22523129	0.0694305	0.27216756	Folding	0.13560297	0.041801393	0.16386147
Q128T	Q128T	128	128	0.34332153	0.4383292	0.23508808	0.19247553	0.3022023	0.13153717	0.4262385	0.31829533	0.26634806	0.16122098	10	0.28150567	0.10456997	0.40991428	Folding	0.16948359	0.062957495	0.24679339
Q128V	Q128V	128	128	0.16338272	0.22471032	0.18285249	0.1364317	0.1647459	0.080494605	0.24493435	0.31875572	0.26819882	0.32388565	10	0.21083923	0.07941218	0.31129575	Folding	0.12693807	0.04781097	0.18741901
Q128W	Q128W	128	128	0.2545719	0.2241363	0.2218729	0.18719903	0.30515894	0.19397748	0.11135531	0.10663998	0.20088041	0.021819664	10	0.18276119	0.082089946	0.3217926	Folding	0.11003338	0.049423154	0.19373877
Q128Y	Q128Y	128	128	0.43420538	0.44049343	0.36705872	0.31977504	0.5282247	0.38759646	0.3552877	0.37741423	0.40527642	0.47203726	10	0.40873694	0.061363667	0.24054559	Folding	0.24608456	0.03694467	0.1448231
Q130A	Q130A	130	130	0.10251434	0.16720966	0.16468166	0.25170112	0.20662309	0.044121783	0.15787843	0.05141245	0.061860368	0.0527779	10	0.12607808	0.07364013	0.28866932	Folding	0.075906694	0.04433585	0.17379653
Q130C	Q130C	130	130	0.36111635	0.48333675	0.47701573	0.57888013	0.46059814	0.40285447	0.56564295	0.5573493	0.59933454	0.4229473	10	0.49090758	0.08156942	0.31975213	Folding	0.2955563	0.049109764	0.19251028
Q130D	Q130D	130	130	0.52327985	0.4306815	0.40282896	0.39959207	0.60851437	0.48487037	0.46013284	0.47168422	0.44459215	0.41791177	10	0.4644088	0.06360258	0.24932213	Folding	0.2796024	0.03829263	0.15010712
Q130E	Q130E	130	130	0.09795847	-0.05289781	0.09169658	-0.011419489	0.00026660442	-0.009437082	0.17774782	0.07464534	-0.020191487	0.06821852	10	0.041658748	0.071410395	0.27992874	Folding	0.025081106	0.04299341	0.16853417
Q130F	Q130F	130	130	0.5488309	0.5777228	0.7301116	0.59958714	0.61594623	0.65190566	0.7327143	0.52255714	0.7317175	0.57797533	10	0.62890685	0.07893825	0.30943796	Folding	0.37864026	0.04752564	0.18630052
Q130G	Q130G	130	130	0.58605224	0.71024585	0.6584096	0.7994339	0.76194954	0.6763023	0.6585867	0.53243756	0.56855017	0.60551125	10	0.65574783	0.08532435	0.33447143	Folding	0.3948002	0.05137046	0.2013722
Q130H	Q130H	130	130	0.15790649	0.35642746	0.2446714	0.3912613	0.27810448	0.20584515	0.3477632	0.27669382	0.31299764	0.33864585	10	0.29103166	0.07287104	0.28565446	Folding	0.1752188	0.043872807	0.17198141
Q130I	Q130I	130	130	0.44017595	0.45789272	0.3739275	0.1801567	0.2615321	0.21147396	0.19374439	0.20801505	0.30369908	0.17528394	10	0.28059012	0.108154	0.4239637	Folding	0.16893236	0.0651153	0.255252
Q130K	Q130K	130	130	0.42799318	0.27577236	0.423002	0.3259557	0.37050843	0.14795016	0.25304288	0.22666349	0.3860153	0.30912822	10	0.31460318	0.09055119	0.35496068	Folding	0.1894103	0.054517336	0.21370797
Q130L	Q130L	130	130	0.5721576	0.56429434	0.47888044	0.45970893	0.42498788	0.56961113	0.5332409	0.4725475	0.5270831	0.4340572	10	0.50365686	0.056459654	0.22132185	Folding	0.30323213	0.033992153	0.13324924
Q130M	Q130M	130	130	0.30409697	0.20688838	0.36910203	0.29663637	0.38803738	0.16667262	0.24302128	0.32173494	0.29455495	0.46775234	10	0.30584973	0.08853563	0.34705967	Folding	0.18414019	0.05330385	0.20895109
Q130N	Q130N	130	130	0.4402948	0.49836218	0.37865484	0.72762376	0.55828613	0.49298143	0.41374955	0.5176151	0.4139528	0.4837172	10	0.49252376	0.09911323	0.38852388	Folding	0.29652932	0.05967221	0.23391508
Q130P	Q130P	130	130	1.6720788	1.3388803	1.1430264	1.4943417	1.4845768	1.4422725	1.3576168	1.2816806	1.2364974	1.5033705	10	1.3954341	0.15443246	0.60537523	Folding	0.8401364	0.092977755	0.3644728
Q130R	Q130R	130	130	0.24199653	0.2456438	0.15891787	0.28276807	0.18984918	0.23728609	0.2523498	0.18214875	0.24926934	0.21011497	10	0.22503443	0.038297616	0.15012665	Folding	0.13548444	0.0230575	0.0903854
Q130S	Q130S	130	130	0.47871432	0.48740765	0.37982	0.42556798	0.42230594	0.3120196	0.41296357	0.4104963	0.43762493	0.33447728	10	0.41013974	0.05587093	0.21901406	Folding	0.24692912	0.033637706	0.13185981
Q130T	Q130T	130	130	0.35430375	0.42825913	0.5630205	0.43052566	0.33854303	0.39072827	0.44067192	0.44063598	0.45808336	0.54067874	10	0.43854505	0.07139066	0.27985138	Folding	0.26403084	0.042981528	0.1684876
Q130V	Q130V	130	130	0.47485447	0.3844344	0.56169486	0.5141085	0.50225526	0.50905	0.51277703	0.45859393	0.47652233	0.37660623	10	0.4770897	0.058200914	0.2281476	Folding	0.28723708	0.035040498	0.13735875
Q130W	Q130W	130	130	0.4800233	0.696131	0.6082841	0.7097149	0.78308576	0.59922606	0.68036926	0.57918996	0.6363787	0.6687133	10	0.6441116	0.08349411	0.3272969	Folding	0.38779444	0.050268546	0.1970527
Q130Y	Q130Y	130	130	0.45482978	0.5163563	0.4384524	0.51386666	0.5030779	0.3618853	0.4491431	0.48021	0.3713237	0.44059134	10	0.45297366	0.054081913	0.2120011	Folding	0.27271777	0.03256061	0.1276376
Q149A	Q149A	149	149	0.24390064	0.14740679	0.36014178	0.46704236	0.46225542	0.59745836	0.44205323	0.5405534	0.5390917	0.5289816	10	0.43288857	0.1429099	0.56020683	Folding	0.2606253	0.086040474	0.33727866
Q149C	Q149C	149	149	0.40264323	0.59729224	0.6580996	0.44965446	0.5304433	0.5431164	0.42308646	0.53489876	0.33911467	0.3487041	10	0.4827053	0.10655056	0.4176782	Folding	0.29061803	0.06414993	0.25146773
Q149D	Q149D	149	149	0.4743395	0.1651514	0.39004722	0.3330936	0.22608033	0.49994323	0.29656848	0.40397877	0.40810966	0.36364162	10	0.35609537	0.10451895	0.40971428	Folding	0.21439113	0.062926784	0.246673
Q149E	Q149E	149	149	0.23843805	0.11040586	0.10573134	0.20405583	0.15562186	0.30149233	0.09793013	0.26452443	0.23403552	0.0031222305	10	0.17153576	0.0925422	0.36276543	Folding	0.103274986	0.05571605	0.21840692
Q149F	Q149F	149	149	0.555468	0.5997149	0.619445	0.48927101	0.58169097	0.46186003	0.6142889	0.7953744	0.8349397	0.5734061	10	0.61254585	0.11867102	0.4651904	Folding	0.36878994	0.07144719	0.28007302
Q149G	Q149G	149	149	0.22331831	0.2603359	0.12848274	0.301665	0.43123734	0.0784593	0.4412657	0.25836903	0.30309042	0.31837788	10	0.27446017	0.11483872	0.45016778	Folding	0.16524175	0.06913991	0.27102846
Q149H	Q149H	149	149	0.42002997	0.52574885	0.37652457	0.6325347	0.46666443	0.34808683	0.47785962	0.42131105	0.49199355	0.37225786	10	0.45330113	0.08518945	0.33394265	Folding	0.27291492	0.05128924	0.20105383
Q149I	Q149I	149	149	0.6214813	0.5144956	0.6612259	0.69860023	0.6173895	0.72632873	0.5660133	0.67656875	0.5076632	0.42819414	10	0.6017961	0.09576207	0.3753873	Folding	0.36231795	0.057654604	0.22600605
Q149K	Q149K	149	149	-0.040656466	-0.05385801	0.09427189	-0.020596068	-0.10388159	0.059067015	0.08064651	0.15212148	0.07068676	-0.19724163	10	0.004055989	0.10621074	0.4163461	Folding	0.0024419527	0.06394534	0.25066572
Q149L	Q149L	149	149	0.596768	0.4857851	0.52946013	0.6065488	0.61604065	0.5551015	0.59146214	0.6717535	0.63766485	0.56877065	10	0.5859355	0.053732578	0.21063171	Folding	0.35276887	0.032350287	0.12681313
Q149M	Q149M	149	149	0.4670779	0.6439968	0.6190571	0.66573584	0.57530004	0.49769378	0.36439133	0.5481838	0.39040855	0.298384	10	0.507023	0.12561616	0.49241537	Folding	0.30525875	0.075628586	0.29646406
Q149N	Q149N	149	149	0.40303913	0.6012832	0.35356557	0.37257203	0.37095368	0.64489675	0.44584665	0.49866578	0.38862577	0.515274	10	0.45947227	0.10227171	0.40090513	Folding	0.2766303	0.061573807	0.24136932
Q149P	Q149P	149	149	1.5393053	1.3727989	1.0361205	1.447796	1.0682967	1.346914	1.2969649	1.2811993	1.2227753	1.1594433	10	1.2771614	0.16013765	0.6277396	Folding	0.768929	0.09641263	0.37793753
Q149R	Q149R	149	149	0.36600998	0.31390184	0.21846956	0.35617405	0.35934916	0.27155384	0.40052962	0.33651137	0.28553528	0.26367253	10	0.31717074	0.056474853	0.22138143	Folding	0.19095613	0.034001306	0.13328512
Q149S	Q149S	149	149	0.33685574	0.47899368	0.45161483	0.39967203	0.40880397	0.3697062	0.47200933	0.48451206	0.3899428	0.20608993	10	0.3998201	0.084272176	0.33034694	Folding	0.24071607	0.05073699	0.198889
Q149T	Q149T	149	149	0.6140399	0.4577864	0.5272444	0.62516683	0.60654026	0.6454768	0.78992766	0.68637687	0.61745954	0.6881123	10	0.6258131	0.09030715	0.35400403	Folding	0.37677765	0.054370407	0.213132
Q149V	Q149V	149	149	0.6686371	0.42715958	0.8131077	0.54822636	0.7226705	0.6036967	0.7460169	0.6760105	0.6093576	0.701273	10	0.6516156	0.10981936	0.4304919	Folding	0.39231235	0.06611795	0.25918236
Q149W	Q149W	149	149	0.7061428	0.64878017	0.6047178	0.51509595	0.86015934	0.5017036	0.5225647	0.6351213	0.66929424	0.6757182	10	0.63392985	0.10774154	0.42234686	Folding	0.38166443	0.064866975	0.25427854
Q149Y	Q149Y	149	149	0.9210726	0.853425	0.5764129	0.98434347	1.1770412	1.5087591	1.0533441	0.9976903	0.6247926	1.1087033	10	0.9805586	0.2685832	1.0528462	Folding	0.59035605	0.16170347	0.6338776
Q21A	Q21A	21	21	0.8532032	0.7687306	0.7741053	1.086091	0.8835921	0.782893	0.8026477	0.81797516	0.8665986	0.7190702	10	0.8354907	0.10128425	0.39703426	Folding	0.50301635	0.060979296	0.23903884
Q21C	Q21C	21	21	1.0003294	1.1030967	1.0847219	1.121087	0.9972657	1.1040657	0.8912556	0.92005795	0.88726175	1.0836663	10	1.0192808	0.092804804	0.36379483	Folding	0.61366916	0.05587415	0.21902667
Q21D	Q21D	21	21	-0.15894353	0.033338133	0.07400837	0.23763278	0.14228667	0.10252509	0.1499062	-0.054746952	-0.059783243	0.09670015	10	0.056292366	0.11821999	0.46342236	Folding	0.033891436	0.07117564	0.27900854
Q21E	Q21E	21	21	0.2548208	0.08988975	0.026616689	0.049104072	0.13222802	0.1687078	0.17312562	0.21958154	0.09524503	-0.047860548	10	0.11614587	0.09233524	0.36195415	Folding	0.069926895	0.055591445	0.21791847
Q21F	Q21F	21	21	1.2033256	0.6667745	0.91012543	1.3132032	0.8950786	1.3100072	1.0450981	1.3133526	0.98904324	0.9961164	10	1.0642126	0.21725397	0.8516356	Folding	0.64072084	0.13080014	0.51273656
Q21G	Q21G	21	21	0.17159894	0.09529188	0.11226827	0.13425398	0.23923108	0.2497461	0.19015467	0.2034651	0.09109233	0.11208585	10	0.15991881	0.059101857	0.23167929	Folding	0.09628088	0.035582922	0.13948506
Q21H	Q21H	21	21	0.32896882	0.6498935	0.3983697	0.43063414	0.40086496	0.41850078	0.47264633	0.2746878	0.37239704	0.19032873	10	0.39372918	0.122059956	0.47847503	Folding	0.23704897	0.073487535	0.28807116
Q21I	Q21I	21	21	1.5336059	2.252356	2.12784	2.471213	1.6294961	1.700482	2.1384835	1.9355161	2.1035926	1.8937411	10	1.9786327	0.29577932	1.159455	Folding	1.1912575	0.17807719	0.6980626
Q21K	Q21K	21	21	0.25317052	0.15312071	0.19059324	0.24573715	0.16676918	0.19341934	0.08410284	0.23013887	0.23182964	0.16867761	10	0.19175592	0.051648177	0.20246086	Folding	0.11544876	0.031095352	0.121893786
Q21L	Q21L	21	21	1.3244767	1.3240936	1.3882176	1.2460028	1.3093287	1.2703357	1.350976	1.2322952	1.3189006	1.2011474	10	1.2965772	0.057772603	0.22646861	Folding	0.78061855	0.03478263	0.1363479
Q21M	Q21M	21	21	1.211372	1.0869944	1.1310365	1.074535	1.0819068	1.0743692	1.1383909	1.4223725	1.1805978	1.1029754	10	1.1504551	0.10625677	0.41652653	Folding	0.6926441	0.063973054	0.25077438
Q21N	Q21N	21	21	-0.13242914	-0.05026946	0.046110135	-0.352802	-0.10654332	-0.06707836	0.03835011	0.09802824	0.079075746	0.00896138	10	-0.043859668	0.13361958	0.52378875	Folding	-0.026406195	0.08044713	0.31535277
Q21P	Q21P	21	21	-0.1248214	-0.16959365	-0.19818407	-0.2641252	-0.29534996	-0.27807897	-0.096442714	-0.28017983	-0.30249718	-0.1857305	10	-0.21950035	0.07449028	0.2920019	Folding	-0.13215259	0.04484769	0.17580295
Q21R	Q21R	21	21	0.3888721	0.394095	0.3266446	0.32660615	0.3371133	0.28494278	0.32546356	0.33893192	0.3249003	0.34071934	10	0.33882895	0.03186673	0.12491758	Folding	0.20399569	0.019185714	0.075208
Q21S	Q21S	21	21	0.13257055	0.10822256	0.19014993	0.24036269	0.19507484	0.30224377	0.3346829	0.23927434	0.20941514	0.14104009	10	0.20930369	0.07269062	0.28494725	Folding	0.12601359	0.043764185	0.17155561
Q21T	Q21T	21	21	0.76380527	0.8501008	0.8961651	0.7280396	1.2574226	0.97769064	1.0390122	0.84423214	0.7279444	0.7458521	10	0.8830266	0.16909198	0.6628406	Folding	0.5316359	0.10180368	0.39907044
Q21V	Q21V	21	21	1.515577	1.5941014	1.5295031	1.5660436	1.5590538	1.624926	1.673097	1.6750418	1.7282948	1.6657962	10	1.6131436	0.0711949	0.27908403	Folding	0.9712108	0.04286367	0.1680256
Q21W	Q21W	21	21	0.63465333	0.53170097	0.47479227	0.5400042	0.42651412	0.33122888	0.4838562	0.56954366	0.51003593	0.5048602	10	0.50071895	0.081970334	0.32132372	Folding	0.30146334	0.04935114	0.19345647
Q21Y	Q21Y	21	21	1.066511	1.0714564	1.2618451	1.4825342	1.3838409	1.198176	0.82483894	1.2457384	1.0921574	1.0212531	10	1.1648352	0.19027658	0.7458842	Folding	0.7013018	0.1145581	0.44906777
Q24A	Q24A	24	24	0.34142128	0.6807337	0.7224542	0.61962765	0.5470338	0.5107113	0.6023037	0.6923372	0.6066661	0.27534902	10	0.55986375	0.14810058	0.5805543	Folding	0.3370721	0.08916558	0.3495291
Q24C	Q24C	24	24	0.8135509	0.9535926	0.91220844	0.76917326	0.8087134	0.8981521	0.94076246	1.5258232	0.7651721	1.1419238	10	0.95290726	0.23045298	0.90337574	Folding	0.5737083	0.13874675	0.54388726
Q24D	Q24D	24	24	0.746812	0.5418807	0.85145885	0.23075819	0.69648457	0.50156075	1.3001556	0.9674017	0.91501755	0.7689928	10	0.75205225	0.29160473	1.1430906	Folding	0.45278132	0.17556383	0.6882102
Q24E	Q24E	24	24	0.29865825	0.4824089	0.340334	0.27219248	0.22576113	0.58532053	0.5948124	0.21093017	0.25310984	0.6244912	10	0.38880187	0.16535395	0.6481875	Folding	0.23408243	0.09955316	0.3902484
Q24F	Q24F	24	24	1.0171022	1.1618732	1.1900464	0.9631404	0.7773811	1.0424314	0.40513244	1.6496755	0.5321534	1.254364	10	0.9993299	0.36130226	1.4163048	Folding	0.60165757	0.21752599	0.8527019
Q24G	Q24G	24	24	0.45380592	0.2812243	0.3671907	0.43833372	0.4159365	0.28633922	0.27744314	0.525829	0.5286412	0.2927746	10	0.38675183	0.09992511	0.39170644	Folding	0.23284818	0.06016101	0.23583116
Q24H	Q24H	24	24	0.33868954	0.151925	0.5477412	-0.10510358	-0.0703964	-0.29801625	0.25578374	-0.010763973	0.07900405	-0.0015945365	10	0.08872686	0.24396928	0.95635957	Folding	0.053418983	0.14688438	0.57578677
Q24I	Q24I	24	24	0.9764884	1.1337456	1.3165598	1.5201087	0.7857246	1.3395853	1.2812579	0.97626966	1.0841426	1.3243254	10	1.1738207	0.2211574	0.86693704	Folding	0.70671165	0.13315023	0.52194893
Q24K	Q24K	24	24	0.22942626	0.19036514	0.5248235	-0.06688436	-0.1282205	-0.032175258	0.01928896	0.5874319	0.274996	0.43020758	10	0.20292592	0.25399578	0.99566346	Folding	0.12217378	0.15292095	0.5994501
Q24L	Q24L	24	24	0.53624475	0.3585055	0.45093775	0.42564756	0.6286633	0.69443005	0.22749999	0.6035053	0.5985876	0.40774766	10	0.493177	0.14389855	0.5640823	Folding	0.29692262	0.0866357	0.33961195
Q24M	Q24M	24	24	0.75891376	0.6402675	0.92444664	0.24275799	0.74110806	0.3245471	0.08334331	0.22765137	0.5029978	0.54965913	10	0.49956927	0.27329394	1.0713123	Folding	0.30077115	0.16453962	0.64499533
Q24N	Q24N	24	24	0.65198654	0.65172446	0.7412143	0.55347604	0.62689066	0.5123499	0.8686329	0.39900216	0.63620734	-0.053458583	10	0.55880255	0.24939932	0.97764534	Folding	0.3364332	0.15015359	0.58860207
Q24P	Q24P	24	24	0.050384443	1.2518061	0.58699644	0.8895023	0.18806095	0.29638147	0.27851787	0.32315314	0.69314396	1.1875608	10	0.57455075	0.42166457	1.6529251	Folding	0.34591457	0.25386778	0.9951617
Q24R	Q24R	24	24	0.23657005	0.39557123	0.112067305	0.36350483	0.4565747	0.20895116	0.32353508	0.35862893	0.41668877	-0.06788704	10	0.28042048	0.16139294	0.6326603	Folding	0.16883023	0.09716839	0.3809001
Q24S	Q24S	24	24	0.36351144	0.6528999	0.1966457	0.36999926	0.40802005	0.68471414	0.5482025	0.5952543	0.560237	0.7017719	10	0.5081256	0.1661954	0.651486	Folding	0.3059226	0.10005976	0.39223427
Q24T	Q24T	24	24	0.71048725	0.98022366	0.6492887	0.36687252	0.88539493	0.67903304	1.0101615	0.46644384	0.26134002	0.92456	10	0.6933806	0.2624991	1.0289965	Folding	0.4174574	0.15804046	0.61951864
Q24V	Q24V	24	24	1.0809697	0.8409676	1.5173801	1.5430988	1.336212	1.0956928	1.2178499	1.3468497	1.129783	1.144692	10	1.2253494	0.21457969	0.84115237	Folding	0.7377351	0.12919006	0.506425
Q24W	Q24W	24	24	1.2052075	1.3384395	0.8806906	1.194373	1.5731843	1.1366581	1.0525618	0.91122544	1.1928145	1.260818	10	1.1745974	0.2019042	0.79146445	Folding	0.70717925	0.12155864	0.47650987
Q24Y	Q24Y	24	24	1.0660949	1.2941791	0.46598038	0.26773435	1.215688	1.4935416	1.2460665	1.0111433	0.8749376	0.9631862	10	0.9898552	0.37698275	1.4777724	Folding	0.59595317	0.2269666	0.8897091
Q42A	Q42A	42	42	0.47261125	0.40748718	0.57584864	0.5625628	0.45755607	0.51757693	0.48600033	0.38373435	0.4472494	0.46598035	10	0.47766075	0.061236836	0.24004841	Folding	0.2875809	0.036868308	0.14452377
Q42C	Q42C	42	42	0.24015233	0.24027333	0.36902583	0.3430415	0.27311203	0.32772863	0.25080755	0.41557023	0.31535342	0.24127458	10	0.30163395	0.062086027	0.24337722	Folding	0.18160203	0.037379574	0.14652793
Q42D	Q42D	42	42	0.36181688	0.21566288	0.073529646	0.19719747	0.09364243	0.16709259	0.38972545	0.38362962	-0.0104801105	0.2631477	10	0.21349645	0.13784492	0.5403521	Folding	0.12853788	0.08299105	0.32532492
Q42E	Q42E	42	42	0.0973398	-0.038795378	0.22623698	0.121840194	0.19276568	0.36425784	0.22327852	0.15157896	0.22658007	0.06250769	10	0.16275904	0.11056466	0.43341348	Folding	0.09799086	0.06656667	0.26094136
Q42F	Q42F	42	42	0.9921343	1.22423	1.2912207	1.0585026	1.1385583	0.9467173	1.2702444	1.2383122	0.76275146	1.1693257	10	1.1091998	0.16870339	0.6613173	Folding	0.6678059	0.10156973	0.39815333
Q42G	Q42G	42	42	0.39733827	0.45001516	0.48407254	0.6171948	0.42389208	0.46100172	0.4576356	0.57559747	0.39754742	0.40012634	10	0.46644217	0.07532094	0.29525807	Folding	0.28082663	0.045347795	0.17776336
Q42H	Q42H	42	42	0.29831877	0.2731082	0.3328193	0.20197183	0.372498	0.3240891	0.24489367	0.46879062	0.32987326	0.2151858	10	0.30615488	0.07922043	0.31054407	Folding	0.1843239	0.04769553	0.18696648
Q42I	Q42I	42	42	0.7186628	0.6071551	0.6533031	0.6758115	0.5714354	0.66452664	0.62762976	0.71618164	0.8727728	0.7083793	10	0.6815858	0.08269792	0.32417586	Folding	0.4103562	0.04978919	0.19517364
Q42K	Q42K	42	42	0.20645295	0.02588957	-0.07873795	0.06030798	0.16129328	0.11142077	0.24762042	0.18973325	0.15508242	0.07497393	10	0.11540367	0.09739159	0.38177505	Folding	0.06948005	0.058635674	0.22985184
Q42L	Q42L	42	42	0.60742605	0.7288322	0.7880189	0.77662444	0.86338174	0.7315433	0.8094081	0.7344304	0.64800626	0.77235794	10	0.746003	0.07501137	0.29404458	Folding	0.44913927	0.04516142	0.17703277
Q42M	Q42M	42	42	0.66414845	0.68513334	0.82421786	0.78283703	0.87611365	0.8690909	0.6504475	0.9786695	0.75464016	0.7344726	10	0.78197706	0.10566708	0.41421494	Folding	0.47079787	0.06361803	0.24938267
Q42N	Q42N	42	42	0.47790134	0.31882495	0.52895063	0.21106137	0.33929586	0.543014	0.474659	0.59658694	0.40651733	0.43971443	10	0.43365258	0.117206946	0.45945123	Folding	0.2610853	0.07056573	0.27661768
Q42P	Q42P	42	42	0.53619474	0.23332748	0.23711187	0.24047548	0.30973127	0.29180157	0.4071678	0.34290144	0.26288408	0.22523442	10	0.308683	0.09856311	0.3863674	Folding	0.18584599	0.059341002	0.23261674
Q42R	Q42R	42	42	0.3151798	0.21676065	0.37465635	0.24471185	0.40424323	0.24480408	0.38045728	0.3596335	0.33549288	0.3029335	10	0.3178873	0.06480837	0.25404882	Folding	0.19138753	0.03901859	0.15295288
Q42S	Q42S	42	42	0.3598942	0.4671747	0.41342375	0.34226725	0.33121124	0.25679222	0.39712384	0.49667066	0.3271855	0.3929748	10	0.37847185	0.07066723	0.27701554	Folding	0.22786313	0.04254598	0.16678025
Q42T	Q42T	42	42	0.34080097	0.28870645	0.3063158	0.2137787	0.28593063	0.21209325	0.23304091	0.6063042	0.28637242	0.4192805	10	0.3192624	0.11841582	0.46419	Folding	0.19221543	0.07129354	0.27947068
Q42V	Q42V	42	42	0.50898635	0.7241831	0.46050844	0.49252045	0.5974814	0.4605261	0.5963686	0.463958	0.6139241	0.4699144	10	0.5388371	0.0896919	0.35159224	Folding	0.32441276	0.053999994	0.21167998
Q42W	Q42W	42	42	0.54994404	0.74011695	0.6616494	0.7246211	0.71708566	0.86257553	0.89839315	1.1124338	0.73757154	0.8281626	10	0.78325546	0.15308313	0.60008585	Folding	0.47156754	0.09216538	0.3612883
Q42Y	Q42Y	42	42	0.72506124	0.6606809	0.8725539	0.64479893	0.55584425	0.90022147	0.73170996	0.74831235	0.5481827	0.5171737	10	0.690454	0.13113515	0.5140498	Folding	0.4156954	0.07895136	0.30948934
Q60A	Q60A	60	60	0.15196502	0.2001293	0.12601766	0.021934263	0.2917556	0.22204126	0.18099435	0.20596568	0.23108757	0.15182407	10	0.17837147	0.07257127	0.28447938	Folding	0.1073905	0.043692328	0.17127393
Q60C	Q60C	60	60	0.19929709	0.14479831	0.059093174	0.22562546	0.16482633	0.28698376	0.14248408	0.38539043	0.18735516	0.37319213	10	0.2169046	0.10399675	0.40766728	Folding	0.1305898	0.062612385	0.24544056
Q60D	Q60D	60	60	-0.02960004	0.19410889	0.15356843	0.12092757	0.14417206	-0.040207654	0.13670242	0.16537839	0.10284486	-0.054490972	10	0.08934039	0.09364842	0.36710182	Folding	0.05378836	0.05638206	0.22101767
Q60E	Q60E	60	60	0.06708817	0.13646604	-0.0015560028	0.11211026	0.18229274	-0.012368365	0.1488462	0.26150644	0.1307497	0.00649259	10	0.10316278	0.08840024	0.34652895	Folding	0.062110282	0.053222332	0.20863155
Q60F	Q60F	60	60	0.5866741	0.42832178	0.596966	0.55248845	0.38609087	0.69321406	0.39927924	0.46655557	0.6065912	0.61517996	10	0.53313607	0.105422884	0.41325772	Folding	0.32098043	0.063471004	0.24880634
Q60G	Q60G	60	60	0.0835834	0.10388366	0.13343425	0.11950992	0.09671297	0.1508865	0.1486177	0.096980266	0.21821901	0.20101054	10	0.13528383	0.045320462	0.17765622	Folding	0.081449114	0.027285682	0.10695987
Q60H	Q60H	60	60	0.16582416	0.26341784	0.25349405	0.17043352	0.10302003	0.32093948	0.21298745	0.14869106	0.21173267	0.23768039	10	0.20882206	0.06371598	0.24976665	Folding	0.12572362	0.038360905	0.15037476
Q60I	Q60I	60	60	0.3088689	0.43786207	0.47982875	0.29363963	0.45829377	0.23191863	0.33597383	0.22481047	0.19277088	0.39884803	10	0.33628148	0.103391685	0.4052954	Folding	0.20246196	0.0622481	0.24401255
Q60K	Q60K	60	60	0.35014138	0.43279073	0.5744822	0.6192187	0.44929093	0.49956307	0.63251954	0.38134617	0.49575946	0.49696118	10	0.4932073	0.09458269	0.37076417	Folding	0.29694086	0.05694455	0.22322264
Q60L	Q60L	60	60	0.33296397	0.30888227	0.28416234	0.2961825	0.303177	0.28850368	0.30525064	0.300767	0.2873465	0.2972123	10	0.30044484	0.014012861	0.054930415	Folding	0.18088612	0.008436597	0.033071462
Q60M	Q60M	60	60	0.25798428	0.2434601	0.5112153	0.07613413	0.19344617	0.22776037	0.09435866	0.31496882	0.07377588	-0.062129747	10	0.19309741	0.15874797	0.62229204	Folding	0.116256416	0.09557596	0.37465775
Q60N	Q60N	60	60	0.21792899	0.272265	0.13499491	0.32786807	0.12397633	0.17770126	0.31561896	0.17143306	0.21552609	0.12721996	10	0.20845327	0.07557458	0.29625234	Folding	0.12550157	0.045500502	0.17836197
Q60P	Q60P	60	60	0.13415474	0.22859359	0.15557076	0.14649525	0.2503254	0.19547439	0.20146754	0.14133756	0.23054959	0.16030946	10	0.18442783	0.042256046	0.1656437	Folding	0.1110368	0.025440717	0.099727616
Q60R	Q60R	60	60	0.33507335	0.35321888	0.3870057	0.2666567	0.40467384	0.3276498	0.43519664	0.38206115	0.33353695	0.37853825	10	0.36036116	0.047534518	0.18633531	Folding	0.21695939	0.028618678	0.112185225
Q60S	Q60S	60	60	0.14683276	0.17662266	0.20541142	0.17671745	0.1521149	0.1640052	0.22420445	0.18688226	0.16480637	0.13701968	10	0.1734617	0.026777813	0.10496903	Folding	0.10443452	0.016121875	0.063197754
Q60T	Q60T	60	60	0.009422803	-0.076501265	0.00750248	0.015246032	0.03943416	0.012066155	0.03981383	-0.030510074	-0.001173315	0.021152608	10	0.0036453418	0.034580883	0.13555706	Folding	0.002194718	0.0208198	0.081613615
Q60V	Q60V	60	60	0.25176698	0.24046847	0.15095997	-0.004056238	0.13472271	0.26756373	0.18154189	0.11585582	0.18630956	0.16615441	10	0.16912873	0.079169944	0.3103462	Folding	0.10182581	0.047665134	0.18684733
Q60W	Q60W	60	60	0.5199318	0.5508529	0.62939703	0.25747433	0.69372135	0.5857352	0.59211856	0.43433762	0.5985751	0.39191368	10	0.52540576	0.12960051	0.508034	Folding	0.31632632	0.07802741	0.30586746
Q60Y	Q60Y	60	60	0.85148174	0.6380269	0.98456866	0.8323094	0.9107234	0.806371	0.7244795	0.86403763	0.8461662	0.863112	10	0.8321277	0.09538935	0.37392625	Folding	0.5009916	0.057430204	0.2251264
Q69A	Q69A	69	69	0.26110035	0.2886619	0.28272	0.4286862	0.14451832	0.34344566	0.28961405	0.044083	0.44159266	0.29539108	10	0.28198132	0.118784085	0.46563363	Folding	0.16976994	0.07151526	0.28033984
Q69C	Q69C	69	69	0.5948652	0.35823062	0.63822037	0.5616346	0.58858997	0.69013155	0.47431672	0.3943129	0.52659506	0.60567796	10	0.5432575	0.10593093	0.41524926	Folding	0.3270741	0.06377688	0.25000536
Q69D	Q69D	69	69	-0.30336043	-0.2786483	-0.3168547	-0.30778393	-0.34740853	-0.416481	-0.32379577	-0.3597425	-0.37247556	-0.42933276	10	-0.34558836	0.04939563	0.19363086	Folding	-0.20806526	0.02973918	0.11657759
Q69E	Q69E	69	69	-0.32257906	-0.20334345	-0.41883123	-0.39200535	-0.4083149	-0.38263857	-0.27017412	-0.27190346	-0.389213	-0.16610342	10	-0.32251066	0.090368606	0.35424495	Folding	-0.19417109	0.05440741	0.21327706
Q69F	Q69F	69	69	0.39708138	0.61494476	0.492202	0.7488107	0.49118462	0.51056314	0.38258365	0.77910787	0.3362984	0.5710023	10	0.5323779	0.1487001	0.5829044	Folding	0.32052395	0.08952653	0.35094398
Q69G	Q69G	69	69	0.30893725	0.25076166	0.17726083	0.039651427	0.12040357	0.00924864	0.07117692	0.079452805	0.13430317	0.12982441	10	0.13210207	0.09289234	0.36413798	Folding	0.0795335	0.055926852	0.21923326
Q69H	Q69H	69	69	0.24630904	0.31399867	0.4660833	0.34488848	0.2987062	0.25569436	0.26638135	0.19670278	0.32328263	0.38792786	10	0.30999747	0.077256	0.30284354	Folding	0.18663737	0.046512824	0.18233027
Q69I	Q69I	69	69	0.45104963	0.685609	0.64758193	0.6821749	0.8050885	0.50992763	0.48710427	0.444911	0.50733525	0.5312026	10	0.57519853	0.12141432	0.47594413	Folding	0.3463046	0.07309882	0.2865474
Q69K	Q69K	69	69	0.02455678	0.012252121	-0.040356755	-0.12869523	0.088475645	-0.0111362655	-0.03164739	-0.04506039	0.01676054	-0.061784513	10	-0.017663548	0.058600783	0.22971508	Folding	-0.010634533	0.035281245	0.13830248
Q69L	Q69L	69	69	0.4332089	0.5359846	0.6454988	0.65100753	0.48195222	0.60196203	0.55970055	0.4144006	0.519827	0.62802815	10	0.547157	0.08556282	0.33540624	Folding	0.32942188	0.051514033	0.20193501
Q69M	Q69M	69	69	0.7265206	0.6861874	0.4644417	0.41076687	0.49955428	0.5676002	0.7197786	0.61326396	0.57323676	0.4621973	10	0.5723548	0.11320883	0.44377863	Folding	0.34459248	0.06815862	0.26718178
Q69N	Q69N	69	69	-0.047950365	-0.041400645	-0.12993295	0.28783515	0.19237463	0.25373226	0.14744376	0.050388623	-0.037131328	0.08078706	10	0.075614624	0.14147682	0.55458915	Folding	0.045524616	0.085177675	0.3338965
Q69P	Q69P	69	69	0.25617102	0.07526178	-0.13084391	0.22237545	-0.014081388	0.14078881	0.04560816	0.14597192	0.045523122	0.29338586	10	0.10801609	0.13027298	0.5106701	Folding	0.06503227	0.07843228	0.30745453
Q69R	Q69R	69	69	0.28949797	0.22833866	0.3370056	0.28290534	0.13954307	0.24519646	0.10686593	0.2756194	0.28030485	0.26907828	10	0.24543555	0.0708077	0.2775662	Folding	0.14776717	0.042630553	0.16711177
Q69S	Q69S	69	69	0.18740653	0.3892395	0.20486422	0.22965717	0.26566046	0.26118633	0.30602723	0.22277494	0.4591426	0.26282185	10	0.2788781	0.08535734	0.33460078	Folding	0.16790162	0.051390324	0.20145008
Q69T	Q69T	69	69	0.32791978	0.40629995	0.30876446	0.3154318	-0.25916916	0.08976113	0.091700196	0.24663562	0.10337894	0.1701211	10	0.18008439	0.19068067	0.74746823	Folding	0.10842179	0.11480139	0.45002148
Q69V	Q69V	69	69	0.5423422	0.37619862	0.48982805	0.45259985	0.4500335	0.42453447	0.7656501	0.3115223	0.34289885	0.48935127	10	0.46449596	0.12734213	0.49918118	Folding	0.2796549	0.076667726	0.3005375
Q69W	Q69W	69	69	1.1321725	0.8905222	1.0261348	0.7655267	0.9026089	0.78891903	0.7921502	0.8555242	0.60287845	0.8207189	10	0.8577156	0.1455371	0.57050544	Folding	0.5163971	0.0876222	0.34347904
Q69Y	Q69Y	69	69	0.613543	0.49999848	0.9808252	0.7613959	0.6372828	0.8695387	0.4306228	0.73902404	0.504346	0.93981344	10	0.69763905	0.19224021	0.75358164	Folding	0.42002124	0.11574033	0.4537021
Q98A	Q98A	98	98	0.124126464	0.15268114	0.14714462	0.15861945	0.22281194	0.1657952	0.2419656	0.20914946	0.1659474	0.123550646	10	0.1711792	0.040462304	0.15861224	Folding	0.10306032	0.024360774	0.09549423
Q98C	Q98C	98	98	0.42522645	0.34900567	0.38836357	0.44591972	0.25027198	0.3854387	0.21818928	0.05260034	0.100957476	0.37695938	10	0.29929325	0.13759515	0.539373	Folding	0.18019278	0.082840666	0.3247354
Q98D	Q98D	98	98	0.48771966	0.7089171	0.60933775	0.7954049	0.3723541	0.4346435	0.6144241	0.4126917	0.5489676	0.5323257	10	0.55167854	0.13376285	0.5243504	Folding	0.3321441	0.08053339	0.3156909
Q98E	Q98E	98	98	-0.3137703	0.020345157	-0.24620141	-0.14815976	-0.15107642	0.01992979	-0.21114975	-0.259319	-0.07008673	-0.12552574	10	-0.14850143	0.113835245	0.44623417	Folding	-0.089406915	0.06853576	0.2686602
Q98F	Q98F	98	98	0.37584782	0.47829455	0.39842388	0.38119796	0.5980093	0.53515524	0.6245592	0.48958114	0.4288714	0.2586873	10	0.45686278	0.111287765	0.43624803	Folding	0.27505925	0.06700202	0.26264793
Q98G	Q98G	98	98	0.71761036	0.77078307	0.86508495	1.032431	1.029715	1.1473596	1.1068647	1.0861695	0.9701946	0.83568394	10	0.95618975	0.14969447	0.58680236	Folding	0.57568455	0.0901252	0.3532908
Q98H	Q98H	98	98	-0.009234635	0.27686486	0.27706134	-0.009961481	0.15006348	0.28232875	0.40890086	0.14476024	0.10008234	0.057684667	10	0.16785505	0.13967283	0.5475175	Folding	0.101058975	0.08409156	0.32963893
Q98I	Q98I	98	98	0.25475705	0.14939423	0.18742195	0.33032477	0.24306224	0.26192454	0.09246212	0.08985356	0.13220845	0.17713381	10	0.19185427	0.07926236	0.31070846	Folding	0.11550797	0.047720775	0.18706544
Q98K	Q98K	98	98	0.3203263	0.32655138	0.21886986	0.4777861	0.37071297	0.30512762	0.28763098	0.48733702	0.20694563	0.17790179	10	0.317919	0.105377145	0.41307843	Folding	0.19140661	0.06344347	0.2486984
Q98L	Q98L	98	98	0.015182145	-0.001797885	0.019431531	-0.047868483	-0.06506016	0.002149591	0.013217865	0.011657288	-0.034638993	0.020097656	10	-0.006762944	0.030906953	0.121155255	Folding	-0.0040717046	0.01860787	0.07294285
Q98M	Q98M	98	98	-0.03942165	0.08196287	-0.021176856	0.04973815	0.06611858	0.072355	-0.06849047	-0.24260935	0.026701292	-0.06418087	10	-0.01390033	0.09846117	0.38596782	Folding	-0.008368846	0.05927963	0.23237616
Q98N	Q98N	98	98	0.5717656	0.7265808	0.9183265	0.9819824	0.7541896	0.7084654	0.7372707	0.74537826	0.7432247	0.5899616	10	0.74771464	0.12560858	0.49238563	Folding	0.4501698	0.07562403	0.29644617
Q98P	Q98P	98	98	2.4858232	3.1607103	2.305007	2.717126	3.4132514	3.5464807	3.4467769	2.4064798	2.3276389	2.9330647	10	2.8742359	0.49136046	1.926133	Folding	1.7304653	0.29582897	1.1596496
Q98R	Q98R	98	98	0.4447988	0.4422997	0.45227167	0.2666343	0.21553469	0.47897422	0.43793407	0.50210696	0.352039	0.3266982	10	0.39192918	0.096301705	0.37750268	Folding	0.23596527	0.057979498	0.22727963
Q98S	Q98S	98	98	0.33777103	0.3779162	0.37850413	0.3494339	0.41571724	0.23275444	0.37260017	0.42480525	0.37785035	0.4469285	10	0.37142807	0.059153914	0.23188335	Folding	0.22362235	0.035614263	0.13960792
Q98T	Q98T	98	98	0.17067558	0.13825582	0.3353995	0.051909644	0.30437538	-0.012681311	0.049264655	0.05565475	0.12024517	0.29221368	10	0.15053129	0.12248037	0.48012307	Folding	0.09062902	0.07374065	0.28906336
Q98V	Q98V	98	98	0.38098517	0.252365	0.22197093	0.22361185	0.27558187	0.11669825	0.20219201	0.14999883	0.28610936	0.32975176	10	0.24392648	0.07933729	0.3110022	Folding	0.14685862	0.04776589	0.18724228
Q98W	Q98W	98	98	-0.006794495	-0.062568255	0.05021843	-0.004833897	0.0985999	0.0123783825	0.025452489	-0.081894055	0.12743887	0.10064173	10	0.02586391	0.06945489	0.2722632	Folding	0.015571651	0.04181608	0.16391905
Q98Y	Q98Y	98	98	-0.020166233	-0.08144067	-0.1838402	0.019344177	-0.07433745	-0.034746177	-0.2531829	-0.289874	-0.12201156	-0.19042972	10	-0.12306847	0.103152715	0.40435866	Folding	-0.07409472	0.062104225	0.24344857
R101A	R101A	101	101	0.5273511	0.48380497	0.5221979	0.3579318	0.47622547	0.6886742	0.72509724	0.51390904	0.49695256	0.5878449	10	0.5379989	0.10645747	0.4173133	Folding	0.32390815	0.06409389	0.25124803
R101C	R101C	101	101	0.8110397	0.94051987	0.88313246	0.90731543	0.66615707	0.6207788	0.72987187	0.72416157	0.84055763	0.7397415	10	0.78632754	0.10666957	0.4181447	Folding	0.47341713	0.06422158	0.25174862
R101D	R101D	101	101	1.0068042	1.0407716	1.0294892	1.2208192	1.0929557	0.8417353	1.0118461	0.95284134	1.0682406	0.9150356	10	1.0180538	0.10328408	0.4048736	Folding	0.6129304	0.062183317	0.2437586
R101E	R101E	101	101	0.9990809	0.71467084	0.83573854	1.0546093	0.83557844	0.5452764	0.7930438	0.82553244	0.37357563	0.7851485	10	0.7762255	0.19896221	0.7799319	Folding	0.46733508	0.11978738	0.46956655
R101F	R101F	101	101	0.85716057	0.8167622	0.7344594	0.68883014	0.6530483	0.71014464	0.7353598	0.6466055	0.673028	0.6129291	10	0.71283275	0.07653305	0.30000955	Folding	0.4291688	0.04607756	0.18062404
R101G	R101G	101	101	0.9656276	0.8600794	0.87039995	0.9258514	0.8893705	0.9281539	0.83056474	0.8514875	0.7514421	1.0787655	10	0.8951742	0.08776175	0.3440261	Folding	0.53894943	0.052837927	0.20712468
R101H	R101H	101	101	0.72700316	0.84478754	0.9538619	0.75152534	0.53990835	0.7451896	0.74503577	0.74917305	0.50406486	0.81722075	10	0.73777705	0.13282035	0.5206558	Folding	0.44418678	0.07996595	0.31346652
R101I	R101I	101	101	0.63432115	0.6738351	0.68397266	0.7381262	0.5289274	0.43642965	0.44116575	0.31470984	0.5418308	0.5876303	10	0.55809486	0.13214532	0.51800966	Folding	0.33600715	0.079559535	0.31187338
R101K	R101K	101	101	0.40108323	0.4899039	0.2562308	0.19670302	0.48835152	0.39913708	0.36628622	0.41945973	0.39401543	0.25680384	10	0.36679748	0.09939933	0.38964537	Folding	0.22083445	0.059844457	0.23459028
R101L	R101L	101	101	0.67689025	0.5946848	0.4248951	0.5164604	0.39882898	0.43415675	0.36167204	0.4083722	0.44708487	0.46756375	10	0.47306085	0.09710431	0.3806489	Folding	0.28481147	0.058462717	0.22917385
R101M	R101M	101	101	0.3520277	0.1762268	0.17372274	0.34086004	0.3624855	0.30716228	0.33164462	0.29930037	0.1748818	0.53272384	10	0.30510357	0.11063166	0.43367612	Folding	0.18369095	0.066607006	0.26109946
R101N	R101N	101	101	0.4196516	0.409225	0.44406864	0.21914369	0.43181747	0.4174578	0.36874232	0.46890312	0.30987436	0.4419885	10	0.39308724	0.07569819	0.2967369	Folding	0.23666249	0.045574926	0.17865372
R101P	R101P	101	101	2.4108534	2.8321557	2.2423065	2.2903166	2.5175939	2.7712734	2.624053	2.9853868	2.592523	2.9741783	10	2.624064	0.26520908	1.0396196	Folding	1.5798465	0.15967204	0.6259144
R101Q	R101Q	101	101	0.32006502	0.72907984	0.52527606	0.3495713	0.4540744	0.6171321	0.6184454	0.48568767	0.52107733	0.4642927	10	0.5084702	0.12435921	0.48748812	Folding	0.30613005	0.07487183	0.2934976
R101S	R101S	101	101	0.52190596	0.5067298	0.47215936	0.50084996	0.53780806	0.56720954	0.47082013	0.42065462	0.45892572	0.43542758	10	0.48924905	0.046062253	0.18056403	Folding	0.29455775	0.027732285	0.10871056
R101T	R101T	101	101	0.47142014	0.88229775	0.7732022	0.6715658	0.71272933	0.7316557	0.912597	0.8438753	0.57030404	0.7872549	10	0.73569024	0.13760109	0.5393963	Folding	0.44293037	0.08284425	0.32474947
R101V	R101V	101	101	0.8809411	0.677285	1.0327624	0.90572995	0.92320293	0.85506505	0.901275	0.87254393	0.8669609	0.9559914	10	0.88717574	0.09038122	0.3542944	Folding	0.5341339	0.054415006	0.21330683
R101W	R101W	101	101	1.3181655	1.2745848	1.3687574	1.0162531	1.3331935	1.2754512	1.189875	0.9838933	1.4535245	1.2833917	10	1.249709	0.14852047	0.5822002	Folding	0.752401	0.08941838	0.35052007
R101Y	R101Y	101	101	0.6498597	0.9054653	1.0113708	0.7906187	0.90451515	0.9138266	1.1001736	0.8774664	0.8372596	0.94036126	10	0.8930917	0.121492885	0.4762521	Folding	0.53769565	0.07314613	0.28673282
R122A	R122A	122	122	0.27521583	0.10951562	-0.0190907	0.059941832	0.049230542	-0.018613823	0.059550777	0.25461897	0.14638254	0.1595464	10	0.1076298	0.10213461	0.40036768	Folding	0.0647997	0.061491262	0.24104576
R122C	R122C	122	122	0.29084346	0.30244455	0.18524258	0.28729782	0.18751413	0.12718108	0.14935854	0.12672159	0.36458427	0.36778215	10	0.23889701	0.09433271	0.36978424	Folding	0.14383057	0.056794044	0.22263266
R122D	R122D	122	122	-0.080186315	-0.08547962	-0.08727183	-0.23070607	-0.0036109837	0.06847638	0.006237522	0.018350307	0.08285941	0.07374789	10	-0.023758333	0.09793185	0.38389283	Folding	-0.0143039655	0.058960944	0.2311269
R122E	R122E	122	122	-0.023323407	-0.03898154	0.10228637	0.16453338	0.04072986	0.015264647	-0.09398328	0.008596915	-0.031545304	0.1346231	10	0.027820075	0.08284852	0.3247662	Folding	0.016749382	0.04987986	0.19552906
R122F	R122F	122	122	0.6145998	0.57551533	0.59147066	0.5253423	0.5728445	0.5327999	0.60974747	0.5286809	0.49171773	0.40761897	10	0.5450338	0.062730916	0.24590519	Folding	0.3281436	0.037767835	0.14804992
R122G	R122G	122	122	0.022572888	0.06270619	0.045312036	0.009637242	0.09243903	0.010775195	-0.07095527	-0.01063182	0.011502228	-0.024935924	10	0.01484218	0.045883454	0.17986314	Folding	0.008935897	0.027624637	0.10828858
R122H	R122H	122	122	0.22506475	0.35243014	0.29678124	0.2194901	0.4956794	0.34027708	0.30533478	0.26808357	0.11150866	0.42221293	10	0.30368623	0.10859983	0.42571133	Folding	0.18283764	0.06538372	0.25630417
R122I	R122I	122	122	0.5878201	0.5761052	0.620413	0.5863703	0.48886126	0.50085604	0.6668821	0.89125514	0.9060299	0.73010635	10	0.6554699	0.14629449	0.5734744	Folding	0.39463285	0.0880782	0.34526655
R122K	R122K	122	122	0.32566267	0.36885273	0.39114484	0.3646771	0.5065893	0.4999394	0.44819212	0.52139676	0.37427115	0.23924018	10	0.40399665	0.089800455	0.3520178	Folding	0.24323061	0.05406535	0.21193618
R122L	R122L	122	122	0.65791804	0.5671373	0.47206205	0.5954513	0.5608712	0.5973864	0.6277721	0.70124876	0.62183094	0.58489954	10	0.5986577	0.061527193	0.2411866	Folding	0.36042845	0.03704312	0.14520903
R122M	R122M	122	122	0.58563584	0.5078531	0.45396215	0.44370085	0.6005354	0.75908715	0.75332505	0.60961443	0.463901	0.5257037	10	0.5703319	0.1147968	0.45000347	Folding	0.34337455	0.06911468	0.27092955
R122N	R122N	122	122	0.37118024	0.36910766	0.22705954	0.23663884	0.1967381	0.22388346	0.24832816	0.30903646	0.14184126	0.44012395	10	0.27639377	0.09277343	0.36367184	Folding	0.1664059	0.055855263	0.21895264
R122P	R122P	122	122	0.39109558	0.26565087	0.32384697	0.4310817	0.39959282	0.41426438	0.51565945	0.4155466	0.5667752	0.23373787	10	0.39572516	0.10219323	0.40059745	Folding	0.23825067	0.061526556	0.2411841
R122Q	R122Q	122	122	0.45085478	0.31674746	0.28100222	0.20983364	0.32619768	0.20396806	0.237544	0.1287806	0.062128395	0.300425	10	0.25174817	0.10952144	0.42932406	Folding	0.15156776	0.065938585	0.25847927
R122S	R122S	122	122	0.05045827	0.08609217	0.08605795	-0.028964285	0.024215056	-0.020100031	0.1648112	0.24148104	0.047282845	0.21545772	10	0.08667919	0.093210556	0.36538538	Folding	0.052186158	0.056118436	0.21998428
R122T	R122T	122	122	0.22369717	0.16257195	0.14284976	0.18096657	0.35424075	0.27889988	0.47489604	0.34477767	0.20579311	0.3678761	10	0.2736569	0.10857522	0.42561486	Folding	0.16475815	0.0653689	0.2562461
R122V	R122V	122	122	0.40152308	0.39319125	0.24492964	0.29905543	0.38151246	0.50296324	0.3803101	0.36025414	0.33195394	0.3347735	10	0.3630467	0.06865795	0.26913917	Folding	0.21857625	0.041336272	0.16203819
R122W	R122W	122	122	0.35615328	0.46770856	0.41608468	0.2996027	0.5711679	0.46245906	0.4610806	0.34199068	0.40861887	0.4066953	10	0.41915616	0.0771653	0.30248797	Folding	0.25235757	0.046458215	0.18211621
R122Y	R122Y	122	122	0.49594223	0.7672058	0.67414176	0.6401041	0.3887119	0.54886484	0.677999	0.5444128	0.56501025	0.8071798	10	0.61095726	0.12704746	0.49802607	Folding	0.36783352	0.07649032	0.29984206
R134A	R134A	134	134	0.30657184	0.14308478	0.008378577	0.111840926	0.39187917	0.2028629	0.06882442	-0.109008424	0.04435199	0.029103963	10	0.119789004	0.14821175	0.5809901	Folding	0.07212029	0.08923251	0.34979147
R134C	R134C	134	134	1.0606412	0.8705888	1.118976	0.8422643	0.80240655	0.8830489	0.46546713	0.58360875	0.6773284	0.6105971	10	0.7914927	0.20877604	0.8184021	Folding	0.47652686	0.12569591	0.492728
R134D	R134D	134	134	-0.03919527	-0.111638494	0.063282184	0.22260447	0.06290012	0.10775376	0.19382001	-0.11635969	-0.055320166	0.02028435	10	0.03481313	0.11812522	0.46305087	Folding	0.020959627	0.071118586	0.27878487
R134E	R134E	134	134	0.24924193	0.22510935	0.2632355	0.36510107	0.117188476	0.29432738	0.29007417	0.12312799	0.15988098	0.03935549	10	0.21266422	0.09994597	0.3917882	Folding	0.12803683	0.060173567	0.23588039
R134F	R134F	134	134	0.4663602	0.52637565	0.42014724	0.45745692	0.7214745	0.66760474	0.72435296	0.76389873	0.6375428	0.60906684	10	0.59942806	0.12431456	0.4873131	Folding	0.36089224	0.07484495	0.2933922
R134G	R134G	134	134	0.39039645	0.548253	0.5154342	0.63836926	0.53575486	0.44714507	0.37033242	0.33102626	0.48066214	0.531882	10	0.47892556	0.09434718	0.36984095	Folding	0.2883424	0.056802753	0.2226668
R134H	R134H	134	134	0.18612127	0.18869425	0.36068887	0.41310292	0.18088566	0.23320282	0.5524907	0.4228071	0.30354714	0.5250351	10	0.33665758	0.1400522	0.5490046	Folding	0.2026884	0.084319964	0.33053428
R134I	R134I	134	134	0.7723455	0.5482724	0.5009679	0.5706901	0.61552006	0.44441366	0.6870783	0.5165703	0.6624913	0.6905006	10	0.60088503	0.102265425	0.4008805	Folding	0.36176944	0.061570022	0.2413545
R134K	R134K	134	134	0.3706036	0.24917701	0.3556015	0.33757403	0.12386915	0.37769613	0.65964955	0.13046737	0.3183684	0.31905106	10	0.3242058	0.14983702	0.5873611	Folding	0.19519165	0.09021102	0.3536272
R134L	R134L	134	134	0.44710612	0.40385705	0.35662922	0.31177238	0.39340422	0.35046053	0.53815407	0.40774187	0.33914927	0.36866295	10	0.39169374	0.06458245	0.25316322	Folding	0.23582351	0.038882572	0.15241969
R134M	R134M	134	134	0.21511026	0.47845674	0.45781484	0.23740135	0.20144509	0.22504738	0.11978184	0.19289899	0.11045339	0.39573365	10	0.26341432	0.13285963	0.52080977	Folding	0.15859148	0.0799896	0.31355923
R134N	R134N	134	134	0.039800562	0.10527913	0.06456152	0.17392837	0.15161204	-0.07260857	0.10990814	0.28420678	0.11568211	0.12698786	10	0.1099358	0.092404924	0.36222732	Folding	0.06618805	0.0556334	0.21808293
R134P	R134P	134	134	2.0688655	1.9005654	1.7998081	1.8412765	1.8610458	1.8224064	2.1768732	1.6638505	1.9477801	1.7818367	10	1.886431	0.1477124	0.5790326	Folding	1.1357465	0.088931866	0.34861293
R134Q	R134Q	134	134	0.537729	0.22642985	0.39352846	0.3148457	0.32487902	0.30322096	0.3796486	0.18762405	0.45158812	0.31823662	10	0.34377304	0.102549694	0.40199482	Folding	0.20697233	0.06174117	0.24202539
R134S	R134S	134	134	0.396428	0.4661216	0.52657235	0.4845377	0.40349114	0.40290082	0.3665456	0.29965997	0.33605918	0.24660908	10	0.39289254	0.08555178	0.335363	Folding	0.23654526	0.05150739	0.20190898
R134T	R134T	134	134	0.70681363	0.50632095	0.41138604	0.545409	0.43123552	0.3894571	0.27986914	0.32980412	0.6971375	0.54346734	10	0.48409003	0.14349607	0.5625046	Folding	0.29145172	0.08639338	0.33866206
R134V	R134V	134	134	0.4078886	0.52771264	0.434738	0.3267804	0.51155466	0.4270918	0.4485554	0.47973427	0.47077847	0.52999383	10	0.45648283	0.06221744	0.24389237	Folding	0.2748305	0.03745869	0.14683807
R134W	R134W	134	134	1.311715	1.1778644	1.1805453	1.4282714	1.219499	1.0870773	1.2925458	1.041978	1.295737	1.0684847	10	1.2103717	0.123607844	0.48454276	Folding	0.72871757	0.07441946	0.2917243
R134Y	R134Y	134	134	0.8734749	1.02254	1.0339293	0.7480854	0.85906506	0.90096873	0.87583673	1.127114	0.9145543	0.68664384	10	0.90422124	0.13171117	0.5163078	Folding	0.54439634	0.07929815	0.31084877
R148A	R148A	148	148	0.7307739	0.6124927	0.48484668	0.5746615	0.6212575	0.5765658	0.68053967	0.57191217	0.6461551	0.6027233	10	0.6101929	0.06711151	0.2630771	Folding	0.36737332	0.040405218	0.15838845
R148C	R148C	148	148	0.045049448	0.041725114	-0.07419506	0.015992815	0.048801824	0.46270728	0.18489788	-0.0354921	-0.06440834	-0.039337255	10	0.05857416	0.16084644	0.6305181	Folding	0.035265215	0.09683937	0.37961033
R148D	R148D	148	148	0.58100176	0.57220805	0.7824302	0.70564955	0.699759	0.5366219	0.5879436	0.5344543	0.6992492	0.80288714	10	0.65022045	0.09987704	0.391518	Folding	0.39147237	0.060132068	0.23571771
R148E	R148E	148	148	0.3785493	0.48917142	0.3135895	0.24553666	0.18025358	0.45995998	0.60882777	0.5712268	0.38584712	0.44267517	10	0.40756375	0.13580954	0.5323734	Folding	0.24537823	0.08176562	0.32052124
R148F	R148F	148	148	0.27372015	0.46708488	0.0711636	-0.05396026	0.115912884	0.16313127	0.24103032	0.50425106	0.47970152	0.39559427	10	0.26576298	0.19258134	0.7549189	Folding	0.16000552	0.11594571	0.4545072
R148G	R148G	148	148	0.07645888	0.16424134	0.43450406	0.32738346	0.29550827	0.13489111	0.22247891	0.3076675	0.14919181	0.17906848	10	0.2291394	0.1094161	0.42891112	Folding	0.13795589	0.065875165	0.25823066
R148H	R148H	148	148	0.26326972	0.23032337	0.28437597	0.17161798	0.13152194	0.28127387	0.1870236	0.26986536	0.12516631	0.023700237	10	0.19681385	0.085486725	0.33510798	Folding	0.11849394	0.05146822	0.20175542
R148I	R148I	148	148	0.47032085	0.46265823	0.6509929	0.5279205	0.46644175	0.4764632	0.5400859	0.58130705	0.5171189	0.498913	10	0.5192222	0.059954442	0.23502141	Folding	0.3126034	0.03609623	0.14149722
R148K	R148K	148	148	0.23202664	0.21714732	0.1705002	0.21381947	0.38451844	0.3387672	0.24690871	0.20641507	0.30068794	0.25113174	10	0.25619227	0.0659147	0.25838563	Folding	0.15424336	0.03968467	0.1555639
R148L	R148L	148	148	0.49217623	0.45272416	0.5891549	0.42329845	0.45799235	0.2080082	0.30844295	-0.026588995	0.81570834	0.40049842	10	0.41214156	0.22348827	0.876074	Folding	0.24813434	0.13455357	0.52744997
R148M	R148M	148	148	0.11078555	0.19148971	0.061642498	-0.07929405	0.067481846	0.023563331	0.13106218	-0.017858353	-0.08290748	0.08197379	10	0.0487939	0.08908126	0.34919855	Folding	0.029376904	0.05363235	0.21023881
R148N	R148N	148	148	-0.103679754	-0.06387248	-0.024365125	0.1643944	-0.05147324	-0.0694875	0.03063305	-0.14089277	-0.08609881	0.14722316	10	-0.019761909	0.1032246	0.40464044	Folding	-0.011897874	0.0621475	0.2436182
R148P	R148P	148	148	0.95705	1.4165831	1.252821	1.0058638	0.74198014	0.92192817	0.82019156	1.0382879	0.81824774	0.8143459	10	0.97873	0.21312037	0.8354319	Folding	0.58925515	0.12831146	0.5029809
R148Q	R148Q	148	148	0.49681294	0.2930641	0.47594205	0.5436313	0.561733	0.59546256	0.48325166	-0.106294535	0.31740257	0.46033752	10	0.41213432	0.20651175	0.8095261	Folding	0.24813	0.12433267	0.48738405
R148S	R148S	148	148	0.52665186	0.32662886	0.13590917	0.17912728	0.14463845	0.18291217	0.29258075	0.36517558	0.5050135	0.85507274	10	0.35137102	0.22595778	0.8857545	Folding	0.21154678	0.13604036	0.5332782
R148T	R148T	148	148	0.4195859	0.40747958	0.73868567	0.5394268	0.64518684	0.6152153	0.7101643	0.68193644	0.83208317	0.5035928	10	0.6093357	0.13981125	0.5480601	Folding	0.36685726	0.084174894	0.3299656
R148V	R148V	148	148	0.2967867	0.29801252	0.26802823	0.27640352	0.24863231	0.26788056	0.3185272	0.25141844	0.26638865	0.27355456	10	0.27656326	0.021866428	0.0857164	Folding	0.16650794	0.013164923	0.0516065
R148W	R148W	148	148	0.52304995	0.6239045	0.7524221	0.6250686	0.8159286	0.34396464	0.50662637	0.9920448	0.7463453	0.6670313	10	0.6596386	0.18113628	0.7100542	Folding	0.39714265	0.10905509	0.42749596
R148Y	R148Y	148	148	0.0724567	0.13272645	-0.08641221	-0.019249352	0.35594362	0.3659238	0.37577447	0.31388834	0.16279705	0.18534757	10	0.18591964	0.16540448	0.6483856	Folding	0.11193496	0.09958358	0.39036766
R160A	R160A	160	160	0.33518508	0.69200295	0.43730697	0.41062185	0.5614502	0.64541364	0.71473396	0.66608	0.57269514	0.42246163	10	0.54579514	0.13535438	0.5305892	Folding	0.32860196	0.08149159	0.31944704
R160C	R160C	160	160	0.52185977	0.9811383	0.54325575	0.5982664	0.7802701	0.7609114	0.8107449	1.0521514	0.91515154	1.0967304	10	0.80604804	0.20638235	0.80901885	Folding	0.48529005	0.124254756	0.48707864
R160D	R160D	160	160	0.65653867	0.8132511	0.67619234	0.744794	0.4616661	0.68955123	0.61210513	0.728838	0.922844	0.9530641	10	0.72588444	0.14520414	0.5692002	Folding	0.43702668	0.087421745	0.34269324
R160E	R160E	160	160	0.4176931	0.36428386	0.3066946	0.6646846	0.4922487	0.35498095	0.43829402	0.87443286	0.35572085	0.7515169	10	0.50205505	0.1940259	0.76058155	Folding	0.30226776	0.116815425	0.45791647
R160F	R160F	160	160	1.5303354	1.5238432	1.3276665	1.2724371	1.4493947	1.4312594	1.8266823	1.3259338	1.580694	1.5599117	10	1.4828159	0.1613922	0.6326574	Folding	0.89274555	0.09716795	0.38089836
R160G	R160G	160	160	0.5288724	0.48766655	0.719564	0.7161844	0.7344496	0.64225453	0.6407417	0.6443162	0.6855919	0.6702993	10	0.646994	0.081063636	0.31776947	Folding	0.38952982	0.04880525	0.19131659
R160H	R160H	160	160	0.7340203	0.79016715	0.5756217	0.5210079	0.5903777	0.45204544	0.55960166	0.50893605	0.71181846	0.4768348	10	0.59204316	0.115425184	0.45246673	Folding	0.3564461	0.069492996	0.27241254
R160I	R160I	160	160	1.0977017	1.0727161	0.8023527	1.2266303	1.0725366	0.95953625	1.0822442	0.8508443	0.9999215	1.0178423	10	1.0182326	0.12390116	0.48569256	Folding	0.6130381	0.074596055	0.29241654
R160K	R160K	160	160	0.43204436	0.20928256	0.616975	0.57523865	0.32433394	0.4236413	0.5838826	0.62189204	0.47605303	0.48319346	10	0.47465366	0.13395411	0.5251001	Folding	0.28577045	0.08064854	0.3161423
R160L	R160L	160	160	1.4279304	1.2459621	1.155281	1.2907311	1.4760927	1.1503897	1.2535536	1.3378272	1.4523988	1.3540562	10	1.3144224	0.11612411	0.4552065	Folding	0.7913624	0.0699138	0.2740621
R160M	R160M	160	160	1.3221066	1.1436712	1.1591792	1.2334418	1.1474591	0.98981875	0.9031229	0.9586706	0.87578505	1.1103067	10	1.0843561	0.14666878	0.57494164	Folding	0.6528485	0.08830354	0.3461499
R160N	R160N	160	160	0.57839924	0.4082703	0.24879876	0.3228624	0.33360314	0.30519518	0.42548582	0.25213942	0.4093609	0.4819629	10	0.3766078	0.10432273	0.4089451	Folding	0.22674087	0.06280865	0.2462099
R160P	R160P	160	160	1.8376833	2.2739398	1.6350435	1.8203788	2.1875763	2.4691677	2.7070823	2.311167	2.4841232	2.5213077	10	2.224747	0.35276136	1.3828245	Folding	1.3394333	0.21238385	0.8325447
R160Q	R160Q	160	160	0.43844765	0.38651434	0.22856894	0.6030955	0.5086597	0.2727916	0.49714985	0.55048114	0.27554938	0.45883608	10	0.4220094	0.12757288	0.5000857	Folding	0.2540754	0.07680665	0.30108207
R160S	R160S	160	160	0.5350412	0.54417014	0.42934635	0.38105518	0.48071632	0.427133	0.57141304	0.5556445	0.42042467	0.50430113	10	0.48492455	0.06689489	0.26222798	Folding	0.29195416	0.040274803	0.15787724
R160T	R160T	160	160	0.9600942	0.8985483	0.8998932	0.9010422	0.8459358	0.76148397	0.94068974	0.7442552	0.90617895	0.96431196	10	0.88224334	0.07649072	0.29984364	Folding	0.5311643	0.04605208	0.18052416
R160V	R160V	160	160	1.5783286	1.5990908	1.4259152	1.3778896	1.4742467	1.5177029	1.3807377	1.4130375	1.4429516	1.384417	10	1.4594316	0.08115321	0.31812057	Folding	0.8786668	0.04885918	0.19152799
R160W	R160W	160	160	1.4684284	1.4356766	1.2395545	1.2741288	1.5256717	1.5066098	1.4381797	1.595413	1.3491707	1.629338	10	1.4462173	0.12830687	0.50296295	Folding	0.87071097	0.07724856	0.30281436
R160Y	R160Y	160	160	1.1471968	0.95860225	1.0349611	0.9646042	1.2426952	1.0209634	1.0395017	1.0876373	1.038253	0.9229311	10	1.0457346	0.0948234	0.37170774	Folding	0.629596	0.057089467	0.22379072
R163A	R163A	163	163	1.0568833	0.90129364	0.69739574	0.914418	0.8566049	0.7830661	0.77486247	0.74776673	0.7225688	0.8333305	10	0.8288191	0.108279884	0.42445716	Folding	0.49899963	0.06519109	0.25554907
R163C	R163C	163	163	1.0104394	1.0169482	1.0090219	0.9719591	0.8102949	1.0166141	0.8029296	0.78493816	0.7025572	0.98510295	10	0.91108054	0.12121778	0.4751737	Folding	0.54852605	0.07298049	0.28608355
R163D	R163D	163	163	0.48191676	0.3893627	0.39009818	0.52219236	0.4618251	0.4596747	0.51429766	0.45829502	0.44207028	0.42476478	10	0.45444974	0.045256857	0.17740688	Folding	0.27360645	0.027247388	0.106809765
R163E	R163E	163	163	0.6438706	0.44708103	0.49085644	0.34782046	0.38966215	0.38049442	0.6781418	0.47959176	0.38688883	0.59811985	10	0.48425275	0.117987886	0.46251252	Folding	0.29154968	0.0710359	0.27846074
R163F	R163F	163	163	0.94754446	1.043757	1.1751857	0.9342542	1.0951407	1.2785672	1.1356341	1.2485262	1.087685	0.89850897	10	1.0844803	0.13043171	0.51129234	Folding	0.6529233	0.078527845	0.30782917
R163G	R163G	163	163	0.9077124	0.8758164	0.67345166	0.7324581	0.7535944	0.73521984	0.7524712	0.8651047	0.9102616	0.82862806	10	0.80347186	0.084083736	0.32960826	Folding	0.48373905	0.050623536	0.19844426
R163H	R163H	163	163	0.6518397	0.52189565	0.61483425	0.5237039	0.49544686	0.50855464	0.57719105	0.45660043	0.6975468	0.66788095	10	0.5715495	0.082485646	0.32334372	Folding	0.34410763	0.049661387	0.19467264
R163I	R163I	163	163	0.74340284	0.73054993	0.6837768	0.55488	0.69872993	0.44859612	0.5937027	0.51446426	0.8047678	0.5788516	10	0.63517225	0.113868855	0.44636592	Folding	0.38241243	0.068555996	0.26873952
R163K	R163K	163	163	-0.23540746	-0.26989424	-0.33396474	-0.2434642	-0.1788743	-0.28819475	-0.059574146	-0.2608431	-0.39457747	-0.19053747	10	-0.24553318	0.091188274	0.35745806	Folding	-0.14782594	0.0549009	0.21521153
R163L	R163L	163	163	0.9984948	0.7443979	1.0285679	0.9820694	1.0608052	1.0147088	1.1413398	1.0969102	1.0629576	1.0832176	10	1.0213469	0.108569704	0.42559326	Folding	0.6149131	0.06536558	0.2562331
R163M	R163M	163	163	0.97423667	1.1109545	1.0239427	0.79033047	0.67257434	0.7802348	0.77800345	0.6984735	0.8421187	0.74466807	10	0.8415537	0.1461669	0.57297426	Folding	0.50666666	0.08800139	0.34496546
R163N	R163N	163	163	0.40112567	0.31906834	0.45918643	0.51990205	0.49176252	0.6133716	0.6960602	0.74286556	0.66590506	0.4235693	10	0.5332817	0.14032024	0.5500554	Folding	0.32106808	0.08448134	0.33116686
R163P	R163P	163	163	1.8788949	2.3416088	1.7924663	1.8996663	1.4842056	1.5795721	1.8265773	1.6135993	1.6124043	1.8714195	10	1.7900413	0.24326983	0.95361775	Folding	1.077714	0.14646327	0.5741361
R163Q	R163Q	163	163	0.39409646	0.6961021	0.49802372	0.63616043	0.44438088	0.41652435	0.45527574	0.5613429	0.42194402	0.5653964	10	0.5089247	0.10198745	0.39979082	Folding	0.30640373	0.061402664	0.24069844
R163S	R163S	163	163	0.77666473	0.8414802	0.65005255	0.7315953	0.8549579	0.8296847	0.66243315	0.7240694	0.75272983	0.7419113	10	0.75655794	0.070519365	0.2764359	Folding	0.45549402	0.04245696	0.16643128
R163T	R163T	163	163	0.43672222	0.64471376	0.47201595	0.70999867	0.6813156	0.6860564	0.5356372	0.5099763	0.68943465	0.4105962	10	0.57764673	0.116561376	0.4569206	Folding	0.34777856	0.070177056	0.27509406
R163V	R163V	163	163	0.6915112	0.72034055	0.70582277	0.7698186	0.77445716	0.66270447	0.8073406	0.67375034	0.5817982	0.705558	10	0.7093102	0.064701006	0.25362796	Folding	0.42704797	0.03895395	0.15269949
R163W	R163W	163	163	1.0340576	1.0470984	1.0715668	0.9375933	1.0877206	1.205577	0.9860869	0.9838492	0.9200397	0.9665915	10	1.0240182	0.08468695	0.33197284	Folding	0.61652136	0.050986707	0.19986789
R163Y	R163Y	163	163	0.8817701	1.029296	0.877365	1.1220651	1.1701114	1.2797943	0.8917025	0.9328878	0.9716011	0.85547835	10	1.0012071	0.14526199	0.569427	Folding	0.60278773	0.08745658	0.3428298
R40A	R40A	40	40	0.4071841	0.47011432	0.3439945	0.361665	0.30659294	0.36062825	0.41273612	0.37723163	0.39713213	0.45766178	10	0.38949412	0.050286733	0.19712399	Folding	0.23449922	0.03027568	0.11868067
R40C	R40C	40	40	0.5771767	0.46649763	0.49301136	0.5030277	0.48733455	0.45911998	0.4096358	0.40974027	0.64734924	0.38860562	10	0.48414987	0.07950471	0.31165847	Folding	0.29148775	0.047866683	0.1876374
R40D	R40D	40	40	0.34093398	0.34758925	0.21951136	0.23551723	0.34705913	0.3057853	0.3643841	0.30911782	0.20003796	0.20354198	10	0.28734782	0.06561592	0.25721443	Folding	0.17300092	0.039504785	0.15485877
R40E	R40E	40	40	0.48852518	0.5599375	0.4899192	0.45108378	0.44480732	0.36166868	0.44628793	0.39029264	0.40990832	0.3921091	10	0.44345394	0.058787264	0.23044609	Folding	0.2669863	0.035393517	0.1387426
R40F	R40F	40	40	0.49986172	0.6939873	0.66666377	0.61202574	0.61121535	0.70478475	0.63272727	0.73520255	0.7390591	0.7927645	10	0.6688292	0.08368418	0.328042	Folding	0.40267596	0.050382983	0.1975013
R40G	R40G	40	40	0.243299	0.21022187	0.26455262	0.1849056	0.32223865	0.2574379	0.29896313	0.20538767	0.23581958	0.23331963	10	0.24561456	0.042196177	0.16540901	Folding	0.14787494	0.025404671	0.099586315
R40H	R40H	40	40	0.47105086	0.3217071	0.4196148	0.33088297	0.16898297	0.2836589	0.50751203	0.3511675	0.4730654	0.41043583	10	0.37380785	0.103158265	0.4043804	Folding	0.22505511	0.062107567	0.24346167
R40I	R40I	40	40	0.64831257	0.653264	0.67812496	0.56312037	0.715812	0.55461586	0.71285665	0.7415284	0.6415039	0.6763473	10	0.6585486	0.06159539	0.24145395	Folding	0.3964864	0.03708418	0.14536999
R40K	R40K	40	40	0.24419478	0.2279654	0.25001302	0.31355843	0.13045965	0.16581312	0.33739847	0.25432462	0.23575948	0.25623676	10	0.24157238	0.060667455	0.23781642	Folding	0.14544131	0.036525507	0.14317998
R40L	R40L	40	40	0.45761833	0.52354896	0.50494105	0.52003133	0.49382934	0.5619306	0.609287	0.55237734	0.48896965	0.4953798	10	0.5207914	0.04366178	0.17115419	Folding	0.31354818	0.026287055	0.103045255
R40M	R40M	40	40	0.4140664	0.5972406	0.37448618	0.47039506	0.3067373	0.3206133	0.29663938	0.38151994	0.36973396	0.39526603	10	0.39266986	0.088903435	0.34850147	Folding	0.2364112	0.053525288	0.20981914
R40N	R40N	40	40	0.42204064	0.33272335	0.33606225	0.41911617	0.33834353	0.31066754	0.41878626	0.33198053	0.36895764	0.4578745	10	0.37365526	0.051206995	0.20073143	Folding	0.22496325	0.030829733	0.12085256
R40P	R40P	40	40	0.121081516	0.1730862	0.049971025	-0.015966471	0.056018267	-0.036612034	-0.13506086	0.15462437	-0.014889335	0.0707083	10	0.042296093	0.09506253	0.37264514	Folding	0.025464827	0.05723344	0.2243551
R40Q	R40Q	40	40	0.14843081	0.055214792	-0.049989495	-0.006676301	0.1545662	0.097044885	0.08846973	0.33441135	0.002907696	0.2701524	10	0.1094532	0.121920235	0.47792733	Folding	0.0658975	0.07340342	0.2877414
R40S	R40S	40	40	0.32651362	0.1747249	0.31006467	0.22357476	0.21668029	0.27953184	0.30320576	0.29428402	0.25776908	0.27554947	10	0.26618984	0.047950223	0.18796487	Folding	0.16026251	0.028868958	0.11316632
R40T	R40T	40	40	0.39229906	0.53164005	0.32435134	0.26300517	0.2754543	0.29904857	0.2112239	0.36186746	0.3245699	0.16452776	10	0.31479874	0.1017712	0.3989431	Folding	0.18952803	0.06127247	0.24018808
R40V	R40V	40	40	0.520133	0.5983157	0.64449096	0.61422074	0.58467805	0.57938135	0.5741888	0.5745524	0.5656351	0.5129613	10	0.5768558	0.039351758	0.15425889	Folding	0.34730235	0.023692157	0.09287326
R40W	R40W	40	40	0.6947075	0.6779778	0.8798741	0.7919705	0.78222543	0.6674038	0.73373556	0.64320874	0.5869197	0.59195274	10	0.7049976	0.09293051	0.3642876	Folding	0.42445153	0.055949833	0.21932335
R40Y	R40Y	40	40	0.5761919	0.44638336	0.6262368	0.55089366	0.5206994	0.44844186	0.53039217	0.59147006	0.53005546	0.64430815	10	0.5465073	0.066401064	0.26029217	Folding	0.32903072	0.03997749	0.15671177
R67A	R67A	67	67	0.01563095	0.022182591	0.036950875	-0.067592114	-0.0058414694	0.015626304	0.17344598	0.110397555	0.083536156	0.088773094	10	0.047310993	0.06806495	0.26681462	Folding	0.028484102	0.04097925	0.16063868
R67C	R67C	67	67	0.18995823	0.18152434	0.16702235	0.09758545	0.09734617	0.22212851	0.2160717	0.40945125	0.18223192	0.098394096	10	0.18617138	0.09183392	0.35998896	Folding	0.11208653	0.05528962	0.2167353
R67D	R67D	67	67	-0.39345205	-0.1676115	-0.31347048	-0.113207474	-0.38682434	-0.25478703	-0.36309212	-0.21975435	-0.41730925	-0.27729604	10	-0.29068047	0.102601685	0.4021986	Folding	-0.17500736	0.06177247	0.24214809
R67E	R67E	67	67	0.14863563	-0.10772247	-0.031081958	0.13019043	-0.18682615	0.0061119013	0.019488327	-0.1968421	0.03263979	-0.13099584	10	-0.031640243	0.121971995	0.47813022	Folding	-0.019049356	0.07343458	0.28786355
R67F	R67F	67	67	0.25481224	0.32495123	0.3538981	0.2231193	0.2708669	0.2305268	0.28496686	0.3648155	0.30744526	0.23226596	10	0.28476682	0.05153778	0.2020281	Folding	0.171447	0.031028885	0.12163323
R67G	R67G	67	67	-0.0612306	0.061505318	-0.010918905	-0.045297395	0.055402596	0.018045079	-0.058860574	0.0302667	-0.09489885	0.14027165	10	0.0034285015	0.07152565	0.28038055	Folding	0.002064167	0.043062802	0.1688062
R67H	R67H	67	67	0.16767535	0.13069168	0.08787591	0.1448737	-0.024049152	0.12414748	-0.030252192	0.09240432	0.10276543	0.13018504	10	0.09263174	0.06753852	0.26475102	Folding	0.055769958	0.040662307	0.15939625
R67I	R67I	67	67	0.40933162	0.77999556	0.5952894	0.49190548	0.33923513	0.38908514	0.44495466	0.65843683	0.5817548	0.5073558	10	0.51973444	0.13535427	0.53058875	Folding	0.31291184	0.08149152	0.31944677
R67K	R67K	67	67	0.17355818	0.20028855	0.07219101	0.048990306	0.15604657	0.075137086	-0.0065869144	0.124223314	0.15828796	0.30038157	10	0.13025175	0.0875274	0.34310743	Folding	0.0784195	0.05269683	0.20657158
R67L	R67L	67	67	0.36670962	0.45334807	0.469531	0.39331412	0.4196429	0.3781212	0.47188485	0.33064634	0.40285504	0.4026185	10	0.40886718	0.045830797	0.17965673	Folding	0.24616297	0.027592935	0.1081643
R67M	R67M	67	67	0.11721287	0.3380061	0.2210653	0.19708799	-0.06830376	0.31883585	0.22853917	0.04323133	0.18215899	0.08188091	10	0.16597147	0.12496328	0.4898561	Folding	0.099924944	0.075235516	0.29492322
R67N	R67N	67	67	-0.111873046	-0.065071136	-0.13211139	-0.10332208	-0.028714376	-0.12655017	-0.28993806	-0.12349316	-0.18765374	-0.23736747	10	-0.14060947	0.07808815	0.30610555	Folding	-0.08465548	0.047013827	0.18429421
R67P	R67P	67	67	-0.2525369	-0.15089355	-0.18236628	-0.11787812	-0.21014409	-0.12993628	-0.23529002	-0.29029125	-0.30426046	-0.24938951	10	-0.21229866	0.06534799	0.25616413	Folding	-0.12781674	0.039343476	0.15422644
R67Q	R67Q	67	67	0.18643063	0.19107595	0.20627668	0.21755303	-0.05557348	-0.009000364	0.22020006	-0.010025535	-0.12042813	0.02425325	10	0.085076205	0.1314937	0.5154553	Folding	0.05122106	0.079167224	0.31033552
R67S	R67S	67	67	-0.22529817	-0.001514355	-0.063291185	-0.11652494	-0.17739965	-0.099627264	-0.016691264	-0.0641708	-0.09289973	-0.09058503	10	-0.09480024	0.0675798	0.2649128	Folding	-0.057075527	0.04068716	0.15949367
R67T	R67T	67	67	-0.1419255	-0.2595808	0.03285053	-0.09274095	-0.13374121	-0.13506877	-0.066962115	-0.12097848	-0.0060702255	-0.12895207	10	-0.10531696	0.08041831	0.3152398	Folding	-0.06340723	0.048416726	0.18979357
R67V	R67V	67	67	0.39509803	0.27954468	0.32559723	0.3384746	0.426991	0.43997148	0.4517389	0.36739355	0.1342726	0.3556918	10	0.35147738	0.09366062	0.36714965	Folding	0.21161081	0.056389406	0.22104648
R67W	R67W	67	67	0.13207218	0.03534393	-0.07519187	-0.08315698	5.7750793e-05	-0.14969073	-0.11801204	-0.069870934	0.05255632	-0.035243936	10	-0.03111363	0.086152956	0.3377196	Folding	-0.018732302	0.051869333	0.20332779
R67Y	R67Y	67	67	0.35350996	0.5493784	0.4398997	0.44815093	0.36000857	0.41574565	0.43458632	0.33828935	0.21426632	0.22337939	10	0.37772146	0.10326121	0.40478396	Folding	0.22741134	0.062169544	0.24370462
R72A	R72A	72	72	-0.00046452964	-0.015567078	0.059045576	-0.031354066	-0.19364773	0.009200589	-0.0711305	-0.028129824	-0.110649735	-0.117059976	10	-0.049975727	0.07387497	0.2895899	Folding	-0.030088434	0.04447724	0.17435078
R72C	R72C	72	72	0.34753072	0.36445123	0.407367	0.3142066	0.33269614	0.37321416	0.39731234	0.34672797	0.35470864	0.4161943	10	0.3654409	0.033156525	0.12997358	Folding	0.2200177	0.01996225	0.07825202
R72D	R72D	72	72	0.048859123	0.083679765	-0.06932737	-0.05725556	0.046867564	0.07185164	0.059061278	0.011075956	0.092193276	0.036125157	10	0.032313082	0.055585183	0.21789393	Folding	0.019454446	0.03346567	0.13118543
R72E	R72E	72	72	0.11625443	-0.005040895	0.11881337	0.048450906	0.015699252	0.2358492	0.028057713	0.072930664	-0.032361027	0.12732323	10	0.072597675	0.07925784	0.31069073	Folding	0.043708228	0.04771805	0.18705477
R72F	R72F	72	72	0.29080144	0.34104636	0.3463885	0.15606324	0.35587966	0.22551885	0.34292138	0.28183	0.28798378	0.3442595	10	0.29726928	0.0645585	0.2530693	Folding	0.17897424	0.03886815	0.15236315
R72G	R72G	72	72	0.17995943	0.18948668	0.24691056	0.12177544	0.21671058	0.20678745	0.26362506	0.18906412	0.13422231	0.07341655	10	0.18219581	0.05821901	0.22821851	Folding	0.10969299	0.035051394	0.13740146
R72H	R72H	72	72	0.22351962	0.21411379	0.105418295	0.17577694	0.092241816	0.097046785	0.11579101	0.012523711	0.07323682	0.1282573	10	0.12379261	0.06487148	0.2542962	Folding	0.0745307	0.039056588	0.15310183
R72I	R72I	72	72	0.37446415	0.2006034	0.3020984	0.17813107	0.14187853	0.22871643	0.32376695	0.20297448	0.30630258	0.31147426	10	0.25704104	0.07605571	0.2981384	Folding	0.15475437	0.045790177	0.1794975
R72K	R72K	72	72	0.22011209	0.16217573	0.13280709	0.036783755	0.10615103	0.080038354	0.0898643	0.1818824	0.17483087	0.15565486	10	0.13403006	0.05550353	0.21757384	Folding	0.080694266	0.03341651	0.13099273
R72L	R72L	72	72	0.35200357	0.3496653	0.43424532	0.40792453	0.29664907	0.37799796	0.21724008	0.15967275	0.36016783	0.32193643	10	0.32775027	0.08424631	0.33024552	Folding	0.19732565	0.050721414	0.19882795
R72M	R72M	72	72	-0.061033737	0.13687657	0.14536351	0.00859633	-0.1276671	-0.007385182	-0.054356415	-0.07580832	0.10243354	0.21479209	10	0.02818113	0.11421531	0.447724	Folding	0.016966758	0.06876458	0.26955718
R72N	R72N	72	72	0.12316606	0.32958418	0.1462245	0.065258704	0.26588997	0.4052379	0.216182	0.099787615	0.31697655	0.19628677	10	0.21645942	0.111304976	0.4363155	Folding	0.13032177	0.067012385	0.26268855
R72P	R72P	72	72	0.5027795	0.45207578	0.39986128	0.38243476	0.44087484	0.44270283	0.3227074	0.16880202	0.31168047	0.31082535	10	0.37347442	0.09730901	0.3814513	Folding	0.22485436	0.058585957	0.22965695
R72Q	R72Q	72	72	0.111376196	0.14928119	0.16502544	0.34071898	-0.090968624	0.2518369	0.12258607	0.19951552	0.053151306	0.1560841	10	0.1458607	0.11497686	0.4507093	Folding	0.087817036	0.06922308	0.2713545
R72S	R72S	72	72	-0.0024705965	-0.0056765364	-0.14549075	-0.082328804	-0.120351784	-0.054166794	-0.086294375	0.022498267	0.015363756	0.046573233	10	-0.04123444	0.06562327	0.25724322	Folding	-0.024825647	0.03950921	0.15487611
R72T	R72T	72	72	0.09304529	0.23848154	0.14134279	0.15558235	0.004657303	0.07565973	0.101820774	-0.16341847	0.06874103	0.11785654	10	0.08337689	0.10626597	0.41656262	Folding	0.050197974	0.06397859	0.25079608
R72V	R72V	72	72	0.3879595	0.39220297	0.40587196	0.27468687	0.25283453	0.19387078	0.20939605	0.28407642	0.44370678	0.3481866	10	0.31927925	0.08774661	0.34396672	Folding	0.19222558	0.05282881	0.20708895
R72W	R72W	72	72	0.64338535	0.58096683	0.6559959	0.6913884	0.6982785	0.59928095	0.7464234	0.44694287	0.6498797	0.48447806	10	0.619702	0.094404	0.37006366	Folding	0.37309837	0.056836963	0.2228009
R72Y	R72Y	72	72	0.46925804	0.5447594	0.666155	0.6238959	0.3449019	0.2710361	0.30944183	0.6034711	0.5077	0.5553485	10	0.48959675	0.1380198	0.5410376	Folding	0.2947671	0.08309633	0.32573763
R96A	R96A	96	96	-0.01015881	-0.13923402	0.23397283	-0.22438024	-0.4004794	-0.25439668	-0.07161676	-0.12429015	0.030309249	0.018152058	10	-0.09421219	0.17724632	0.69480556	Folding	-0.056721482	0.106713094	0.41831532
R96C	R96C	96	96	-0.6717305	-0.6288799	-0.6537163	-0.46924284	-0.6128669	-0.5350516	-0.577904	-0.49896502	-0.7243626	-0.5177015	10	-0.5890421	0.08305333	0.32556906	Folding	-0.35463926	0.050003167	0.19601242
R96D	R96D	96	96	1.9082296	1.7664897	1.8778702	1.6966342	2.0221653	1.9011534	1.9154658	1.8781859	1.9243004	1.9188995	10	1.8809395	0.089873664	0.35230476	Folding	1.1324402	0.054109424	0.21210895
R96E	R96E	96	96	1.0514328	1.1210847	0.90869355	0.88098437	0.89183897	0.97065604	1.1742046	1.0453862	1.1452945	0.80269945	10	0.9992274	0.12684527	0.49723348	Folding	0.6015958	0.076368585	0.29936486
R96F	R96F	96	96	-0.39532322	-0.41653097	-0.6015675	-0.55428225	-0.63500434	-0.51845556	-0.5340294	-0.598913	-0.4057869	-0.39831778	10	-0.5058211	0.09402832	0.368591	Folding	-0.30453515	0.056610778	0.22191425
R96G	R96G	96	96	1.2049872	0.99604374	1.039019	0.9539064	1.0480666	1.1366482	1.3561133	1.090724	1.1823969	1.0781143	10	1.1086019	0.11697092	0.45852602	Folding	0.66744596	0.070423625	0.2760606
R96H	R96H	96	96	0.35809368	0.13134679	0.2502183	0.40623596	0.19324365	0.3653876	0.1274849	0.36082855	0.567098	0.28889817	10	0.30488354	0.13578708	0.5322854	Folding	0.18355848	0.08175211	0.32046828
R96I	R96I	96	96	-1.1074003	-1.1280484	-1.0304916	-1.3689393	-0.99580306	-1.0403768	-0.9629307	-1.1431521	-0.9899526	-1.0641434	10	-1.0831238	0.11719468	0.45940316	Folding	-0.6521066	0.07055835	0.27658874
R96K	R96K	96	96	0.95534307	0.5084741	0.7640088	0.64495796	0.8344811	0.8001966	0.83781314	0.8807194	0.8478683	1.0149877	10	0.808885	0.14579602	0.5715204	Folding	0.48699808	0.08777809	0.34409013
R96L	R96L	96	96	-0.9537965	-0.9294631	-0.9207755	-0.98598236	-0.94197804	-0.9033764	-0.99634445	-0.99964696	-0.91974175	-0.9494841	10	-0.95005894	0.033914134	0.1329434	Folding	-0.5719934	0.020418376	0.08004004
R96M	R96M	96	96	-1.2979978	-0.791548	-0.66888916	-0.9660499	-0.9147812	-0.8238501	-1.122452	-1.0244559	-0.9816211	-0.70720875	10	-0.9298854	0.19259326	0.7549656	Folding	-0.5598477	0.11595289	0.45453534
R96N	R96N	96	96	0.95348305	1.0705657	0.8949743	0.89410436	1.0094026	1.0769117	0.7330499	1.3020183	0.83216864	1.3215373	10	1.0088216	0.19109166	0.7490793	Folding	0.6073721	0.115048826	0.4509914
R96P	R96P	96	96	1.2596356	1.5132412	1.5775609	1.7053562	1.536384	1.7183943	1.5716617	1.3621778	1.457524	1.3625101	10	1.5064446	0.14891453	0.58374494	Folding	0.9069715	0.08965563	0.3514501
R96Q	R96Q	96	96	0.4209139	0.48128757	0.4263027	0.29067802	0.3983953	0.41763538	0.2634923	0.52576333	0.35308868	0.41494802	10	0.39925054	0.07949217	0.3116093	Folding	0.24037316	0.047859132	0.1876078
R96S	R96S	96	96	0.56784326	0.56379765	0.46366102	0.35592458	0.5927599	0.47869772	0.6186247	0.5132085	0.5198606	0.589535	10	0.5263913	0.0785292	0.30783448	Folding	0.31691968	0.04727937	0.18533513
R96T	R96T	96	96	0.23132293	0.31853434	0.15195753	0.17618068	0.06716102	0.15521532	0.23530522	0.18730108	0.14712511	0.16894607	10	0.18390492	0.06678001	0.26177764	Folding	0.110721976	0.040205635	0.1576061
R96V	R96V	96	96	-0.81289303	-1.0497278	-0.915885	-0.87528765	-0.9306562	-0.96417516	-0.8892963	-0.9795061	-1.1285169	-0.92418617	10	-0.947013	0.09010229	0.353201	Folding	-0.57015955	0.054247074	0.21264854
R96W	R96W	96	96	-0.024828898	-0.12959479	-0.2098741	-0.06717786	-0.18764037	-0.15241392	-0.06130338	-0.09334771	-0.019469269	-0.120731115	10	-0.10663815	0.06508133	0.25511882	Folding	-0.06420267	0.039182927	0.15359707
R96Y	R96Y	96	96	-0.015923845	-0.11622744	-0.29477006	-0.27141547	-0.09158645	-0.18501315	-0.23559657	-0.111252	-0.22160402	-0.18862882	10	-0.17320177	0.08788846	0.34452274	Folding	-0.10427803	0.05291421	0.2074237
S105A	S105A	105	105	0.48352352	0.5209537	0.6003114	0.27871403	0.356971	0.26137602	0.43165192	0.377802	0.30852056	0.46628442	10	0.40861088	0.11106768	0.43538532	Folding	0.24600866	0.06686952	0.26212853
S105C	S105C	105	105	0.09625898	0.21258686	0.18015051	0.28460556	0.1935707	0.17248534	0.09860101	0.031283073	0.028228844	0.10877435	10	0.14065452	0.08207508	0.32173434	Folding	0.0846826	0.049414203	0.19370368
S105D	S105D	105	105	0.29733714	0.38881755	0.29933256	0.037090104	0.3040095	0.23335242	0.24836294	0.27740413	0.36469638	0.2664765	10	0.27168792	0.09542091	0.37405	Folding	0.1635727	0.057449207	0.22520089
S105E	S105E	105	105	0.2419492	0.28868195	0.29451293	0.26631477	0.15265976	0.3317629	0.40231907	0.25082466	0.38847062	0.32308942	10	0.29405853	0.07323887	0.28709638	Folding	0.17704117	0.04409427	0.17284954
S105F	S105F	105	105	0.5959226	0.44186106	0.45511663	0.43561822	0.48286706	0.37972572	0.51574636	0.52336544	0.5094595	0.40377483	10	0.47434574	0.06417121	0.25155115	Folding	0.28558505	0.038634982	0.15144913
S105G	S105G	105	105	0.22557038	0.114270665	0.1298991	0.10594116	0.18467247	0.09983539	0.08423237	0.036500316	0.12164126	0.082459256	10	0.11850224	0.053441353	0.2094901	Folding	0.071345575	0.032174952	0.12612581
S105H	S105H	105	105	0.62515676	0.68462354	0.57389635	0.49561825	0.45674062	0.56834805	0.54937434	0.4338329	0.7931847	0.80657345	10	0.5987349	0.1295494	0.50783366	Folding	0.3604749	0.077996634	0.30574682
S105I	S105I	105	105	0.63463026	0.5345998	0.29038632	0.40720338	0.6392065	0.46718165	0.2616184	0.45841426	0.46133792	0.5048505	10	0.46594292	0.12507848	0.49030766	Folding	0.28052604	0.07530487	0.2951951
S105K	S105K	105	105	0.42299402	0.3059883	0.34727865	0.39467192	0.4584484	0.44315282	0.7691692	0.5652003	0.42111528	0.24337387	10	0.43713933	0.14614096	0.5728726	Folding	0.26318452	0.08798577	0.3449042
S105L	S105L	105	105	0.318173	0.40766704	0.40549526	0.37984908	0.36518893	0.38590437	0.37261945	0.25190768	0.33472967	0.3521534	10	0.35736877	0.04673511	0.18320164	Folding	0.21515779	0.028137388	0.11029856
S105M	S105M	105	105	0.3533301	0.19883417	0.31413195	0.22444782	0.24924831	0.20981249	0.09288651	0.20254956	-0.00061650446	0.18115762	10	0.20257822	0.10092478	0.39562514	Folding	0.12196444	0.06076287	0.23819046
S105N	S105N	105	105	0.4796059	0.5505093	0.44401804	0.48360795	0.2137668	0.29741496	0.20926434	0.30780146	0.2635025	0.3728989	10	0.362239	0.121615194	0.47673157	Folding	0.21808997	0.07321976	0.28702146
S105P	S105P	105	105	0.92295665	0.8926304	0.82520384	0.83776927	0.85457385	0.968701	1.0021023	0.89880216	0.9628662	0.8270607	10	0.8992666	0.06370509	0.24972394	Folding	0.5414133	0.03835435	0.15034905
S105Q	S105Q	105	105	0.40592673	0.5162725	0.25510785	0.32783538	0.4015517	0.44429737	0.6037528	0.32113874	0.5019218	0.30648476	10	0.40842897	0.10948238	0.42917094	Folding	0.24589914	0.06591507	0.2583871
S105R	S105R	105	105	0.39927816	0.56291187	0.54598886	0.5187588	0.30169618	0.415253	0.38182768	0.40395188	0.4320676	0.48171738	10	0.44434515	0.08181312	0.32070744	Folding	0.26752287	0.049256485	0.19308543
S105T	S105T	105	105	0.26161885	0.44172296	0.27962202	0.26356688	0.13890384	0.25438932	0.39159152	0.44604012	0.29875454	0.29625648	10	0.30724666	0.09459892	0.37082776	Folding	0.18498123	0.056954317	0.22326092
S105V	S105V	105	105	0.29702356	0.19733101	0.25503466	0.29522842	0.30189446	0.10692486	0.30468374	0.38026172	0.2796364	0.3579158	10	0.27759346	0.07823632	0.30668637	Folding	0.16712819	0.047103036	0.18464391
S105W	S105W	105	105	0.6427968	0.5210999	0.45315146	0.5093981	0.44588417	0.47384465	0.45237845	0.4328511	0.56267637	0.5540393	10	0.50481206	0.06677131	0.26174355	Folding	0.30392763	0.0402004	0.15758558
S105Y	S105Y	105	105	0.41129893	0.45871282	0.34413	0.4328411	0.27505308	0.42648697	0.24981713	0.4784929	0.56010145	0.25981244	10	0.3896747	0.10382842	0.40700743	Folding	0.23460792	0.06251104	0.2450433
S121A	S121A	121	121	0.366589	0.35157073	0.41845953	0.24271765	0.38115686	0.461249	0.41276225	0.39195448	0.26083818	0.312222	10	0.35995194	0.069846526	0.27379838	Folding	0.21671301	0.042051867	0.16484332
S121C	S121C	121	121	0.32152843	0.3561904	0.2618237	0.2673593	0.33231655	0.17740847	0.31149814	0.30176526	0.3703317	0.20510307	10	0.29053253	0.0627231	0.24587455	Folding	0.1749183	0.03776313	0.14803147
S121D	S121D	121	121	0.047614656	0.030209254	0.017399773	0.08627956	-0.011930824	-0.13794616	-0.074361704	0.079349406	-0.04819864	-0.10433709	10	-0.011592178	0.077308685	0.30305004	Folding	-0.0069791977	0.04654454	0.1824546
S121E	S121E	121	121	0.23062047	0.19659622	0.26470795	0.032529917	0.1464058	0.26312357	0.16819109	0.0011524536	0.047420215	0.14284149	10	0.14935891	0.09515725	0.37301642	Folding	0.08992317	0.05729047	0.22457863
S121F	S121F	121	121	0.38765737	0.3646441	0.36259955	0.34442088	0.41536838	0.3145718	0.29405564	0.4069723	0.25871778	0.41675225	10	0.35657603	0.053833146	0.21102594	Folding	0.21468051	0.032410838	0.12705049
S121G	S121G	121	121	-0.09875827	-0.036822904	0.08696747	-0.17313017	-0.11506643	-0.10410379	-0.060478866	-0.18198305	-0.15505187	-0.07890493	10	-0.091733284	0.07861089	0.3081547	Folding	-0.05522903	0.04732855	0.18552792
S121H	S121H	121	121	0.35029048	0.208614	0.3737321	0.26626122	-0.024662348	0.15473059	0.40006554	0.25432515	0.26877445	0.27030173	10	0.2522433	0.122525916	0.4803016	Folding	0.15186585	0.07376807	0.28917086
S121I	S121I	121	121	0.3745378	0.3519686	0.29091805	0.27846608	0.25880378	0.45397785	0.32428172	0.4328958	0.38609013	0.491016	10	0.36429554	0.0781874	0.30649462	Folding	0.21932814	0.04707358	0.18452844
S121K	S121K	121	121	0.6867267	0.6916762	0.6520984	0.4287128	0.5340757	0.47756082	0.58965385	0.49137574	0.38772672	0.46205962	10	0.5401667	0.10929595	0.42844012	Folding	0.32521328	0.06580283	0.2579471
S121L	S121L	121	121	0.66666335	0.5609015	0.5382407	0.5251972	0.4514927	0.5082641	0.6485874	0.67766184	0.5083532	0.5629815	10	0.56483436	0.07575372	0.29695457	Folding	0.34006473	0.045608357	0.17878476
S121M	S121M	121	121	0.35580873	0.6674808	0.65930957	0.48653677	0.33753684	0.1966059	0.32014042	0.29685044	0.50300723	0.41408384	10	0.42373604	0.15480882	0.60685056	Folding	0.25511494	0.09320435	0.36536106
S121N	S121N	121	121	0.16143224	0.27010787	0.1828411	0.0024610027	-0.0843378	0.14071842	0.06579722	0.08263313	0.23948936	0.23558992	10	0.12967324	0.11315371	0.44356257	Folding	0.0780712	0.068125434	0.2670517
S121P	S121P	121	121	0.89385456	0.5596841	0.54516745	0.48688537	0.531529	0.51256293	0.6417775	0.592395	0.602434	0.61472744	10	0.59810174	0.11455271	0.4490466	Folding	0.3600937	0.068967715	0.27035344
S121Q	S121Q	121	121	0.5890738	0.79905105	0.9197852	0.70242	0.6800241	0.40645614	0.68705446	0.8328043	0.7624381	0.7481729	10	0.712728	0.14118461	0.5534437	Folding	0.42910573	0.085001744	0.33320683
S121R	S121R	121	121	0.62300515	0.6039029	0.58179915	0.6394537	0.46505356	0.45908463	0.4118514	0.46886313	0.5101764	0.57575047	10	0.53389406	0.08031406	0.31483114	Folding	0.3214368	0.048353963	0.18954754
S121T	S121T	121	121	0.21900547	0.30131352	0.13289109	0.36798528	0.26945776	0.43840733	0.28839883	0.23614693	0.19708934	0.20099165	10	0.26516873	0.08923846	0.34981477	Folding	0.15964775	0.053726994	0.21060982
S121V	S121V	121	121	0.38028404	0.3636133	0.4662716	0.53894126	0.39585766	0.40044504	0.33719748	0.38266337	0.4184235	0.455122	10	0.41388187	0.058804918	0.23051529	Folding	0.24918212	0.035404146	0.13878426
S121W	S121W	121	121	0.454592	0.5342081	0.5251089	0.6082277	0.57748073	0.4045127	0.56896657	0.29741287	0.5535629	0.5424201	10	0.50664926	0.094704874	0.37124312	Folding	0.30503374	0.05701811	0.223511
S121Y	S121Y	121	121	0.51320654	0.4946872	0.47904745	0.3695286	0.5035932	0.44247144	0.40259773	0.39929855	0.39379644	0.4564591	10	0.4454686	0.05169694	0.202652	Folding	0.26819927	0.031124711	0.12200887
S135A	S135A	135	135	0.250183	0.15990503	0.362684	0.20063494	0.1990467	0.17513838	0.28051454	0.27706948	0.20484988	0.2042153	10	0.23142412	0.06128283	0.2402287	Folding	0.13933143	0.036895998	0.14463231
S135C	S135C	135	135	0.35811555	0.39786255	0.5051066	0.46076387	0.60627574	0.49202323	0.47036833	0.47392204	0.2257132	0.51072735	10	0.45008788	0.10300009	0.40376037	Folding	0.27098036	0.062012333	0.24308835
S135D	S135D	135	135	0.34985772	-0.031242954	0.15717326	0.24251866	0.44897556	0.23530914	0.17820643	0.18399735	0.31567124	0.1613426	10	0.2241809	0.1301991	0.5103805	Folding	0.13497058	0.0783878	0.30728018
S135E	S135E	135	135	0.20441136	-0.03156282	-0.015526168	-0.11702839	0.16928166	0.06488516	0.052885044	0.12204729	0.12258269	0.022379054	10	0.059435487	0.0985885	0.38646692	Folding	0.035783786	0.059356287	0.23267666
S135F	S135F	135	135	0.39367127	0.38140357	0.5803048	0.41536778	0.64046246	0.48518893	0.61628604	0.3574478	0.543392	0.4236404	10	0.4837165	0.104263104	0.40871137	Folding	0.29122683	0.06277274	0.24606916
S135G	S135G	135	135	0.648139	0.5096149	0.52258754	0.4671592	0.62064916	0.4692873	0.5234507	0.6213868	0.5153788	0.5517177	10	0.54493713	0.06422902	0.25177777	Folding	0.3280854	0.038669787	0.15158556
S135H	S135H	135	135	0.13027541	0.46498168	0.4623997	0.35534936	0.28911406	0.23865747	0.30072358	0.4076355	0.29379675	0.3402594	10	0.32831925	0.10250713	0.40182796	Folding	0.19766821	0.061715543	0.24192494
S135I	S135I	135	135	0.36685663	0.35177317	0.38214684	0.52205294	0.35592192	0.25612035	0.39152586	0.49609527	0.5519902	0.18337125	10	0.3857855	0.11479393	0.4499922	Folding	0.23226638	0.06911294	0.27092275
S135K	S135K	135	135	0.28609073	0.24926217	0.2851158	0.2485639	0.3432039	0.4074525	0.23591885	0.08733585	0.28076893	0.332435	10	0.27561474	0.08423217	0.3301901	Folding	0.16593687	0.0507129	0.19879456
S135L	S135L	135	135	0.62536424	0.5420582	0.56744605	0.5276661	0.5403528	0.5355948	0.4755775	0.4778129	0.46197027	0.5631343	10	0.53169775	0.049630057	0.19454983	Folding	0.32011446	0.02988032	0.11713086
S135M	S135M	135	135	0.48637497	0.3459462	0.38786325	0.42068943	0.4570093	0.4756492	0.6018258	0.4414347	0.46702385	0.28376693	10	0.43675834	0.08619854	0.33789828	Folding	0.26295516	0.051896777	0.20343538
S135N	S135N	135	135	0.71208394	0.44981623	0.4458817	0.7308575	0.48127398	0.37572348	0.50231606	0.3830365	0.47055775	0.4425283	10	0.49940753	0.12354462	0.48429492	Folding	0.30067378	0.074381396	0.29157507
S135P	S135P	135	135	2.0985448	2.0435143	1.4884055	1.6643667	1.5410717	1.8514293	1.8083836	1.6594207	1.4392365	1.1442285	10	1.6738602	0.28954205	1.1350049	Folding	1.0077659	0.17432196	0.6833421
S135Q	S135Q	135	135	0.20191613	0.30271122	0.27194446	0.47352663	0.5314281	0.6553308	0.4486621	0.44035903	0.33951968	0.39229953	10	0.40576977	0.13348116	0.52324617	Folding	0.24429815	0.080363795	0.31502607
S135R	S135R	135	135	0.5850284	0.7651809	0.7225047	0.72659117	0.54754657	0.5831303	0.61477387	0.5617795	0.45778638	0.5882214	10	0.61525434	0.09503983	0.37255615	Folding	0.37042063	0.057219774	0.22430152
S135T	S135T	135	135	0.4235821	0.27503708	0.5011882	0.5727291	0.72055435	0.82172203	0.45354292	0.29904935	0.28904453	0.39286417	10	0.4749314	0.18442813	0.72295827	Folding	0.28593767	0.11103698	0.43526497
S135V	S135V	135	135	0.36089975	0.3374989	0.2730133	0.3603377	0.5843498	0.4606088	0.2808544	0.32585648	0.36466193	0.3224396	10	0.36705208	0.09243249	0.36233538	Folding	0.22098774	0.055649996	0.218148
S135W	S135W	135	135	1.0590389	1.0425047	0.7228615	1.0474757	0.71105814	1.1205846	0.64764434	1.0035095	1.0428363	0.8589987	10	0.9256512	0.17416011	0.6827076	Folding	0.5572985	0.104855	0.4110316
S135Y	S135Y	135	135	0.34731048	0.5113341	0.555435	0.47593248	0.49980316	0.48828825	0.3237569	0.36410052	0.61518335	0.29373693	10	0.44748813	0.10801184	0.42340642	Folding	0.26941514	0.06502972	0.2549165
S144A	S144A	144	144	1.7785368	1.7410845	1.6660072	1.7877425	1.7724373	1.7500566	1.8060828	1.8415358	1.7627981	1.7254032	10	1.7631686	0.047650766	0.186791	Folding	1.061535	0.028688665	0.11245957
S144C	S144C	144	144	1.8181077	1.791508	1.7205011	1.7964218	1.8466353	1.8214971	1.8444198	1.88957	1.7866852	1.7345612	10	1.8049908	0.051181834	0.2006328	Folding	1.0867145	0.030814584	0.12079317
S144D	S144D	144	144	0.23459572	0.19602153	0.1449586	0.22329459	0.20552234	0.2287053	0.25003564	0.28584534	0.20560852	0.1714657	10	0.21460533	0.03975602	0.1558436	Folding	0.1292055	0.023935547	0.093827344
S144E	S144E	144	144	1.2829778	1.2448865	1.1798884	1.2973764	1.2626672	1.3104378	1.3210728	1.3784947	1.2953646	1.2426568	10	1.2815822	0.053527486	0.20982775	Folding	0.77159065	0.03222681	0.1263291
S144F	S144F	144	144	0.9001748	0.8230598	0.7767042	0.85973704	0.85931575	0.86714315	0.8936697	0.9767193	0.88703835	0.8243908	10	0.86679524	0.054019257	0.2117555	Folding	0.5218636	0.032522887	0.12748972
S144G	S144G	144	144	0.7875538	0.7440968	0.7127052	0.79136395	0.7681213	0.7817866	0.8159826	0.86350286	0.78220785	0.7301246	10	0.7777446	0.043278374	0.16965123	Folding	0.46824968	0.02605622	0.10214039
S144H	S144H	144	144	0.79367214	0.7172407	0.7090264	0.78261393	0.7873789	0.77412146	0.7945982	0.84271884	0.79672515	0.73484135	10	0.7732937	0.041197088	0.16149259	Folding	0.46556994	0.024803158	0.09722838
S144I	S144I	144	144	1.935676	1.8301057	1.760789	1.8957973	1.8983687	1.9052228	1.8710427	1.9599935	1.8819796	1.8258145	10	1.8764789	0.058041047	0.22752091	Folding	1.1297547	0.03494425	0.13698147
S144K	S144K	144	144	2.0999317	2.0466628	1.9524648	2.0842874	2.06371	2.083826	2.0532136	2.14342	2.0809987	1.9964768	10	2.0604992	0.05373408	0.2106376	Folding	1.2405461	0.032351192	0.12681668
S144L	S144L	144	144	1.752961	1.6651933	1.6065688	1.7468545	1.7082543	1.7280986	1.7319491	1.8538451	1.7358854	1.6813182	10	1.7210928	0.064700626	0.25362647	Folding	1.0362028	0.03895372	0.15269859
S144M	S144M	144	144	1.7602208	1.6681911	1.6294137	1.7707726	1.7673777	1.7504847	1.753911	1.8458072	1.7341098	1.6778189	10	1.7358106	0.062106997	0.24345943	Folding	1.0450639	0.0373922	0.14657742
S144N	S144N	144	144	0.32014543	0.28675216	0.26624197	0.32973087	0.32005605	0.29730013	0.3516271	0.3834585	0.33810854	0.27964333	10	0.3173064	0.035771843	0.14022563	Folding	0.1910378	0.02153683	0.08442438
S144P	S144P	144	144	3.1379702	3.1077375	2.924141	3.1910713	3.176154	3.1112516	3.028201	3.2284386	3.102512	2.9670396	10	3.0974517	0.09770671	0.38301033	Folding	1.8648548	0.0588254	0.23059557
S144Q	S144Q	144	144	1.8358312	1.8201038	1.7670813	1.8595065	1.880515	1.9082956	1.8651687	1.9738749	1.8789612	1.7793667	10	1.8568704	0.060846653	0.23851888	Folding	1.1179492	0.036633395	0.14360291
S144R	S144R	144	144	1.9485	1.8951877	1.8276507	1.9739552	1.9440708	1.9990606	1.9815859	2.0484014	1.9201018	1.8697883	10	1.9408302	0.06511478	0.25524995	Folding	1.1684982	0.03920307	0.15367603
S144T	S144T	144	144	1.823615	1.7660607	1.717164	1.8429842	1.8148254	1.8359443	1.8356683	1.9231955	1.8370243	1.7776582	10	1.817414	0.054992527	0.2155707	Folding	1.094194	0.033108853	0.1297867
S144V	S144V	144	144	1.8081789	1.7758528	1.680098	1.801767	1.764925	1.8314393	1.8097883	1.8955095	1.8221563	1.7743825	10	1.7964098	0.055261396	0.21662468	Folding	1.0815482	0.03327073	0.13042127
S144W	S144W	144	144	1.4811442	1.4101356	1.3506229	1.4829332	1.4732022	1.4614569	1.489928	1.5884688	1.4580008	1.4267038	10	1.4622595	0.061518494	0.2411525	Folding	0.8803694	0.037037883	0.14518851
S144Y	S144Y	144	144	0.7802873	0.72140133	0.6824823	0.7871381	0.762219	0.7718842	0.8081879	0.8668057	0.7536113	0.725642	10	0.76596594	0.050977066	0.1998301	Folding	0.4611582	0.030691301	0.120309904
S16A	S16A	16	16	1.0782531	0.7925735	0.8412758	1.1740634	0.7961368	2.4777563	2.8775635	1.3482931	1.4310896	1.2593857	10	1.4076391	0.7124247	2.7927048	Folding	0.8474846	0.4289231	1.6813786
S16C	S16C	16	16	0.73695993	1.1915858	0.94163275	0.9358799	1.0790612	1.098698	0.84365517	0.9101049	1.0325916	1.2156192	10	0.99857885	0.15255737	0.5980249	Folding	0.60120535	0.09184884	0.36004746
S16D	S16D	16	16	0.16961867	0.16687526	0.32907683	0.08590187	0.4607239	1.7770835	0.26109126	0.5167953	0.27887475	0.47891012	10	0.45249516	0.48733222	1.9103423	Folding	0.27242967	0.2934037	1.1501426
S16E	S16E	16	16	2.533081	0.45630795	2.6800423	0.4948365	1.1981531	1.3366195	2.0691698	0.9432669	1.8413807	1.3819218	10	1.4934781	0.77754396	3.0479724	Folding	0.89916486	0.46812886	1.8350651
S16F	S16F	16	16	2.026078	1.6682628	1.3071725	1.0840919	2.1240299	1.1335369	2.103388	2.5290327	1.2418857	2.0684133	10	1.7285893	0.5087144	1.9941604	Folding	1.0407162	0.30627707	1.2006061
S16G	S16G	16	16	0.7310008	0.6394657	0.477074	0.6694202	0.5875888	0.58081543	0.25540715	0.45036536	0.47739124	0.5775009	10	0.54460293	0.13546477	0.5310219	Folding	0.32788417	0.081558056	0.31970757
S16H	S16H	16	16	0.8937795	1.7843541	2.1532922	0.58375657	2.3325634	0.5118321	1.059684	0.41744545	1.070871	0.9043439	10	1.1711922	0.6837727	2.680389	Folding	0.7051291	0.41167286	1.6137576
S16I	S16I	16	16	1.1923362	1.2449381	1.448804	1.0351901	1.2023216	1.3923342	1.1148039	1.2901244	1.3886713	1.0433174	10	1.2352841	0.14576203	0.5713872	Folding	0.74371636	0.087757625	0.3440099
S16K	S16K	16	16	1.4557143	0.37990108	0.77794063	0.6901955	0.4248708	0.15374811	0.3966184	1.2650869	1.3634349	1.8454006	10	0.87529117	0.5686248	2.2290092	Folding	0.5269787	0.3423468	1.3419994
S16L	S16L	16	16	1.9691452	1.5530329	1.0754888	0.93489057	1.2485673	0.926933	0.9054767	0.8977044	0.88359505	2.1893377	10	1.2584172	0.48325622	1.8943645	Folding	0.75764394	0.2909497	1.1405228
S16M	S16M	16	16	1.4512535	0.6697048	2.4555926	2.4514842	2.5085623	2.1504095	1.1106467	1.581849	1.5363715	1.0546907	10	1.6970564	0.6599732	2.587095	Folding	1.0217314	0.3973441	1.5575889
S16N	S16N	16	16	0.07920258	0.08337709	0.058949772	0.046924308	0.05882875	0.064818	0.056765538	0.05825282	0.067332655	0.06936422	10	0.06438156	0.010928445	0.042839505	Folding	0.038761627	0.00657959	0.025791993
S16P	S16P	16	16	3.9282663	3.5782127	3.5823364	3.4947326	3.5690238	3.961406	3.8110087	3.8477554	3.7909408	3.6031988	10	3.7166882	0.16912036	0.6629518	Folding	2.2376728	0.10182077	0.3991374
S16Q	S16Q	16	16	0.31019154	0.6324407	0.2874703	0.24136984	0.29725042	2.992246	2.9349456	2.7150376	0.27265498	0.14960667	10	1.0833213	1.2483411	4.893497	Folding	0.6522255	0.75157744	2.9461837
S16R	S16R	16	16	0.43901232	0.39818302	0.5767194	0.5797852	0.37555343	0.4442687	0.4742083	0.35892895	0.4550268	0.39879942	10	0.45004854	0.07660113	0.30027646	Folding	0.27095667	0.046118554	0.18078473
S16T	S16T	16	16	0.5144332	0.3574492	0.5239596	0.4474518	0.33585477	0.3917038	0.43054396	0.52795875	0.4437939	0.6270592	10	0.46002084	0.089107804	0.3493026	Folding	0.27696058	0.05364833	0.21030146
S16V	S16V	16	16	1.8459876	2.2696383	1.7854255	2.4651957	2.826886	1.7774255	2.959283	1.7249678	2.8924303	1.8809911	10	2.2428231	0.50651145	1.9855249	Folding	1.3503163	0.30495077	1.195407
S16W	S16W	16	16	1.4345057	2.1566422	2.0417075	1.0217823	1.0339538	0.7420937	2.377658	1.1955069	1.1848792	1.1427934	10	1.4331523	0.55721927	2.1842995	Folding	0.86284506	0.33547997	1.3150815
S16Y	S16Y	16	16	0.7076113	1.9974225	1.898778	1.8119141	2.3572893	1.095154	0.6619181	2.7162511	2.2235801	2.264576	10	1.7734493	0.7127813	2.794103	Folding	1.0677246	0.4291378	1.6822202
S170A	S170A	170	170	0.048080996	0.15420994	0.07266307	0.187469	0.15572631	0.03893435	0.007655889	0.11892723	0.14210227	0.1654016	10	0.10911707	0.06233539	0.24435474	Folding	0.06569513	0.037529707	0.14711645
S170C	S170C	170	170	0.09316484	0.14640178	0.14709939	0.20097919	0.17515525	0.10761732	0.11439837	0.22073255	0.020693412	0.028276378	10	0.12545183	0.06671734	0.26153198	Folding	0.07552965	0.04016791	0.1574582
S170D	S170D	170	170	0.3255272	0.45151612	0.3529806	0.3456357	0.3957446	0.192019	0.3176739	0.38496423	0.51419556	0.52792615	10	0.3808183	0.099649735	0.39062697	Folding	0.22927584	0.059995215	0.23518124
S170E	S170E	170	170	0.2235079	0.46932268	0.37950802	0.23338532	0.12990396	0.15750259	0.3424591	0.34664875	0.42264643	0.40767255	10	0.31125575	0.1173153	0.45987597	Folding	0.18739495	0.07063096	0.27687338
S170F	S170F	170	170	0.30880612	0.18374303	0.33762646	0.27002752	0.28160864	0.25927442	0.22246435	0.37152708	0.17439386	0.2873263	10	0.2696798	0.06304885	0.24715148	Folding	0.1623637	0.03795925	0.14880027
S170G	S170G	170	170	0.47151852	0.4789825	0.5212502	0.45335093	0.39942202	0.25923172	0.4823271	0.34364352	0.40222475	0.3925933	10	0.42045444	0.07785091	0.30517557	Folding	0.2531392	0.046870995	0.1837343
S170H	S170H	170	170	0.58326614	0.48154053	0.5062724	0.4962842	0.85792625	0.58054876	0.505261	0.7719505	0.58851707	0.5173262	10	0.5888893	0.12694426	0.4976215	Folding	0.35454726	0.07642818	0.2995985
S170I	S170I	170	170	0.2337859	0.11612795	0.049815763	0.061313972	0.017383885	0.20574625	0.10285263	-0.03357103	0.19587965	0.10402897	10	0.10533639	0.086252384	0.33810934	Folding	0.06341893	0.051929194	0.20356245
S170K	S170K	170	170	0.44807374	0.40278772	0.4135947	0.28006575	0.5179221	0.47172973	0.30457565	0.20276998	0.24722867	0.36653	10	0.3655278	0.10355898	0.4059512	Folding	0.22007003	0.06234882	0.24440739
S170L	S170L	170	170	0.2884392	0.17108427	0.1907594	0.098351866	0.17192243	0.086439885	0.18720789	0.10783644	0.14639543	0.15337786	10	0.1601815	0.058318354	0.22860795	Folding	0.09643903	0.035111204	0.13763592
S170M	S170M	170	170	0.22986141	0.09557737	0.22556566	-0.07466791	0.0854125	0.17257454	0.1472579	0.045801695	0.1784989	0.24945082	10	0.13553329	0.09982277	0.39130527	Folding	0.0815993	0.060099393	0.23558962
S170N	S170N	170	170	0.346848	0.26734275	0.32723787	0.21130578	0.37557566	0.14930408	0.31402862	0.43798065	0.1707003	0.3330628	10	0.29333866	0.09243257	0.36233568	Folding	0.17660776	0.055650044	0.21814817
S170P	S170P	170	170	0.48645777	0.4674227	0.33183128	0.43182224	0.56114715	0.5431238	0.47713652	0.43492505	0.2954688	0.2825838	10	0.43119192	0.09791549	0.38382873	Folding	0.25960383	0.0589511	0.23108831
S170Q	S170Q	170	170	0.5147819	0.35080016	0.3406432	0.3289701	0.30573535	0.2930702	0.59465975	0.5834036	0.38905463	0.5501472	10	0.4251266	0.12127269	0.47538894	Folding	0.25595215	0.07301355	0.28621313
S170R	S170R	170	170	0.77456963	0.5856444	0.538905	0.54066956	0.58239925	0.5345761	0.566922	0.5278162	0.5771101	0.5312125	10	0.57598245	0.07326915	0.28721508	Folding	0.34677655	0.044112496	0.17292099
S170T	S170T	170	170	0.29722378	0.2860497	0.40252677	0.4153101	0.31780586	0.3630925	0.49329144	0.32187578	0.3245593	0.3556742	10	0.35774094	0.06369278	0.24967569	Folding	0.21538186	0.038346935	0.15032
S170V	S170V	170	170	0.20216271	0.2745596	0.235786	0.22959484	0.2311699	0.34336132	0.32913426	0.23992369	0.25781098	0.32003492	10	0.26635385	0.048575357	0.1904154	Folding	0.16036126	0.029245326	0.11464168
S170W	S170W	170	170	0.52024335	0.72671556	0.6256027	0.5903778	0.356662	0.46035886	0.42555434	0.30742276	0.57636696	0.46442682	10	0.5053731	0.12793572	0.50150806	Folding	0.30426544	0.07702511	0.3019384
S170Y	S170Y	170	170	0.35995948	0.298596	0.36637184	0.4269554	0.36389607	0.37093294	0.37711427	0.51272535	0.27149218	0.425221	10	0.37732646	0.06760348	0.26500562	Folding	0.22717354	0.040701415	0.15954955
S180A	S180A	180	180	0.4086532	0.3146618	0.3650697	0.30939475	0.30488557	0.5074748	0.52501	0.32173488	0.23765178	0.33080232	10	0.3625339	0.092042014	0.3608047	Folding	0.21826752	0.055414904	0.21722643
S180C	S180C	180	180	0.47955862	0.44753316	0.5717737	0.5070704	0.5477425	0.67274827	0.4899924	0.56903297	0.5401491	0.28662074	10	0.51122224	0.10068784	0.39469633	Folding	0.30778697	0.06062022	0.23763126
S180D	S180D	180	180	-0.35153866	-0.2931349	-0.29368523	-0.28126025	-0.18755579	-0.3655405	-0.19543602	-0.21834794	-0.23737654	-0.3343426	10	-0.27582183	0.06402225	0.25096723	Folding	-0.16606157	0.0385453	0.15109758
S180E	S180E	180	180	0.13776073	0.05250904	0.0918256	0.09739036	0.15228997	0.14279206	0.03699666	-0.010393582	0.21017756	0.07172536	10	0.09830738	0.06445184	0.25265124	Folding	0.059187036	0.03880394	0.15211144
S180F	S180F	180	180	1.2290621	0.9187232	0.8830129	0.6810534	1.0420506	0.9409258	0.8796103	0.8764199	1.1384941	0.7380912	10	0.9327444	0.16735047	0.65601385	Folding	0.561569	0.100755185	0.39496034
S180G	S180G	180	180	0.30445653	0.20084216	0.19238473	0.14130256	0.17754535	0.27237913	0.10021491	0.2314171	0.2593156	0.15562212	10	0.203548	0.06365197	0.24951573	Folding	0.122548304	0.038322367	0.15022369
S180H	S180H	180	180	0.31799263	0.32216856	0.51329786	0.3950776	0.6493662	0.36187056	0.28352568	0.37618002	0.46270502	0.32606453	10	0.40082487	0.11195543	0.43886527	Folding	0.24132101	0.067403995	0.26422366
S180I	S180I	180	180	0.6032916	1.0076551	0.6827272	0.82627535	0.6790812	0.65591156	0.6064801	0.64970076	0.7500159	0.67852783	10	0.71396667	0.12243699	0.47995302	Folding	0.42985147	0.07371453	0.28896096
S180K	S180K	180	180	1.1056831	0.84362304	0.87692064	0.9500006	0.78692377	1.1377497	1.1024498	0.83519626	0.73058105	1.1663042	10	0.9535433	0.16123314	0.63203394	Folding	0.5740912	0.097072184	0.38052297
S180L	S180L	180	180	0.6391734	0.7788267	0.65701175	0.65624535	0.7289265	0.6365903	0.5750381	0.8428207	0.50137204	0.6602177	10	0.6676222	0.09723926	0.38117793	Folding	0.4019493	0.058543965	0.22949235
S180M	S180M	180	180	0.7993506	0.92947406	0.79166836	0.83479095	0.77190477	0.77584416	0.6642229	0.5826779	0.786725	0.8298481	10	0.77665067	0.09469024	0.37118575	Folding	0.46759105	0.0570093	0.22347645
S180N	S180N	180	180	0.05358346	0.091477364	0.20680694	-0.009142308	0.109392494	0.11521251	0.10883568	0.06298158	0.1593766	0.13413239	10	0.10326568	0.059534233	0.2333742	Folding	0.062172238	0.03584324	0.1405055
S180P	S180P	180	180	0.3740469	0.23370674	0.18790291	0.14624429	0.24105045	0.23576279	0.3060094	0.18920088	0.22896253	0.35246742	10	0.24953541	0.07328086	0.28726098	Folding	0.15023553	0.044119548	0.17294863
S180Q	S180Q	180	180	-0.046542227	0.03486544	-0.007890682	0.07309832	0.14126857	-0.063492805	-0.04917127	-0.16530754	-0.12999445	-0.039912455	10	-0.025307912	0.09104736	0.35690567	Folding	-0.015236907	0.054816063	0.21487898
S180R	S180R	180	180	0.9463726	0.8858386	0.770928	0.91956556	0.77282995	0.917482	0.74229693	0.9894689	0.87770945	0.80528975	10	0.8627782	0.08456319	0.33148772	Folding	0.51944506	0.050912194	0.19957581
S180T	S180T	180	180	0.5779201	0.66028136	0.47738382	0.444036	0.512004	0.43544888	0.5851066	0.38816112	0.56960887	0.31744453	10	0.49673948	0.10410076	0.40807498	Folding	0.29906747	0.062675	0.245686
S180V	S180V	180	180	0.90715605	0.7241146	0.8490233	0.8820155	1.1269977	0.81880456	0.8274972	0.8727932	0.9118512	0.7724354	10	0.8692689	0.1080101	0.4233996	Folding	0.52335286	0.06502867	0.25491238
S180W	S180W	180	180	1.1541448	1.0278265	0.9036935	0.9233856	1.0932448	0.860436	0.85248685	0.99272186	1.2695451	0.9261481	10	1.0003633	0.13653357	0.5352116	Folding	0.6022797	0.08220153	0.32223
S180Y	S180Y	180	180	1.1159078	1.0831637	0.82987106	0.87291116	0.83268595	0.82890564	1.065545	0.78494793	0.89420086	0.79544413	10	0.9103584	0.12733914	0.49916944	Folding	0.5480913	0.07666592	0.30053043
S38A	S38A	38	38	0.43613788	0.43523225	0.34934947	0.5203723	0.42319432	0.4126924	0.50236654	0.40467015	0.491748	0.4128138	10	0.4388577	0.051945146	0.20362498	Folding	0.2642191	0.031274144	0.12259465
S38C	S38C	38	38	0.41270068	0.47756705	0.26030305	0.3625832	0.45003667	0.46692735	0.46825612	0.44467977	0.35784146	0.55160344	10	0.42524987	0.081046425	0.317702	Folding	0.25602636	0.048794888	0.19127597
S38D	S38D	38	38	0.21106875	0.34802037	0.26058102	0.19416113	0.30511037	0.26534137	0.24354987	0.39736378	0.16062205	0.100586444	10	0.24864051	0.08798871	0.34491575	Folding	0.14969675	0.05297457	0.20766032
S38E	S38E	38	38	0.13596289	0.22246486	0.195625	0.24104457	0.27761438	0.35007164	0.35491282	0.29550743	0.22243142	0.1636778	10	0.24593127	0.07356026	0.2883562	Folding	0.14806561	0.044287764	0.17360803
S38F	S38F	38	38	0.75852853	0.68754417	0.68951774	0.7053777	0.64790547	0.6856778	0.67612404	0.6808907	0.6319623	0.6953363	10	0.6858865	0.033718918	0.13217816	Folding	0.4129455	0.020300845	0.079579316
S38G	S38G	38	38	0.20834006	0.23890717	0.25637528	0.1825521	0.24227463	0.22255984	0.2914169	0.2630975	0.24671985	0.27475226	10	0.24269958	0.03203901	0.12559292	Folding	0.14611994	0.019289438	0.075614594
S38H	S38H	38	38	0.22043318	0.3411072	0.3114421	0.13285027	0.31657708	0.301806	0.12666677	0.08287495	0.105883956	0.19590572	10	0.21355471	0.098514065	0.38617516	Folding	0.12857296	0.059311476	0.23250099
S38I	S38I	38	38	0.5501864	0.54344517	0.42988664	0.7083508	0.43328962	0.52250856	0.5816421	0.5443982	0.6825568	0.6449457	10	0.56412095	0.094013505	0.36853296	Folding	0.3396352	0.056601863	0.2218793
S38K	S38K	38	38	0.41105917	0.37859926	0.50066334	0.3207838	0.2098	0.22800025	0.3941564	0.61299527	0.28546244	0.49067917	10	0.3832199	0.12766081	0.5004304	Folding	0.23072174	0.07685959	0.30128962
S38L	S38L	38	38	0.6765258	0.61636347	0.6275992	0.78402746	0.64120156	0.5693669	0.59885526	0.57857484	0.62489426	0.56552714	10	0.6282936	0.06467948	0.2535436	Folding	0.37827104	0.038940992	0.15264869
S38M	S38M	38	38	0.50899124	0.4783668	0.3579115	0.27064317	0.35428894	0.3045982	0.64322317	0.18562487	0.55441535	0.4765935	10	0.41346568	0.14170693	0.55549115	Folding	0.24893154	0.08531621	0.33443955
S38N	S38N	38	38	0.29659903	0.18615425	0.28274703	0.24003552	0.26038745	0.32302076	0.30839872	0.2622204	0.41533822	0.22774993	10	0.28026512	0.06244206	0.24477288	Folding	0.1687367	0.037593927	0.1473682
S38P	S38P	38	38	0.4257302	0.42467228	0.29506567	0.47323915	0.4633209	0.53553814	0.4445293	0.520827	0.37085173	0.3552089	10	0.43089834	0.07447363	0.29193664	Folding	0.25942707	0.044837665	0.17576365
S38Q	S38Q	38	38	0.6284547	0.75895166	0.85916257	0.7908552	0.45618212	0.8184805	0.664471	0.5261852	0.85401267	0.61830765	10	0.6975063	0.14042453	0.5504642	Folding	0.41994134	0.08454413	0.331413
S38R	S38R	38	38	0.25252345	0.23185484	0.25621745	0.2517382	0.20763567	0.28393665	0.33538786	0.17589848	0.26982066	0.2248222	10	0.24898353	0.043617398	0.1709802	Folding	0.14990327	0.026260333	0.10294051
S38T	S38T	38	38	0.5207187	0.44582215	0.31408066	0.259243	0.44606695	0.49232933	0.35190704	0.42936862	0.2758645	0.5157234	10	0.40511242	0.097883046	0.38370153	Folding	0.24390237	0.058931563	0.23101173
S38V	S38V	38	38	0.41619518	0.38665578	0.3658115	0.39142993	0.30998376	0.36710727	0.4760507	0.3773129	0.37475	0.38551384	10	0.38508105	0.041882895	0.16418095	Folding	0.23184228	0.025216056	0.09884694
S38W	S38W	38	38	0.71905917	0.7553284	0.80947304	0.6554588	0.752602	0.64016813	0.7582661	0.42217103	0.66962904	0.65904987	10	0.6841206	0.10770391	0.42219934	Folding	0.4118823	0.06484432	0.25418973
S38Y	S38Y	38	38	0.6229362	0.5725175	0.6208019	0.620304	0.6681468	0.6929553	0.6886752	0.5400285	0.7440586	0.76016074	10	0.6530585	0.070807405	0.27756503	Folding	0.39318106	0.042630374	0.16711107
S64A	S64A	64	64	0.19751377	0.17149253	0.22112326	0.15943523	0.08925882	0.122515075	0.067177735	0.077142015	0.03633808	0.12440444	10	0.1266401	0.060182195	0.23591422	Folding	0.07624506	0.03623335	0.14203474
S64C	S64C	64	64	0.2470951	0.10243304	0.1778792	0.10695997	0.071567215	0.10101964	0.07397407	0.13869132	0.075164534	0.037019238	10	0.11318034	0.061088726	0.23946781	Folding	0.06814147	0.03677914	0.14417423
S64D	S64D	64	64	0.058504518	0.19861425	0.20812218	0.1446726	0.28742597	-0.10853194	0.25702286	0.16247107	0.26752287	0.33151257	10	0.1807337	0.12857693	0.5040216	Folding	0.108812705	0.07741115	0.30345172
S64E	S64E	64	64	-0.109209545	-0.034766506	0.16034214	0.10287495	-0.043579977	0.018616872	-0.039742336	-0.045095198	-0.112719394	0.005581832	10	-0.009769716	0.08632591	0.3383976	Folding	-0.0058819647	0.051973462	0.20373598
S64F	S64F	64	64	0.17855036	0.32400787	0.28633448	0.28705156	0.32641625	0.37256342	0.49380094	0.3612561	0.24909145	0.37670052	10	0.32557732	0.08491032	0.33284846	Folding	0.1960174	0.05112119	0.20039506
S64G	S64G	64	64	-0.14691421	-0.056459576	-0.101041086	-0.18385068	-0.15543097	-0.21372569	-0.10247359	-0.21150513	-0.17632028	-0.22591412	10	-0.15736355	0.056122653	0.2200008	Folding	-0.094742455	0.03378926	0.13245389
S64H	S64H	64	64	1.3385973	0.728288	0.7984325	0.7133054	0.52347845	0.46895784	0.7604181	1.0452342	1.1215761	0.91425943	10	0.84125483	0.26873252	1.0534315	Folding	0.5064867	0.16179337	0.63423
S64I	S64I	64	64	0.26579022	0.30164462	0.4832832	0.3793235	0.53331196	0.5759851	0.4696195	0.52838266	0.5846402	0.39761934	10	0.45196	0.11166452	0.43772492	Folding	0.27210748	0.067228846	0.26353708
S64K	S64K	64	64	0.2754994	0.20999743	0.24501495	0.24940433	0.14499603	0.2321749	0.34820938	0.3723165	0.26083788	0.3851305	10	0.27235812	0.07572205	0.29683045	Folding	0.16397619	0.045589294	0.17871004
S64L	S64L	64	64	0.2198132	0.24313903	0.22947651	0.29976052	0.17876141	0.28101835	0.22749156	0.16849819	0.1719442	0.24865915	10	0.2268562	0.044447277	0.17423333	Folding	0.13658127	0.026759971	0.104899086
S64M	S64M	64	64	0.23650785	0.2771457	0.28859815	0.18537891	0.2638385	0.3029807	0.26664588	0.30836135	0.20526476	0.31844968	10	0.26531714	0.044230044	0.17338178	Folding	0.1597371	0.026629183	0.104386404
S64N	S64N	64	64	0.27037722	0.021005722	0.5654453	0.065412	0.26111206	0.14572166	0.2560245	0.73054117	-0.12440663	-0.12113217	10	0.20701008	0.27645046	1.0836858	Folding	0.12463269	0.16644002	0.6524449
S64P	S64P	64	64	-0.2600725	-0.23695156	-0.16522317	-0.25326183	-0.29029834	-0.44330832	-0.3011694	-0.39777938	-0.27378264	-0.19346482	10	-0.2815312	0.08481238	0.33246455	Folding	-0.16949895	0.051062223	0.20016392
S64Q	S64Q	64	64	-0.037481215	-0.1534156	-0.09614953	-0.11797192	-0.017828379	-0.12730083	-0.1576788	-0.102587245	0.01428637	-0.07903584	10	-0.08751629	0.057612818	0.22584225	Folding	-0.052690145	0.034686428	0.1359708
S64R	S64R	64	64	0.16495468	0.1188213	0.12536122	0.17867112	0.2293602	0.18010259	0.116438605	0.075221136	0.15502432	0.17118336	10	0.15151384	0.043459266	0.17036033	Folding	0.09122057	0.026165128	0.1025673
S64T	S64T	64	64	0.039308906	0.10458786	0.01043715	0.06584358	-0.026844319	0.0013732464	0.11520121	0.12274817	0.05550691	0.028627854	10	0.051679056	0.050752535	0.19894995	Folding	0.031113943	0.030556122	0.11978
S64V	S64V	64	64	0.09305573	0.12403939	0.11533959	0.08341606	0.0437458	0.09826815	0.11043063	0.15350418	0.03231426	0.14519458	10	0.09993084	0.039298482	0.15405005	Folding	0.06016446	0.023660082	0.092747524
S64W	S64W	64	64	0.28516585	0.23707017	0.14483617	0.21966213	0.2633489	0.25199655	0.17079335	0.07946108	0.18607506	0.26664132	10	0.21050505	0.064711206	0.25366792	Folding	0.12673688	0.03896009	0.15272357
S64Y	S64Y	64	64	1.2264136	0.86382073	0.8555418	0.98132485	1.0528176	0.84499204	0.74635106	1.1840147	0.1526525	0.6104624	10	0.8518392	0.310244	1.2161565	Folding	0.5128591	0.1867858	0.7322004
S88A	S88A	88	88	0.84426343	1.0594797	0.74489075	0.8002629	0.41920367	0.5724632	0.7645264	0.5771496	0.6248804	0.40484685	10	0.6811967	0.20157608	0.79017824	Folding	0.41012195	0.12136109	0.4757355
S88C	S88C	88	88	1.2694904	1.2258202	1.1930091	1.2059376	1.4574504	1.3771552	1.0686253	1.3885745	0.9280743	1.3804295	10	1.2494566	0.1626526	0.6375982	Folding	0.75224906	0.09792678	0.383873
S88D	S88D	88	88	1.535655	1.7276098	1.3881412	1.5661519	1.2602617	1.4454036	1.4489652	1.5153217	1.9748836	1.6213089	10	1.5483704	0.19722913	0.7731382	Folding	0.93221337	0.11874396	0.46547633
S88E	S88E	88	88	2.0179586	1.9892797	1.4163903	1.1381571	1.6735444	1.4771179	1.707141	1.6245975	1.5691178	1.9250723	10	1.6538376	0.27557483	1.0802534	Folding	0.995711	0.16591285	0.6503784
S88F	S88F	88	88	1.3810359	1.2102712	1.656713	1.4565785	1.3797961	1.3725913	1.5596496	1.7210073	1.846533	1.4101156	10	1.499429	0.1931565	0.7571735	Folding	0.9027477	0.116291985	0.45586458
S88G	S88G	88	88	1.1005716	1.0982194	1.1627859	1.1415757	1.2916309	1.2748197	1.2021153	1.099589	1.1996611	1.3275365	10	1.1898506	0.08456436	0.33149227	Folding	0.7163626	0.050912898	0.19957857
S88H	S88H	88	88	1.3210093	0.8351451	1.2897178	1.3171571	1.3553125	1.3025472	1.6858623	1.5045897	1.3211639	0.4050023	10	1.2337508	0.3602967	1.412363	Folding	0.7427932	0.21692058	0.8503287
S88I	S88I	88	88	2.492459	2.5687358	2.3158817	2.1640701	1.6279174	2.0287418	2.260209	1.9822578	2.193506	1.8349806	10	2.1468759	0.28846765	1.1307932	Folding	1.2925502	0.1736751	0.6808064
S88K	S88K	88	88	1.999136	1.4070398	1.3563432	1.8864704	1.8354087	1.9669347	1.9902271	2.0781648	1.6010828	1.3336316	10	1.7454439	0.29218873	1.1453799	Folding	1.0508636	0.17591543	0.68958855
S88L	S88L	88	88	2.1334677	1.8502194	1.9085566	1.8755298	2.016625	2.2637956	2.0107598	2.135565	2.244704	1.8035544	10	2.0242777	0.16500425	0.6468167	Folding	1.2187386	0.09934262	0.38942307
S88M	S88M	88	88	1.3549033	1.8546197	1.9957081	1.9362406	1.5918757	1.5780704	2.0227635	1.3424834	1.5116665	1.7288014	10	1.6917133	0.25395018	0.9954847	Folding	1.0185146	0.1528935	0.5993425
S88N	S88N	88	88	1.156373	1.6125172	1.2121824	1.7341655	1.8409573	1.9248272	2.0963845	1.589927	2.004223	1.4613584	10	1.6632916	0.31937373	1.251945	Folding	1.001403	0.19228245	0.7537472
S88P	S88P	88	88	1.8369374	1.642198	2.187751	2.2673874	2.548101	1.9464966	1.7491757	2.1266625	2.606715	1.9161012	10	2.0827527	0.32493654	1.2737513	Folding	1.2539442	0.19563161	0.7668759
S88Q	S88Q	88	88	2.0391655	1.3557352	1.4022598	1.302398	1.0566567	0.62593156	0.9233148	1.4599311	1.6050417	1.2898823	10	1.3060318	0.38496432	1.5090601	Folding	0.7863108	0.23177199	0.9085462
S88R	S88R	88	88	2.3964279	2.0317018	2.57495	1.8120335	2.20427	1.9885333	2.383469	2.4039834	2.4311528	1.9718568	10	2.2198377	0.25376406	0.99475515	Folding	1.3364776	0.15278144	0.59890324
S88T	S88T	88	88	0.20184867	1.1482009	1.0938493	1.1280842	1.251554	0.54221904	0.829241	1.2637403	0.79497755	0.684419	10	0.8938133	0.34715548	1.3608495	Folding	0.5381301	0.20900877	0.81931436
S88V	S88V	88	88	1.6368072	1.5720326	1.578848	2.032225	1.913582	1.7728662	1.709353	2.0355747	1.6279154	1.6495394	10	1.7528744	0.17914312	0.702241	Folding	1.0553373	0.10785508	0.42279193
S88W	S88W	88	88	1.3044537	1.0483742	0.7003581	1.1030074	1.2315704	1.2497267	1.3651211	1.323979	1.3989451	1.1811914	10	1.1906728	0.2049712	0.8034871	Folding	0.7168576	0.12340516	0.48374823
S88Y	S88Y	88	88	2.028014	2.6390514	2.3255289	1.7588159	2.4738822	2.541491	2.8878777	2.672987	2.4634383	2.3597229	10	2.4150808	0.32550463	1.2759782	Folding	1.4540259	0.19597363	0.76821667
T123A	T123A	123	123	0.10500802	0.12906015	0.16939189	0.14737208	0.06805186	0.08471284	0.15688257	0.2449004	0.17687361	0.22597857	10	0.1508232	0.057120953	0.22391415	Folding	0.09080476	0.034390297	0.13480997
T123C	T123C	123	123	0.37564847	0.2504947	0.29011694	0.2931991	0.28533027	0.30048752	0.3514353	0.36627385	0.33911487	0.2979089	10	0.315001	0.040626615	0.15925634	Folding	0.18964982	0.0244597	0.09588202
T123D	T123D	123	123	0.19425084	0.081808925	0.04649649	0.12012357	0.26840222	0.22165003	0.1050408	0.09775636	0.04077326	0.28566426	10	0.14619668	0.089633755	0.3513643	Folding	0.08801931	0.053964987	0.21154276
T123E	T123E	123	123	0.018182104	0.08329384	0.055476755	0.04622423	-0.099060014	0.0727233	0.11536796	0.016378654	0.09262942	0.100599326	10	0.05018156	0.062076066	0.24333818	Folding	0.03021236	0.037373576	0.14650442
T123F	T123F	123	123	0.49680725	0.46452835	0.4461583	0.43901858	0.44179216	0.38794678	0.43588865	0.42003894	0.4522331	0.3964498	10	0.4380862	0.031632137	0.12399798	Folding	0.2637546	0.019044476	0.07465435
T123G	T123G	123	123	0.42308074	0.36096007	0.3690229	0.3486341	0.14001864	0.15858348	0.28749228	0.33369213	0.32814693	0.30234253	10	0.3051974	0.090312004	0.35402307	Folding	0.18374744	0.05437333	0.21314347
T123H	T123H	123	123	0.32320708	0.23214419	0.24298255	0.17905882	0.44799367	0.20575687	0.24407806	0.21070094	0.32042924	0.20231359	10	0.26086652	0.08134419	0.31886923	Folding	0.15705755	0.04897416	0.19197871
T123I	T123I	123	123	0.49330342	0.51208955	0.5436091	0.55434173	0.5008959	0.4905493	0.50525486	0.39687496	0.52944463	0.43406162	10	0.49604255	0.048139293	0.18870603	Folding	0.29864785	0.02898279	0.11361254
T123K	T123K	123	123	0.38642406	0.35735187	0.5084645	0.43303883	0.3793518	0.3067417	0.27070606	0.35324165	0.4228186	0.43924809	10	0.38573873	0.06905173	0.27068278	Folding	0.23223823	0.04157335	0.16296753
T123L	T123L	123	123	0.41448006	0.42459685	0.4264628	0.47256905	0.44625664	0.37572834	0.49995914	0.50926596	0.39090726	0.41515687	10	0.4375383	0.04429957	0.17365432	Folding	0.26342472	0.02667104	0.10455048
T123M	T123M	123	123	0.31152076	0.30126533	0.39652142	0.38976917	0.37449527	0.3391773	0.33125055	0.29540306	0.2668363	0.28135726	10	0.3287596	0.04566492	0.1790065	Folding	0.19793333	0.027493067	0.10777283
T123N	T123N	123	123	0.1886557	0.2461386	0.32596588	0.32697862	0.3061341	0.24678783	0.19946592	0.19767182	0.23534873	0.21501184	10	0.2488159	0.053075057	0.20805423	Folding	0.14980234	0.03195442	0.12526132
T123P	T123P	123	123	0.5402958	0.4208948	0.4516133	0.590747	0.37829897	0.4970098	0.43088588	0.60048765	0.77947664	0.4759459	10	0.51656556	0.11742321	0.460299	Folding	0.31100395	0.07069593	0.27712804
T123Q	T123Q	123	123	0.19519849	0.14509751	0.109554105	0.2749724	0.22727321	0.2733576	0.08746808	0.20887937	0.12610652	0.30193236	10	0.19498396	0.075501986	0.2959678	Folding	0.117392235	0.0454568	0.17819066
T123R	T123R	123	123	0.5126122	0.47004157	0.4622064	0.45284444	0.46188217	0.45690373	0.42935774	0.509265	0.43472585	0.48477823	10	0.46746174	0.02788874	0.10932386	Folding	0.28144047	0.016790722	0.06581963
T123S	T123S	123	123	0.19862907	0.35129705	0.20109084	0.3211216	0.22476572	0.22857562	0.28020442	0.18556553	0.22144246	0.21252684	10	0.24252191	0.055947285	0.21931337	Folding	0.14601298	0.033683676	0.13204001
T123V	T123V	123	123	0.34118646	0.41269028	0.3373895	0.27752876	0.3431843	0.425061	0.43645266	0.3818785	0.3855263	0.29088482	10	0.36317822	0.054375052	0.2131502	Folding	0.21865544	0.0327371	0.12832943
T123W	T123W	123	123	0.854119	0.81402177	0.95363796	0.88797796	0.72715867	0.71179163	0.7459228	0.7609893	0.7582745	0.76397926	10	0.7977873	0.07816828	0.30641967	Folding	0.4803166	0.04706207	0.18448332
T123Y	T123Y	123	123	0.4987057	0.40342999	0.36500135	0.39720157	0.47189742	0.4838674	0.40090957	0.43529922	0.514775	0.38327575	10	0.4354363	0.053054314	0.20797291	Folding	0.2621592	0.03194193	0.12521237
T126A	T126A	126	126	0.19970925	0.35493323	0.2605778	0.24458864	0.24664232	0.21106993	0.33205158	0.29217222	0.31133226	0.2853249	10	0.27384022	0.05060197	0.19835973	Folding	0.1648685	0.030465472	0.119424656
T126C	T126C	126	126	0.28254232	0.3233007	0.495519	0.41013044	0.3243243	0.37727496	0.30218315	0.22741908	0.3351113	0.31839758	10	0.3396203	0.07372136	0.28898773	Folding	0.20447212	0.04438475	0.17398822
T126D	T126D	126	126	0.45333216	0.42540297	0.415954	0.57799524	0.57831764	0.56187	0.47911146	0.40466073	0.4403135	0.40197527	10	0.4738933	0.072059214	0.28247213	Folding	0.28531268	0.04338404	0.17006545
T126E	T126E	126	126	0.23671004	0.31561807	0.2345735	0.26460674	0.28528723	0.22126873	0.14571379	0.08424967	0.18291427	0.123386174	10	0.20943281	0.07410784	0.29050273	Folding	0.12609132	0.04461744	0.17490037
T126F	T126F	126	126	0.24301584	0.24570079	0.27194536	0.23592938	0.3089662	0.2626171	0.3121263	0.2496239	0.16519856	0.16492677	10	0.24600501	0.050013337	0.19605228	Folding	0.14811002	0.030111078	0.11803543
T126G	T126G	126	126	0.34327993	0.49432403	0.39693347	0.4195271	0.39373517	0.2689297	0.32857034	0.36877504	0.41219735	0.33684024	10	0.37631124	0.061758604	0.24209373	Folding	0.2265623	0.037182447	0.14575519
T126H	T126H	126	126	0.3780776	0.27088064	0.29275265	0.3830742	0.23330486	0.2020294	0.3465401	0.3039903	0.38994247	0.2589381	10	0.30595303	0.066288605	0.25985134	Folding	0.18420237	0.039909784	0.15644635
T126I	T126I	126	126	0.20232445	0.18366067	0.18989916	0.34223968	0.3168125	0.2943242	0.40797052	0.23811968	0.32513902	0.29592547	10	0.27964154	0.07400249	0.29008976	Folding	0.16836126	0.04455401	0.17465173
T126K	T126K	126	126	0.24050397	0.4247271	0.23612566	0.20667274	0.27897486	0.4006157	0.444314	0.31675956	0.2799841	0.30401736	10	0.3132695	0.08314346	0.32592237	Folding	0.18860734	0.05005743	0.19622512
T126L	T126L	126	126	0.19857325	0.25200552	0.27095747	0.2697593	0.31744608	0.28516343	0.2835022	0.330586	0.24795511	0.3825793	10	0.28385276	0.050554343	0.19817303	Folding	0.17089666	0.030436797	0.11931225
T126M	T126M	126	126	0.2197984	0.19886725	0.12830912	0.16230421	0.25262663	0.16675457	0.26213616	0.23497182	0.2592788	0.16233842	10	0.20473854	0.047866017	0.1876348	Folding	0.12326509	0.02881826	0.11296759
T126N	T126N	126	126	0.34648028	0.5152075	0.2547828	0.26174885	0.26342425	0.27546635	0.35044086	0.31433156	0.3519611	0.33032623	10	0.326417	0.076965265	0.30170384	Folding	0.19652294	0.046337783	0.18164411
T126P	T126P	126	126	0.39387438	0.37641174	0.38810107	0.500858	0.508757	0.36806917	0.48747462	0.43237308	0.51044106	0.49332908	10	0.44596893	0.05984375	0.2345875	Folding	0.26850048	0.036029585	0.14123598
T126Q	T126Q	126	126	0.27325776	0.31284177	0.35024866	0.37160358	0.31630197	0.16017008	0.3222937	0.2544576	0.29650193	0.28743184	10	0.2945109	0.058490485	0.2292827	Folding	0.17731352	0.035214838	0.13804217
T126R	T126R	126	126	0.36437407	0.39077917	0.38651973	0.30762348	0.4566327	0.36453226	0.2792348	0.26958707	0.49721462	0.43148074	10	0.37479788	0.07469687	0.29281172	Folding	0.22565117	0.04497207	0.17629051
T126S	T126S	126	126	0.17951375	0.22892955	0.15967967	0.19763555	0.3756752	0.2679111	0.21400236	0.16639268	0.19822642	0.15307754	10	0.21410438	0.0665855	0.26101518	Folding	0.1289039	0.040088534	0.15714706
T126V	T126V	126	126	0.19048166	0.13023679	0.16822243	0.21880326	0.26974392	0.09878278	0.20800632	0.32411095	0.3184556	0.09791707	10	0.20247607	0.08252205	0.32348645	Folding	0.12190294	0.049683306	0.19475856
T126W	T126W	126	126	0.45133454	0.4770998	0.44842267	0.4358189	0.4588329	0.54450643	0.357417	0.40454084	0.41250008	0.41943425	10	0.44099075	0.049571775	0.19432136	Folding	0.26550332	0.02984523	0.11699331
T126Y	T126Y	126	126	0.43032035	0.447126	0.4971204	0.3977699	0.4192859	0.4753836	0.50676954	0.32707912	0.28873911	0.33534598	10	0.412494	0.07479415	0.29319307	Folding	0.24834654	0.04503064	0.17652011
T143A	T143A	143	143	0.46399418	0.5191332	0.6384272	0.38139933	0.50136834	0.4013058	0.6256426	0.53626525	0.4980057	0.56569594	10	0.51312375	0.08454582	0.33141962	Folding	0.3089318	0.05090174	0.19953483
T143C	T143C	143	143	-0.09760671	-0.06413367	-0.17926046	0.010690864	0.17291844	0.19960617	0.23331496	0.011405871	-0.075672455	-0.11820826	10	0.009305474	0.14492595	0.56810975	Folding	0.005602463	0.08725426	0.34203672
T143D	T143D	143	143	1.9267323	2.2143521	1.7522688	1.3622519	1.3682808	1.5915037	2.2388175	1.697189	1.8747559	1.6072478	10	1.7633402	0.3062199	1.200382	Folding	1.0616384	0.18436305	0.72270316
T143E	T143E	143	143	2.1417482	2.321926	1.7790787	2.1762893	2.4206398	2.4084766	2.2579217	2.9503367	2.3661067	2.5798786	10	2.34024	0.3036311	1.190234	Folding	1.4089671	0.18280444	0.7165934
T143F	T143F	143	143	1.9462671	1.7400092	1.8074179	2.1105323	2.1433249	2.643169	2.4220674	2.0975928	2.1063845	2.1337812	10	2.1150546	0.2663541	1.0441082	Folding	1.2733918	0.16036142	0.6286168
T143G	T143G	143	143	1.6153781	1.5696238	1.6425259	1.4810495	1.4951774	1.6472996	1.8562421	1.6802742	1.5993958	1.3395174	10	1.5926484	0.13733858	0.5383672	Folding	0.9588714	0.0826862	0.3241299
T143H	T143H	143	143	2.235035	2.5319297	2.346419	2.3435755	1.7766553	2.0236201	2.0500536	2.0699189	1.622328	1.8861092	10	2.0885644	0.28111807	1.1019828	Folding	1.2574431	0.16925022	0.66346085
T143I	T143I	143	143	0.4498288	0.7052352	0.60435253	0.7869636	0.49072695	0.4576096	0.5431745	0.62019885	0.68431336	0.5863827	10	0.59287864	0.111175515	0.43580803	Folding	0.3569491	0.06693444	0.26238298
T143K	T143K	143	143	2.0423236	2.4486291	2.9760542	3.089203	2.862203	3.0019119	2.4488962	3.085994	2.52709	2.7025015	10	2.7184806	0.3463146	1.3575532	Folding	1.6366911	0.20850252	0.8173299
T143L	T143L	143	143	0.86377007	0.45491737	0.585356	0.52327585	0.48417538	0.46750963	0.7690041	0.4690375	0.38909608	0.21431679	10	0.5220459	0.18435197	0.7226597	Folding	0.31430346	0.11099112	0.4350852
T143M	T143M	143	143	0.44602662	1.1541392	1.1967145	0.91096956	1.0011498	0.6993273	0.71988547	0.7790619	0.74531364	0.7889836	10	0.8441571	0.22643977	0.88764393	Folding	0.508234	0.13633054	0.5344157
T143N	T143N	143	143	1.5084608	0.9162288	1.5475751	1.5956662	1.2857769	1.2951932	1.2025348	1.4982487	1.058088	1.253777	10	1.3161551	0.22274144	0.8731465	Folding	0.7924056	0.13410392	0.5256874
T143P	T143P	143	143	1.7824045	1.6633551	1.9799165	1.8496907	1.6604518	1.4306183	2.2617342	2.1435797	1.5755537	2.1984456	10	1.8545749	0.28290817	1.1090001	Folding	1.1165671	0.17032798	0.6676857
T143Q	T143Q	143	143	1.5676458	1.9678357	2.0261667	1.853567	1.813403	2.2200708	1.9801437	1.939914	2.1408834	1.4561102	10	1.896574	0.2371219	0.92951787	Folding	1.1418532	0.14276184	0.5596264
T143R	T143R	143	143	2.4173977	2.76287	2.3119848	2.880372	2.2379777	1.9512672	2.116926	1.8468989	1.8641219	2.3385644	10	2.272838	0.35172328	1.3787553	Folding	1.3683871	0.21175887	0.83009475
T143S	T143S	143	143	0.61856574	0.6485517	0.5647375	0.4762246	0.5251984	0.7387043	0.7042816	0.46048912	0.662592	0.5064063	10	0.59057516	0.09788151	0.38369554	Folding	0.35556227	0.05893064	0.23100811
T143V	T143V	143	143	-0.16225412	0.1257455	0.4018391	0.47367218	0.16999552	0.42063376	0.14457503	0.037464518	-0.32061133	-0.29700035	10	0.099405974	0.28834787	1.1303236	Folding	0.059848458	0.173603	0.68052375
T143W	T143W	143	143	3.4541686	3.5175226	3.1277232	3.471094	3.1844716	3.5101733	3.49343	3.3304744	3.2977722	3.2871644	10	3.3673992	0.14167364	0.5553607	Folding	2.0273798	0.08529617	0.334361
T143Y	T143Y	143	143	2.6658192	3.1403458	2.1399179	2.5067787	2.7490897	2.6395485	2.2085156	2.5174525	2.0154448	2.9359622	10	2.5518875	0.35464612	1.3902128	Folding	1.5363919	0.21351859	0.83699286
T147A	T147A	147	147	0.8693513	0.65150833	1.0757964	0.9130604	0.8198631	0.73372394	0.5191899	0.6423406	0.67479485	0.795364	10	0.76949924	0.16006888	0.62747	Folding	0.46328548	0.096371226	0.37777522
T147C	T147C	147	147	0.28078136	0.5455873	0.37324184	0.2917468	0.467655	0.44324723	0.6761059	0.5919506	0.4344844	0.33816406	10	0.44429645	0.13028245	0.5107072	Folding	0.26749355	0.07843798	0.30747688
T147D	T147D	147	147	-0.25342163	-0.4556853	-0.18936136	-0.36300823	-0.2029321	-0.11944715	-0.15408385	-0.41522223	-0.29706734	-0.045543425	10	-0.24957725	0.13272353	0.52027625	Folding	-0.15026073	0.079907656	0.31323802
T147E	T147E	147	147	0.0062315487	0.20426159	-0.052764256	0.13532636	-0.05551662	-0.049963765	0.20361911	0.09564305	0.2568243	-0.034499932	10	0.07091614	0.12288374	0.48170426	Folding	0.04269584	0.073983505	0.29001534
T147F	T147F	147	147	0.6381536	0.80748886	0.7970304	1.0248706	0.97540194	0.8213604	0.7890794	0.78054965	0.71870196	0.7651995	10	0.8117837	0.113027796	0.44306898	Folding	0.48874328	0.068049625	0.26675454
T147G	T147G	147	147	0.35312143	0.33106118	0.011112805	0.12603587	0.19620486	0.32508954	-0.3252159	-0.19796245	-0.14263028	0.37324718	10	0.10500642	0.2557847	1.002676	Folding	0.06322027	0.15399797	0.6036721
T147H	T147H	147	147	0.46591634	0.49229833	0.68162304	0.8018853	0.58525866	0.6282866	0.6581444	0.19937325	0.18393154	0.2659786	10	0.4962696	0.21576257	0.8457893	Folding	0.29878455	0.12990223	0.5092167
T147I	T147I	147	147	0.7019269	0.8056	0.67146695	0.79046714	1.038635	0.6807604	0.63396823	0.80363715	0.4381742	0.7770261	10	0.7341662	0.1538797	0.6032084	Folding	0.44201282	0.09264496	0.36316824
T147K	T147K	147	147	0.74870425	0.53773266	0.60417855	0.74414116	0.72881204	0.5643796	0.7818926	0.7226623	0.6418515	0.8602182	10	0.69345725	0.10268564	0.40252772	Folding	0.41750354	0.061823014	0.24234623
T147L	T147L	147	147	0.90358317	0.879687	0.78242093	0.7540731	0.6130341	0.61010396	0.7430371	0.8112821	0.80295813	0.76452696	10	0.7664707	0.09655828	0.37850848	Folding	0.46146208	0.05813397	0.22788517
T147M	T147M	147	147	0.6833334	0.69755745	0.500027	0.43115002	0.6966646	0.6561249	0.44378176	0.68242425	0.906391	0.53124857	10	0.62287027	0.14607094	0.5725981	Folding	0.37500587	0.08794361	0.34473896
T147N	T147N	147	147	0.022153532	0.033023067	0.16401261	0.14895257	0.24538223	0.28406	0.46053135	0.3731494	0.17857768	0.14596383	10	0.20558064	0.1388292	0.5442105	Folding	0.12377208	0.083583646	0.3276479
T147P	T147P	147	147	1.0974174	0.6569182	1.205377	1.1641688	1.1228104	1.4762352	1.4534329	0.9417791	0.8769976	0.9943695	10	1.0989506	0.2504327	0.9816962	Folding	0.6616353	0.15077576	0.59104097
T147Q	T147Q	147	147	0.42524475	0.5311548	0.30933797	0.45200142	0.4657622	0.26493663	0.38230035	0.4232319	0.45612422	0.17542367	10	0.3885518	0.10773231	0.42231068	Folding	0.23393187	0.06486142	0.25425676
T147R	T147R	147	147	0.74580395	0.70841336	0.6757839	0.860992	0.62538433	0.7501376	0.738629	0.7028828	0.81691116	0.6586877	10	0.72836256	0.071169585	0.27898479	Folding	0.43851867	0.04284843	0.16796584
T147S	T147S	147	147	0.015013933	0.022302035	0.08046398	0.045643073	0.116457455	-0.089805305	0.015100082	-0.015508178	0.24281122	0.20571765	10	0.0638196	0.10106325	0.39616796	Folding	0.038423292	0.06084624	0.23851727
T147V	T147V	147	147	0.85013115	0.9496001	0.83995473	1.0237755	0.84174436	0.8437229	1.0229797	0.8941755	1.0801755	0.969734	10	0.93159944	0.09002006	0.35287863	Folding	0.56087965	0.054197565	0.21245445
T147W	T147W	147	147	0.574372	0.6246071	0.56928974	0.74404126	0.6841049	0.49913692	0.6553366	0.7149302	0.65719926	0.9772976	10	0.67003155	0.1304064	0.5111931	Folding	0.40339985	0.0785126	0.30776942
T147Y	T147Y	147	147	1.187108	0.9985706	1.1398194	1.1481105	0.90605056	0.9566704	0.9113528	0.7250249	0.9455	1.1125877	10	1.0030795	0.14384507	0.5638727	Folding	0.60391504	0.0866035	0.33948573
T157A	T157A	157	157	0.38505918	0.3414745	0.29441804	0.2564123	0.3150029	0.16886605	0.17099328	0.1660642	0.21089947	0.35587633	10	0.2665066	0.08348784	0.32727233	Folding	0.16045323	0.05026477	0.19703789
T157C	T157C	157	157	0.7339788	0.5860639	0.49069136	0.4823686	0.43833396	0.42782444	0.5194993	0.5487985	0.53902066	0.54074514	10	0.5307325	0.08696236	0.34089243	Folding	0.31953335	0.05235664	0.20523804
T157D	T157D	157	157	1.2885237	0.9869505	0.96425515	1.0032551	1.1593485	1.0315422	1.2349705	1.0173805	0.99019367	1.0499852	10	1.0726404	0.11374084	0.4458641	Folding	0.6457949	0.06847892	0.26843736
T157E	T157E	157	157	0.23955162	0.47978047	0.20343804	0.19462056	0.31782392	0.2100659	0.1350837	0.108127825	0.19423072	0.29946887	10	0.23821917	0.106375076	0.4169903	Folding	0.14342247	0.06404428	0.2510536
T157F	T157F	157	157	0.6567088	0.5195507	0.55273277	0.5117133	0.6060819	0.7131955	0.9078686	0.6936487	0.66799444	0.62225676	10	0.64517516	0.11586906	0.45420673	Folding	0.3884348	0.06976024	0.27346015
T157G	T157G	157	157	0.9000494	0.80033463	1.0096599	0.7087206	1.0516137	0.90168715	0.78881055	0.7507007	0.79235613	0.73654896	10	0.8440482	0.11699315	0.45861316	Folding	0.50816846	0.070437014	0.2761131
T157H	T157H	157	157	0.45694974	0.54562694	0.57159966	0.40191305	0.73869854	0.4996433	0.44586945	0.6911614	0.47605434	0.480483	10	0.5308	0.10883247	0.42662328	Folding	0.31957397	0.06552378	0.25685322
T157I	T157I	157	157	0.66380364	0.7448971	0.92178065	1.0644257	0.8689152	0.9778632	0.9900559	0.86098844	0.81955063	1.0160259	10	0.89283067	0.12624353	0.49487466	Folding	0.5375385	0.0760063	0.2979447
T157K	T157K	157	157	0.935747	0.90311223	0.6666754	1.1380965	0.77350914	0.93965864	1.029277	0.8538496	0.60644746	0.9729257	10	0.8819299	0.16229565	0.636199	Folding	0.5309756	0.097711876	0.38303056
T157L	T157L	157	157	0.6482162	0.6726462	0.6768804	0.3977555	0.45509773	0.4972925	0.570771	0.5011537	0.5774402	0.55041367	10	0.5547667	0.09374515	0.367481	Folding	0.3340034	0.056440298	0.22124597
T157M	T157M	157	157	0.29197598	0.42338383	0.5218226	0.6671831	0.4471247	0.51601124	0.57164943	0.31615433	0.47036847	0.29384202	10	0.45195156	0.12465423	0.4886446	Folding	0.2721024	0.07504945	0.29419386
T157N	T157N	157	157	0.74215907	0.6815685	0.63352513	0.85796624	0.71937984	0.9184402	0.7347055	0.6504856	0.6263915	0.5952997	10	0.7159921	0.10384823	0.40708506	Folding	0.4310709	0.06252296	0.24509002
T157P	T157P	157	157	1.2728041	1.8793665	1.9620593	2.1799746	2.0099568	2.0091758	2.3342843	1.9824419	2.0835102	1.9577122	10	1.9671285	0.27636352	1.083345	Folding	1.1843313	0.16638769	0.65223974
T157Q	T157Q	157	157	0.3989505	0.30389917	0.24127673	0.24066272	0.4280884	0.39255357	0.2978923	0.36957952	0.4286112	0.74327123	10	0.38447857	0.14462914	0.5669462	Folding	0.23147954	0.08707556	0.34133622
T157R	T157R	157	157	1.0800246	1.19821	0.98820126	0.98801285	0.9307133	1.223956	0.96769893	1.0447875	1.0419554	1.1198796	10	1.0583439	0.09779313	0.3833491	Folding	0.63718754	0.058877427	0.23079953
T157S	T157S	157	157	0.394113	0.38761425	0.44445914	0.56628	0.48687857	0.5033009	0.5325327	0.45850173	0.4824774	0.45152074	10	0.4707679	0.056170456	0.22018819	Folding	0.28343096	0.03381804	0.13256672
T157V	T157V	157	157	0.9214091	0.9151468	1.1649061	1.0231639	0.91775537	0.9824886	0.9119686	1.0985348	1.1125295	0.9040944	10	0.9951998	0.09846997	0.3860023	Folding	0.599171	0.05928493	0.23239693
T157W	T157W	157	157	0.8179574	0.81131107	0.6146022	0.86089987	0.7487175	0.7219732	0.64968735	0.8253452	0.80466866	0.9251157	10	0.77802783	0.09506364	0.3726495	Folding	0.4684202	0.05723411	0.22435771
T157Y	T157Y	157	157	0.4215708	0.5495103	0.354915	0.35186046	0.6611754	0.32242578	0.49751034	0.40418437	0.48533756	0.49779674	10	0.4546287	0.10431182	0.40890232	Folding	0.2737142	0.06280208	0.24618414
T182A	T182A	182	182	0.05106827	0.18972051	0.18202266	0.16907977	0.1209846	0.053240526	0.08675638	0.03577651	0.15863092	0.08718408	10	0.11344643	0.05837088	0.22881386	Folding	0.06830167	0.035142828	0.1377599
T182C	T182C	182	182	0.67216533	0.58494323	0.4363009	0.4694893	0.38616294	0.34911302	0.50833887	0.37034336	0.42884022	0.47612092	10	0.46818185	0.09997824	0.3919147	Folding	0.28187403	0.060192995	0.23595655
T182D	T182D	182	182	-0.6482435	-0.63796175	-0.55255616	-0.7466547	-0.4958603	-0.5564569	-0.56244403	-0.5423619	-0.53283	-0.6910781	10	-0.59664476	0.08006607	0.313859	Folding	-0.3592165	0.048204657	0.18896225
T182E	T182E	182	182	-0.6292837	-0.61084616	-0.48706377	-0.43317148	-0.32634747	-0.4663084	-0.50356877	-0.59320706	-0.5451415	-0.48837212	10	-0.50833106	0.09135041	0.3580936	Folding	-0.3060463	0.054998513	0.21559417
T182F	T182F	182	182	1.3468864	1.2898498	1.3509476	1.1855673	1.2884045	0.9233767	1.3003536	1.207023	1.1185998	1.0816598	10	1.2092669	0.13616563	0.5337693	Folding	0.72805244	0.08198001	0.32136166
T182G	T182G	182	182	-0.2519174	-0.25674716	-0.31218496	-0.11993178	-0.2661627	-0.20776409	-0.14184366	-0.3074923	-0.33629784	-0.2822081	10	-0.24825501	0.07175297	0.28127167	Folding	-0.14946465	0.043199666	0.1693427
T182H	T182H	182	182	0.43824485	0.27885887	0.31139347	0.15941626	0.2262186	0.03853271	0.07617823	0.18893023	0.2351084	0.13136007	10	0.20842417	0.11760703	0.46101955	Folding	0.12548405	0.0708066	0.27756187
T182I	T182I	182	182	1.0667732	1.075082	1.3486773	1.2054299	1.0718446	1.1415612	1.2322234	1.1836207	1.0611621	1.1278106	10	1.1514184	0.09280774	0.36380634	Folding	0.69322413	0.05587592	0.21903361
T182K	T182K	182	182	0.1461869	-0.10571095	0.030060165	0.021211661	-0.17354563	0.020173686	0.03818993	-0.043087553	-0.18844128	-0.10735867	10	-0.036232173	0.10627393	0.4165938	Folding	-0.021813978	0.06398338	0.25081486
T182L	T182L	182	182	1.01523	0.9704234	1.1089828	1.1548349	1.1176822	1.1575314	0.92836946	0.9786753	0.98162615	0.77856296	10	1.0191919	0.11874221	0.46546948	Folding	0.61361563	0.07149005	0.280241
T182M	T182M	182	182	0.9640084	1.0544903	0.9380246	0.91111124	0.9825204	0.86120313	0.76746464	0.8299781	0.83195746	1.0370393	10	0.91777974	0.09461355	0.37088513	Folding	0.5525594	0.056963127	0.22329547
T182N	T182N	182	182	-0.5082468	-0.4781582	-0.32457295	-0.26579306	-0.3335318	-0.32245138	-0.3689056	-0.5691852	-0.42288408	-0.40945327	10	-0.40031824	0.09554589	0.37453988	Folding	-0.24101599	0.05752445	0.22549585
T182P	T182P	182	182	-0.13595842	-0.12670071	-0.22711712	-0.14910375	-0.18272896	-0.2774941	-0.1995241	-0.31579086	-0.30688342	-0.13165039	10	-0.20529518	0.073277704	0.2872486	Folding	-0.123600215	0.044117644	0.17294116
T182Q	T182Q	182	182	0.14243066	-0.11532763	0.0703276	-0.09737317	0.06549165	-0.09699422	0.030641576	0.013347155	-0.022436038	-0.19934447	10	-0.020923689	0.10471768	0.4104933	Folding	-0.012597336	0.063046426	0.24714199
T182R	T182R	182	182	0.5977416	0.56871444	0.5821365	0.58010626	0.5173186	0.38803795	0.5619704	0.3943583	0.47491235	0.40362737	10	0.5068923	0.084798105	0.33240858	Folding	0.30518007	0.05105363	0.20013022
T182S	T182S	182	182	-0.12489151	-0.20557608	-0.13418758	-0.16133171	-0.21279012	-0.11291671	-0.21902429	-0.22069634	-0.24124624	-0.23295358	10	-0.1865614	0.04832468	0.18943276	Folding	-0.11232134	0.029094405	0.11405007
T182V	T182V	182	182	0.85235167	0.81139785	0.8644945	0.88686293	0.8930674	0.7546681	0.8789083	0.87239254	0.91722924	0.81967396	10	0.8551046	0.0477535	0.18719374	Folding	0.5148251	0.02875052	0.11270204
T182W	T182W	182	182	1.0708469	1.1139015	1.1495526	1.3415128	0.90487164	1.4588947	1.1461421	1.175256	0.97613835	1.0931804	10	1.1430297	0.1610289	0.63123333	Folding	0.6881736	0.09694922	0.38004094
T182Y	T182Y	182	182	1.0554973	0.9304935	0.9592649	0.9507758	1.2016693	0.9076798	1.1989632	0.91761464	1.0165336	1.0191072	10	1.01576	0.108379684	0.42484838	Folding	0.61154944	0.06525118	0.25578463
T19A	T19A	19	19	0.11710795	-0.0085723875	0.0036959678	0.025825644	0.03636179	0.11775449	0.043102603	0.07589389	-0.022109345	0.050749283	10	0.043980982	0.048299342	0.18933342	Folding	0.026479233	0.029079149	0.11399026
T19C	T19C	19	19	0.44283164	0.4520859	0.30193198	0.3911503	0.77010596	0.54473746	0.44210407	0.47975144	0.49810934	0.4767926	10	0.47996005	0.12105552	0.47453764	Folding	0.28896523	0.0728828	0.2857006
T19D	T19D	19	19	0.057986654	0.12666185	0.12917772	0.21358216	0.10680219	0.21269864	0.08518155	0.2555121	0.22639187	0.12727685	10	0.15412715	0.06733046	0.2639354	Folding	0.09279394	0.04053704	0.15890521
T19E	T19E	19	19	0.016781788	0.34507948	0.25760058	0.25250584	0.41946542	0.055709302	0.35501274	0.14101414	0.033691105	0.045330185	10	0.19221905	0.15208215	0.596162	Folding	0.11572759	0.091562726	0.35892588
T19F	T19F	19	19	0.46451104	0.5580388	0.34058848	0.22282438	0.1802199	0.31375027	0.27104416	0.45965213	0.3067466	0.29896235	10	0.34163383	0.11776994	0.46165818	Folding	0.2056844	0.07090469	0.27794638
T19G	T19G	19	19	-0.095848516	-0.16051315	-0.070778586	-0.10739947	-0.11669207	-0.0702689	0.0007177168	-0.10443536	-0.0048463917	-0.03328974	10	-0.07633545	0.051444005	0.2016605	Folding	-0.045958597	0.030972429	0.12141192
T19H	T19H	19	19	0.46119678	0.34683827	0.2168107	0.5470135	0.3484165	0.21862952	0.29569486	0.5597612	0.41071513	0.43758518	10	0.38426617	0.121451296	0.4760891	Folding	0.23135166	0.073121086	0.28663465
T19I	T19I	19	19	0.83202845	0.8011664	0.56121016	0.66344196	0.6277301	0.95452523	0.7215367	0.65147203	0.60186833	0.83150476	10	0.7246484	0.12558219	0.49228218	Folding	0.43628255	0.075608134	0.2963839
T19K	T19K	19	19	0.1530181	0.14693779	0.22433619	0.027664905	0.25096446	0.13853723	0.0017374661	0.08744998	0.106468104	0.08376976	10	0.12208841	0.07833023	0.30705452	Folding	0.073504664	0.047159575	0.18486553
T19L	T19L	19	19	0.17710109	0.04857638	0.19886237	0.15245682	0.18913934	0.4438328	0.38136953	0.14864784	0.08955899	0.17496862	10	0.20045137	0.12185657	0.47767776	Folding	0.120683946	0.073365085	0.28759113
T19M	T19M	19	19	0.305369	0.22758071	0.289992	0.16509752	0.19907287	0.30936253	0.18411501	0.11158561	0.21511775	0.29742247	10	0.23047154	0.068023734	0.26665303	Folding	0.13875791	0.040954437	0.1605414
T19N	T19N	19	19	-0.0029370964	-0.081990846	0.21788684	0.07061757	0.15601486	0.038650937	0.04098391	0.08503607	0.002744745	0.19147995	10	0.07184869	0.09368253	0.3672355	Folding	0.043257292	0.056402594	0.22109817
T19P	T19P	19	19	-0.32376212	-0.19294201	-0.4255852	-0.312063	-0.42957807	-0.39191908	-0.23683666	-0.17269108	-0.52759403	-0.46627343	10	-0.34792447	0.120119534	0.4708686	Folding	-0.20947175	0.072319284	0.2834916
T19Q	T19Q	19	19	0.40194535	0.23769426	0.23173892	0.18119873	0.08033292	0.38093933	0.28454456	0.2265139	0.4484064	0.17513332	10	0.26484478	0.11486673	0.4502776	Folding	0.1594527	0.06915678	0.2710946
T19R	T19R	19	19	0.11684558	0.22053587	0.28266066	0.119006366	0.22477081	0.16087112	0.2957086	0.2042052	0.33895224	0.13636787	10	0.20999241	0.0777531	0.30479214	Folding	0.12642823	0.046812106	0.18350346
T19S	T19S	19	19	0.11952601	0.07463227	0.11989829	0.19755922	0.10515175	0.079472676	0.19817013	0.08834506	0.26881364	0.14786486	10	0.13994339	0.06324028	0.24790192	Folding	0.08425445	0.038074505	0.14925206
T19V	T19V	19	19	0.35570082	0.41946623	0.30779067	0.46243942	0.47905982	0.5956636	0.49538562	0.472228	0.5551152	0.50122374	10	0.4644073	0.085904695	0.33674642	Folding	0.2796015	0.051719863	0.20274186
T19W	T19W	19	19	0.34912643	0.39683828	0.45478663	0.3280413	0.37485945	0.22143781	0.4306187	0.42485675	0.4327134	0.392344	10	0.38056225	0.068475574	0.26842424	Folding	0.22912167	0.041226473	0.16160777
T19Y	T19Y	19	19	1.051203	1.0031401	0.8350962	0.781729	1.102513	0.93701607	1.4253858	1.9630227	1.0229383	0.86528814	10	1.0987332	0.35300297	1.3837717	Folding	0.6615044	0.2125293	0.83311486
T1A	T1A	1	1	0.29311794	0.30564424	0.2403903	0.14252234	0.30151558	0.36585113	0.25707945	0.3580227	0.14487939	0.27128947	10	0.26803127	0.076482326	0.29981074	Folding	0.16137117	0.046047024	0.18050434
T1C	T1C	1	1	0.44246238	0.23077002	0.5322314	0.18489005	0.24142744	0.29386127	0.32263237	0.24236132	0.30131134	0.23005687	10	0.30220044	0.10771271	0.42223382	Folding	0.18194309	0.064849615	0.2542105
T1D	T1D	1	1	0.53032935	0.38368493	0.2850358	0.25730354	0.27806008	0.26707467	0.038737148	0.27875015	0.38903162	0.6815796	10	0.33895868	0.17343868	0.67987967	Folding	0.20407379	0.10442066	0.409329
T1E	T1E	1	1	0.2132389	0.028744217	-0.014048294	0.09164811	-0.06314949	0.06327371	0.2342719	0.07740826	0.20922482	0.22095495	10	0.10615671	0.107323095	0.42070654	Folding	0.06391281	0.06461505	0.25329098
T1F	T1F	1	1	0.40689576	0.4730363	0.56915605	0.39707735	0.7614727	0.5994417	0.54198503	0.61433554	0.75277835	0.72547084	10	0.584165	0.13406451	0.5255329	Folding	0.35170293	0.08071501	0.31640285
T1G	T1G	1	1	0.17864631	0.11099932	0.13245104	0.1304652	0.076754175	0.030639589	0.24725485	0.076687105	0.12201205	0.039322793	10	0.11452325	0.06491289	0.25445855	Folding	0.068949975	0.03908152	0.15319957
T1H	T1H	1	1	0.14622419	0.12036483	0.2609867	0.37962005	0.037711438	0.4131884	0.14802359	0.11233914	0.0386882	0.69188064	10	0.23490271	0.20633717	0.8088417	Folding	0.14142576	0.12422755	0.48697203
T1I	T1I	1	1	0.49053833	0.8582447	0.45765427	0.5924322	0.6366765	0.625835	0.88073707	0.5045846	0.7005269	0.63020986	10	0.63774395	0.14364077	0.56307185	Folding	0.38396075	0.086480506	0.3390036
T1K	T1K	1	1	-0.07242498	-0.069246784	-0.07576988	-0.082799956	-0.10210859	-0.075407706	-0.096927345	-0.08553902	-0.09957418	-0.08790252	10	-0.0847701	0.011756328	0.046084806	Folding	-0.051036768	0.0070780264	0.027745863
T1L	T1L	1	1	0.67851293	0.6500215	0.65340966	0.58373004	0.63485146	0.6520562	0.7662561	0.75616574	0.6013893	0.74327976	10	0.6719673	0.06366158	0.24955341	Folding	0.4045653	0.038328156	0.15024637
T1M	T1M	1	1	0.9581295	0.8085144	1.0868155	0.89328104	0.8872718	0.7725758	0.88547665	0.8033365	0.84259504	0.7669077	10	0.87049043	0.09715294	0.38083953	Folding	0.5240883	0.058491994	0.22928862
T1N	T1N	1	1	0.39470106	0.3438845	0.01318596	0.2733024	-0.045563564	0.09290247	-0.17621098	0.24990295	0.2723335	0.018365813	10	0.14368042	0.18891047	0.74052906	Folding	0.08650438	0.11373562	0.44584367
T1P	T1P	1	1	-0.091883175	0.3440342	0.41054899	0.059758436	0.49938607	0.050028145	-0.20519543	0.06300191	0.48148143	-0.15685423	10	0.14543061	0.26704437	1.046814	Folding	0.08755809	0.16077699	0.6302458
T1Q	T1Q	1	1	0.23468369	0.21606858	-0.074879505	-0.061120186	0.14376448	0.071100086	-0.063411355	0.17742729	0.22974421	-0.0869748	10	0.07864025	0.13777344	0.5400719	Folding	0.047346227	0.082948014	0.3251562
T1R	T1R	1	1	0.24858047	0.29149505	0.39915153	0.22017914	0.1208467	0.28516334	0.18103297	0.24069192	0.2191097	0.09020236	10	0.22964533	0.08817017	0.34562707	Folding	0.13826048	0.05308382	0.20808858
T1S	T1S	1	1	0.16439994	0.051421065	0.06442119	0.02835593	0.11612643	0.11685366	0.2227775	0.07791064	0.13112141	0.082713835	10	0.105610155	0.057701305	0.22618912	Folding	0.063583754	0.034739703	0.13617964
T1V	T1V	1	1	0.26751775	0.40463233	0.41400763	0.46387973	0.4812669	0.36007598	0.5227501	0.39743385	0.538113	0.50728863	10	0.43569654	0.08364331	0.32788178	Folding	0.2623159	0.050358374	0.19740483
T1W	T1W	1	1	0.76902443	0.97578424	0.93672144	1.0599657	0.8199396	0.9359601	1.0342187	1.1055291	0.7859628	0.773789	10	0.91968954	0.12598586	0.4938646	Folding	0.55370915	0.07585117	0.2973366
T1Y	T1Y	1	1	1.1695547	0.7726374	0.7722802	0.6666513	1.0302478	0.5463398	0.7503165	0.6666589	0.963206	0.8514195	10	0.8189312	0.18831763	0.73820513	Folding	0.49304652	0.113378696	0.4444445
T34A	T34A	34	34	0.38544384	0.116531536	0.45398006	0.5567648	0.513195	0.372463	0.1959356	0.19282082	0.33209532	0.0773271	10	0.3196557	0.1667896	0.65381527	Folding	0.1924522	0.10041751	0.39363664
T34C	T34C	34	34	0.48465067	0.36459514	0.5844516	0.7716576	0.46552408	0.47376803	0.60881776	0.53416985	0.59817636	0.78845465	10	0.56742656	0.13406749	0.5255446	Folding	0.3416254	0.0807168	0.3164099
T34D	T34D	34	34	0.033471845	0.23477726	-0.042796373	-0.28793412	-0.13238503	-0.107803866	-0.16611885	0.009971801	1.5137082	0.6752532	10	0.1730144	0.5421931	2.125397	Folding	0.10416522	0.3264333	1.2796186
T34E	T34E	34	34	0.6699106	1.7830932	1.395541	0.5952891	0.8772701	0.72064054	0.6563107	1.1384168	1.5846083	1.140845	10	1.0561926	0.4220126	1.6542894	Folding	0.6358924	0.25407732	0.9959831
T34F	T34F	34	34	1.239167	0.3601308	0.5614541	0.8224761	0.31680194	0.3080399	0.2455584	0.7743784	0.44594148	0.489698	10	0.55636466	0.3082913	1.2085018	Folding	0.33496544	0.18561015	0.7275918
T34G	T34G	34	34	0.33681104	0.31828567	0.1939404	0.12886128	0.13092765	0.21901086	0.23714346	0.31733888	0.26161075	0.4383136	10	0.25822434	0.09705391	0.38045132	Folding	0.1554668	0.05843237	0.2290549
T34H	T34H	34	34	-0.15295203	1.3687695	1.3705263	0.3076619	0.09907046	0.13810219	1.0802234	0.067030706	0.34385353	-0.064819865	10	0.45574665	0.58836615	2.3063953	Folding	0.27438727	0.3542323	1.3885907
T34I	T34I	34	34	1.1482368	1.2553588	0.4253557	0.71108186	0.60436255	1.0200582	1.512122	1.0694339	0.6093733	1.5102787	10	0.9865662	0.38529387	1.510352	Folding	0.593973	0.2319704	0.909324
T34K	T34K	34	34	0.8587197	1.316857	0.094755255	0.1701949	0.20887257	0.89662546	0.93639857	1.0819135	1.8215328	0.67020667	10	0.8056076	0.5458452	2.1397133	Folding	0.4850249	0.3286321	1.2882378
T34L	T34L	34	34	1.1094515	0.97967005	0.82364815	1.0646018	1.0296688	0.8388789	1.0377196	0.8283763	1.3120438	0.89299905	10	0.9917058	0.15402618	0.60378265	Folding	0.59706736	0.09273315	0.36351398
T34M	T34M	34	34	0.98874813	1.1097245	0.834499	0.6986098	0.54644096	0.29743373	0.7312228	0.34841493	0.51287425	0.73531175	10	0.680328	0.2607599	1.0221788	Folding	0.40959895	0.15699336	0.61541396
T34N	T34N	34	34	0.42315575	0.5202806	2.2329998	1.657447	0.44962743	1.008619	0.7486348	0.450838	0.902766	0.72528315	10	0.9119652	0.59540606	2.3339918	Folding	0.5490587	0.35847074	1.4052054
T34P	T34P	34	34	0.50982666	1.0640484	1.8473794	1.5604194	0.5489642	0.9629118	0.73685753	0.80069655	0.75191647	0.6142332	10	0.9397254	0.4427565	1.7356055	Folding	0.565772	0.26656643	1.0449404
T34Q	T34Q	34	34	1.1466606	0.62016964	0.69293106	0.386226	0.56107754	0.8896132	0.8625465	0.7818786	0.501924	0.7193056	10	0.71623325	0.21851325	0.856572	Folding	0.4312161	0.1315583	0.51570857
T34R	T34R	34	34	0.4096705	0.5123087	0.34842983	0.36303583	0.5481151	0.45125958	0.5894648	0.44819212	0.6210159	0.37132466	10	0.4662817	0.09732835	0.38152713	Folding	0.28073	0.058597602	0.2297026
T34S	T34S	34	34	0.1107052	0.12631816	0.15307738	0.083079696	0.07942486	0.10137579	0.1308669	0.10268557	0.10656422	0.10039123	10	0.109448895	0.02222707	0.087130114	Folding	0.06589491	0.013382051	0.05245764
T34V	T34V	34	34	0.48148224	0.5377329	0.42687324	0.66521573	0.124744825	0.3855609	0.5651846	0.29903173	0.8128746	0.44008768	10	0.47387886	0.19079289	0.7479081	Folding	0.28530398	0.114868954	0.4502863
T34W	T34W	34	34	0.18971619	0.7274738	0.13486439	0.25408322	0.3315908	0.30243245	0.48518616	0.44856095	0.2034496	0.27437752	10	0.3351735	0.17614684	0.6904956	Folding	0.20179488	0.10605113	0.41572043
T34Y	T34Y	34	34	0.52596205	1.0282222	0.54004264	1.1547619	1.2041017	1.3150791	1.3807241	0.6764424	1.0891093	1.1409708	10	1.0055416	0.31253433	1.2251346	Folding	0.60539734	0.18816473	0.73760575
T49A	T49A	49	49	0.5015881	0.23150174	0.27368572	0.23469967	0.42093772	0.56831264	0.44626844	0.29464588	0.3876592	0.5627364	10	0.39220357	0.12911093	0.50611484	Folding	0.23613046	0.07773265	0.304712
T49C	T49C	49	49	0.59404445	0.46363524	0.24872266	0.41512212	0.4244631	0.50572705	0.4217876	0.42753413	0.47248062	0.64654475	10	0.46200615	0.108225994	0.4242459	Folding	0.27815586	0.06515865	0.2554219
T49D	T49D	49	49	0.64476573	0.4139701	0.27985743	0.52120316	0.5462453	0.4887285	0.25475785	0.2880562	0.4010322	0.5225609	10	0.43611774	0.13084951	0.5129301	Folding	0.26256946	0.078779384	0.30881518
T49E	T49E	49	49	0.471767	0.44734094	0.51066524	0.23657225	0.042163193	0.4671454	0.46042937	0.39018643	0.25676182	0.34786993	10	0.36309016	0.14615902	0.5729434	Folding	0.21860242	0.08799665	0.34494686
T49F	T49F	49	49	0.6793342	0.66145134	0.6108278	0.6833086	0.51201814	0.6516835	0.6406524	0.62944835	0.64035755	0.6531459	10	0.6362228	0.048753217	0.19111261	Folding	0.3830449	0.02935241	0.11506145
T49G	T49G	49	49	0.5345992	0.5643954	0.6185743	0.3351317	0.58093625	0.31276616	0.54607314	0.49026853	0.61006755	0.29384434	10	0.48866564	0.12637699	0.4953978	Folding	0.2942065	0.076086655	0.2982597
T49H	T49H	49	49	0.34503362	0.24936971	0.4640451	0.29776707	0.54770994	0.50351864	0.35952404	0.54806846	0.17586382	0.18711597	10	0.3678016	0.14202908	0.556754	Folding	0.22143899	0.085510164	0.33519986
T49I	T49I	49	49	0.81916153	0.54928505	0.8534141	0.6095785	0.90402204	0.7998716	0.60759777	0.71666974	0.84509045	0.84217554	10	0.7546866	0.124900244	0.48960897	Folding	0.45436734	0.07519756	0.29477444
T49K	T49K	49	49	0.21922246	0.76364166	0.7759015	0.07519459	0.21810144	0.4966102	0.5234667	0.63398427	0.6522143	0.22303462	10	0.4581372	0.25500742	0.9996291	Folding	0.27582654	0.15353002	0.6018377
T49L	T49L	49	49	0.6084478	0.65406436	0.7453925	0.87539893	0.6590206	0.6744536	0.86482567	0.7362028	0.60413814	0.8344031	10	0.72563475	0.10263718	0.40233776	Folding	0.43687636	0.06179384	0.24223186
T49M	T49M	49	49	0.6423094	0.5580653	0.7007842	0.6437125	0.60624176	0.542234	0.830305	0.6666059	0.9127283	0.40366146	10	0.65066475	0.14420204	0.565272	Folding	0.39173985	0.08681842	0.34032822
T49N	T49N	49	49	0.22964762	0.36559108	0.08952438	0.28798303	0.4105718	0.2819347	0.509139	0.38224846	0.47408417	0.29543242	10	0.33261567	0.12312631	0.48265517	Folding	0.20025492	0.07412955	0.29058784
T49P	T49P	49	49	0.26144794	0.39191303	0.35543457	0.20144986	0.16066658	0.2143756	0.21554716	0.21133691	0.0757446	0.35966876	10	0.24475852	0.09876615	0.3871633	Folding	0.14735955	0.059463244	0.23309591
T49Q	T49Q	49	49	0.56467515	0.32794178	0.6618047	0.53152096	0.6718611	0.24163295	0.5407158	0.78000927	0.9411887	0.47227103	10	0.5733622	0.20518564	0.8043277	Folding	0.345199	0.12353426	0.48425433
T49R	T49R	49	49	0.50136954	0.3383485	0.28678286	0.3693344	0.35408127	0.41662782	0.3962483	0.36508346	0.42215392	0.31082052	10	0.37608507	0.06162429	0.24156721	Folding	0.22642614	0.037101578	0.1454382
T49S	T49S	49	49	0.48082402	0.49275067	0.49128553	0.44524738	0.54826784	0.5375906	0.70912874	0.5310809	0.5255058	0.41426048	10	0.5175942	0.07947327	0.31153524	Folding	0.31162328	0.047847755	0.18756321
T49V	T49V	49	49	0.71123856	0.4532938	0.38975325	0.47430855	0.51180625	0.54870546	0.5601186	0.3550589	0.58964676	0.47190785	10	0.50658387	0.10281786	0.40304604	Folding	0.30499437	0.061902624	0.24265829
T49W	T49W	49	49	0.66626203	0.6498145	1.2522274	0.96115214	0.8845679	0.9525388	0.84135187	0.57805264	0.62222403	0.717949	10	0.8126141	0.20791481	0.8150261	Folding	0.48924324	0.1251774	0.49069542
T49Y	T49Y	49	49	0.92980313	1.028863	0.7961323	0.676783	1.1749306	0.9940967	0.8882099	0.979844	0.77401245	0.9870342	10	0.9229709	0.14423533	0.5654025	Folding	0.55568475	0.08683846	0.34040678
T57A	T57A	57	57	0.3027568	0.15038073	0.28111202	0.16493832	0.13057405	0.2871673	0.26889274	0.3447723	0.15509167	0.22278653	10	0.23084724	0.07599218	0.29788935	Folding	0.13898411	0.045751926	0.17934754
T57C	T57C	57	57	0.049066477	-0.090531886	0.04352246	0.24204732	0.12384933	0.16838148	-0.05728535	0.14715733	-0.060589302	0.09193792	10	0.06575558	0.10984747	0.4306021	Folding	0.039588872	0.06613488	0.25924873
T57D	T57D	57	57	0.21510538	0.10257579	0.2939014	-0.046504416	0.10114567	0.24567734	0.23553878	0.23597923	0.053290945	0.044984665	10	0.14816949	0.111757144	0.438088	Folding	0.08920707	0.067284614	0.26375568
T57E	T57E	57	57	0.44060093	0.18805952	0.28774628	0.24515988	0.1497659	0.28867164	0.35719457	0.38484943	0.42981136	0.5810841	10	0.33529437	0.12996943	0.5094802	Folding	0.20186765	0.07824952	0.30673814
T57F	T57F	57	57	0.45227444	0.7594271	0.4632598	0.72754866	0.76420283	0.78017235	0.6219008	0.75635755	0.836311	0.8023108	10	0.6963765	0.13761725	0.5394596	Folding	0.41926113	0.08285397	0.3247876
T57G	T57G	57	57	0.049047656	0.21783344	0.15880376	0.033619106	0.091738865	0.07040314	0.20759358	0.12791096	0.17936274	0.12385972	10	0.1260173	0.06475897	0.25385517	Folding	0.0758701	0.03898885	0.1528363
T57H	T57H	57	57	0.08181546	0.27288187	0.23532192	0.23139076	0.094469994	0.18603988	0.27085477	0.19111179	0.29034087	0.21496236	10	0.20691895	0.071375266	0.27979106	Folding	0.12457783	0.042972263	0.16845128
T57I	T57I	57	57	0.38071725	0.35176793	0.19720316	0.3137213	0.24724282	0.18459702	0.007165973	0.07587844	0.16467266	0.17311355	10	0.209608	0.117728785	0.46149686	Folding	0.1261968	0.07087991	0.27784923
T57K	T57K	57	57	0.9657874	1.5259387	0.6937573	0.5344915	0.9004986	0.6900595	0.9495994	0.79729867	0.49581763	0.63024646	10	0.81834954	0.29791966	1.1678451	Folding	0.49269632	0.1793658	0.703114
T57L	T57L	57	57	0.34183875	0.2309611	0.2228523	0.24444087	0.30425715	0.33872336	0.35225505	0.3963115	0.29849666	0.2819095	10	0.30120462	0.057149477	0.22402595	Folding	0.18134354	0.03440747	0.13487728
T57M	T57M	57	57	0.9008143	0.52657646	0.5195542	0.5704484	0.7397616	0.8274	0.6160424	0.42053467	0.89854604	0.6864994	10	0.6706178	0.16788805	0.65812117	Folding	0.4037528	0.10107884	0.39622906
T57N	T57N	57	57	0.5946817	0.2894317	0.36577088	0.6384152	0.40338242	0.5147279	0.4206027	0.5224927	0.26125672	0.24911869	10	0.42598805	0.13824442	0.54191816	Folding	0.25647077	0.08323157	0.32626775
T57P	T57P	57	57	0.16706717	0.25606537	0.21376003	0.054080233	0.33085626	0.24647357	0.23458965	0.24449845	0.2862766	0.22903371	10	0.22627012	0.07420313	0.2908763	Folding	0.13622841	0.04467481	0.17512526
T57Q	T57Q	57	57	0.24242082	0.29572892	0.4775276	0.36028305	0.37332594	0.20765978	0.36283135	0.29345918	0.36932203	0.4084709	10	0.33910295	0.080040775	0.31375983	Folding	0.20416066	0.048189428	0.18890256
T57R	T57R	57	57	0.5082612	0.5372242	0.5105144	0.48897582	0.51939726	0.45543823	0.5547324	0.49118197	0.5847631	0.38186044	10	0.50323486	0.055934947	0.219265	Folding	0.30297807	0.033676248	0.13201089
T57S	T57S	57	57	0.30649284	0.2503175	0.27649292	0.19888447	0.15987499	0.22491588	0.24226701	0.26073995	0.14235616	0.22716756	10	0.22895093	0.05067431	0.19864331	Folding	0.13784242	0.030509025	0.11959538
T57V	T57V	57	57	0.1887007	0.06991496	0.1396277	0.036997795	0.16179217	0.14100054	0.13248271	0.20328243	0.2274315	0.1654347	10	0.14666653	0.05800106	0.22736415	Folding	0.088302195	0.034920175	0.13688709
T57W	T57W	57	57	0.6613184	0.31927004	0.44238773	0.57059914	0.5234754	0.6387582	0.5305714	0.76238614	0.5980489	0.64088523	10	0.5687701	0.12416182	0.48671433	Folding	0.3424343	0.07475299	0.29303172
T57Y	T57Y	57	57	0.59191865	0.21016665	0.22170074	0.3975967	0.4468261	0.37595427	0.36834285	0.47767642	0.37543377	0.17097977	10	0.36365956	0.13094531	0.5133056	Folding	0.21894524	0.07883706	0.3090413
T73A	T73A	73	73	0.071403116	-0.06761168	0.039630048	-0.008584399	0.02392635	-0.00073433627	0.09386814	-0.004230634	0.08301618	-0.057385348	10	0.017329743	0.055675324	0.21824728	Folding	0.010433562	0.03351994	0.13139816
T73C	T73C	73	73	0.16308172	0.2814397	0.18377325	0.15554753	-0.06239041	0.12630507	0.1929206	0.104776144	0.15543178	0.27517623	10	0.15760615	0.09620435	0.37712106	Folding	0.094888516	0.057920884	0.22704987
T73D	T73D	73	73	-0.25010198	-0.123703174	-0.16564675	-0.33005694	-0.3159159	-0.43993175	-0.3807646	-0.3375019	-0.3918715	-0.2554198	10	-0.29909143	0.100392364	0.3935381	Folding	-0.18007128	0.060442325	0.23693392
T73E	T73E	73	73	-0.38843888	-0.37043014	-0.32517815	-0.42708138	-0.42912886	-0.25831702	-0.36084357	-0.6290253	-0.53527737	-0.48141125	10	-0.4205132	0.10696207	0.41929132	Folding	-0.2531746	0.064397685	0.25243893
T73F	T73F	73	73	0.06773625	0.16006438	0.011540764	0.02066589	-0.017033141	0.08123803	0.108682446	0.033429112	0.09430646	0.3249743	10	0.08856045	0.09812728	0.38465896	Folding	0.053318787	0.059078608	0.23158814
T73G	T73G	73	73	-0.02812932	-0.0029034866	0.047233373	0.00042487585	0.09564272	-0.039549302	0.07164141	-0.003215563	-0.03536426	-0.018944412	10	0.008683604	0.046834037	0.18358943	Folding	0.0052280594	0.028196946	0.11053203
T73H	T73H	73	73	0.050566845	0.098838545	0.11003226	-0.03896506	0.1633327	-0.09793752	0.033292655	-0.034344383	0.19888242	0.14007795	10	0.06237764	0.09705385	0.38045108	Folding	0.037555143	0.058432333	0.22905475
T73I	T73I	73	73	0.17706056	0.35656512	0.020018578	0.1564517	0.15940933	0.2773351	0.17280109	0.28436407	0.08645834	0.25998843	10	0.19504523	0.100586526	0.39429918	Folding	0.11742912	0.06055922	0.23739214
T73K	T73K	73	73	-0.036912274	-0.022582792	0.09604551	0.027315823	-0.03544936	0.058456175	0.07825603	0.057298787	-0.02169924	0.1524585	10	0.035318717	0.06426047	0.25190103	Folding	0.021264022	0.03868872	0.15165979
T73L	T73L	73	73	-0.0050942083	0.22399789	0.056686748	-0.029178387	0.041370288	0.06791815	-0.06416401	0.018497847	0.032667607	0.05455588	10	0.03972578	0.07696426	0.3016999	Folding	0.023917342	0.046337176	0.18164173
T73M	T73M	73	73	0.055541705	-0.045113206	-0.045908768	-0.10271123	-0.1800576	-0.15406294	-0.17333177	-0.20767793	-0.14067414	-0.07012919	10	-0.10641251	0.08067668	0.3162526	Folding	-0.06406682	0.048572283	0.19040336
T73N	T73N	73	73	-0.00029700185	-0.09217358	0.09376771	-0.03372689	0.11295326	-0.103197984	0.14710154	0.0014930444	-0.103805505	-0.043557137	10	-0.002144254	0.09195538	0.36046508	Folding	-0.0012909716	0.055362746	0.21702197
T73P	T73P	73	73	0.79688305	0.60595036	0.86789817	0.8139183	0.7961941	0.6738929	0.7684289	0.71833885	0.7819917	0.7299643	10	0.7553461	0.07552864	0.29607227	Folding	0.45476443	0.045472845	0.17825356
T73Q	T73Q	73	73	0.04361672	0.16612779	0.17170662	0.16804196	0.14334457	-0.06105234	-0.2045181	0.040794674	-0.017743167	0.023612354	10	0.04739311	0.1217467	0.47724706	Folding	0.028533543	0.07329893	0.28733182
T73R	T73R	73	73	-0.09506855	0.01179607	0.13765615	0.16939403	-0.027724525	0.067444086	-0.0036276386	-0.054700915	0.07499749	0.11505239	10	0.03952186	0.087168634	0.34170106	Folding	0.023794571	0.05248083	0.20572487
T73S	T73S	73	73	0.05519183	0.0638877	0.19543819	-0.0072552296	0.066240616	0.03118134	0.04455869	-0.022738086	0.05118326	-0.019755602	10	0.04579327	0.0626089	0.24542688	Folding	0.02757034	0.037694372	0.14776194
T73V	T73V	73	73	0.17056729	0.3407554	0.2604723	0.16922542	0.2144226	0.25652707	0.23897517	0.24924377	0.003944918	0.18432954	10	0.20884633	0.08852511	0.34701842	Folding	0.12573822	0.053297512	0.20892625
T73W	T73W	73	73	-0.37419525	-0.26338974	-0.07292598	-0.41570345	-0.11323632	-0.35098907	-0.12508647	-0.18502225	-0.3434241	-0.31242153	10	-0.2556394	0.1226792	0.48090246	Folding	-0.1539105	0.073860355	0.2895326
T73Y	T73Y	73	73	0.029058922	0.15150298	0.24044403	0.16123657	0.060367167	0.15280417	0.34412357	-0.07934128	0.10801148	0.11930568	10	0.12875134	0.11520455	0.45160183	Folding	0.07751615	0.06936017	0.27189186
T86A	T86A	86	86	-0.016565137	-0.09311525	0.08138704	-0.12805201	0.0053038453	-0.03920596	-0.04202895	0.00777273	-0.13039438	0.063140705	10	-0.02917574	0.07290429	0.2857848	Folding	-0.017565574	0.043892827	0.17205988
T86C	T86C	86	86	0.53414726	0.541155	0.35274118	0.51936615	0.3234122	0.49836913	0.46978933	0.39881724	0.4065468	0.4714871	10	0.45158315	0.07700006	0.30184025	Folding	0.2718806	0.04635873	0.18172623
T86D	T86D	86	86	0.2886747	0.42127016	0.6311657	0.47004616	0.3405126	0.47675723	0.27883196	0.1091792	0.25538772	0.22596574	10	0.34977913	0.15123855	0.5928551	Folding	0.21058837	0.09105483	0.35693493
T86E	T86E	86	86	-0.33488187	-0.14082909	-0.032686092	-0.09856979	-0.24409775	-0.23418136	-0.103557646	-0.30437508	-0.08120861	-0.21698621	10	-0.17913735	0.101834305	0.3991905	Folding	-0.10785161	0.06131046	0.240337
T86F	T86F	86	86	0.04340475	0.0719356	0.25021818	0.104931414	0.08123921	0.22603796	0.207808	0.10484686	-0.14323269	0.02347186	10	0.09706612	0.11517941	0.4515033	Folding	0.058439724	0.06934503	0.27183253
T86G	T86G	86	86	0.23522863	0.18597855	0.30725843	0.2469848	0.18475422	0.24609177	0.2556262	0.29850596	0.14592454	0.2947542	10	0.24011073	0.053870205	0.21117121	Folding	0.14456129	0.03243315	0.12713794
T86H	T86H	86	86	0.2771567	0.3474116	0.24632743	0.4721257	0.22097717	0.15543807	0.12919804	-0.12642819	-0.18773605	-0.03061744	10	0.1503853	0.2099692	0.8230792	Folding	0.090541124	0.12641425	0.4955439
T86I	T86I	86	86	0.28167528	0.122441955	0.2685676	0.14222197	0.22737385	0.23524758	0.09173619	0.17838353	0.109925926	0.15152365	10	0.18090975	0.0680889	0.26690847	Folding	0.108918704	0.04099367	0.16069518
T86K	T86K	86	86	0.14194395	-0.08948975	0.33122116	0.22709626	-0.11384764	0.48532376	0.15860799	0.09723361	0.32617092	0.23134558	10	0.17956059	0.18560298	0.7275637	Folding	0.10810642	0.11174431	0.4380377
T86L	T86L	86	86	0.06597943	0.07090273	0.077456824	0.11076727	0.20582005	0.07055389	0.004491801	-0.0009205057	0.10264927	0.053284153	10	0.076098494	0.0581917	0.22811148	Folding	0.045815933	0.03503495	0.13733701
T86M	T86M	86	86	-0.0044743237	-0.065014854	0.09602319	-0.12715538	-0.391203	0.14731598	0.107173644	0.052587997	-0.140478	0.02788817	10	-0.029733654	0.15996537	0.6270642	Folding	-0.017901473	0.0963089	0.3775309
T86N	T86N	86	86	0.14997523	0.2142234	0.24527976	0.057639647	0.01976589	0.30128577	0.39119247	0.12809767	0.2575823	0.18647052	10	0.19515125	0.111928955	0.4387615	Folding	0.11749295	0.06738806	0.2641612
T86P	T86P	86	86	0.08799369	-0.06374289	0.09279151	0.35994384	-0.07032236	-0.3597174	0.06956595	-0.018902294	-0.20453848	-0.26314762	10	-0.037007608	0.20733802	0.81276506	Folding	-0.022280836	0.12483013	0.4893341
T86Q	T86Q	86	86	-0.06443383	0.24393757	-0.6063636	-0.2071843	-0.4449732	-0.49303758	-0.4309144	-0.49380523	-0.318552	-0.0762232	10	-0.28915495	0.26163095	1.0255934	Folding	-0.17408891	0.15751779	0.6174697
T86R	T86R	86	86	-0.14164315	0.06073088	-0.022790078	-0.026047135	-0.062335987	0.08732174	0.047247697	-0.030796662	0.047522258	-0.0027894608	10	-0.0043579903	0.06808224	0.2668824	Folding	-0.002623776	0.040989663	0.16067949
T86S	T86S	86	86	-0.038561292	-0.04052566	0.13444537	0.04054949	-0.019675327	0.13086759	0.089488104	0.09352777	0.08889593	0.03479827	10	0.05138102	0.066526055	0.26078215	Folding	0.030934509	0.04005274	0.15700676
T86V	T86V	86	86	0.13183986	0.094893314	0.16495878	0.10555241	0.118492275	0.0971856	0.06668919	0.06789511	0.01334558	0.017266998	10	0.08781191	0.047898956	0.18776391	Folding	0.052868124	0.028838092	0.11304533
T86W	T86W	86	86	0.28993958	0.2827713	0.088882044	0.1292436	0.1504072	0.059200685	0.27279696	-0.074801385	0.09172801	0.10336985	10	0.13935378	0.11531288	0.45202652	Folding	0.083899476	0.06942539	0.27214754
T86Y	T86Y	86	86	0.05210474	0.14584048	0.23429732	0.32532954	0.41905355	0.020122543	0.25267392	0.15916242	0.1840818	0.048593543	10	0.18412599	0.12785849	0.50120527	Folding	0.11085507	0.07697861	0.30175614
V102A	V102A	102	102	0.118501216	0.39091176	0.23558162	0.09525478	0.25165138	0.27485693	0.16448706	0.15478934	0.14155881	0.4004794	10	0.22280721	0.10817128	0.4240314	Folding	0.13414353	0.065125704	0.25529277
V102C	V102C	102	102	0.36394432	0.15051673	0.2719696	0.13390338	0.28230447	0.19817868	0.32455808	0.10494363	0.19489631	0.4080791	10	0.24332944	0.10260553	0.4022137	Folding	0.14649916	0.061774787	0.24215716
V102D	V102D	102	102	1.0529805	0.87426376	0.76598066	0.7933812	1.0679969	0.79523444	0.9995272	0.8112633	0.81305534	0.9420333	10	0.89157164	0.114982404	0.45073104	Folding	0.5367805	0.06922642	0.27136758
V102E	V102E	102	102	0.892212	0.6739524	0.8031465	0.7714339	0.8992483	1.0528971	0.84556997	0.83884954	0.93397903	0.70905	10	0.84203386	0.11113749	0.43565896	Folding	0.50695574	0.06691154	0.26229325
V102F	V102F	102	102	0.08358495	0.1516919	0.088857435	0.21088351	0.046816148	0.046938047	0.04635218	0.014091387	-0.02716393	-0.02452219	10	0.06375295	0.074387304	0.29159823	Folding	0.038383164	0.044785693	0.17555992
V102G	V102G	102	102	0.87336856	0.8419424	0.92535037	0.86713463	1.0771431	1.0181838	1.0527269	1.1588949	0.8857134	0.9081789	10	0.9608637	0.10787284	0.42286152	Folding	0.57849854	0.064946026	0.25458843
V102H	V102H	102	102	0.6640405	0.4825631	0.50547683	0.8201045	0.382396	0.45295498	0.66167015	0.44784406	0.61860937	0.6173798	10	0.5653039	0.13325489	0.52235913	Folding	0.34034744	0.08022757	0.31449208
V102I	V102I	102	102	0.115114	-0.104842804	-0.046334554	-0.1936629	-0.117472224	-0.14362878	-0.11800187	-0.11098006	-0.15856211	0.057045806	10	-0.08213255	0.09747024	0.38208336	Folding	-0.049448803	0.058683027	0.23003747
V102K	V102K	102	102	0.76844406	0.6903772	0.8246772	1.0051455	0.90049213	0.91199255	0.8137014	0.933708	0.94690645	0.9593362	10	0.8754781	0.09798713	0.38410956	Folding	0.5270912	0.058994226	0.23125736
V102L	V102L	102	102	0.06543774	0.004868853	0.018348023	-0.031123156	-0.090140864	-0.043631468	0.0023506088	-0.022569554	0.12742147	-0.031697992	10	-7.363372e-05	0.060915273	0.23878787	Folding	-4.4331988e-05	0.036674708	0.14376485
V102M	V102M	102	102	-0.21393086	-0.11559264	-0.20783979	-0.13035287	0.039161418	-0.23117855	-0.18716045	-0.27762574	-0.14159706	0.10990459	10	-0.13562119	0.12229164	0.47938323	Folding	-0.081652224	0.073627025	0.28861794
V102N	V102N	102	102	0.5978884	0.7986819	0.51080334	0.6694811	0.62719864	0.81163967	0.4994052	0.63061494	0.7051798	0.5372749	10	0.6388168	0.10993944	0.43096262	Folding	0.38460666	0.06619025	0.25946578
V102P	V102P	102	102	2.8742962	2.3814738	2.365293	2.233677	2.361141	2.5130074	2.763518	2.0460136	2.7249131	2.4106877	10	2.467402	0.25520205	1.0003921	Folding	1.4855264	0.1536472	0.602297
V102Q	V102Q	102	102	0.5501345	0.5444914	0.9134588	0.8114721	0.74352413	0.9364544	0.913795	0.87136734	0.5229749	0.5204116	10	0.7328085	0.17961049	0.70407313	Folding	0.44119537	0.10813647	0.42389497
V102R	V102R	102	102	0.9564719	0.94496876	0.831911	0.82822543	0.75456774	0.77588	0.87322956	0.93404686	0.9308256	0.98211855	10	0.8812245	0.07999974	0.313599	Folding	0.5305509	0.04816472	0.18880571
V102S	V102S	102	102	0.5812572	0.4516078	0.55663526	0.55516833	0.3757106	0.60330373	0.44163054	0.45112112	0.5175621	0.45790163	10	0.4991898	0.07392596	0.28978977	Folding	0.30054268	0.044507932	0.1744711
V102T	V102T	102	102	0.8508336	0.8634053	0.9260715	0.782102	0.8710894	0.95625234	0.88870776	0.75543267	0.9184504	0.93234456	10	0.8744689	0.06517651	0.2554919	Folding	0.5264836	0.039240234	0.15382172
V102W	V102W	102	102	0.02083629	0.107555486	0.03924283	0.04269781	0.037284054	0.18867792	0.17428645	0.021392515	0.0027561984	0.13740417	10	0.07721337	0.06868346	0.26923916	Folding	0.046487156	0.04135163	0.1620984
V102Y	V102Y	102	102	0.039849013	-0.010782403	0.24071506	-0.11904958	0.055955734	-0.008527208	0.044029225	-0.12962344	0.008114648	0.16354252	10	0.02842236	0.11279234	0.442146	Folding	0.017111992	0.06790787	0.26619884
V108A	V108A	108	108	1.196371	1.223877	1.2768933	1.1941411	1.3445597	1.2545985	1.391407	1.4299058	1.409441	1.3092259	10	1.303042	0.0878896	0.3445272	Folding	0.7845108	0.052914895	0.2074264
V108C	V108C	108	108	0.98215765	1.0438961	0.99434566	0.99944556	0.95431715	0.922691	0.88104755	1.0684885	1.0646255	1.0084047	10	0.9919419	0.060350116	0.23657246	Folding	0.5972095	0.03633445	0.14243105
V108D	V108D	108	108	2.3634503	2.4649255	2.8413136	2.6157138	3.1961875	2.626672	2.9804747	2.7372382	2.6679468	2.6598225	10	2.7153745	0.2420994	0.9490297	Folding	1.6348209	0.1457586	0.5713737
V108E	V108E	108	108	2.1832497	1.9461695	2.169359	2.5266235	1.8713404	2.126652	2.1404684	1.9701223	1.8852788	1.7455207	10	2.0564787	0.22154346	0.8684504	Folding	1.2381256	0.13338268	0.5228601
V108F	V108F	108	108	0.15371375	0.08840948	0.29684916	0.17363729	0.19357704	0.16825399	0.39614564	0.23547404	0.31048387	0.17250936	10	0.21890536	0.09118875	0.3574599	Folding	0.13179438	0.05490119	0.21521267
V108G	V108G	108	108	2.2246833	1.8974668	2.2399504	2.1404781	2.078056	1.805228	2.0613637	2.210086	2.0640056	2.1199155	10	2.0841234	0.14061198	0.55119896	Folding	1.2547693	0.08465698	0.3318554
V108H	V108H	108	108	1.7357458	1.493664	1.678565	1.5185847	1.8765428	1.9671625	1.8398628	1.8926504	1.9280909	1.7703104	10	1.770118	0.1647375	0.64577097	Folding	1.065719	0.09918202	0.38879353
V108I	V108I	108	108	0.40694726	0.39199957	0.30748147	0.3643717	0.48399362	0.34460294	0.3828039	0.5169882	0.23186034	0.3997836	10	0.38308328	0.08127885	0.3186131	Folding	0.23063949	0.048934825	0.19182451
V108K	V108K	108	108	2.174953	1.6756892	1.6029888	2.1155775	2.1573055	2.0652034	2.1341414	2.0504255	1.993849	1.7756896	10	1.9745824	0.21086794	0.82660234	Folding	1.188819	0.12695536	0.49766502
V108L	V108L	108	108	1.1674602	1.0911026	1.2223755	1.3081433	1.1431597	1.3015543	1.3655231	1.3097292	1.1879629	1.1918577	10	1.2288868	0.08816795	0.34561837	Folding	0.7398648	0.05308248	0.20808333
V108M	V108M	108	108	1.1311498	1.0872599	1.259239	1.1309278	1.0458069	1.047361	1.1006547	1.0926425	0.95114636	1.1189744	10	1.0965163	0.078602076	0.30812013	Folding	0.66016966	0.04732324	0.18550712
V108N	V108N	108	108	1.9742596	1.885185	1.8851259	1.7796979	1.7358665	1.7936558	1.847656	2.0678985	1.8373373	1.9043273	10	1.871101	0.097296976	0.38140416	Folding	1.1265169	0.05857871	0.22962855
V108P	V108P	108	108	0.5797897	0.75683606	0.88963586	0.8386304	0.84567297	0.6226744	0.9741816	0.67817825	0.7476154	0.8005151	10	0.773373	0.122132525	0.4787595	Folding	0.46561772	0.073531225	0.2882424
V108Q	V108Q	108	108	1.8274485	1.7423589	1.6519594	1.7309029	1.9481951	1.5859212	1.7813826	1.6627511	1.8589277	1.5106281	10	1.7300476	0.13166323	0.5161199	Folding	1.0415941	0.0792693	0.31073564
V108R	V108R	108	108	1.818602	1.8726902	1.8528969	1.8646721	1.8747663	1.9043344	1.9124559	1.9064783	1.7861984	1.9298447	10	1.8722938	0.044542268	0.1746057	Folding	1.127235	0.026817162	0.105123274
V108S	V108S	108	108	1.5722674	1.5669949	1.4760327	1.276138	1.3939402	1.5534422	1.4275669	1.4264929	1.4789075	1.6000749	10	1.4771856	0.100227036	0.39288998	Folding	0.8893558	0.060342785	0.23654372
V108T	V108T	108	108	0.7565295	0.52268386	0.7568921	0.5967508	0.8601567	0.7941192	0.8041855	0.9161763	0.6548193	0.77464676	10	0.74369603	0.11979109	0.4695811	Folding	0.44775036	0.07212154	0.28271642
V108W	V108W	108	108	0.83463895	0.5989353	0.8293127	0.8362948	0.75928986	1.1080581	1.072076	1.0184072	0.9340609	0.7143099	10	0.87053835	0.16249652	0.6369864	Folding	0.5241172	0.097832814	0.38350463
V108Y	V108Y	108	108	0.79981107	0.82904786	0.8227565	0.7683207	0.7134321	0.7103062	0.78106654	0.9699372	0.8490082	0.89318675	10	0.8136873	0.079129644	0.3101882	Folding	0.48988938	0.04764087	0.18675222
V111A	V111A	111	111	2.2622428	2.0730562	1.873279	1.9328058	1.9278599	1.8978989	2.033698	2.288821	1.994356	2.0865936	10	2.0370612	0.14478289	0.56754893	Folding	1.2264351	0.08716813	0.34169906
V111C	V111C	111	111	1.1175267	1.1238239	1.1500665	1.0205203	1.0199986	0.8960749	1.0710667	1.0603603	1.0740771	1.0729264	10	1.060644	0.07149879	0.28027526	Folding	0.6385724	0.04304663	0.16874279
V111D	V111D	111	111	4.0893726	3.7866857	4.1598864	4.0842443	4.2358847	4.466502	4.4152083	4.80671	4.5772557	4.477223	10	4.3098974	0.294995	1.1563804	Folding	2.594821	0.17760499	0.6962116
V111E	V111E	111	111	2.8726504	2.852598	2.9553757	2.9159582	3.4311173	3.2421854	3.3747997	3.0617223	3.5579078	3.3941846	10	3.1658497	0.26402456	1.0349762	Folding	1.9060346	0.15895888	0.6231188
V111F	V111F	111	111	2.4123104	2.1338158	1.9771843	2.511972	2.364261	2.4878623	2.5312545	2.0157504	2.1918902	2.2329197	10	2.285922	0.20474285	0.802592	Folding	1.3762645	0.12326768	0.4832093
V111G	V111G	111	111	2.8172195	2.8424437	3.104767	3.2677965	2.9015207	3.016221	2.959679	2.9953032	2.8998027	3.0769556	10	2.9881709	0.13625765	0.53413	Folding	1.7990611	0.082035415	0.32157883
V111H	V111H	111	111	3.298226	2.8015256	3.1839228	2.694568	3.338837	2.7375007	3.0275528	3.3536851	3.2664518	3.1549306	10	3.08572	0.25528562	1.0007197	Folding	1.8577917	0.1536975	0.60249424
V111I	V111I	111	111	0.7368344	0.61736405	0.5799946	0.62286144	0.91467535	0.61115617	0.76107264	0.67792565	0.6493923	0.6214841	10	0.67927605	0.10064463	0.39452696	Folding	0.4089656	0.060594205	0.2375293
V111K	V111K	111	111	4.114205	4.235774	3.7360299	4.4358287	3.6523182	4.0619874	4.2418947	4.1806583	4.2566323	3.8513112	10	4.0766644	0.25239506	0.98938864	Folding	2.4544005	0.15195721	0.5956723
V111L	V111L	111	111	1.0952818	1.2263733	1.4761473	1.302446	1.152413	1.2101998	1.6035887	1.7092726	1.467283	1.3854966	10	1.3628502	0.20101747	0.7879885	Folding	0.8205189	0.12102477	0.47441712
V111M	V111M	111	111	1.9099929	1.8319118	1.4958464	1.7958806	1.8274717	1.7265121	2.1161528	2.0132458	2.1328585	1.7749373	10	1.8624809	0.19137192	0.7501779	Folding	1.121327	0.11521757	0.45165285
V111N	V111N	111	111	3.0638871	2.948712	2.7981045	2.6816764	2.840973	3.129289	3.0994904	2.9189706	3.164484	2.8905122	10	2.95361	0.15804192	0.61952436	Folding	1.7782533	0.09515087	0.37299144
V111P	V111P	111	111	4.6714373	4.5072417	4.0820236	3.7175763	3.120781	4.048806	4.1320906	4.4937143	3.6799815	3.9875119	10	4.044116	0.46119753	1.8078943	Folding	2.4348044	0.27766904	1.0884627
V111Q	V111Q	111	111	3.4532542	3.4231782	3.7152174	3.590305	3.5967674	3.5718281	3.3871224	3.4957774	3.6097765	3.4202075	10	3.5263436	0.10610301	0.4159238	Folding	2.1230738	0.06388048	0.25041148
V111R	V111R	111	111	3.7920945	3.7054834	3.4852772	3.9905035	3.525587	3.4720466	2.7954772	4.0344977	3.5233471	3.2937276	10	3.5618043	0.35850388	1.4053352	Folding	2.1444232	0.21584119	0.84609747
V111S	V111S	111	111	2.8005314	2.8274298	3.0915399	2.9566405	2.7299283	2.8813026	2.625702	3.2071695	3.0116506	3.04146	10	2.9173353	0.1774493	0.6956013	Folding	1.7564137	0.1068353	0.41879436
V111T	V111T	111	111	2.3181767	2.1091173	2.2265742	2.1325414	1.9272237	1.8863655	1.8827938	1.987645	2.1861258	2.1050067	10	2.076157	0.14974628	0.58700544	Folding	1.2499732	0.09015639	0.35341308
V111W	V111W	111	111	3.438363	2.9342701	2.7913587	3.1795912	2.9242177	2.8989902	3.5363092	3.1466625	2.7602532	3.0014906	10	3.0611508	0.26192385	1.0267415	Folding	1.8429995	0.15769413	0.618161
V111Y	V111Y	111	111	2.5597355	2.7161264	2.3225975	3.1531336	3.0034006	3.0871365	2.8288038	2.8385139	2.6909554	2.5180807	10	2.7718487	0.26393485	1.0346246	Folding	1.6688219	0.15890488	0.62290716
V113A	V113A	113	113	1.4524281	1.5020368	1.5193982	1.4259245	1.3451052	1.5004587	1.5374497	1.415598	1.3614576	1.4695547	10	1.4529412	0.06551086	0.2568026	Folding	0.8747592	0.039441533	0.15461081
V113C	V113C	113	113	0.6482192	0.690278	0.6737434	0.7030894	0.61783516	0.7941845	0.71096224	0.7375532	0.7463142	0.66050094	10	0.69826806	0.05196377	0.20369798	Folding	0.42039993	0.031285357	0.1226386
V113D	V113D	113	113	2.9099061	2.592675	3.1775668	3.0289078	3.8952	4.1042805	3.4378462	3.3270624	3.0317693	2.9672112	10	3.2472425	0.46148184	1.8090088	Folding	1.955038	0.2778402	1.0891336
V113E	V113E	113	113	4.884066	4.3446317	4.389812	4.0637903	4.1253157	3.9024637	4.5280232	4.796013	4.6200676	4.2658534	10	4.392004	0.31842005	1.2482066	Folding	2.6442542	0.19170828	0.7514965
V113F	V113F	113	113	2.0442927	1.9541522	2.2548575	2.3257904	2.2130115	2.06318	2.089188	2.0098712	2.0733488	2.164831	10	2.1192524	0.11686234	0.45810038	Folding	1.2759192	0.070358254	0.27580437
V113G	V113G	113	113	2.546846	2.37138	2.3672688	2.4004416	2.4999533	2.3158894	2.469436	2.5857213	2.6314414	2.452534	10	2.464091	0.10278429	0.40291443	Folding	1.483533	0.06188241	0.24257906
V113H	V113H	113	113	3.8824604	3.3411193	3.4398043	3.68192	3.870445	3.9448633	3.8560221	4.1590824	3.958779	3.7000768	10	3.7834573	0.24755256	0.97040606	Folding	2.277872	0.14904173	0.5842436
V113I	V113I	113	113	0.31626785	0.48346433	0.2962053	0.42929152	0.47884426	0.3904291	0.4209974	0.5575888	0.294581	0.35908142	10	0.40267506	0.088133596	0.3454837	Folding	0.24243493	0.0530618	0.20800225
V113K	V113K	113	113	4.9179063	4.322101	3.8526976	3.736811	3.309819	4.1255765	4.9286695	4.6916494	4.1092134	3.7835119	10	4.1777954	0.538813	2.112147	Folding	2.5152876	0.32439828	1.2716413
V113L	V113L	113	113	0.51127267	0.45088786	0.6221671	0.5484119	0.43125865	0.5267828	0.6638916	0.6476501	0.6524333	0.5127941	10	0.556755	0.085048735	0.33339104	Folding	0.33520046	0.051204525	0.20072174
V113M	V113M	113	113	1.147719	1.0063771	1.0652639	1.0008265	0.9869814	0.8091281	0.9149088	0.9241467	1.1890295	1.0861846	10	1.0130565	0.11410162	0.44727835	Folding	0.6099218	0.068696134	0.26928884
V113N	V113N	113	113	3.5502064	2.957783	2.5003428	3.4961846	3.1724668	3.4470592	2.9685383	2.7590022	3.0131018	3.099189	10	3.0963874	0.33435628	1.3106767	Folding	1.8642141	0.20130287	0.78910726
V113P	V113P	113	113	4.145659	3.6144655	3.9077785	4.0987296	3.4929624	4.29977	4.106317	3.9539816	3.9342337	3.4710302	10	3.902493	0.28626588	1.1221622	Folding	2.3495388	0.17234951	0.6756101
V113Q	V113Q	113	113	3.4994955	2.8574011	3.4822586	2.89516	3.156932	2.925324	3.5254023	3.1357687	2.7112088	3.6124012	10	3.1801353	0.32863835	1.2882624	Folding	1.9146353	0.19786032	0.7756125
V113R	V113R	113	113	3.7574813	3.367677	3.7424536	3.2315805	3.6199393	4.0842714	4.1746044	4.516855	4.268748	4.2739797	10	3.903759	0.42417064	1.6627489	Folding	2.350301	0.25537658	1.0010762
V113S	V113S	113	113	2.958456	2.890939	2.400628	2.5269244	2.5991595	2.3195763	2.8000052	2.5848114	2.7509525	2.612871	10	2.6444323	0.20556329	0.8058081	Folding	1.5921094	0.12376164	0.48514563
V113T	V113T	113	113	2.2728307	2.2294722	2.3695219	2.3073647	2.0216932	1.9225651	2.2373796	2.2150617	2.1961288	2.237083	10	2.20091	0.1325842	0.5197301	Folding	1.3250821	0.07982377	0.3129092
V113W	V113W	113	113	2.5006635	2.6364028	2.7594473	2.2254136	2.4384398	2.5093052	2.9032934	2.845653	2.7736006	2.435698	10	2.6027918	0.21619056	0.847467	Folding	1.5670394	0.1301599	0.51022685
V113Y	V113Y	113	113	2.3292167	2.597998	2.6571898	1.7915212	2.0111542	2.5879176	2.567886	2.6793773	2.415045	2.6347861	10	2.4272091	0.30208635	1.1841785	Folding	1.4613279	0.18187441	0.7129477
V124A	V124A	124	124	0.38050622	0.46549842	0.5145717	0.6238407	0.56386554	0.5754715	0.6790556	0.80732787	0.6478095	0.49484193	10	0.5752789	0.121339366	0.4756503	Folding	0.34635296	0.073053695	0.2863705
V124C	V124C	124	124	0.39054406	0.25285128	0.3032532	0.358833	0.2958276	0.39029053	0.40530074	0.45850307	0.4762981	0.3346183	10	0.36663195	0.071612865	0.28072244	Folding	0.22073479	0.04311531	0.16901202
V124D	V124D	124	124	0.6211291	0.5553434	0.6248606	0.59083194	0.5571256	0.6028922	0.63311315	0.48157415	0.7133915	0.69364864	10	0.607391	0.067652635	0.26519835	Folding	0.36568642	0.040731013	0.15966557
V124E	V124E	124	124	0.42779186	0.314504	0.3490066	0.36455134	0.39417577	0.27620104	0.5613579	0.34684476	0.40404963	0.16975893	10	0.36082417	0.10211146	0.40027693	Folding	0.21723814	0.061477326	0.24099112
V124F	V124F	124	124	0.39261615	0.4688276	0.43319756	0.3537858	0.37831214	0.36016577	0.4758618	0.47922897	0.45592177	0.51523256	10	0.431315	0.05648839	0.2214345	Folding	0.25967795	0.034009457	0.13331707
V124G	V124G	124	124	0.57510287	0.40452477	0.60769	0.5912813	0.4815724	0.58053654	0.51825905	0.5548387	0.5658945	0.49518082	10	0.5374881	0.06250644	0.24502523	Folding	0.32360062	0.037632685	0.14752012
V124H	V124H	124	124	0.94980764	1.0777194	0.99741936	0.93824035	0.8915491	1.0704099	0.88349795	0.91304326	1.0178311	0.87999225	10	0.96195096	0.07488986	0.29356825	Folding	0.5791531	0.04508826	0.17674598
V124I	V124I	124	124	0.19264007	0.23673922	0.14858583	0.09510418	0.17148674	0.114478655	0.14609268	0.12778464	0.096857615	0.19895221	10	0.15287217	0.046818312	0.18352778	Folding	0.09203837	0.028187478	0.11049492
V124K	V124K	124	124	0.7477795	0.7044135	0.7662188	0.6408964	0.6983985	0.65302676	0.841696	0.79813534	0.8271934	0.76312965	10	0.74408877	0.06897922	0.27039853	Folding	0.4479868	0.041529696	0.16279641
V124L	V124L	124	124	0.472315	0.45592904	0.5137797	0.5572116	0.60341734	0.58516616	0.5555806	0.45898664	0.5400994	0.5035958	10	0.5246082	0.052128863	0.20434515	Folding	0.31584612	0.031384755	0.12302824
V124M	V124M	124	124	0.3923317	0.38531986	0.40046933	0.40361232	0.3073569	0.47615686	0.47558853	0.5178939	0.48872623	0.4208866	10	0.4268342	0.06270799	0.24581532	Folding	0.2569802	0.037754033	0.14799581
V124N	V124N	124	124	0.83919394	0.7867885	0.5878575	0.87199837	0.6270229	0.7945624	0.9848034	0.83067715	0.6977559	0.6417848	10	0.7662445	0.12518187	0.49071294	Folding	0.46132588	0.075367115	0.2954391
V124P	V124P	124	124	0.916838	0.92788416	0.7575153	0.8473132	0.7407051	1.051152	0.7785792	0.9825921	0.8755581	0.75204027	10	0.8630177	0.10684241	0.41882226	Folding	0.51958925	0.064325646	0.25215653
V124Q	V124Q	124	124	0.6690697	0.7513506	0.83419394	0.7854133	0.74754167	0.73503333	0.7296829	0.5672717	0.6188076	0.5019177	10	0.69402826	0.10347013	0.40560293	Folding	0.41784734	0.06229533	0.2441977
V124R	V124R	124	124	0.8594823	0.7945669	0.8497074	0.9364359	0.943231	0.87747955	0.76521224	0.75891733	0.6471588	0.77181554	10	0.8204006	0.09071464	0.3556014	Folding	0.49393117	0.054615743	0.21409371
V124S	V124S	124	124	0.5642919	0.7991043	0.67569566	0.7132206	0.7230446	0.7552383	0.7245197	0.74916804	0.6205039	0.61160237	10	0.6936389	0.07403753	0.29022712	Folding	0.4176129	0.044575106	0.17473441
V124T	V124T	124	124	0.50589466	0.31159368	0.44784537	0.4641083	0.5489469	0.48072594	0.41331744	0.40635353	0.49791193	0.48006096	10	0.45567584	0.06611981	0.25918967	Folding	0.27434465	0.039808158	0.15604798
V124W	V124W	124	124	0.47984123	0.6007406	0.67548865	0.59228414	0.65030307	0.67896426	0.56596166	0.55823934	0.5647449	0.6446019	10	0.601117	0.062436488	0.24475104	Folding	0.3619091	0.03759057	0.14735503
V124Y	V124Y	124	124	0.6050819	0.5018231	0.45656723	0.50941426	0.5197468	0.53557545	0.51361716	0.5383269	0.60189396	0.44010353	10	0.522215	0.05308838	0.20810644	Folding	0.31440526	0.03196244	0.12529276
V13A	V13A	13	13	0.3762879	0.36188164	0.48111215	0.4239256	0.2135367	0.39732134	0.2606015	0.3508525	0.27026784	0.363259	10	0.34990466	0.08088051	0.3170516	Folding	0.21066394	0.048694998	0.1908844
V13C	V13C	13	13	0.27823666	0.17538172	0.18498933	0.100295134	0.1945971	0.39578548	0.31439745	0.117182314	0.24001235	0.25785288	10	0.22587304	0.09034127	0.35413778	Folding	0.13598934	0.054390952	0.21321253
V13D	V13D	13	13	0.801171	0.8319231	1.1602116	0.9421822	0.74720037	0.7887878	0.83336216	0.8853963	0.73599195	0.77114993	10	0.84973764	0.12583001	0.49325365	Folding	0.5115939	0.07575734	0.2969688
V13E	V13E	13	13	1.098042	0.851568	0.64801955	0.76605815	0.6618155	0.68346053	0.99946225	0.90729827	0.9694291	0.8457566	10	0.843091	0.15345809	0.6015557	Folding	0.5075922	0.092391126	0.36217323
V13F	V13F	13	13	0.96645206	1.1713194	0.97625774	0.8640119	1.0165682	1.4632457	1.1749586	1.1986235	1.2575443	1.0165325	10	1.1105515	0.1760213	0.69000345	Folding	0.6686197	0.10597555	0.41542417
V13G	V13G	13	13	0.41505694	0.4081016	0.5500891	0.5602693	0.41198212	0.36932617	0.5304925	0.33503574	0.36279997	0.48503134	10	0.44281846	0.08240711	0.32303587	Folding	0.2666037	0.049614105	0.1944873
V13H	V13H	13	13	0.8475882	0.9982758	0.8125023	0.89855915	0.8499848	0.78031	1.0288924	0.9429859	0.7761732	0.9031933	10	0.8838466	0.08697716	0.3409505	Folding	0.5321295	0.052365556	0.20527299
V13I	V13I	13	13	0.15570077	0.19016427	0.07593804	0.24073793	0.22712386	0.031491987	0.18407016	0.046599064	0.152457	0.120487064	10	0.142477	0.072663665	0.28484157	Folding	0.085779846	0.043747958	0.171492
V13K	V13K	13	13	1.6054664	1.5007629	1.3639659	1.4450346	1.3378325	1.0744058	1.2749501	1.3669262	0.94587684	1.2136123	10	1.3128834	0.1964629	0.77013457	Folding	0.79043585	0.118282646	0.463668
V13L	V13L	13	13	0.69950956	0.5028531	0.626254	0.4996112	0.59426725	0.54414046	0.54657596	0.5558625	0.42249665	0.5719547	10	0.5563525	0.075502194	0.29596862	Folding	0.33495814	0.045456924	0.17819114
V13M	V13M	13	13	0.4182302	0.52980447	0.43774658	0.26304865	0.5555079	0.51628643	0.6439403	0.6547042	0.6524275	0.6315729	10	0.5303269	0.12777714	0.50088644	Folding	0.31928912	0.07692963	0.30156416
V13N	V13N	13	13	0.64710605	0.6887007	0.58184487	0.36259905	0.6050466	0.49489278	0.6990391	0.68748635	0.50361	0.50656635	10	0.57768923	0.10972408	0.4301184	Folding	0.34780413	0.06606059	0.2589575
V13P	V13P	13	13	0.7290346	0.98795277	0.73138785	0.49992177	0.89044833	0.51047057	0.95894736	0.7494094	0.7588485	1.092889	10	0.790931	0.1948229	0.7637058	Folding	0.4761887	0.11729527	0.45979747
V13Q	V13Q	13	13	0.47399896	0.39323696	0.57979745	0.38698518	0.3400569	0.11886865	0.3933403	0.31821066	0.58945256	0.43396923	10	0.40279168	0.13513294	0.52972114	Folding	0.24250515	0.08135827	0.31892443
V13R	V13R	13	13	1.1787285	1.411457	1.8836124	1.4962862	1.3654871	1.5006403	1.6837405	1.5436087	1.6190021	1.1204969	10	1.4803059	0.227618	0.8922626	Folding	0.8912344	0.13703991	0.53719646
V13S	V13S	13	13	0.18088864	0.1734521	0.17586286	0.16194794	0.1935503	0.18025155	0.17608503	0.15783884	0.15289615	0.17063555	10	0.1723409	0.012076003	0.04733793	Folding	0.10375973	0.00727049	0.02850032
V13T	V13T	13	13	0.44744226	0.36456865	0.32638857	0.39218593	0.48219946	0.2998681	0.4510702	0.47827116	0.4847878	0.50758517	10	0.42343673	0.07285776	0.28560242	Folding	0.25493473	0.043864813	0.17195007
V13W	V13W	13	13	2.090427	1.8964336	1.9897364	2.0322173	2.2671754	2.0912101	2.2578325	1.7161607	2.007551	2.4183378	10	2.0767083	0.20083515	0.7872738	Folding	1.250305	0.12091501	0.47398686
V13Y	V13Y	13	13	1.5489718	1.638738	1.5465391	1.4059327	1.8037535	1.6401602	1.5889586	1.2392945	1.4393566	1.1434405	10	1.4995145	0.19755816	0.774428	Folding	0.9027991	0.11894206	0.4662529
V151A	V151A	151	151	0.48762968	0.60921925	0.6181762	0.67485327	0.78973514	0.62011343	0.60134	0.6508321	0.53087455	0.5830886	10	0.6165862	0.08161457	0.31992912	Folding	0.3712225	0.049136948	0.19261684
V151C	V151C	151	151	0.37838447	0.46911743	0.545994	0.6011488	0.38638198	0.52397984	0.5020063	0.46722844	0.47091883	0.4548011	10	0.47999611	0.0679377	0.2663158	Folding	0.28898692	0.04090264	0.16033836
V151D	V151D	151	151	1.4849403	1.3366839	0.9232799	0.95141923	1.0334133	1.6183553	1.1779557	1.1044033	1.2224196	1.2817495	10	1.2134621	0.2250951	0.8823728	Folding	0.7305782	0.13552096	0.5312422
V151E	V151E	151	151	1.9111493	1.3798016	1.2655609	1.3283557	1.7947849	1.7692314	1.6165863	1.3781768	1.864368	1.7449104	10	1.6052927	0.24440672	0.95807433	Folding	0.96648407	0.14714774	0.5768192
V151F	V151F	151	151	1.2295457	1.2554983	0.6798773	1.1139034	1.1742994	1.380527	1.1812274	1.0805272	0.9318554	1.0078329	10	1.1035093	0.19592951	0.7680437	Folding	0.6643799	0.11796151	0.46240914
V151G	V151G	151	151	1.0206093	1.0586568	1.0787925	1.2343034	1.1500821	1.0474966	0.9543535	1.2303109	1.2754364	1.2148564	10	1.1264898	0.10899073	0.42724368	Folding	0.6782155	0.06561907	0.25722674
V151H	V151H	151	151	1.2081602	1.1998622	1.1076642	1.9040276	1.5952822	1.143918	1.2549931	1.6689312	1.4234748	1.4564317	10	1.3962744	0.26183596	1.026397	Folding	0.84064233	0.15764122	0.6179536
V151I	V151I	151	151	0.030888237	-0.1467166	-0.00073828676	0.13850148	0.008617146	0.03546173	0.10873769	0.12587318	0.19260949	0.0643916	10	0.055762567	0.09475866	0.37145394	Folding	0.033572465	0.057050493	0.22363794
V151K	V151K	151	151	1.4238467	1.7181814	1.8452204	1.562547	1.804464	1.6962847	1.9011779	1.8069825	1.7041582	1.6738434	10	1.7136704	0.1407324	0.55167097	Folding	1.0317341	0.08472948	0.33213955
V151L	V151L	151	151	0.19494045	0.4946359	0.28321654	0.10607497	0.03723475	0.24966405	0.11047192	0.39860544	0.026490545	0.15207297	10	0.20534077	0.1531588	0.6003825	Folding	0.12362766	0.09221093	0.36146685
V151M	V151M	151	151	0.4324729	0.7066349	0.4547609	0.43100384	0.73525363	0.448866	0.6630301	0.4952568	0.4912606	0.6442781	10	0.55028176	0.122127056	0.47873807	Folding	0.33130318	0.07352793	0.2882295
V151N	V151N	151	151	1.180971	1.4661415	1.2158265	1.255045	1.2906755	1.035887	0.9564541	1.3819734	1.2523075	1.2658381	10	1.2301121	0.14909405	0.5844487	Folding	0.7406025	0.08976371	0.35187376
V151P	V151P	151	151	1.5646001	1.5290546	1.3769476	1.6983478	1.2896446	1.4474308	1.5886338	1.7221721	1.5520651	1.646636	10	1.5415533	0.13771006	0.5398235	Folding	0.92810905	0.08290985	0.32500663
V151Q	V151Q	151	151	1.6152695	1.3595316	1.3567654	1.5084925	1.6535279	1.786194	1.6959668	1.9597838	1.8070136	1.6590272	10	1.6401571	0.1920634	0.75288856	Folding	0.98747456	0.11563388	0.45328483
V151R	V151R	151	151	2.17699	1.939564	1.7662342	1.7720157	1.7573456	2.0169203	1.9374436	1.9803449	1.9670167	1.8877912	10	1.9201666	0.13123915	0.51445746	Folding	1.1560574	0.079013966	0.30973476
V151S	V151S	151	151	1.3605661	1.2324288	1.0379965	1.1147423	1.0802317	1.2454288	1.1094575	1.1990677	0.99507457	1.1268265	10	1.150182	0.109282844	0.42838874	Folding	0.6924797	0.06579494	0.25791615
V151T	V151T	151	151	0.6258627	0.59810907	0.63653755	0.7333048	0.8789878	0.8121282	0.88132364	0.6250881	0.6751013	0.6863651	10	0.7152809	0.10676299	0.41851094	Folding	0.43064272	0.06427783	0.2519691
V151W	V151W	151	151	1.5068434	1.3770378	1.3685817	1.0234832	1.0049529	0.746099	1.0578914	1.1637131	1.5012978	1.3286793	10	1.207858	0.24885865	0.9755259	Folding	0.72720414	0.14982808	0.58732605
V151Y	V151Y	151	151	0.9441683	0.959077	0.80390394	1.0833027	1.0735698	1.1659598	0.9224189	0.9411818	1.1923808	1.2041322	10	1.0290096	0.13452932	0.52735496	Folding	0.6195265	0.08099485	0.31749982
V159A	V159A	159	159	0.7276219	0.7337237	0.62855786	0.7112044	0.88473976	0.86573845	0.78290504	0.7283984	0.8770823	0.78816104	10	0.7728133	0.08334684	0.32671964	Folding	0.46528074	0.05017988	0.19670513
V159C	V159C	159	159	1.1239569	1.0466158	1.0752043	0.9646999	1.1497805	0.90840906	1.1165756	0.9625934	1.1582304	0.9864208	10	1.0492487	0.08895648	0.3487094	Folding	0.63171166	0.05355723	0.20994434
V159D	V159D	159	159	1.7379336	1.640202	1.6506869	1.5789486	1.8753157	1.6860574	1.5578696	1.9925157	2.1423848	1.8342185	10	1.7696133	0.18975283	0.7438311	Folding	1.0654151	0.11424278	0.4478317
V159E	V159E	159	159	2.1207845	1.8921211	1.6471479	2.0558298	1.6563363	1.8156776	1.7238196	2.0146983	1.7673403	1.7542237	10	1.8447977	0.16868086	0.661229	Folding	1.1106807	0.10155617	0.39810017
V159F	V159F	159	159	1.1729302	0.9773843	1.1091008	1.0932609	0.96550983	0.9642899	0.98162043	0.80952513	1.4064245	1.1660974	10	1.0646144	0.16367966	0.6416243	Folding	0.6409628	0.098545134	0.38629693
V159G	V159G	159	159	1.6947212	1.5202239	1.5797026	1.773491	1.8745139	2.0432203	1.7050302	1.9992943	1.5669352	1.406917	10	1.7164052	0.20843065	0.81704813	Folding	1.0333805	0.12548795	0.49191278
V159H	V159H	159	159	1.7139791	1.3500783	1.438287	1.5934085	1.6467748	1.6007285	1.6811043	1.5686513	1.6754203	1.505592	10	1.5774025	0.11589759	0.45431855	Folding	0.9496925	0.069777414	0.27352747
V159I	V159I	159	159	0.31021068	0.25527635	0.27851412	0.36940947	0.29047886	0.31718546	0.23014852	0.18740465	0.37893248	0.04457349	10	0.26621342	0.097402036	0.381816	Folding	0.16027671	0.058641966	0.22987652
V159K	V159K	159	159	1.5291979	1.4547313	1.454611	1.5942681	1.3359616	1.519386	1.4488803	1.5389044	1.5191488	1.4513774	10	1.4846466	0.07120643	0.2791292	Folding	0.89384776	0.04287061	0.16805279
V159L	V159L	159	159	1.0025218	0.93373203	0.83830494	0.94901454	0.84161794	0.84998775	0.91075337	0.8457266	0.8495801	0.83183044	10	0.88530695	0.05949658	0.2332266	Folding	0.53300875	0.03582057	0.14041664
V159M	V159M	159	159	0.9300803	0.9531225	0.7411008	1.025825	0.8088271	0.8580832	1.0330771	0.84670395	0.9012968	0.9391172	10	0.9037234	0.092388324	0.36216223	Folding	0.5440966	0.055623405	0.21804374
V159N	V159N	159	159	1.7808889	1.6484841	1.6065297	1.7821308	2.048734	1.6209487	1.7465414	1.5896531	1.6019088	1.367458	10	1.6793277	0.17726901	0.69489455	Folding	1.0110577	0.10672675	0.41836888
V159P	V159P	159	159	2.770674	3.196633	2.4359267	2.4918482	3.4409916	3.6317647	3.7044418	3.494419	3.0050957	3.3001647	10	3.147196	0.45648402	1.7894174	Folding	1.8948039	0.2748312	1.0773383
V159Q	V159Q	159	159	1.7122451	1.3372278	1.6960735	1.585875	1.4619895	1.3835127	1.6369885	1.5840609	1.4783317	1.4093446	10	1.5285649	0.1328059	0.5205991	Folding	0.9202893	0.07995725	0.31343243
V159R	V159R	159	159	2.1989808	1.9882733	2.1366165	2.187195	2.2833536	2.332712	2.1986637	2.2804763	2.2267132	2.0257695	10	2.1858754	0.11011308	0.43164328	Folding	1.3160303	0.06629479	0.25987557
V159S	V159S	159	159	1.7594808	1.6040705	1.7143139	1.656581	1.8893293	1.5680686	1.7658094	1.6263621	1.7507073	1.452305	10	1.6787027	0.12347909	0.48403805	Folding	1.0106814	0.07434194	0.2914204
V159T	V159T	159	159	0.9809143	0.94879	0.9469671	1.2082188	1.1029718	1.0222169	1.2045445	0.9178731	1.1892781	1.0963767	10	1.061815	0.11340093	0.44453165	Folding	0.6392774	0.068274274	0.26763517
V159W	V159W	159	159	1.1804969	1.002578	1.0819863	1.1796452	0.96315426	1.3193116	1.2329975	1.2668983	1.3279195	1.2760305	10	1.1831018	0.12861712	0.5041791	Folding	0.7122994	0.07743535	0.30354658
V159Y	V159Y	159	159	1.2284191	1.1234841	1.0277696	1.0039335	1.1818125	0.9790645	1.1970973	0.991521	1.1178337	1.181561	10	1.1032498	0.09479091	0.3715804	Folding	0.6642237	0.05706991	0.22371405
V185A	V185A	185	185	-0.926347	-0.65217525	-0.5618189	-0.7937927	-0.59264517	-0.74801546	-0.5764787	-0.8958183	-0.67523354	-0.9612755	10	-0.73836005	0.15018784	0.5887363	Folding	-0.44453776	0.090422235	0.35445517
V185C	V185C	185	185	0.2015313	0.16432494	0.06981555	0.13841589	0.14780974	0.028777044	0.068895884	0.20772533	0.22101718	0.038129244	10	0.12864421	0.07228963	0.28337535	Folding	0.07745166	0.043522764	0.17060924
V185D	V185D	185	185	-1.3036833	-1.298402	-1.4979712	-1.472679	-1.4648948	-1.5655618	-1.4102712	-1.5810759	-1.5660496	-1.1532277	10	-1.4313815	0.14048196	0.5506893	Folding	-0.8617789	0.08457871	0.33154854
V185E	V185E	185	185	-1.63918	-1.5222567	-1.3629918	-1.537488	-1.3537049	-1.4040687	-1.5732965	-1.7919887	-1.4459844	-1.6811532	10	-1.5312111	0.14424925	0.56545705	Folding	-0.92188245	0.08684684	0.34043965
V185F	V185F	185	185	0.58660215	0.52960116	0.3389533	0.79708004	0.6544594	0.6256889	0.40826428	0.4401105	0.47615525	0.7111445	10	0.55680597	0.14418653	0.5652112	Folding	0.33523116	0.086809084	0.34029162
V185G	V185G	185	185	-0.5160565	-0.52277917	-0.45955768	-0.4092264	-0.4242598	-0.53253317	-0.57784784	-0.5406953	-0.59228903	-0.6421311	10	-0.5217376	0.07390443	0.28970537	Folding	-0.31411782	0.044494975	0.17442031
V185H	V185H	185	185	-0.6024522	-0.75505733	-0.6691484	-0.6056564	-0.51097035	-0.6557815	-0.7274502	-0.6931078	-0.6832315	-0.3096635	10	-0.6212519	0.1297515	0.5086259	Folding	-0.3740315	0.07811832	0.3062238
V185I	V185I	185	185	0.74294406	0.8403782	0.76650506	0.61827165	0.66596425	0.6957949	0.88042015	0.7474498	0.88016665	1.0542678	10	0.7892163	0.12780279	0.50098693	Folding	0.4751563	0.076945074	0.3016247
V185K	V185K	185	185	0.40565455	0.6745159	0.58047676	0.6511637	0.9942928	0.49584058	0.7429782	0.66601753	1.0268805	0.6922234	10	0.6930044	0.19484258	0.7637829	Folding	0.41723093	0.11730711	0.45984387
V185L	V185L	185	185	0.09024678	0.24277726	0.19640271	0.21912535	0.13828084	0.22850688	0.11663504	0.026598316	0.11297072	0.08223261	10	0.14537767	0.072649375	0.28478557	Folding	0.08752622	0.043739352	0.17145826
V185M	V185M	185	185	0.4201256	0.22452326	0.29293254	0.49622908	0.50482357	0.3579417	0.35073814	0.22918876	0.70601034	0.38406435	10	0.39665774	0.1453216	0.56966066	Folding	0.23881215	0.08749246	0.34297043
V185N	V185N	185	185	-1.1905247	-1.1783642	-0.9672822	-1.3200676	-1.1431186	-1.1531948	-0.9919095	-1.1584301	-0.9782425	-1.1407393	10	-1.1221874	0.111419015	0.43676254	Folding	-0.6756252	0.06708104	0.2629577
V185P	V185P	185	185	-0.93231	-1.2297826	-1.2193453	-1.264332	-0.95009756	-1.1701937	-0.9342095	-0.88486814	-1.1239724	-1.145131	10	-1.0854242	0.14447792	0.56635344	Folding	-0.65349156	0.086984515	0.3409793
V185Q	V185Q	185	185	-0.55653113	-0.34623396	-0.4160597	-0.43057922	-0.42869887	-0.45091015	-0.22133633	-0.4695816	-0.12212068	-0.32409593	10	-0.37661475	0.1274856	0.49974358	Folding	-0.22674504	0.07675411	0.3008761
V185R	V185R	185	185	1.111243	0.9899288	0.9989225	0.87672347	0.9019015	0.81523836	0.8554494	1.0699981	1.0211662	0.76407623	10	0.9404648	0.11445188	0.44865137	Folding	0.5662171	0.06890701	0.27011546
V185S	V185S	185	185	-0.6037271	-0.62946635	-0.6812178	-0.6828428	-0.7852924	-0.8820697	-0.8007749	-0.7273495	-0.7634557	-0.7034401	10	-0.7259637	0.08400774	0.32931036	Folding	-0.43707442	0.050577782	0.19826491
V185T	V185T	185	185	-0.9292849	-0.87904596	-0.7554577	-0.96839345	-0.8274983	-0.7578046	-0.8950597	-0.89676756	-0.7679122	-0.80508727	10	-0.84823114	0.07603595	0.29806092	Folding	-0.5106869	0.045778275	0.17945084
V185W	V185W	185	185	0.8509055	0.8061927	0.9778752	0.5773344	0.6255192	0.55364573	0.76757807	0.6187399	0.84608006	0.5888387	10	0.7212709	0.14667404	0.57496226	Folding	0.43424907	0.08830671	0.34616232
V185Y	V185Y	185	185	0.4135925	0.30059728	0.40040246	0.68825245	0.46671978	0.4605467	0.5543369	0.5239623	0.6048538	0.36842763	10	0.4781692	0.116579466	0.45699152	Folding	0.287887	0.07018795	0.27513677
V28A	V28A	28	28	0.17808391	0.0963068	0.09027961	0.058602102	-0.03374149	0.06382678	0.15777063	0.00021010611	0.024621824	0.12623501	10	0.07621953	0.0675975	0.26498222	Folding	0.045888804	0.040697817	0.15953544
V28C	V28C	28	28	0.20787452	0.26869085	0.14889923	0.16572666	0.12759879	0.10406097	0.13768679	0.18724772	0.038321875	0.10211975	10	0.14882271	0.06375944	0.249937	Folding	0.08960035	0.03838707	0.15047732
V28D	V28D	28	28	0.41829017	0.2911031	0.21715158	0.18436033	0.16480558	0.21424966	0.35547438	0.18582456	0.34703204	0.22889599	10	0.26071873	0.08685225	0.34046084	Folding	0.15696858	0.05229035	0.20497818
V28E	V28E	28	28	0.0063528754	0.0053582825	0.023384154	0.052540395	0.06662469	0.12862903	0.078328796	0.107442774	0.21746261	0.11060824	10	0.079673186	0.06505213	0.25500435	Folding	0.047968116	0.039165348	0.15352817
V28F	V28F	28	28	0.22394435	0.09808455	0.19161695	0.30073753	0.24343865	0.38567823	0.24016596	0.29582796	0.16965525	0.29601818	10	0.24451676	0.08073339	0.31647488	Folding	0.147214	0.04860642	0.19053718
V28G	V28G	28	28	-0.11218898	-0.12811689	-0.06321858	-0.09700249	-0.11356172	-0.105991125	-0.06716092	-0.09187599	-0.10950997	-0.16283248	10	-0.10514591	0.028749423	0.11269774	Folding	-0.063304245	0.017308906	0.06785091
V28H	V28H	28	28	0.39486486	0.35685351	0.2054993	0.2777179	0.094307385	0.2810404	0.30382955	0.30588415	0.42909166	0.454286	10	0.31033748	0.107381426	0.42093518	Folding	0.18684208	0.06465016	0.25342864
V28I	V28I	28	28	0.2632602	0.068919666	0.1468348	0.13679704	0.21466579	0.3915001	0.26421443	0.36376747	0.12253475	0.25415736	10	0.22266516	0.105215386	0.41244432	Folding	0.134058	0.06334608	0.24831665
V28K	V28K	28	28	0.21612266	0.23181722	0.18753311	0.12681006	0.19785649	0.21332702	0.29015744	0.2915078	0.13418645	0.19377251	10	0.20830908	0.054922685	0.21529692	Folding	0.12541477	0.033066805	0.12962188
V28L	V28L	28	28	0.24892159	0.21607085	0.30464986	0.342001	0.28424838	0.36176413	0.33364218	0.20873664	0.22798707	0.14525178	10	0.26732737	0.06945853	0.27227744	Folding	0.16094738	0.04181827	0.16392761
V28M	V28M	28	28	0.128098	0.23489645	0.076814555	0.19234596	0.21861638	0.08568054	0.2804089	0.13498747	0.21730204	0.18085946	10	0.17500098	0.06678726	0.26180604	Folding	0.10536126	0.04021	0.1576232
V28N	V28N	28	28	0.059659876	0.18152	0.020312702	0.066440105	0.15959466	0.35011086	0.16401541	0.18849061	0.15274407	0.23123069	10	0.1574119	0.094766885	0.3714862	Folding	0.094771564	0.057055444	0.22365734
V28P	V28P	28	28	0.39235312	0.27389598	0.3179306	0.33043233	0.32605773	0.18794289	0.3283415	0.39772832	0.36783934	0.2840293	10	0.32065514	0.062038448	0.24319072	Folding	0.19305395	0.037350927	0.14641564
V28Q	V28Q	28	28	0.21489623	0.19176607	0.17829823	0.20310062	0.27402616	0.1621109	0.20594108	0.24587189	0.17517547	0.2556981	10	0.21068847	0.037120465	0.14551222	Folding	0.12684731	0.022348784	0.087607235
V28R	V28R	28	28	0.22783181	0.15765041	0.21364702	0.12301306	0.14601457	0.13949086	0.16629373	0.13466418	0.14929844	0.10717001	10	0.1565074	0.03790924	0.14860423	Folding	0.094227	0.022823673	0.0894688
V28S	V28S	28	28	0.18108027	0.13257362	0.10279732	0.1865076	0.09744748	0.2063484	0.18910941	0.16989513	0.11939536	0.13472916	10	0.15198837	0.039190613	0.1536272	Folding	0.091506265	0.02359514	0.092492945
V28T	V28T	28	28	0.17753376	0.27622938	0.29673308	0.13917348	0.31384867	0.17930137	0.30249014	0.2553674	0.30885744	0.33996662	10	0.2589501	0.069139116	0.27102533	Folding	0.15590376	0.04162596	0.16317378
V28W	V28W	28	28	0.4263408	0.21783227	0.34385735	0.35630488	0.39378574	0.30568257	0.40887895	0.43456492	0.5008212	0.43119323	10	0.3819262	0.07959581	0.3120156	Folding	0.22994286	0.04792153	0.1878524
V28Y	V28Y	28	28	0.42042515	0.45396215	0.40342724	0.4606333	0.30971593	0.40028486	0.56797737	0.41586587	0.3563969	0.43977824	10	0.4228467	0.06823202	0.26746953	Folding	0.25457948	0.041079838	0.16103297
V43A	V43A	43	43	0.1711887	0.25576144	0.21008116	0.1668674	0.21672103	0.27420616	0.426901	0.2967053	0.27207965	0.28486207	10	0.2575374	0.075316	0.2952387	Folding	0.15505321	0.045344822	0.1777517
V43C	V43C	43	43	0.25402832	0.3272233	0.20865023	0.3300866	0.43709934	0.4023147	0.3773478	0.39296657	0.31014624	0.3973928	10	0.3437256	0.07185132	0.2816572	Folding	0.20694377	0.043258876	0.1695748
V43D	V43D	43	43	0.21741217	0.3257891	0.45921674	0.3425894	0.42608628	-0.07633243	0.42632863	0.11861592	0.07538445	0.34313408	10	0.26582244	0.17690682	0.69347477	Folding	0.16004132	0.106508695	0.4175141
V43E	V43E	43	43	0.26624328	0.30561593	0.27725312	0.12659997	0.09149074	0.09031486	0.2651168	0.28053465	0.14871067	0.29286075	10	0.21447408	0.08856156	0.34716132	Folding	0.12912647	0.053319458	0.20901228
V43F	V43F	43	43	0.4194712	0.20666204	0.18457933	0.475044	0.42343968	0.31341943	0.4022523	0.40130666	0.2992061	0.40291023	10	0.35282907	0.09761927	0.38266757	Folding	0.2124246	0.058772754	0.2303892
V43G	V43G	43	43	0.44949612	0.43786055	0.3586174	0.2606438	0.52350867	0.30888122	0.5938883	0.40056297	0.43149725	0.43668607	10	0.42016426	0.09686069	0.37969393	Folding	0.2529645	0.05831604	0.22859888
V43H	V43H	43	43	0.679736	0.25190467	0.20265168	0.463422	0.10540659	0.54281086	0.21174632	0.11632043	0.52510124	0.041640393	10	0.31407398	0.22022365	0.8632767	Folding	0.18909168	0.13258806	0.5197452
V43I	V43I	43	43	0.52229345	0.557913	0.6353718	0.54198295	0.87325186	0.5652591	0.49869564	0.57795966	0.49815375	0.38415208	10	0.5655033	0.12654002	0.4960369	Folding	0.34046745	0.07618481	0.29864445
V43K	V43K	43	43	0.42008337	0.3584657	0.4033813	0.17321013	0.66296417	0.62191606	0.6890376	0.78457934	0.25160432	0.7144021	10	0.50796443	0.21284351	0.8343466	Folding	0.30582556	0.12814477	0.5023275
V43L	V43L	43	43	0.42256173	0.33454856	0.4362777	0.39608073	0.5399934	0.42764792	0.64222735	0.33439505	0.48833084	0.30308983	10	0.4325153	0.10332606	0.40503815	Folding	0.2604006	0.06220859	0.24385767
V43M	V43M	43	43	0.5341494	0.8100084	0.52732253	0.76239955	0.31226662	0.4833856	0.49710217	0.38489917	0.4494159	0.37412623	10	0.51350754	0.1606329	0.62968093	Folding	0.30916286	0.09671079	0.3791063
V43N	V43N	43	43	0.80190194	0.7538694	0.68970543	0.45704797	0.81173265	0.6856667	1.0074166	1.0748658	0.65293574	0.87636954	10	0.7811512	0.178762	0.7007471	Folding	0.47030064	0.107625626	0.42189246
V43P	V43P	43	43	0.42788222	0.6489808	0.18747978	0.26646224	0.18015698	0.16824858	0.22650564	0.40955508	0.20438895	0.26827094	10	0.2987931	0.15318297	0.6004772	Folding	0.17989168	0.092225485	0.3615239
V43Q	V43Q	43	43	0.41262016	0.39493874	0.48900822	0.60422873	0.56291115	0.55046695	0.1610442	-0.37121958	-0.23268749	-0.201294	10	0.2370017	0.3722365	1.4591671	Folding	0.14268948	0.22410907	0.87850755
V43R	V43R	43	43	0.73920256	0.64825606	0.6744185	0.42459264	0.54595107	0.5879101	0.59150696	0.39931768	0.54227215	0.48432037	10	0.56377476	0.10802082	0.42344162	Folding	0.3394268	0.06503512	0.25493768
V43S	V43S	43	43	0.5344117	0.26559445	0.5791967	0.33642578	0.4528803	0.30132765	0.264963	0.48941597	0.15851536	0.2483622	10	0.36310932	0.14092822	0.5524387	Folding	0.21861395	0.08484738	0.33260176
V43T	V43T	43	43	0.73187786	0.402575	0.28253832	0.515319	0.50061864	0.62755364	0.6012381	0.5655329	0.74042076	0.85924	10	0.58269143	0.16999152	0.66636676	Folding	0.35081577	0.102345265	0.40119344
V43W	V43W	43	43	1.3612225	1.1062733	0.8881831	1.1365856	1.0265988	1.1060004	1.2310532	1.1634239	0.99803776	0.9777099	10	1.0995089	0.13599488	0.53309995	Folding	0.6619714	0.08187721	0.32095867
V43Y	V43Y	43	43	0.99532884	0.71899813	0.72389954	0.76855546	0.8785973	0.6688019	0.555205	0.8694102	0.6023087	0.58331555	10	0.73644197	0.1434749	0.5624216	Folding	0.44338298	0.086380646	0.33861214
V44A	V44A	44	44	0.43755314	0.39764148	0.37306505	0.61553335	0.5248419	0.61103374	0.48428398	0.22264214	0.3497237	0.52179337	10	0.45381117	0.12278307	0.48130965	Folding	0.273222	0.073922895	0.28977776
V44C	V44C	44	44	0.19485028	0.20525472	0.27062246	0.1621802	0.2307649	0.092724554	0.23514676	0.19911753	0.21158253	0.23690994	10	0.20391539	0.04888282	0.19162066	Folding	0.1227695	0.029430438	0.115367316
V44D	V44D	44	44	0.39096016	0.2694316	0.22347759	0.23006307	0.3224745	0.30327854	0.20308739	0.3323671	0.3819463	0.33040428	10	0.29874906	0.06543405	0.2565015	Folding	0.17986515	0.03939529	0.15442954
V44E	V44E	44	44	0.58749455	0.3241811	0.1140381	0.099480756	0.25758862	0.24388911	0.47196215	0.4214314	0.4095453	0.3226965	10	0.32523078	0.15399884	0.6036754	Folding	0.19580875	0.09271669	0.36344942
V44F	V44F	44	44	0.41551325	0.1299343	0.49423215	0.6266713	0.31565562	0.32216287	0.8010938	0.4613014	0.31264424	0.51929706	10	0.43985057	0.18774231	0.7359499	Folding	0.26481685	0.11303232	0.44308668
V44G	V44G	44	44	0.2961211	0.33471525	0.23762304	0.6004954	0.48585987	0.5287282	0.33104467	0.37592793	0.2925776	0.44800347	10	0.39310965	0.11750362	0.4606142	Folding	0.23667598	0.07074434	0.27731782
V44H	V44H	44	44	0.5508898	0.045005675	0.29893097	0.49441865	0.09601543	0.29747182	0.47193897	0.43416804	0.07057848	0.30494693	10	0.30643648	0.18474972	0.7242189	Folding	0.18449345	0.1112306	0.43602395
V44I	V44I	44	44	0.15958786	0.21471938	0.10572445	0.0071538594	0.25260583	0.19853768	0.17496753	0.14866304	0.057979874	0.17302911	10	0.14929685	0.07389782	0.28967947	Folding	0.08988581	0.044490997	0.17440471
V44K	V44K	44	44	0.2810474	0.2795368	0.48340166	0.06949867	0.24523209	0.23177028	0.33120432	0.2069453	0.18999436	0.17469849	10	0.24933293	0.10901726	0.42734766	Folding	0.15011363	0.06563504	0.25728935
V44L	V44L	44	44	0.5404999	0.27058402	0.28608423	0.6681752	0.31165543	0.40090775	0.5139191	0.40435103	0.33334377	0.26970157	10	0.3999222	0.13482755	0.52852404	Folding	0.24077754	0.08117441	0.3182037
V44M	V44M	44	44	0.47082856	0.48849174	0.20657355	0.41074407	0.3783681	0.6148324	0.16952078	0.27313176	0.2973045	0.29989776	10	0.36096936	0.13806066	0.5411978	Folding	0.21732557	0.083120935	0.32583407
V44N	V44N	44	44	0.42259878	0.31786528	0.75188595	0.4412435	0.5525916	0.5984265	0.4843839	1.0292038	0.72992545	0.49429926	10	0.5822424	0.20657985	0.809793	Folding	0.35054544	0.12437367	0.48754478
V44P	V44P	44	44	0.40617555	0.34688842	0.3130557	0.5411577	0.6022658	0.56000227	0.3082052	0.4815479	0.3856205	0.5619537	10	0.45068726	0.11189087	0.43861222	Folding	0.2713412	0.067365125	0.2640713
V44Q	V44Q	44	44	0.53260225	0.511644	0.3497613	0.26813346	1.0352951	0.14360702	0.5532531	0.96499896	0.90623534	0.92146707	10	0.6186997	0.31831402	1.2477909	Folding	0.37249497	0.19164445	0.7512462
V44R	V44R	44	44	0.45421273	0.3443532	0.4641995	0.4109684	0.30848497	0.3541051	0.41263112	0.45708394	0.37277183	0.4673214	10	0.4046132	0.056996744	0.22342724	Folding	0.24360181	0.034315515	0.13451682
V44S	V44S	44	44	0.48169616	0.28807092	0.20949492	0.19763532	0.36837998	0.21493754	0.43136656	0.45532653	0.3250822	0.05471206	10	0.3026702	0.13574667	0.53212696	Folding	0.18222593	0.08172777	0.32037288
V44T	V44T	44	44	0.024964092	0.085979365	0.24327274	-0.0144414995	0.08177956	0.11899931	0.38763744	0.25122422	0.13584346	-0.1108596	10	0.12043991	0.14426693	0.56552637	Folding	0.07251217	0.08685749	0.34048137
V44W	V44W	44	44	0.9974808	0.896664	0.705446	0.70443696	0.86716646	0.5037113	0.90098727	0.6931608	0.85942346	0.83932525	10	0.7967802	0.14348856	0.56247514	Folding	0.47971028	0.086388856	0.33864433
V44Y	V44Y	44	44	0.3669675	0.43700886	0.37525636	0.565103	0.35181087	0.4261015	0.40588337	0.21069553	0.42272112	0.083633035	10	0.3645181	0.13217033	0.5181077	Folding	0.21946213	0.0795746	0.31193244
V6A	V6A	6	6	0.5275444	0.43383905	0.20664889	0.44293165	0.38049334	0.4097161	0.4395381	0.43273738	0.3852013	0.6085501	10	0.42672005	0.10345309	0.40553612	Folding	0.2569115	0.06228507	0.24415748
V6C	V6C	6	6	0.38722137	0.12237162	0.49335223	0.10185805	0.45622796	0.07978352	0.05860032	0.042879585	0.56799054	0.22458717	10	0.25348723	0.20247456	0.7937003	Folding	0.15261477	0.12190203	0.47785598
V6D	V6D	6	6	2.663069	2.450397	2.5615804	2.4177172	2.7574997	2.8396924	2.8206987	2.1602178	2.4969318	2.0021374	10	2.516994	0.2758018	1.0811431	Folding	1.5153838	0.16604951	0.6509141
V6E	V6E	6	6	0.6496369	0.89114463	0.66168565	0.6572689	0.60499537	0.48957103	0.6336709	1.0331448	0.65429896	0.5310426	10	0.68064594	0.16259947	0.63738996	Folding	0.40979037	0.097894795	0.3837476
V6F	V6F	6	6	0.6070147	0.7103947	0.21508591	0.24679323	0.7654404	0.4856197	0.7166929	0.7442688	0.60434407	0.51848346	10	0.5614138	0.19771163	0.7750296	Folding	0.33800536	0.119034454	0.46661508
V6G	V6G	6	6	0.9544528	0.9400837	0.8152189	0.962009	0.9549525	1.0300237	0.99932075	1.1200261	1.0739754	0.8470475	10	0.969711	0.09326302	0.36559105	Folding	0.5838252	0.056150027	0.2201081
V6H	V6H	6	6	0.40336457	0.9500284	1.0657467	0.5481869	0.7512292	0.50591314	0.39171112	0.6535627	0.059608597	0.5062839	10	0.5835635	0.2899942	1.1367773	Folding	0.3513408	0.1745942	0.68440926
V6I	V6I	6	6	0.7417252	0.85839385	0.79821396	0.6012541	0.22297241	0.77077466	0.09478293	0.48587003	0.9661495	0.86137944	10	0.6401516	0.28905797	1.1331073	Folding	0.3854103	0.17403053	0.68219966
V6K	V6K	6	6	0.7591661	0.39572325	0.9919861	0.58721846	1.1600579	1.1020892	1.0706241	1.0737114	1.133431	0.973525	10	0.9247533	0.25861815	1.0137831	Folding	0.55675787	0.15570389	0.61035925
V6L	V6L	6	6	1.1981492	1.0095055	1.0573893	0.95342255	1.0637003	1.1116543	0.92127776	0.9041541	0.9727577	1.0441382	10	1.0236148	0.09057727	0.3550629	Folding	0.6162785	0.05453304	0.21376951
V6M	V6M	6	6	0.37958857	0.35008544	0.29549262	0.5950006	0.38948962	0.54950154	0.42729095	0.5953402	0.3630139	0.36614242	10	0.4310946	0.10855847	0.4255492	Folding	0.25954524	0.06535882	0.25620657
V6N	V6N	6	6	0.5933278	0.59480745	0.4661139	0.4576375	0.79843146	0.605794	0.45093295	1.0088239	0.74664843	0.6788038	10	0.6401321	0.17595471	0.6897425	Folding	0.38539857	0.10593547	0.41526705
V6P	V6P	6	6	2.8176908	2.394722	2.6514752	2.2612584	2.374893	2.4766748	2.5436165	2.813355	2.4436855	2.5621283	10	2.5339499	0.18371114	0.72014767	Folding	1.5255923	0.11060531	0.4335728
V6Q	V6Q	6	6	0.8827214	0.853481	0.65533227	0.4912449	0.5297879	0.81293875	0.80221236	0.5967665	0.8523605	0.57762015	10	0.7054466	0.15027499	0.589078	Folding	0.42472187	0.09047471	0.35466087
V6R	V6R	6	6	0.04093965	0.032420103	0.12592775	0.2010671	0.059412446	0.033937156	-0.023150109	-0.07581559	0.033279344	0.15134364	10	0.05793615	0.081938215	0.3211978	Folding	0.034881096	0.049331803	0.19338067
V6S	V6S	6	6	1.1059706	1.048929	0.579215	0.8985186	0.7951484	1.1547743	0.7184981	0.9069294	0.6237755	1.0936184	10	0.8925377	0.20806915	0.8156311	Folding	0.5373621	0.1252703	0.4910596
V6T	V6T	6	6	-0.22895978	-0.030690707	-0.15337966	0.1658661	0.22255172	-0.13847356	-0.038719423	0.18328401	-0.024499955	-0.09269012	10	-0.013571134	0.15475707	0.60664773	Folding	-0.00817065	0.09317319	0.3652389
V6W	V6W	6	6	0.22814168	-0.012784524	0.32824224	0.2076671	0.23513097	0.24280997	0.24798076	0.59226054	0.5063022	0.11043369	10	0.26861843	0.17529963	0.68717456	Folding	0.16172467	0.105541065	0.413721
V6Y	V6Y	6	6	0.66002524	0.80317026	0.7847637	0.8849984	0.4729488	0.7864469	0.7904174	0.4875082	0.90101784	0.8962623	10	0.74675584	0.15743452	0.61714333	Folding	0.44959256	0.09478518	0.37155792
V7A	V7A	7	7	1.3353448	1.5988744	1.2001415	1.3559989	1.6173444	1.400698	1.6706157	1.4285927	1.0744375	1.1974245	10	1.3879473	0.19789879	0.7757633	Folding	0.8356289	0.11914714	0.46705678
V7C	V7C	7	7	0.71945053	0.9011306	0.8539582	0.6988624	0.7480203	1.0311741	0.6973799	0.972583	0.74866545	0.75865585	10	0.812988	0.119709246	0.46926025	Folding	0.48946834	0.07207227	0.2825233
V7D	V7D	7	7	2.9706798	3.153438	2.9521115	3.0959053	2.9798765	2.9263375	2.8283362	3.244394	2.6733289	3.189374	10	3.0013783	0.1743176	0.683325	Folding	1.8070128	0.104949825	0.41140333
V7E	V7E	7	7	2.440447	2.3177395	1.9225743	1.9535234	1.9283162	2.6662917	2.4112217	2.739955	1.5362797	1.8909228	10	2.180727	0.39003393	1.528933	Folding	1.3129306	0.23482421	0.92051095
V7F	V7F	7	7	1.5987903	1.1496304	1.3000374	1.3305906	1.1106919	1.2434735	1.1123482	1.5663927	1.2541013	1.4091829	10	1.307524	0.17368394	0.6808411	Folding	0.78720915	0.104568325	0.40990785
V7G	V7G	7	7	2.4230542	2.1189837	2.2534137	2.121346	2.2513666	2.282035	2.1526203	1.9067863	1.9531275	2.2005363	10	2.166327	0.15367761	0.6024163	Folding	1.304261	0.09252329	0.3626913
V7H	V7H	7	7	2.3359122	2.5843668	2.5099568	2.6623049	2.6775599	2.4092338	2.1905737	2.1522665	2.8199756	1.9250147	10	2.4267163	0.27812898	1.0902656	Folding	1.4610312	0.1674506	0.6564064
V7I	V7I	7	7	0.44357625	0.24603398	0.13557862	0.31724635	0.09521179	0.21612455	0.34716082	0.40874907	0.510023	0.34261966	10	0.3062324	0.13309136	0.52171814	Folding	0.18437058	0.08012912	0.31410614
V7K	V7K	7	7	3.0208886	2.5023844	2.845876	2.7330015	2.7214112	2.5358863	2.6321588	2.8205736	2.600627	2.2317102	10	2.6644518	0.21793373	0.85430026	Folding	1.6041625	0.13120939	0.5143408
V7L	V7L	7	7	0.4679486	0.5243552	0.53364843	0.69995564	0.7237141	0.607337	0.59059465	0.5820906	0.61508876	0.34978667	10	0.5694519	0.10894655	0.42707047	Folding	0.34284478	0.06559247	0.2571225
V7M	V7M	7	7	0.69922316	0.4977014	1.1915278	1.2370692	1.329131	1.0704201	1.381988	1.485776	1.1578963	0.8723074	10	1.0923041	0.31391275	1.230538	Folding	0.65763366	0.18899462	0.7408589
V7N	V7N	7	7	2.1106212	2.188172	2.695914	2.544572	2.188951	1.9705672	2.4901788	2.3129036	1.7268953	2.554469	10	2.2783246	0.30011678	1.1764578	Folding	1.3716903	0.1806886	0.70829934
V7P	V7P	7	7	3.088405	2.7847977	3.2671368	2.2374108	3.0019205	2.902304	2.1070864	2.7005663	2.8039954	2.4144716	10	2.7308095	0.37418965	1.4668235	Folding	1.6441138	0.22528498	0.88311714
V7Q	V7Q	7	7	1.6823206	1.5370505	1.8555436	1.780888	2.1553986	1.8528386	1.9361852	2.072892	1.8985064	2.219971	10	1.8991594	0.2098441	0.82258886	Folding	1.1434097	0.12633894	0.49524868
V7R	V7R	7	7	3.0930238	2.7377532	2.2919064	2.735399	2.8739715	3.1581638	2.9179726	3.0496917	2.903192	3.1374726	10	2.8898547	0.2594619	1.0170907	Folding	1.7398688	0.15621188	0.6123506
V7S	V7S	7	7	1.539185	1.3262342	1.4795544	1.6528313	1.6770663	1.6246094	1.8001008	1.7004558	1.2696948	1.8649719	10	1.5934703	0.19192193	0.752334	Folding	0.9593663	0.11554871	0.45295095
V7T	V7T	7	7	1.1863052	1.6311048	1.1363853	1.6160021	1.5496545	1.4269326	1.5243769	1.4984636	1.682872	1.8346903	10	1.5086787	0.21457261	0.84112465	Folding	0.90831655	0.1291858	0.50640833
V7W	V7W	7	7	2.1220028	2.2490473	1.887148	2.4320664	2.3142893	2.595911	2.82224	1.9341098	2.2711964	2.2222846	10	2.2850296	0.28307313	1.1096467	Folding	1.3757272	0.17042728	0.66807497
V7Y	V7Y	7	7	2.0318658	2.1974103	2.3688068	1.2321049	1.5358676	2.373122	2.1369104	2.4493484	1.7276802	1.4888053	10	1.9541922	0.4288822	1.6812183	Folding	1.1765429	0.25821325	1.012196
V80A	V80A	80	80	0.6177541	0.8049819	0.7629342	0.47134885	0.6510244	0.68025976	0.6777036	0.7475162	0.7258424	0.6783914	10	0.6817757	0.09272682	0.36348915	Folding	0.41047055	0.0558272	0.21884263
V80C	V80C	80	80	-0.20688905	-0.030766336	-0.20224094	-0.5215727	-0.3200428	-0.14222024	-0.13114157	-0.2547519	-0.119362555	-0.069420114	10	-0.19984081	0.14186957	0.55612874	Folding	-0.12031636	0.085414134	0.3348234
V80D	V80D	80	80	3.5426009	3.3503964	3.313786	3.2109902	2.4740245	2.9450045	3.2474277	3.2060273	3.2733984	3.2152765	10	3.1778932	0.2883179	1.1302061	Folding	1.9132855	0.17358495	0.680453
V80E	V80E	80	80	1.510199	1.3709518	1.1982524	1.3560413	1.418198	1.2712796	1.453188	1.4279854	1.5232441	1.0847579	10	1.3614097	0.13976525	0.54787976	Folding	0.8196516	0.0841472	0.32985702
V80F	V80F	80	80	0.40505272	0.36261517	0.45138225	0.53972703	0.39530158	0.45200747	0.31358364	0.42095554	0.40961242	0.30834097	10	0.40585786	0.068614334	0.2689682	Folding	0.24435118	0.041310012	0.16193525
V80G	V80G	80	80	1.3380599	1.1071687	1.2629987	1.2621058	1.5749177	1.459231	1.7622929	1.413126	1.3306471	1.4988905	10	1.400944	0.18483749	0.724563	Folding	0.8434537	0.11128344	0.43623108
V80H	V80H	80	80	1.7328594	1.5410695	1.9287208	1.7454393	1.812496	1.5913873	1.7251402	1.8459584	1.7000943	1.9307127	10	1.7553879	0.12895082	0.5054872	Folding	1.0568506	0.07763626	0.30433413
V80I	V80I	80	80	0.18213715	0.29327628	0.41535088	0.5313243	0.39602527	0.2667126	0.39827618	0.33024186	0.3850501	0.4413681	10	0.36397627	0.098851256	0.38749692	Folding	0.21913591	0.059514485	0.23329678
V80K	V80K	80	80	2.845248	2.6809063	2.9683962	1.7697648	2.1389403	2.895638	2.4864323	2.4305074	2.6621745	3.1156807	10	2.5993688	0.40866858	1.6019808	Folding	1.5649785	0.2460434	0.9644901
V80L	V80L	80	80	0.3558538	0.44009987	0.45466128	0.45337912	0.3962848	0.40902752	0.32149264	0.3145075	0.27395454	0.31620446	10	0.37354657	0.06572083	0.25762564	Folding	0.22489782	0.039567944	0.15510634
V80M	V80M	80	80	0.30885214	0.56667733	0.41342902	0.5659195	0.3841398	0.47010168	0.17178756	0.6242688	0.71047163	0.4786577	10	0.46943054	0.15836519	0.62079155	Folding	0.2826258	0.0953455	0.37375435
V80N	V80N	80	80	0.93320984	1.1387987	1.0766203	0.9680952	1.0600098	1.4438496	0.94314194	1.2390729	1.1003819	0.8568076	10	1.0759988	0.17140898	0.6719232	Folding	0.6478169	0.103198655	0.40453872
V80P	V80P	80	80	1.5871222	1.6406912	1.3516971	1.5033317	1.5234244	1.658262	1.7245262	1.8402143	1.688032	1.455816	10	1.5973117	0.14288886	0.56012434	Folding	0.96167904	0.08602781	0.337229
V80Q	V80Q	80	80	1.2436099	1.7600695	1.5850366	1.6690346	1.1980772	1.6608555	1.5882256	1.3696554	1.6342489	1.400217	10	1.510903	0.19372717	0.7594105	Folding	0.90965575	0.11663557	0.45721143
V80R	V80R	80	80	3.0318856	2.5018528	2.9242673	2.2248313	2.482284	2.4027336	2.3374693	1.8984271	2.2464256	2.4704216	10	2.45206	0.3297978	1.2928075	Folding	1.4762896	0.19855839	0.7783489
V80S	V80S	80	80	1.1913673	0.998821	1.1725533	1.1873528	1.1083121	1.2491612	1.0850517	0.8050334	1.0799873	0.8039595	10	1.06816	0.15596624	0.61138767	Folding	0.64309746	0.09390119	0.36809266
V80T	V80T	80	80	0.4221229	0.43394476	0.46415606	0.68481314	0.6058053	0.5599908	0.54591465	0.24436168	0.3602276	0.5598659	10	0.48812032	0.1290265	0.5057839	Folding	0.2938782	0.077681825	0.30451277
V80W	V80W	80	80	2.0990849	2.48115	1.981354	2.101182	1.8799847	2.4222646	2.0657728	1.9801446	1.6366061	1.8415601	10	2.0489104	0.25442222	0.99733514	Folding	1.233569	0.1531777	0.6004566
V80Y	V80Y	80	80	1.732542	1.8364396	1.4010878	1.7156935	1.5333738	1.9283496	1.949761	2.1006098	1.5678484	1.552702	10	1.7318408	0.22137664	0.8677965	Folding	1.0426738	0.13328224	0.5224664
V8A	V8A	8	8	0.81365293	0.7746978	0.89738923	0.6725212	0.7581376	0.90067935	0.74112	1.0483029	0.91492033	0.73140013	10	0.8252821	0.11308446	0.4432911	Folding	0.49687013	0.06808374	0.26688826
V8C	V8C	8	8	0.34350827	0.48299658	0.25186402	0.12035479	0.5053745	0.18169601	0.16500042	0.40003774	0.16153288	0.28923288	10	0.29015982	0.13852313	0.5430107	Folding	0.1746939	0.08339937	0.32692555
V8D	V8D	8	8	0.768317	1.0120147	1.0173049	1.0492059	1.2771759	1.0061481	1.1186067	0.93867004	1.2228379	1.1329596	10	1.0543239	0.14493646	0.56815094	Folding	0.6347673	0.08726058	0.3420615
V8E	V8E	8	8	2.675354	2.4457796	1.9534627	1.7015703	2.0782144	2.6654363	2.7253401	2.175714	1.9774085	2.2250152	10	2.2623296	0.351969	1.3797185	Folding	1.3620603	0.2119068	0.8306747
V8F	V8F	8	8	0.57864875	0.6258647	0.3924468	0.45044336	0.5339882	0.6859044	0.58991677	0.76724684	1.0164059	0.59866923	10	0.62395346	0.17449567	0.684023	Folding	0.37565804	0.10505703	0.41182357
V8G	V8G	8	8	1.2928214	1.5770906	1.4713334	1.3243153	1.1337479	1.2718518	1.3854684	1.2712466	1.1421198	1.1655358	10	1.3035531	0.14384456	0.56387067	Folding	0.7848185	0.086603194	0.33948454
V8H	V8H	8	8	1.4614322	1.3065727	0.97209305	1.7681971	1.2473226	1.8753645	1.2397616	1.7497593	1.542284	1.895017	10	1.5057805	0.31302422	1.227055	Folding	0.9065716	0.18845966	0.7387619
V8I	V8I	8	8	0.36120778	0.13677846	0.18696754	0.2201967	0.31748414	0.25948343	0.456585	0.33896267	0.54661006	0.32750288	10	0.31517786	0.123282	0.48326546	Folding	0.18975629	0.07422328	0.29095528
V8K	V8K	8	8	2.410956	2.1943038	1.7065479	1.8365016	2.181384	2.3974895	1.9186319	1.7973634	1.6048613	1.7209064	10	1.9768946	0.29566392	1.1590025	Folding	1.190211	0.1780077	0.6977902
V8L	V8L	8	8	-0.10433976	-0.18179262	-0.110253975	-0.03606299	0.0193128	-0.022013653	-0.048646025	0.035264146	-0.07905858	-0.07305849	10	-0.06006492	0.064437106	0.25259346	Folding	-0.036162745	0.038795065	0.15207666
V8M	V8M	8	8	0.52715844	0.37872535	0.31955495	0.48383525	0.68744123	0.45097336	0.3188251	0.51369506	0.24683163	0.29344106	10	0.4220481	0.13532367	0.5304688	Folding	0.25409868	0.081473105	0.3193746
V8N	V8N	8	8	1.7631493	1.8840332	1.817849	1.8925685	1.7750983	1.7156402	1.850672	2.061054	1.5914919	1.6102421	10	1.79618	0.1394825	0.5467714	Folding	1.0814099	0.08397697	0.32918972
V8P	V8P	8	8	2.899356	2.3995914	3.0545316	2.977059	2.7507663	2.4677145	2.851389	2.986203	2.8428493	2.57428	10	2.780374	0.2274053	0.89142877	Folding	1.6739547	0.13691185	0.53669447
V8Q	V8Q	8	8	1.9576092	1.5693164	1.1493279	1.7166226	1.9375237	1.4940783	1.8035333	1.3436055	1.4012581	1.3936932	10	1.5766568	0.26966015	1.0570678	Folding	0.94924355	0.16235185	0.63641924
V8R	V8R	8	8	2.181953	1.7977186	2.3275037	1.9519393	1.9512924	2.218342	2.0860152	2.0990624	2.086253	2.1993937	10	2.0899472	0.15532868	0.60888845	Folding	1.2582756	0.09351733	0.36658797
V8S	V8S	8	8	1.5326531	1.2293439	1.3022945	1.4139733	1.5237731	1.5514915	1.6506331	1.3844914	1.3220047	1.5579224	10	1.446858	0.13615955	0.53374547	Folding	0.8710968	0.081976354	0.32134733
V8T	V8T	8	8	1.7295089	1.7946649	1.6333739	1.1284838	2.0526671	1.4868932	1.293218	1.5250552	1.7203135	1.5476569	10	1.5911834	0.2607636	1.0221933	Folding	0.95798945	0.15699558	0.61542267
V8W	V8W	8	8	0.83510816	1.1717637	1.0182651	0.8927099	0.99453145	0.921879	0.86023146	1.1664064	0.47198972	0.6898136	10	0.90226984	0.2111857	0.82784796	Folding	0.5432215	0.12714666	0.49841493
V8Y	V8Y	8	8	1.3782672	0.7161351	1.0777968	1.0279301	0.8850303	0.8224262	0.4635315	1.1308753	0.6448476	0.89027804	10	0.9037119	0.2636566	1.0335338	Folding	0.5440897	0.15873735	0.62225044
WT	WT			-0.08384619	0.05321007	0.0863075	-0.07393366	-0.033114366	-0.029675292	-0.098431975	-0.16133489	-0.03787675	0.047190618	10	-0.033150498	0.07684306	0.3012248	Folding	-0.01995862	0.04626421	0.1813557
Y136A	Y136A	136	136	0.3900731	0.42027655	0.4596466	0.48940632	0.61996907	0.7196511	0.5793971	0.7373372	0.5824787	0.61879224	10	0.5617028	0.11939401	0.46802452	Folding	0.33817932	0.07188247	0.2817793
Y136C	Y136C	136	136	0.2301238	0.20735948	0.26294154	0.32058987	0.30375373	0.43156537	0.2928844	0.42797658	0.24961233	0.22188582	10	0.2948693	0.07985535	0.31303298	Folding	0.1775293	0.048077792	0.18846495
Y136D	Y136D	136	136	1.1079856	0.73949236	0.82469547	0.6672083	0.73960614	0.6532813	0.56945103	0.7400953	0.6216179	0.80131567	10	0.74647486	0.14975816	0.587052	Folding	0.44942337	0.090163544	0.3534411
Y136E	Y136E	136	136	0.42289782	0.5802965	0.5305903	0.5574084	0.3155018	0.65071166	0.33038995	0.36653543	0.38121352	0.42258096	10	0.45581263	0.11572785	0.4536532	Folding	0.274427	0.06967522	0.27312687
Y136F	Y136F	136	136	0.21924306	0.21841532	0.14257206	0.07643154	0.16754034	0.1812421	0.09644768	0.16377394	0.16892782	0.15833639	10	0.15929303	0.045762926	0.17939067	Folding	0.09590411	0.027552072	0.10800412
Y136G	Y136G	136	136	1.0855334	1.3491927	1.3347487	1.4025493	1.2246295	1.5275452	1.5892587	1.2947172	1.1339935	0.88789564	10	1.2830064	0.20970774	0.8220543	Folding	0.7724481	0.12625684	0.4949268
Y136H	Y136H	136	136	0.41568542	0.57040375	0.62906337	0.50339	0.47685403	0.28793028	0.30363494	0.6400109	0.49034902	0.45127472	10	0.47685966	0.11996231	0.47025228	Folding	0.2870986	0.072224624	0.28312054
Y136I	Y136I	136	136	0.20196326	0.45187283	0.33951184	0.3767684	0.3708612	0.27234358	0.2508926	0.41421264	0.35276994	0.3309422	10	0.33621383	0.076012455	0.29796883	Folding	0.20242122	0.045764133	0.1793954
Y136K	Y136K	136	136	0.8339341	0.8108582	0.8194514	0.8619236	0.8085962	0.78869367	0.7907678	0.7863654	0.8643573	0.8056908	10	0.8170639	0.028318966	0.11101035	Folding	0.4919223	0.017049745	0.066835
Y136L	Y136L	136	136	-0.059958827	-0.05521537	0.0089752	-0.023530973	-0.012932561	-0.015394794	0.030218244	0.122976966	0.051588368	0.12939584	10	0.01761221	0.0666846	0.26140365	Folding	0.010603624	0.0401482	0.15738094
Y136M	Y136M	136	136	-0.0967696	-0.105697796	-0.1019922	-0.025328455	-0.004829397	-0.17146692	-0.12545185	0.023171218	0.09546722	-0.012184406	10	-0.052508216	0.080946445	0.31731007	Folding	-0.03161315	0.048734695	0.19104001
Y136N	Y136N	136	136	0.8453988	0.7477321	0.8548865	1.077045	0.9150547	0.8123605	0.7819401	0.94895124	0.9651623	0.97384715	10	0.89223784	0.10159049	0.39823472	Folding	0.53718156	0.06116367	0.23976159
Y136P	Y136P	136	136	1.9679216	2.5506985	2.0970483	1.9466034	2.3929608	2.6196098	2.0788138	2.2890418	1.6051207	2.5072143	10	2.205503	0.32241085	1.2638506	Folding	1.3278472	0.19411099	0.7609151
Y136Q	Y136Q	136	136	0.70806265	0.7149833	0.46225986	0.58827424	0.55164903	0.62493485	0.43754643	0.85620993	0.7771031	0.7368597	10	0.6457883	0.13668016	0.5357862	Folding	0.38880393	0.082289785	0.32257596
Y136R	Y136R	136	136	1.6974503	1.419485	1.3716941	1.4427518	1.5631359	1.7863817	1.3924459	1.7196754	1.4498099	1.7924699	10	1.56353	0.16955233	0.66464514	Folding	0.9413404	0.10208084	0.4001569
Y136S	Y136S	136	136	0.8126878	0.84979004	0.7389683	0.76212364	0.75830156	0.80618954	0.86217195	0.64946973	0.6975984	0.8404013	10	0.7777702	0.069344565	0.2718307	Folding	0.4682651	0.041749656	0.16365865
Y136T	Y136T	136	136	0.94704556	0.9849448	0.82346535	0.8134589	0.8646148	0.8760864	0.74497294	0.71829265	0.72402126	0.8302916	10	0.83271945	0.08957416	0.3511307	Folding	0.5013479	0.053929105	0.2114021
Y136V	Y136V	136	136	0.65620804	0.5768758	0.8400655	0.6686775	0.6538918	0.5982305	0.8198857	0.5580648	0.66064596	0.5530345	10	0.658558	0.10036108	0.39341545	Folding	0.39649206	0.06042349	0.23686008
Y136W	Y136W	136	136	-0.38872752	-0.28682405	-0.25152424	-0.21031027	-0.26306024	-0.26113528	-0.17040165	-0.22105089	-0.2867341	-0.25317842	10	-0.25929466	0.057872497	0.2268602	Folding	-0.1561112	0.03484277	0.13658366
Y156A	Y156A	156	156	0.059877314	-0.008696767	0.052633066	-0.039303746	0.086411275	-0.03313034	-0.053711154	-0.16532356	-0.07063319	-0.15167798	10	-0.03235551	0.08451411	0.3312953	Folding	-0.01947999	0.05088265	0.19945998
Y156C	Y156C	156	156	-0.07164968	-0.06286593	0.06518521	0.12706071	0.02263252	-0.20340264	0.05552057	-0.092716925	0.020685678	-0.066342056	10	-0.020589255	0.09639799	0.37788013	Folding	-0.012395986	0.058037467	0.22750688
Y156D	Y156D	156	156	0.569659	0.26834592	0.6190684	0.37205744	0.82769454	0.21079978	0.56339955	0.49408704	0.40957126	0.45766398	10	0.4792347	0.17944211	0.70341307	Folding	0.2885285	0.10803509	0.42349756
Y156E	Y156E	156	156	0.20167261	0.11427749	0.021702694	0.29094967	0.30258936	0.19708127	0.08810189	0.29490763	0.061493065	0.33325818	10	0.19060339	0.113300785	0.4441391	Folding	0.11475486	0.068213984	0.26739883
Y156F	Y156F	156	156	0.21674262	0.20803183	0.15590483	0.06628644	0.12032553	0.058220427	0.14707755	0.004270624	0.17368317	0.037419997	10	0.118796304	0.073721096	0.2889867	Folding	0.071522616	0.044384595	0.17398761
Y156G	Y156G	156	156	0.29121295	0.34204385	0.42979768	0.3163543	0.35462144	0.48369306	0.43058464	0.3731965	0.44014502	0.21629816	10	0.36779475	0.08081656	0.31680092	Folding	0.22143486	0.048656497	0.19073348
Y156H	Y156H	156	156	0.21603031	0.41033858	0.32563555	0.21018219	0.22786078	0.29818535	0.13527969	0.0019253955	0.2623703	0.13367282	10	0.22214809	0.11431442	0.44811255	Folding	0.1337467	0.068824254	0.26979107
Y156I	Y156I	156	156	-0.36914748	-0.34949812	-0.13798735	-0.09126223	-0.18604882	-0.12412411	-0.10311233	-0.09698708	-0.31953076	-0.19226913	10	-0.19699673	0.10895354	0.4270979	Folding	-0.11860404	0.06559668	0.25713897
Y156K	Y156K	156	156	0.14554024	0.18330063	-0.13475572	0.35304773	-0.087412775	0.11071262	0.105582684	0.120379575	0.11432571	0.37668532	10	0.1287406	0.1606725	0.6298362	Folding	0.07750969	0.09673464	0.3791998
Y156L	Y156L	156	156	0.25754893	0.22178607	0.25829604	0.19298367	0.20995937	0.25570732	0.4132858	0.29356822	0.2044852	0.24215813	10	0.25497788	0.06346851	0.24879655	Folding	0.15351222	0.038211912	0.1497907
Y156M	Y156M	156	156	0.08890365	-0.21802743	0.0020106314	-0.037285134	0.20673724	-0.040022817	0.12717348	0.08453965	0.046133045	0.0006787014	10	0.0260841	0.11538395	0.4523051	Folding	0.015704218	0.06946818	0.27231526
Y156N	Y156N	156	156	0.29728645	0.30352896	0.22234915	0.28798583	0.22001529	0.20381804	0.36323318	0.13964126	0.18183607	0.41232628	10	0.26320207	0.0847183	0.33209574	Folding	0.1584637	0.051005583	0.19994189
Y156P	Y156P	156	156	1.567696	1.4095855	1.0815945	1.4240255	1.659217	1.5524551	1.6214374	1.6098887	1.5995555	1.3256928	10	1.4851148	0.17844875	0.6995191	Folding	0.8941297	0.10743703	0.42115316
Y156Q	Y156Q	156	156	-0.1423678	0.13164361	0.06161843	0.06824974	0.24624653	0.29254138	0.3059644	0.039357744	0.10343481	-0.035306815	10	0.1071382	0.14321466	0.5614015	Folding	0.06450373	0.08622396	0.33799794
Y156R	Y156R	156	156	-0.0006504011	0.12844713	0.14116052	0.34884608	0.24098144	0.01250791	-0.040150758	-0.15002248	-0.028697185	0.13873717	10	0.07911594	0.14830318	0.5813485	Folding	0.04763262	0.08928756	0.35000724
Y156S	Y156S	156	156	0.021439195	-0.02922789	0.089944005	0.040314306	0.1548264	0.17217453	-0.0053830002	-0.041755646	-0.03626432	-0.047751598	10	0.031831592	0.08156775	0.31974557	Folding	0.01916456	0.04910876	0.19250634
Y156T	Y156T	156	156	-0.054469056	0.073642395	-0.04146916	-0.09917656	-0.058473077	-0.20428395	-0.10703544	-0.28228062	0.19993491	-0.08174452	10	-0.06553551	0.13330951	0.5225733	Folding	-0.03945637	0.080260456	0.314621
Y156V	Y156V	156	156	-0.2656618	-0.3030237	-0.28652158	-0.13694862	-0.1879644	-0.15910152	-0.19316725	-0.21443194	-0.15400594	-0.18892106	10	-0.20897476	0.057631064	0.22591378	Folding	-0.12581556	0.034697413	0.13601387
Y156W	Y156W	156	156	0.9387322	0.9960294	0.800746	0.93093354	0.7358395	0.88546056	0.6734007	0.8847774	0.94183266	0.75864434	10	0.85463965	0.10615756	0.41613767	Folding	0.5145452	0.06391332	0.25054023
Y31A	Y31A	31	31	0.19853833	0.17075308	0.11234183	0.20429523	0.15060195	0.080862485	0.2492906	0.13318835	0.045418784	0.12174685	10	0.14670375	0.061192956	0.23987639	Folding	0.0883246	0.03684189	0.14442022
Y31C	Y31C	31	31	0.098235145	0.097048126	0.19511282	0.14967428	0.12006245	0.3143442	0.2679974	0.1832089	0.22421743	0.07525035	10	0.17251512	0.07921609	0.3105271	Folding	0.103864625	0.047692917	0.18695624
Y31D	Y31D	31	31	-0.14884529	0.14836146	0.43721578	-0.13961618	-0.2168833	0.0076658917	-0.078378595	-0.31057584	-0.11668383	0.1449013	10	-0.027283862	0.21900824	0.8585123	Folding	-0.016426548	0.1318563	0.51687676
Y31E	Y31E	31	31	0.13416801	0.2803435	0.3032309	0.13205269	-0.124189906	0.15388401	0.17106664	0.1861718	0.22570708	-0.032844584	10	0.14295901	0.13193317	0.517178	Folding	0.086070046	0.07943181	0.3113727
Y31F	Y31F	31	31	0.10949941	0.14521049	0.15189183	0.08334717	0.1741096	0.20385762	0.14987773	0.3787148	0.16784632	0.22927076	10	0.17936258	0.0815697	0.31975323	Folding	0.10798721	0.049109932	0.19251093
Y31G	Y31G	31	31	0.13778657	0.017943058	0.091960445	0.116671965	0.09513175	0.08396921	0.089868285	0.13294968	0.041582283	0.101612926	10	0.09094762	0.037369847	0.1464898	Folding	0.05475601	0.022498926	0.08819579
Y31H	Y31H	31	31	0.16055572	0.22286674	0.15135074	0.18733317	0.06435923	-0.14523952	-0.04379812	0.2782545	0.16795844	0.08133179	10	0.112497255	0.12749618	0.49978504	Folding	0.06773021	0.07676048	0.3009011
Y31I	Y31I	31	31	0.29672772	0.30762705	0.29290122	0.24550742	0.36141622	0.44849008	0.21917155	0.31885967	0.3166258	0.2636949	10	0.30710214	0.06402167	0.25096494	Folding	0.18489422	0.03854495	0.15109621
Y31K	Y31K	31	31	0.26537013	0.34393284	0.12071552	0.13281076	0.30907568	0.14010791	0.3420375	0.25498262	0.41280735	0.4202223	10	0.27420625	0.11214662	0.43961477	Folding	0.16508888	0.067519106	0.2646749
Y31L	Y31L	31	31	0.28430375	0.3063217	0.42215785	0.27993172	0.34967571	0.32297277	0.40748453	0.35951027	0.34598216	0.31178838	10	0.33901286	0.047998503	0.18815413	Folding	0.20410642	0.028898025	0.11328026
Y31M	Y31M	31	31	0.14626476	0.31674555	0.37969577	0.23389155	0.3680138	0.48116416	0.35041636	0.28734845	0.16098541	0.41197944	10	0.31365055	0.1079022	0.42297664	Folding	0.18883675	0.064963706	0.25465775
Y31N	Y31N	31	31	-0.053420976	0.28061575	0.21796653	0.106011406	0.11811456	0.19800562	-0.014808863	0.07411822	0.045652743	0.2805164	10	0.12527713	0.11692681	0.4583531	Folding	0.07542447	0.07039707	0.2759565
Y31P	Y31P	31	31	0.2731394	0.14606194	0.2120527	0.31865054	0.3181025	0.06911172	0.21451068	0.2182397	0.50735945	0.47480854	10	0.2752037	0.1364383	0.53483814	Folding	0.16568941	0.08214417	0.32200515
Y31Q	Y31Q	31	31	0.2999164	0.25814322	0.2661583	0.16266112	0.29207206	0.15247801	0.39778957	0.45542654	0.04118312	0.47762123	10	0.280345	0.13823381	0.54187655	Folding	0.16878478	0.08322518	0.32624272
Y31R	Y31R	31	31	0.20005	0.13196869	0.26729903	-0.023933547	0.22120884	0.25108948	0.24026081	0.15669951	0.33726734	0.35937893	10	0.21412893	0.10959885	0.4296275	Folding	0.12891866	0.065985195	0.258662
Y31S	Y31S	31	31	0.18742853	0.21697177	0.23112284	0.24000074	0.23473865	0.23199204	0.2211443	0.15681125	0.2528313	0.24454728	10	0.22175887	0.029056476	0.11390139	Folding	0.13351236	0.017493771	0.06857558
Y31T	Y31T	31	31	0.40181148	0.15979077	0.32203567	0.38554177	0.12220319	0.038728945	0.2001331	0.5023924	0.24370806	-0.010516196	10	0.23658295	0.1660018	0.65072703	Folding	0.14243735	0.099943206	0.39177737
Y31V	Y31V	31	31	0.1324566	0.1668286	0.13103819	0.29060033	0.22782637	0.25690845	0.21157481	0.14602731	0.21505266	0.21314763	10	0.1991461	0.05382963	0.21101215	Folding	0.119898096	0.032408718	0.12704217
Y31W	Y31W	31	31	0.5958611	0.42020828	0.22645082	0.25771242	0.36054105	0.45837387	0.5003187	0.42514068	0.3898333	0.49357828	10	0.41280183	0.11156304	0.43732715	Folding	0.24853188	0.06716775	0.2632976
Y39A	Y39A	39	39	0.0739667	0.07433474	0.047246005	0.028927496	0.0596535	0.054954153	0.052173004	0.063150905	0.057631418	0.050904214	10	0.05629421	0.013235071	0.051881477	Folding	0.033892546	0.00796832	0.031235814
Y39C	Y39C	39	39	0.0943765	0.0949948	-0.007957884	-0.0034122514	0.048613418	0.12962958	0.377388	0.12345209	0.08338989	0.13000986	10	0.10704839	0.10754738	0.42158574	Folding	0.06444966	0.06475008	0.25382033
Y39D	Y39D	39	39	0.46886933	0.48631918	0.38661632	0.31781742	0.35899916	0.3134165	0.6241357	0.30156353	0.5386044	0.3318684	10	0.412821	0.110775396	0.43423957	Folding	0.24854341	0.066693544	0.2614387
Y39E	Y39E	39	39	0.1797798	0.099321894	0.054032482	0.11423503	0.15974717	0.1036407	0.25718844	0.105681494	0.091699764	0.23623745	10	0.14015642	0.06625585	0.25972295	Folding	0.08438271	0.039890062	0.15636905
Y39F	Y39F	39	39	0.2968269	0.27475813	0.21714117	0.29696107	0.31902394	0.1910219	0.22600228	0.17834802	0.29772976	0.4217763	10	0.27195895	0.07227006	0.28329864	Folding	0.16373587	0.04351098	0.17056304
Y39G	Y39G	39	39	0.092305265	0.044031445	0.01923584	0.096238345	0.000547748	0.055577528	0.09925064	0.09454216	0.10926294	0.015496682	10	0.062648855	0.040686715	0.15949193	Folding	0.03771843	0.024495883	0.096023865
Y39H	Y39H	39	39	0.048819825	0.090678304	0.15496768	-0.10255306	0.15343723	0.098040454	0.061660867	0.10985342	0.113309406	0.15065962	10	0.08788738	0.07634587	0.29927582	Folding	0.052913558	0.045964867	0.18018228
Y39I	Y39I	39	39	0.35176367	0.28774577	0.37932894	0.3895835	0.2814522	0.50823057	0.38123	0.37685832	0.52494377	0.50922906	10	0.3990366	0.087971896	0.34484982	Folding	0.24024436	0.052964445	0.20762064
Y39K	Y39K	39	39	0.4078945	0.436513	0.47825143	0.60134965	0.154493	-0.02275658	0.05127266	0.1991661	0.18813376	0.37096113	10	0.28652787	0.20165251	0.7904779	Folding	0.17250726	0.12140711	0.47591588
Y39L	Y39L	39	39	0.24406752	0.2155159	0.16995187	0.19801937	0.19358848	0.23903729	0.17698696	0.2326849	0.24022892	0.18350826	10	0.20935893	0.028415307	0.111388005	Folding	0.12604684	0.017107747	0.06706237
Y39M	Y39M	39	39	0.12981826	0.12050641	0.23672614	0.13507229	0.15055528	0.16090441	0.118462704	0.29075974	0.27582926	0.15239581	10	0.17710303	0.06535506	0.25619185	Folding	0.10662682	0.039347734	0.15424313
Y39N	Y39N	39	39	1.1606503	0.68987495	0.12644137	0.19535059	0.15214564	0.23970003	0.18954353	0.099489644	0.04978544	0.27735242	10	0.31803337	0.34505486	1.3526151	Folding	0.19147548	0.20774406	0.81435674
Y39P	Y39P	39	39	0.47813565	0.11155442	0.28046304	0.12103087	0.30171868	0.30101547	0.3415648	0.27524647	0.2886787	0.2755201	10	0.27749282	0.1041696	0.40834484	Folding	0.1670676	0.062716454	0.2458485
Y39Q	Y39Q	39	39	0.28639397	-0.27938014	0.08056241	-0.067021094	-0.18062085	-0.07015648	0.19274518	-0.20724192	0.04887156	0.050647635	10	-0.014519975	0.17998394	0.7055371	Folding	-0.00874191	0.10836131	0.42477635
Y39R	Y39R	39	39	0.14088725	0.13484953	0.18599878	0.144359	0.12373183	0.17433612	0.14841683	0.102136776	0.22901447	0.21523578	10	0.15989664	0.040463332	0.15861626	Folding	0.09626753	0.024361392	0.09549666
Y39S	Y39S	39	39	0.1208131	0.16660306	0.116403505	0.14971842	0.15141056	0.10740077	0.21395949	0.24605232	0.16300833	0.19338633	10	0.1628756	0.04445181	0.1742511	Folding	0.09806104	0.0267627	0.104909785
Y39T	Y39T	39	39	0.039730478	-0.06645852	0.06441193	-0.059850577	-0.036483023	0.065841444	0.109851226	0.19104178	-0.048383053	0.1891568	10	0.044885848	0.09771297	0.38303486	Folding	0.027024018	0.058829166	0.23061034
Y39V	Y39V	39	39	0.24563245	0.24966852	0.25589696	0.22747217	0.2731714	0.2771462	0.20237556	0.26596648	0.2602486	0.2500506	10	0.25076288	0.022254895	0.08723919	Folding	0.15097454	0.013398804	0.05252331
Y39W	Y39W	39	39	0.4317734	0.40806866	0.38093925	0.48686114	0.44861197	0.30902523	0.5572935	0.4244476	0.4467768	0.420196	10	0.43139935	0.06471994	0.25370216	Folding	0.2597287	0.03896535	0.15274417
Y3A	Y3A	3	3	0.71464366	0.0233958	0.24423032	0.5173452	0.67637885	0.5128276	0.4696515	0.637284	0.7508985	0.6248344	10	0.51714903	0.22744407	0.89158076	Folding	0.31135526	0.13693519	0.53678596
Y3C	Y3C	3	3	0.26727745	0.23785327	0.21742624	0.5474989	0.42890263	0.37407434	0.50165987	0.2743084	0.29443356	0.15136868	10	0.32948035	0.12904267	0.5058473	Folding	0.19836725	0.077691555	0.30455092
Y3D	Y3D	3	3	0.15657836	0.21099234	0.14977443	0.20225722	0.19340897	0.11986748	0.13257486	0.1091768	0.12137629	0.15511225	10	0.1551119	0.036271844	0.14218563	Folding	0.09338682	0.021837862	0.08560442
Y3E	Y3E	3	3	0.67785585	0.60904706	0.4633138	0.6537289	0.71514016	0.7438197	0.5093299	0.73426944	0.6458692	1.1062605	10	0.6858635	0.1740314	0.6822031	Folding	0.41293165	0.104777515	0.41072786
Y3F	Y3F	3	3	0.15873262	0.23611109	0.25469294	0.00038007213	0.20157146	0.13555531	0.31374022	0.119624555	0.008071254	0.056506693	10	0.14849862	0.10556837	0.41382802	Folding	0.089405224	0.06355859	0.2491497
Y3G	Y3G	3	3	0.460407	0.57316136	0.96924317	0.3116599	0.45183238	0.66495246	0.8300053	0.611063	0.52018076	0.29845986	10	0.5690965	0.21255891	0.833231	Folding	0.3426308	0.12797342	0.5016558
Y3H	Y3H	3	3	-0.10811307	0.18437447	0.009213899	-0.1477794	0.14989951	0.4474433	0.7179088	0.521348	0.011065532	0.20476674	10	0.19901279	0.28352332	1.1114115	Folding	0.11981783	0.17069833	0.6691375
Y3I	Y3I	3	3	0.33232024	0.49984822	0.47684225	0.5117195	0.48098552	0.30941537	0.5248709	0.47095597	0.32891977	0.32631645	10	0.4262194	0.08940234	0.3504572	Folding	0.25661007	0.05382566	0.2109966
Y3K	Y3K	3	3	0.6482159	-0.0971848	0.5605736	0.6048421	0.20321585	-0.1255312	0.62919253	0.15438105	0.5068798	0.5527421	10	0.36373273	0.30293256	1.1874957	Folding	0.21898928	0.18238387	0.7149448
Y3L	Y3L	3	3	0.55837154	0.35086247	0.48666438	0.53327036	0.58148706	0.34744316	0.6251174	0.83333844	0.52947646	0.7149992	10	0.55610305	0.14878568	0.58323985	Folding	0.33480793	0.089578055	0.35114598
Y3M	Y3M	3	3	0.7727414	0.5937749	0.23596966	0.7282902	0.4582276	0.8389016	0.6351308	0.47661462	0.9386231	0.2683004	10	0.5946574	0.23496833	0.9210759	Folding	0.35802004	0.14146526	0.55454385
Y3N	Y3N	3	3	0.19349892	0.32201502	0.36128914	0.36704797	0.45696798	0.285044	0.57563585	0.5135306	0.49158135	0.15253805	10	0.3719149	0.13874154	0.5438668	Folding	0.22391544	0.083530866	0.327441
Y3P	Y3P	3	3	0.405799	0.20835286	0.0055628833	0.19847673	0.4472354	-0.094503015	-0.7431918	0.26480746	0.76740545	-0.20666403	10	0.1253281	0.41546023	1.6286042	Folding	0.07545515	0.25013238	0.98051894
Y3Q	Y3Q	3	3	-0.007572002	0.5383983	0.051449135	0.036311977	0.31598112	0.21391271	0.65808016	0.37637225	0.52380985	0.54106194	10	0.32478055	0.24187341	0.9481438	Folding	0.1955377	0.14562254	0.57084036
Y3R	Y3R	3	3	0.4371874	0.25589994	0.37163532	0.29051563	0.053269282	0.19261518	0.19885938	0.45283064	0.3581541	0.4126399	10	0.30236065	0.12823367	0.502676	Folding	0.18203954	0.07720449	0.3026416
Y3S	Y3S	3	3	0.3280144	0.38350344	0.90214556	0.6706174	0.32874855	0.36424223	0.49888238	0.45258826	0.51738465	0.5264053	10	0.49725324	0.1779239	0.6974617	Folding	0.29937676	0.107121035	0.41991445
Y3T	Y3T	3	3	0.46728745	0.3299314	0.3538075	0.62720144	0.35358775	0.116444975	0.074952215	0.61334515	0.09905768	0.3450949	10	0.33807105	0.19780746	0.7754053	Folding	0.20353939	0.11909215	0.46684125
Y3V	Y3V	3	3	0.72509646	0.68406665	0.7275979	0.6134133	0.62338424	0.5705521	0.7528541	0.6598152	0.46016198	0.79520434	10	0.66121465	0.09872566	0.3870046	Folding	0.39809152	0.05943887	0.23300037
Y3W	Y3W	3	3	0.54502106	0.21199028	0.5401869	0.50364536	0.42534533	0.7031819	0.46444312	0.50091666	0.64779145	0.67625	10	0.5218772	0.14253512	0.5587377	Folding	0.31420192	0.08581483	0.33639416
Y63A	Y63A	63	63	-0.24480656	-0.27602008	-0.27160653	-0.28399602	-0.29748005	-0.24288803	-0.23478751	-0.2871752	-0.31413183	-0.27778378	10	-0.27306753	0.025404822	0.099586904	Folding	-0.1644033	0.015295252	0.05995739
Y63C	Y63C	63	63	-0.32563877	-0.25327072	-0.34376022	-0.3618339	-0.32938913	-0.23967129	-0.2680115	-0.29129103	-0.27779153	-0.3330823	10	-0.30237404	0.041783884	0.16379283	Folding	-0.1820476	0.025156446	0.09861327
Y63D	Y63D	63	63	-0.41734546	-0.36417046	-0.3824326	-0.4564245	-0.49753124	-0.568512	-0.514825	-0.4981528	-0.3271801	-0.40249324	10	-0.44290668	0.07652409	0.2999744	Folding	-0.26665682	0.046072166	0.1806029
Y63E	Y63E	63	63	-0.37293118	-0.40874758	-0.40693632	-0.36699426	-0.34567213	-0.41259176	-0.31121227	-0.342686	-0.3153107	-0.42437348	10	-0.37074557	0.041409988	0.16232716	Folding	-0.22321144	0.024931338	0.097730845
Y63F	Y63F	63	63	-0.108903855	-0.051583253	-0.07493333	-0.01842709	-0.08395618	-0.07766458	-0.10940383	-0.18588528	-0.17592794	-0.106325924	10	-0.09930112	0.051345356	0.2012738	Folding	-0.05978533	0.030913034	0.1211791
Y63G	Y63G	63	63	-0.3535356	-0.35634777	-0.34071648	-0.34840104	-0.34907636	-0.3392325	-0.32402644	-0.388624	-0.4402437	-0.36825714	10	-0.3608461	0.032872878	0.12886168	Folding	-0.21725136	0.019791476	0.07758259
Y63H	Y63H	63	63	-0.34705183	-0.37072632	-0.15544301	-0.35223675	-0.3714498	-0.24775767	-0.20536785	-0.20564829	-0.25563842	-0.4614229	10	-0.2972743	0.09688728	0.37979814	Folding	-0.17897725	0.058332052	0.22866164
Y63I	Y63I	63	63	-0.027985642	0.04220422	-0.080869384	0.09399486	0.077072695	0.027769012	0.017740313	-0.16105744	0.08133835	-0.053350795	10	0.0016856182	0.08187975	0.32096863	Folding	0.001014845	0.049296603	0.19324268
Y63K	Y63K	63	63	-0.26233214	-0.16499388	-0.15354817	-0.27064446	-0.25749573	-0.27061298	-0.124992155	-0.4051212	-0.066734985	-0.14196166	10	-0.21184373	0.09886986	0.38756984	Folding	-0.12754284	0.059525684	0.23334068
Y63L	Y63L	63	63	0.01407779	-0.101180516	-0.13019769	-0.03102184	0.047430784	-0.044627093	-0.027486624	-0.025698194	-0.102160975	0.007174778	10	-0.039368957	0.056760546	0.22250134	Folding	-0.023702513	0.03417331	0.13395938
Y63M	Y63M	63	63	-0.11780565	-0.19701338	-0.1914495	-0.124111205	-0.08060229	-0.21258244	-0.10607698	-0.10503856	-0.22828257	-0.13052084	10	-0.14934833	0.052516393	0.20586427	Folding	-0.0899168	0.03161807	0.12394284
Y63N	Y63N	63	63	-0.31144264	-0.4195342	-0.33354798	-0.5980749	-0.57398355	-0.34462956	-0.4326475	-0.45459035	-0.45149183	-0.40607774	10	-0.43260202	0.09505267	0.37260646	Folding	-0.2604528	0.0572275	0.2243318
Y63P	Y63P	63	63	-0.3460881	-0.37622115	-0.3733068	-0.39557993	-0.37678164	-0.3340108	-0.46592537	-0.26165375	-0.31583256	-0.24305972	10	-0.348846	0.065090165	0.25515345	Folding	-0.21002656	0.039188247	0.15361793
Y63Q	Y63Q	63	63	-0.17905203	-0.23597236	-0.18100178	-0.3593798	-0.46380535	-0.24887581	-0.3519953	-0.4386703	-0.42501011	-0.36562487	10	-0.3249388	0.1062011	0.4163083	Folding	-0.19563298	0.063939534	0.250643
Y63R	Y63R	63	63	-0.09590433	-0.18378112	-0.18810241	-0.21226545	-0.13886869	-0.14645466	-0.09761674	-0.15279344	-0.0893751	-0.039481554	10	-0.13446435	0.053500477	0.20972188	Folding	-0.08095574	0.03221055	0.12626536
Y63S	Y63S	63	63	-0.4374637	-0.4000092	-0.3909527	-0.4065825	-0.38397077	-0.3310939	-0.327572	-0.34949207	-0.35247234	-0.41832694	10	-0.37979358	0.037774686	0.14807677	Folding	-0.2286589	0.022742664	0.08915125
Y63T	Y63T	63	63	-0.1755332	-0.25849956	-0.3108759	-0.43370235	-0.252398	-0.29791987	-0.328381	-0.39636412	-0.3534028	-0.1892199	10	-0.2996297	0.083462164	0.32717168	Folding	-0.18039533	0.050249312	0.1969773
Y63V	Y63V	63	63	-0.25430682	-0.18636408	-0.1655685	-0.21077779	-0.25660938	-0.24493895	-0.27080917	-0.24289641	-0.2490131	-0.2553982	10	-0.23366825	0.034400858	0.13485137	Folding	-0.14068253	0.020711415	0.081188746
Y63W	Y63W	63	63	-0.09515432	-0.13421188	-0.097403	-0.14050828	-0.083242334	-0.08185605	-0.1278899	-0.20662083	-0.0360824	-0.06332295	10	-0.10662919	0.047829177	0.18749037	Folding	-0.06419727	0.02879608	0.11288064
Y70A	Y70A	70	70	-0.31835595	-0.12080604	-0.26765773	-0.21842816	-0.24072707	-0.26777768	-0.4283277	-0.40507925	-0.43799016	-0.41475895	10	-0.31199086	0.10696921	0.4193193	Folding	-0.18783753	0.064401984	0.25245577
Y70C	Y70C	70	70	-0.17261125	0.04036059	-0.18584375	0.028694494	0.15182884	-0.083557695	-0.030624812	-0.15468052	-0.16291186	-0.045484487	10	-0.061483048	0.111798525	0.4382502	Folding	-0.037016544	0.06730953	0.26385337
Y70D	Y70D	70	70	0.15898588	-0.11411917	0.10701349	-0.08252284	-0.2357173	0.022558289	0.0949596	0.018296111	-0.045147948	0.06918239	10	-0.00065114873	0.11963161	0.46895593	Folding	-0.00039203124	0.07202552	0.28234005
Y70E	Y70E	70	70	-0.38802573	-0.5828369	-0.17171577	-0.2256182	-0.2987543	-0.16894874	-0.37460202	-0.51481396	-0.5340419	-0.41206655	10	-0.36714238	0.14939684	0.5856356	Folding	-0.2210421	0.089946	0.35258833
Y70F	Y70F	70	70	0.07909078	0.11938017	0.1559301	0.14064135	0.1438293	0.1458292	0.16635355	0.11077412	0.16478601	0.10378348	10	0.1330398	0.028728874	0.11261719	Folding	0.08009807	0.017296534	0.067802414
Y70G	Y70G	70	70	-0.1456232	-0.1496883	-0.24897407	-0.22326759	-0.22717077	-0.2997838	-0.22725946	-0.22390535	-0.19323747	-0.24358065	10	-0.21824905	0.04600998	0.18035913	Folding	-0.13139924	0.027700813	0.10858719
Y70H	Y70H	70	70	-0.23995648	-0.15310949	0.037926443	-0.18816088	0.092416346	0.0669127	-0.23566367	-0.25905347	-0.3209241	-0.100654736	10	-0.13002673	0.14816764	0.58081716	Folding	-0.07828402	0.08920595	0.34968734
Y70I	Y70I	70	70	0.13078327	0.19398762	-0.010789964	0.086864606	-0.09265672	0.06299916	0.065977685	-0.2550924	0.088659406	-0.065212354	10	0.020552028	0.13007091	0.509878	Folding	0.012373574	0.07831062	0.30697763
Y70K	Y70K	70	70	-0.088764265	0.018172892	-0.16719057	-0.055283982	-0.15400726	-0.35839862	-0.14864492	-0.17252818	-0.103954285	-0.23065336	10	-0.14612526	0.10205065	0.40003854	Folding	-0.087976314	0.061440714	0.2408476
Y70L	Y70L	70	70	0.028744465	0.08997383	0.11658598	0.12667933	0.11508409	-0.12477884	0.12288531	0.06792866	0.08489806	0.018060995	10	0.06460618	0.076655775	0.30049065	Folding	0.038896862	0.04615145	0.1809137
Y70M	Y70M	70	70	0.12215258	0.15024146	0.030011304	-0.10014247	0.07105294	0.03842112	0.042388212	-0.0005017293	0.0016921671	0.07200462	10	0.042732023	0.069659434	0.273065	Folding	0.025727283	0.041939225	0.16440177
Y70N	Y70N	70	70	0.15210114	-0.020163631	-0.086493865	-0.08394235	0.09149459	-0.18277894	-0.070892975	-0.09637853	0.03774284	0.20255156	10	-0.0056760116	0.12305932	0.48239252	Folding	-0.003417305	0.074089214	0.2904297
Y70P	Y70P	70	70	0.023490628	0.100287236	0.043114852	0.2077577	0.11418521	0.15853508	0.18696801	0.14631008	0.11347545	0.15528435	10	0.12494087	0.05874098	0.23026465	Folding	0.07522202	0.035365652	0.13863336
Y70Q	Y70Q	70	70	-0.60893285	-0.3481046	-0.5235346	-0.6395888	-0.4989168	-0.2202798	-0.47957355	-0.38775128	-0.2669818	-0.34825653	10	-0.43219203	0.14046884	0.55063784	Folding	-0.26020595	0.0845708	0.33151755
Y70R	Y70R	70	70	-0.016664427	-0.20604391	-0.28557238	-0.25373086	-0.12175227	-0.08406863	-0.23160283	-0.23297736	-0.048274204	-0.08266804	10	-0.1563355	0.096164644	0.3769654	Folding	-0.094123505	0.05789698	0.22695616
Y70S	Y70S	70	70	0.049371734	-0.14849275	-0.28025416	-0.17686914	-0.13396643	-0.19215778	-0.06654546	-0.15388098	0.07439391	-0.025561647	10	-0.105396286	0.11175177	0.43806696	Folding	-0.06345499	0.06728138	0.263743
Y70T	Y70T	70	70	-0.16932519	-0.16938113	-0.28884438	-0.25912526	-0.13065842	0.065066606	-0.20366478	-0.18291083	-0.322753	0.03140655	10	-0.16301897	0.1263078	0.49512658	Folding	-0.09814736	0.076045	0.2980964
Y70V	Y70V	70	70	-0.04127426	-0.019247413	-0.12650782	0.032887917	0.0011210716	0.08272136	-0.0040397365	0.07369137	0.025825383	-0.058601964	10	-0.0033424087	0.062751815	0.24598712	Folding	-0.0020123338	0.03778042	0.14809924
Y70W	Y70W	70	70	0.09849516	-0.057107702	-0.037837148	-0.046173163	-0.2924189	-0.031667702	-0.17610916	-0.06740829	-3.4176544e-05	-0.09003381	10	-0.0700295	0.10416918	0.4083432	Folding	-0.042162027	0.0627162	0.24584751
Y95A	Y95A	95	95	0.54584605	0.51404804	0.69909835	0.6685298	0.57258207	0.80720854	0.9511296	0.7955752	0.58520746	0.4946352	10	0.663386	0.14952096	0.5861222	Folding	0.3993988	0.09002074	0.3528813
Y95C	Y95C	95	95	0.46549982	0.4192855	0.43268284	0.42906538	0.48581696	0.4596285	0.5932812	0.64236575	0.5212556	0.38829544	10	0.48371774	0.08051735	0.31562802	Folding	0.29122758	0.048476353	0.19002731
Y95D	Y95D	95	95	1.8801765	1.9017857	1.8767099	1.8448255	1.8340656	1.8468869	1.8639303	1.8765316	1.8246578	1.8061305	10	1.8555702	0.029345954	0.115036145	Folding	1.1171664	0.017668054	0.06925877
Y95E	Y95E	95	95	1.7833064	1.3864748	1.6389811	1.5116836	1.7847581	1.7269497	1.7938304	1.8192129	1.9448578	1.5576078	10	1.6947663	0.16842651	0.66023195	Folding	1.0203526	0.10140303	0.3974999
Y95F	Y95F	95	95	-0.31151453	-0.2519958	-0.33338252	-0.2749823	-0.29376543	-0.25647914	-0.18770577	-0.32357115	-0.14627972	-0.25521025	10	-0.26348865	0.05923687	0.23220854	Folding	-0.15863623	0.03566421	0.1398037
Y95G	Y95G	95	95	2.267527	2.1100361	2.1055763	2.1618752	2.4760113	2.2861388	2.1622298	2.3429954	2.0340884	2.0803246	10	2.20268	0.13754843	0.5391899	Folding	1.3261477	0.08281254	0.32462516
Y95H	Y95H	95	95	0.4002605	0.58152354	0.62843806	0.56597495	0.36908916	0.5239618	0.5539201	0.38764927	0.5398871	0.48332942	10	0.5034033	0.08971437	0.35168034	Folding	0.3030795	0.05401352	0.211733
Y95I	Y95I	95	95	-0.37962124	-0.45356634	-0.39268455	-0.45278293	-0.48771992	-0.4897051	-0.60882354	-0.52209735	-0.42641565	-0.5113002	10	-0.47247165	0.06744965	0.26440263	Folding	-0.28445673	0.040608805	0.15918651
Y95K	Y95K	95	95	1.2772863	1.2199371	1.2611108	1.1550424	0.9609905	1.1179991	1.0467675	1.1736441	1.2639564	1.1203723	10	1.1597106	0.10238793	0.4013607	Folding	0.6982165	0.061643776	0.24164361
Y95L	Y95L	95	95	-0.3457929	-0.44939962	-0.44182166	-0.45675254	-0.55128366	-0.36684805	-0.3753307	-0.41316947	-0.36365217	-0.40846154	10	-0.4172512	0.0610402	0.23927759	Folding	-0.25121066	0.03674992	0.1440597
Y95M	Y95M	95	95	0.2826621	0.065864526	-0.03564069	-0.10592709	-0.13674872	-0.07607749	-0.030800905	-0.15015678	-0.08523266	-0.031994596	10	-0.030405229	0.12638304	0.4954215	Folding	-0.0183058	0.07609029	0.29827395
Y95N	Y95N	95	95	1.1678694	1.325836	1.1778654	1.1564435	1.1654941	1.1919401	1.2486908	1.2608986	1.177067	1.2280416	10	1.2100146	0.054669257	0.2143035	Folding	0.7285026	0.032914225	0.12902376
Y95P	Y95P	95	95	2.5947757	2.5286477	2.7326	2.20211	2.4443479	2.4215183	2.1848476	2.1581366	2.4934618	2.2534335	10	2.4013877	0.19484662	0.7637988	Folding	1.4457818	0.11730954	0.4598534
Y95Q	Y95Q	95	95	0.69144744	0.91315854	0.655856	0.5742796	0.8582712	0.80655205	0.75723183	0.64635485	0.85145295	0.94210154	10	0.76967055	0.12420039	0.48686552	Folding	0.4633886	0.07477621	0.29312274
Y95R	Y95R	95	95	1.259168	1.1952425	1.3090577	1.1699667	1.1781404	1.2671857	1.3111415	1.236409	1.2082826	1.229661	10	1.2364255	0.05018751	0.19673504	Folding	0.74440354	0.030215941	0.11844649
Y95S	Y95S	95	95	1.3976535	1.4113863	1.4172804	1.5171697	1.3983365	1.4545866	1.5490642	1.4343077	1.4369161	1.4052705	10	1.4421972	0.05177591	0.20296156	Folding	0.86829066	0.031172255	0.122195244
Y95T	Y95T	95	95	0.8934013	0.69117373	0.6340641	0.6310141	0.6603397	0.51360345	0.5400901	0.47983956	0.6075082	0.53149045	10	0.6182525	0.11882321	0.465787	Folding	0.3722257	0.07153881	0.28043216
Y95V	Y95V	95	95	-0.06513211	-0.15483966	-0.12886132	-0.196575	-0.23456116	-0.034599993	0.05505062	-0.046631925	-0.09781747	0.0036311538	10	-0.09003369	0.09031211	0.3540235	Folding	-0.054205768	0.054373395	0.2131437
Y95W	Y95W	95	95	-0.10760193	-0.19125763	-0.06802309	-0.122329116	-0.1957324	-0.06634362	-0.12092987	-0.32597318	-0.14872901	-0.10213436	10	-0.14490542	0.07740252	0.30341786	Folding	-0.087241895	0.046601035	0.18267606
