id	id_ref	Pos	Pos_ref	fold_1	fold_2	fold_3	fold_4	fold_5	fold_6	fold_7	fold_8	fold_9	fold_10	n	mean	std	ci95	trait_name	mean_kcal/mol	std_kcal/mol	ci95_kcal/mol
A10C	A10C	10	10	-0.03880153	-0.1722746	-0.18235458	-0.30034938	-0.2628258	-0.18252815	-0.25265387	-0.062419266	-0.32639825	-0.086043395	10	-0.18666488	0.10015134	0.39259326	Binding_RAL	-0.11238364	0.060297213	0.23636508
A10D	A10D	10	10	-0.012355821	0.081971705	-0.024331428	0.16544805	0.13659573	0.012987367	0.033536676	-0.06561439	0.14255148	-0.109967515	10	0.036082186	0.09338609	0.3660735	Binding_RAL	0.021723676	0.056224123	0.22039856
A10E	A10E	10	10	-0.27558902	-0.14270331	-0.056624275	-0.22312252	-0.08657721	-0.29078567	-0.22544795	-0.15210107	0.110121265	-0.16574001	10	-0.15085699	0.11894682	0.46627155	Binding_RAL	-0.0908251	0.07161324	0.2807239
A10F	A10F	10	10	-0.38387012	-0.14072764	-0.30534607	-0.4340755	-0.23022142	-0.35004902	-0.34596446	-0.044784628	-0.2777193	-0.18493168	10	-0.26976898	0.120012164	0.4704477	Binding_RAL	-0.16241738	0.07225464	0.2832382
A10G	A10G	10	10	-0.024577022	-0.07479901	-0.14037134	0.016323732	-0.05051554	0.03509705	-0.15497462	-0.10357657	-0.009415224	-0.043841377	10	-0.055064987	0.06358506	0.24925344	Binding_RAL	-0.03315248	0.03828208	0.15006576
A10H	A10H	10	10	-0.05361683	0.16331507	0.0130299665	-0.10155531	0.15605205	0.063145824	0.14762679	0.20700522	0.16083546	0.016213996	10	0.077205226	0.10516589	0.4122503	Binding_RAL	0.046482254	0.06331628	0.24819982
A10I	A10I	10	10	-0.3464437	-0.28907144	-0.18146856	-0.33438656	-0.32520553	-0.43795434	-0.33569428	-0.4002609	-0.13840693	-0.40071708	10	-0.31896093	0.094963565	0.37225717	Binding_RAL	-0.19203393	0.057173856	0.22412151
A10K	A10K	10	10	0.64910537	-0.10686501	-0.12422303	-0.03048881	0.097833574	0.013270133	0.12534781	0.01470506	0.115967795	-0.21738206	10	0.053727083	0.23726033	0.9300605	Binding_RAL	0.03234698	0.14284518	0.55995315
A10L	A10L	10	10	-0.30887625	-0.26775	-0.13827819	-0.26329964	-0.32697436	-0.2441968	-0.31219095	-0.29370376	-0.26085207	-0.25438672	10	-0.26705086	0.05313115	0.20827411	Binding_RAL	-0.1607809	0.031988192	0.12539372
A10M	A10M	10	10	-0.21100329	-0.1694364	-0.2756018	-0.2525627	-0.24574019	-0.3878397	-0.032308415	-0.18351127	-0.4712014	-0.22787341	10	-0.24570784	0.11959979	0.46883118	Binding_RAL	-0.1479311	0.07200637	0.28226498
A10N	A10N	10	10	0.22959058	0.1923136	0.35964552	0.17711964	0.3286067	-0.04406958	0.30245116	0.24397302	0.2706793	0.41695654	10	0.24772663	0.12682961	0.4971721	Binding_RAL	0.14914654	0.07635916	0.2993279
A10P	A10P	10	10	0.19320272	-0.07755603	0.19017386	0.21299726	0.20501895	0.22372389	-0.2409445	-0.092440195	-0.06319646	0.12721857	10	0.0678198	0.16922826	0.6633748	Binding_RAL	0.04083165	0.10188573	0.39939207
A10Q	A10Q	10	10	0.2048286	0.33241805	0.21265642	0.37058204	0.085345834	0.13497986	0.1463743	0.053013135	0.016043296	0.11982664	10	0.16760682	0.11471946	0.4497003	Binding_RAL	0.10090952	0.06906811	0.270747
A10R	A10R	10	10	-0.032434776	-0.11942995	-0.13935404	-0.090125225	0.1371717	0.10106783	0.04753858	-0.024197595	0.13283128	-0.13876092	10	-0.012569314	0.11058065	0.43347618	Binding_RAL	-0.0075674932	0.066576295	0.2609791
A10S	A10S	10	10	-0.0079272585	0.021087252	-0.029485926	-0.017019872	-0.14938475	0.1525041	0.05917691	0.092504404	0.03606383	0.13646035	10	0.029397905	0.08855541	0.3471372	Binding_RAL	0.017699331	0.053315755	0.20899776
A10T	A10T	10	10	-0.3822477	-0.2517242	-0.16127431	-0.091605395	-0.35089982	-0.14146206	-0.4033862	-0.46704292	-0.21685456	-0.13503571	10	-0.26015332	0.13179709	0.5166446	Binding_RAL	-0.15662816	0.07934988	0.31105155
A10V	A10V	10	10	-0.09410527	-0.31527427	-0.12370042	-0.1591617	-0.20412545	-0.087280184	-0.106470846	-0.17386243	-0.1696967	-0.1244639	10	-0.15581413	0.06769619	0.2653691	Binding_RAL	-0.093809605	0.040757235	0.15976836
A10W	A10W	10	10	0.03177365	0.21053429	0.1324566	-0.09140864	0.045407083	-0.06825167	-0.09981012	-0.040949408	-0.09032616	0.10737577	10	0.01368014	0.109245114	0.42824087	Binding_RAL	0.008236278	0.06577222	0.2578271
A10Y	A10Y	10	10	0.06981574	-0.31050178	-0.19501387	-0.414342	-0.1700554	-0.021685513	-0.26846573	0.010751834	0.052498255	0.031918816	10	-0.121507965	0.17278981	0.6773361	Binding_RAL	-0.0731552	0.104030006	0.40779763
A129C	A129C	129	129	-0.25678164	-0.3379291	-0.2113861	-0.10881288	-0.12753741	-0.022272654	-0.14567062	-0.034619585	-0.35458308	-0.16906494	10	-0.17686582	0.11418042	0.44758728	Binding_RAL	-0.106484	0.06874358	0.26947483
A129D	A129D	129	129	-0.22251865	-0.51308316	-0.586116	-0.3947524	-0.38032684	-0.33891186	-0.33619377	-0.19349541	-0.54818547	-0.50115794	10	-0.40147415	0.13414687	0.5258557	Binding_RAL	-0.24171191	0.08076459	0.3165972
A129E	A129E	129	129	-0.2708527	-0.14908676	-0.2820585	-0.27244905	-0.38254786	-0.3211958	-0.4905756	-0.17792188	-0.29435062	-0.26813385	10	-0.29091728	0.09627119	0.37738305	Binding_RAL	-0.17514993	0.057961125	0.22720762
A129F	A129F	129	129	-0.41639644	-0.39177	-0.49265623	-0.66329896	-0.7298467	-0.43683627	-0.46985975	-0.5579062	-0.7104861	-0.6348651	10	-0.55039215	0.12631696	0.49516252	Binding_RAL	-0.33136964	0.07605051	0.29811803
A129G	A129G	129	129	0.11517433	0.04356648	0.010777892	0.022485731	0.020723976	0.18121527	0.11916972	0.12685597	0.091638535	-0.007053441	10	0.07245545	0.06262472	0.24548891	Binding_RAL	0.043622598	0.0377039	0.1477993
A129H	A129H	129	129	-0.34950033	-0.22623248	-0.19942236	-0.40657723	-0.36860165	-0.37322196	-0.39104542	-0.24844687	-0.22686383	-0.38250113	10	-0.31724134	0.081352346	0.3189012	Binding_RAL	-0.19099863	0.048979074	0.19199798
A129I	A129I	129	129	-0.25081024	-0.05655584	-0.04723849	-0.31643903	-0.13535374	-0.27105358	-0.25818902	-0.10644897	-0.017631665	-0.29629642	10	-0.17560169	0.11450181	0.44884712	Binding_RAL	-0.10572293	0.06893707	0.27023333
A129K	A129K	129	129	-0.325799	-0.32770997	-0.36347103	-0.4004171	-0.24776463	-0.3604638	-0.027856706	-0.05427823	-0.22826326	-0.32353544	10	-0.26595592	0.12930638	0.506881	Binding_RAL	-0.16012168	0.07785032	0.30517325
A129L	A129L	129	129	-0.5046384	-0.48726904	-0.5082706	-0.37907574	-0.6477468	-0.3514475	-0.6015211	-0.45934153	-0.4704502	-0.32818612	10	-0.4737947	0.10233784	0.40116432	Binding_RAL	-0.2852533	0.06161362	0.2415254
A129M	A129M	129	129	-0.46540314	-0.028713416	-0.47906542	-0.2892023	-0.6447685	-0.4541438	-0.4737603	-0.35086975	-0.34055743	-0.277075	10	-0.3803559	0.16537546	0.6482718	Binding_RAL	-0.22899744	0.09956611	0.39029917
A129N	A129N	129	129	-0.4401783	-0.49271974	-0.3826548	-0.20356634	-0.5165616	-0.44933635	-0.4906677	-0.4854424	-0.1742528	-0.40741855	10	-0.40427986	0.120864324	0.47378817	Binding_RAL	-0.24340113	0.07276769	0.28524935
A129P	A129P	129	129	-0.36389548	-0.40769324	-0.21805097	-0.15253657	-0.36239472	-0.09003	-0.49975413	-0.42511773	-0.43700436	-0.093267255	10	-0.3049744	0.1523663	0.5972759	Binding_RAL	-0.18361318	0.0917338	0.3595965
A129Q	A129Q	129	129	-0.70518345	-0.4731503	-0.28305164	-0.57641214	-0.6059502	-0.48458922	-0.4128364	-0.7279204	-0.46621802	-0.6014816	10	-0.5336793	0.13615002	0.5337081	Binding_RAL	-0.32130748	0.08197061	0.3213248
A129R	A129R	129	129	-0.46394062	-0.4904201	-0.3801437	-0.16813172	-0.28375277	-0.24554415	-0.20490396	-0.17104729	-0.41120118	-0.3368666	10	-0.3155952	0.11885697	0.46591932	Binding_RAL	-0.19000755	0.07155914	0.28051183
A129S	A129S	129	129	0.031584058	-0.09651138	-0.045698296	-0.10169152	-0.01810254	-0.0224692	0.09660673	0.03265798	0.042180013	0.06921423	10	-0.0012229927	0.06710545	0.26305336	Binding_RAL	-0.00073631614	0.040401574	0.15837418
A129T	A129T	129	129	-0.37949613	-0.50499696	-0.34190083	-0.42526147	-0.48491102	-0.036356177	-0.22802493	-0.53971446	-0.28391162	-0.2116625	10	-0.3436236	0.1567607	0.61450195	Binding_RAL	-0.20688236	0.09437949	0.3699676
A129V	A129V	129	129	-0.2232082	-0.32140034	-0.2080564	-0.3031669	-0.2537672	-0.2150536	-0.14829463	-0.2813763	-0.1416457	-0.2638007	10	-0.23597701	0.06048908	0.2371172	Binding_RAL	-0.14207254	0.036418114	0.14275901
A129W	A129W	129	129	-1.0415648	-0.6803855	-0.817022	-0.77877074	-0.49647036	-0.6977873	-0.6682588	-0.92478967	-0.88619566	-0.66279745	10	-0.7654042	0.15747772	0.61731267	Binding_RAL	-0.46082002	0.09481119	0.37165987
A129Y	A129Y	129	129	-0.49972597	-0.9542617	-0.9358743	-0.7532991	-0.53647137	-0.8711992	-0.84829974	-0.48333815	-0.6369169	-0.56699365	10	-0.708638	0.18533638	0.72651863	Binding_RAL	-0.42664328	0.1115838	0.4374085
A133C	A133C	133	133	-0.39294374	-1.0874689	-0.70906293	-0.6991416	-0.5125137	-0.5428203	-0.6873304				7	-0.6616116	0.22143471	0.8680241	Binding_RAL	-0.39833054	0.1333172	0.52260345
A133D	A133D	133	133	-0.8158104	-0.907176	-0.5718056	-0.52295756	-0.41264537	-0.5793189	-0.6813242	-1.0768639	-1.0325717	-0.99766016	10	-0.75981337	0.23735876	0.9304464	Binding_RAL	-0.45745397	0.14290445	0.56018543
A133E	A133E	133	133	-0.7403356	-0.9727875	-1.1838174	-0.8568713	0.13023032	-0.57481384	-0.43943626	-0.47421083	-0.96873313	-0.59821653	10	-0.66789925	0.3698091	1.4496517	Binding_RAL	-0.40211606	0.22264762	0.8727787
A133F	A133F	133	133	-0.3200347	-0.6116913	-0.37883246	-0.5858332	-0.74574655	-0.5007599	0.6055175	-0.689877	-1.2882925	-0.90106374	10	-0.5416614	0.48881105	1.9161394	Binding_RAL	-0.32611316	0.29429406	1.1536328
A133G	A133G	133	133	-0.17415625	-0.6354367	-0.072837226	-0.37385106	0.088057786	-0.116853975	0.1511748	-0.045305353	0.15829052	0.04357116	10	-0.09773464	0.24875897	0.9751352	Binding_RAL	-0.058842212	0.14976807	0.58709085
A133H	A133H	133	133	-0.7209471	-1.0009068	-0.6201282	-1.1698444	-1.0038759	-0.5740118	-0.96403384	-0.78438574	-0.6593713	-1.1467906	10	-0.8644296	0.21961255	0.8608812	Binding_RAL	-0.5204393	0.13222015	0.518303
A133L	A133L	133	133	-0.82205254	-0.4423741	-0.7288415	-0.83181506	-1.084124	-0.45819572	-0.64638096	-1.118618	-0.23201445	-0.5506666	10	-0.6915083	0.28366673	1.1119736	Binding_RAL	-0.41633016	0.17078467	0.6694759
A133R	A133R	133	133	-0.32221574	-0.3932968	-0.41917434	0.32851616	0.229272	0.9262213	-0.1672234	-0.74876046	-0.4812957	-0.71144056	10	-0.17593975	0.52381486	2.0533543	Binding_RAL	-0.10592646	0.31536847	1.2362444
A133S	A133S	133	133		0.18868375	0.10885717	-0.39582363	0.38420188	-0.08886844	-0.13672508	0.2348256			7	0.042164467	0.26489884	1.0384035	Binding_RAL	0.025385581	0.15948525	0.6251822
A133T	A133T	133	133	-0.5237694	-0.29396904	-0.61553174	0.16238536	-0.59358966	-0.10968515	-0.08070686	-0.60618997	-0.1248889	-0.54189175	10	-0.33278373	0.28010985	1.0980307	Binding_RAL	-0.2003561	0.1686432	0.6610814
A133V	A133V	133	133	0.24586399	-0.1329943	0.53998053	0.35328576	0.58008564	0.6246609			-0.15076691	0.39770827	8	0.307228	0.30402473	1.191777	Binding_RAL	0.18496999	0.18304142	0.7175224
A133W	A133W	133	133	0.07714605	0.12116972	-0.34097928	-0.61172444	-0.23865496	-0.39373997	-0.09839887	-0.1007487	-0.52574545	-0.30312264	10	-0.24147987	0.24223351	0.9495554	Binding_RAL	-0.14538561	0.14583935	0.57169026
A145F	A145F	145	145	2.1137033	2.1646724	2.1071463	2.2098677	2.2745073	2.245019	2.1729457	2.1504002	2.195733	2.254462	10	2.1888456	0.05766243	0.22603673	Binding_RAL	1.3178185	0.0347163	0.1360879
A145I	A145I	145	145	1.0289023	0.19800933	0.73908716	1.8403032	1.7148381	1.2837642	1.588468	1.4513901	0.76741123	1.525836	10	1.213801	0.5199642	2.0382597	Binding_RAL	0.7307822	0.31305015	1.2271566
A145S	A145S	145	145	1.4111916	1.6175685	1.3037015	1.6723976	0.61431354	0.97086513	1.5893929	1.4503982	0.8359238	0.96164083	10	1.2427393	0.37026063	1.4514217	Binding_RAL	0.7482048	0.22291948	0.8738444
A145Y	A145Y	145	145	0.37166172	1.0945677	0.7369118	0.13359764	1.137354	0.45070535	0.8020775	0.5360981	0.474548	1.030493	10	0.6768015	0.33846816	1.3267952	Binding_RAL	0.40747577	0.20377848	0.7988116
A154C	A154C	154	154	-0.22888076	-0.25609815	-0.04837491	-0.09073692	-0.09302939	-0.12996757	-0.17702681	-0.16235366	-0.25925374	-0.073697835	10	-0.15194197	0.07715026	0.30242905	Binding_RAL	-0.09147833	0.046449162	0.18208072
A154D	A154D	154	154	-0.32178465	-0.24117659	-0.30286673	0.13898453	0.1648137	0.021989033	-0.23396505	-0.16725017	-0.20925017	-0.21666738	10	-0.13671735	0.17855278	0.6999269	Binding_RAL	-0.08231218	0.10749966	0.42139867
A154E	A154E	154	154	-0.6746229	-0.30817568	-0.4057175	-0.41626605	-0.09939508	-0.4857652	-0.57477397	-0.6786638	-0.4467069	-0.14386159	10	-0.42339486	0.19787212	0.7756587	Binding_RAL	-0.25490952	0.11913108	0.46699384
A154F	A154F	154	154	-1.1200485	-0.85517746	-0.9449339	-0.7321245	-0.7087015	-0.74088144	-0.96828264	-0.8576695	-1.0508157	-0.8797713	10	-0.8858406	0.1374973	0.5389894	Binding_RAL	-0.53333	0.08278176	0.32450452
A154G	A154G	154	154	-0.6960934	-0.33774555	-0.597068	-0.6965703	-0.50086546	-0.5305252	-0.3280101	-0.44351536	-0.4438449	-0.44955298	10	-0.5023791	0.13003695	0.5097449	Binding_RAL	-0.30246288	0.07829017	0.3068975
A154H	A154H	154	154	-0.23628631	-0.5735472	-0.90378743	-0.87785035	-0.52302366	-0.7456958	-0.92579687	-0.6701985	-0.73163646	-0.9878259	10	-0.7175649	0.22857559	0.8960163	Binding_RAL	-0.4320178	0.13761644	0.5394565
A154I	A154I	154	154	-0.2817456	-0.037182167	-0.101804085	-0.067006424	-0.43868566	-0.38936752	-0.13001777	-0.012710075	-0.16846327	-0.09215558	10	-0.17191382	0.14834805	0.5815244	Binding_RAL	-0.1035026	0.08931457	0.35011312
A154K	A154K	154	154	0.20401396	0.6631968	0.44633013	0.5894205	0.25357425	0.09749103	0.084122285	0.8442318	0.68873197	0.17186336	10	0.4042976	0.2770901	1.0861932	Binding_RAL	0.2434118	0.16682513	0.6539545
A154L	A154L	154	154	-0.5794032	-0.35300988	-0.23547934	-0.3917819	-0.35800025	-0.45411712	-0.74053746	-0.63894314	-0.3727647	-0.4213331	10	-0.454537	0.1530194	0.59983605	Binding_RAL	-0.273659	0.09212701	0.3611379
A154M	A154M	154	154	-0.9189745	-0.51836926	-0.47475687	-0.60846597	-0.39590895	-0.5284561	-0.5812057	-0.56485826	-1.0023315	-0.58209467	10	-0.6175422	0.19196054	0.75248533	Binding_RAL	-0.37179807	0.11557195	0.45304206
A154N	A154N	154	154	-0.6545357	-0.11856939	-0.40246463	-0.43596286	0.23085217	-0.02973748	-0.2924391	-0.22614896	-0.56052357	-0.4537849	10	-0.29433146	0.26649067	1.0446434	Binding_RAL	-0.17720549	0.16044363	0.62893903
A154P	A154P	154	154	-0.6130574	-0.7118211	-0.7143875	-0.6699883	-0.5327315	-0.6858445	-0.89596504	-0.7468539	-0.6846767	-0.68510747	10	-0.69404334	0.092906736	0.36419442	Binding_RAL	-0.4178564	0.05593552	0.21926725
A154Q	A154Q	154	154	-0.93648404	-0.7156046	-0.8276962	-0.878582	-0.6079192	-0.7920326	-0.8403677	-1.0424714	-0.6621697	-0.79776055	10	-0.81010884	0.12825905	0.5027755	Binding_RAL	-0.4877349	0.07721977	0.3027015
A154R	A154R	154	154	-0.22988732	-0.32551888	-0.37214693	-0.05482593	0.4552173	-0.15466449	-0.3685612	-0.49968702	-0.31242236	-0.27399963	10	-0.21364966	0.26524624	1.0397652	Binding_RAL	-0.12863012	0.15969442	0.62600213
A154S	A154S	154	154	-0.51460594	-0.5113031	-0.51327723	-0.5036629	-0.5107668	-0.3884226	-0.4430984	-0.46422058	-0.49422657	-0.5339221	10	-0.48775062	0.04384032	0.17185405	Binding_RAL	-0.2936556	0.026394544	0.103466615
A154T	A154T	154	154	-0.516193	-0.5704862	-0.50838155	-0.4035914	-0.24302393	-0.58813906	-0.73437387	-0.5364156	-0.7391324	-0.3732866	10	-0.52130234	0.15396987	0.6035619	Binding_RAL	-0.3138558	0.09269925	0.3633811
A154V	A154V	154	154	-0.2595933	-0.16918816	-0.093572825	-0.14948203	-0.16614522	-0.18972513	-0.08232548	-0.08713574	-0.17632797	-0.16029291	10	-0.15337887	0.05438405	0.21318547	Binding_RAL	-0.092343435	0.032742515	0.12835066
A154W	A154W	154	154	-0.6746648	-0.37983763	-0.35427433	-0.29987168	-0.27336532	-0.77213144	-0.8114746	-0.7581061	-0.71573335	-0.5093075	10	-0.5548767	0.21390578	0.8385107	Binding_RAL	-0.3340696	0.12878433	0.5048346
A154Y	A154Y	154	154	-0.79389054	-0.7095981	-0.5101225	-0.74413306	-0.67662126	-0.27223077	-0.2913419	-0.97066665	-0.56663895	-0.5488809	10	-0.6084125	0.21793044	0.8542873	Binding_RAL	-0.36630142	0.1312074	0.51433307
A17C	A17C	17	17	-0.054903027	-0.06329693	-0.032472853	-0.14865083	-0.05293711	0.0744275	-0.059501525	-0.118876345	-0.010265923	0.03111438	10	-0.043536264	0.065239415	0.2557385	Binding_RAL	-0.026211485	0.039278105	0.15397017
A17D	A17D	17	17	0.6061254	0.48224244	0.5494816	0.69839025	0.49676552	0.6032849	0.5368372	0.66058296	0.6513852	0.6382956	10	0.59233916	0.07301841	0.28623217	Binding_RAL	0.35662428	0.043961536	0.17232923
A17E	A17E	17	17	2.1199093	1.9581957	1.9078059	2.064983	2.195602	2.0076673	1.9403906	2.1435132	1.7391683	1.9911399	10	2.0068374	0.13289961	0.5209665	Binding_RAL	1.2082385	0.08001367	0.3136536
A17F	A17F	17	17	3.2335784	2.4501996	2.5555131	2.2328746	2.317705	2.2897446	2.2874587	2.5803611	2.7676835	2.12422	10	2.483934	0.32564628	1.2765335	Binding_RAL	1.4954797	0.19605891	0.76855093
A17G	A17G	17	17	-0.03388445	-0.039084736	-0.055442985	-0.049888846	-0.013437273	0.0187108	-0.026419418	0.0355543	-0.033934083	-0.039873507	10	-0.02377002	0.029481864	0.115568906	Binding_RAL	-0.014311001	0.01774988	0.06957953
A17H	A17H	17	17	1.1251564	0.75380397	0.7674187	0.95282453	0.7988937	1.0268369	0.9951198	0.6933684	0.68661696	0.8230329	10	0.86230725	0.15192842	0.5955594	Binding_RAL	0.5191615	0.091470174	0.3585631
A17I	A17I	17	17	0.12855919	-0.10245576	0.055594936	0.19831221	0.22873959	0.02228338	0.050803047	0.1271274	0.0358254	0.463194	10	0.120798334	0.15308444	0.60009104	Binding_RAL	0.07272796	0.09216617	0.3612914
A17K	A17K	17	17	0.4887524	0.56672573	0.4124863	0.38392955	0.3295578	0.47347674	0.40846777	0.3712272	0.32310387	0.3818211	10	0.41395482	0.07575197	0.29694772	Binding_RAL	0.24922605	0.045607302	0.17878063
A17L	A17L	17	17	2.5751796	2.3023438	2.5593553	2.3944278	2.318256	2.5885758	2.673218	2.646309	2.3759909	2.6365743	10	2.5070229	0.14345476	0.56234264	Binding_RAL	1.5093806	0.086368516	0.3385646
A17M	A17M	17	17	-0.1906647	-0.10795227	-0.08564972	-0.09317384	-0.26783776	-0.057675138	-0.11097501	-0.38620597	-0.19821177	-0.19248788	10	-0.1690834	0.10055704	0.3941836	Binding_RAL	-0.10179852	0.060541466	0.23732255
A17N	A17N	17	17	-0.4334467	-0.5588235	-0.56764746	-0.40223923	-0.46514314	-0.7807314	-0.59469956	-0.38512832	-0.63087636	-0.4453517	10	-0.52640873	0.12353693	0.48426476	Binding_RAL	-0.31693015	0.07437676	0.29155692
A17P	A17P	17	17	1.9315572	1.9840248	1.9437776	2.2090893	2.2356722	2.0967088	2.2433228	2.2706478	2.1672602	2.347194	10	2.1429257	0.14659539	0.5746539	Binding_RAL	1.290172	0.08825936	0.3459767
A17Q	A17Q	17	17	-0.37127578	-0.5774962	-0.30419225	-0.32943135	-0.21190588	-0.28197223	-0.30353692	-0.23454618	-0.24721955	-0.20502396	10	-0.30666003	0.1088899	0.4268484	Binding_RAL	-0.18462804	0.06555836	0.25698876
A17R	A17R	17	17	0.76007617	0.83979124	0.7300809	0.8434886	0.726076	0.6365922	0.77485985	0.7866588	0.79096305	0.77968	10	0.76682675	0.060022168	0.2352869	Binding_RAL	0.46167645	0.036137003	0.14165705
A17S	A17S	17	17	-0.002861346	-0.0011652901	-0.010942367	0.046706714	0.17186953	0.15714084	0.08711749	0.056582887	0.013198046	0.006265912	10	0.05239124	0.06674935	0.26165745	Binding_RAL	0.03154272	0.04018718	0.15753375
A17T	A17T	17	17	0.20358904	0.27677742	0.35695153	0.23177591	0.2501134	0.35567072	0.101146296	0.22792311	0.36644983	0.15254384	10	0.25229412	0.089105755	0.34929457	Binding_RAL	0.15189645	0.053647097	0.21029663
A17V	A17V	17	17	0.19677095	0.069042936	0.14196624	0.16105266	0.21456337	0.23521152	0.19464938	0.17671649	0.16249156	0.1577558	10	0.17102209	0.045779604	0.17945606	Binding_RAL	0.10296573	0.027562113	0.108043484
A17W	A17W	17	17	1.8135097	1.6766626	1.6201282	1.7276704	1.6434422	1.8615769	1.7145486	1.9260083	1.7739922	1.9051745	10	1.7662714	0.10792182	0.42305353	Binding_RAL	1.063403	0.064975515	0.25470403
A17Y	A17Y	17	17	2.7845473	2.6196308	3.1160681	2.6383052	2.864421	2.9184506	1.157413	1.4750575	1.1838704	1.662687	10	2.2420452	0.7762288	3.0428169	Binding_RAL	1.3498479	0.46733707	1.8319614
A58C	A58C	58	58	0.6937652	0.54829293	0.60028315	0.6539229	0.7593308	0.741876	0.8445993	0.61062115	0.8119135	0.7464588	10	0.7011064	0.096587636	0.37862355	Binding_RAL	0.42210883	0.058151647	0.22795446
A58D	A58D	58	58	1.8847182	1.4029559	1.429939	1.7686285	1.8619078	1.690081	1.5945271	1.6724355	1.6912961	1.7078004	10	1.6704289	0.15971774	0.62609357	Binding_RAL	1.0057	0.096159816	0.37694648
A58E	A58E	58	58	1.7305211	1.6139721	1.4236375	1.5284164	1.5472461	1.4785928	1.5836811	1.6348351	1.6770359	1.6713858	10	1.5889324	0.09560738	0.37478092	Binding_RAL	0.95663416	0.057561472	0.22564097
A58F	A58F	58	58	2.8998666	3.0250022	2.636973	2.6379619	2.588879	2.758326	2.426641	2.9992442	2.4016366	2.3280208	10	2.670255	0.24764624	0.9707733	Binding_RAL	1.6076562	0.14909814	0.5844647
A58G	A58G	58	58	0.14136335	0.17252006	0.13607891	0.18981498	0.116970584	0.15000007	0.19255991	0.16953501	0.12626566	0.18517432	10	0.15802829	0.027488781	0.107756026	Binding_RAL	0.09514266	0.016549923	0.0648757
A58H	A58H	58	58	2.2327757	1.9794376	2.1293821	2.0055175	2.1787999	2.0570095	2.1086214	2.1987019	2.3249128	2.0685463	10	2.1283705	0.10716301	0.42007902	Binding_RAL	1.2814088	0.06451867	0.25291318
A58I	A58I	58	58	3.1536787	3.2484608	2.6068	3.1009007	2.4894397	2.9596925	2.9687452	2.4488761	3.1064003	3.2298467	10	2.931284	0.30442652	1.193352	Binding_RAL	1.7648116	0.18328333	0.7184707
A58K	A58K	58	58	2.9778452	2.7938457	2.3320332	2.926618	2.584432	2.222795	2.0608265	3.1179025	2.5316257	2.684514	10	2.6232438	0.34427068	1.3495411	Binding_RAL	1.5793527	0.20727193	0.812506
A58L	A58L	58	58	3.3978746	3.4534173	2.9188242	3.0489948	3.0620492	2.6503232	3.0381296	3.138164	2.8040295	2.660453	10	3.017226	0.27290165	1.0697745	Binding_RAL	1.8165541	0.16430344	0.6440695
A58M	A58M	58	58	1.5251937	1.471578	1.2590926	1.518711	1.2391481	1.3342861	1.440725	1.3337563	1.1194212	1.5353991	10	1.3777311	0.14262646	0.55909574	Binding_RAL	0.82947814	0.08586983	0.33660972
A58N	A58N	58	58	0.9091436	1.0286336	0.90525794	0.970902	0.91576886	0.9228838	0.8760719	0.89670163	0.933108	0.8986731	10	0.9257145	0.044128954	0.17298551	Binding_RAL	0.55733657	0.026568322	0.10414782
A58P	A58P	58	58	1.3211262	1.3138387	1.2876902	1.2851169	1.4501398	1.4177245	1.3656449	1.3021271	1.3948233	1.3006607	10	1.3438892	0.059118427	0.23174424	Binding_RAL	0.80910325	0.0355929	0.13952416
A58Q	A58Q	58	58	1.5345784	1.7075902	1.571708	1.5866334	1.56808	1.5191272	1.5792408	1.4670324	1.576778	1.6877187	10	1.5798488	0.07201732	0.2823079	Binding_RAL	0.95116526	0.043358818	0.16996656
A58R	A58R	58	58	2.1198924	1.9631684	2.035364	1.9750069	2.0119245	1.992924	2.0873487	1.9867555	2.0927641	2.11429	10	2.0379438	0.060436856	0.23691247	Binding_RAL	1.2269665	0.036386672	0.14263576
A58S	A58S	58	58	-0.29030472	-0.18592364	-0.29307666	-0.12917335	-0.21428038	-0.19980735	-0.26331955	-0.12035819	-0.22310929	-0.08181031	10	-0.20011635	0.07233535	0.28355455	Binding_RAL	-0.12048224	0.04355029	0.17071714
A58T	A58T	58	58	0.45645976	0.6327745	0.5079001	0.39848155	0.39752546	0.5070115	0.4191578	0.3853379	0.4635389	0.60501623	10	0.47732034	0.08650012	0.33908048	Binding_RAL	0.28737596	0.052078348	0.20414713
A58V	A58V	58	58	3.0498295	2.9915664	2.967119	2.7718062	3.2423365	3.188616	3.436858	2.7392757	3.2021654	3.0842035	10	3.0673776	0.21380061	0.8380984	Binding_RAL	1.8467484	0.128721	0.50458634
A58W	A58W	58	58	3.2249494	2.5943449	2.248863	2.801705	2.448541	2.4526846	3.2486508	3.0163484	2.8519163	3.5294337	10	2.841744	0.4131478	1.6195394	Binding_RAL	1.7109032	0.24874017	0.9750615
A58Y	A58Y	58	58	2.5178275	2.3481503	2.16707	2.4716513	2.6091247	2.6584957	2.4443674	2.451363	2.2052784	2.5477388	10	2.4421067	0.16094697	0.6309121	Binding_RAL	1.4702971	0.09689989	0.3798476
A65C	A65C	65	65	0.17969748	0.04194849	-0.1308787	-0.11502757	-0.112095036	0.10016501	0.15680227	0.11775528	-0.078613535	0.22465283	10	0.038440652	0.1363554	0.5345132	Binding_RAL	0.023143616	0.08209427	0.32180953
A65D	A65D	65	65	-0.25538516	0.025733195	0.030641038	-0.08277377	0.038658258	0.0019318385	-0.15669681	-0.31165951	0.011446292	-0.10322357	10	-0.08013281	0.12624109	0.49486506	Binding_RAL	-0.048244838	0.07600483	0.29793894
A65E	A65E	65	65	0.30164528	0.21104413	0.5807697	0.37571776	0.3583331	0.38025182	0.3639774	0.26821104	0.19970603	0.40381092	10	0.3443467	0.1098467	0.4305991	Binding_RAL	0.20731771	0.066134416	0.25924692
A65F	A65F	65	65	-0.0299625	-0.24849051	-0.04389002	0.0159768	0.044539195	-0.09918667	0.0036119006	0.0064337654	-0.13531628	-0.019232506	10	-0.050551683	0.088083744	0.34528828	Binding_RAL	-0.030435195	0.053031784	0.2078846
A65G	A65G	65	65	-0.1362655	-0.1683175	-0.20714663	-0.35995576	-0.24973597	-0.17151244	-0.2337136	-0.16211826	0.010208438	-0.22328576	10	-0.1901843	0.09447278	0.3703333	Binding_RAL	-0.11450254	0.056878373	0.22296323
A65H	A65H	65	65	0.09888216	-0.1306478	0.060483113	-0.032825127	0.08206787	-0.07742412	0.06355138	-0.026206125	-0.12049538	-0.01890308	10	-0.010151709	0.083588466	0.3276668	Binding_RAL	-0.0061119483	0.050325353	0.19727539
A65I	A65I	65	65	0.18386413	-0.02406706	-0.052259717	0.47960246	0.32013038	0.13437542	0.17144285	0.25203642	0.13510978	0.4300611	10	0.20302959	0.17371342	0.6809566	Binding_RAL	0.12223619	0.104586065	0.40997738
A65K	A65K	65	65	0.04826503	0.03319877	0.15206078	0.47054625	0.3312061	0.25601035	0.30500323	0.2597702	0.17010716	0.26690832	10	0.22930762	0.1325271	0.5195062	Binding_RAL	0.13805717	0.07978939	0.31277442
A65L	A65L	65	65	0.25811356	0.1324711	0.22775197	0.13815904	0.27161694	0.30264792	0.26408583	0.16656294	0.302605	0.26730323	10	0.23313174	0.064552136	0.25304437	Binding_RAL	0.14035952	0.038864322	0.15234815
A65M	A65M	65	65	0.13525994	-0.2032599	0.15993586	0.11787884	-0.031415492	0.2357803	0.4333155	0.30043435	-0.06649621	0.07605278	10	0.1157486	0.18556686	0.7274221	Binding_RAL	0.06968772	0.111722566	0.43795246
A65N	A65N	65	65	0.33213654	-0.2737929	-0.46676555	0.09959587	0.08299994	-0.13489993	0.171389	-0.20559995	0.074300796	0.15652476	10	-0.016411142	0.24429639	0.95764184	Binding_RAL	-0.009880508	0.14708132	0.57655877
A65P	A65P	65	65	0.38767767	0.39785287	0.3740182	0.3953948	0.3961038	0.38283804	0.41266975	0.39830074	0.39183518	0.40944207	10	0.39461333	0.011505979	0.04510344	Binding_RAL	0.23758128	0.006927301	0.027155021
A65Q	A65Q	65	65	0.2712382	0.24106042	0.5512535	0.6214398	0.59663606	0.5805062	0.3402225	0.4487277	0.5188073	0.42856133	10	0.4598453	0.13746388	0.5388584	Binding_RAL	0.2768549	0.08276164	0.32442564
A65R	A65R	65	65	0.56366247	0.4735027	0.5201925	0.44627398	0.38392025	0.5146781	0.43770415	0.62406516	0.5126788	0.6494524	10	0.512613	0.08294443	0.32514217	Binding_RAL	0.30862427	0.049937606	0.19575542
A65S	A65S	65	65	-0.018823005	0.0046850024	-0.08314163	0.0023656148	0.059818923	-0.05403608	0.0736773	-0.025076821	-0.00814338	-0.049994547	10	-0.0098668635	0.048810285	0.19133632	Binding_RAL	-0.0059404536	0.029386768	0.11519613
A65T	A65T	65	65	-0.073805116	-0.13863555	-0.1280768	0.070424646	0.19926997	-0.018300042	-0.15585434	0.04818137	-0.03745991	-0.108451605	10	-0.03427074	0.112598546	0.4413863	Binding_RAL	-0.020633075	0.06779119	0.2657415
A65V	A65V	65	65	0.24470237	0.046535365	-0.0071691144	-0.035138153	-0.014813555	0.14093183	0.11516011	0.07658612	0.064440064	-0.23861548	10	0.03926196	0.12832868	0.5030484	Binding_RAL	0.023638094	0.077261694	0.30286583
A65W	A65W	65	65	0.09369391	0.015471653	0.26171732	-0.14966077	0.10523614	0.19903281	0.13479453	0.08109168	0.03464444	-0.13244405	10	0.06435777	0.13024284	0.5105519	Binding_RAL	0.038747303	0.07841413	0.3073834
A65Y	A65Y	65	65	-0.26443455	0.12110118	-0.02920313	-0.27199423	0.16056618	-0.039296363	0.026154555	-0.030263623	0.12438146	0.107868746	10	-0.009511979	0.15439923	0.605245	Binding_RAL	-0.0057267915	0.09295775	0.3643944
A82C	A82C	82	82	0.018052364	-0.18530805	-0.15435469	-0.17964837	-0.16295107	0.029594308	-0.094550796	-0.17593706	-0.124782644	-0.2380504	10	-0.12679365	0.08791339	0.3446205	Binding_RAL	-0.07633751	0.05292922	0.20748255
A82D	A82D	82	82	-1.124521	-1.2150918	-1.0471817	-0.9384785	-0.6982867	-1.5225564	-0.96003425	-0.74046105	-1.2988769	-0.79196876	10	-1.0337456	0.2629008	1.0305711	Binding_RAL	-0.62237793	0.15828231	0.62046665
A82E	A82E	82	82	-0.43426886	-0.39694655	-0.44813138	-0.49538794	-0.46432635	-0.44226292	-0.43865344	-0.5160398	-0.53519994	-0.4210274	10	-0.45922446	0.04362509	0.17101036	Binding_RAL	-0.27648112	0.026264964	0.10295866
A82F	A82F	82	82	0.43883628	0.5770654	0.30422643	0.3222065	0.3952454	0.42643678	0.64504015	0.07805714	0.10586799	0.24187252	10	0.3534855	0.18329701	0.7185243	Binding_RAL	0.21281981	0.11035597	0.43259543
A82G	A82G	82	82	-0.48416746	-0.45962209	-0.436021	-0.3468605	-0.35704336	-0.37677282	-0.35632956	-0.28211436	-0.22290054	-0.30356112	10	-0.3625393	0.08136393	0.31894663	Binding_RAL	-0.21827076	0.048986048	0.1920253
A82H	A82H	82	82	-0.43177074	-0.72209543	-0.29246145	-0.9779509	-0.42090538	-0.6788509	-0.36722282	-0.14267011	-0.5681364	-0.40453854	10	-0.5006603	0.24101637	0.9447842	Binding_RAL	-0.30142802	0.14510655	0.5688177
A82I	A82I	82	82	1.4415624	0.5218334	0.06634931	1.2008122	-0.41153142	0.22801244	0.40287757	0.0021224264	-0.23649357	0.7943638	10	0.40099087	0.6017967	2.3590431	Binding_RAL	0.24142095	0.3623183	1.4202878
A82K	A82K	82	82	-0.7006833	0.32118726	0.05214916	-0.3448353	-0.7799337	-0.18260871	0.09738823	-0.19588847	-0.2657736	-0.06616902	10	-0.20651674	0.3421778	1.3413371	Binding_RAL	-0.12433567	0.2060119	0.8075667
A82L	A82L	82	82	0.36150914	0.064568214	0.38669083	0.23806107	0.22353941	0.27644768	0.3509925	0.57117844	0.49265596	0.44719762	10	0.3412841	0.14713632	0.57677436	Binding_RAL	0.20547384	0.088585034	0.34725335
A82M	A82M	82	82	-0.03972603	-0.6296914	-0.18072535	-0.36501503	-0.69906825	-0.23133731	-0.54472935	-0.71050054	-0.6173002	-0.06503414	10	-0.40831274	0.26369962	1.0337025	Binding_RAL	-0.24582916	0.15876324	0.62235194
A82N	A82N	82	82	-0.77191114	-1.3680179	-0.24626814	-0.35486192	-0.15880752	-0.9820693	-0.84767735	-1.5452752	-1.5301559	-0.9756811	10	-0.87807256	0.50916314	1.9959196	Binding_RAL	-0.5286532	0.30654725	1.2016653
A82P	A82P	82	82	-1.0063901	-0.8019079	-1.0154374	-0.9551711	-0.9424387	-1.0504079	-0.72883886	-0.4730146	-0.69246596	-0.7672128	10	-0.8433285	0.18316145	0.7179929	Binding_RAL	-0.5077352	0.11027436	0.4322755
A82Q	A82Q	82	82	-0.58045197	-0.20632383	-0.53153837	-0.27747956	-0.029561793	-0.10034272	-0.004167152	-0.30111548	-0.32884246	-0.082358666	10	-0.24421819	0.19976303	0.7830711	Binding_RAL	-0.14703424	0.12026952	0.47145653
A82R	A82R	82	82	-0.13567106	-0.06305684	-0.22036847	-0.09325384	-0.08027624	-0.11777766	-0.23676756	-0.18510649	-0.07953607	-0.20411621	10	-0.14159305	0.06479369	0.25399128	Binding_RAL	-0.08524765	0.039009754	0.15291823
A82S	A82S	82	82	-0.1866381	-0.3315555	-0.27257222	-0.32600743	-0.5203185	-0.34525052	-0.23729803	-0.27432647	-0.2687505	-0.47941712	10	-0.32421342	0.10422091	0.40854597	Binding_RAL	-0.19519624	0.062747344	0.2459696
A82T	A82T	82	82	-0.8555756	-0.5342909	-0.62592643	-0.5820457	-0.8596089	-0.6547644	-0.8572133	-0.632331	-0.82676864	-0.7834764	10	-0.7212001	0.12755126	0.50000095	Binding_RAL	-0.43420643	0.07679363	0.30103105
A82V	A82V	82	82	0.6161347	0.45753038	0.25525945	0.5884624	0.38528147	0.38402036	0.5661291	0.46806002	0.3477259	0.2706118	10	0.43392158	0.12787235	0.5012596	Binding_RAL	0.26124725	0.07698695	0.30178887
A82W	A82W	82	82	0.5412302	0.7040696	0.68783695	0.6495349	1.026543	0.7574896	1.0076187	1.1987635	0.9197806	0.6209379	10	0.81138057	0.2138917	0.8384555	Binding_RAL	0.48850057	0.12877585	0.50480133
A82Y	A82Y	82	82	0.9409428	-0.20900439	-0.33520165	1.0482471	-0.4374412				-1.3131573	-0.18095626	7	-0.06951012	0.82208055	3.2225559	Binding_RAL	-0.04184933	0.4949426	1.940175
C117A	C117A	117	117	-0.29258862	-0.11628258	-0.10535386	-0.064899944	-0.16551699	-0.12711282	-0.18884753	-0.040533844	-0.025076723	0.010282277	10	-0.11159307	0.08913507	0.3494095	Binding_RAL	-0.067185834	0.053664748	0.21036582
C117D	C117D	117	117	-0.26982445	-0.593734	-0.60642225	-0.34258044	-0.28786176	-0.32856	-0.36896914	-0.52574366	-0.36168578	-0.52429265	10	-0.4209674	0.12795791	0.501595	Binding_RAL	-0.25344804	0.07703847	0.3019908
C117E	C117E	117	117	0.016852187	-0.18223915	0.026702795	-0.088011734	-0.3753005	-0.26252884	-0.4422537	-0.26594144	-0.44356358	-0.078620836	10	-0.2094905	0.17704567	0.6940191	Binding_RAL	-0.12612605	0.10659229	0.4178418
C117F	C117F	117	117	-0.26353168	-0.26329425	-0.21700686	-0.19789155	-0.15505382	-0.18943527	-0.15806861	-0.10523715	-0.33229086	-0.25738466	10	-0.21391948	0.06671871	0.26153734	Binding_RAL	-0.12879257	0.040168732	0.15746143
C117G	C117G	117	117	-0.16446355	-0.2353003	-0.24769357	-0.27932802	-0.26203027	-0.19123308	-0.2489591	-0.22424509	-0.2979306	-0.18461818	10	-0.23358019	0.042865053	0.168031	Binding_RAL	-0.14062952	0.025807375	0.101164915
C117H	C117H	117	117	0.031994104	-0.3273439	-0.25386357	-0.37882006	-0.13105421	-0.20728216	-0.42649186	-0.42997226	-0.22034587	-0.377416	10	-0.2720596	0.14676987	0.5753379	Binding_RAL	-0.16379645	0.08836441	0.3463885
C117I	C117I	117	117	-0.19848321	-0.21157485	-0.016750215	-0.21511835	-0.4137007	-0.111574635	-0.3035875	-0.29721752	-0.4652246	-0.27307108	10	-0.25063026	0.13235609	0.5188359	Binding_RAL	-0.1508947	0.07968644	0.31237087
C117K	C117K	117	117	-0.20480657	-0.26562238	-0.39067388	-0.21553962	-0.35520387	-0.52744657	-0.46757376	-0.084228985	-0.15655552	-0.51523614	10	-0.31828874	0.15583986	0.61089224	Binding_RAL	-0.19162923	0.093825094	0.36779436
C117L	C117L	117	117	-0.30044788	-0.27417886	-0.32457575	-0.18628347	-0.25103742	-0.52192044	-0.22681534	-0.31709844	-0.3353909	-0.42603856	10	-0.31637868	0.09772543	0.3830837	Binding_RAL	-0.19047926	0.058836665	0.23063973
C117M	C117M	117	117	-0.35603625	-0.34110963	-0.34267473	-0.3992538	-0.25784552	-0.21322332	0.089912176	-0.20492184	-0.34408364	-0.33208337	10	-0.270132	0.14178732	0.5558063	Binding_RAL	-0.16263594	0.08536461	0.33462927
C117N	C117N	117	117	-0.18295401	-0.48341173	-0.38609248	-0.19916572	0.09474957	-0.016331665	-0.25094643	0.03700305	-0.084174104	-0.0557232	10	-0.15270467	0.18453671	0.7233839	Binding_RAL	-0.09193752	0.11110235	0.43552122
C117P	C117P	117	117	-0.5616232	-0.5975736	-0.4549549	-0.32918212	-0.42189026	-0.4794353	-0.7866989	-0.09272468	-0.29026443	-0.6061342	10	-0.46204814	0.1943563	0.76187676	Binding_RAL	-0.27818117	0.11701435	0.45869625
C117Q	C117Q	117	117	-0.25857162	0.13812004	0.15508775	-0.21181874	-0.38968372	0.10311534	0.086668216	0.32279387	-0.25116313	-0.106023885	10	-0.041147586	0.23248465	0.9113399	Binding_RAL	-0.024773356	0.13996993	0.54868215
C117R	C117R	117	117	-0.21494669	-0.22221182	-0.24598877	-0.32709426	-0.22266735	-0.29568383	-0.19746307	-0.1261126	-0.10945513	-0.092446834	10	-0.20540702	0.077167474	0.3024965	Binding_RAL	-0.12366755	0.046459526	0.18212135
C117S	C117S	117	117	-0.09063465	-0.07970699	0.0089773815	-0.08541115	0.036267754	-0.09075719	-0.09018131	-0.031847302	-0.09578682	-0.10481096	10	-0.062389124	0.049305245	0.19327657	Binding_RAL	-0.037562057	0.029684763	0.11636428
C117T	C117T	117	117	0.01706498	-0.015101031	-0.20433794	-0.11878311	0.076456144	-0.24249129	-0.12348038	-0.09018026	-0.23138857	-0.20693545	10	-0.113917686	0.11105588	0.43533906	Binding_RAL	-0.068585396	0.06686241	0.26210067
C117V	C117V	117	117	-0.10005964	-0.06848056	-0.17840795	-0.22603081	-0.04287139	-0.13592431	-0.009519543	-0.11749623	-0.17747965	-0.16131635	10	-0.121758655	0.06757755	0.264904	Binding_RAL	-0.073306136	0.040685803	0.15948835
C117W	C117W	117	117	-0.12385009	-0.08089695	-0.29050317	-0.12997805	-0.19473068	-0.16283691	-0.08569718	-0.13265553	-0.32686383	-0.036975626	10	-0.15649882	0.091794066	0.35983273	Binding_RAL	-0.09422183	0.055265624	0.21664125
C117Y	C117Y	117	117	-0.13917895	-0.2634836	-0.007832383	-0.11586257	-0.08188583	-0.05153426	-0.13402162	-0.11728071	-0.1291707	-0.16555332	10	-0.1205804	0.068357036	0.2679596	Binding_RAL	-0.07259675	0.041155104	0.161328
C184A	C184A	184	184	0.054566216	-0.2926044	0.081372276	-0.2488449	0.20558904	0.23865737	-0.0138002345	0.3712555	0.1904808	0.12650241	10	0.07131741	0.20971128	0.8220683	Binding_RAL	0.04293743	0.12625898	0.4949352
C184D	C184D	184	184				-0.12599587	0.026827825	-0.6529361	-0.28020746	-0.3408189	-0.16054381	0.21912463	7	-0.18779281	0.27824476	1.0907195	Binding_RAL	-0.11306272	0.16752031	0.65667963
C184F	C184F	184	184	0.52550066	0.11733134	-0.09049624	0.08850988	-0.07525161	-0.11226277	0.15248516	0.30710492	0.23848362	0.37601718	10	0.15274222	0.21258555	0.8333354	Binding_RAL	0.09196013	0.12798947	0.50171876
C184G	C184G	184	184	-0.48275414	-0.100819826	-0.44108176	0.15735562	0.48995385	0.18935427	-0.23342763	-0.011866705	-0.3147851	-0.23745342	10	-0.09855248	0.3075742	1.205691	Binding_RAL	-0.059334602	0.18517843	0.72589946
C184L	C184L	184	184	0.25497952	0.024215622	0.21621895	0.3910246	0.28176314	0.44936216	0.54812443	0.7160516	0.2851731	-0.15037423	10	0.3016539	0.24804218	0.9723254	Binding_RAL	0.18161404	0.14933652	0.58539915
C184P	C184P	184	184	0.7273332	0.9416651	0.5110217	0.6787889	0.69242394	0.6425493	0.47347534				7	0.666751	0.1539723	0.6035714	Binding_RAL	0.40142477	0.09270071	0.3633868
C184R	C184R	184	184	-0.20920217	0.15008321	-0.13019934	-0.3749975	-0.28650317	0.05564571	-0.3356264	-0.025536494	0.007330164	-0.10030543	10	-0.12493114	0.1752396	0.68693924	Binding_RAL	-0.07521617	0.10550492	0.41357931
C184S	C184S	184	184	-0.23048198	-0.24660526	0.3740632	0.21820216	0.26907644	-0.13320874	-0.6675036	-0.4953569	-0.54740036	-0.5394222	10	-0.19986372	0.37619823	1.4746971	Binding_RAL	-0.12033015	0.22649427	0.88785756
C184V	C184V	184	184	-0.11461931	0.19624677	0.28041935	-0.1666344	-0.11733597	0.2433982	0.07133166	0.24421972	0.20394869	0.12596719	10	0.096694194	0.16988868	0.6659636	Binding_RAL	0.0582158	0.10228334	0.40095073
C184W	C184W	184	184	0.5556252	0.41221923	0.4522337	0.1446849	0.5549267	0.4925674	0.5523532	0.39300385	0.29641637	0.57259715	10	0.44266278	0.13761151	0.5394371	Binding_RAL	0.26650998	0.082850516	0.32477403
C184Y	C184Y	184	184	0.14317738	-0.053497043	0.21176834	0.21557733	0.39598614	0.28735447	0.37455177	0.38130343	0.19112529	0.28833398	10	0.24356811	0.13587216	0.5326189	Binding_RAL	0.14664285	0.08180332	0.32066903
C50A	C50A	50	50	-0.17980936	-0.17452602	-0.23034024	-0.16684407	-0.20919712	-0.18777953	-0.10389312	-0.12147661	-0.107940845	0.004400258	10	-0.14774066	0.068033315	0.2666906	Binding_RAL	-0.08894889	0.040960204	0.160564
C50D	C50D	50	50	-0.24725983	-0.09181697	-0.001457964	-0.39572465	-0.21451826	-0.06746865	-0.11562059	-0.01958886	-0.30135253	-0.2725212	10	-0.17273295	0.13216332	0.51808023	Binding_RAL	-0.10399577	0.079570375	0.31191587
C50E	C50E	50	50	-0.47561938	-0.096117675	0.0059872326	0.13955288	-0.021823801	-0.06680024	-0.15842363	-0.04146963	0.08312421	-0.34669366	10	-0.097828366	0.18800764	0.73699	Binding_RAL	-0.058898643	0.11319206	0.4437129
C50F	C50F	50	50	-0.05452849	0.004709613	-0.06017822	0.04155684	-0.014111946	0.071136646	0.0052294377	0.05804727	0.07830179	0.103644446	10	0.023380738	0.056181334	0.22023083	Binding_RAL	0.01407663	0.03382459	0.1325924
C50G	C50G	50	50	0.030640392	-0.10511438	-0.04070128	-0.14741173	-0.0009950423	-0.001336297	-0.031412903	-0.062313978	0.10914374	-0.057666283	10	-0.030716777	0.07153073	0.28040045	Binding_RAL	-0.018493373	0.04306586	0.16881818
C50H	C50H	50	50	-0.43252048	-0.13559097	-0.25814646	-0.26481232	-0.3020686	-0.5053063	-0.36152518	-0.19233476	-0.2956134	-0.24032244	10	-0.2988241	0.109889254	0.4307659	Binding_RAL	-0.17991033	0.06616003	0.25934732
C50I	C50I	50	50	-0.29314795	0.026446322	-0.24203263	-0.15097235	-0.050260723	-0.04590911	-0.19498752	-0.17320994	-0.13542892	-0.13439468	10	-0.13938974	0.09589987	0.3759275	Binding_RAL	-0.08392112	0.05773757	0.22633128
C50K	C50K	50	50	-0.09747586	-0.35784608	-0.09717384	0.03275224	-0.13054144	-0.073273234	-0.23455375	-0.3090953	0.116523705	-0.24969259	10	-0.14003763	0.14938952	0.58560693	Binding_RAL	-0.08431119	0.0899416	0.35257107
C50L	C50L	50	50	-0.066648744	-0.23469855	-0.1102176	-0.013388902	-0.23204555	-0.11478471	-0.19771118	0.045570593	-0.09964149	-0.2197007	10	-0.12432668	0.0964165	0.3779527	Binding_RAL	-0.07485224	0.058048613	0.22755057
C50M	C50M	50	50	-0.22657971	0.033273418	-0.23582554	-0.055770025	-0.0407277	-0.053865775	-0.14928605	-0.107557915	-0.41790166	0.1621186	10	-0.10921224	0.16028997	0.6283367	Binding_RAL	-0.06575243	0.09650434	0.378297
C50N	C50N	50	50	0.104296796	0.025540983	-0.16569473	-0.3091411	-0.09218525	-0.06346013	0.14492618	-0.18702932	0.011724309	-0.0951105	10	-0.06261327	0.13866076	0.5435502	Binding_RAL	-0.037697006	0.08348223	0.32725033
C50P	C50P	50	50	-0.15820134	-0.10162775	-0.3612533	-0.14750376	-0.4330341	-0.47585827	-0.39701873	-0.280692	-0.18639654	-0.25946045	10	-0.28010464	0.13143061	0.515208	Binding_RAL	-0.16864008	0.07912924	0.31018662
C50Q	C50Q	50	50	-0.3267625	-0.06987084	-0.39396197	-0.1350358	-0.4192083	-0.37426528	-0.13385472	-0.29716924	-0.08976281	-0.29779166	10	-0.25376832	0.13328615	0.52248174	Binding_RAL	-0.152784	0.08024639	0.31456584
C50R	C50R	50	50	-0.117296636	-0.099355645	-0.1446382	-0.019383373	-0.021279735	-0.120601706	-0.056713305	-0.086981565	-0.0784546	0.004508998	10	-0.07401957	0.04954486	0.19421585	Binding_RAL	-0.044564296	0.029829027	0.11692979
C50S	C50S	50	50	-0.12951733	0.038487934	-0.19958058	-0.08803001	-0.09440157	0.006506726	0.070927866	-0.07540312	-0.015492353	0.025030272	10	-0.046147216	0.085035294	0.33333835	Binding_RAL	-0.027783439	0.051196434	0.20069003
C50T	C50T	50	50	0.075803794	-0.038066886	-0.10231458	0.08375514	0.032969475	0.22462913	0.18286546	-0.014052529	-0.054033205	-0.0060356194	10	0.038552016	0.10432557	0.40895623	Binding_RAL	0.023210665	0.062810354	0.2462166
C50V	C50V	50	50	-0.17455065	-0.10471889	-0.2617823	-0.26498327	-0.08099159	-0.14492422	-0.12339452	-0.04638983	-0.097788125	-0.18741271	10	-0.1486936	0.07356714	0.2883832	Binding_RAL	-0.089522615	0.044291902	0.17362426
C50W	C50W	50	50	-0.1707412	-0.06018643	-0.22078617	-0.12479901	-0.1879156	-0.12806308	-0.04244664	-0.09499579	-0.056131415	-0.1713492	10	-0.12574145	0.06149687	0.24106774	Binding_RAL	-0.07570402	0.037024863	0.14513746
C50Y	C50Y	50	50	-0.2278719	0.013231924	-0.13336036	0.0812954	-0.15905435	0.022666872	-0.079439476	-0.12626311	-0.033259407	-0.028186731	10	-0.06702411	0.095182896	0.37311697	Binding_RAL	-0.0403526	0.057305906	0.22463916
C79A	C79A	79	79	0.112982675	0.15866235	0.043864317	0.19630067	0.1872162	0.2520323	0.16330555	0.1884836	0.32683462	0.22617255	10	0.18558548	0.076533936	0.30001304	Binding_RAL	0.11173378	0.046078097	0.18062614
C79D	C79D	79	79	-0.008287854	0.20789775	0.60639906	0.34532434	0.1122305	0.62561244	0.17062338	0.081411295	-0.04532287	0.41650075	10	0.25123888	0.23904972	0.9370749	Binding_RAL	0.15126112	0.14392251	0.56417626
C79E	C79E	79	79	0.9049537	0.6573893	0.4710473	0.45123112	0.52810574	0.23125736	-0.06282683	0.34398988	0.68608356	0.9884999	10	0.5199731	0.31187093	1.2225341	Binding_RAL	0.31305552	0.18776532	0.73604006
C79F	C79F	79	79	-0.5562443	-0.41473693	-0.39460844	-0.42941827	-0.51582354	-0.71250606	-0.51699966	-0.45085877	-0.5136538	-0.48652676	10	-0.4991377	0.09128463	0.35783577	Binding_RAL	-0.30051133	0.054958913	0.21543895
C79G	C79G	79	79	0.13784087	0.17482272	0.21324022	0.06772738	0.051323682	0.109478526	-0.04240051	0.078236006	0.018388739	0.019177867	10	0.08278355	0.077699274	0.30458117	Binding_RAL	0.049840745	0.0467797	0.18337643
C79H	C79H	79	79	-0.20576265	0.09396786	-0.13917933	-0.3275984	-0.027692603	0.06254577	-0.03348318	0.054246783	-0.036315873	-0.20231478	10	-0.076158635	0.13778052	0.5400996	Binding_RAL	-0.045852143	0.082952276	0.32517293
C79I	C79I	79	79	-0.20998615	-0.01249934	0.06289805	0.16405909	-0.07784678	-0.08702014	0.02754753	0.05971118	0.029948095	-0.015615345	10	-0.0058803805	0.10212945	0.40034747	Binding_RAL	-0.0035403476	0.06148816	0.24103358
C79K	C79K	79	79	0.4012305	0.12293649	0.91000724	0.46816245	0.5329669	0.5323707	0.33325458	0.39037946	0.11122857	0.3011482	10	0.4103685	0.22933587	0.89899665	Binding_RAL	0.24706686	0.13807417	0.54125077
C79L	C79L	79	79	-0.214293	-0.17822655	-0.13204801	-0.12308922	-0.11008753	-0.18582517	-0.15255903	0.041737996	-0.22124745	-0.2222187	10	-0.14978567	0.07882084	0.3089777	Binding_RAL	-0.09018011	0.047454953	0.18602341
C79M	C79M	79	79	-0.038442638	0.04665845	-0.009947295	-0.20865439	-0.03898944	-0.019460138	-0.031930607	-0.03820914	-0.19705777	-0.13390478	10	-0.06699377	0.08403004	0.32939777	Binding_RAL	-0.040334336	0.050591208	0.19831754
C79N	C79N	79	79	0.21358569	0.362199	0.47546497	0.50100696	0.59704703	0.1907373	0.19488612	0.073894255	-0.01762254	-0.019451523	10	0.25717473	0.21844634	0.8563097	Binding_RAL	0.15483487	0.13151802	0.5155507
C79P	C79P	79	79	1.0757381	1.2749383	1.0136454	1.045789	1.7476538	1.0647994	1.044423	1.0391753	1.0832701	1.4858078	10	1.187524	0.24531025	0.96161616	Binding_RAL	0.7149618	0.14769173	0.5789516
C79Q	C79Q	79	79	0.27043343	0.30958167	0.011600361	0.33871934	0.18836634	-0.12788774	0.39850256	0.2086986	0.03375945	0.11360138	10	0.17453754	0.16581395	0.6499907	Binding_RAL	0.10508224	0.09983011	0.39133406
C79R	C79R	79	79	1.5297564	1.5926523	1.7133362	1.8584505	1.3951269	1.1894213	1.5318677	1.8066665	1.709307	1.7318422	10	1.6058428	0.20317475	0.7964451	Binding_RAL	0.9668153	0.12232359	0.47950846
C79S	C79S	79	79	0.374345	0.31286627	0.24787012	0.36263284	0.25039992	0.24477877	0.41800585	0.38344452	0.49579382	0.44506717	10	0.35352042	0.08785492	0.3443913	Binding_RAL	0.21284086	0.05289402	0.20734456
C79T	C79T	79	79	0.518997	0.5866094	0.8021644	0.428745	0.6541546	0.50360245	0.58771646	0.7115846	0.45066798	0.41954747	10	0.56637895	0.12707222	0.49812308	Binding_RAL	0.34099466	0.07650522	0.29990047
C79V	C79V	79	79	0.10473189	-0.24921314	0.14646676	0.1461936	0.12895334	0.093251824	0.0033530693	-0.016642647	-0.020690707	-0.16255242	10	0.017385159	0.13554133	0.53132206	Binding_RAL	0.010466926	0.081604145	0.31988826
C79W	C79W	79	79	-0.1088201	0.11917963	0.11068102	0.03623227	0.13120104	0.066709146	0.20260693	0.07212258	0.117065094	0.11429352	10	0.08612711	0.08172595	0.32036573	Binding_RAL	0.051853772	0.049204003	0.19287969
C79Y	C79Y	79	79	-0.008036688	0.011549236	0.0046266722	0.021764021	-0.06701744	-0.0067606326	0.06831938	-0.09328965	0.03780223	-0.111414775	10	-0.014245765	0.058131494	0.22787546	Binding_RAL	-0.00857682	0.034998704	0.13719492
D104A	D104A	104	104	-0.0018583151	0.053528443	-0.033169545	0.0045693745	0.02281443	0.10556602	0.08377054	0.13406453	0.18702707	0.031864073	10	0.058817662	0.068349265	0.26792914	Binding_RAL	0.03541182	0.041150425	0.16130967
D104C	D104C	104	104	0.13487405	0.20959593	0.16487475	0.23677982	0.30216494	0.11470971	0.10210362	-0.042319324	-0.14525983	0.31262356	10	0.13901472	0.14438792	0.56600064	Binding_RAL	0.08369534	0.08693033	0.34076688
D104E	D104E	104	104	0.07363037	-0.04331911	-0.13456446	-0.03676992	0.026816597	0.2317757	0.28192255	0.23479404	-0.03563241	0.038768146	10	0.06374215	0.14061266	0.55120164	Binding_RAL	0.038376663	0.08465739	0.331857
D104G	D104G	104	104	-0.25783497	-0.2747614	-0.2742526	-0.2447019	-0.20154521	-0.28063142	-0.18251932	-0.20566037	-0.153119	-0.17939235	10	-0.22544186	0.04647211	0.18217067	Binding_RAL	-0.13572975	0.027979044	0.10967786
D104I	D104I	104	104	0.024382364	-0.07413702	0.0063155796	0.7127907	0.8348272	-0.079111025				0.08844071	7	0.21621549	0.3868622	1.5164998	Binding_RAL	0.1301749	0.23291463	0.9130254
D104K	D104K	104	104	-0.2434341	-0.6754475	-0.24019907	-0.35039425	-0.13822469	-0.30711678	0.021978075	-0.23714185	-0.06160328	-0.018519923	10	-0.22501035	0.20109388	0.78828806	Binding_RAL	-0.13546994	0.12107078	0.47459745
D104M	D104M	104	104	-0.22814158	0.36913472	0.062112503	0.08613201	-0.41529134	0.07138629	0.12380727	-0.13293843	-0.0004083104	-0.2110129	10	-0.027521973	0.22288549	0.8737111	Binding_RAL	-0.016569907	0.13419065	0.5260274
D104N	D104N	104	104	0.07952023	-0.25407648	-0.027364876	0.40810516	0.045772992	-0.06538644	0.23314579	0.5223558	0.38478678	0.42181817	10	0.17486772	0.25646406	1.0053391	Binding_RAL	0.10528103	0.15440701	0.6052755
D104P	D104P	104	104		-0.20065816	0.03499678	-0.26067412	-0.572685	-0.17695284	-0.08233399	-0.0830812			7	-0.19162692	0.19380191	0.7597035	Binding_RAL	-0.11537109	0.11668057	0.45738783
D104R	D104R	104	104	0.109035246	0.07605721	0.079696104	0.03226657	0.11318	-0.011732552	0.09604535	0.18728083	0.09206567	-0.0028559158	10	0.07710385	0.059016358	0.23134413	Binding_RAL	0.046421222	0.035531446	0.13928327
D104S	D104S	104	104	-0.19844198	-0.30922133	0.2219811	-0.12433363	0.043069746	0.047612347	-0.042732317	0.11140751	-0.20579411	0.18065184	10	-0.027580082	0.17809823	0.6981451	Binding_RAL	-0.016604891	0.10722599	0.4203259
D104T	D104T	104	104	-0.12495934	-0.16960615	0.16431351	0.42056698	0.14663592	0.012397841	0.7743165	0.4530643	0.28699464	0.38797063	10	0.23516949	0.28955635	1.1350609	Binding_RAL	0.14158636	0.17433058	0.6833759
D104V	D104V	104	104	0.26074615	0.24751154	0.25283515	0.50441486	0.35840222	0.25738633	0.15195496	0.27210623	0.19733845	0.20753112	10	0.2710227	0.09827459	0.38523638	Binding_RAL	0.1631722	0.059167296	0.2319358
D104W	D104W	104	104	0.686255	0.057460044	0.33985552	0.0636765	0.4299156	-0.056172922	0.2656327	0.23823412	0.026688837	0.16266094	10	0.22142062	0.22261152	0.87263715	Binding_RAL	0.13330871	0.13402571	0.5253808
D107A	D107A	107	107	-0.064782746	-0.16556597	-0.13972254	-0.17063725	-0.034564927	-0.33151284	0.022973211	-0.14700638	-0.124398515	-0.18825832	10	-0.13434762	0.09655501	0.37849563	Binding_RAL	-0.080885455	0.058132004	0.22787745
D107C	D107C	107	107	0.079252414	-0.009620538	0.18026644	-0.22476938	0.018744402	-0.09955471	-0.0018283996	0.091088355	0.16353345	0.092780605	10	0.028989261	0.12242973	0.47992456	Binding_RAL	0.017453304	0.07371016	0.28894383
D107E	D107E	107	107	0.103581436	-0.032458663	0.022059489	-0.032242715	-0.026591813	-0.15720853	0.011621201	-0.10305804	0.02101243	-0.06853175	10	-0.026181694	0.07285439	0.28558922	Binding_RAL	-0.015762975	0.043862786	0.17194213
D107F	D107F	107	107	0.18710212	0.024750656	-0.06863192	-0.05128781	0.014754428	0.2317095	0.089142546	0.057974648	0.10268764	0.1328049	10	0.07210068	0.096822776	0.3795453	Binding_RAL	0.043409005	0.058293216	0.22850941
D107G	D107G	107	107	0.06543661	-0.08855248	-0.06936136	0.0041054357	0.046786405	-0.08459395	-0.02728939	0.08243052	-0.13780689	-0.13418625	10	-0.034303136	0.08101138	0.3175646	Binding_RAL	-0.02065258	0.048773788	0.19119325
D107H	D107H	107	107	-0.22361736	-0.15104988	-0.4626226	0.046788998	0.03379213	-0.054775268	-0.14674729	0.16923246	-0.11270553	-0.000113103415	10	-0.09018175	0.1747129	0.6848746	Binding_RAL	-0.054294914	0.10518782	0.41233626
D107I	D107I	107	107	0.19436051	0.17501439	-0.104771554	0.16637766	0.11177821	0.3845689	0.07319406	0.056726288	0.07666279	0.23497951	10	0.13688907	0.12898487	0.5056207	Binding_RAL	0.082415566	0.07765675	0.30441448
D107L	D107L	107	107	0.20167829	0.25201675	-0.15845792	0.026446635	-0.097372584	0.071677536	0.026183877	0.29634306	0.24611276	0.31492448	10	0.11795528	0.16790646	0.65819335	Binding_RAL	0.071016274	0.10108993	0.39627254
D107M	D107M	107	107	-0.16169739	-0.11258284	-0.046998177	0.50753355	0.17010592	-0.08397841	-0.105034545	-0.13545483	-0.26053137	-0.14316154	10	-0.03717996	0.22074044	0.8653025	Binding_RAL	-0.022384604	0.13289921	0.5209649
D107N	D107N	107	107	-0.15871172	0.15011701	0.018361667	0.055069394	0.12616245			-0.2515166	-0.1780644	0.04329088	8	-0.024411416	0.15075314	0.59095234	Binding_RAL	-0.014697161	0.090762585	0.35578933
D107P	D107P	107	107	-0.12765369	0.0882946	0.115278594				0.089920826	0.15180928	-0.24658623	-0.1732825	7	-0.014602734	0.1621991	0.63582045	Binding_RAL	-0.008791736	0.09765375	0.3828027
D107Q	D107Q	107	107	-0.10902844	0.10844977	0.009491336	0.21395974	-0.12554048	0.22175182	0.20169635	-0.026198441	0.08423929	0.08061148	10	0.06594324	0.12733544	0.49915496	Binding_RAL	0.039701853	0.0766637	0.30052173
D107R	D107R	107	107	-0.04045196	-0.29929727	-0.27702197	-0.204852	-0.10374484	-0.031781565	-0.16012448	-0.028551307	-0.10394995	-0.20490083	10	-0.14546761	0.09962735	0.39053923	Binding_RAL	-0.08758037	0.05998174	0.23512843
D107S	D107S	107	107	0.19910541	-0.2633585	0.18919213	-0.008240232	-0.021548392	-0.022432616	-0.08437333	0.1478134	-0.037206974	-0.0077806693	10	0.00911702	0.13960704	0.5472596	Binding_RAL	0.005489002	0.08405195	0.32948366
D107T	D107T	107	107	0.333153	0.19882473	0.07660828	0.43640962	0.41943282	1.0421705	0.4458142	0.20454064	0.35277224	0.5965745	10	0.41063005	0.2674268	1.048313	Binding_RAL	0.24722433	0.16100723	0.63114834
D107V	D107V	107	107	0.24799463	0.09462082	0.13405575	0.28364405	0.15426345	0.27635595	0.057926916	0.265631	0.028888138	0.29948342	10	0.18428642	0.10212984	0.400349	Binding_RAL	0.11095166	0.06148839	0.2410345
D107W	D107W	107	107	0.11232282	0.048559207	0.18494046	0.41519716	0.5902703	-0.13869393	0.4221487	0.5034075	-0.0038855039	0.118830085	10	0.22530966	0.2420608	0.94887835	Binding_RAL	0.13565014	0.14573535	0.5712826
D107Y	D107Y	107	107	0.14324933	0.17157765	0.06338906	0.3025746	0.4238988	0.1861469	0.14223902	0.2764763	0.4720243	0.29967496	10	0.24812508	0.13059358	0.51192683	Binding_RAL	0.14938642	0.0786253	0.30821118
D118A	D118A	118	118	-0.8400404	-1.0208118	-0.9287311	-1.0774077	-1.1779656	-0.89532244	-1.1097066	-1.0788239	-1.2886384	-1.1499597	10	-1.0567406	0.13807172	0.5412411	Binding_RAL	-0.6362223	0.08312759	0.32586014
D118C	D118C	118	118	-0.93154055	-0.94263464	-1.2023988	-0.835651	-0.6809829	-0.31581175	-0.43090174	-0.5152198	-1.105056	-0.83214307	10	-0.77923393	0.28993487	1.1365447	Binding_RAL	-0.46914634	0.17455848	0.68426925
D118E	D118E	118	118	-0.23029646	-0.190196	-0.09676883	-0.063651726	-0.1917397	-0.16518077	-0.12022962	-0.28480214	-0.21276103	-0.21921152	10	-0.17748377	0.06713086	0.263153	Binding_RAL	-0.10685605	0.040416874	0.15843415
D118F	D118F	118	118	-0.45455378	-0.43919566	0.16996937	-0.3951195	-0.7952677	-0.9925302	-0.9645251	-0.63896877	-1.3063525	-0.3354699	10	-0.61520135	0.4183363	1.6398784	Binding_RAL	-0.37038872	0.25186396	0.9873067
D118G	D118G	118	118	-0.4390381	-0.55776256	-0.5863143	-0.526179	-0.5053807	-0.5355988	-0.31858218	-0.57561517	-0.57455397	-0.42302087	10	-0.5042046	0.085908204	0.33676016	Binding_RAL	-0.3035619	0.05172198	0.20275016
D118H	D118H	118	118	-0.10283068	0.09214761	0.18786676	-0.0040980736	0.11859508	-0.012602915	-0.58086646	-0.59252477	-0.41398302	-0.19648851	10	-0.1504785	0.28686872	1.1245254	Binding_RAL	-0.09059723	0.17271246	0.6770328
D118I	D118I	118	118	0.48501024	0.029089043	-0.22803526	-0.33679777	-0.65427417	-0.1610712	-1.0197412	-0.60272527	-0.12581554	-0.3172395	10	-0.29316008	0.41038257	1.6086997	Binding_RAL	-0.17650025	0.24707533	0.9685353
D118K	D118K	118	118	-0.27827993	-0.7891595	-0.94639987	-0.57080287	-0.0045528873	-0.7400431	-0.7483651	-0.47882676	-0.25821742	-0.8437846	10	-0.5658432	0.30469918	1.1944208	Binding_RAL	-0.34067214	0.18344748	0.7191141
D118L	D118L	118	118	-0.7233364	-1.1007166	-1.0166209	-0.42654005	-1.0071242	-0.8026811	-0.61663085	-0.5573404	-0.81515634	-0.87432224	10	-0.79404694	0.21692789	0.85035735	Binding_RAL	-0.4780647	0.13060382	0.511967
D118M	D118M	118	118	-0.83566064	-1.0226289	-0.86351454	-0.8470582	-0.9291436	-1.0585691	-0.6520285	-1.0752046	-0.2842205	-0.9328908	10	-0.85009193	0.23495851	0.9210374	Binding_RAL	-0.5118072	0.14145935	0.55452067
D118N	D118N	118	118	-0.35041478	-0.37480798	-0.4406645	-0.47834414	-0.5228474	-0.74325496	-0.27532235	-0.37917414	-0.5525627	-0.30699837	10	-0.44243908	0.13892137	0.54457176	Binding_RAL	-0.2663753	0.08363913	0.3278654
D118P	D118P	118	118	-0.8665323	-0.8941092	-0.64390826	-0.63178676	-0.001664393	-0.56792295	-0.43490943	-0.5772914	-0.39628792	-0.5140131	10	-0.5528426	0.2525288	0.98991287	Binding_RAL	-0.33284497	0.15203772	0.5959879
D118Q	D118Q	118	118	-0.57415783	-0.8955331	-0.85689384	-0.6957796	-0.89887255	-1.013709	-0.8582141	-0.7203855	-0.59534305	-0.3187159	10	-0.7427604	0.20552368	0.80565286	Binding_RAL	-0.44718707	0.12373779	0.48505214
D118R	D118R	118	118	-0.79076016	-0.9288893	-1.174097	-0.52918464	-0.78974754	-1.1284127	-1.1647613	-1.1094462	-0.9167525	-0.8536052	10	-0.9385656	0.20850135	0.8173253	Binding_RAL	-0.5650737	0.12553053	0.49207968
D118S	D118S	118	118	-1.0420682	-0.42234167	-1.0268439	-0.8342941	-1.3045652	-1.0958967	-1.0429779	-1.0836651	-1.1728164	-1.0472803	10	-1.007275	0.23711523	0.92949176	Binding_RAL	-0.60644096	0.14275783	0.5596107
D118T	D118T	118	118	-0.9345953	-0.8496846	-0.6485617	-0.4695932	-0.44312575	-1.1428725	-0.93436927	-0.8361112	-0.6563132	-0.8259857	10	-0.7741213	0.21898517	0.85842186	Binding_RAL	-0.4660682	0.13184242	0.5168223
D118V	D118V	118	118	-0.03947143	-0.06131831	-0.45110142	-0.24577013	-0.21182013	-0.42792815	-0.31425062	-0.40836325	0.028864885	-0.061231513	10	-0.21923903	0.17846341	0.6995766	Binding_RAL	-0.13199526	0.10744586	0.42118776
D118W	D118W	118	118	0.17508642	-0.13722397	-0.24868557	-0.18471432	0.13400024	-0.37669122	-0.45183423	-0.65236866	-0.4648728	-0.4115106	10	-0.26188144	0.26555383	1.040971	Binding_RAL	-0.15766859	0.1598796	0.626728
D118Y	D118Y	118	118	-0.03440945	-0.17051226	-0.0648501	0.059598215	0.18141946	0.05639635	-0.09715474	0.06564471	-0.060847335	-0.3253684	10	-0.039008357	0.1422862	0.5577619	Binding_RAL	-0.02348541	0.085664965	0.33580667
D125A	D125A	125	125	0.09685795	0.038765285	-0.011487862	-0.013090249	0.032707185	0.010056479	0.065267414	0.045871604	0.062037777	0.049867257	10	0.037685283	0.034730855	0.13614495	Binding_RAL	0.022688838	0.020910092	0.08196756
D125C	D125C	125	125	-0.081335545	-0.066307984	-0.0045702253	-0.14663497	-0.049779803	-0.088501856	0.040699087	0.032437522	-0.12813488	-0.040689442	10	-0.053281814	0.062573336	0.24528748	Binding_RAL	-0.0320789	0.037672963	0.14767802
D125E	D125E	125	125	0.13530296	0.04642293	0.049488682	0.015631482	0.025633443	0.013695333	0.0072131036	0.0966229	0.09094051	0.1297329	10	0.061068427	0.048528776	0.1902328	Binding_RAL	0.036766917	0.029217282	0.11453175
D125F	D125F	125	125	0.04293003	0.08583898	0.12682451	0.04081834	0.10953118	0.07858793	0.15847872	0.11493279	0.07409033	0.018048752	10	0.08500816	0.043475885	0.17042547	Binding_RAL	0.051180094	0.026175134	0.10260653
D125G	D125G	125	125	0.02632316	0.01013859	-0.015453478	0.0073649418	-0.007508641	0.0103151975	0.03385145	-0.01597596	0.021000195	0.020104758	10	0.009016021	0.01727236	0.06770766	Binding_RAL	0.0054281945	0.010399015	0.040764138
D125H	D125H	125	125	-0.01498791	-0.06066219	-0.081505716	0.0072937254	0.06144693	0.027025929	0.0065610306	0.12596902	-0.03696711	-0.069258384	10	-0.0035084684	0.0641686	0.25154093	Binding_RAL	-0.002112312	0.03863341	0.15144297
D125I	D125I	125	125	0.026846735	-0.043398634	0.02629252	-0.02030325	-0.0033020442	0.03823644	0.033890314	0.08566628	0.0252358	-0.065189786	10	0.010397436	0.044062313	0.17272426	Binding_RAL	0.0062598903	0.026528198	0.10399054
D125K	D125K	125	125	0.02771676	0.037974965	-0.034627613	-0.0074749445	0.00636214	-0.090470456	-0.08869484	0.02033181	-0.15084028	0.039357785	10	-0.024036467	0.06540057	0.25637025	Binding_RAL	-0.014471419	0.03937513	0.15435052
D125L	D125L	125	125	0.009264687	0.00022653054	-0.03734053	-0.018163232	-0.0009476901	0.060518425	0.11077752	0.09761766	0.01345926	0.0047307466	10	0.024014337	0.049115505	0.19253278	Binding_RAL	0.014458095	0.02957053	0.115916476
D125M	D125M	125	125	0.049226265	-0.0067942603	0.006448571	0.14972004	0.13386527	0.11851262	-0.061217044	0.10754906	0.027846042	0.016264943	10	0.054142147	0.06986715	0.27387923	Binding_RAL	0.032596875	0.042064283	0.16489199
D125N	D125N	125	125	-0.036465112	-0.0031936995	-0.024894956	0.046425037	-0.09090908	0.008173183	-0.014558016	-0.050274767	0.036184724	-0.08180324	10	-0.02113159	0.04560867	0.178786	Binding_RAL	-0.012722505	0.0274592	0.107640065
D125P	D125P	125	125	0.14360428	0.07544016	0.035822697	0.11020768	0.1692919	0.067498945	0.025806427	0.15279809	0.09575363	0.0367016	10	0.09129254	0.051794436	0.20303419	Binding_RAL	0.054963674	0.031183409	0.122238964
D125Q	D125Q	125	125	-0.03142295	-0.10309036	0.029209783	-0.05304398	0.008034563	0.078799896	-0.046307158	0.14173387	-0.04559295	-0.07710707	10	-0.009878637	0.07515692	0.29461512	Binding_RAL	-0.005947542	0.04524905	0.17737627
D125R	D125R	125	125	0.23092929	0.07382667	0.012595199	0.1123241	0.22256956	0.052058622	0.15378748	0.13893332	0.06763345	0.08452258	10	0.11491803	0.07181089	0.2814987	Binding_RAL	0.06918766	0.04323454	0.1694794
D125S	D125S	125	125	-0.0084303375	-0.0071368203	-0.030006593	0.007837314	0.0009149798	0.04169565	0.036930867	0.016231637	0.013567757	0.01646344	10	0.008806789	0.02142189	0.08397381	Binding_RAL	0.0053022243	0.012897285	0.050557356
D125T	D125T	125	125	0.028846532	-0.0117482105	-0.069625326	-0.06526053	0.025009142	0.02784674	0.045554187	0.0021284758	-0.028813198	0.03112402	10	-0.0014938159	0.0412768	0.16180506	Binding_RAL	-0.00089936826	0.02485115	0.09741651
D125V	D125V	125	125	-0.027929869	-0.0033969001	0.022333639	0.037162445	0.051581882	0.036592312	0.08096363	0.045540597	0.072399914	-0.044424336	10	0.027082333	0.04107032	0.16099566	Binding_RAL	0.016305216	0.024726836	0.0969292
D125W	D125W	125	125	-0.05064047	-0.067446895	0.0051189936	-0.0770515	0.010027258	0.02540764	0.017784825	-0.03684271	0.018689327	-0.07782309	10	-0.023277663	0.04279627	0.16776137	Binding_RAL	-0.014014572	0.025765963	0.101002574
D125Y	D125Y	125	125	-0.018831575	-0.09957668	-0.08684988	-0.09985117	0.031016285	-0.073469065	0.026707716	0.08516728	0.0057273563	0.029667236	10	-0.020029252	0.06583736	0.25808245	Binding_RAL	-0.012058831	0.039638106	0.15538138
D131A	D131A	131	131	0.09162489	0.020012131	0.05729525	0.11796808	0.15270354	0.2160291	-0.009574668	0.11667195	0.034679055	-0.015526138	10	0.078188315	0.07453213	0.29216596	Binding_RAL	0.04707413	0.044872887	0.17590173
D131C	D131C	131	131	0.11595799	0.023903482	0.0058239764	0.02533777	0.041428838	-0.00815489	0.12064655	0.17684701	0.10978591	0.065230735	10	0.06768074	0.060376626	0.23667638	Binding_RAL	0.040747933	0.03635041	0.1424936
D131E	D131E	131	131	0.12354019	-0.059499994	0.05685258	-0.15863927	-0.12566397	-0.04588753	0.026930189	0.011950431	0.0054093758	-0.05393199	10	-0.021893999	0.084400274	0.33084908	Binding_RAL	-0.0131815225	0.05081411	0.19919132
D131F	D131F	131	131	0.008258322	0.11197434	-0.05710732	-0.106470354	0.036881197	0.18043277	9.0024245e-05	0.22157896	0.024510643	0.124163695	10	0.05443123	0.103605494	0.40613353	Binding_RAL	0.03277092	0.062376823	0.24451715
D131G	D131G	131	131	-0.014692856	-0.07203734	-0.10493346	-0.087487385	-0.030794414	-0.052669797	-0.08868044	-0.032406718	-0.07981661	0.030161943	10	-0.053335708	0.041553993	0.16289166	Binding_RAL	-0.032111347	0.025018038	0.09807071
D131H	D131H	131	131	0.17196278	0.040778395	-0.06918115	0.06842405	0.066687256	0.15358979	0.049210794	0.15804625	0.16064681	0.019119522	10	0.08192845	0.07830818	0.30696806	Binding_RAL	0.04932592	0.047146298	0.18481348
D131I	D131I	131	131	0.11453971	0.075438105	0.0915384	0.19347952	0.25747442	0.12804158	0.18614057	0.09416493	0.040425688	-0.083090425	10	0.10981524	0.09355408	0.366732	Binding_RAL	0.06611547	0.05632526	0.22079502
D131K	D131K	131	131	-0.023783658	0.21609415	0.08864867	0.09281841	0.058180634	0.14247894	0.1689144	0.123523034	0.2144922	0.10773318	10	0.11890999	0.07259393	0.2845682	Binding_RAL	0.071591064	0.04370597	0.17132741
D131L	D131L	131	131	0.22310178	0.012660729	0.068972446	0.052023828	0.051260345	0.091466986	0.050093446	0.08047838	0.07202971	0.10473851	10	0.08068262	0.0562138	0.2203581	Binding_RAL	0.048575856	0.033844136	0.13266902
D131M	D131M	131	131	-0.016242987	-0.08049611	-0.03019628	-0.08839288	-0.09129958	-0.099906854	-0.06116467	-0.03812493	0.075779326	0.07683696	10	-0.0353208	0.06510763	0.2552219	Binding_RAL	-0.021265276	0.039198764	0.15365915
D131N	D131N	131	131	0.061488144	0.021665005	0.023983339	0.09243982	0.1638021	0.13587871	0.07087599	-0.08551478	-0.060484134	0.051440418	10	0.047557466	0.077951655	0.30557048	Binding_RAL	0.028632494	0.04693165	0.18397208
D131P	D131P	131	131	-0.29526776	-0.13696228	-0.34028155	-0.6731334	-0.21526974	-0.35701203	-0.5143945	-0.4197955	-0.36245328	-0.35269555	10	-0.36672655	0.1492028	0.584875	Binding_RAL	-0.22079174	0.08982918	0.35213038
D131Q	D131Q	131	131	0.07682503	0.13011089	0.19902892	0.0029740122	0.050386116	0.13961034	0.15604137	0.15140437	0.0023545197	0.12573765	10	0.10344732	0.06712865	0.2631443	Binding_RAL	0.062281594	0.04041554	0.15842892
D131R	D131R	131	131	-0.0314133	0.078586705	0.014131327	0.0927104	0.10779642	0.07452259	-0.029861921	0.01885653	-0.056696802	-0.0024330118	10	0.026619896	0.058226403	0.22824751	Binding_RAL	0.0160268	0.035055846	0.13741893
D131S	D131S	131	131	-0.024313316	0.017572496	-0.064454824	-0.037039857	0.024570787	0.032958694	0.039742354	-0.027995866	0.010263715	0.08374204	10	0.005504621	0.0438363	0.1718383	Binding_RAL	0.0033141177	0.026392125	0.10345713
D131T	D131T	131	131	-0.00059600465	0.04182439	0.12346235	-0.12538193	0.1913455	0.07943067	0.00059231254	0.024780536	0.022818299	0.039917532	10	0.039819364	0.08333883	0.3266882	Binding_RAL	0.023973685	0.050175056	0.19668622
D131V	D131V	131	131	0.108895265	0.12665392	0.008216105	0.089726046	0.13763075	0.15871832	0.050669633	0.054192886	0.03750035	0.060067344	10	0.08322705	0.048765417	0.19116044	Binding_RAL	0.050107762	0.029359754	0.115090236
D131W	D131W	131	131	-0.03333467	-0.12228657	-0.021539934	-0.14443497	0.0026037733	0.28187066	-0.07007175	0.088542566	0.028359016	0.18359037	10	0.01932985	0.13348806	0.5232732	Binding_RAL	0.011637748	0.08036795	0.31504238
D131Y	D131Y	131	131	-0.08602261	0.079633944	0.09119996	-0.12217463	0.05368288	0.06264785	0.08323097	0.07895987	0.13200927	0.113731615	10	0.048689913	0.08406904	0.32955065	Binding_RAL	0.029314296	0.05061469	0.19840959
D152A	D152A	152	152	-0.14987715	-0.11629794	-0.11024382	-0.06622205	-0.12069295	-0.116979934	-0.10479553	-0.10816076	-0.13749354	-0.088104874	10	-0.111886844	0.023427516	0.091835864	Binding_RAL	-0.0673627	0.014104793	0.05529079
D152C	D152C	152	152	-0.11325537	-0.13957302	-0.0509161	0.01211839	-0.07127136	0.038500566	-0.19134524	-0.083331145	-0.13510019	-0.02288882	10	-0.07570623	0.07197787	0.28215325	Binding_RAL	-0.045579765	0.043335065	0.16987346
D152E	D152E	152	152	-0.16371046	-0.11108621	-0.09491542	-0.16731788	-0.11801807	-0.11894434	-0.14405379	-0.08039888	-0.091700196	-0.1778207	10	-0.12679659	0.034467906	0.1351142	Binding_RAL	-0.076339275	0.020751782	0.08134699
D152F	D152F	152	152	-0.14133774	-0.024529979	-0.027898414	-0.062341023	-0.065931164	-0.039576024	0.0048137126	-0.006089039	-0.12347183	0.012940643	10	-0.047342084	0.051871903	0.20333786	Binding_RAL	-0.028502822	0.03123005	0.12242179
D152G	D152G	152	152	-0.14126782	-0.09604202	0.004084595	-0.007549991	-0.07751342	-0.065182224	-0.06374965	-0.068143696	-0.23364471	-0.037950836	10	-0.078695975	0.06857157	0.26880056	Binding_RAL	-0.047379777	0.041284263	0.16183431
D152H	D152H	152	152	-0.03479279	-0.09420956	0.021728396	-0.13505062	-0.14245924	-0.21752164	-0.0014206371	0.04898559	-0.011003955	-0.07197836	10	-0.06377228	0.08395873	0.32911822	Binding_RAL	-0.0383948	0.050548274	0.19814923
D152I	D152I	152	152	-0.19670214	-0.0111816535	-0.15029621	-0.14740269	-0.23977551	-0.047596354	-0.05667178	-0.089493915	-0.15864734	-0.3050112	10	-0.14027789	0.09161138	0.3591166	Binding_RAL	-0.08445585	0.055155635	0.2162101
D152K	D152K	152	152	-0.39837682	-0.1762153	-0.1740969	-0.05093142	-0.283592	-0.18726559	-0.22451456	-0.1733004	-0.20689096	-0.1216682	10	-0.19968522	0.09277061	0.36366078	Binding_RAL	-0.12022267	0.05585356	0.21894597
D152L	D152L	152	152	-0.20121194	-0.208498	-0.1849812	-0.12930351	-0.15118383	-0.10809875	-0.14513122	-0.06667976	-0.08854477	-0.06441205	10	-0.13480449	0.052928466	0.2074796	Binding_RAL	-0.08116052	0.031866163	0.12491536
D152M	D152M	152	152	-0.07266607	-0.11091103	-0.011437759	0.07933383	-0.018940786	0.06631411	-0.061579876	-0.0859964	-0.054116476	-0.021279316	10	-0.029127976	0.062224574	0.24392034	Binding_RAL	-0.017536817	0.037462987	0.1468549
D152N	D152N	152	152	0.006587924	-0.05516439	-0.04837275	-0.037972115	0.02456424	-0.003959549	-0.04654781	0.074953295	-0.036478072	-0.0034300867	10	-0.012581932	0.04086761	0.16020104	Binding_RAL	-0.0075750905	0.024604794	0.09645079
D152P	D152P	152	152	0.03936906	-0.08680433	-0.15441816	0.011872951	0.064685844	-0.01233481	-0.085669585	-0.03360716	0.051603008	3.680595e-05	10	-0.020526636	0.07017867	0.2751004	Binding_RAL	-0.012358286	0.04225184	0.16562721
D152Q	D152Q	152	152	-0.15265054	-0.24101745	-0.17052652	-0.23008393	-0.16231018	-0.09012221	-0.15365106	-0.62828064	-0.23128368	-0.30082497	10	-0.23607512	0.15014604	0.5885725	Binding_RAL	-0.14213161	0.09039707	0.3543565
D152R	D152R	152	152	-0.2523974	-0.056597073	-0.0731365	-0.05357173	-0.07164069	-0.10588243	-0.17264926	-0.107151896	-0.15406778	-0.13221176	10	-0.11793065	0.0622716	0.24410467	Binding_RAL	-0.07100144	0.0374913	0.14696589
D152S	D152S	152	152	-0.13540399	-0.16978037	-0.08241004	-0.0750819	-0.1364969	-0.077148244	-0.028675064	-0.10668724	-0.10858977	-0.14716445	10	-0.10674379	0.042008907	0.16467492	Binding_RAL	-0.06426627	0.025291923	0.09914434
D152T	D152T	152	152	-0.2229945	-0.2234059	-0.103477724	-0.22810332	-0.28458142	-0.21434355	-0.094374314	-0.19694893	-0.2409018	-0.22603112	10	-0.20351627	0.059568554	0.23350874	Binding_RAL	-0.12252921	0.035863902	0.1405865
D152V	D152V	152	152	-0.16360669	-0.17773391	-0.1700187	-0.37805524	-0.22669685	-0.20938684	-0.30849594	-0.29715556	-0.22899562	-0.18807803	10	-0.23482232	0.07093904	0.27808106	Binding_RAL	-0.14137736	0.04270963	0.16742176
D152W	D152W	152	152	0.11174835	0.1558361	0.17829691	0.032886285	0.040113483	0.09574355	0.09718352	0.13466787	0.13465208	0.012817592	10	0.099394575	0.055279624	0.21669613	Binding_RAL	0.059841596	0.033281703	0.13046427
D152Y	D152Y	152	152	-0.028578522	-0.0076248823	-0.01009206	0.044480413	0.02529836	0.086825095	-0.01713409	-0.102911875	0.048758715	0.050103076	10	0.008912424	0.053863697	0.2111457	Binding_RAL	0.0053658225	0.03242923	0.12712258
D153A	D153A	153	153	-0.24382709	-0.05304338	-0.19162321	-0.071632765	-0.066387996	-0.09673341	-0.047783017	-0.193592	-0.25816643	-0.15900424	10	-0.13817935	0.08071808	0.31641486	Binding_RAL	-0.08319239	0.048597205	0.19050105
D153C	D153C	153	153	-0.09025618	-0.004854093	-0.08625693	-0.034246154	-0.037139885	0.060405627	-0.08036707	-0.13757078	0.094234504	-0.03838852	10	-0.03544395	0.07070021	0.27714485	Binding_RAL	-0.02133942	0.042565838	0.16685809
D153E	D153E	153	153	-0.1617407	-0.10964412	-0.17465617	-0.16814715	-0.11795495	-0.13363291	-0.10313142	-0.08251442	-0.08919676	-0.053322304	10	-0.1193941	0.040035836	0.15694048	Binding_RAL	-0.07188253	0.024104014	0.094487734
D153F	D153F	153	153	-0.07211673	-0.16140294	-0.020144507	-0.08082459	-0.13448964	-0.2349983	-0.044958074	-0.17560929	-0.103228986	-0.14122814	10	-0.11690013	0.06524049	0.25574273	Binding_RAL	-0.07038101	0.039278753	0.15397272
D153G	D153G	153	153	-0.033738695	-0.13526314	-0.044768684	-0.120578066	-0.07730582	-0.07923017	-0.018213693	-0.047225367	-0.031770326	-0.14923574	10	-0.07373297	0.046795603	0.18343876	Binding_RAL	-0.044391744	0.028173806	0.11044132
D153H	D153H	153	153	-0.026183361	-0.10295148	0.059321884	-0.14456044	-0.04681911	-0.09210098	-0.0066488953	0.0968468	0.11770013	0.013124739	10	-0.013227073	0.08697096	0.34092617	Binding_RAL	-0.007963504	0.052361824	0.20525835
D153I	D153I	153	153	-0.16647044	-0.09840122	-0.055004284	-0.07989508	-0.137514	-0.3374202	-0.16488943	-0.12655813	-0.07702512	-0.16183314	10	-0.14050111	0.07992295	0.313298	Binding_RAL	-0.084590234	0.04811849	0.18862449
D153K	D153K	153	153	-0.32881138	-0.26983255	-0.17851296	-0.17551695	-0.20695877	-0.19195276	-0.058495592	-0.04315694	-0.19951335	-0.22684942	10	-0.18796006	0.08598322	0.33705422	Binding_RAL	-0.11316342	0.05176714	0.2029272
D153L	D153L	153	153	-0.139843	-0.08559336	-0.021285133	0.0039000015	-0.08152715	-0.00026466348	-0.054411493	0.044113193	-0.2238065	-0.09970785	10	-0.06584259	0.078586414	0.30805874	Binding_RAL	-0.039641254	0.047313813	0.18547015
D153M	D153M	153	153	-0.23975828	-0.061037883	-0.08989505	-0.108387865	0.04348063	0.029766733	-0.063081324	-0.13480806	0.052743595	-0.108546995	10	-0.06795244	0.090894796	0.3563076	Binding_RAL	-0.04091151	0.05472421	0.2145189
D153N	D153N	153	153	-0.009037806	0.04749025	0.08298967	0.038738843	0.20194441	0.03287376	0.06590694	0.039970685	0.064963594	0.035714936	10	0.06015553	0.055615295	0.21801196	Binding_RAL	0.0362173	0.0334838	0.13125649
D153P	D153P	153	153	-0.29036993	-0.2944521	-0.61119753	-0.65799445	-0.55405414	-0.2808783	-0.27234796	-0.20938285	-0.23662092	-0.29732424	10	-0.37046224	0.16779202	0.65774477	Binding_RAL	-0.22304085	0.10102103	0.39600244
D153Q	D153Q	153	153	-0.15192541	-0.16599855	-0.23982856	-0.10945501	-0.10373065	-0.004038775	-0.11697048	-0.21825053	-0.14590746	-0.12665226	10	-0.13827577	0.06528113	0.25590202	Binding_RAL	-0.08325045	0.03930322	0.15406863
D153R	D153R	153	153	-0.09448287	-0.141885	-0.08355956	-0.17933795	-0.11058764	0.02864389	-0.15890872	-0.109284244	-0.07967846	-0.1604192	10	-0.108949974	0.059469692	0.2331212	Binding_RAL	-0.065594524	0.03580438	0.14035317
D153S	D153S	153	153	-0.23978978	-0.2471003	-0.106460705	-0.07015705	-0.14718509	-0.14512372	-0.21254246	-0.12755634	-0.24977012	-0.2960575	10	-0.1841743	0.07439852	0.2916422	Binding_RAL	-0.11088416	0.044792444	0.17558639
D153T	D153T	153	153	-0.12310305	-0.32615873	-0.41927323	-0.34635273	-0.11300422	-0.030231865	-0.25645518	-0.15003496	-0.25379223	-0.17972758	10	-0.21981338	0.1214638	0.4761381	Binding_RAL	-0.13234106	0.07312861	0.28666416
D153V	D153V	153	153	-0.081585675	-0.055858314	-0.030176198	-0.009492937	-0.018810518	0.03866378	-0.010349645	-0.0025617904	0.07698323	0.02247659	10	-0.007071147	0.045547407	0.17854583	Binding_RAL	-0.0042572618	0.027422316	0.10749548
D153W	D153W	153	153	-0.10157249	-0.20804827	-0.18604465	-0.2513052	-0.36744964	-0.31846586	-0.09621788	-0.1600124	-0.15355386	-0.19154996	10	-0.20342202	0.08764483	0.34356773	Binding_RAL	-0.122472465	0.05276753	0.20684873
D153Y	D153Y	153	153	0.089705475	0.16007319	0.024703238	0.0986251	0.13318263	0.1334391	0.121184096	0.016984308	0.0036001876	0.06570036	10	0.08471976	0.054853767	0.21502677	Binding_RAL	0.051006462	0.033025313	0.12945923
D172A	D172A	172	172		-0.3585903	-0.6967331	-1.0011433	-0.42250487	-0.3229728	-0.95113975	-0.7845312			7	-0.64823085	0.28221384	1.1062783	Binding_RAL	-0.3902745	0.16990994	0.666047
D172C	D172C	172	172	0.41216487	1.1800579	-0.11080666	0.070050776				0.17950208	-0.08254975	0.4880224	7	0.3052059	0.44809753	1.7565423	Binding_RAL	0.18375257	0.26978204	1.0575457
D172E	D172E	172	172		0.05785815	-0.70467025	-0.19363433	-0.068774424	-0.05279345	-0.25821894	-0.5136484	0.007964139	0.081505775	9	-0.18271242	0.26964858	1.0570225	Binding_RAL	-0.110004015	0.16234489	0.636392
D172F	D172F	172	172	-0.14826642	0.17090875	0.08682929	-0.24390906	0.049380627	-0.0076113096	0.048761107	-0.15363437	-0.28186184	-0.07381052	10	-0.055321373	0.14943999	0.58580476	Binding_RAL	-0.03330684	0.08997199	0.35269022
D172G	D172G	172	172	0.09313375	-0.3173689	0.07181679	-0.27836493	0.15850033	0.010490669	0.06787594	0.19967498	-0.167985	-0.12789257	10	-0.029011894	0.18193705	0.71319324	Binding_RAL	-0.017466929	0.1095372	0.42938584
D172H	D172H	172	172			0.42746767	-0.84671515	-0.7506434	-0.6218282	-0.6736563	-0.87261134	-0.8134724		7	-0.5930656	0.4591122	1.7997198	Binding_RAL	-0.35706165	0.27641353	1.083541
D172I	D172I	172	172	0.20107013	0.20238571	-0.11357212	-0.11260993	-0.5413958	-0.025500108	-0.24980271	-0.037289854	0.04621365	-0.111397564	10	-0.07418986	0.21705712	0.85086393	Binding_RAL	-0.044666816	0.13068162	0.51227194
D172L	D172L	172	172	-0.24448967	0.22820456	-0.056161202	0.2242181	0.5545209	0.25832137	0.124708705	-0.10541792	-0.07770982	-0.011885323	10	0.08943097	0.23389694	0.916876	Binding_RAL	0.0538429	0.14082022	0.55201524
D172M	D172M	172	172	1.0835054	-0.5481324				0.06032886	-0.11572682	-0.02452286	1.0059419	1.0067754	7	0.35259563	0.6642435	2.6038346	Binding_RAL	0.21228407	0.3999151	1.5676672
D172N	D172N	172	172	-0.0050702277	-0.14554067	-0.22109844	-0.02156042	0.031457447	-0.123402044				-0.25830024	7	-0.10621637	0.111445345	0.43686575	Binding_RAL	-0.06394873	0.0670969	0.26301983
D172S	D172S	172	172	0.22203247	-0.19952744	-0.05263987	-0.015080737	-0.009242011	0.18128623	-0.12951434	-0.16822663	0.34553844	-0.12761502	10	0.004701109	0.18426843	0.72233224	Binding_RAL	0.0028303543	0.11094083	0.43488806
D172T	D172T	172	172	0.0082465	0.022733675	0.057770513	-0.014695333	-0.006494315	0.08362748	-0.02712806	0.083818875	-0.09352523	-0.12308981	10	-0.0008735709	0.06898141	0.27040714	Binding_RAL	-0.00052594295	0.041531015	0.16280158
D172V	D172V	172	172	-0.03288163	0.21073337	0.01529787	-0.14659777	0.07161978	0.05402453	0.14052103	-0.18486205	0.1679076	-0.052924685	10	0.024283802	0.13092823	0.51323867	Binding_RAL	0.014620329	0.07882678	0.30900097
D172W	D172W	172	172	0.618981	0.5176942	0.36217508	0.1524293	0.3958568				0.51632655	0.24397732	7	0.40106288	0.16452496	0.6449379	Binding_RAL	0.2414643	0.09905405	0.3882919
D172Y	D172Y	172	172	-0.11292969				0.42248905	0.29594663	-0.32139975	-0.005246766	0.12001712	-0.16586852	7	0.033286862	0.26341355	1.0325811	Binding_RAL	0.02004072	0.15859102	0.6216768
D29A	D29A	29	29	-0.31842083	-0.19714269	-0.22131509	-0.21857616	-0.17928238	-0.20720948	-0.08074752	-0.11236404	-0.22694539	-0.1572087	10	-0.19192122	0.065927535	0.25843593	Binding_RAL	-0.115548275	0.039692394	0.15559418
D29C	D29C	29	29	-0.490017	-0.23986526	-0.25107348	-0.33525825	-0.12359224	-0.2193937	-0.1818145	-0.08856344	-0.2106012	-0.27157804	10	-0.2411757	0.11247068	0.44088507	Binding_RAL	-0.14520247	0.06771421	0.2654397
D29E	D29E	29	29	-0.17436486	-0.26923567	-0.17668755	-0.093621954	-0.17057315	-0.14124572	-0.0062847817	-0.2653255	-0.30660316	-0.22445583	10	-0.18283983	0.08971505	0.351683	Binding_RAL	-0.11008073	0.05401393	0.21173461
D29F	D29F	29	29	-0.08313519	-0.1560157	-0.12082119	-0.02704812	-0.20056325	-0.16938129	-0.044053964	-0.15796082	-0.05479156	0.13530366	10	-0.08784674	0.09805238	0.38436535	Binding_RAL	-0.052889094	0.059033513	0.23141138
D29G	D29G	29	29	-0.20250769	-0.14293437	-0.1251421	-0.112978	-0.17509803	-0.057714354	-0.1683404	-0.07494178	-0.17500687	-0.15256065	10	-0.13872242	0.046274837	0.18139736	Binding_RAL	-0.083519354	0.027860273	0.10921227
D29H	D29H	29	29	-0.12978011	-0.53370506	-0.4464944	-0.59426504	-0.38570914	-0.35684365	-0.3898606	-0.48454738	-0.6715454	0.0009826685	10	-0.39917678	0.20402381	0.79977334	Binding_RAL	-0.24032876	0.12283477	0.4815123
D29I	D29I	29	29	0.11850874	-0.14800583	0.111752674	-0.054620232	0.08454292	-0.096755154	0.091956384	0.11700841	0.14228836	0.10041193	10	0.04670882	0.10466321	0.41027978	Binding_RAL	0.028121557	0.063013636	0.24701345
D29K	D29K	29	29	-0.56011665	-0.47801268	-0.7003634	-0.25311965	-0.6496227	-0.43157375	-0.49078783	-0.6040962	-0.27221042	-0.16170633	10	-0.46016103	0.18062916	0.70806634	Binding_RAL	-0.277045	0.10874977	0.4262991
D29L	D29L	29	29	-0.12857674	-0.33319274	-0.23122667	-0.23415783	-0.25622636	-0.26038972	-0.19294994	-0.1812376	-0.15090019	-0.23478551	10	-0.22036433	0.059317663	0.23252524	Binding_RAL	-0.13267277	0.03571285	0.13999437
D29M	D29M	29	29	-0.469995	-0.16664775	-0.22718604	-0.26033023	-0.035830423	-0.12592243	-0.23467787	-0.3179743	-0.26803762	-0.09640239	10	-0.2203004	0.12346328	0.48397607	Binding_RAL	-0.13263428	0.07433242	0.29138312
D29N	D29N	29	29	-0.12738274	-0.19253182	-0.23067689	-0.19327334	-0.28884268	-0.27373365	-0.33051786	-0.18465741	-0.022768354	-0.24879993	10	-0.20931847	0.08809054	0.34531492	Binding_RAL	-0.12602249	0.053035874	0.20790063
D29P	D29P	29	29	-0.17014915	-0.16993243	-0.15713254	-0.14730468	-0.08921744	-0.28869134	-0.26685458	-0.23344225	-0.22539887	-0.28559962	10	-0.20337228	0.06666256	0.26131722	Binding_RAL	-0.12244251	0.040134925	0.1573289
D29Q	D29Q	29	29	-0.29906657	-0.17317434	-0.2558401	-0.10171084	-0.17420422	-0.18547276	-0.20070104	-0.3453734	-0.17626718	-0.3551296	10	-0.22669402	0.08355025	0.327517	Binding_RAL	-0.13648362	0.050302345	0.1971852
D29R	D29R	29	29	-0.2462155	-0.19803643	-0.2586485	-0.15774438	-0.1638674	-0.19859661	-0.20883618	-0.18905713	-0.17936401	-0.16403885	10	-0.1964405	0.034095652	0.13365497	Binding_RAL	-0.11826916	0.02052766	0.08046843
D29S	D29S	29	29	-0.23419182	-0.2742944	-0.18300426	-0.26424333	-0.25186458	-0.19399177	-0.272276	-0.19146213	-0.31226218	-0.1787805	10	-0.2356371	0.046524294	0.18237524	Binding_RAL	-0.1418679	0.028010461	0.10980101
D29T	D29T	29	29	-0.44757307	-0.38313702	-0.41823912	-0.32817954	-0.21801418	-0.224506	-0.22292772	-0.41448227	-0.30005953	-0.42512015	10	-0.33822384	0.09187909	0.36016604	Binding_RAL	-0.20363137	0.055316817	0.21684192
D29V	D29V	29	29	-0.14769961	-0.16629632	-0.15042277	-0.15750025	-0.03921311	-0.11134507	-0.109051295	-0.11681106	-0.10377016	-0.0650678	10	-0.11671773	0.041024555	0.16081625	Binding_RAL	-0.070271194	0.024699284	0.0968212
D29W	D29W	29	29	-0.09020614	-0.18811463	-0.08165709	-0.07794463	0.026728375	-0.017373076	-0.102796145	-0.14018244	0.066837035	-0.06210768	10	-0.06668164	0.075543985	0.29613242	Binding_RAL	-0.04014641	0.045482084	0.17828977
D29Y	D29Y	29	29	-0.3168	-0.24621417	-0.37716138	-0.20495252	-0.60194725	-0.18919529	-0.24134462	-0.44848564	-0.25530195	-0.23317493	10	-0.31145778	0.13006495	0.5098546	Binding_RAL	-0.18751657	0.07830703	0.30696356
D32A	D32A	32	32	1.3727195	1.3370342	1.2996819	1.3388716	1.254473	1.2688448	1.3139288	1.3227559	1.3292472	1.3638232	10	1.3201381	0.037711423	0.14782879	Binding_RAL	0.7948036	0.022704575	0.08900194
D32C	D32C	32	32	1.1395571	1.1806613	1.1379627	1.1741273	1.2216408	1.0685306	1.1307462	1.0928063	1.1148725	1.0867534	10	1.1347659	0.0472593	0.18525647	Binding_RAL	0.6831982	0.028452981	0.11153569
D32E	D32E	32	32	0.87103426	0.8426253	0.79844207	0.84297943	0.9330231	0.8583275	0.8871136	0.8288	0.86879647	0.8363946	10	0.85675365	0.036629785	0.14358877	Binding_RAL	0.51581794	0.022053365	0.08644919
D32F	D32F	32	32	1.634656	1.7248228	1.6413426	1.6449056	1.5851609	1.6778791	1.6942905	1.6587148	1.6526235	1.63491	10	1.6549305	0.037925705	0.14866877	Binding_RAL	0.99636906	0.022833588	0.08950766
D32G	D32G	32	32	1.2308452	1.2134366	1.1893896	1.1882747	1.2363648	1.2002791	1.2471815	1.2104875	1.1672891	1.2459044	10	1.2129452	0.026960908	0.10568676	Binding_RAL	0.730267	0.01623211	0.06362987
D32H	D32H	32	32	1.3221115	1.2102058	1.1462535	1.0941687	1.2371125	1.1261858	1.2770852	1.3588041	1.2260947	1.2576908	10	1.2255713	0.08469643	0.33201	Binding_RAL	0.7378686	0.050992414	0.19989027
D32I	D32I	32	32	1.331276	1.4098858	1.2379434	1.3763461	1.1956464	1.2714852	1.3209256	1.3579302	1.3195941	1.4159918	10	1.3237026	0.07184035	0.28161418	Binding_RAL	0.7969497	0.043252274	0.16954891
D32K	D32K	32	32	1.0473791	0.9414982	0.96027774	1.0261037	1.0016646	0.95084655	1.0395879	0.985551	0.9960898	1.1335846	10	1.0082583	0.057056937	0.2236632	Binding_RAL	0.607033	0.034351755	0.13465889
D32L	D32L	32	32	1.560046	1.4119164	1.585886	1.4157028	1.5990473	1.564872	1.4796537	1.5008631	1.5839218	1.5922133	10	1.5294123	0.07239973	0.28380695	Binding_RAL	0.92079943	0.04358905	0.17086908
D32M	D32M	32	32	1.1883998	1.3747516	1.313546	1.2901936	1.1580437	1.2576463	1.2746851	1.2036526	1.2931095	1.2749175	10	1.2628946	0.0642042	0.25168046	Binding_RAL	0.76033956	0.038654845	0.151527
D32N	D32N	32	32	0.9542191	0.8396023	0.9233372	0.90983593	0.85230786	0.82414085	0.8693682	0.89649016	0.8981559	0.89000726	10	0.8857465	0.0398335	0.15614733	Binding_RAL	0.5332734	0.023982197	0.09401021
D32P	D32P	32	32	3.3121	3.2857258	2.9959617	2.8733985	3.0009284	2.9459987	2.7520897	3.1905992	3.1341364	3.0819836	10	3.0572922	0.17878738	0.70084655	Binding_RAL	1.8406763	0.10764091	0.42195237
D32Q	D32Q	32	32	1.1072935	1.0938694	1.0773498	1.1419591	1.0202619	1.2137964	1.0942651	1.0677105	1.0142933	0.97164124	10	1.0802441	0.06885272	0.26990268	Binding_RAL	0.6503728	0.041453537	0.16249786
D32R	D32R	32	32	1.4633626	1.4080094	1.3822151	1.3849574	1.3973899	1.359681	1.4525021	1.4442335	1.4585513	1.4788738	10	1.4229777	0.041280456	0.16181938	Binding_RAL	0.8567193	0.02485335	0.09742513
D32S	D32S	32	32	0.59176344	0.53849024	0.631891	0.59186274	0.6059592	0.55299556	0.5483471	0.57423884	0.55025065	0.57464796	10	0.5760447	0.029609079	0.11606759	Binding_RAL	0.346814	0.017826471	0.06987977
D32T	D32T	32	32	1.35834	1.4338614	1.277636	1.3851551	1.2360661	1.3015898	1.4332744	1.2672379	1.3217233	1.310107	10	1.3324991	0.06832242	0.2678239	Binding_RAL	0.80224574	0.041134264	0.16124631
D32V	D32V	32	32	1.1277049	1.2225184	1.1773626	1.2132753	1.2010226	1.1589506	1.1738971	1.1980144	1.1767222	1.2599261	10	1.1909394	0.036675468	0.14376783	Binding_RAL	0.7170181	0.022080868	0.08655701
D32W	D32W	32	32	1.9139107	1.8407634	1.6436168	1.7991049	1.9006808	1.871923	1.938709	1.7145716	1.6552188	1.8975465	10	1.8176047	0.10970631	0.43004876	Binding_RAL	1.0943089	0.06604989	0.25891557
D32Y	D32Y	32	32	1.2160629	1.1584433	1.1057341	1.2442439	1.209744	1.0764823	1.2498682	1.1199325	1.1733859	1.3311069	10	1.1885004	0.07721016	0.30266383	Binding_RAL	0.7155497	0.046485223	0.18222208
D37A	D37A	37	37	3.0530484	2.7855215	3.2824473	2.939412	1.9445573	3.1261046	2.5684018	2.6884854	2.7413626	3.336903	10	2.8466244	0.40696695	1.5953104	Binding_RAL	1.7138414	0.24501891	0.96047413
D37C	D37C	37	37	3.5555515	3.3978357	3.1804001	3.3594465	3.317373	3.288758	3.3592489	3.1789565	3.2431808	3.4468794	10	3.332763	0.11802749	0.4626678	Binding_RAL	2.0065265	0.07105975	0.27855423
D37E	D37E	37	37	3.0448468	3.2378185	3.1210835	3.7090383	3.1814094	3.5179105	4.006414	3.8182054	3.1161172	3.1497526	10	3.3902595	0.34517604	1.3530902	Binding_RAL	2.041143	0.20781702	0.8146427
D37F	D37F	37	37	2.6614554	3.223547	3.6168294	3.9978485	3.598985	3.435639	2.7622426	3.3231678	3.1210392	2.753137	10	3.249389	0.43511668	1.7056574	Binding_RAL	1.9563303	0.26196676	1.0269097
D37G	D37G	37	37	2.5994892	2.5311072	2.5253952	2.193906	2.4149466	2.124779	2.310521	2.2375019	2.3080168	2.377856	10	2.362352	0.15646914	0.61335903	Binding_RAL	1.4222798	0.094203964	0.36927953
D37H	D37H	37	37	2.2096775	2.1550896	1.54957	1.956312	1.5756977	1.4423932	1.4881747	2.266753	1.5689145	1.825942	10	1.8038524	0.3211586	1.2589417	Binding_RAL	1.0860292	0.19335705	0.75795966
D37I	D37I	37	37	2.7312186	2.7946372	3.1258674	2.586966	2.3483307	3.1180642	2.8582654	2.837058	3.1262755	2.7492557	10	2.827594	0.25115007	0.9845083	Binding_RAL	1.702384	0.15120766	0.59273404
D37K	D37K	37	37	1.6927869	1.9193081	1.9854248	2.5262067	3.0402958	2.673724	2.3144062	2.6994104	2.1095655	2.6248364	10	2.3585963	0.4240877	1.6624238	Binding_RAL	1.4200188	0.25532666	1.0008805
D37L	D37L	37	37	2.9713397	3.1066244	3.4712548	3.1980894	3.7238588	2.7527866	2.6347308	3.3969913	2.8532188	3.185976	10	3.129487	0.33962122	1.3313152	Binding_RAL	1.884142	0.20447268	0.8015329
D37M	D37M	37	37	2.627281	2.911581	2.2438765	2.755917	2.2391372	2.0265405	2.6193283	2.2344675	2.2959425	2.5808089	10	2.453488	0.28287965	1.1088883	Binding_RAL	1.4771495	0.1703108	0.66761833
D37N	D37N	37	37	1.8069195	1.8666228	1.836577	1.6969972	1.7174715	1.9190699	1.8469306	1.734801	1.6319481	1.9836333	10	1.8040969	0.10835676	0.4247585	Binding_RAL	1.0861764	0.06523737	0.2557305
D37P	D37P	37	37	2.9388602	2.4495647	3.0574844	2.7225714	2.8145993	2.3557138	2.2300258	2.400773	1.8634852	2.601698	10	2.5434775	0.3581717	1.4040331	Binding_RAL	1.5313286	0.2156412	0.84531355
D37Q	D37Q	37	37	2.2238882	2.1977735	2.8245254	2.2933342	2.507639	3.2707725	2.399654	2.814201	2.4464278	2.2393305	10	2.5217547	0.34715226	1.3608369	Binding_RAL	1.5182501	0.20900683	0.8193068
D37R	D37R	37	37	3.1275795	2.9627209	2.941954	3.5736232	3.5187342	3.3224344	2.8885295	2.791318	2.4524963	2.9350924	10	3.0514483	0.34263787	1.3431405	Binding_RAL	1.837158	0.20628889	0.80865246
D37S	D37S	37	37	2.9884698	2.77179	2.9337544	2.9167418	2.7956576	2.9410887	3.1987162	2.967275	2.5966992	2.8979256	10	2.9008117	0.15776435	0.6184362	Binding_RAL	1.7464654	0.09498376	0.37233633
D37T	D37T	37	37	3.3165681	2.6235502	3.147478	3.2047417	3.2802777	3.2261033	3.4588542	3.1413846	3.195712	2.82948	10	3.1424148	0.24275592	0.95160323	Binding_RAL	1.8919253	0.14615387	0.5729232
D37V	D37V	37	37	1.8006673	1.7177298	1.7302368	1.7816597	1.7484037	1.5389792	1.7654053	1.845367	1.640691	2.226423	10	1.7795563	0.1792136	0.70251733	Binding_RAL	1.0714014	0.10789751	0.42295825
D37W	D37W	37	37	3.089932	2.979824	2.834227	2.6024804	3.0466955	3.0909097	3.1178498	3.3055167	4.0717087	2.9831796	10	3.1122324	0.38507617	1.5094986	Binding_RAL	1.8737537	0.23183933	0.9088102
D37Y	D37Y	37	37	1.6593138	1.5983971	1.4414603	1.8178003	1.6801146	1.7775699	1.8404623	1.651302	1.7338989	1.6124959	10	1.6812814	0.11856277	0.4647661	Binding_RAL	1.012234	0.071382016	0.27981752
D46A	D46A	46	46	-0.0485797	0.07468669	0.026511574	0.015543291	-0.010805	-0.005240632	0.050211906	0.057680503	-0.026483146	0.11585277	10	0.024937827	0.050309382	0.19721279	Binding_RAL	0.015014092	0.030289317	0.11873412
D46C	D46C	46	46	-0.2967537	-0.16300203	-0.14653328	-0.17660372	-0.12265629	-0.16086857	-0.24187352	0.041145064	-0.15074271	-0.37784007	10	-0.17957287	0.111272715	0.43618906	Binding_RAL	-0.10811382	0.06699296	0.2626124
D46E	D46E	46	46	-0.1837256	-0.21908496	-0.11984081	-0.11878129	-0.03951838	-0.19249701	-0.13388814	-0.15860182	-0.1303284	-0.083184585	10	-0.1379451	0.053268883	0.20881402	Binding_RAL	-0.08305136	0.032071117	0.12571879
D46F	D46F	46	46	-0.19828345	0.028193107	-0.10757821	0.11324217	-0.29003996	-0.08044462	-0.15473692	0.100322954	-0.4015653	0.0113620525	10	-0.09795282	0.1681755	0.659248	Binding_RAL	-0.05897357	0.10125191	0.39690748
D46G	D46G	46	46	-0.13741432	-0.179349	-0.13308926	-0.047361184	-0.111925736	-0.08946238	-0.104132324	-0.13058092	-0.1301634	-0.0913836	10	-0.11548622	0.03551716	0.13922727	Binding_RAL	-0.06952975	0.021383496	0.08382331
D46H	D46H	46	46	-0.1656815	-0.33018842	0.020880843	-0.3043423	0.06964103	-0.23350458	-0.25808367	0.05790408	0.009601122	-0.17867051	10	-0.13124439	0.15586096	0.61097497	Binding_RAL	-0.079017125	0.093837805	0.3678442
D46I	D46I	46	46	0.48257968	0.4311768	0.055674516	0.97856927	0.6074751	0.42776424	0.24082468	0.22634986	0.06322105	0.39528152	10	0.39089167	0.27345818	1.071956	Binding_RAL	0.23534063	0.1646385	0.64538294
D46K	D46K	46	46	-0.23483685	-0.3989677	-0.30508342	-0.24226178	-0.15168251	-0.3877271	-0.3795962	-0.2093115	-0.55507463	-0.37155345	10	-0.32360953	0.11844517	0.46430507	Binding_RAL	-0.19483267	0.07131121	0.27953997
D46L	D46L	46	46	0.12219588	0.07443365	-0.0007696794	0.26781097	0.09577097	0.14497332	0.17026067	0.10798399	0.10688344	0.020056427	10	0.11095996	0.0758209	0.29721794	Binding_RAL	0.06680466	0.045648806	0.17894332
D46M	D46M	46	46	-0.14000587	-0.2072277	-0.03980385	0.04140985	0.0032504415	0.11009467	0.12270745	0.022324082	0.11806594	-0.060828067	10	-0.0030013106	0.11109581	0.4354956	Binding_RAL	-0.001806972	0.06688645	0.26219487
D46N	D46N	46	46	-0.09448452	0.022309098	-0.07633773	0.042912073	-0.048221048	-0.10088773	-0.0827372	-0.17755575	0.032703858	-0.15134114	10	-0.06336401	0.075860046	0.2973714	Binding_RAL	-0.038148995	0.045672372	0.17903571
D46P	D46P	46	46	-0.4399604	-0.03885697	-0.029755408	0.10124316	0.046478778	-0.04633782	0.056461368	0.2318667	0.014879933	0.0024791225	10	-0.0101501485	0.17213218	0.67475814	Binding_RAL	-0.006111008	0.10363407	0.40624556
D46Q	D46Q	46	46	-0.12376465	-0.21620242	-0.16092516	-0.17029558	-0.1714297	-0.13231552	0.060401984	0.053550094	-0.07160123	0.14244615	10	-0.0790136	0.12172663	0.4771684	Binding_RAL	-0.047571007	0.073286854	0.28728446
D46R	D46R	46	46	-0.23273008	-0.3093731	-0.27042198	-0.2528841	-0.4470937	-0.30102417	-0.32619724	-0.21544728	-0.18110044	-0.28184867	10	-0.28181207	0.07328748	0.28728694	Binding_RAL	-0.16966805	0.04412353	0.17296425
D46S	D46S	46	46	-0.06886739	-0.09285113	-0.083559886	-0.03786471	0.04597036	-0.20138809	0.004949967	-0.1827926	-0.1445388	-0.043716475	10	-0.080465876	0.07884101	0.30905676	Binding_RAL	-0.048445363	0.047467094	0.18607101
D46T	D46T	46	46	-0.22372459	-0.23126447	-0.21937354	0.031011993	-0.35258365	-0.11009802	-0.12155033	-0.211041	-0.10687305	-0.13932386	10	-0.16848204	0.10292554	0.40346813	Binding_RAL	-0.10143646	0.06196745	0.24291241
D46V	D46V	46	46	0.43830997	0.34959126	0.36609942	0.3374294	0.3539943	0.3600569	0.45471814	0.31638595	0.2861969	0.45788366	10	0.3720666	0.058943752	0.2310595	Binding_RAL	0.22400677	0.035487734	0.13911192
D46W	D46W	46	46	0.17378567	0.078140825	-0.10659476	0.06393864	0.3712736	-0.12724125	0.02089665	0.23199691	0.20298734	0.17367983	10	0.10828634	0.15425842	0.604693	Binding_RAL	0.06519498	0.09287297	0.36406204
D46Y	D46Y	46	46	0.19501811	0.19648236	0.24071327	0.14588413	0.34513474	0.18326336	0.26721448	0.1361835	0.19724841	0.10236868	10	0.2009511	0.06999066	0.27436337	Binding_RAL	0.120984815	0.042138644	0.16518348
D53A	D53A	53	53	0.14149962	0.13425007	-0.110851705	0.23696257	0.30272076	0.19460264	0.32260495	0.32383195	0.20694484	0.2071163	10	0.1959682	0.12763825	0.50034195	Binding_RAL	0.1179848	0.07684601	0.30123636
D53C	D53C	53	53	0.41039222	0.2384345	0.4736809	0.35137463	0.10610751	0.1593815	0.22560492	0.5241272	0.3265674	0.43505895	10	0.32507294	0.13927466	0.5459567	Binding_RAL	0.19571373	0.08385184	0.3286992
D53E	D53E	53	53	-0.20852502	-0.3733768	-0.3894249	-0.30819845	-0.16011412	-0.2863079	-0.19911164	-0.04446212	-0.47831467	-0.26772383	10	-0.27155596	0.12551966	0.4920371	Binding_RAL	-0.16349325	0.075570494	0.29623634
D53F	D53F	53	53	0.1272401	-0.13215564	0.15031712	0.14217295	-0.12684725	0.004611996	0.34948513	0.2233596	0.35358545	0.029289221	10	0.11210587	0.17153156	0.6724037	Binding_RAL	0.06749457	0.10327246	0.40482804
D53G	D53G	53	53	-0.12206666	-0.104222514	-0.16414593	-0.1911308	-0.123018295	-0.19268408	-0.19246447	-0.1576166	-0.20639962	-0.14697048	10	-0.16007194	0.03551923	0.13923539	Binding_RAL	-0.09637307	0.021384742	0.08382819
D53H	D53H	53	53	0.27080715	0.2520973	0.16785234	0.3136959	0.23988147	0.26570395	0.31288046	0.21634129	0.1843108	0.16222873	10	0.23857996	0.05516973	0.21626535	Binding_RAL	0.14363968	0.03321554	0.13020493
D53I	D53I	53	53	0.5085438	0.2981043	0.44947204	0.58206373	0.36557785	0.36679816	0.2729266	0.6678575	0.4226678	0.28124133	10	0.4215253	0.13246626	0.51926774	Binding_RAL	0.25378394	0.079752766	0.31263086
D53K	D53K	53	53	-0.08836046	-0.11730622	-0.120452	-0.074445836	0.02541432	-0.09598436	-0.037277028	0.25813615	-0.0035004648	0.040082872	10	-0.021369299	0.11380019	0.44609675	Binding_RAL	-0.012865621	0.06851465	0.26857746
D53L	D53L	53	53	0.35279244	0.40181443	0.11378689	0.3033682	0.3512792	0.7620877	0.4655287	0.2148158	0.15643133	0.36460194	10	0.34865063	0.1825033	0.7154129	Binding_RAL	0.20990895	0.109878115	0.4307222
D53M	D53M	53	53	-0.16354556	0.27726403	-0.023151252	0.11041003	-0.087405965	-0.35546717	0.397689	0.112898655	-0.14935955	0.0071104756	10	0.012644273	0.22161233	0.86872035	Binding_RAL	0.0076126233	0.13342413	0.5230226
D53N	D53N	53	53	-0.23971772	-0.07448051	-0.36173284	-0.08740849	-0.09667261	-0.32123482	0.037864897	-0.058489107	-0.23322742	-0.25977516	10	-0.16948737	0.13060261	0.51196223	Binding_RAL	-0.10204173	0.07863074	0.3082325
D53P	D53P	53	53	-0.26980287	-0.47726387	-0.37920332	-0.27512485	-0.4347952	-0.22539896	-0.48292652	-0.15443894	-0.40497738	-0.21657676	10	-0.33205086	0.118001215	0.46256477	Binding_RAL	-0.19991486	0.07104392	0.27849218
D53Q	D53Q	53	53	-0.2570539	-0.15530552	-0.10402285	-0.26202488	-0.244695	-0.05628581	0.21072485	-0.4139541	-0.2675155	-0.33372682	10	-0.18838596	0.17528595	0.6871209	Binding_RAL	-0.11341984	0.10553283	0.41368872
D53R	D53R	53	53	-0.051470704	0.012168711	-0.057947714	-0.11616878	-0.07631617	-0.094073735	0.016995452	0.013939181	-0.06699453	-0.012157019	10	-0.04320253	0.048049834	0.18835536	Binding_RAL	-0.026010558	0.02892893	0.113401406
D53S	D53S	53	53	-0.3012234	-0.30939314	-0.31113008	-0.18540479	-0.15774344	-0.25445506	-0.25377387	-0.27877226	-0.30783814	-0.3261201	10	-0.26858544	0.056881312	0.22297475	Binding_RAL	-0.16170481	0.03424602	0.1342444
D53T	D53T	53	53	-0.3365775	-0.33286563	-0.23033012	-0.21395278	-0.26290962	-0.12415688	-0.01593002	-0.039810926	-0.20320964	-0.04540914	10	-0.18051521	0.11868982	0.4652641	Binding_RAL	-0.108681165	0.07145851	0.28011736
D53V	D53V	53	53	0.29990944	0.2237753	0.3858885	0.32132372	0.4669248	0.39422867	0.30801392	0.41446584	0.30968142	0.31192815	10	0.34361395	0.070526235	0.27646285	Binding_RAL	0.20687655	0.042461094	0.16644749
D53W	D53W	53	53	0.0780597	0.16086711	-0.19500858	0.2960999	-0.35744005	-0.317701	-0.33899784	-0.15755637	0.18389568	-0.03615713	10	-0.06839385	0.23908707	0.93722135	Binding_RAL	-0.04117727	0.143945	0.56426436
D53Y	D53Y	53	53	0.0051610637	-0.060406603	-0.025781004	-0.007630946	0.081618495	0.009688584	0.065520525	0.12917809	-0.016732337	-0.031039488	10	0.014957638	0.05882173	0.2305812	Binding_RAL	0.009005411	0.035414267	0.13882393
D56A	D56A	56	56	3.4974875	3.2607982	3.074109	3.0887506	3.3846655	3.205989	2.9412906	3.004391	3.019584	3.1667998	10	3.1643865	0.17661002	0.6923113	Binding_RAL	1.9051536	0.10633	0.4168136
D56C	D56C	56	56	2.8085055	2.7135808	2.812142	2.8220558	3.4181905	2.9424057	3.194612	2.7233098	2.6529598	3.4042995	10	2.949206	0.2860434	1.1212902	Binding_RAL	1.7756019	0.17221557	0.675085
D56E	D56E	56	56	2.5106993	2.7358391	2.4810119	2.559541	2.7823105	2.746795	2.860442	2.6152287	2.6073408	2.3252509	10	2.6224458	0.16178606	0.6342014	Binding_RAL	1.5788723	0.097405076	0.3818279
D56F	D56F	56	56	2.6547987	3.347297	3.0193748	2.897111	3.061705	3.1592333	2.5951254	2.833908	2.6657102	2.5609896	10	2.8795254	0.2647329	1.037753	Binding_RAL	1.7336498	0.15938535	0.6247906
D56G	D56G	56	56	3.3543835	3.4086525	3.394991	3.1881406	3.197231	2.9920275	3.3753958	3.4291227	3.2430103	3.6132634	10	3.3196216	0.1704882	0.66831374	Binding_RAL	1.9986145	0.10264429	0.40236562
D56H	D56H	56	56	2.7782683	3.4968565	3.3046951	3.407313	2.9271424	2.160892	3.4856875	2.79564	2.844988	2.367186	10	2.9568667	0.46520218	1.8235925	Binding_RAL	1.7802141	0.28008008	1.097914
D56I	D56I	56	56	3.0066116	2.7598863	2.756971	2.8758304	3.0725338	3.1653173	2.7473357	2.6308227	3.6072187	3.2025685	10	2.9825096	0.29280087	1.1477795	Binding_RAL	1.7956526	0.17628399	0.69103324
D56K	D56K	56	56	2.1773453	1.9857095	1.5790149	1.8343118	2.1051328	2.2642753	2.224886	1.8558935	2.0052862	2.1252413	10	2.0157096	0.2112967	0.82828313	Binding_RAL	1.2135801	0.12721351	0.49867696
D56L	D56L	56	56	2.6849728	2.2639058	2.6897173	2.3644426	2.7974424	2.7461534	2.776526	2.6557293	2.2703283	2.8252056	10	2.6074424	0.22039731	0.86395746	Binding_RAL	1.5698392	0.13269262	0.5201551
D56M	D56M	56	56	3.19083	2.1218548	2.5528855	2.6444402	2.909305	3.0179074	2.2898498	2.5280964	2.277076	3.036438	10	2.6568685	0.3675739	1.4408897	Binding_RAL	1.5995969	0.2213019	0.86750346
D56N	D56N	56	56	2.1840346	3.1843576	3.4451876	2.7239203	2.3275323	2.3606048	2.940773	3.1127884	2.1788602	2.464436	10	2.6922493	0.45527318	1.784671	Binding_RAL	1.6208982	0.2741022	1.0744807
D56P	D56P	56	56	2.9328542	2.675499	2.0859501	2.8160012	2.5747006	2.638804	2.8954093	2.0277858	2.7731676	2.076146	10	2.5496316	0.3532827	1.3848681	Binding_RAL	1.5350337	0.21269771	0.83377504
D56Q	D56Q	56	56	2.5144799	2.6388931	3.470942	2.958187	2.784123	3.0852475	2.9502594	2.4045603	3.0231593	2.5368178	10	2.8366668	0.32469687	1.2728118	Binding_RAL	1.7078464	0.1954873	0.7663103
D56R	D56R	56	56	3.6459584	3.6664147	2.9943583	2.7908583	2.6077044	3.2591648	2.8686624	2.869629	2.806821	2.7144153	10	3.0223985	0.37628463	1.4750358	Binding_RAL	1.8196682	0.22654629	0.88806146
D56S	D56S	56	56	2.7910836	3.1171749	2.6298275	2.7309973	2.8037963	2.7928019	2.4956846	2.4034343	2.6352613	3.0700455	10	2.7470107	0.22517219	0.882675	Binding_RAL	1.653868	0.13556738	0.53142416
D56T	D56T	56	56	3.0497475	2.9250429	2.6071298	3.092876	3.0325823	3.4285054	3.4263341	3.254698	2.9376159	3.3312926	10	3.1085827	0.25779444	1.0105542	Binding_RAL	1.8715564	0.15520798	0.6084153
D56V	D56V	56	56	2.9045887	2.7533803	2.469733	2.6864111	2.6512003	2.877107	2.7975197	2.950116	2.612674	2.6811924	10	2.7383924	0.1479376	0.5799154	Binding_RAL	1.6486791	0.08906745	0.34914443
D56W	D56W	56	56	3.647562	3.9356904	3.342153	3.8445015	3.114033	2.7971168	3.2617145	3.2661607	3.5162954	2.9021995	10	3.3627427	0.37696287	1.4776945	Binding_RAL	2.0245762	0.22695464	0.8896622
D56Y	D56Y	56	56	2.6704109	2.4400842	2.385741	2.2884774	2.5142756	2.322371	2.879288	2.7807434	2.298789	2.3822083	10	2.496239	0.2105754	0.8254556	Binding_RAL	1.5028881	0.12677923	0.4969746
D68A	D68A	68	68	0.4371623	0.32042465	0.25624654	0.36008435	0.31568462	0.34411326	0.4034709	0.47283858	0.44672245	0.5355113	10	0.3892259	0.08492284	0.33289754	Binding_RAL	0.23433772	0.05112873	0.20042463
D68C	D68C	68	68	1.0738908	1.2022295	0.970984	1.2644634	0.9079939	1.0172766	0.8659613	1.0324376	0.93142325	0.98620754	10	1.0252869	0.12623629	0.49484625	Binding_RAL	0.61728525	0.07600194	0.29792762
D68E	D68E	68	68	-0.13435851	0.08993147	0.0029842127	-0.10568081	0.08726435	0.05152603	-4.3969098e-07	0.33246714	0.080252126	-0.15381853	10	0.025056701	0.14218289	0.55735695	Binding_RAL	0.015085662	0.08560277	0.33556286
D68F	D68F	68	68	1.1446656	-0.05437234	0.2294912	0.7467322	0.7883069	0.99918693	1.4212611	1.1997945	0.9067274	0.61306167	10	0.7994855	0.44833165	1.7574601	Binding_RAL	0.481339	0.269923	1.0580982
D68G	D68G	68	68	0.31110916	0.2825976	0.32063505	0.18915616	0.2515451	0.17678504	0.44728717	0.42032617	0.39363915	0.34152123	10	0.31346017	0.09160341	0.35908538	Binding_RAL	0.18872213	0.05515084	0.21619129
D68H	D68H	68	68	0.2517661	0.19253157	0.17129391	0.38876608	0.20869938	0.099087514	0.23995776	0.5779768	0.6043299	-0.007267463	10	0.27271417	0.19649237	0.77025014	Binding_RAL	0.16419056	0.11830039	0.46373755
D68I	D68I	68	68	1.4995688	1.6551888	1.526911	1.4087994	1.3292234	1.547966	1.7063657	1.3379446	1.5877407	1.4883986	10	1.5088108	0.12494282	0.48977584	Binding_RAL	0.90839607	0.07522319	0.2948749
D68K	D68K	68	68	0.31789887	0.21144752	0.14429756	0.2340812	0.4411881	0.43253428	0.37260285	0.2695573	0.24167149	0.24600725	10	0.29112864	0.09774014	0.38314137	Binding_RAL	0.17527719	0.058845527	0.23067448
D68L	D68L	68	68	1.1437385	0.99548674	1.1273983	1.1329336	1.2480925	1.0130414	1.0041108	1.1305761	1.1558536	1.0401282	10	1.099136	0.08232118	0.32269904	Binding_RAL	0.66174686	0.049562372	0.1942845
D68M	D68M	68	68	-0.04719489	0.23342012	0.058064733	-0.20276093	0.19406132	-0.0729995	0.28699115	1.0920843	1.1186837	0.8823533	10	0.3542703	0.49375236	1.9355093	Binding_RAL	0.21329233	0.29726902	1.1652945
D68N	D68N	68	68	0.2215342	-0.11587307	0.36495718	0.14461069	0.14616026	-0.080454685	0.098052375	0.06254034	0.18409127	0.05867319	10	0.10842917	0.1405286	0.55087215	Binding_RAL	0.065280974	0.08460679	0.33165863
D68P	D68P	68	68	0.31113628	0.23114505	0.07679624	0.23680145	0.23803438	0.13315918	0.26640755	0.22199853	0.2998104	0.16524246	10	0.21805315	0.07346507	0.2879831	Binding_RAL	0.13128129	0.044230454	0.17338338
D68Q	D68Q	68	68	0.10430751	-0.45977	-0.0059987116	0.13024421	-0.48551753	-0.34204	0.17837183	-0.30845714	-0.3007189	0.123279884	10	-0.13662988	0.26622912	1.0436182	Binding_RAL	-0.08225952	0.16028616	0.62832177
D68R	D68R	68	68	0.26613533	0.2672174	0.28240842	0.5245976	0.51207596	0.59822106	0.6561097	0.70873696	0.28522077	0.44001928	10	0.45407423	0.17101078	0.67036223	Binding_RAL	0.27338037	0.10295892	0.40359896
D68S	D68S	68	68	0.34547457	0.25866047	0.27559683	0.2399351	0.18739216	0.028207418	0.26593223	0.24048157	0.15289246	0.2388928	10	0.22334656	0.08553895	0.3353127	Binding_RAL	0.13446824	0.051499665	0.2018787
D68T	D68T	68	68	0.18950741	0.023693506	0.11986614	0.33906028	0.13306534	0.1624464	0.22645774	0.08863783	0.1456626	0.0352588	10	0.1463656	0.092658915	0.36322296	Binding_RAL	0.08812101	0.055786315	0.21868236
D68V	D68V	68	68	1.4876103	1.2689118	1.3931736	1.4183668	1.2726145	1.2519456	1.2947048	1.4919503	1.6352998	1.4322872	10	1.3946865	0.124301985	0.4872638	Binding_RAL	0.8396863	0.07483737	0.2933625
D68W	D68W	68	68	0.8421363	0.76168716	0.7308076	0.94291514	0.69895136	0.8570408	0.7599534	1.2254211	1.2117808	0.919051	10	0.8949744	0.18798405	0.73689747	Binding_RAL	0.53882915	0.11317786	0.44365722
D68Y	D68Y	68	68	0.35967684	0.20712371	0.48784995	0.4294992	0.51051414	0.50568473	0.44064906	0.47917292	0.52230686	0.16163576	10	0.4104113	0.12884569	0.5050751	Binding_RAL	0.24709262	0.077572964	0.30408603
D91A	D91A	91	91	0.0118452525	-0.16323027	-0.04603623	-0.15723044	-0.09650976	-0.055542786	-0.12746924	0.067445226	-0.11823732	-0.1959399	10	-0.08809055	0.08272756	0.32429203	Binding_RAL	-0.05303588	0.049807034	0.19524358
D91G	D91G	91	91	0.0669206	-0.079579994	0.05624953	0.03454655	0.26752946	-0.06706057	0.2030577	0.1764516	0.06326372	0.22924021	10	0.09506188	0.12008853	0.47074705	Binding_RAL	0.05723305	0.07230062	0.28341845
D91V	D91V	91	91	-0.014529261	-0.050677083	-0.07153764	0.24739766	0.08639989	0.08519772	0.4197612	0.43553668	0.110853456	-0.2586087	10	0.09897939	0.21881385	0.8577503	Binding_RAL	0.05959163	0.13173927	0.516418
D91Y	D91Y	91	91	-0.44504446	0.52088517	-0.126542	-0.050921354	-0.67426145	-0.12712274	-0.24440981	0.13455918	0.15794536	-0.17563483	10	-0.10305469	0.33102778	1.2976289	Binding_RAL	-0.062045205	0.1992989	0.7812517
E106A	E106A	106	106	-0.4793518	-0.18484062	-0.14783157	0.08223167	0.108167656	-0.002243457	-0.27150312	-0.16050075	-0.24220239	-0.015914574	10	-0.13139889	0.1795051	0.70366	Binding_RAL	-0.07911014	0.10807301	0.4236462
E106C	E106C	106	106	-0.6956415	-0.4277999	-0.35013518	-0.60891753	-0.24332565	-0.6000824	-0.26710066	-0.5925094	-0.4767406	-0.07290516	10	-0.4335158	0.19867863	0.7788202	Binding_RAL	-0.26100293	0.11961665	0.46889728
E106D	E106D	106	106	0.014508926	0.008665272	-0.1046857	-0.043408725	0.06066286	-0.019683357	-0.102487676	0.023039877	0.10598925	0.1070388	10	0.0049639517	0.07503747	0.2941469	Binding_RAL	0.0029886016	0.045177132	0.17709436
E106F	E106F	106	106	0.05966466	0.15951835	0.16076124	-0.099266	-0.31266344	0.24016002	-0.03216771	0.11483069	0.6318473	0.2281926	10	0.11508777	0.24792717	0.97187454	Binding_RAL	0.069289856	0.14926727	0.5851277
E106G	E106G	106	106	-0.09213443	-0.20960659	0.066247664	-0.105851464	-0.044142406	-0.32075432	-0.24513693	-0.19815944	-0.18287814	-0.14095625	10	-0.14733723	0.10976673	0.43028557	Binding_RAL	-0.088705994	0.06608626	0.25905815
E106H	E106H	106	106	0.04783105	0.3331515	-0.1629986	0.25395328	0.42601165	0.20238657	-0.06891476	0.283346	0.33595783	0.15426141	10	0.18049857	0.18935147	0.7422578	Binding_RAL	0.10867114	0.11400113	0.44688445
E106I	E106I	106	106	0.02581501	-0.07258799	0.09951247	-0.26013348	-0.07425491	0.037491385	-0.10062881	-0.34737578	-0.0020021985	-0.21959533	10	-0.09137596	0.1437411	0.5634651	Binding_RAL	-0.0550139	0.08654091	0.33924037
E106K	E106K	106	106	0.29242235	-0.0330655	0.25275806	-0.49741152	-0.21078663	-0.20309253	-0.05108412	0.14727686	0.10528715	-0.18516655	10	-0.038286243	0.2446313	0.95895475	Binding_RAL	-0.023050653	0.14728296	0.5773492
E106L	E106L	106	106	0.005646459	0.00302554	-0.10502914	-0.09486228	-0.07852175	-0.056352474	0.058948003	-0.18043728	-0.1770661	-0.11153467	10	-0.07361837	0.078202374	0.3065533	Binding_RAL	-0.044322748	0.0470826	0.18456379
E106M	E106M	106	106	-0.15000409	-0.1377158	-0.033459455	-0.11725195	0.12234541	-0.24075775	0.09268019	-0.2656882	-0.0040780893	-0.3211525	10	-0.10550823	0.14917651	0.58477193	Binding_RAL	-0.06352239	0.08981335	0.35206833
E106N	E106N	106	106	0.15131998	-0.030324232	0.29590663	0.6915598	0.059227318	0.185747	0.19894044	0.12189535	0.056357786	-0.0057355477	10	0.17248945	0.20756835	0.81366795	Binding_RAL	0.103849165	0.124968804	0.48987773
E106P	E106P	106	106	0.5156314	0.043511122	0.15175427	0.30235156	0.26218352	0.6217576				0.13646716	7	0.29052237	0.21029267	0.82434726	Binding_RAL	0.17491218	0.12660901	0.49630734
E106Q	E106Q	106	106	0.18855342	-0.18420455	-0.27472153	0.099743836	0.24107568	0.19149673	0.024020659	0.055601455	0.058100488	-0.074526094	10	0.03251401	0.1672389	0.6555765	Binding_RAL	0.019575417	0.10068802	0.39469704
E106R	E106R	106	106	-0.3222906	-0.15799098	-0.0622737	-0.0073852465	-0.009092305	0.03135937	-0.03947941	-0.05001739	-0.073925555	-1.402027e-06	10	-0.06910972	0.10306138	0.4040006	Binding_RAL	-0.041608267	0.062049232	0.243233
E106S	E106S	106	106	0.12294131	-0.13241094	-0.03230694	-0.068355545	0.023529949	0.07640293	0.10468574	0.16316079	-0.037846327	-0.08768411	10	0.013211684	0.099838994	0.39136887	Binding_RAL	0.00795424	0.06010916	0.23562792
E106T	E106T	106	106	-0.4641362	-0.207946	-0.44291067	-0.68601626	-0.33503497	-0.017692814	-0.22261664	-0.13769647	-0.13316679	-0.20660944	10	-0.28538263	0.19791146	0.7758129	Binding_RAL	-0.17181775	0.119154766	0.4670867
E106V	E106V	106	106	-0.09836329	-0.16098756	-0.06621348	-0.06982563	-0.23190501	-0.06597672	-0.18846102	-0.05934032	-0.03656584	-0.04501296	10	-0.10226518	0.0673345	0.26395124	Binding_RAL	-0.061569873	0.040539477	0.15891476
E106W	E106W	106	106	-0.07594469	0.03642334	0.001798942	-0.14891224	-0.29219827	-0.19184029	-0.05614439	-0.05125231	-0.062696084	0.17940848	10	-0.06613575	0.12893265	0.50541604	Binding_RAL	-0.039817754	0.07762532	0.30429125
E106Y	E106Y	106	106	-0.07553402	-0.0817209	-0.15049721	-0.3624269	-0.24104097	-0.091807514	-0.00078788033	0.24079713	-0.0023901477	-0.0016760112	10	-0.07670845	0.16057752	0.6294639	Binding_RAL	-0.046183165	0.09667746	0.37897566
E142D	E142D	142	142	-0.74601674	-0.9249207	-0.656049	-0.63602597	-0.68490726	-0.623882	-0.65877616	-0.64831316	-0.5642408	-0.50336236	10	-0.66464937	0.112410046	0.4406474	Binding_RAL	-0.40015945	0.0676777	0.26529658
E161A	E161A	161	161	-0.05410367	-0.041538537	-0.111240774	-0.0824389	0.048343226	0.23449562	0.1390247	-0.12243596	0.0764994	-0.15433155	10	-0.006772645	0.12678885	0.49701232	Binding_RAL	-0.004077545	0.07633462	0.2992317
E161C	E161C	161	161	0.25656822	0.12560794	0.13946567	0.09479631	0.27433783	0.15181166	0.3982111	0.36983427	0.21063994	0.18142916	10	0.2202702	0.10316932	0.40442374	Binding_RAL	0.13261609	0.062114224	0.24348776
E161D	E161D	161	161	-0.06390737	0.0716969	-0.035030257	-0.09412534	0.14498344	-0.08769546	0.12835334	-0.07916987	-0.010686937	0.028836517	10	0.0003254974	0.089261875	0.34990656	Binding_RAL	0.00019596929	0.05374109	0.21066508
E161F	E161F	161	161	0.27322593	0.2999002	0.3048674	-0.13546045	0.30542138	0.19251344	0.10622161	-0.008016032	0.11560125	0.16685201	10	0.16211268	0.14756362	0.5784494	Binding_RAL	0.09760172	0.088842295	0.3482618
E161G	E161G	161	161	-0.14000057	-0.3293951	-0.09371683	-0.3853362	-0.1888045	-0.17870836	-0.3394472	-0.33902904	-0.2508269	-0.20175107	10	-0.24470155	0.09885232	0.38750112	Binding_RAL	-0.14732525	0.059515126	0.2332993
E161H	E161H	161	161	0.20026374	-0.15788832	0.07345967	-0.10528543	0.18026377	-0.0072884643	0.32220274	-0.052079003	-0.036022972	0.18549348	10	0.060311925	0.15631905	0.6127707	Binding_RAL	0.036311455	0.0941136	0.36892533
E161I	E161I	161	161	0.09175436	0.19808947	0.17440155	0.3975648	0.21675129	0.29352432	0.15859713	0.43332624	0.25962585	0.26984927	10	0.24934843	0.10576291	0.4145906	Binding_RAL	0.15012296	0.06367572	0.24960881
E161K	E161K	161	161	0.29174295	0.03438808	-0.09114035	-0.35476655	0.073662385	0.13693501	-0.13158804	-0.11295833	-0.38119003	-0.21592498	10	-0.075083986	0.21350724	0.8369484	Binding_RAL	-0.04520514	0.12854438	0.503894
E161L	E161L	161	161	-0.15187806	0.08841181	0.065563865	0.16522293	-0.1329881	-0.09209031	-0.22194363	-0.39206988	0.022396151	-0.065544866	10	-0.071492	0.1650965	0.6471783	Binding_RAL	-0.043042544	0.099398166	0.3896408
E161M	E161M	161	161	0.12681454	-0.1623549	-0.11116766	-0.27798125	-0.09162064	0.18280992	-0.3332171	0.08989119	0.02746225	0.10980204	10	-0.043956164	0.17841586	0.69939023	Binding_RAL	-0.02646429	0.107417226	0.42107552
E161N	E161N	161	161	-0.3073317	-0.24944681	-0.32376474	-0.06410679	-0.043659344	0.049802907	0.0013839685	-0.25902435	-0.27701056	-0.12280152	10	-0.15959589	0.13912359	0.5453645	Binding_RAL	-0.09608646	0.08376088	0.32834265
E161P	E161P	161	161	-0.26020882	-1.3614764	-0.34874645	-0.44798455				-0.3544526	-0.29734913	-0.37629214	7	-0.49235862	0.38780817	1.5202081	Binding_RAL	-0.2964299	0.23348416	0.91525793
E161Q	E161Q	161	161	0.061353758	0.0921456	-0.02873468	-0.19805819	-0.099950984	-0.38379034	-0.046197187	0.25447378	-0.33383566	-0.0024855062	10	-0.06850795	0.19465159	0.7630342	Binding_RAL	-0.04124596	0.11719213	0.45939314
E161R	E161R	161	161	-0.07953169	-0.11693155	-0.25155297	-0.061620563	0.004591714	-0.16726814	-0.14872208	-0.13470386	-0.20223433	-0.23449725	10	-0.13924709	0.0798106	0.31285754	Binding_RAL	-0.08383524	0.048050847	0.18835932
E161S	E161S	161	161	-0.15594336	0.09262443	0.0046638153	0.04103475	0.21482572	0.059839394	-0.11048083	0.096928984	0.077366464	-0.14005786	10	0.01808015	0.119381815	0.46797672	Binding_RAL	0.010885353	0.07187513	0.28175053
E161T	E161T	161	161	-0.2429309	-0.10652498	-0.1770659	-0.12933101	0.11972916	0.071926415	-0.1232475	-0.12537535	-0.20893352	-0.26385084	10	-0.11856045	0.1254166	0.49163312	Binding_RAL	-0.071380615	0.075508446	0.29599312
E161V	E161V	161	161	0.3355825	0.33385694	0.26026422	0.32273445	0.2906913	0.4278425	0.50080645	0.21226051	0.057208564	0.2288455	10	0.2970093	0.121509574	0.47631755	Binding_RAL	0.1788177	0.07315617	0.2867722
E161W	E161W	161	161	-0.26232496	-0.14276025	-0.2283906	0.052169997	-0.062082343	0.12522897	-0.20965879	-0.3078588	-0.09144474	-0.17588814	10	-0.13030097	0.13818851	0.541699	Binding_RAL	-0.07844913	0.08319791	0.3261358
E161Y	E161Y	161	161	0.02551305	0.081303395	-0.11264188	-0.11193135	-0.08743349	-0.09832472	-0.07287264	0.42765123	-0.25437668	0.1849286	10	-0.0018184483	0.19346528	0.7583839	Binding_RAL	-0.0010948167	0.11647789	0.45659333
E167D	E167D	167	167	0.6960463	0.5176302	-0.120271556				0.5607079	0.19545269	0.1137779	0.010090762	7	0.28191915	0.3098871	1.2147574	Binding_RAL	0.16973253	0.18657094	0.7313581
E167G	E167G	167	167	0.1460446	-0.06383055	-0.27732065	-0.14233033	-0.19037756	-0.13110995	0.07874132	-0.17165759	-0.1710274	0.077629976	10	-0.08452381	0.1396432	0.54740137	Binding_RAL	-0.05088849	0.08407372	0.329569
E167L	E167L	167	167	-0.08384047	-0.07754165	-0.39779618				0.27701473	-0.15670101	0.67572206	0.24128512	7	0.06830608	0.35466766	1.3902973	Binding_RAL	0.041124426	0.21353155	0.8370437
E167M	E167M	167	167	-0.13685632	0.35084355	0.21725912	0.16171753	0.1869005	-0.14527199	0.3823068	0.30952725	-3.2063563e-05	0.34357494	10	0.16699693	0.19786085	0.77561456	Binding_RAL	0.10054233	0.1191243	0.46696725
E167R	E167R	167	167	-0.2778544	-0.2668518	-0.19167794	-0.13334115	-0.1955465	-0.09231155	-0.21207875	-0.23979661	-0.24963912	-0.19195303	10	-0.2051051	0.058364384	0.22878839	Binding_RAL	-0.123485774	0.035138916	0.13774456
E167V	E167V	167	167	-0.077006236	-0.075590216	-0.41482586	-0.15237138	-0.3225843	-0.1898661	-0.26465148	-0.251565	0.78848046	0.35978177	10	-0.06001984	0.3644626	1.4286935	Binding_RAL	-0.036135603	0.21942872	0.8601606
E167W	E167W	167	167	0.42820033	0.4807833	-0.45648652	0.42788622	-0.5900332	0.080906145				0.42376322	7	0.11357422	0.4564247	1.7891849	Binding_RAL	0.068378605	0.2747955	1.0771984
E2A	E2A	2	2	-0.29696572	-0.26779976	-0.35186636	-0.14910874	-0.25877225	-0.21726404	-0.22876951	-0.32912046	-0.27429023	-0.3676282	10	-0.27415854	0.06627204	0.25978643	Binding_RAL	-0.16506016	0.03989981	0.15640727
E2C	E2C	2	2	0.167891	-0.0799365	-0.017902259	-0.12162899	-0.036864202	0.15569794	-0.014058224	-0.01727981	0.07972892	-0.080891505	10	0.0034756355	0.0992011	0.3888683	Binding_RAL	0.0020925445	0.05972511	0.23412244
E2D	E2D	2	2	-0.109798916	-0.33540526	-0.24373761	-0.3609742	-0.29159358	-0.2425042	-0.07291507	-0.22447172	-0.2186189	-0.35454595	10	-0.24545655	0.09707389	0.38052967	Binding_RAL	-0.1477798	0.0584444	0.22910205
E2F	E2F	2	2	0.14864786	0.070122875	-0.004194569	0.023996975	0.10836111	0.0043628113	0.022239467	0.1281345	0.088257864	0.1163282	10	0.07062571	0.055500604	0.21756238	Binding_RAL	0.04252098	0.033414748	0.13098581
E2G	E2G	2	2	-0.19153245	-0.12623677	-0.20999567	-0.20597921	-0.15329792	-0.27559176	-0.1866154	-0.17576449	-0.18775935	-0.095647104	10	-0.18084201	0.04907948	0.19239157	Binding_RAL	-0.10887792	0.02954884	0.11583146
E2H	E2H	2	2	-0.14490834	-0.35431057	-0.25245968	-0.4725879	-0.41326284	-0.5630362	-0.20758772	-0.51338375	-0.40211076	-0.38058934	10	-0.3704237	0.13435656	0.5266777	Binding_RAL	-0.22301766	0.08089084	0.31709212
E2I	E2I	2	2	0.078484155	0.13280153	0.060264114	0.19862309	0.07280457	0.06288074	-0.0107184965	0.12974544	0.025145398	-0.04470504	10	0.070532545	0.07146451	0.28014088	Binding_RAL	0.042464893	0.043025993	0.16866189
E2K	E2K	2	2	-0.2507346	-0.17173164	-0.88649774	-0.11650108	-0.4922581	-0.027397575	-0.10059913	-0.1716875	-0.39030161	-0.09306884	10	-0.2700778	0.25949797	1.0172321	Binding_RAL	-0.1626033	0.1562336	0.6124357
E2L	E2L	2	2	0.019210251	-0.08599074	0.1959714	0.040870324	0.008164198	-0.17242137	-0.053849034	0.14629078	-0.04055166	-0.019287726	10	0.0038406425	0.107395455	0.4209902	Binding_RAL	0.002312301	0.06465861	0.25346178
E2M	E2M	2	2	-0.4386614	-0.48968217	-0.5291194	-0.53664064	-0.6191419	-0.49618283	-0.56700104	-0.45011318	-0.5447463	-0.3361622	10	-0.5007451	0.07894164	0.30945125	Binding_RAL	-0.3014791	0.047527682	0.18630852
E2N	E2N	2	2	-0.52744025	-0.62684524	-0.6056906	-0.69935024	-0.6566435	-0.30835822	-1.0146389	-0.24225147	-0.56676126	-0.54044664	10	-0.5788426	0.21193194	0.83077323	Binding_RAL	-0.34849852	0.12759595	0.50017613
E2P	E2P	2	2	-0.49703187	-0.57140666	-0.5745626	-0.53894764	-0.6090748	-0.567501	-0.60542005	-0.37885928	-0.4851491	-0.36089423	10	-0.5188847	0.08846281	0.34677422	Binding_RAL	-0.31240025	0.053260002	0.20877922
E2Q	E2Q	2	2	-0.13988563	-0.27421752	-0.22954261	0.006288469	-0.10746897	0.00017823793	-0.32556805	-0.055085387	0.024315197	-0.09593214	10	-0.119691834	0.122294724	0.47939533	Binding_RAL	-0.072061785	0.07362888	0.2886252
E2R	E2R	2	2	-0.12938014	-0.1498404	-0.18081267	-0.13457094	-0.008447126	-0.14961824	-0.10198551	0.0061731394	-0.1380794	-0.14360215	10	-0.113016345	0.062227726	0.2439327	Binding_RAL	-0.06804273	0.037464887	0.14686236
E2S	E2S	2	2	-0.16488633	-0.15457644	-0.14757434	-0.08407527	-0.04212648	-0.0801386	-0.08179879	-0.1460954	-0.10022124	-0.112071335	10	-0.11135642	0.04049926	0.15875709	Binding_RAL	-0.06704336	0.024383023	0.09558146
E2T	E2T	2	2	-0.06446386	-0.104353346	0.021683693	0.042846445	-0.18997368	-0.05713756	0.072737455	-0.023761533	-0.0751103	-0.030478239	10	-0.040801097	0.07636495	0.29935062	Binding_RAL	-0.024564749	0.045976356	0.18022732
E2V	E2V	2	2	-0.16607282	-0.04684973	-0.072070435	0.0050297882	-0.098938376	0.028864784	-0.03829997	-0.058738273	-0.14356475	0.05516087	10	-0.05354789	0.07111287	0.27876246	Binding_RAL	-0.032239094	0.042814285	0.167832
E2W	E2W	2	2	-0.115778975	0.07093015	-0.099558786	-0.18450528	0.1767451	-0.102016956	0.10358951	0.12688841	0.053568423	-0.22700846	10	-0.019714687	0.1419638	0.5564981	Binding_RAL	-0.011869444	0.08547086	0.33504578
E2Y	E2Y	2	2	0.09799362	0.08932348	0.043544617	0.047658943	-0.0541777	0.07206879	0.19689474	0.21242313	-0.027122574	0.059074003	10	0.0737681	0.08404843	0.32946983	Binding_RAL	0.044412896	0.05060228	0.19836093
E30A	E30A	30	30	-0.3001814	-0.33864507	-0.49462917	-0.28158364	-0.46011236	-0.35827705	-0.34830472	-0.33551118	-0.23798811	-0.2854913	10	-0.3440724	0.07956265	0.3118856	Binding_RAL	-0.20715256	0.047901567	0.18777415
E30C	E30C	30	30	-0.3093517	-0.20836069	-0.27342096	-0.08325252	-0.40450567	-0.34543356	-0.14627548	-0.2542913	-0.301425	-0.12267719	10	-0.24489939	0.10325909	0.40477562	Binding_RAL	-0.14744437	0.062168267	0.24369961
E30D	E30D	30	30	-0.086003736	-0.10297449	-0.14005382	-0.21256867	-0.2674286	-0.0870698	-0.055256274	-0.06257516	-0.123462096	-0.11840689	10	-0.12557995	0.06702309	0.2627305	Binding_RAL	-0.075606786	0.040351987	0.15817979
E30F	E30F	30	30	-0.48504215	-0.32263473	-0.25450608	-0.25962746	-0.18608171	-0.31996992	-0.29230964	-0.24923864	-0.4241382	-0.48132738	10	-0.3274876	0.102847695	0.403163	Binding_RAL	-0.1971675	0.061920583	0.2427287
E30G	E30G	30	30	-0.26789156	-0.27581453	-0.30286273	-0.3068341	-0.23990534	-0.29122603	-0.16402252	-0.21964775	-0.05826132	-0.34642678	10	-0.24728927	0.08374188	0.32826817	Binding_RAL	-0.14888322	0.050417718	0.19763745
E30H	E30H	30	30	-0.49348167	-0.15649873	-0.7730937	-0.54944557	-0.42312396	-0.6706639	-0.47339118	-0.32642025	-0.63283956	-0.51349634	10	-0.5012455	0.17598854	0.68987507	Binding_RAL	-0.30178034	0.10595583	0.41534686
E30I	E30I	30	30	-0.4726074	-0.24123459	-0.6239501	-0.34730166	-0.7483348	-0.3492672	-0.15859677	-0.25144	-0.4365784	-0.42326832	10	-0.40525788	0.17927897	0.7027736	Binding_RAL	-0.24398996	0.107936874	0.42311254
E30K	E30K	30	30	-0.5169826	-0.67600113	-0.50115246	-0.7665445	-0.54602796	-0.48940256	-0.519056	-0.50067544	-0.28630465	-0.970408	10	-0.5772555	0.18624112	0.7300652	Binding_RAL	-0.347543	0.11212851	0.43954378
E30L	E30L	30	30	-0.44499594	-0.24703196	-0.42364895	-0.35336933	-0.30705103	-0.27252814	-0.513269	-0.24127488	-0.38822335	-0.07886883	10	-0.32702616	0.12520283	0.49079514	Binding_RAL	-0.19688968	0.075379744	0.2954886
E30M	E30M	30	30	0.031593796	-0.027544579	-0.39998826	-0.7306324	-0.8482902	-0.27358544	-0.2992254	-0.35481444	-0.24753258	-0.14070931	10	-0.3290729	0.27960834	1.0960647	Binding_RAL	-0.19812195	0.16834126	0.65989774
E30N	E30N	30	30	-0.49090064	-0.48526716	-0.3680737	-0.412815	-0.12181079	-0.11340116	0.018579694	-0.12650715	-0.12945685	-0.22903578	10	-0.24586885	0.1798489	0.7050077	Binding_RAL	-0.14802803	0.10828	0.4244576
E30P	E30P	30	30	-0.24745226	-0.37398553	-0.29169917	-0.04863421	0.16641006	-0.25603727	-0.11403562	-0.050543174	-0.2960059	-0.3531091	10	-0.18650922	0.1705567	0.66858226	Binding_RAL	-0.11228992	0.102685526	0.40252727
E30Q	E30Q	30	30	-0.1486655	-0.488977	-0.11766927	-0.3251245	-0.21993992	-0.13145103	-0.5315914	-0.18825157	-0.18896669	0.17904949	10	-0.21615875	0.20137143	0.789376	Binding_RAL	-0.13014075	0.12123788	0.4752525
E30R	E30R	30	30	-0.7357237	-0.765119	-0.7346997	-0.6586807	-0.72761106	-0.91315234	-0.6685677	-0.5949377	-0.68589795	-0.5869215	10	-0.70713115	0.09376535	0.36756018	Binding_RAL	-0.42573607	0.056452457	0.22129363
E30S	E30S	30	30	-0.4485701	-0.5306435	-0.5631958	-0.44698152	-0.32405323	-0.47639716	-0.3150852	-0.45909458	-0.63821656	-0.3525802	10	-0.45548177	0.10476828	0.41069168	Binding_RAL	-0.2742278	0.0630769	0.24726145
E30T	E30T	30	30	-0.32555282	-0.07548381	-0.049964286	-0.2328589	-0.30734733	-0.4887347	-0.11059277	-0.41964334	-0.53993124	-0.51594543	10	-0.3066055	0.18490651	0.72483355	Binding_RAL	-0.1845952	0.111324996	0.436394
E30V	E30V	30	30	-0.285126	-0.25608873	-0.33298224	-0.26290005	-0.36603877	-0.3797841	-0.43636072	-0.28354067	-0.40608716	-0.233956	10	-0.32428646	0.06985972	0.2738501	Binding_RAL	-0.19524023	0.042059813	0.16487446
E30W	E30W	30	30	-0.095508665	-0.20322372	-0.18112783	-0.108390674	-0.35352862	-0.12861711	0.006954031	0.0038137918	-0.2070887	-0.18483216	10	-0.14515495	0.10693424	0.41918224	Binding_RAL	-0.08739213	0.06438094	0.25237328
E30Y	E30Y	30	30	-0.5855017	-0.7379653	-0.11159861	-0.44247338	-0.38808355	-0.1643976	-0.19274688	-0.26616484	-0.121337876	-0.6026794	10	-0.3612949	0.22456813	0.8803071	Binding_RAL	-0.21752156	0.1352037	0.52999854
E36A	E36A	36	36	0.6679582	0.72939086	0.6685195	0.52783334	0.65015006	0.805128	0.682926	0.42815286	0.43537393	0.7453428	10	0.63407755	0.12861545	0.50417256	Binding_RAL	0.38175336	0.077434346	0.30354264
E36C	E36C	36	36	0.772941	0.8593491	1.2225611	0.8795393	0.8396787	1.0432987	0.874317	0.85875326	0.9350529	0.98926497	10	0.9274756	0.12928984	0.50681615	Binding_RAL	0.5583968	0.077840365	0.30513424
E36D	E36D	36	36	0.72844326	0.5643669	0.4515568	0.30099964	0.7157965	0.4151828	0.5135729	0.44440293	0.6294898	0.46974432	10	0.5233556	0.13643998	0.53484476	Binding_RAL	0.315092	0.082145184	0.32200912
E36F	E36F	36	36	2.1577616	2.2294998	2.2727904	2.0720592	1.7081177	1.4290973	2.0426495	1.7068855	1.3841108	1.9203151	10	1.8923286	0.32072216	1.2572309	Binding_RAL	1.1392972	0.1930943	0.75692964
E36G	E36G	36	36	0.6430642	0.63536465	0.6438652	0.6296306	0.6254766	0.6280968	0.65206885	0.6145298	0.6275107	0.6889369	10	0.6388544	0.020650588	0.080950305	Binding_RAL	0.38462928	0.012432913	0.04873702
E36H	E36H	36	36	0.8815413	0.71940625	0.79796356	1.6188903	0.96705985	1.1496904	0.52773184	1.3325671	0.74873716	0.82222813	10	0.9565816	0.3248288	1.2733289	Binding_RAL	0.57592046	0.19556674	0.76662165
E36I	E36I	36	36	1.8284678	1.0023605	1.263636	1.4714682	1.1723402	1.3803217	1.3013237	0.8549959	1.2153563	1.5735937	10	1.3063865	0.27908194	1.0940012	Binding_RAL	0.7865243	0.16802435	0.65865546
E36K	E36K	36	36	1.2002691	1.0965695	1.1351724	0.60989213	1.4152497	0.85296917	0.8309571	1.4626868	1.3776594	1.0586824	10	1.1040108	0.27778527	1.0889183	Binding_RAL	0.66468185	0.16724367	0.65559524
E36L	E36L	36	36	0.9874156	0.48201427	0.53531325	0.10084145	0.6455447	0.40533915	0.5244029	0.40517902	0.99184024	0.45614254	10	0.5534033	0.2694673	1.0563118	Binding_RAL	0.33318254	0.16223574	0.6359641
E36M	E36M	36	36	0.6748539	1.0422711	0.39753228	0.9002312	0.63649267	0.23179287	0.7666528	0.5392729	0.3921888	0.6810851	10	0.62623733	0.24576056	0.9633814	Binding_RAL	0.37703305	0.14796284	0.58001435
E36N	E36N	36	36	1.3853538	1.540743	0.85174376	0.3669121	1.5513067	1.0026114	1.5155609	1.6368004	0.79161465	1.7808516	10	1.2423499	0.46004394	1.8033723	Binding_RAL	0.74797034	0.2769745	1.0857401
E36P	E36P	36	36	1.516549	1.18348	1.576273	0.95089555	0.775094	1.6628853	1.0963339	1.7165658	1.6971828	0.4885801	10	1.2663839	0.43278763	1.6965275	Binding_RAL	0.7624403	0.26056454	1.021413
E36Q	E36Q	36	36	0.31453252	0.5440951	0.31101698	0.5736271	0.05016082	-0.31816176	0.18000802	0.42985883	0.7129319	1.0995045	10	0.3897574	0.38582495	1.5124339	Binding_RAL	0.23465772	0.23229015	0.9105774
E36R	E36R	36	36	2.3506227	2.2479692	2.0713372	2.259171	2.4026296	2.2591724	2.0933704	2.062676	2.3889136	2.4073887	10	2.2543252	0.13703921	0.5371937	Binding_RAL	1.3572412	0.082505964	0.3234234
E36S	E36S	36	36	1.1006875	1.3710985	1.1124767	1.2767396	1.2546146	1.1810905	1.055764	0.9021366	0.8674797	1.3538382	10	1.1475925	0.17394906	0.68188035	Binding_RAL	0.6909207	0.10472794	0.41053352
E36T	E36T	36	36	1.9718872	1.4501421	1.7526398	1.6819012	1.9712229	1.7079157	1.7778032	1.1764207	2.3305707	1.823568	10	1.7644072	0.30995858	1.2150377	Binding_RAL	1.0622807	0.18661396	0.73152673
E36V	E36V	36	36	1.3804626	1.3294958	1.3490082	1.2435164	1.3115329	1.3812357	1.4021775	1.3547742	1.2470475	1.23417	10	1.3233421	0.062180884	0.24374907	Binding_RAL	0.7967326	0.037436683	0.1467518
E36W	E36W	36	36	1.8204609	1.4261961	2.0095725	2.0051632	1.7697808	1.7037376	1.9568717	1.5443864	1.6789194	2.1029932	10	1.8018081	0.21927153	0.8595444	Binding_RAL	1.0847983	0.13201483	0.51749814
E36Y	E36Y	36	36	0.44162974	1.2495011	0.98194385	1.1945528	0.8484667	0.33122548	0.9032817	1.4194767	0.99489546	0.26313627	10	0.8628109	0.3975659	1.5584583	Binding_RAL	0.5194648	0.23935892	0.93828696
E48A	E48A	48	48	0.007928884	-0.14641534	0.071626425	-0.044073973	0.052283417	-0.03280471	-0.028417047	0.024814984	0.025133854	-0.14684726	10	-0.021677077	0.0755006	0.29596236	Binding_RAL	-0.013050922	0.045455966	0.17818739
E48C	E48C	48	48	-0.09826949	-0.10102373	0.0043994323	-0.04768953	0.20768452	-0.36866465	0.11358505	-0.017708603	-0.05842222	0.024090312	10	-0.03420189	0.15155262	0.5940863	Binding_RAL	-0.020591624	0.091243915	0.35767615
E48D	E48D	48	48	-0.11650539	-0.011032129	0.002372219	-0.13649948	0.057581436	-0.031940725	-0.13802263	0.09433509	-0.032213736	-0.03350445	10	-0.03454298	0.07806424	0.30601183	Binding_RAL	-0.02079698	0.046999432	0.18423778
E48F	E48F	48	48	0.34976113	0.1795696	0.07535078	0.09177394	0.088349044	0.02114108	0.09917544	-0.01661548	0.07985868	0.2414013	10	0.12097655	0.10818778	0.4240961	Binding_RAL	0.07283526	0.06513564	0.25533172
E48G	E48G	48	48	0.04142907	0.09266733	-0.005688356	0.029608749	0.0032350628	0.07744103	-0.023321679	-0.007621242	-0.028619068	0.046058573	10	0.022518948	0.04175539	0.16368113	Binding_RAL	0.01355778	0.02513929	0.09854602
E48H	E48H	48	48	-0.21726207	-0.28796223	-0.05249412	-0.3413259	-0.44574866	-0.23907605	-0.018413486	0.15886566	-0.3086182	-0.19388196	10	-0.1945917	0.17794716	0.6975529	Binding_RAL	-0.117156066	0.10713504	0.41996938
E48I	E48I	48	48	0.46874222	0.36547524	0.33213463	0.17837474	0.78833836	0.7578678	0.40444463	0.64350927	0.2805606	0.4775609	10	0.46970087	0.20263071	0.7943124	Binding_RAL	0.28278857	0.121996045	0.47822452
E48K	E48K	48	48	-0.31639627	-0.17119703	-0.11713813	-0.17934571	-0.1474227	-0.20752122	-0.14523795	-0.36117557	-0.24446358	-0.16199732	10	-0.20518956	0.079316296	0.31091988	Binding_RAL	-0.123536624	0.047753245	0.18719272
E48L	E48L	48	48	0.44959122	0.3637919	0.5074466	0.4060747	0.46082377	0.5503042	0.46714392	0.4641641	0.34335414	0.2445755	10	0.42572698	0.088828765	0.34820876	Binding_RAL	0.2563136	0.05348033	0.2096429
E48M	E48M	48	48	0.10383087	0.106050074	-0.1777615	-0.11809894	-0.21448551	-0.061201498	-0.004057089	-0.31867367	-0.2199283	-0.06518219	10	-0.09695077	0.14044201	0.5505327	Binding_RAL	-0.058370274	0.08455466	0.33145428
E48N	E48N	48	48	-0.14673233	-0.21408078	-0.26553422	-0.37381813	-0.30756062	-0.2511752	-0.06899195	-0.006051959	-0.3903742	-0.12133902	10	-0.21456584	0.12772305	0.50067437	Binding_RAL	-0.12918173	0.07689706	0.30143648
E48P	E48P	48	48	-0.25179127	-0.5191225	-0.3871039	-0.27002615	0.102627985	-0.17040661	-0.18188486	-0.47415954	0.19149607	-0.1365618	10	-0.20969324	0.22821483	0.8946022	Binding_RAL	-0.12624812	0.13739924	0.53860503
E48Q	E48Q	48	48	-0.17741126	-0.2628058	-0.3732583	-0.1864887	0.015131483	-0.6637162	-0.12685403	-0.17184384	0.085376464	-0.107612394	10	-0.19694825	0.20869842	0.81809783	Binding_RAL	-0.11857485	0.12564917	0.49254474
E48R	E48R	48	48	-0.0108096395	-0.051644437	0.0200734	0.00875786	0.06418188	0.10131762	-0.0017425442	0.018876128	-0.10299226	0.025973076	10	0.0071991086	0.05654034	0.22163814	Binding_RAL	0.004334302	0.03404073	0.13343966
E48S	E48S	48	48	-0.16904671	-0.09584138	-0.3213277	-0.20517929	-0.33897492	-0.09986907	-0.06362379	-0.13230708	-0.19904204	-0.18626803	10	-0.18114801	0.09171871	0.35953736	Binding_RAL	-0.10906214	0.055220257	0.21646342
E48T	E48T	48	48	-0.002416111	-0.107864045	-0.023347046	0.07236986	0.17840393	0.0069282483	-0.0808364	0.00047859372	-0.05144805	0.05267768	10	0.004494666	0.08236336	0.32286438	Binding_RAL	0.002706063	0.049587764	0.19438404
E48V	E48V	48	48	0.029442195	-0.04149327	0.005572161	0.10331854	-0.04164786	-0.00981711	-0.14691594	-0.029281113	0.0014773486	-0.07183156	10	-0.020117661	0.06555884	0.25699067	Binding_RAL	-0.012112059	0.03947042	0.15472405
E48W	E48W	48	48	0.15996203	0.2559488	-0.07074272	0.111257814	-0.1820309	0.1410457	0.07129627	0.04363466	0.23825596	0.3172779	10	0.10859056	0.15202662	0.5959444	Binding_RAL	0.06537814	0.091529295	0.35879484
E48Y	E48Y	48	48	0.11363827	-0.15151349	-0.5277669	-0.23502384	0.1473744	-0.042038493	-0.072993346	-0.22141486	0.19349626	0.22329776	10	-0.05729442	0.23616362	0.9257614	Binding_RAL	-0.034494735	0.1421849	0.5573648
E61A	E61A	61	61	0.16700085	0.13863531	0.15599656	0.19827633	0.20640723	0.16774245	0.19850907	0.14487466	0.17606702	0.16950627	10	0.17230158	0.022966398	0.09002828	Binding_RAL	0.10373606	0.013827172	0.054202516
E61C	E61C	61	61	0.29394928	0.3179589	0.29705086	0.383192	0.42045334	0.3916444	0.4243311	0.4107398	0.2863493	0.36300567	10	0.35886747	0.055196863	0.2163717	Binding_RAL	0.2160601	0.033231877	0.13026896
E61D	E61D	61	61	0.10820427	-0.094087616	-0.008482439	-0.04681523	0.0511239	-0.047689755	0.04174273	-0.009083106	-0.09550057	-0.0320102	10	-0.013259803	0.06491359	0.2544613	Binding_RAL	-0.00798321	0.039081942	0.15320122
E61F	E61F	61	61	0.19283424	0.1638616	0.28859055	0.13881578	0.19681297	0.27376473	0.15366222	0.19427612	0.088947	0.29958147	10	0.19911468	0.06897815	0.27039436	Binding_RAL	0.11987918	0.041529056	0.1627939
E61G	E61G	61	61	0.2577635	0.32274997	0.2804757	0.2961423	0.37012044	0.2940148	0.31949	0.31215802	0.25872403	0.30369088	10	0.30153295	0.03311892	0.12982616	Binding_RAL	0.18154122	0.019939609	0.078163266
E61H	E61H	61	61	0.13552581	0.26084962	0.12095044	0.114126794	0.21600871	0.07670779	0.16732164	0.056471616	0.02319847	0.1980801	10	0.1369241	0.07459888	0.2924276	Binding_RAL	0.08243666	0.044913072	0.17605925
E61I	E61I	61	61	0.39961338	0.4515506	0.22944422	0.34340286	0.30585408	0.21221073	0.3540077	0.3983837	0.29076344	0.34142828	10	0.33266586	0.07544001	0.29572484	Binding_RAL	0.20028514	0.045419488	0.1780444
E61K	E61K	61	61	0.3783487	0.17779064	0.2542675	0.10496787	-0.018906113	0.18495159	0.076176986	0.1834543	0.25312248	0.16411357	10	0.17582875	0.108677484	0.42601573	Binding_RAL	0.10585963	0.06543047	0.25648746
E61L	E61L	61	61	0.43121946	0.20037653	0.33592612	0.35562074	0.37146068	0.35079306	0.5121268	0.39408886	0.41169554	0.3593269	10	0.37226346	0.079470664	0.31152502	Binding_RAL	0.2241253	0.047846187	0.18755706
E61M	E61M	61	61	0.19218291	0.3018527	0.27212563	0.42737156	0.4273107	0.46319684	0.16963412	0.24028014	0.24005818	0.38197398	10	0.3115987	0.1059344	0.41526285	Binding_RAL	0.1876014	0.06377897	0.25001356
E61N	E61N	61	61	0.05521292	0.13516429	0.05059863	0.081650846	0.10893464	0.10716456	-0.022862175	0.21214901	0.05725048	0.13355827	10	0.09188215	0.063349076	0.24832839	Binding_RAL	0.055318654	0.038140006	0.14950883
E61P	E61P	61	61	-0.016467005	0.019025283	0.007979283	0.08003043	0.057565928	0.043389626	0.022091513	-0.04831614	-0.040158674	-0.005430346	10	0.0119709885	0.041271195	0.16178308	Binding_RAL	0.007207265	0.024847776	0.09740328
E61Q	E61Q	61	61	0.055496976	0.1921904	0.07221148	0.025372708	-0.027344488	0.07011613	0.08000434	0.07667918	-0.07557075	0.0008175982	10	0.046997357	0.072605334	0.28461292	Binding_RAL	0.028295275	0.04371284	0.17135434
E61R	E61R	61	61	0.43553936	0.3644944	0.3582469	0.40954694	0.4382813	0.5156028	0.42405233	0.43611646	0.47497922	0.3684686	10	0.42253286	0.050121374	0.19647579	Binding_RAL	0.25439054	0.030176124	0.11829041
E61S	E61S	61	61	0.22754183	0.1887041	0.26732945	0.18747184	0.23600712	0.16383792	0.24282292	0.29880366	0.13929708	0.21215768	10	0.21639736	0.048213016	0.18899503	Binding_RAL	0.1302844	0.029027175	0.113786526
E61T	E61T	61	61	0.089421034	0.06377378	0.037504867	0.16656639	0.060761906	0.17174268	0.21864726	0.12951808	0.064184636	0.06142159	10	0.10635422	0.06124938	0.24009757	Binding_RAL	0.06403173	0.036875863	0.14455338
E61V	E61V	61	61	0.35038403	0.3561349	0.37424135	0.3937361	0.37925884	0.45885226	0.43559456	0.41154027	0.3387665	0.40696412	10	0.3905473	0.038423195	0.15061893	Binding_RAL	0.23513329	0.023133107	0.09068178
E61W	E61W	61	61	0.5036454	0.57397133	0.4489867	0.44617802	0.4516951	0.6209062	0.53005	0.49296385	0.42647377	0.5135493	10	0.500842	0.061887875	0.24260047	Binding_RAL	0.3015374	0.037260275	0.14606029
E61Y	E61Y	61	61	0.26863658	0.2102253	0.11040031	0.29800808	0.22250713	0.34168705	0.260181	0.41222355	0.2941567	0.39273468	10	0.28107604	0.0894244	0.35054365	Binding_RAL	0.16922492	0.053838942	0.21104866
E62A	E62A	62	62	0.51497096	0.48369637	0.4423065	0.5216687	0.5245475	0.57677996	0.42517364	0.587609	0.6413001	0.5280788	10	0.5246132	0.06562193	0.25723797	Binding_RAL	0.31584913	0.039508402	0.15487294
E62C	E62C	62	62	0.17007263	0.30176514	0.04550494	0.05327424	-0.045686774	0.14106397	-0.014867348	0.18664485	0.06222897	0.25341704	10	0.11534177	0.11401502	0.4469389	Binding_RAL	0.06944278	0.068643995	0.26908445
E62D	E62D	62	62	-0.0408809	-0.0364292	-0.047681533	-0.055620242	0.0018305976	-0.024297409	-0.0013178131	-0.023120109	-0.05127654	-0.0015201719	10	-0.028031334	0.021780482	0.08537949	Binding_RAL	-0.016876573	0.013113178	0.05140366
E62F	E62F	62	62	0.98278695	0.8891417	0.856777	0.88683176	0.9951231	0.915773	0.79895294	0.90262264	0.9381928	0.8601313	10	0.9026333	0.059167035	0.23193479	Binding_RAL	0.5434403	0.03562216	0.13963887
E62G	E62G	62	62	0.50858134	0.53684926	0.5365886	0.51012856	0.48818713	0.54600763	0.5083878	0.53811765	0.5233737	0.4831197	10	0.5179341	0.021774907	0.085357636	Binding_RAL	0.3118279	0.013109822	0.051390503
E62H	E62H	62	62	0.45042884	0.39696693	0.34016097	0.32202473	0.3667794	0.41294876	0.43783653	0.3908359	0.36079615	0.2651183	10	0.37438965	0.055947494	0.21931417	Binding_RAL	0.2254054	0.033683803	0.13204052
E62I	E62I	62	62	0.9043987	0.73824507	0.9197628	0.98814917	0.97540677	0.7577774	0.78841954	0.83935034	0.8031437	0.9321453	10	0.8646798	0.090876125	0.3562344	Binding_RAL	0.52058995	0.05471297	0.21447484
E62K	E62K	62	62	0.3531649	0.28251183	0.27833515	0.3012696	0.44007874	0.30205488	0.3752082	0.29722428	0.37559444	0.33049795	10	0.333594	0.051910877	0.20349064	Binding_RAL	0.20084393	0.031253513	0.12251377
E62L	E62L	62	62	0.8244631	0.80829626	0.8109552	0.8698194	0.785182	0.81113994	0.7358825	0.8723512	0.81251603	0.8652431	10	0.81958485	0.042070173	0.16491508	Binding_RAL	0.49344006	0.02532881	0.09928893
E62M	E62M	62	62	0.65321606	0.6743618	0.46349734	0.5636578	0.5937579	0.5796337	0.5191111	0.5604922	0.520515	0.5574093	10	0.56856525	0.062470768	0.24488541	Binding_RAL	0.34231094	0.037611213	0.14743596
E62N	E62N	62	62	0.30644605	0.30792904	0.33225614	0.25084108	0.26317933	0.25579417	0.32207274	0.348339	0.35301584	0.22430597	10	0.29641792	0.04485435	0.17582905	Binding_RAL	0.17846166	0.027005054	0.105859816
E62P	E62P	62	62	0.39936432	0.4606391	0.43718913	0.4834522	0.4456624	0.41795647	0.3925486	0.39089632	0.38085625	0.47164428	10	0.4280209	0.03684558	0.14443468	Binding_RAL	0.25769466	0.022183286	0.08695848
E62Q	E62Q	62	62	0.28329846	0.17182435	0.15764026	0.17422134	0.21977702	0.20356	0.26174438	0.2629583	0.1875564	0.12855428	10	0.20511349	0.050956585	0.19974981	Binding_RAL	0.123490825	0.03067897	0.120261565
E62R	E62R	62	62	0.2576392	0.26550904	0.29914272	0.30212912	0.27270892	0.2799323	0.28241163	0.37114394	0.30331734	0.28380373	10	0.2917738	0.031805445	0.124677345	Binding_RAL	0.17566562	0.019148817	0.07506336
E62S	E62S	62	62	0.35606858	0.2790507	0.35308096	0.32213745	0.40152025	0.3869945	0.35245368	0.3479228	0.3034621	0.3629945	10	0.34656855	0.03667666	0.14377251	Binding_RAL	0.2086554	0.022081586	0.08655982
E62T	E62T	62	62	0.38302848	0.42409915	0.47234616	0.45251998	0.43390954	0.3610803	0.39949822	0.4964611	0.40195143	0.40251863	10	0.42274132	0.041725554	0.16356418	Binding_RAL	0.25451607	0.025121327	0.098475605
E62V	E62V	62	62	0.29680043	0.2686075	0.26627284	0.3032208	0.27122572	0.2975038	0.3118141	0.2890217	0.28731635	0.28615218	10	0.28779352	0.0152773205	0.059887096	Binding_RAL	0.17326924	0.009197879	0.036055684
E62W	E62W	62	62	0.34982023	0.01611046	0.21191323	0.30660728	0.18310739	0.41583192	0.66612357	0.5084489	0.218255	0.14424266	10	0.30204606	0.19042563	0.7464685	Binding_RAL	0.18185015	0.11464784	0.44941956
E62Y	E62Y	62	62	0.6725355	0.57561547	0.5309794	0.6583368	0.5320763	0.6268789	0.6490906	0.6220187	0.5089998	0.513797	10	0.5890328	0.06391231	0.25053626	Binding_RAL	0.3546337	0.03847911	0.1508381
E75A	E75A	75	75	-0.035571672	-0.089512296	-0.036223114	-0.046940338	0.010806474	0.112822026	-0.030017383	-0.06848915	-0.010355512	-0.048861876	10	-0.024234286	0.055630144	0.21807016	Binding_RAL	-0.014590518	0.03349274	0.13129154
E75C	E75C	75	75	-0.19579737	-0.28674856	-0.34626463	-0.3159615	-0.11738891	-0.14498374	-0.44994804	-0.2970561	-0.36545128	-0.27426344	10	-0.27938634	0.10219585	0.40060773	Binding_RAL	-0.16820762	0.061528135	0.2411903
E75D	E75D	75	75	-0.090966426	0.061860155	-0.24564819	-0.32348585	-2.0580642	-2.0850105	-0.28307354	-0.25022885	-0.22079407	-1.7892388	10	-0.7284651	0.8721775	3.4189358	Binding_RAL	-0.4385804	0.52510405	2.0584078
E75F	E75F	75	75	-0.054361563	0.119689584	-0.14305781	-0.09990362	-0.20926009	-0.2281042	-0.078344844	-0.16488671	0.036849063	0.017883673	10	-0.080349654	0.1125418	0.44116387	Binding_RAL	-0.04837539	0.067757025	0.26560754
E75G	E75G	75	75	0.17997417	0.120845765	0.018403454	0.08791539	0.011242427	0.1009323	0.035481337	0.15661913	0.07284142	0.062984325	10	0.08472397	0.056426734	0.2211928	Binding_RAL	0.051008996	0.033972334	0.13317156
E75H	E75H	75	75	-0.0904314	-0.065400876	-0.13894609	-0.14456634	0.048887897	-0.32862136	-0.09905587	-0.30956474	-0.047734227	0.09335397	10	-0.1082079	0.13440774	0.52687836	Binding_RAL	-0.06514775	0.08092166	0.3172129
E75I	E75I	75	75	-0.19339612	-0.3361332	-0.22913602	-0.30012575	-0.25017464	-0.3733707	-0.17352661	-0.39615366	-0.3676107	-0.1472877	10	-0.2766915	0.090220705	0.35366517	Binding_RAL	-0.16658515	0.054318365	0.212928
E75K	E75K	75	75	0.23181465	0.23879932	0.10733717	0.05775658	0.06835405	0.015886603	0.014270711	0.074240915	0.11651205	0.09124581	10	0.101621784	0.07809627	0.30613738	Binding_RAL	0.06118251	0.047018718	0.18431337
E75L	E75L	75	75	-0.12338939	-0.058530565	-0.15225661	0.0098062	-0.19776121	-0.21344504	-0.095402226	-0.09923436	-0.10007036	-0.08809196	10	-0.11183755	0.0651871	0.25553343	Binding_RAL	-0.06733303	0.039246608	0.15384671
E75M	E75M	75	75	-0.16733608	-0.42479533	-0.07787094	-0.0494702	-0.09304842	-0.10347801	-0.023135336	0.03635874	-0.15992633	-0.16967836	10	-0.12323801	0.12502337	0.4900916	Binding_RAL	-0.0741968	0.07527169	0.29506502
E75N	E75N	75	75	0.0066642887	-0.024213051	0.015127336	0.2379378	-0.011230229	0.17186816	-0.3069568	-0.08866649	-0.010724268	0.20139438	10	0.019120112	0.15854962	0.62151456	Binding_RAL	0.011511473	0.09545654	0.37418965
E75P	E75P	75	75	0.9607918	0.64620584	0.6112697	0.54060835	0.83187664	0.6895021	0.7129535	0.6332345	1.0635192	1.015196	10	0.7705158	0.18501712	0.7252671	Binding_RAL	0.4638975	0.11139159	0.43665504
E75Q	E75Q	75	75	-0.07446733	-0.13125141	0.008092275	-0.022499993	-0.06883266	0.10686006	-0.056000423	-0.1200894	0.005305229	-0.02680096	10	-0.03796846	0.06943339	0.2721789	Binding_RAL	-0.022859327	0.041803136	0.1638683
E75R	E75R	75	75	0.123230875	0.043398995	0.047873374	0.022284063	0.089388005	-0.021275003	0.009838211	-0.077906646	0.08062898	0.13518257	10	0.045264345	0.065619774	0.2572295	Binding_RAL	0.027251896	0.039507106	0.15486786
E75S	E75S	75	75	-0.021495625	0.032379847	0.0013380629	-0.02242807	0.041808333	-0.039123967	-0.101241425	0.061111517	0.15397242	-0.078969754	10	0.0027351335	0.0738973	0.28967744	Binding_RAL	0.0016467172	0.04449068	0.17440347
E75T	E75T	75	75	-0.19898988	-0.22265948	-0.26912037	-0.44099867	-0.22918046	-0.1342748	-0.15924792	-0.1817538	-0.20325097	-0.17073287	10	-0.2210209	0.08627202	0.33818635	Binding_RAL	-0.13306807	0.05194102	0.2036088
E75V	E75V	75	75	-0.425496	-0.55081254	-0.44698745	-0.38453975	-0.5920824	-0.5050475	-0.45460325	-0.48530734	-0.3605594	-0.43064713	10	-0.46360826	0.07154289	0.28044814	Binding_RAL	-0.27912045	0.04307318	0.16884688
E75W	E75W	75	75	-0.31281042	-0.24261954	-0.24375302	-0.29080972	-0.2391038	-0.30461282	-0.39703032	-0.27420163	-0.27129832	-0.2128414	10	-0.2789081	0.052160647	0.20446974	Binding_RAL	-0.16791968	0.031403888	0.123103246
E75Y	E75Y	75	75	-0.5170299	-0.42621693	-0.55959165	-0.5642066	-0.3635803	-0.39709562	-0.37418446	-0.9252972	-0.638421	-0.33157724	10	-0.50972015	0.17823091	0.6986652	Binding_RAL	-0.30688262	0.10730588	0.42063904
E90C	E90C	90	90	0.8480423	1.0870162	0.89801717	0.38806087	0.98845446	0.7686167	0.98304147	1.0688617	0.59339875	0.5546041	10	0.81781137	0.2371144	0.9294885	Binding_RAL	0.4923723	0.14275733	0.55960876
E90D	E90D	90	90	-0.21257532	-0.046096534	-0.14029467	-0.9133214	-0.64016646	-0.20069693	-0.24427284	-0.273113	-0.08252963	0.049721826	10	-0.27033448	0.29135317	1.1421044	Binding_RAL	-0.16275784	0.17541237	0.6876165
E90G	E90G	90	90	0.45820996	0.9548585	0.8393247	0.42637628	1.169971	0.84956414	0.7841398				7	0.7832064	0.264435	1.0365852	Binding_RAL	0.471538	0.15920599	0.6240875
E90I	E90I	90	90	-0.11039074	-0.37402698				-0.36733833	-0.011113848	-0.21495858	0.43623784	-0.38475093	7	-0.14662023	0.29473287	1.1553528	Binding_RAL	-0.088274315	0.17744716	0.6955929
E97A	E97A	97	97	0.16768579	0.11508618	0.24821912	0.21736448	0.13560027	0.14721139	0.114808984	0.31209826	0.083208576	0.1121083	10	0.16533914	0.07225733	0.28324875	Binding_RAL	0.09954424	0.04350332	0.17053303
E97C	E97C	97	97	0.34866443	0.33113778	0.5908026	0.35314602	0.35424346	0.45603165	0.75703186	0.573588	0.13657533	0.44039094	10	0.4341612	0.17261715	0.6766592	Binding_RAL	0.26139152	0.10392605	0.40739012
E97D	E97D	97	97	0.2585353	0.057227954	0.23701346	0.17507216	0.2339349	0.013384237	-0.055876646	0.17322001	0.17955674	0.047463927	10	0.13195321	0.10819232	0.4241139	Binding_RAL	0.07944388	0.06513837	0.25534242
E97F	E97F	97	97	1.1122212	0.93197143	1.0805078	0.8753876	1.0561776	0.44472927	1.6647989	0.94806796	1.0270883	0.8352481	10	0.9976198	0.30243227	1.1855345	Binding_RAL	0.60062796	0.18208267	0.7137641
E97G	E97G	97	97	0.18836118	0.036826365	-0.009265536	0.27458608	0.24047318	0.1599225	0.17754406	0.2644553	0.2774591	0.071387075	10	0.16817494	0.10351175	0.40576607	Binding_RAL	0.101251565	0.062320385	0.24429591
E97I	E97I	97	97	2.1090946	1.373766	1.5377773	1.3902315	1.327543	1.4698417	1.1570002	0.86298937	1.557877	1.5690359	10	1.4355156	0.31989986	1.2540075	Binding_RAL	0.86426795	0.19259922	0.75498897
E97K	E97K	97	97	0.4285459	0.3081564	0.48490512	0.25109857	0.2695217	0.15331568	0.27380913	0.26339394	-0.057660688	0.20136715	10	0.2576453	0.14808159	0.5804798	Binding_RAL	0.15511818	0.08915415	0.34948426
E97L	E97L	97	97	0.54851055	0.61805296	0.53278047	0.7808331	0.6396645	0.581117	0.5871037	0.6749692	0.58255374	0.5359187	10	0.6081504	0.07576219	0.2969878	Binding_RAL	0.36614364	0.045613457	0.17880476
E97Q	E97Q	97	97	-0.5654365	-0.56818795	-0.7757054	-0.24573131	-0.0778021	-0.33578908	-0.34154463	-0.32565275	-0.25180954	-0.464875	10	-0.39525345	0.20095128	0.787729	Binding_RAL	-0.23796667	0.12098492	0.4742609
E97R	E97R	97	97	0.11668136	0.040177673	-0.36647603	-0.4024578	0.15182467	0.06549427	-0.056644008	0.21143715	0.24249724	0.118233554	10	0.012076809	0.22560678	0.8843786	Binding_RAL	0.0072709755	0.13582905	0.5324499
E97S	E97S	97	97	0.6568751	-0.21282238	0.032667935	0.36857975	0.059455022	0.69544	0.4848867	0.58051825	0.3827259	0.47931284	10	0.35276392	0.29903194	1.1722052	Binding_RAL	0.21238539	0.18003546	0.705739
E97T	E97T	97	97	0.37046254	0.59694797	0.2574074	0.7102148	0.5454167	0.30460238	0.7913002	0.66360855	0.16756894	0.52478564	10	0.49323153	0.20863402	0.81784534	Binding_RAL	0.29695547	0.1256104	0.49239275
E97V	E97V	97	97	0.3455773	0.3466318	0.09346952	0.6515534	0.6013322	0.6018208	0.6740824	0.5891399	0.5743533	0.74604785	10	0.52240086	0.19875723	0.7791284	Binding_RAL	0.31451717	0.11966397	0.46908277
E97W	E97W	97	97	0.81360465	0.8394101	1.1542857	1.0333738	0.32512343	0.40287235	0.7724585	1.2479292	0.59348965	0.9416061	10	0.8124154	0.30322242	1.1886319	Binding_RAL	0.4891236	0.18255839	0.7156289
E97Y	E97Y	97	97	0.90140045	0.8490993	0.767904	0.032287285	0.26307824	0.8394637	1.4286956	0.017082414	0.4816472	1.0611198	10	0.6641778	0.45779926	1.7945731	Binding_RAL	0.39987552	0.27562305	1.0804424
F140C	F140C	140	140	-0.569059	-0.4518942	-0.35985908	-0.22092634	-0.19857542	-0.45398825	-0.6977048	-0.18648548	-0.26171654	-0.39914867	10	-0.3799358	0.16923131	0.66338676	Binding_RAL	-0.22874452	0.10188757	0.39939928
F140D	F140D	140	140	0.83199817	0.99090886	1.1094437	0.77515966	1.6203699	0.6725973	0.7745345	0.31934208	-0.4565738	0.53849804	10	0.7176278	0.54101455	2.1207771	Binding_RAL	0.4320557	0.32572374	1.2768371
F140G	F140G	140	140	-0.6545509	-1.302165	-1.3547225				-0.7005476	-1.2527713	-1.1031165	-0.5650506	7	-0.9904178	0.33892062	1.3285688	Binding_RAL	-0.5962919	0.20405088	0.7998795
F140I	F140I	140	140				-0.39318618	-0.31725293	-0.27512476	-0.14780551	-0.084705815	-0.07295445	-0.4935558	7	-0.25494078	0.16016452	0.6278449	Binding_RAL	-0.15348989	0.096428804	0.37800092
F140L	F140L	140	140	-0.47327211	-0.4442602	-0.36942777	-0.23896013				-0.49381655	-0.5473798	-0.505104	7	-0.43888864	0.104226656	0.4085685	Binding_RAL	-0.26423773	0.0627508	0.24598315
F140N	F140N	140	140	0.015563906	-0.2104351	-0.5459129	-0.14222114	-0.33248737	-0.51885647	-0.34259087	-0.4193198	-0.0063022412	-0.28373057	10	-0.27862924	0.1943452	0.76183325	Binding_RAL	-0.16775179	0.117007665	0.45867005
F140S	F140S	140	140	0.44911632	0.21212785	0.19966525	0.2159464	0.057576414	0.19856068	0.014487425	0.06459285	0.53259027	0.06480107	10	0.20094645	0.17139398	0.6718644	Binding_RAL	0.12098201	0.103189625	0.40450335
F140W	F140W	140	140	-0.27738294	-0.7640665	-0.55508506	-0.1369355	-0.5978879	-0.5699341	-0.22734745	-0.8802661	-0.4047302	-0.17743917	10	-0.4591075	0.25472295	0.998514	Binding_RAL	-0.2764107	0.15335874	0.6011663
F140Y	F140Y	140	140			0.3051438	0.6274983	0.1616865	0.37998638	0.35901114	0.07989362	0.35479844	0.42727032	8	0.33691108	0.16606383	0.6509702	Binding_RAL	0.20284101	0.09998055	0.39192376
F155A	F155A	155	155	-0.14843652	-0.08919668	-0.084075525	-0.31417432	-0.10846649	-0.19635972	-0.39978376	-0.36655763	-0.10825243	-0.12526055	10	-0.19405636	0.12069585	0.47312775	Binding_RAL	-0.11683376	0.072666265	0.28485176
F155C	F155C	155	155	-0.40137213	-0.6043952	-0.7255416	-0.36733755	-0.7342638	-0.36592036	-0.3962106	-0.56179005	-0.49110577	-0.32724714	10	-0.49751845	0.15143842	0.5936386	Binding_RAL	-0.29953644	0.09117516	0.35740665
F155D	F155D	155	155	1.4808545	0.674248	1.4396132	0.9840968	1.4120624	0.9903198	0.19427949	0.900599	1.4093338	1.8061413	10	1.1291548	0.47262993	1.8527094	Binding_RAL	0.67982006	0.28455204	1.1154441
F155E	F155E	155	155	0.60615426	-0.061067037	-0.16221231	0.27427986	0.6291368	0.25674373	1.2342712	0.027140815	-0.07052668	0.22761095	10	0.29615316	0.42665374	1.6724827	Binding_RAL	0.17830226	0.25687158	1.0069367
F155G	F155G	155	155	0.4112234	0.37086713	0.16353893	0.10912782	0.63129705	0.68209493	0.22755551	0.52339447	0.020827116	0.29026324	10	0.34301895	0.22183082	0.8695768	Binding_RAL	0.20651832	0.13355568	0.5235383
F155H	F155H	155	155	-0.726402	-0.44532114	-0.4080134	-0.529915	-0.4112357	-0.16231565	-0.17233412	-0.23930766	-0.32493672	-0.15220384	10	-0.35719854	0.1851504	0.7257896	Binding_RAL	-0.2150553	0.11147183	0.43696958
F155I	F155I	155	155	-0.32011884	-0.23904112	-0.13611004	-0.19569285	0.06564321	-0.03596907	-0.19670494	-0.16757557	-0.17668751	-0.33357728	10	-0.1735834	0.12018314	0.4711179	Binding_RAL	-0.1045078	0.07235758	0.28364173
F155K	F155K	155	155	0.6506898	0.20471862	0.19598731	0.22860782	0.5851178	0.52254856	0.9051915	0.73106986	0.75821245	0.41183913	10	0.51939833	0.25209916	0.98822874	Binding_RAL	0.31270945	0.15177907	0.594974
F155L	F155L	155	155	-0.535824	-1.1428267	-1.3241543	-1.1695628	-1.034183	-0.96576315	-1.3059566	-1.0827204	-0.60592526	-0.15386017	10	-0.9320777	0.37970632	1.4884489	Binding_RAL	-0.5611676	0.22860636	0.89613694
F155M	F155M	155	155	-0.30127776	-0.62786907	-0.35819164	-0.41749716	-0.47729278	-0.42527154	-0.33348116	-0.38548073	-0.26767048	-0.36727294	10	-0.3961305	0.10187427	0.39934716	Binding_RAL	-0.23849471	0.06133452	0.24043132
F155N	F155N	155	155	0.09247859	0.5676881	0.19381618	-0.2122265	0.5572546	0.66811246	0.15957114	0.28609806	-0.027627341	0.008656286	10	0.22938216	0.2891223	1.1333594	Binding_RAL	0.13810204	0.17406926	0.68235147
F155P	F155P	155	155	-0.58303946	-0.64082474	-0.21978039	-0.5926764	-0.6181391	-0.09488975	-0.49680582	-0.5932004	-0.542541	-0.5481433	10	-0.49300402	0.18386132	0.7207364	Binding_RAL	-0.2968185	0.11069572	0.43392724
F155Q	F155Q	155	155	0.2484982	-0.059831183	0.49195358	0.1629602	0.31869137	-0.19781451	0.4188629	0.49128222	-0.09991014	0.057408307	10	0.1832101	0.25144538	0.9856659	Binding_RAL	0.110303655	0.15138546	0.593431
F155R	F155R	155	155	1.7741674	0.6222175	1.5186392	0.31364742	1.1920192	1.5257365	1.700943	1.376991	0.82150215	0.99552274	10	1.1841385	0.48552904	1.9032738	Binding_RAL	0.7129236	0.29231808	1.1458869
F155S	F155S	155	155	0.09716068	-0.3308103	-0.17223054	0.06089118	0.24130468	0.1625796	-0.036193542	0.2806272	0.056645762	0.21383578	10	0.057381045	0.19234721	0.7540011	Binding_RAL	0.03454689	0.115804754	0.45395464
F155T	F155T	155	155	-0.6451194	-0.5031488	-0.54525626	-0.4072795	-0.53483844	-0.74850535	-0.46074983	-0.62386864	-0.6614872	-0.54398394	10	-0.5674237	0.10226357	0.4008732	Binding_RAL	-0.34162366	0.061568905	0.24135011
F155V	F155V	155	155	-0.34404692	-0.41151404	-0.37744632	-0.3141763	-0.21944629	-0.18373176	-0.10440476	-0.28710973	-0.04942364	-0.40347907	10	-0.2694779	0.12613295	0.49444118	Binding_RAL	-0.16224213	0.07593973	0.29768375
F155W	F155W	155	155	0.13614866	0.023512151	0.042950258	0.077450424	0.13627115	0.23006128	0.050788753	-0.19836594	0.17828265	0.007907964	10	0.068500735	0.1179844	0.46249884	Binding_RAL	0.04124162	0.071033806	0.27845252
F155Y	F155Y	155	155	0.15290767	0.18131079	0.16192476	0.14452873	0.031397227	0.18875434	0.24086219	0.15470198	0.13196285	0.29425928	10	0.16826099	0.06896775	0.2703536	Binding_RAL	0.101303376	0.041522793	0.16276935
F27A	F27A	27	27	1.5249097	1.4419318	1.342677	1.5566727	1.3751103	1.4082164	1.3031598	1.3027049	1.2944245	1.3540089	10	1.3903816	0.09253261	0.36272785	Binding_RAL	0.8370945	0.055710275	0.21838428
F27C	F27C	27	27	0.8586815	0.78887874	0.8847448	0.79196584	0.7961744	0.8576577	0.7900215	0.8598774	0.7383548	0.83744186	10	0.82037985	0.04580877	0.17957038	Binding_RAL	0.4939187	0.027579673	0.10811232
F27D	F27D	27	27	2.7405734	2.8003821	2.1252978	2.7560503	2.5732312	2.6133065	2.7882757	2.5501218	2.5106282	2.6302621	10	2.6088128	0.19904311	0.780249	Binding_RAL	1.5706644	0.11983609	0.4697575
F27E	F27E	27	27	1.3904537	1.4456156	1.4654622	1.4821873	1.6932125	1.6134058	1.5467595	1.6085247	1.6791434	1.6357442	10	1.5560509	0.10526477	0.4126379	Binding_RAL	0.9368375	0.06337581	0.24843317
F27G	F27G	27	27	2.1758156	2.163048	2.0731254	2.1238353	1.979459	2.015878	2.0988793	2.092638	2.0016406	2.1962984	10	2.0920618	0.07527233	0.29506755	Binding_RAL	1.2595488	0.045318533	0.17764865
F27H	F27H	27	27	0.7605601	0.94908917	0.8277689	0.672292	0.6701067	0.6571018	0.7941199	0.8147594	0.79186875	0.57428646	10	0.7511953	0.108321466	0.42462015	Binding_RAL	0.45226538	0.065216124	0.2556472
F27I	F27I	27	27	1.0140936	1.033317	0.9643882	0.9916482	0.9334384	1.012896	1.0779787	1.0526526	0.99550474	0.93352133	10	1.0009438	0.04775754	0.18720956	Binding_RAL	0.6026292	0.028752951	0.11271157
F27K	F27K	27	27	2.106569	1.9008344	1.7819196	2.330992	1.4898353	2.1793706	1.9456569	2.1763325	1.8774937	1.8850459	10	1.967405	0.24092221	0.9444151	Binding_RAL	1.1844977	0.14504986	0.56859547
F27L	F27L	27	27	1.1827786	1.2435613	1.1687906	1.2183622	1.2756381	1.1743712	1.2103585	1.1200753	1.1977744	1.1685275	10	1.1960237	0.043736503	0.1714471	Binding_RAL	0.7200792	0.026332041	0.1032216
F27M	F27M	27	27	0.32932308	0.6505887	0.3116185	0.48246172	0.49212307	0.31887496	0.49456304	0.45694524	0.46295497	0.46377602	10	0.44632292	0.10340136	0.40533334	Binding_RAL	0.26871362	0.062253926	0.2440354
F27N	F27N	27	27	2.2268825	2.0443218	1.8944821	2.1479383	1.7984947	1.9860638	2.1493247	1.9014707	1.9690152	1.9395969	10	2.005759	0.13480076	0.528419	Binding_RAL	1.2075893	0.08115828	0.31814048
F27P	F27P	27	27	1.945944	1.8647293	1.632291	1.9312087	1.8298875	1.7571305	1.625502	1.6816356	1.728374	1.8203236	10	1.7817026	0.11557475	0.45305303	Binding_RAL	1.0726936	0.06958304	0.27276555
F27Q	F27Q	27	27	1.1303151	1.0260286	0.9458794	1.1710116	1.3984418	1.0272167	1.2200747	1.0882839	0.8407734	1.053039	10	1.0901064	0.1536705	0.6023884	Binding_RAL	0.6563105	0.092519015	0.36267453
F27R	F27R	27	27	1.3405526	1.2638544	1.1853881	1.3236139	1.338902	1.3525999	1.3469772	1.4182234	1.2064114	1.2913622	10	1.3067884	0.07108748	0.27866292	Binding_RAL	0.78676635	0.042798996	0.16777207
F27S	F27S	27	27	1.4850383	1.4988829	1.5301234	1.4674684	1.4508898	1.4275178	1.512851	1.4821901	1.4553318	1.4868233	10	1.4797117	0.030534783	0.11969636	Binding_RAL	0.89087665	0.018383801	0.072064504
F27T	F27T	27	27	1.2334052	1.1618536	1.2207917	1.0836229	1.156318	1.1416928	1.1644595	1.0820091	1.2830378	1.1310956	10	1.1658287	0.0641232	0.25136295	Binding_RAL	0.70189995	0.038606074	0.1513358
F27V	F27V	27	27	1.0122862	0.9217893	0.9702884	0.84735554	0.9160826	0.9908817	1.0229673	0.9801804	0.92874175	0.9598071	10	0.9550381	0.05267719	0.2064946	Binding_RAL	0.57499117	0.031714883	0.12432234
F27W	F27W	27	27	-0.07352333	-0.052466165	0.052376796	-0.043306332	0.25173783	0.04504839	0.18189062	0.027061153	0.06489139	-0.037932806	10	0.041577756	0.10559758	0.41394252	Binding_RAL	0.025032345	0.063576184	0.24921864
F27Y	F27Y	27	27	-0.0841822	0.0044568875	-0.000725416	-0.022925686	-0.008281423	0.034475833	0.07309785	0.08572633	0.010236843	0.071086526	10	0.016296554	0.05173049	0.20278352	Binding_RAL	0.00981152	0.03114491	0.122088045
F77A	F77A	77	77	1.1978893	1.1388017	1.4896684	1.361958	0.8658646	1.3784677	1.188176	1.5205442	1.2217686	1.0568752	10	1.2420013	0.20099498	0.7879003	Binding_RAL	0.74776053	0.121011235	0.47436404
F77C	F77C	77	77	0.6700062	0.72053665	0.52728057	0.84285545	1.0048358	0.8656291	0.8894338	0.8556416	0.9650713	0.8439373	10	0.81852275	0.14241281	0.55825824	Binding_RAL	0.4928006	0.0857412	0.3361055
F77D	F77D	77	77	1.3427118	1.4901537	0.47929022	0.5438783	0.21715362	0.4897117	1.901341	1.4598103	0.6610883	0.4022622	10	0.89874	0.58723336	2.3019547	Binding_RAL	0.54109627	0.3535503	1.3859172
F77E	F77E	77	77	0.72338116	0.87339336	0.65874565	0.635356	0.2736874	-0.16299136	-0.32706243	0.84215796	0.8516661	0.75005686	10	0.51183903	0.43582848	1.7084477	Binding_RAL	0.3081583	0.26239532	1.0285897
F77G	F77G	77	77	3.0259364	2.8511674	3.0252295	2.9591315	3.2754905	2.3537767	1.8592334	2.9343126	3.037025	3.1067283	10	2.8428032	0.4203103	1.6476164	Binding_RAL	1.7115409	0.2530524	0.9919655
F77H	F77H	77	77	0.30256602	0.59505975	1.0956228	0.7493083	0.7632368	0.16133355	0.3801257	0.83708894	0.9419778	0.2870726	10	0.6113393	0.315109	1.2352273	Binding_RAL	0.3680635	0.18971483	0.74368215
F77I	F77I	77	77	-0.022146638	0.03203619	0.03229573	0.023806438	-0.010919662	-0.056716893	0.21110982	0.117102094	0.18624094	-0.0961822	10	0.041662578	0.100731686	0.39486822	Binding_RAL	0.025083411	0.060646616	0.23773474
F77L	F77L	77	77	0.1722972	0.2585982	0.30554974	0.19352546	0.2580214	0.12407693	0.20645018	0.22025363	0.15220152	0.19632271	10	0.2087297	0.05426541	0.21272041	Binding_RAL	0.125668	0.032671086	0.12807067
F77M	F77M	77	77	0.09724055	-0.09771893	0.07004772	-0.36097622	-0.15491754	0.05115982	-0.10996449	0.179307	-0.47417524	-0.26919448	10	-0.106919184	0.21293345	0.83469915	Binding_RAL	-0.06437187	0.12819892	0.50253975
F77N	F77N	77	77	-0.6647022	0.029719515	1.304437	0.15859582	-0.28218845	1.1917729	-0.7605042	0.9807023	0.8427197	0.87362087	10	0.36741734	0.7697729	3.0175097	Binding_RAL	0.22120763	0.46345022	1.8167249
F77P	F77P	77	77	1.0911973	0.66189843	1.3042698	0.62640125	0.8804967	0.75257814	0.78471875	0.80718845	1.3198681	0.8897276	10	0.9118344	0.24733032	0.9695349	Binding_RAL	0.54897994	0.14890793	0.5837191
F77Q	F77Q	77	77	1.3636363	0.8340187	0.37564984	0.9999541	1.217948	0.66770005	1.4380178	0.9751734	1.381081	1.8045892	10	1.1057769	0.4190855	1.6428152	Binding_RAL	0.66574514	0.252315	0.9890749
F77R	F77R	77	77	1.1660666	0.96883124	1.0174071	0.9587481	0.99573797	0.8651539	0.99689394	0.79198337	0.9611814	0.74270034	10	0.94647044	0.12068893	0.4731006	Binding_RAL	0.5698329	0.07266209	0.2848354
F77S	F77S	77	77	1.1724063	1.281391	1.2175065	1.3111709	1.1018238	0.72632897	0.8623346	1.1576346	1.3236786	0.9435888	10	1.1097865	0.2026286	0.79430413	Binding_RAL	0.6681591	0.12199477	0.4782195
F77T	F77T	77	77	0.8378994	0.3021616	0.054293353	0.8056632	0.24954668	0.6471351	0.76846075	0.7214904	0.6611246	0.52572197	10	0.55734974	0.2676312	1.0491143	Binding_RAL	0.33555853	0.16113031	0.63163084
F77V	F77V	77	77	0.13818428	-0.031752326	0.0010409165	-0.14083247	0.23139806	0.100983135	0.2525869	0.1325942	0.037509654	0.083165914	10	0.08048783	0.11953737	0.4685865	Binding_RAL	0.048458584	0.07196879	0.28211764
F77W	F77W	77	77	0.19499461	0.10883605	0.114421226	0.14901824	0.15111086	0.14391676	0.1596178	0.17053312	0.120745674	0.14074562	10	0.145394	0.02638909	0.10344524	Binding_RAL	0.08753605	0.015887842	0.062280342
F77Y	F77Y	77	77	0.0010070226	-0.16926603	0.22211657	0.10309015	0.16366133	-0.2878023	-0.23079209	-0.0046744426	-0.08544603	-0.10038925	10	-0.03884951	0.16792974	0.6582846	Binding_RAL	-0.023389773	0.10110394	0.39632744
F81A	F81A	81	81	-0.58228815	-0.8031895	-0.73838854	-0.5828698	-0.5240363	-0.4963169	-0.49108183	-0.58096445	-0.31205872	-0.6842737	10	-0.5795468	0.13968998	0.5475847	Binding_RAL	-0.34892252	0.084101886	0.3296794
F81C	F81C	81	81	-0.76856935	-0.6205618	-0.8124999	-0.58162117	-0.47878972	-0.75673515	-0.5364921	-0.7404631	-0.79667664	-0.520899	10	-0.6613308	0.12678827	0.49701005	Binding_RAL	-0.39816147	0.07633427	0.29923034
F81D	F81D	81	81	-0.6396344	-0.13501032	0.04312435	0.24964836	-0.028878631	0.35364237	-0.11893768	-0.35260594	-0.5999544	-0.19068056	10	-0.14192867	0.32502732	1.2741071	Binding_RAL	-0.08544972	0.19568627	0.7670902
F81E	F81E	81	81	-0.105230294	0.27748168	-0.3407089	-0.5423595	-0.110203475	-0.46041757	0.13380675	-0.025887875	-0.41747352	0.08896745	10	-0.15020253	0.27840832	1.0913607	Binding_RAL	-0.09043108	0.16761878	0.65706563
F81G	F81G	81	81	-1.0899366	-0.9834838	-1.0325998	-1.1163788	-1.5023305	-1.5361328	-1.4429129	-1.1277826	-0.9152604	-1.2557585	10	-1.2002577	0.22281149	0.8734211	Binding_RAL	-0.7226283	0.13414611	0.52585274
F81H	F81H	81	81	-0.3820155	-0.4483169	-0.43476108	-0.7218992	-0.5877167	-0.72347707	-0.66319644	-0.669262	-0.61254287	-0.3727373	10	-0.5615925	0.13901684	0.544946	Binding_RAL	-0.33811295	0.08369661	0.32809073
F81I	F81I	81	81	-0.39480996	-0.3993494	-0.27230614	-0.43755892	-0.4324593	-0.48508918	-0.5776748	-0.46284753	-0.56672347	-0.55698097	10	-0.45857996	0.094091736	0.36883962	Binding_RAL	-0.2760931	0.056648962	0.22206393
F81K	F81K	81	81	1.2156751	0.926569	1.3733606	1.1190759	1.0731559	0.8929455	1.9600205	0.88925225	1.4969987	2.4908783	10	1.3437932	0.5211089	2.042747	Binding_RAL	0.80904543	0.31373936	1.2298583
F81L	F81L	81	81	-0.6824376	-0.61855286	-0.64757454	-0.6065022	-0.5080582	-0.6164875	-0.38454965	-0.52421314	-0.44703782	-0.54817694	10	-0.558359	0.093735315	0.36744243	Binding_RAL	-0.33616617	0.056434374	0.22122276
F81M	F81M	81	81	-0.23396246	-0.5471874	-0.9693196	-0.9493057	-0.6937296	-1.1833751	-0.6487596	-0.882339	-0.5100737	-0.37511307	10	-0.69931656	0.29559955	1.1587503	Binding_RAL	-0.4210312	0.17796895	0.6976383
F81N	F81N	81	81	-0.023529245	-0.10671882	-0.12823893	-0.3046114	-0.0040227235	-0.1516254	-0.07777859	0.15395062	-0.17502782	0.23800161	10	-0.05796008	0.15903124	0.6234025	Binding_RAL	-0.034895502	0.0957465	0.3753263
F81P	F81P	81	81	0.7265218	1.1413214	2.0795197	1.8774253	0.88822997	1.217684	1.1881593	1.4219705	1.1366425	1.2937057	10	1.2971181	0.41170177	1.613871	Binding_RAL	0.78094417	0.24786957	0.9716487
F81Q	F81Q	81	81	0.18686566	-0.03418638	0.46175775	0.4669786	0.19913384	0.21517278	0.058653746	-0.13174212	-0.020437466	-0.11513478	10	0.12870616	0.21657626	0.848979	Binding_RAL	0.07748895	0.13039212	0.5111371
F81R	F81R	81	81	1.4627961	1.7840885	2.2377357	2.1094284	1.591991	1.4918603	2.1046414	2.4792016	1.8778979	2.271558	10	1.9411199	0.35323018	1.3846623	Binding_RAL	1.1686726	0.21266611	0.8336512
F81S	F81S	81	81	-0.29641905	-0.29467273	-0.35500056	-0.33859065	-0.3277345	-0.3335206	-0.36816037	-0.4082532	-0.3637235	-0.33904165	10	-0.34251168	0.033871375	0.1327758	Binding_RAL	-0.20621292	0.020392632	0.07993912
F81T	F81T	81	81	-1.1394175	-0.9872635	-0.8032343	-0.76704586	-0.5609838	-0.84120774	-0.94818807	-0.70643944	-0.94692993	-1.1313069	10	-0.8832017	0.18349564	0.71930295	Binding_RAL	-0.53174126	0.11047556	0.43306422
F81V	F81V	81	81	-0.5472454	-0.5759468	-0.7356447	-0.6650952	-0.7077547	-0.51528597	-0.37383997	-0.5110282	-0.5350922	-0.7635748	10	-0.5930508	0.12217345	0.47891992	Binding_RAL	-0.35705274	0.073555864	0.288339
F81W	F81W	81	81	-0.31272316	-0.5752484	-0.51504606	-0.24423312	-0.16836208	-0.45258394	-0.25098503	-0.32540742	-0.65028286	-0.60283965	10	-0.40977114	0.17089619	0.66991305	Binding_RAL	-0.24670722	0.102889925	0.4033285
F81Y	F81Y	81	81	-0.16581844	-0.09633395	-0.013924342	0.041418884	-0.039156638	0.039258678	-0.10297639	-0.023106005	-0.11468038	-0.10008119	10	-0.057539977	0.0690871	0.27082145	Binding_RAL	-0.034642573	0.041594647	0.16305102
F89C	F89C	89	89	-0.059346758				0.16301884	0.27119008	0.3805575	0.03593574	0.014539398	-0.109393075	7	0.099500254	0.17917998	0.70238554	Binding_RAL	0.05990522	0.10787728	0.42287892
F89D	F89D	89	89	-0.2743184	-0.5149179	-0.40424025	-1.0009412	-0.455042	-0.2842959	-0.2069757	-0.09832587	-0.71126616	-0.39597505	10	-0.43462983	0.26241264	1.0286576	Binding_RAL	-0.26167366	0.15798841	0.6193146
F89G	F89G	89	89	-0.7088381	-0.7428107	-0.7458697	-0.7099672	-0.6923101	-0.6363551	-0.45149273	-0.60764563	-0.38116366	-0.6634899	10	-0.6339942	0.123797014	0.4852843	Binding_RAL	-0.38170317	0.07453335	0.29217073
F89I	F89I	89	89	-0.6420381	-0.23337065	-0.49329868			0.15573013	-0.869573	-0.53060526	0.067576	-0.28458256	8	-0.35377026	0.34975418	1.3710364	Binding_RAL	-0.21299127	0.21057335	0.82544756
F89L	F89L	89	89	-0.325933	-0.7662317	-0.4114459	-0.83270156	-0.43387204	-0.59754467	-0.04451496	-0.30819467	-0.42828768	-0.15688764	10	-0.43056136	0.24776919	0.97125524	Binding_RAL	-0.2592242	0.14917216	0.5847549
F89S	F89S	89	89	-1.3976421	-0.6000263	-0.71469134	-0.8103221	-0.17418244	-0.15221813	0.1591109	-0.485738	-0.6292811	-0.51657426	10	-0.5321565	0.42512047	1.6664723	Binding_RAL	-0.32039067	0.25594845	1.003318
F89V	F89V	89	89	-0.3980706	-0.23163313	-0.3250806	-0.42264938	-0.5275872	-0.43963984	-0.32546335	-0.48797733	-0.41211066	-0.34597704	10	-0.3916189	0.086913295	0.34070012	Binding_RAL	-0.23577847	0.052327104	0.20512225
F89Y	F89Y	89	89	0.40968806	-0.21822134	0.017960744	0.0661859	-0.008967453	0.18269655	0.26986668	0.10903996	0.080433995	0.09363106	10	0.10023141	0.16770253	0.65739393	Binding_RAL	0.06034542	0.10096715	0.39579123
G114A	G114A	114	114	-0.29509422	-0.19276828	-0.20533049	-0.22200944	-0.2191415	-0.2727683	-0.22054908	-0.13819104	-0.16452548	-0.2315114	10	-0.21618894	0.046119254	0.18078747	Binding_RAL	-0.13015892	0.027766602	0.108845085
G114C	G114C	114	114	-0.20165433	-0.24745417	-0.3895548	-0.39183185	-0.43436813	-0.58493143	-0.45502737	-0.19970639	-0.36539632	-0.5503885	10	-0.38203132	0.13412216	0.52575886	Binding_RAL	-0.23000614	0.08074972	0.3165389
G114D	G114D	114	114	-0.90815324	-0.5981408	-0.6183863	-0.964575	-0.30610687	-0.646875	-0.8604609	-0.51777947	-0.34035718	-0.64866495	10	-0.64095	0.22221087	0.87106663	Binding_RAL	-0.385891	0.13378449	0.5244352
G114E	G114E	114	114	-0.35901624	-0.38119018	-0.296378	-0.21909134	-0.34901774	-0.36264825	-0.23582885	-0.41497993	-0.6280888	-0.33650294	10	-0.35827425	0.11319394	0.44372025	Binding_RAL	-0.21570295	0.06814965	0.26714662
G114F	G114F	114	114	-0.9433537	-0.6618028	-1.0332912	-0.8879201	-1.1207445	-1.0413069	-0.8435894	-0.9577334	-0.91996294	-1.3582227	10	-0.9767928	0.18352604	0.7194221	Binding_RAL	-0.5880888	0.11049387	0.433136
G114H	G114H	114	114	-0.8535071	-0.9282152	-0.8120858	-0.87863165	-0.9777858	-0.769845	-0.71424866	-0.8733769	-0.41185415	-0.930692	10	-0.81502426	0.16205831	0.63526857	Binding_RAL	-0.49069428	0.09756898	0.38247043
G114I	G114I	114	114	-0.82468563	-1.1057196	-1.2011153	-1.0093606	-0.821409	-0.9609357	-1.0220671	-1.1130786	-1.0495178	-0.7223497	10	-0.98302394	0.15121765	0.5927732	Binding_RAL	-0.5918403	0.09104225	0.35688564
G114K	G114K	114	114	-0.058282096	-0.26225504	-0.51730585	-0.18695703	-0.44877416	-0.40172464	-0.1686121	0.019105844	-0.2345186	-0.3703872	10	-0.26297107	0.17222612	0.6751264	Binding_RAL	-0.15832461	0.103690624	0.40646726
G114L	G114L	114	114	-0.65650207	-0.5894521	-0.7281027	-0.7213888	-0.6147087	-0.5143508	-0.5979545	-0.59745264	-0.5847174	-0.7133848	10	-0.6318014	0.0707016	0.27715027	Binding_RAL	-0.38038298	0.042566672	0.16686136
G114M	G114M	114	114	-0.32131922	-0.37190893	-0.4312917	-0.38744003	-0.44947612	-0.51579547	-0.5819066	-0.68450326	-0.6019233	-0.6730784	10	-0.5018643	0.1289215	0.5053723	Binding_RAL	-0.30215293	0.0776186	0.3042649
G114N	G114N	114	114	-1.1194197	-1.0835643	-0.8655731	-0.48284784	-0.4385546	-0.19736502	-0.1331458	-0.563684	-0.9172927	-0.817835	10	-0.6619282	0.35041434	1.3736242	Binding_RAL	-0.39852113	0.21097079	0.8270055
G114P	G114P	114	114	-0.74335086	-0.5055898	-0.7551462	-0.55885756	-1.0482306	-0.85097843	-0.76526225	-0.69531775	-0.5686243	-0.5798424	10	-0.70712006	0.16403507	0.6430175	Binding_RAL	-0.4257294	0.098759115	0.38713574
G114Q	G114Q	114	114	-0.43491074	-0.24088879	-0.6456335	-0.17602903	-0.5365905	-0.25071573	-0.07905442	-0.3686696	-0.079905964	-0.4205706	10	-0.3232969	0.19032547	0.74607587	Binding_RAL	-0.19464445	0.11458754	0.44918317
G114R	G114R	114	114	-0.2871338	-0.2900635	-0.26353273	-0.44122952	-0.3646977	-0.26083747	-0.22380932	-0.4528479	-0.56806964	-0.34639502	10	-0.34986165	0.108309686	0.424574	Binding_RAL	-0.21063805	0.06520904	0.25561944
G114S	G114S	114	114	-0.29922	-0.051097363	-0.17156179	-0.23896459	-0.3191433	-0.27655545	-0.1214888	-0.13966586	-0.17331357	-0.21234201	10	-0.20033526	0.08502746	0.33330762	Binding_RAL	-0.120614044	0.051191714	0.20067152
G114T	G114T	114	114	-0.6842267	-0.5324865	-0.43551314	-0.8883505	-0.9646	-1.0126257	-1.0686765	-0.8769546	-0.87422085	-0.9597642	10	-0.82974184	0.21034968	0.8245708	Binding_RAL	-0.49955517	0.12664333	0.49644187
G114V	G114V	114	114	-0.4521406	-0.46010008	-0.41980955	-0.39506507	-0.5201248	-0.54709744	-0.52793723	-0.51400065	-0.3991387	-0.5426468	10	-0.4778061	0.05961927	0.23370755	Binding_RAL	-0.2876684	0.035894435	0.14070618
G114W	G114W	114	114	-0.95628506	-1.1151508	-1.1921331	-1.1413372	-0.5770376	-0.6272102	-1.0479106	-1.0513976	-1.1858248	-0.91134495	10	-0.98056304	0.21946432	0.8603001	Binding_RAL	-0.59035873	0.1321309	0.51795316
G114Y	G114Y	114	114	-1.2383065	-1.4519752	-1.6490655	-1.5381054	-1.4316516	-1.1698543	-1.1437725	-0.9784093	-1.2732729	-1.392113	10	-1.3266526	0.20265916	0.79442394	Binding_RAL	-0.7987258	0.122013174	0.47829166
G11A	G11A	11	11	-0.1916485	-0.11082757	-0.066996075	-0.11112166	-0.15853101	-0.076137856	-0.15944305	-0.08893153	-0.091387205	-0.18554908	10	-0.12405734	0.0459301	0.18004599	Binding_RAL	-0.07469008	0.02765272	0.10839866
G11C	G11C	11	11	-0.1176407	-0.15443838	-0.14641269	-0.12556367	-0.15978536	-0.14801544	-0.14032003	-0.120987184	-0.11573304	-0.110344835	10	-0.13392414	0.017871097	0.0700547	Binding_RAL	-0.080630496	0.01075949	0.0421772
G11D	G11D	11	11	-0.21285786	-0.23025362	-0.21001017	-0.17823833	-0.2224865	-0.20809849	-0.1991636	-0.21572123	-0.22636783	-0.20270565	10	-0.21059033	0.015108854	0.059226707	Binding_RAL	-0.12678821	0.009096451	0.035658088
G11E	G11E	11	11	-0.37236184	-0.46511802	-0.56662244	-0.43983376	-0.56748503	-0.32090452	-0.3121274	-0.34549454	-0.4935124	-0.3791669	10	-0.42626268	0.0952395	0.37333885	Binding_RAL	-0.2566361	0.057339985	0.22477275
G11F	G11F	11	11	-0.042232566	0.041635323	-0.074323	-0.0895702	0.052924257	0.004088267	-0.032963008	0.13491847	-0.21107908	0.056075353	10	-0.016052617	0.096777536	0.37936795	Binding_RAL	-0.009664654	0.058265977	0.22840263
G11H	G11H	11	11	0.046122428	0.0853923	-0.24035211	-0.34706172	0.07059639	0.0464279	0.17909531	0.04826828	0.084963016	0.26908818	10	0.024253998	0.1834633	0.7191762	Binding_RAL	0.014602385	0.110456094	0.4329879
G11I	G11I	11	11	0.28682488	0.110773325	0.17413877	0.1411249	0.14991847	-0.01685385	0.1974746	-0.0002842439	-0.03953984	0.053510286	10	0.10570873	0.10499687	0.41158772	Binding_RAL	0.063643105	0.06321452	0.24780092
G11K	G11K	11	11	0.1935512	0.022275565	0.117971234	0.04977471	0.106036216	0.0041949362	0.27280703	-0.007550482	0.23590665	0.26302245	10	0.12579896	0.10886993	0.42677015	Binding_RAL	0.07573864	0.06554634	0.25694168
G11L	G11L	11	11	0.2670284	0.1911039	0.18411286	0.32467207	0.13975906	0.25905427	0.39141583	0.30487448	0.2615847	0.25380564	10	0.25774112	0.07338625	0.2876741	Binding_RAL	0.15517586	0.044182997	0.17319736
G11M	G11M	11	11	0.032415006	-0.3453682	-0.36124215	-0.08768697	-0.091172196	-0.12627158	-0.11287335	-0.71092665	-0.1345455	-0.22812039	10	-0.2165792	0.21134615	0.8284769	Binding_RAL	-0.13039388	0.12724327	0.4987936
G11N	G11N	11	11	-0.051713172	0.17602795	-0.033391166	0.026954839	-0.059801426	-0.11179828	-0.2651568	-0.12255334	0.035014104	-0.42668423	10	-0.08331015	0.16692771	0.65435666	Binding_RAL	-0.05015779	0.10050066	0.3939626
G11P	G11P	11	11	-0.08828593	-0.083121575	0.045311872	-0.059370022	-0.114025384	0.008834117	0.06489092	-0.112356156	-0.10705865	0.01697358	10	-0.042820722	0.06960975	0.2728702	Binding_RAL	-0.025780685	0.04190931	0.1642845
G11Q	G11Q	11	11	-0.50285465	-0.5326769	-0.7129149	-0.5241586	-0.71533394	-0.25787526	-0.41660985	-0.7427206	-0.38575998	-0.5085512	10	-0.52994555	0.15705949	0.61567324	Binding_RAL	-0.31905952	0.09455939	0.3706728
G11R	G11R	11	11	0.3798256	0.4934759	0.47018874	0.4221837	0.5056171	0.45408013	0.59452796	0.474865	0.5489656	0.41317695	10	0.47569066	0.06425856	0.25189355	Binding_RAL	0.28639477	0.038687572	0.15165529
G11S	G11S	11	11	-0.08735411	-0.17820363	-0.17126901	-0.16969222	-0.18149495	-0.14227633	-0.19922814	-0.07974169	-0.2218795	-0.17464502	10	-0.16057846	0.045492776	0.17833169	Binding_RAL	-0.096678026	0.027389426	0.107366554
G11T	G11T	11	11	-0.18740402	-0.15968958	-0.27813563	-0.26240665	-0.4685512	-0.20305407	-0.3490859	-0.32009095	-0.22097188	-0.068010546	10	-0.25174004	0.111381024	0.43661362	Binding_RAL	-0.15156285	0.06705817	0.26286802
G11V	G11V	11	11	-0.0503934	-0.06615814	-0.08253615	-0.041205343	-0.08207705	-0.06521236	-0.06081138	-0.01189406	-0.048441462	-0.040941674	10	-0.054967098	0.021250492	0.08330193	Binding_RAL	-0.033093546	0.012794092	0.050152842
G11W	G11W	11	11	-0.20848334	-0.41039324	-0.4242389	-0.30190414	-0.40560272	-0.14159863	-0.43443123	-0.052223906	-0.2854057	-0.35337564	10	-0.30176574	0.13112308	0.5140025	Binding_RAL	-0.18168138	0.07894409	0.30946082
G11Y	G11Y	11	11	0.09218378	-0.02048293	0.21378821	0.13267902	-0.09654947	0.07995866	0.09411019	-0.010817636	0.17470917	0.18369061	10	0.08432696	0.10003923	0.39215377	Binding_RAL	0.050769974	0.060229715	0.23610048
G12A	G12A	12	12	-0.2136753	-0.33683822	-0.29460502	-0.089586906	-0.2819047	-0.12390237	-0.13051622	-0.08352313	-0.021884197	-0.1674895	10	-0.17439255	0.10390793	0.4073191	Binding_RAL	-0.10499495	0.06255891	0.24523094
G12C	G12C	12	12	-0.098134406	-0.09845994	-0.16035663	0.06824577	0.07359828	0.0423711	-0.1647562	-0.11311617	-0.16474104	0.08653194	10	-0.052881725	0.10724373	0.42039543	Binding_RAL	-0.031838022	0.06456727	0.2531037
G12D	G12D	12	12	-0.09152513	-0.08745604	-0.019973053	0.08339566	-0.03724851	-0.18270461	-0.16222796	-0.015557141	-0.25902525	-0.05215102	10	-0.082447305	0.0980622	0.38440385	Binding_RAL	-0.049638305	0.059039425	0.23143455
G12E	G12E	12	12	-0.25093374	-0.2416854	-0.38199258	-0.2830513	-0.25901827	-0.25504246	-0.18452872	-0.27487192	-0.17712384	-0.14664307	10	-0.24548915	0.066153355	0.25932115	Binding_RAL	-0.14779943	0.039828353	0.15612714
G12F	G12F	12	12	-0.29267567	-0.204468	-0.17113306	-0.27289236	-0.4134876	-0.21208653	0.060376454	0.07082526	-0.14118983	-0.29974604	10	-0.18764773	0.15402119	0.60376304	Binding_RAL	-0.112975374	0.09273015	0.3635022
G12H	G12H	12	12	-0.5525141	-0.46506578	-0.39161828	-0.2628454	-0.3783274	-0.29174656	-0.12893966	-0.38458318	-0.37874058	-0.3660154	10	-0.36003965	0.114462145	0.4486916	Binding_RAL	-0.21676582	0.06891319	0.27013972
G12I	G12I	12	12	0.067126356	-0.015825564	0.24871586	0.088805236	0.10167417	0.05330707	-0.002008572	-0.03579337	-0.23843665	0.11799042	10	0.038555495	0.12687498	0.49734995	Binding_RAL	0.023212759	0.076386474	0.299435
G12K	G12K	12	12	-0.03461216	-0.40167645	-0.17321558	-0.12959234	-0.4035521	0.15959586	-0.078292675	0.14559872	-0.10053014	-0.21618561	10	-0.12324624	0.19146796	0.7505544	Binding_RAL	-0.07420175	0.11527538	0.4518795
G12L	G12L	12	12	-0.058437027	0.07467114	-0.09104786	0.02614472	-0.09036955	0.007822899	-0.13694745	0.12934396	-0.0867995	0.049768	10	-0.017585067	0.087302096	0.3422242	Binding_RAL	-0.0105872825	0.052561186	0.20603986
G12M	G12M	12	12	-0.059128296	-0.12248641	-0.16588192	-0.16787815	-0.10094827	-0.16751087	-0.49066374	-0.19081058	-0.023555007	0.018330514	10	-0.14705327	0.13914548	0.54545027	Binding_RAL	-0.08853503	0.08377406	0.32839432
G12N	G12N	12	12	0.09916215	-0.12845078	-0.066808924	0.15015739	0.29410604	0.043733787	0.21668166	0.3627702	0.11232962	0.17608306	10	0.12597641	0.15100779	0.59195054	Binding_RAL	0.07584548	0.090915896	0.35639033
G12P	G12P	12	12	-0.39684555	-0.28167185	-0.29339972	-0.29089496	-0.34108275	-0.22677329	-0.37919497	-0.2596664	-0.1585355	-0.35242772	10	-0.29804927	0.072658144	0.28481993	Binding_RAL	-0.17944384	0.04374463	0.17147896
G12Q	G12Q	12	12	0.053037606	-0.2423976	-0.30212626	0.016361542	-0.4116946	-0.18494943	-0.12792738	-0.20559454	-0.3018059	-0.26223224	10	-0.19693288	0.14432901	0.56576973	Binding_RAL	-0.118565604	0.08689486	0.34062788
G12R	G12R	12	12	0.06688801	0.04367689	-0.022419222	0.029129827	-0.03218871	-0.04624972	0.17176534	-0.029295105	-0.013966092	0.05574067	10	0.02230819	0.06632835	0.2600071	Binding_RAL	0.013430891	0.039933708	0.15654014
G12S	G12S	12	12	-0.16538037	-0.16756293	-0.17294514	-0.01687575	-0.23898363	-0.26423636	-0.19856489	-0.115963526	-0.23663616	-0.27854374	10	-0.18556924	0.0779289	0.30548128	Binding_RAL	-0.111724	0.04691795	0.18391836
G12T	G12T	12	12	-0.0323229	-0.065924965	0.09476717	-0.3008198	-0.089545034	-0.03973179	-0.0330802	0.014561178	-0.086065575	-0.07882244	10	-0.061698437	0.100731105	0.39486593	Binding_RAL	-0.03714622	0.060646266	0.23773336
G12V	G12V	12	12	-0.10963034	-0.19502415	-0.17933291	-0.13991682	-0.21877816	-0.23639551	-0.0931445	-0.2531004	-0.13025773	-0.07797618	10	-0.16335568	0.061886348	0.2425945	Binding_RAL	-0.09835008	0.037259355	0.14605668
G12W	G12W	12	12	-0.08704803	-0.04775001	-0.115746915	-0.16568749	0.026923755	0.0054682414	0.0018212739	0.0056264913	-0.089832895	-0.32062215	10	-0.07868478	0.10564745	0.41413802	Binding_RAL	-0.047373034	0.06360621	0.24933635
G12Y	G12Y	12	12	-0.0007443797	-0.18506224	-0.12382562	0.03956205	-0.13923275	-0.34749383	-0.34550732	-0.1366477	-0.11414332	-0.25538763	10	-0.16084829	0.12860881	0.5041465	Binding_RAL	-0.09684048	0.077430345	0.30352697
G137C	G137C	137	137	-0.25189263	-0.2505748	-0.37705913	-0.059843004	-0.016264917	0.07924812	-0.26256493	-0.230067	0.04831245	-0.2861189	10	-0.16068247	0.15861131	0.6217564	Binding_RAL	-0.09674064	0.09549368	0.37433523
G137D	G137D	137	137	0.3765579				0.4600644	0.045971114	0.6799839	-0.00547386	0.7074523	0.44589433	7	0.38720712	0.27921957	1.0945407	Binding_RAL	0.23312229	0.16810721	0.6589803
G137H	G137H	137	137				0.28526264	-0.13038652	0.076194696	-0.043131966	-0.17536806	-0.23465642	0.09285175	7	-0.018461982	0.18170239	0.71227336	Binding_RAL	-0.011115239	0.10939592	0.42883202
G137R	G137R	137	137	0.016387679	0.4147402	-0.2213619	-0.30345255	-0.18089084	-0.19897336	0.075484976	0.04373452	-0.15914413	-0.17253491	10	-0.068601035	0.21116588	0.82777023	Binding_RAL	-0.041302007	0.12713473	0.49836814
G137S	G137S	137	137	-1.2507535	0.4989023				0.06778725	-0.8539669	0.5123097	-0.9236699	0.55132866	7	-0.19972321	0.78395444	3.0731015	Binding_RAL	-0.12024555	0.47198838	1.8501945
G137T	G137T	137	137		0.2332988	0.06965972	0.11148858	0.5751653	0.84605324	0.6619039	0.19290808			7	0.38435394	0.30538672	1.197116	Binding_RAL	0.2314045	0.18386143	0.72073686
G137V	G137V	137	137	-0.08745846	-0.30555212	-0.095221885	-0.13340726	-0.081555985	-0.10723252	-0.13802275				7	-0.135493	0.07806812	0.30602705	Binding_RAL	-0.08157504	0.047001768	0.18424693
G137W	G137W	137	137	0.36591306	0.023350714	0.534002	-0.025033958	0.2602555	-0.08367322	0.68946487	0.6817345	0.3428301	0.29724374	10	0.30860874	0.27660102	1.084276	Binding_RAL	0.18580128	0.16653068	0.6528003
G14A	G14A	14	14	1.7233998	1.4527184	1.3914483	1.5751828	1.4780716	1.2996697	1.1838664	1.1957504	1.8617537	1.8496288	10	1.5011489	0.24850513	0.9741401	Binding_RAL	0.9037832	0.14961524	0.58649176
G14C	G14C	14	14	1.3118404	1.0456607	1.166008	0.38523299	1.2013	0.19164327	0.36291388	1.1432724	0.95140946	0.90220034	10	0.8661481	0.40248632	1.5777464	Binding_RAL	0.521474	0.24232131	0.94989955
G14D	G14D	14	14	1.4478526	1.4940208	1.6208524	1.489561	1.2001499	1.4626821	1.7907417	0.50081193	1.229813	0.9593929	10	1.3195878	0.36990255	1.450018	Binding_RAL	0.79447234	0.22270389	0.87299925
G14E	G14E	14	14	1.492567	1.6082398	1.8328663	0.8423727	0.92850375	1.4355572	0.891152	0.90506357	0.6739162	0.95876217	10	1.1569	0.39561877	1.5508256	Binding_RAL	0.6965244	0.23818661	0.93369156
G14F	G14F	14	14	1.6652309	0.6063706	0.9912611	0.96170574	1.3483728	1.4620824	1.7086754	1.9149833	1.3880802	1.4562478	10	1.350301	0.39510593	1.5488153	Binding_RAL	0.81296355	0.23787786	0.9324812
G14H	G14H	14	14	0.7434607	1.2184635	1.036281	1.2391042	1.2249796	1.1963083	1.2009121	0.9826819	1.1152563	1.1843121	10	1.114176	0.15589799	0.6111201	Binding_RAL	0.67080194	0.0938601	0.36793157
G14I	G14I	14	14	0.19672589	0.08181597	0.24145068	0.81211114	0.6712777	0.49172205	0.31449136	0.3439145	0.10200955	0.42077637	10	0.36762953	0.2377553	0.9320008	Binding_RAL	0.2213354	0.14314319	0.56112134
G14K	G14K	14	14	0.7246549	1.0494878	0.6051534	0.8437062	1.8238897	1.2840903	1.2830441	1.0034488	0.70893764	0.7247609	10	1.0051174	0.3739333	1.4658185	Binding_RAL	0.605142	0.22513063	0.8825121
G14L	G14L	14	14	1.195247	1.2804852	1.7488484	1.365604	1.6169796	1.7095648	1.4792838	0.5283785	1.1000925	0.8046851	10	1.2829168	0.39373797	1.5434529	Binding_RAL	0.7723941	0.23705427	0.92925274
G14M	G14M	14	14	1.3605243	1.1898607	1.5132563	1.185304	0.9203578	1.4864199	1.3591645	1.50718	1.5435675	1.1794832	10	1.3245119	0.20209266	0.79220325	Binding_RAL	0.7974369	0.12167211	0.47695467
G14N	G14N	14	14	0.7634754	0.30783796	0.502273	0.7762377	1.1236608	1.7382612	0.19204931	1.4806116	0.53532225	1.7176963	10	0.91374254	0.57091904	2.2380028	Binding_RAL	0.5501287	0.34372807	1.347414
G14P	G14P	14	14	1.0900235	0.97010386	1.1993175	1.1945857	0.7638686	1.3684638	1.3782037	1.033805	0.7449556	2.0113158	10	1.1754643	0.36548653	1.4327072	Binding_RAL	0.70770115	0.22004518	0.86257714
G14Q	G14Q	14	14	0.3377998	0.17353739	0.703236	0.1733191	1.363282	1.3368602	0.43040925	0.52739793	0.1245343	1.4220865	10	0.65924627	0.52384484	2.0534718	Binding_RAL	0.39690644	0.31538653	1.2363153
G14R	G14R	14	14	1.4524806	0.88954556	1.3004597	0.8333521	1.0861146	0.986003	1.4361966	1.1629612	0.9122304	0.9432888	10	1.1002634	0.22847669	0.89562863	Binding_RAL	0.66242564	0.1375569	0.539223
G14S	G14S	14	14	1.4246888	1.1827109	1.0060729	1.398839	0.38168743	1.5532475	1.6648122	0.7944535	1.6269848	1.4628388	10	1.2496336	0.41226092	1.6160629	Binding_RAL	0.7523556	0.24820621	0.9729684
G14T	G14T	14	14	1.5051982	1.6069382	1.4372355	1.145071	1.4188702	1.0988767	1.3777808	1.5704447	1.6657486	1.4908372	10	1.4317001	0.18549229	0.7271298	Binding_RAL	0.8619708	0.11167767	0.43777648
G14V	G14V	14	14	1.4635346	1.138984	1.3008137	1.2077228	1.6470929	1.5452943	0.6787797	1.6432902	1.5071124	1.3331729	10	1.3465797	0.29209784	1.1450236	Binding_RAL	0.81072307	0.1758607	0.68937397
G14W	G14W	14	14	0.9014917	1.5677173	0.97332966	1.4952091	0.7035881	0.9332361	0.99834585	1.0159492	1.6831422	0.44923243	10	1.0721241	0.3927869	1.5397246	Binding_RAL	0.6454841	0.23648165	0.9270081
G14Y	G14Y	14	14	0.62082595	0.11822955	0.40837386	0.41065237	0.42496595	0.2953084	-0.0095119495	0.40237156	0.7731431	0.15699168	10	0.36013502	0.23334005	0.91469306	Binding_RAL	0.21682324	0.14048494	0.55070096
G150A	G150A	150	150	-0.8980791	-0.52544117	-0.777066	-0.39152905	-0.7051528				-1.3004166	-0.41061527	7	-0.71547145	0.31973797	1.2533729	Binding_RAL	-0.43075743	0.19250175	0.7546069
G150C	G150C	150	150	-0.13318788	-0.83179677	-0.63143146	-0.8275772	-1.0962508	-0.58659756	-0.38762885	-0.715968	0.10958303	-0.11764256	10	-0.5218498	0.38071853	1.4924166	Binding_RAL	-0.3141854	0.22921577	0.89852583
G150D	G150D	150	150	-0.5317592	-0.25320056	-0.2315317	-0.100409865				-0.5761742	-0.3697473	-0.31653324	7	-0.33990806	0.16866551	0.6611688	Binding_RAL	-0.20464538	0.10154692	0.39806393
G150F	G150F	150	150	-1.2307347	-1.1163789	-1.0375388	-0.7424433	-0.38915542	-0.78392106	-0.46965063				7	-0.8242604	0.3213067	1.2595223	Binding_RAL	-0.49625504	0.19344623	0.75830925
G150L	G150L	150	150	-0.54415995	-0.5015837	-1.000522	-0.73801357	-1.1650546	-0.75406694	-0.16425414	-0.7724662	-0.3326026	-0.24364518	10	-0.6216369	0.32467425	1.2727231	Binding_RAL	-0.37426335	0.1954737	0.7662569
G150R	G150R	150	150	-0.37333	-0.056279987	-0.36626917	-0.30705827	-0.28519562	-0.3242285	-0.57377094	-0.2581265	-0.68401784	-0.023442505	10	-0.32517195	0.20120353	0.7887178	Binding_RAL	-0.19577333	0.12113679	0.47485623
G150S	G150S	150	150	0.02836259	-0.06778057	-0.9417105	-0.5362848	-0.20880753	-0.18754932	-0.25509205	-0.5287545	0.25672838	-0.024425667	10	-0.2465314	0.3435074	1.346549	Binding_RAL	-0.14842694	0.20681241	0.81070465
G150T	G150T	150	150	-0.56149155	-0.54518986	-0.68714166	-0.50327677	-0.31410685	-0.2648689	-0.8601057	-0.61027426	-0.68114096	-0.3005532	10	-0.532815	0.19274576	0.7555634	Binding_RAL	-0.3207871	0.1160447	0.45489523
G150V	G150V	150	150	-0.16994861	-0.3142484	-0.55200416	-0.4617882	-0.5871347	-0.7952222	-0.50421596	-0.04490392	-0.33550754	0.11208639	10	-0.36528876	0.2727875	1.0693271	Binding_RAL	-0.2199261	0.16423471	0.6438001
G150W	G150W	150	150	-0.29792053	-0.9600426	-0.8938757	-1.4468807	-0.57852226	-0.63297385	-0.46783492	-0.5276214	-0.473936	-0.68005496	10	-0.69596636	0.3298001	1.2928164	Binding_RAL	-0.4190142	0.19855978	0.77835435
G173A	G173A	173	173		0.5441241	0.46349242	0.4456813	0.17820783	0.4496446	0.44031173	0.1271863			7	0.37837833	0.15881124	0.62254006	Binding_RAL	0.22780682	0.09561405	0.3748071
G173C	G173C	173	173	0.21277848	0.39520663	0.13024749	-0.12296884	0.14404832	-0.16983214	0.26493403	-0.06251206	-0.91254634		9	-0.013404932	0.38541585	1.5108302	Binding_RAL	-0.008070586	0.23204385	0.9096119
G173D	G173D	173	173	0.3387329	0.013157187	0.17644337	-0.18894441	0.27570102	-0.18105917	-0.20703198	0.2709526	-0.085148044	-0.21465473	10	0.019814875	0.22514611	0.88257277	Binding_RAL	0.011929763	0.13555169	0.53136265
G173E	G173E	173	173	-0.02686289	-0.36057	-0.20666	0.38552827	0.265261	0.3175479	-0.12447478	0.36097884	0.06572636	-0.5599188	10	0.011655581	0.3258396	1.2772913	Binding_RAL	0.007017371	0.1961753	0.7690072
G173R	G173R	173	173	-0.17351678	-0.26348203	-0.035924055	-0.21830535	-0.31499267	-0.17576794	-0.73672605	0.61846066	0.6187172	-0.14919178	10	-0.083072886	0.41364375	1.6214836	Binding_RAL	-0.050014943	0.24903876	0.97623193
G173S	G173S	173	173	-0.16701354	0.030009825	0.068477355	0.058778707	0.122118406	0.08246009	0.107667826	0.047633734	0.0065059857	-0.06626057	10	0.02903778	0.087249935	0.34201974	Binding_RAL	0.017482514	0.052529782	0.20591675
G173T	G173T	173	173	-1.5139943	-1.4481502	-1.5736115	-1.273626	-1.5674379				-1.4305315	-1.3248152	7	-1.4474523	0.11567396	0.45344192	Binding_RAL	-0.87145454	0.069642775	0.27299967
G173V	G173V	173	173	0.124838844	0.26650232	0.21607016	0.079741076	0.0866997	0.0022528318	-0.019417327	-0.0075463923	-0.04874301	0.29770005	10	0.099809825	0.124271326	0.4871436	Binding_RAL	0.0600916	0.07481892	0.29329017
G173W	G173W	173	173	1.8411725	0.9525648	1.2511775	1.2485039	1.3105956	1.7078406	2.0464244	1.5591612	1.358383	2.0088665	10	1.528469	0.36412662	1.4273764	Binding_RAL	0.9202315	0.21922643	0.85936767
G173Y	G173Y	173	173	0.73579526	1.2056931	1.2286303	0.9070599	0.51531243	0.7902447	1.3091484	0.36153394	0.64836395	0.60063916	10	0.83024216	0.32491264	1.2736576	Binding_RAL	0.4998564	0.19561721	0.7668195
G47A	G47A	47	47	0.030302612	-0.011618759	-0.036987133	0.009134289	0.08855861	0.06146888	-0.012807378	0.07842391	-0.04323253	0.020325068	10	0.018356755	0.046371173	0.181775	Binding_RAL	0.011051886	0.027918274	0.109439634
G47C	G47C	47	47	0.19291373	-0.07445714	0.049241755	0.12032492	0.24593359	0.109071076	0.18930593	0.16212234	0.101206474	0.161206	10	0.12568685	0.08970375	0.35163873	Binding_RAL	0.07567115	0.054007128	0.21170795
G47D	G47D	47	47	0.012476073	-0.016735295	-0.021128481	0.029858064	0.059165306	0.11168829	0.046701707	0.024134181	0.018478202	0.12994899	10	0.039458703	0.049632255	0.19455844	Binding_RAL	0.023756545	0.029881643	0.11713605
G47E	G47E	47	47	-0.020417945	-0.040104493	-0.069446385	0.026167275	0.02333413	0.016112491	0.0038984662	0.024946451	-0.0013355953	0.027258836	10	-0.00095867703	0.032846518	0.12875836	Binding_RAL	-0.00057718204	0.019775607	0.07752038
G47F	G47F	47	47	0.043607503	0.20805258	0.21661128	0.20983115	0.15468454	0.23412535	0.23465776	0.17959589	0.21725376	0.15436542	10	0.18527852	0.057681646	0.22611205	Binding_RAL	0.11154897	0.034727868	0.13613324
G47H	G47H	47	47	-0.094432086	0.0835465	0.053956352	-0.13878344	0.043484084	-0.024488434	-0.04130726	-0.031011485	-0.057413474	-0.021670513	10	-0.022811975	0.06814215	0.26711723	Binding_RAL	-0.0137342	0.04102573	0.16082087
G47I	G47I	47	47	0.06582081	0.17589153	0.06347865	0.15161984	0.118995994	0.12699947	0.16109383	0.13469884	0.040714078	-0.035099097	10	0.100421384	0.065589	0.2571089	Binding_RAL	0.060459796	0.03948858	0.15479524
G47K	G47K	47	47	0.015036488	-0.07487809	-0.06354979	-0.06417315	-0.11899278	-0.10273538	-0.07466617	0.04456018	0.049903803	0.014535228	10	-0.037495967	0.0622774	0.24412741	Binding_RAL	-0.022574859	0.03749479	0.14697959
G47L	G47L	47	47	0.024033425	0.14220257	0.10128992	0.13519926	0.19505392	0.08525809	0.06259912	0.122230954	0.095333256	0.122818105	10	0.10860185	0.046833947	0.18358907	Binding_RAL	0.06538494	0.028196892	0.110531814
G47M	G47M	47	47	0.07875268	0.23057583	0.21577409	0.14411668	0.031084836	-0.063847266	-0.07455607	-0.015485407	0.013640442	0.061154604	10	0.06212104	0.106912285	0.41909617	Binding_RAL	0.037400655	0.06436771	0.25232142
G47N	G47N	47	47	-0.18804553	-0.22251382	-0.050118	-0.11044297	-0.0832232	0.042338587	0.019255653	-0.13264047	-0.06623672	-0.23303413	10	-0.10246606	0.094260395	0.36950076	Binding_RAL	-0.06169082	0.056750506	0.22246198
G47P	G47P	47	47	-0.11519138	0.051435985	-0.05319222	-0.004353086	0.06892553	0.023628863	0.15826644	0.09684015	-0.22228579	0.0017759947	10	0.0005850494	0.10949841	0.4292338	Binding_RAL	0.0003522354	0.06592472	0.2584249
G47Q	G47Q	47	47	-0.039113987	-0.11951427	-0.23052256	-0.15425	-0.26142046	-0.09826773	-0.22486043	-0.112108186	0.010766566	-0.15497442	10	-0.13842654	0.08588677	0.33667615	Binding_RAL	-0.08334122	0.05170907	0.20269956
G47R	G47R	47	47	-0.14424565	-0.05052444	-0.018977758	-0.042092446	-0.06785817	-0.049382575	-0.06783396	0.019687723	-0.05383719	0.018614817	10	-0.04564496	0.047062848	0.18448637	Binding_RAL	-0.02748105	0.028334703	0.11107204
G47S	G47S	47	47	-0.0727546	-0.11792164	-0.07482595	-0.06303073	-0.07271914	-0.08500845	-0.11400301	-0.06311008	-0.074754804	-0.10882922	10	-0.084695764	0.020984061	0.082257524	Binding_RAL	-0.050992016	0.012633684	0.049524043
G47T	G47T	47	47	0.013027861	0.0029217917	-0.08560943	-0.06251741	-0.080807924	-0.097679704	-0.014583423	-0.03302764	-0.10988828	-0.06678221	10	-0.05349464	0.043087695	0.16890377	Binding_RAL	-0.032207035	0.02594142	0.10169037
G47V	G47V	47	47	0.07796695	-0.0018260276	-0.026026722	0.08586116	0.12954211	0.1336886	0.15506972	0.082967915	0.12363186	0.07836326	10	0.083923884	0.058413524	0.22898102	Binding_RAL	0.050527297	0.035168502	0.13786054
G47W	G47W	47	47	0.2413559	0.17217876	0.1578154	0.2972994	0.31085667	0.18374152	0.29314625	0.13622868	0.21926828	0.2308969	10	0.22427878	0.06187702	0.24255793	Binding_RAL	0.1350295	0.037253737	0.14603466
G47Y	G47Y	47	47	-0.014210173	0.08041131	0.13680561	0.12422214	0.051596735	0.04277152	0.05715056	0.13122882	0.0040848376	-0.05988508	10	0.055417627	0.065562025	0.25700313	Binding_RAL	0.03336479	0.039472338	0.15473157
G59A	G59A	59	59	1.9043881	1.9407061	1.7646782	1.8243814	1.8353755	1.863072	1.9443947	1.7521408	1.9707898	1.9007851	10	1.8700712	0.075376175	0.29547462	Binding_RAL	1.1258968	0.045381054	0.17789374
G59C	G59C	59	59	1.7025336	2.1436799	2.00829	1.8891987	1.7916404	1.8298565	1.730416	1.787586	1.7635169	1.8032118	10	1.8449929	0.1358151	0.5323952	Binding_RAL	1.1107982	0.08176897	0.32053435
G59D	G59D	59	59	1.9054533	1.8293128	1.7745763	1.8387731	1.8032491	1.7268887	1.8302209	1.812484	1.848813	1.845956	10	1.8215727	0.0476039	0.1866073	Binding_RAL	1.0966978	0.028660452	0.112348974
G59E	G59E	59	59	2.6701279	2.8232772	2.6378016	2.8600218	2.4987402	2.6866841	2.725664	3.17621	2.766459	2.792327	10	2.763731	0.17826538	0.69880027	Binding_RAL	1.6639346	0.10732663	0.4207204
G59F	G59F	59	59	3.07856	2.5764666	3.5058763	3.4614198	2.734693	2.5596874	2.9367015	3.2313948	2.6894662	3.59096	10	3.0365224	0.3956023	1.550761	Binding_RAL	1.8281716	0.2381767	0.9336527
G59H	G59H	59	59	1.6824381	1.8099174	1.6683971	1.7218549	1.6498408	1.82979	1.799465	1.7492232	1.8359113	1.6218505	10	1.7368689	0.0792537	0.31067452	Binding_RAL	1.0457009	0.047715563	0.18704501
G59I	G59I	59	59	2.1358562	2.4136674	2.3739493	2.2280562	2.8601642	2.6431804	2.687667	2.3041515	2.5753818	3.0054324	10	2.5227506	0.2808042	1.1007525	Binding_RAL	1.5188497	0.16906124	0.6627201
G59K	G59K	59	59	2.6666777	2.434632	2.5692468	2.5706344	2.4590716	2.5449424	2.733439	2.8090038	2.3543568	2.5479565	10	2.568996	0.13800885	0.5409947	Binding_RAL	1.5466923	0.08308974	0.3257118
G59L	G59L	59	59	3.1725008	2.9872396	2.9942348	2.8571453	3.1918447	3.061868	2.6149657	2.6011825	2.795594	3.0127463	10	2.9289322	0.20809637	0.8157378	Binding_RAL	1.7633958	0.1252867	0.49112386
G59M	G59M	59	59	2.4166348	2.866593	2.7216234	2.5704827	3.15447	3.1559014	3.0414684	2.2127721	2.5170915	2.361133	10	2.701817	0.34024915	1.3337767	Binding_RAL	1.6266586	0.20485073	0.8030149
G59N	G59N	59	59	2.331713	2.488074	2.3348386	2.4819562	2.3913622	2.585981	2.3139944	2.2292535	2.3960762	2.2765186	10	2.3829768	0.10901731	0.42734787	Binding_RAL	1.4346973	0.06563507	0.25728947
G59P	G59P	59	59	1.9175876	1.613458	1.771509	1.6616316	1.7531087	1.7204195	1.724312	1.7204418	1.5508975	1.7236161	10	1.7156982	0.097747386	0.38316977	Binding_RAL	1.0329549	0.058849886	0.23069155
G59Q	G59Q	59	59	2.6894834	2.4767244	2.6363602	2.1998968	2.316009	2.3041892	2.7063975	2.6578553	2.5770457	2.4618661	10	2.5025828	0.18016598	0.70625067	Binding_RAL	1.5067074	0.1084709	0.42520595
G59R	G59R	59	59	2.4564168	2.4801004	2.4310992	2.5947132	2.5535126	2.4179738	2.6366901	2.582808	2.5015352	2.5648336	10	2.5219684	0.0749269	0.29371345	Binding_RAL	1.5183787	0.04511056	0.1768334
G59S	G59S	59	59	0.5853424	0.47285464	0.55315584	0.48163798	0.42667016	0.43603775	0.5805744	0.4694719	0.48121703	0.63442355	10	0.51213855	0.070729986	0.27726156	Binding_RAL	0.30833864	0.042583764	0.16692835
G59T	G59T	59	59	2.3577516	2.6465557	2.8751845	2.7315736	2.9344246	3.1209145	2.7249515	2.61873	3.0010085	2.625578	10	2.7636673	0.22276984	0.8732578	Binding_RAL	1.6638962	0.13412103	0.52575445
G59V	G59V	59	59	2.456095	2.5214975	2.5138426	2.4757478	2.4321673	2.4189088	2.5475943	2.5516493	2.5523074	2.3799417	10	2.4849753	0.061618995	0.24154647	Binding_RAL	1.4961066	0.037098393	0.1454257
G59W	G59W	59	59	2.7606301	2.5206091	2.509872	2.6645758	2.314355	2.6135604	2.6063445	2.5539064	2.4319835	2.5733318	10	2.5549169	0.12335845	0.48356512	Binding_RAL	1.5382158	0.07426931	0.2911357
G59Y	G59Y	59	59	2.7571938	2.708833	2.4287653	2.4080992	2.7758024	2.612385	3.1036625	2.0527546	2.7481391	2.8483105	10	2.6443944	0.2888309	1.1322172	Binding_RAL	1.5920867	0.17389381	0.68166375
G74A	G74A	74	74	-0.24629557	-0.25811684	-0.4073546	-0.34757334	-0.29906932	-0.32250947	-0.24139664	-0.33024842	-0.28258395	-0.22729091	10	-0.2962439	0.05650202	0.22148792	Binding_RAL	-0.1783569	0.034017663	0.13334924
G74C	G74C	74	74	0.013628758	0.09290131	0.28892016	0.1446838	0.12927482	-0.02493513	0.1915353	0.1435423	0.08983314	0.13147144	10	0.12008558	0.08755811	0.3432278	Binding_RAL	0.07229884	0.052715324	0.20664407
G74D	G74D	74	74	0.51790655	0.20221564	0.23095706	0.11100717	0.3511046	0.27082673	0.23536393	0.36686045	0.02076216	0.2229156	10	0.25299197	0.13802552	0.54106003	Binding_RAL	0.1523166	0.08309978	0.32575116
G74E	G74E	74	74	0.19627126	0.13696697	0.17250459	0.17089094	0.32940397	0.2680583	0.07638352	0.21782649	0.36653867	0.15709262	10	0.20919374	0.089005284	0.3489007	Binding_RAL	0.12594739	0.05358661	0.21005951
G74F	G74F	74	74	-0.15401831	-0.16597684	-0.23174544	-0.29135758	-0.16404091	-0.005636537	-0.10119839	-0.24016969	-0.17879367	-0.1942223	10	-0.17271596	0.07895874	0.30951828	Binding_RAL	-0.10398554	0.04753798	0.18634889
G74H	G74H	74	74	-0.13000098	-0.39284942	-0.34721363	-0.13293383	-0.19213247	-0.45205632	-0.3384697	-0.2992426	-0.34351724	-0.35215262	10	-0.2980569	0.10978455	0.43035546	Binding_RAL	-0.17944843	0.06609699	0.2591002
G74I	G74I	74	74	-0.06941325	-0.2900192	-0.08614053	-0.13991323	0.40036967	0.29067856	0.19770652	0.1194752	0.04608809	-0.02896346	10	0.04398684	0.2102094	0.82402086	Binding_RAL	0.026482759	0.12655887	0.49611077
G74K	G74K	74	74	0.518972	0.33402878	0.43778682	0.3859131	0.3860051	0.3652757	0.30504066	0.49292082	0.42230695	0.48690957	10	0.41351596	0.07103213	0.27844596	Binding_RAL	0.24896182	0.042765673	0.16764145
G74L	G74L	74	74	0.55255795	0.40981087	0.4528277	0.4579394	0.3655884	0.40649855	0.5100074	0.5984561	0.48793167	0.4945012	10	0.47361192	0.070479356	0.2762791	Binding_RAL	0.28514326	0.04243287	0.16633685
G74M	G74M	74	74	0.3460483	0.22093755	0.29176575	0.20389189	0.27143964	0.121943265	0.26198056	0.1510552	0.20522408	0.16768338	10	0.22419696	0.069004804	0.27049884	Binding_RAL	0.13498023	0.0415451	0.1628568
G74N	G74N	74	74	-0.093772575	-0.29447013	-0.47297016	0.020233369	-0.11974115	-0.09598948	-0.24543452	-0.15694165	-0.20023635	-0.33811828	10	-0.1997441	0.14278124	0.55970246	Binding_RAL	-0.12025813	0.08596301	0.336975
G74P	G74P	74	74	0.21162431	0.12661532	-0.070129246	0.0628979	0.10016529	0.12291234	0.0769806	0.24264993	0.30274886	0.277274	10	0.14537393	0.11393859	0.4466393	Binding_RAL	0.08752397	0.06859798	0.2689041
G74Q	G74Q	74	74	-0.05051983	-0.16195011	0.014130351	0.0006965253	0.08104108	0.041100375	0.11438371	0.08167305	-0.011764568	0.09099112	10	0.01997817	0.0826087	0.3238261	Binding_RAL	0.012028076	0.049735475	0.19496307
G74R	G74R	74	74	0.39403084	0.33105725	0.40518862	0.45090407	0.44552577	0.40870634	0.33741423	0.3260945	0.38054582	0.45043644	10	0.3929904	0.04872283	0.1909935	Binding_RAL	0.23660418	0.029334115	0.114989735
G74S	G74S	74	74	0.11189107	-0.014212552	0.025280463	0.12295413	0.08660649	0.030981874	0.18884893	0.061959688	0.09962514	0.11037797	10	0.082431324	0.058310613	0.22857761	Binding_RAL	0.049628682	0.035106543	0.13761765
G74T	G74T	74	74	-0.10302145	-0.056286905	-0.21152571	-0.12817918	-0.3073976	-0.059744705	-0.3284036	-0.13852307	-0.15925711	-0.1287069	10	-0.16210464	0.093810774	0.36773825	Binding_RAL	-0.09759688	0.056479808	0.22140086
G74V	G74V	74	74	0.041835815	-0.0336322	0.15992793	0.105683334	0.1194554	0.07761666	0.020804556	0.0073705083	-0.017626973	-0.0953144	10	0.03861206	0.07809894	0.30614784	Binding_RAL	0.023246815	0.047020324	0.18431967
G74W	G74W	74	74	-0.21320824	-0.09185933	-0.08318862	-0.10447081	-0.010300071	-0.025885656	-0.183452	0.0013258725	0.031694733	0.019444427	10	-0.06598997	0.084326625	0.3305604	Binding_RAL	-0.039729986	0.05076977	0.1990175
G74Y	G74Y	74	74	0.0794582	0.2023099	0.26026013	-0.02300155	0.036546413	0.15418966	0.034674	0.14558649	0.14550465	-0.539711	10	0.049581695	0.22382812	0.87740624	Binding_RAL	0.029851204	0.13475817	0.52825207
G76A	G76A	76	76	-0.42650047	-0.5680298	-0.5849575	-0.42783895	-0.47770795	-0.49721283	-0.3572035	-0.5505212	-0.7368422	-0.36062342	10	-0.49874377	0.11614524	0.45528933	Binding_RAL	-0.30027416	0.069926515	0.27411196
G76C	G76C	76	76	-0.44631556	-0.7827756	-0.66693074	-0.7183378	-0.6316632	-0.73523635	-0.45818922	-0.66371167	-0.7131813	-0.69345134	10	-0.6509793	0.112804934	0.44219536	Binding_RAL	-0.3919292	0.06791545	0.26622856
G76D	G76D	76	76	0.897673	0.53488487	1.0806042	0.5420057	1.1351215	0.31285092	0.6979646	1.5005287	0.90223306	0.7540469	10	0.8357914	0.345712	1.3551911	Binding_RAL	0.5031974	0.2081397	0.81590766
G76E	G76E	76	76	1.5720389	2.5166783	1.693156	2.2837977	1.8931497	0.61776847	1.7359663	1.1401038	1.5913123	1.3817075	10	1.642568	0.54033446	2.1181111	Binding_RAL	0.9889261	0.32531428	1.275232
G76F	G76F	76	76	-0.9355791	-1.3943771	-1.0796802	-1.6826618	-1.6480254	-1.8135668	-1.5098491	-1.478604	-1.4661984	-1.4157473	10	-1.4424288	0.26575854	1.0417736	Binding_RAL	-0.8684301	0.16000284	0.62721115
G76H	G76H	76	76	1.793677	1.4431086	0.7102795	1.572369	0.767356	1.2345736	1.7552195	1.4306364	1.4037231	1.0809089	10	1.319185	0.37320113	1.4629484	Binding_RAL	0.7942298	0.22468984	0.8807842
G76I	G76I	76	76	-0.5065814	-0.6757892	-0.5310877	-1.1046052	-1.0333614	-1.0813227	-1.0188875	-0.51012516	-1.1570988	-0.98375535	10	-0.86026144	0.2702121	1.0592315	Binding_RAL	-0.51792985	0.16268417	0.63772196
G76K	G76K	76	76	1.0283352	0.7599993	0.43866575	0.3210773	1.3219925	1.3173814	0.81637096	1.1743095	1.4904594	1.157634	10	0.9826225	0.38949087	1.5268042	Binding_RAL	0.5915987	0.23449725	0.9192292
G76L	G76L	76	76	-0.5305832	-0.7255818	-0.6695437	-0.5678902	-0.60195607	-0.66166484	-0.69753504	-0.79627687	-0.6674907	-0.5855725	10	-0.6504095	0.08003672	0.31374395	Binding_RAL	-0.39158618	0.048186988	0.18889299
G76M	G76M	76	76	-0.17068376	-0.24551325	-0.3592165	-0.38172984	-0.31804243	-0.44476405	-0.17676698	-0.53089243	-0.18140627	-0.469648	10	-0.32786638	0.1311222	0.51399904	Binding_RAL	-0.19739555	0.07894356	0.30945876
G76N	G76N	76	76	0.31494027	1.483191	-0.0052200193	0.5020922	0.1762131	0.081303276	0.16426262	0.29446298	0.4580946	-0.07043846	10	0.33989015	0.44247758	1.7345122	Binding_RAL	0.20463459	0.2663985	1.0442821
G76P	G76P	76	76	1.5681752	1.4472517	1.4547855	1.1553196	1.4666868	0.9651871	0.6768222	1.6194063	0.6101302	1.2325742	10	1.2196338	0.36280185	1.4221833	Binding_RAL	0.73429394	0.21842884	0.85624105
G76Q	G76Q	76	76	1.6167595	2.2046866	2.4216127	1.8122156	2.0509415	0.8056417	1.9531823	1.8639687	2.119023	2.0950165	10	1.8943049	0.44260004	1.7349921	Binding_RAL	1.1404871	0.26647222	1.0445712
G76R	G76R	76	76	1.7779553	1.2060105	2.1498137	1.7648468	1.195394	1.5109009	0.94031423	2.4756572	1.5673712	0.98764145	10	1.5575906	0.49978137	1.959143	Binding_RAL	0.9377645	0.30089885	1.1795235
G76S	G76S	76	76	-0.17668712	-0.2022388	-0.030507883	-0.1987672	-0.48752213	-0.12964344	-0.12522788	-0.17040837	0.24564104	-0.3153202	10	-0.1590682	0.18812044	0.7374321	Binding_RAL	-0.09576876	0.11325998	0.4439791
G76T	G76T	76	76	-0.3751067	0.10848626	-0.20867568	-0.16143194	-0.34899735	-0.5999899	-0.18284775	0.047282506	-0.11168395	-0.34712744	10	-0.21800919	0.21008642	0.8235388	Binding_RAL	-0.13125482	0.12648484	0.49582058
G76V	G76V	76	76	-1.282315	-0.8946776	-1.051235	-0.85172015	-1.1411936	-0.928848	-1.218156	-1.2695464	-0.9286572	-1.1224368	10	-1.0688785	0.16100036	0.6311214	Binding_RAL	-0.6435301	0.09693203	0.37997356
G76W	G76W	76	76	-0.213517	-0.31991836	-0.21559575	-0.06469702	-0.07613646	-0.41801888	-0.15783125	-0.5102592	-0.35781276	-0.52073836	10	-0.28545249	0.1662606	0.65174156	Binding_RAL	-0.1718598	0.10009902	0.39238816
G76Y	G76Y	76	76	-0.53069496	-0.24481745	-0.8847602	-0.43651557	-0.74681044	-0.52079016	-0.4123986	-0.7663594	-0.3877833	-0.662788	10	-0.5593718	0.20053881	0.7861122	Binding_RAL	-0.33677596	0.12073659	0.47328743
G9A	G9A	9	9	0.053608228	-0.15694182	-0.17003837	-0.026945744	-0.26688722	-0.14605573	-0.5390647	0.12735729	0.09218095	-0.2410912	10	-0.12738784	0.20023905	0.7849371	Binding_RAL	-0.07669525	0.120556116	0.47258
G9C	G9C	9	9	0.24057114	0.061881173	-0.13989873	-0.16784132	0.17793353	0.16382916	-0.04966606	-0.0073808585	0.15746287	-0.24778503	10	0.01891059	0.16769135	0.6573501	Binding_RAL	0.011385328	0.10096042	0.39576486
G9D	G9D	9	9	1.037039	1.0663586	0.45273855	1.1562918	1.6168402	1.1967447	0.4079742	0.81113577	1.7023716	1.6340199	10	1.1081514	0.4610859	1.8074567	Binding_RAL	0.66717476	0.2776018	1.0881991
G9E	G9E	9	9	1.0096632	1.3091646	0.9776414	1.3286244	1.6672426	1.4091386	1.4456822	1.648013	1.0410135	1.4912045	10	1.3327388	0.25191346	0.9875008	Binding_RAL	0.80239	0.15166727	0.5945357
G9F	G9F	9	9	1.3692683	1.0339782	1.0353676	1.4289614	1.4860429	1.3926004	1.8192251	1.2957529	1.3279862	1.4810001	10	1.3670182	0.22697435	0.88973945	Binding_RAL	0.8230283	0.1366524	0.5356774
G9H	G9H	9	9	0.830407	1.1059377	1.2299249	1.2844085	1.0334578	1.1011504	0.84693813	1.0652636	0.9449041	0.85828054	10	1.0300672	0.15876463	0.62235737	Binding_RAL	0.62016326	0.09558599	0.3746971
G9I	G9I	9	9	0.3851443	1.2790543	1.1574007	1.0282186	0.06518467	1.1857349	1.0397648	0.40486637	0.9422869	1.1688578	10	0.8656513	0.421239	1.6512569	Binding_RAL	0.52117485	0.25361156	0.9941574
G9K	G9K	9	9	0.22356878	1.1451473	0.055567093	0.28066716	0.050976522	0.30685154	0.44355997	0.19935954	0.71328527	1.0733367	10	0.449232	0.3970988	1.5566274	Binding_RAL	0.27046508	0.2390777	0.93718463
G9L	G9L	9	9	1.2848395	1.8326921	1.4966086	1.7233999	1.1954552	1.0714029	1.3909398	1.5193079	1.6188186	1.3041817	10	1.4437647	0.23954715	0.93902487	Binding_RAL	0.8692344	0.14422199	0.56535023
G9M	G9M	9	9	1.4330244	0.40466183	1.420332	1.2917893	1.1426009	0.7934087	1.194009	1.486361	1.407025	1.4233319	10	1.1996545	0.34756607	1.3624591	Binding_RAL	0.7222651	0.20925596	0.8202834
G9N	G9N	9	9	1.3214606	1.1641731	1.6987398	2.2654765	0.85859966	1.3872741	1.1884549	1.1725742	1.7978901	1.9945681	10	1.4849211	0.4383732	1.718423	Binding_RAL	0.89401305	0.2639274	1.0345954
G9P	G9P	9	9	1.3234748	0.94564533	0.8278747	1.086053	0.8190055	1.472872	0.6691906	0.16537017	0.9011895	1.4297054	10	0.9640382	0.39278337	1.5397109	Binding_RAL	0.58040977	0.23647954	0.9269998
G9Q	G9Q	9	9	-0.3790484	0.13248646	-0.10966448	-0.26173618	0.26946115	0.2896376	-0.13352762	0.093019426	-0.060154896	0.40738234	10	0.024785535	0.25564292	1.0021203	Binding_RAL	0.014922404	0.15391262	0.60333747
G9R	G9R	9	9	0.668412	1.0250643	1.0942099	2.0894125	1.5522178	1.4445425	1.1385041	1.6689136	1.7926229	1.6043363	10	1.4078236	0.42239234	1.655778	Binding_RAL	0.84759563	0.25430593	0.9968793
G9S	G9S	9	9	0.24806294	0.16901007	-0.030753188	-0.07366692	0.55682695	0.41932783	0.1221061	0.490401	0.3731468	0.29583308	10	0.25702947	0.21183893	0.83040863	Binding_RAL	0.15474741	0.12753995	0.4999566
G9T	G9T	9	9	1.0845002	1.3759475	1.3337092	1.2621192	0.5391307	0.95555055	0.9544852	1.2535717	0.9404764	1.3529749	10	1.1052465	0.26387236	1.0343796	Binding_RAL	0.66542584	0.15886724	0.6227596
G9V	G9V	9	9	1.6671717	1.9217696	1.603158	2.62693	1.515603	1.4915298	1.326419	1.4588028	2.4683588	1.6595149	10	1.7739258	0.43860915	1.719348	Binding_RAL	1.0680115	0.26406947	1.0351523
G9W	G9W	9	9	0.9735231	1.5606608	1.3855561	1.4407649	1.6722802	1.1290796	1.6400957	1.855766	1.0869087	0.9950884	10	1.3739723	0.31228068	1.2241403	Binding_RAL	0.8272151	0.18801202	0.73700714
G9Y	G9Y	9	9	1.3511329	0.8719496	0.48764014	1.5102469	1.404502	1.3968825	1.3233324	1.5522932	1.5375564	0.53177065	10	1.1967307	0.41020876	1.6080184	Binding_RAL	0.7205049	0.24697068	0.9681251
H165A	H165A	165	165	0.15553479	0.07881508	-0.072901554	0.11194319	-0.17809026	-0.04011176	0.14946772	0.01864809	0.15028794	0.16759208	10	0.054118533	0.118156046	0.46317172	Binding_RAL	0.032582656	0.071137145	0.27885762
H165C	H165C	165	165	-0.075428724	-0.048186164	-0.1449649	0.20180711	0.08562989	0.08712293	0.036382522	0.073095046	-0.1158445	-0.11628685	10	-0.0016673661	0.11462817	0.44934246	Binding_RAL	-0.0010038561	0.06901315	0.27053154
H165D	H165D	165	165	-0.085901305	-0.25641903	-0.02267627	0.12180957	0.036468975	0.060057156	-0.015768295	0.2314292	-0.041668802	-0.0901489	10	-0.0062817684	0.13194907	0.51724035	Binding_RAL	-0.0037820076	0.07944138	0.31141022
H165E	H165E	165	165	-0.095243484	-0.032088507	-0.14565185	-0.08298823	-0.020030305	-0.17877491	-0.23276146	-0.09824628	-0.11753279	0.09725996	10	-0.09060579	0.09163562	0.35921165	Binding_RAL	-0.05455021	0.05517023	0.2162673
H165F	H165F	165	165	0.040197015	0.08335525	0.12657088	0.023086794	0.063305035	0.19742402	-0.09137566	-0.12624246	-0.030796815	-0.3091573	10	-0.0023633242	0.14485946	0.5678491	Binding_RAL	-0.0014228652	0.08721423	0.34187979
H165G	H165G	165	165	0.3855024	-0.36888388	-0.37643084	-0.21552692	-0.12840524	-0.11190661	0.03950618	0.13146484	0.2941781	0.1419569	10	-0.020854503	0.2631091	1.0313877	Binding_RAL	-0.012555682	0.15840772	0.62095827
H165I	H165I	165	165	0.033287015	0.08379868	-0.20131433	-0.024585882	0.09934125	0.024693495	0.19242214	0.11783158	0.11730719	0.20710683	10	0.06498879	0.11788411	0.46210572	Binding_RAL	0.039127216	0.07097342	0.2782158
H165K	H165K	165	165	-0.09653121	-0.30827022	-0.13547716	-0.10287959	0.041296493	0.11689132	-0.18280038	-0.3967547	-0.383062	-0.19444518	10	-0.16420326	0.16812848	0.65906364	Binding_RAL	-0.098860376	0.101223595	0.3967965
H165L	H165L	165	165	-0.16326587	-0.18886451	-0.08149916	-0.14549568	-0.08304343	-0.08602	-0.056188755	-0.08977773	-0.06092302	-0.017931124	10	-0.09730093	0.052713014	0.20663501	Binding_RAL	-0.058581095	0.03173645	0.12440688
H165M	H165M	165	165	-0.02241682	0.04279079	-0.1818756	-0.13156326	-0.07449573	-0.23874867	-0.12023539	-0.34354904	0.022463316	-0.14620993	10	-0.11938403	0.11884196	0.4658605	Binding_RAL	-0.071876466	0.07155011	0.28047642
H165N	H165N	165	165	-0.1281398	0.1427537	0.25914964	0.1953857	-0.23394981	0.24021395	0.043911405	0.19603565	0.044637464	-0.06863289	10	0.06913649	0.1679386	0.65831935	Binding_RAL	0.041624386	0.10110928	0.3963484
H165P	H165P	165	165	-0.16758108	-0.026984632	-0.21949674	-0.04549599	0.13664077	-0.09455859	0.16570733	-0.0013107072	0.07436693	-0.040133744	10	-0.021884646	0.12314614	0.48273286	Binding_RAL	-0.013175892	0.07414149	0.29063463
H165Q	H165Q	165	165	-0.19139688	-0.02622542	-0.0021631266	-0.07709546	-0.060651008	-0.17427212	0.19112884	0.11344782	0.059946768	-0.0805133	10	-0.024779385	0.1204873	0.47231025	Binding_RAL	-0.014918701	0.0725407	0.28435954
H165R	H165R	165	165	-0.00457218	0.028662855	-0.072651565	-0.029111233	-0.058671314	-0.038884714	-0.0022529732	0.051746137	-0.021512797	0.007865732	10	-0.013938205	0.038278505	0.15005174	Binding_RAL	-0.008391649	0.023045994	0.0903403
H165S	H165S	165	165	-0.09596658	0.022915823	-0.01829893	0.016882183	-0.085448176	0.12157917	-0.16078933	0.037037313	-0.07182591	0.1085988	10	-0.012531562	0.09131429	0.35795203	Binding_RAL	-0.0075447643	0.054976773	0.21550895
H165T	H165T	165	165	0.07138686	0.1372695	0.35074577	0.033460274	-0.10001547	-0.12581149	-0.2698529	-0.075346656	-0.09568437	-6.876238e-05	10	-0.007391721	0.17030028	0.6675771	Binding_RAL	-0.0044502667	0.10253115	0.4019221
H165V	H165V	165	165	-0.11658736	-0.12274309	-0.016976383	0.10788851	-0.20697317	-0.17215128	-0.0289353	-0.03157495	-0.11155581	-0.103038825	10	-0.08026477	0.090389386	0.3543264	Binding_RAL	-0.048324287	0.05441992	0.2133261
H165W	H165W	165	165	0.16704646	-0.151949	-0.027171714	0.0132618975	0.20892072	0.10619575	-0.20793045	0.07550083	0.04334681	0.046703674	10	0.027392497	0.130096	0.5099763	Binding_RAL	0.016491953	0.078325726	0.30703685
H165Y	H165Y	165	165	0.029380035	-0.010703365	0.17236413	0.07703583	0.049585987	0.14482926	0.04863001	0.14891316	0.15970685	0.18524916	10	0.10049911	0.06945724	0.27227238	Binding_RAL	0.06050659	0.041817494	0.16392457
H26A	H26A	26	26	-0.19375221	-0.15315534	-0.03585169	-0.05522697	-0.028484676	-0.038895737	-0.09777264	-0.14957514	0.018971262	-0.06091339	10	-0.07946565	0.06709094	0.2629965	Binding_RAL	-0.047843166	0.04039284	0.15833993
H26C	H26C	26	26	0.16836183	-0.012046664	0.021240134	0.013601897	0.07429076	0.045719914	0.17400543	0.059471354	0.047924384	0.07668929	10	0.06692584	0.061407983	0.2407193	Binding_RAL	0.040293436	0.03697135	0.1449277
H26D	H26D	26	26	0.1515212	0.15702406	0.16049528	0.018243441	0.12035394	0.06417101	-0.023200622	0.08897221	0.08376161	0.14718403	10	0.096852615	0.06292761	0.24667624	Binding_RAL	0.05831118	0.03788626	0.14851414
H26E	H26E	26	26	0.12174291	0.14283003	0.18036033	0.14639707	0.19134173	0.09077865	0.27836582	0.14595462	0.08538813	0.27420056	10	0.16573599	0.06718078	0.26334867	Binding_RAL	0.099783175	0.040446926	0.15855195
H26F	H26F	26	26	-0.22896212	-0.26069888	-0.21276689	-0.07897671	-0.205488	-0.20570853	-0.28339016	-0.27561417	-0.29349893	-0.20499949	10	-0.2250104	0.061984554	0.24297945	Binding_RAL	-0.13546997	0.03731848	0.14628844
H26G	H26G	26	26	0.033397306	0.00804487	-0.0810031	0.14929663	0.0077716615	-0.03230047	0.114517085	-0.10756531	-0.064368375	-0.007028167	10	0.0020762119	0.08162845	0.31998354	Binding_RAL	0.0012500061	0.049145304	0.19264959
H26I	H26I	26	26	0.099609	-0.17847256	0.12527117	0.2427601	0.0968753	0.042198904	0.03353526	0.08711207	0.12402624	-0.04860376	10	0.062431168	0.11306181	0.4432023	Binding_RAL	0.03758737	0.0680701	0.2668348
H26K	H26K	26	26	-0.13776603	-0.11912345	-0.30528176	-0.094625354	0.0053548496	-0.26545727	-0.09089933	-0.2059047	-0.27244207	-0.3278108	10	-0.18139559	0.11010977	0.4316303	Binding_RAL	-0.10921121	0.06629279	0.25986776
H26L	H26L	26	26	-0.11024573	-0.0683586	-0.008160277	0.027518673	-0.17120029	0.031159982	-0.12988079	-0.0542822	-0.055037137	-0.06498942	10	-0.06034758	0.06547379	0.25665724	Binding_RAL	-0.036332924	0.03941921	0.15452331
H26M	H26M	26	26	-0.38383633	-0.36017805	-0.363652	-0.46060655	-0.26749128	-0.17992355	-0.22931093	-0.32122037	-0.34915012	-0.35761523	10	-0.32729846	0.081446365	0.31926975	Binding_RAL	-0.19705363	0.049035676	0.19221985
H26N	H26N	26	26	-0.07699884	-0.044938333	-0.13334179	-0.015460937	-0.0070571755	-0.063950226	-0.007985429	-0.21162923	0.07526239	0.104183726	10	-0.038191583	0.092430264	0.36232665	Binding_RAL	-0.022993661	0.055648655	0.21814273
H26P	H26P	26	26	2.1746914	2.3590071	1.7102195	1.6441944	1.9509077	2.1114118	2.0255373	2.2610052	1.8380355	1.9927096	10	2.006772	0.23079552	0.90471846	Binding_RAL	1.2081991	0.13895297	0.5446957
H26Q	H26Q	26	26	-0.14905232	-0.3573572	-0.21434574	-0.08177799	-0.09740452	-0.2906536	-0.047291797	-0.034481935	-0.02209491	-0.062140692	10	-0.13566008	0.11559425	0.45312947	Binding_RAL	-0.08167564	0.069594786	0.27281156
H26R	H26R	26	26	-0.059387505	-0.14676069	-0.06710302	-0.059630487	0.03333219	-0.021296572	-0.08031624	-0.092176065	-0.04717737	-0.047905568	10	-0.05884213	0.046586324	0.1826184	Binding_RAL	-0.03542655	0.028047808	0.109947406
H26S	H26S	26	26	-0.044535574	-0.030602805	0.08321825	0.111421004	0.07276953	0.016531676	0.02467212	-0.056850653	-0.006630894	-0.03394107	10	0.013605158	0.058702867	0.23011525	Binding_RAL	0.008191135	0.035342705	0.1385434
H26T	H26T	26	26	0.21346352	0.077683814	0.03340342	0.1956627	0.33716598	0.20321408	0.042919442	0.1355997	0.08183929	0.15422158	10	0.14751735	0.09373462	0.36743972	Binding_RAL	0.088814445	0.056433957	0.22122112
H26V	H26V	26	26	0.20478083	0.113691516	0.27044612	0.08257844	0.19319074	0.32738853	0.32999012	0.30439457	0.2466001	0.15864505	10	0.22317061	0.08743593	0.34274885	Binding_RAL	0.13436231	0.05264176	0.2063557
H26W	H26W	26	26	-0.1686783	-0.18735117	-0.43770832	-0.22788754	-0.31576303	-0.14485575	-0.42064968	-0.20166697	-0.21742326	-0.114381954	10	-0.24363661	0.111628115	0.43758222	Binding_RAL	-0.1466841	0.067206934	0.2634512
H26Y	H26Y	26	26	-0.22054125	-0.25102156	-0.29930547	-0.30373475	-0.28012782	-0.30220777	-0.20169222	-0.09560054	-0.28208652	-0.34859392	10	-0.25849122	0.07150974	0.2803182	Binding_RAL	-0.15562747	0.043053225	0.16876864
H93L	H93L	93	93	-0.58551896	-0.25121182	-0.39571393	-0.8041789	-0.4823186	-0.3898726	-0.6143931	-0.72707963	-0.3084245	-0.56924397	10	-0.51279557	0.17936917	0.70312715	Binding_RAL	-0.3087342	0.107991174	0.42332542
H93Q	H93Q	93	93	-0.39782006	-0.47102547	-0.1939188	0.42722097	0.13730282	-0.40369645	-0.38196343	-0.40588224	-0.39106107	-0.22535555	10	-0.23061994	0.29146484	1.1425421	Binding_RAL	-0.13884726	0.1754796	0.68788004
H93R	H93R	93	93	-0.36017227	-0.7490906	-0.5218015	-0.31263956	-0.09501948	-0.029327774	-0.18599005	-0.020462174	-0.6275311	0.16062354	10	-0.2741411	0.29322776	1.1494528	Binding_RAL	-0.16504966	0.17654099	0.6920407
H94A	H94A	94	94	-0.33110937	-0.44135904	-0.3475266	0.00993642	-0.039699875	0.0006342729	0.034047443	0.22787297	0.096818134	0.0084349075	10	-0.07819508	0.2181403	0.85511	Binding_RAL	-0.047078207	0.13133377	0.5148284
H94D	H94D	94	94	-0.0015130517	-0.1560862				0.045435715	0.14188933	0.17922254	0.14057662	0.41376776	7	0.10904181	0.17626572	0.6909616	Binding_RAL	0.065649815	0.10612271	0.41600102
H94G	H94G	94	94	-0.2524049	-0.056343477	0.083985865	-0.15632026	0.2732765	-0.13216805	-0.108738534			-0.1942312	8	-0.06786801	0.17038704	0.66791725	Binding_RAL	-0.04086068	0.10258339	0.4021269
H94K	H94K	94	94		-0.6209492	0.019390307	-0.3982313	-0.19417042	-0.04654627	-0.77882713	-0.25348526			7	-0.32468846	0.2936208	1.1509936	Binding_RAL	-0.19548225	0.17677762	0.69296825
H94L	H94L	94	94	0.018745469	-0.056694515	-0.2050539	-0.36017784	0.059615623	-0.08350955	0.01848236	0.13805462	-0.079019725	-0.17597629	10	-0.072553374	0.14523591	0.5693248	Binding_RAL	-0.043681554	0.08744087	0.34276822
H94N	H94N	94	94	0.17491801	-0.09063579	-0.34492543	-0.24896023	0.09331379	0.30389428	0.0141067095	-0.17545468	-0.5468434	-0.07938177	10	-0.08999685	0.25301588	0.99182224	Binding_RAL	-0.05418359	0.15233098	0.59713745
H94P	H94P	94	94	0.6791215	0.23780851	1.2476612	0.3280596	0.9280583	-0.12033575	0.91629136				7	0.6023807	0.47563395	1.8644851	Binding_RAL	0.36266991	0.28636065	1.1225338
H94Q	H94Q	94	94	-0.38010567	0.20070395	-0.04595182	-0.30578914	-0.1979894	-0.23807116				-0.3268829	7	-0.18486945	0.20160773	0.79030234	Binding_RAL	-0.11130268	0.12138015	0.4758102
H94R	H94R	94	94	-0.3176266	-0.19751987	-0.32095662	-0.30966085	-0.23242936	-0.37128225	-0.26397535	-0.2798069	-0.33084163	-0.3900986	10	-0.3014198	0.05939199	0.2328166	Binding_RAL	-0.18147309	0.0357576	0.1401698
H94Y	H94Y	94	94	-0.027636148	-0.2270204	-0.17668577	0.114332356	-0.19596787	-0.1374702	-0.019258382	0.09699853	-0.17430116		9	-0.083001	0.12847725	0.5036308	Binding_RAL	-0.049971666	0.07735114	0.30321646
I138A	I138A	138	138	-0.42607728	-0.2512177	-0.40247726	-0.48749322	-0.20527656	-0.4159649	-0.4313628	-0.23898572	-0.23425454	-0.43393123	10	-0.35270414	0.106360294	0.41693237	Binding_RAL	-0.2123494	0.06403538	0.2510187
I138C	I138C	138	138	-0.59972376	-0.38675365	-1.07607	-0.2747131	-0.17657863	-0.43148565	-0.38239735	-0.196551	-0.07790323	0.036992338	10	-0.35651842	0.31291538	1.2266283	Binding_RAL	-0.21464583	0.18839414	0.73850507
I138D	I138D	138	138		-0.50463986	-0.95873415	-0.30374342	-0.6789665	-0.17023633	-0.22932132	-0.8974674	-0.36075824	0.50877434	9	-0.3994548	0.44258127	1.7349186	Binding_RAL	-0.24049614	0.2664609	1.0445267
I138E	I138E	138	138		-0.73996943	-0.7286122	-1.0122052	-0.28579095	-1.2102246	-1.2997364	-0.8793045			7	-0.87940615	0.34115353	1.3373219	Binding_RAL	-0.52945614	0.20539522	0.80514926
I138F	I138F	138	138			-0.22100148	-0.28222966	-0.5451116	-0.31630045	-0.2338804	-0.15489498	-0.46042195	-0.0024465555	8	-0.2770359	0.17003515	0.6665378	Binding_RAL	-0.1667925	0.10237153	0.4012964
I138G	I138G	138	138	-0.72936636	-0.81338364	-0.5187854	-0.5406803	-0.5663801	-0.75305337	-0.6804452	-0.58515227	-0.4731819	-0.6410221	10	-0.6301451	0.111708336	0.4378967	Binding_RAL	-0.37938577	0.06725523	0.2636405
I138H	I138H	138	138		-0.030812165	-0.27347302	0.47341585	0.14127032	-0.27498496	-0.264207	0.059060864			7	-0.024247155	0.2782719	1.0908259	Binding_RAL	-0.014598265	0.16753666	0.6567437
I138K	I138K	138	138	-0.03216427	-0.4709723	-0.28513178	-0.6190373	-0.18774776	-0.7088102	-0.36728215	-0.30266073	-0.19127093	-0.17380406	10	-0.33388814	0.21173805	0.83001316	Binding_RAL	-0.20102102	0.12747921	0.49971852
I138L	I138L	138	138	-0.4321359	-0.739602	-0.37975994	-0.26686245	-1.1011072	-0.37361005	-0.24328272	-0.46945772	-0.5691325	-0.51838535	10	-0.50933355	0.25368673	0.994452	Binding_RAL	-0.30664986	0.15273488	0.5987207
I138M	I138M	138	138	-0.15364775	-0.055515796	-0.22364081	-0.3411046	-1.4795867	-1.0508565		0.09661418	-0.06017073	-0.2920455	9	-0.39555046	0.5216125	2.0447211	Binding_RAL	-0.2381455	0.31404254	1.2310468
I138N	I138N	138	138	-0.25175706	-0.29209134	-0.141925	-0.77034926	-0.6691666		-0.17039773	-0.4703174	-0.5568858	-0.56192297	9	-0.4316459	0.22619487	0.88668394	Binding_RAL	-0.25987715	0.13618311	0.5338378
I138Q	I138Q	138	138	-1.2109729	-0.53273696	-1.1394879	-0.7196306	-0.47147983				-0.90550554	-0.74800164	7	-0.8182593	0.28327444	1.1104358	Binding_RAL	-0.492642	0.17054848	0.6685501
I138R	I138R	138	138	-0.6686543	-0.7958406	-0.38594112	-0.70763856	-0.5559167	-0.5195204	-0.4227284	-0.7229905	-0.3936204	-0.2808577	10	-0.5453709	0.17322026	0.67902344	Binding_RAL	-0.32834652	0.10428916	0.4088135
I138S	I138S	138	138	-0.19736464	-0.38924408	-0.15636307	-0.29484013	-0.2409255	-0.24469267	-0.36794773	-0.21260358	-0.21441352	-0.17576385	10	-0.2494159	0.07826775	0.3068096	Binding_RAL	-0.15016358	0.04712196	0.18471809
I138T	I138T	138	138	0.011127312	-0.431997	-0.10105568	-0.39115426	-0.2858022	-0.13124269	-0.2638911	-0.2152531	0.48342344	-0.20523474	10	-0.153108	0.2595376	1.0173874	Binding_RAL	-0.09218035	0.15625747	0.6125293
I138V	I138V	138	138	-0.13793567	-0.107287705	-0.34627214	-0.38434735	-0.1899809	0.101035446	-0.056248646	-0.06927943	-0.33738428	-0.28412423	10	-0.18118249	0.155889	0.61108494	Binding_RAL	-0.10908291	0.09385469	0.3679104
I138W	I138W	138	138	0.4023046	-0.018411338	0.16346301	0.27525693	-1.4106666	0.40288603				-0.24463236	7	-0.061399963	0.6390654	2.5051363	Binding_RAL	-0.03696652	0.38475633	1.5082449
I138Y	I138Y	138	138	-0.15160418	0.008130473	-0.13468334	-0.67363137	-0.5707173	-0.09981412	-0.50402474	-0.0967151	-0.5330502	-0.39418668	10	-0.31502965	0.2452059	0.96120715	Binding_RAL	-0.18966706	0.1476289	0.5787053
I141F	I141F	141	141	0.20622282	0.33349183	0.26893362	0.17474993	0.24320607	-0.037589695	0.16637951	0.26759169	0.3754903	0.1830595	10	0.21815357	0.113063954	0.44321072	Binding_RAL	0.13134176	0.068071395	0.26683986
I141H	I141H	141	141	-0.16070963	-0.2721465	-0.4449714	-0.44377372	-0.5492483	-0.15378533	0.2093586	-0.12416337	0.11410895	-0.22113396	10	-0.20464647	0.240951	0.9445279	Binding_RAL	-0.123209655	0.1450672	0.5686634
I141L	I141L	141	141	-0.15786995	-0.059719514	-0.1155306	-0.1439175	0.004033571	-0.18955348	-0.11502936	-0.15550278	-0.15797031	-0.18090862	10	-0.12719686	0.05944252	0.23301469	Binding_RAL	-0.07658026	0.035788022	0.14028905
I141M	I141M	141	141		-0.41798183	-0.812341	-1.0063014	0.20159794	-0.63838124	0.055566687	-1.0038568			7	-0.51738536	0.4886076	1.9153417	Binding_RAL	-0.31149754	0.29417157	1.1531526
I141N	I141N	141	141	-0.35333976	-0.6089892	-0.47582012	-0.49037188	-0.8182023	-0.250077	-1.1248122	-0.7128059	-1.2170564	-0.85789114	10	-0.69093657	0.31817958	1.247264	Binding_RAL	-0.41598594	0.1915635	0.75092894
I141P	I141P	141	141	-0.66963714	0.8022564	0.4058985	-0.5666873	-1.2441362	0.146507	-0.5671598	-0.94039804	-1.2690494	-0.4079307	10	-0.43103367	0.68898225	2.7008104	Binding_RAL	-0.25950855	0.41480932	1.6260525
I141S	I141S	141	141		-0.20775564	-0.17811611	-0.5540268	-0.21333228	-0.46592167	-0.5007664	-0.6839395	-0.76692116	-0.40354657	9	-0.44159183	0.21182406	0.83035034	Binding_RAL	-0.2658652	0.127531	0.49992156
I141T	I141T	141	141	-0.8285629	-1.2751484	-0.63875204	-0.45774218	-1.1546553	-0.07155404	-1.5011667	0.56592256	-0.58389467	-0.27811322	10	-0.6223667	0.6134645	2.4047809	Binding_RAL	-0.37470272	0.369343	1.4478246
I141V	I141V	141	141	-0.11823641	0.07986106	-0.09802103	-0.2724687		-0.19037174	-0.19505492	-0.029285774	-0.10383652	-0.24505349	9	-0.13027418	0.11036385	0.4326263	Binding_RAL	-0.078433	0.06644577	0.2604674
I141Y	I141Y	141	141	-0.2862076	-0.16946144	-0.053648982	-0.48601523	0.042539716				-0.192648	0.18779516	7	-0.13680662	0.22094439	0.86610204	Binding_RAL	-0.08236593	0.133022	0.5214462
I162F	I162F	162	162			-1.5759252	-1.4059165	0.60175914	-0.0007726959	-0.6952976	-0.527938	0.078527674		7	-0.50365186	0.79738355	3.1257436	Binding_RAL	-0.30322912	0.4800735	1.8818882
I162N	I162N	162	162	0.43135777	0.5466753	-0.06797925	0.36032104	-0.07004163				-0.36841756	0.3822049	7	0.1734458	0.34046772	1.3346335	Binding_RAL	0.10442495	0.20498233	0.80353075
I162R	I162R	162	162	1.2613621	1.2853441				1.2135154	1.1455028	1.3106377	1.1385398	1.1179563	7	1.2104083	0.07766642	0.30445236	Binding_RAL	0.7287396	0.04675992	0.18329889
I162S	I162S	162	162				-1.2370124	0.38033575	0.17632656	0.07593591	-1.3260206	-2.0543811	0.46343613	7	-0.50305426	1.0110929	3.9634843	Binding_RAL	-0.30286935	0.60873955	2.386259
I162T	I162T	162	162	0.022019299	-0.14073911	-0.21207923		0.32124537	0.098437496	-0.061667833	0.2262252	0.07841809	0.23314707	9	0.06277848	0.17964408	0.7042048	Binding_RAL	0.03779647	0.10815669	0.42397422
I162V	I162V	162	162	-0.25868678	0.14937295	-0.11609287	-0.20120025	-0.25929332	0.133968	-0.3925984	-0.78465265	0.10016386	-0.4665852	10	-0.20956048	0.29566547	1.1590086	Binding_RAL	-0.12616819	0.17800865	0.6977939
I186A	I186A	186	186	0.20946167	-0.3246977	-0.38740918	-0.41153008	-0.34144184				-0.65040374	-0.030427594	7	-0.2766355	0.28094742	1.101314	Binding_RAL	-0.16655144	0.16914748	0.6630581
I186E	I186E	186	186				-0.20175831	-0.849389	-0.5297084	-0.10326626	-1.0179327	-0.13472757	-0.44346693	7	-0.468607	0.35760233	1.4018011	Binding_RAL	-0.28213	0.2152984	0.84396976
I186F	I186F	186	186	-0.31440273	-0.1068679	0.5709222	0.38827422	-0.09306255	0.059869334	0.15682091	0.24402802	0.09838056	0.32509893	10	0.13290611	0.2629098	1.0306064	Binding_RAL	0.08001758	0.15828773	0.6204879
I186G	I186G	186	186	0.078700855	0.009593766	0.07549726	-0.69182444	-0.023895347	0.09050966	-0.35083243	-0.52289605	-0.7988099	-0.20034918	10	-0.23343055	0.33816698	1.3256146	Binding_RAL	-0.14053942	0.20359714	0.7981008
I186H	I186H	186	186	0.48823833	0.98342615	0.59384304	0.25843665	0.09494002	0.7840249				0.8684535	7	0.5816232	0.32528546	1.2751191	Binding_RAL	0.35017264	0.19584168	0.7676994
I186K	I186K	186	186	-0.3512446	-0.5811595	-0.22643158	-0.24958576	-0.085905544	-0.29718393	0.27902693	0.1266086	-0.20236422	0.1701985	10	-0.1418041	0.26522568	1.0396847	Binding_RAL	-0.08537471	0.15968204	0.6259536
I186L	I186L	186	186	-0.020201059	0.250694	-0.100986406	0.053842846	0.08211771	-0.33546248	0.018076174	-0.32280633	-0.21016726	-0.12997529	10	-0.071486816	0.18562871	0.7276646	Binding_RAL	-0.043039422	0.111759804	0.43809843
I186M	I186M	186	186	-0.4791762	-0.62508225	-0.5182979	-0.7110533	-0.6157952	-0.07501639	0.16057098	0.069240004	-0.44861832	-0.5478246	10	-0.37910533	0.31165105	1.2216722	Binding_RAL	-0.22824453	0.18763293	0.73552114
I186N	I186N	186	186	-0.62690693	-0.35182825	-0.6869253	-0.5633118	-0.30731422	-0.24453606	-0.5400346	-0.36321566	-0.5188766	-0.5665307	10	-0.47694802	0.14876558	0.58316106	Binding_RAL	-0.28715178	0.08956595	0.3510985
I186R	I186R	186	186	-0.009294122	0.106117286	0.14434306	0.35424975	0.03957023	-0.13237934	0.33390883	0.38500977	0.25953594	0.2548301	10	0.17358914	0.17238785	0.6757604	Binding_RAL	0.104511246	0.103787996	0.40684894
I186S	I186S	186	186	-0.5552457	-0.6883541	-0.081390254	-0.3825351	-0.13317448	-0.01700919	0.2838753	-0.27710956	-0.45476842	-0.6201	10	-0.29258114	0.30655566	1.2016982	Binding_RAL	-0.1761517	0.1845652	0.7234956
I186T	I186T	186	186	0.1956518	0.32015014	0.5325908	0.3372105	-0.19614905	-0.07707991	0.26427332	0.231189	-0.09470739	-0.34943318	10	0.11636959	0.279185	1.0944052	Binding_RAL	0.07006159	0.1680864	0.65889865
I186V	I186V	186	186	-0.16013105	-0.110127255	-0.053600173	-0.074952036	-0.22219159	-0.1807755	-0.14744152	0.00033596857	-0.17752242	-0.21577032	10	-0.13421759	0.07301155	0.28620526	Binding_RAL	-0.08080717	0.043957405	0.17231303
I186W	I186W	186	186	-0.49635512	-0.34353155	-0.27408937	0.1344063	0.7837237	0.84553504	0.40652904	-0.15136436	-0.5131916	-0.49910522	10	-0.010744303	0.5255916	2.0603192	Binding_RAL	-0.006468726	0.3164382	1.2404377
I186Y	I186Y	186	186	0.2564953	-0.056087945	0.06763734	0.024065886	-0.31487182	-0.31065497			-0.5623449	-0.27277604	8	-0.14606714	0.26449254	1.0368108	Binding_RAL	-0.087941326	0.15924063	0.6242233
I20A	I20A	20	20	0.25993043	0.3106301	0.37911645	0.41753814	0.35613117	0.3335739	0.3447524	0.3915957	0.2220525	0.36827686	10	0.33835977	0.060080025	0.2355137	Binding_RAL	0.20371321	0.03617184	0.14179361
I20C	I20C	20	20	-0.17006741	-0.13442129	-0.20894513	-0.04115404	-0.2817121	-0.14162245	-0.13379155	-0.25293478	-0.14680837	-0.12507062	10	-0.16365276	0.069130786	0.2709927	Binding_RAL	-0.098528944	0.041620947	0.16315411
I20D	I20D	20	20	0.62785274	0.7176064	0.6709392	0.60876435	0.66782886	0.5275718	0.64666164	0.6043672	0.6561519	0.6363527	10	0.63640964	0.05052735	0.19806722	Binding_RAL	0.3831574	0.030420545	0.11924854
I20E	I20E	20	20	-0.13440026	-0.04711383	-0.2998102	-0.18235542	-0.18869042	-0.14224279	-0.11194968	-0.21706936	-0.2150229	-0.0630166	10	-0.16016716	0.07643626	0.29963014	Binding_RAL	-0.0964304	0.04601929	0.18039562
I20F	I20F	20	20	1.3122892	1.1871088	1.0723025	1.1415031	1.1298535	1.165585	1.195338	1.174181	1.1634036	1.2384651	10	1.178003	0.06435756	0.25228164	Binding_RAL	0.7092296	0.038747173	0.15188892
I20G	I20G	20	20	0.24685948	0.31682265	0.20131488	0.22070897	0.29807016	0.29395628	0.264878	0.264487	0.26147088	0.29505408	10	0.26636225	0.03630378	0.14231083	Binding_RAL	0.16036631	0.02185709	0.0856798
I20H	I20H	20	20	0.7598719	0.7583451	0.6671641	0.68086654	0.7126712	0.5941052	0.7807492	0.7479586	0.73826396	0.68413776	10	0.7124134	0.056571137	0.22175886	Binding_RAL	0.42891628	0.034059275	0.13351236
I20K	I20K	20	20	0.6985409	0.58632743	0.60261536	0.57467943	0.5746315	0.549599	0.5986436	0.52844244	0.64277875	0.56771165	10	0.59239703	0.04847207	0.19001052	Binding_RAL	0.35665914	0.029183142	0.11439792
I20L	I20L	20	20	0.32726985	0.31506357	0.28301468	0.27633682	0.32529235	0.28600964	0.31728628	0.35069588	0.33273435	0.34097853	10	0.31546822	0.025563538	0.10020907	Binding_RAL	0.18993111	0.015390809	0.06033197
I20M	I20M	20	20	-0.016271861	0.16116941	0.08881112	0.082984276	0.06620411	0.14431144	0.074929096	0.056627505	0.023926703	0.24157019	10	0.092426196	0.07344431	0.2879017	Binding_RAL	0.055646207	0.04421795	0.17333438
I20N	I20N	20	20	-0.3855273	-0.34073368	-0.3343136	-0.28562608	-0.42745316	-0.35293436	-0.48148462	-0.3690982	-0.417461	-0.4940918	10	-0.38887236	0.06633374	0.26002827	Binding_RAL	-0.23412487	0.039936956	0.15655287
I20P	I20P	20	20	3.369717	3.7112756	3.0243294	3.0748868	3.0643058	3.4012184	3.2254295	3.83756	2.7737362	3.4095547	10	3.2892013	0.32468724	1.272774	Binding_RAL	1.9802997	0.19548152	0.76628757
I20Q	I20Q	20	20	0.045554228	-0.15858838	-0.20183213	0.08797597	0.016157884	0.13110834	-0.098604426	0.046609532	0.2159114	-0.030563405	10	0.005372902	0.13008988	0.5099523	Binding_RAL	0.0032348146	0.07832204	0.3070224
I20R	I20R	20	20	0.22505891	0.26844665	0.22897138	0.21651593	0.20458221	0.20185456	0.25610742	0.23117849	0.23636664	0.23182999	10	0.23009121	0.020684008	0.08108131	Binding_RAL	0.13852894	0.012453034	0.04881589
I20S	I20S	20	20	-0.032210812	0.026139127	0.03104685	0.040340878	-0.04923125	-0.0022914533	0.015913691	-0.020068778	-0.035327464	-0.009880308	10	-0.0035569514	0.030941132	0.12128924	Binding_RAL	-0.0021415015	0.018628448	0.07302352
I20T	I20T	20	20	-0.47631162	-0.4300515	-0.44960853	-0.4774848	-0.46719745	-0.4261589	-0.50247675	-0.37128648	-0.37267283	-0.51248884	10	-0.44857377	0.04890307	0.19170004	Binding_RAL	-0.27006876	0.02944263	0.11541511
I20V	I20V	20	20	-0.53910327	-0.45606363	-0.5105041	-0.49931788	-0.49596983	-0.3660373	-0.49715403	-0.42535353	-0.4433416	-0.4358967	10	-0.4668742	0.05105436	0.20013309	Binding_RAL	-0.28108674	0.030737836	0.12049232
I20W	I20W	20	20	1.2026387	1.1812057	1.1886299	1.1848689	1.2207277	1.2231396	1.1807201	1.2749206	1.2328917	1.1889001	10	1.2078643	0.030285496	0.118719146	Binding_RAL	0.72720796	0.018233715	0.07147616
I20Y	I20Y	20	20	0.7090484	0.6689625	0.67543966	0.7628967	0.71998453	0.7664772	0.787571	0.65508705	0.7711474	0.8021415	10	0.7318756	0.053169712	0.20842528	Binding_RAL	0.44063374	0.03201141	0.12548472
I23C	I23C	23	23	0.28161153	0.1688682	0.1401016	0.21426605	0.08067145	0.1879211	0.40158948	0.18503067	0.33209205	0.31022015	10	0.23023722	0.09838838	0.38568246	Binding_RAL	0.13861685	0.059235804	0.23220436
I23D	I23D	23	23	1.2241862	1.3078212	1.0459319	1.3146281	1.0924765	1.0916644	1.2491195	1.1736887	1.243001	1.2970326	10	1.2039549	0.09809171	0.3845195	Binding_RAL	0.7248543	0.059057187	0.23150417
I23E	I23E	23	23	1.2961413	1.072557	1.2867986	1.3156981	1.3270787	1.0949867	1.0659964	1.4420998	1.3128977	1.2761922	10	1.2490447	0.12677555	0.49696016	Binding_RAL	0.75200105	0.07632661	0.29920033
I23F	I23F	23	23	0.3535285	0.33342195	0.48782054	0.41667718	0.3460943	0.23779896	0.5115706	0.30558103	0.38979742	0.3711691	10	0.37534598	0.0816618	0.32011425	Binding_RAL	0.22598116	0.049165383	0.19272831
I23G	I23G	23	23	0.85140306	0.84127975	0.77175987	0.8332713	0.8802304	0.7782815	0.789335	0.85596	0.8886978	0.8497646	10	0.8339983	0.041082036	0.16104159	Binding_RAL	0.5021178	0.02473389	0.09695685
I23H	I23H	23	23	0.85320204	0.69896555	1.0050914	0.954739	0.8961212	0.986038	0.8918358	1.0462098	0.9037413	0.9662	10	0.92021435	0.09764859	0.3827825	Binding_RAL	0.5540252	0.058790404	0.2304584
I23K	I23K	23	23	1.451705	1.5586623	1.5123783	1.5829899	1.5180092	1.5711921	1.647823	1.3857764	1.5188454	1.3626448	10	1.5110028	0.088892296	0.3484578	Binding_RAL	0.90971583	0.053518582	0.20979285
I23L	I23L	23	23	0.2208651	0.074982695	0.35606298	0.2408158	0.18812288	0.16124403	0.3017005	0.09659294	0.19035147	0.01918665	10	0.18499249	0.10290215	0.40337643	Binding_RAL	0.11137676	0.06195337	0.24285722
I23M	I23M	23	23	-0.016168192	-0.16812783	-0.2311214	-0.111810215	-0.47036287	-0.22082163	-0.19683102	-0.046165742	-0.029851824	-0.06803184	10	-0.15592924	0.13650571	0.53510237	Binding_RAL	-0.09387891	0.08218476	0.32216427
I23N	I23N	23	23	0.54834235	0.3574446	0.3019562	0.40375212	0.42320976	0.49142042	0.4407501	0.3727706	0.50603867	0.5114258	10	0.43571106	0.07863317	0.30824202	Binding_RAL	0.26232463	0.04734196	0.18558049
I23P	I23P	23	23	2.311131	3.4480243	2.5350842	2.947404	2.8306031	2.4794436	3.0734017	2.0615587	2.5051525	2.9281905	10	2.7119994	0.40831637	1.6006002	Binding_RAL	1.632789	0.24583136	0.9636589
I23Q	I23Q	23	23	0.3327863	0.6130295	0.45286798	0.5091186	0.5038295	0.61508787	0.54033196	0.5557917	0.61864424	0.48129636	10	0.5222784	0.088507965	0.34695122	Binding_RAL	0.31444347	0.053287193	0.2088858
I23R	I23R	23	23	1.9767209	1.8272672	1.8099213	1.8647729	1.6099354	1.8570342	1.8557042	1.8016577	1.6990767	1.9026355	10	1.8204725	0.102891095	0.4033331	Binding_RAL	1.0960355	0.061946712	0.24283111
I23S	I23S	23	23	0.034912925	0.12930979	0.13965844	0.12698491	0.2063285	0.048111357	0.1485868	0.16632521	0.109594785	0.27438414	10	0.13841969	0.06983745	0.27376282	Binding_RAL	0.08333709	0.042046405	0.16482191
I23T	I23T	23	23	0.09416375	-0.05367034	0.059384584	-0.15162343	0.16916037	0.15100531	-6.135041e-05	0.06327786	0.007501023	0.16325796	10	0.050239574	0.10282386	0.40306956	Binding_RAL	0.030247288	0.061906233	0.24267244
I23V	I23V	23	23	-0.18207785	-0.31330302	-0.4409696	-0.2591378	-0.34365696	-0.33007598	-0.2839425	-0.30543068	-0.31401932	-0.36417195	10	-0.31367856	0.06763145	0.2651153	Binding_RAL	-0.18885362	0.040718257	0.15961558
I23W	I23W	23	23	0.7674487	0.65909964	0.6143309	0.7355785	0.49582618	0.67234427	0.7841187	0.63592416	0.5330509	0.44202822	10	0.633975	0.11512752	0.45129988	Binding_RAL	0.38169163	0.06931379	0.27171004
I23Y	I23Y	23	23	0.98643714	0.94908375	0.83288896	1.1288368	1.1719649	0.8185882	1.0411463	0.9773622	0.9473392	1.3062446	10	1.0159892	0.1512876	0.5930474	Binding_RAL	0.6116874	0.09108436	0.35705072
I35A	I35A	35	35	2.761885	2.7193167	2.961484	2.966261	3.1163788	2.706338	2.8622763	3.3800473	2.7886348	2.7631102	10	2.9025733	0.21269725	0.83377326	Binding_RAL	1.7475262	0.12805672	0.50198233
I35C	I35C	35	35	2.1074831	2.4426038	2.2989507	2.519414	2.5941799	2.4607763	2.5054069	2.9146996	2.5734506	2.2186248	10	2.463559	0.22406901	0.87835056	Binding_RAL	1.4832127	0.1349032	0.5288206
I35D	I35D	35	35	3.305736	3.1396868	2.6973283	3.2471125	2.8849003	3.309901	2.6910164	3.3753655	2.2069209	2.164581	10	2.9022548	0.4524841	1.7737377	Binding_RAL	1.7473344	0.27242303	1.0678983
I35E	I35E	35	35	3.3618493	3.173071	2.7659698	3.2091265	3.4637885	3.0215666	3.229037	2.5693908	2.6238816	2.7559006	10	3.0173583	0.3181328	1.2470806	Binding_RAL	1.8166337	0.19153534	0.75081855
I35F	I35F	35	35	1.3840709	1.755189	1.3502507	1.295157	1.8880568	1.6756982	1.5036522	1.4368162	1.346539	1.6095061	10	1.5244936	0.1994304	0.7817672	Binding_RAL	0.9178381	0.120069265	0.47067153
I35G	I35G	35	35	2.9748628	3.3758874	3.372375	3.0420008	2.6311803	3.4242983	3.1498375	3.1724424	3.1539893	3.4375987	10	3.1734471	0.25054628	0.98214144	Binding_RAL	1.9106086	0.15084414	0.5913091
I35H	I35H	35	35	2.4655418	2.6799047	2.5268466	2.42391	2.6378353	2.4817626	2.6110065	2.6321492	2.407218	2.1086025	10	2.4974775	0.16697219	0.654531	Binding_RAL	1.5036337	0.10052744	0.3940676
I35K	I35K	35	35	3.2138278	2.8505776	3.1845095	2.6610878	3.0516021	3.0169964	2.6417887	2.9116702	2.7693453	2.440061	10	2.874147	0.2504144	0.9816245	Binding_RAL	1.7304116	0.15076473	0.59099776
I35L	I35L	35	35	0.50579983	0.66601694	0.6796122	0.6122731	0.71065	0.70888704	0.6155135	0.58002704	0.6508635	0.67827123	10	0.6407915	0.06371299	0.24975494	Binding_RAL	0.38579553	0.038359106	0.15036769
I35M	I35M	35	35	1.2357608	1.2389609	1.2631217	1.3575436	1.300162	1.2696334	1.4689742	1.3627449	1.3767642	1.3406408	10	1.3214307	0.07370118	0.28890863	Binding_RAL	0.7955818	0.044372603	0.17394061
I35N	I35N	35	35	2.5773432	3.4932628	2.5782616	3.3267145	3.3469186	3.241958	3.2017825	2.598058	3.3087494	3.4210923	10	3.1094143	0.37128198	1.4554254	Binding_RAL	1.8720571	0.22353439	0.87625486
I35P	I35P	35	35	2.9268148	2.4582784	2.9998837	2.8390365	2.6759512	2.8271868	3.139893	2.903047	2.0188568	2.6580968	10	2.7447045	0.3190875	1.250823	Binding_RAL	1.6524794	0.19211014	0.7530717
I35Q	I35Q	35	35	2.152147	2.2986228	2.6292238	2.6617935	2.5760186	2.6461976	3.0520809	2.2263796	3.1572628	2.9844122	10	2.638414	0.34742063	1.3618889	Binding_RAL	1.5884861	0.2091684	0.81994015
I35R	I35R	35	35	2.4819067	2.9622524	2.988403	2.8790932	3.1526875	2.9215598	3.0087686	2.466055	2.569512	2.8519073	10	2.8282144	0.23837136	0.93441576	Binding_RAL	1.7027575	0.1435141	0.5625753
I35S	I35S	35	35	2.836354	2.7170691	3.0023184	2.662909	3.0227094	3.287675	3.0128407	2.9981906	3.221472	3.0736947	10	2.9835231	0.19879422	0.77927333	Binding_RAL	1.7962629	0.11968624	0.46917006
I35T	I35T	35	35	2.7733622	2.80449	3.2057297	2.4907215	3.0377815	2.603758	3.195799	2.6762593	2.876718	3.1010537	10	2.8765674	0.25075722	0.98296833	Binding_RAL	1.731869	0.15097113	0.5918068
I35V	I35V	35	35	0.8765526	0.94072473	0.9442242	0.98634386	0.817041	0.96315086	0.992195	0.95691806	0.9410658	0.9341638	10	0.935238	0.0523509	0.20521554	Binding_RAL	0.5630703	0.031518433	0.12355226
I35W	I35W	35	35	1.6862727	1.8733152	1.8633657	1.9358565	1.8546412	1.9136147	1.7198722	1.8977243	2.1425006	2.1507998	10	1.9037964	0.15102468	0.59201676	Binding_RAL	1.1462015	0.090926066	0.35643017
I35Y	I35Y	35	35	1.4441855	1.070679	1.0552585	1.5243961	1.4169236	1.2762427	1.1866677	1.2555434	1.2565668	1.3300081	10	1.2816472	0.15351598	0.6017827	Binding_RAL	0.77162975	0.09242598	0.36230984
I45A	I45A	45	45	-0.06613085	-0.12864937	-0.010255877	-0.07139937	0.032430753	-0.12510891	-0.25134978	-0.037427846	-0.23839714	0.14911847	10	-0.07471699	0.12048595	0.4723049	Binding_RAL	-0.044984184	0.07253989	0.28435636
I45C	I45C	45	45	-0.025627228	0.21110578	0.07377646	0.056142878	0.10510814	0.09051305	0.19226862	-0.017507564	0.15932277	-0.15417315	10	0.069092974	0.111428194	0.43679854	Binding_RAL	0.041598182	0.06708657	0.26297936
I45D	I45D	45	45	-0.41803923	-0.2763897	-0.332973	-0.23402947	-0.22340792	0.13313045	-0.28729907	-0.11696885	-0.42274296	-0.21053584	10	-0.23892558	0.16084115	0.63049734	Binding_RAL	-0.14384776	0.09683618	0.37959784
I45E	I45E	45	45	-0.045666825	-0.011847521	0.06284571	-0.16442026	-0.3943805	-0.07397688	0.06257871	-0.108389005	-0.28892368	-0.41165084	10	-0.1373831	0.17450704	0.6840676	Binding_RAL	-0.08271301	0.10506388	0.41185042
I45F	I45F	45	45	-0.11356924	-0.3734349	-0.3300676	-0.12905388	-0.20307902	-0.08327234	-0.04587674	-0.14977571	-0.15020987	-0.18186188	10	-0.17602012	0.103531994	0.40584543	Binding_RAL	-0.105974846	0.062332574	0.2443437
I45G	I45G	45	45	-0.08308757	-0.085872136	-0.097392954	-0.110704385	-0.20245937	-0.224696	-0.1483063	-0.07611286	0.01037132	0.13084419	10	-0.08874161	0.10206831	0.4001078	Binding_RAL	-0.05342786	0.06145135	0.2408893
I45H	I45H	45	45	-0.0025777647	-0.24670514	-0.038923606	-4.951721e-05	-0.26714832	-0.101129144	0.18903232	-0.06322382	-0.24955174	-0.091742694	10	-0.087201945	0.14077638	0.5518434	Binding_RAL	-0.05250089	0.084755965	0.33224338
I45K	I45K	45	45	-0.37136695	-0.35864383	-0.4131591	-0.37986842	-0.059576094	-0.5388014	-0.1223631	-0.022129502	-0.2777198	-0.052732192	10	-0.259636	0.18155445	0.71169347	Binding_RAL	-0.15631671	0.10930685	0.42848286
I45L	I45L	45	45	-0.033323184	-0.12664737	0.014672431	0.04476293	-0.11452199	-0.13931991	-0.055795874	0.067332275	-0.16662197	-0.0037157256	10	-0.05131784	0.08231553	0.32267687	Binding_RAL	-0.03089647	0.049558967	0.19427116
I45M	I45M	45	45	-0.46251786	-0.39094815	-0.21805094	0.0045563816	-0.21960992	-0.15439443	-0.31482723	-0.2590536	-0.17824256	-0.32345104	10	-0.25165397	0.1315359	0.51562077	Binding_RAL	-0.15151103	0.07919263	0.31043512
I45N	I45N	45	45	-0.082593344	-0.20461008	-0.31628808	0.011741913	-0.21633568	-0.18180856	-0.22174959	-0.37454665	-0.11236167	-0.09651109	10	-0.17950629	0.114450864	0.4486474	Binding_RAL	-0.10807373	0.0689064	0.27011308
I45P	I45P	45	45	0.040225845	0.12469392	0.18461746	-0.04209162	-0.0392946	-0.06480568	0.1347801	0.008883186	0.10574151	-0.068216324	10	0.038453378	0.093129866	0.3650691	Binding_RAL	0.023151278	0.05606986	0.21979386
I45Q	I45Q	45	45	-0.70262635	-0.3586798	-0.27394816	-0.046799865	-0.48462462	-0.3702713	-0.23693219	-0.759223	-0.6578962	-0.39355356	10	-0.4284555	0.2251078	0.8824226	Binding_RAL	-0.25795633	0.13552862	0.53127223
I45R	I45R	45	45	-0.16521417	-0.3725875	-0.26443127	-0.15836215	-0.25364667	-0.32905805	-0.19991918	-0.2628661	-0.32413363	-0.42291874	10	-0.27531376	0.087399475	0.34260595	Binding_RAL	-0.16575567	0.052619815	0.20626968
I45S	I45S	45	45	-0.1924255	-0.22623008	-0.29412004	-0.22520517	-0.19377495	-0.32191527	-0.16858602	-0.25503433	-0.2014039	-0.11395526	10	-0.21926506	0.06041635	0.2368321	Binding_RAL	-0.13201094	0.036374327	0.14258736
I45T	I45T	45	45	-0.18214543	-0.20471212	-0.22509645	-0.16895479	-0.11403599	-0.095957756	-0.08987681	0.094787024	-0.08255617	-0.059031237	10	-0.11275798	0.092333496	0.3619473	Binding_RAL	-0.06788718	0.055590395	0.21791436
I45V	I45V	45	45	-0.15780653	-0.037468273	0.105069965	-0.011418735	0.024648407	-0.05923561	-0.07032953	0.025107792	0.050479118	-0.0333174	10	-0.016427081	0.0731282	0.28666255	Binding_RAL	-0.009890105	0.044027638	0.17258835
I45W	I45W	45	45	-0.4304079	-0.20575184	0.19284566	0.03936409	-0.2039581	-0.12170219	-0.18898498	0.07875567	-0.065436184	-0.26585785	10	-0.11711337	0.18332084	0.7186177	Binding_RAL	-0.07050939	0.11037032	0.43265167
I45Y	I45Y	45	45	0.012554862	-0.020810995	-0.14347616	-0.12657908	-0.0448153	0.051072534	-0.07664367	-0.095231436	-0.16497548	-0.016100423	10	-0.062500514	0.070845276	0.27771348	Binding_RAL	-0.03762912	0.042653177	0.16720046
I54A	I54A	54	54	-0.38538712	-0.43574873	-0.35110947	-0.19597085	-0.10837222	-0.31989667	-0.28100842	-0.19147676	-0.2305297	-0.28200635	10	-0.27815065	0.0993221	0.38934267	Binding_RAL	-0.16746365	0.05979796	0.234408
I54C	I54C	54	54	-0.20223011	-0.074676156	-0.19342636	-0.17208874	-0.26297274	-0.31266177	-0.1592338	-0.2743918	-0.31032145	-0.2735144	10	-0.22355172	0.07631506	0.29915506	Binding_RAL	-0.13459177	0.04594632	0.18010958
I54D	I54D	54	54	2.382811	2.413597	2.3323762	2.9935465	2.8734236	2.6600711	2.2638752	2.8165686	2.3434615	2.865726	10	2.5945458	0.27543783	1.0797163	Binding_RAL	1.5620748	0.16583037	0.65005505
I54E	I54E	54	54	2.9070044	3.3820584	3.1376417	3.6414597	2.6234193	3.218228	2.5595844	2.68832	3.2678373	2.556363	10	2.9981914	0.38501045	1.509241	Binding_RAL	1.805094	0.23179977	0.9086551
I54F	I54F	54	54	0.18362322	0.11324975	0.07031518	0.17467354	0.111387126	0.14229867	0.2039618	0.15146811	0.17562056	0.18189545	10	0.15084934	0.041593764	0.16304755	Binding_RAL	0.0908205	0.025041983	0.09816457
I54G	I54G	54	54	1.0444181	1.0482183	0.89529395	1.0879278	0.93715775	1.0480912	1.2010529	1.1309083	1.1305702	1.0663	10	1.0589939	0.090342134	0.35414118	Binding_RAL	0.6375789	0.054391474	0.21321458
I54H	I54H	54	54	0.6474149	0.48514515	0.60871375	0.51950514	0.5328125	0.7396384	0.6738309	0.5967121	0.5616483	0.6137972	10	0.59792185	0.07680281	0.30106702	Binding_RAL	0.3599854	0.046239976	0.1812607
I54K	I54K	54	54	2.4641232	1.9968526	1.8409225	2.8054197	2.4906485	2.4287622	2.1206143	2.4641407	2.2954285	2.3009026	10	2.3207817	0.2774461	1.0875887	Binding_RAL	1.3972521	0.16703947	0.65479475
I54L	I54L	54	54	0.080109954	-0.05465923	-0.056204718	0.06807807	0.20128761	0.08014474	0.13766913	0.13215959	0.023831356	0.08377302	10	0.069618955	0.08142858	0.31920004	Binding_RAL	0.041914854	0.04902497	0.19217788
I54M	I54M	54	54	0.33831108	0.22673398	0.124708466	0.091655016	0.09030153	0.13812512	-0.039551433	-0.07004673	0.051192466	0.035647612	10	0.09870771	0.12017515	0.47108662	Binding_RAL	0.059428062	0.07235277	0.28362286
I54N	I54N	54	54	0.3086666	0.40097654	0.25033072	0.2749091	0.5755365	0.5079312	0.21489997	0.295442	0.3037604	0.40363142	10	0.35360843	0.116333544	0.4560275	Binding_RAL	0.21289383	0.07003988	0.27455634
I54P	I54P	54	54	1.7953095	1.7166735	1.6864738	1.5734508	1.8069948	1.7325414	1.7951723	1.7192829	1.7498062	1.8898839	10	1.7465589	0.0845611	0.33147952	Binding_RAL	1.051535	0.05091094	0.19957088
I54Q	I54Q	54	54	1.5002637	1.2654557	1.1989366	1.249256	1.2500604	1.356266	1.4308958	1.6156082	1.0414741	1.0013468	10	1.2909564	0.19197835	0.75255513	Binding_RAL	0.77723444	0.115582675	0.45308408
I54R	I54R	54	54	3.015024	2.753891	2.9614322	3.2481666	2.9823782	2.9483845	3.5152028	3.489003	3.724246	2.8831203	10	3.1520848	0.32288578	1.2657123	Binding_RAL	1.8977473	0.19439693	0.76203597
I54S	I54S	54	54	-0.035679743	0.08616602	0.093453266	0.017852372	-0.067768745	0.047165614	0.07342759	0.100652665	-0.025009517	0.047266398	10	0.033752594	0.059214137	0.23211943	Binding_RAL	0.02032112	0.03565052	0.13975005
I54T	I54T	54	54	-0.14021373	-0.1950978	-0.05997194	-0.24298956	-0.3232278	-0.16316737	-0.3334224	-0.24080466	-0.2731498	-0.2602468	10	-0.22322917	0.084752776	0.3322309	Binding_RAL	-0.13439757	0.051026337	0.20002325
I54V	I54V	54	54	-0.2872647	-0.29247248	-0.20925325	-0.3347238	-0.16880567	-0.23489349	-0.26403055	-0.3128191	-0.37671688	-0.31331354	10	-0.27942935	0.06182387	0.24234958	Binding_RAL	-0.1682335	0.03722174	0.14590922
I54W	I54W	54	54	1.0613315	1.0470634	0.98841274	1.3728821	1.2456913	1.0284524	1.2505898	1.1720973	1.2189058	1.1116052	10	1.149703	0.12247607	0.4801062	Binding_RAL	0.6921913	0.07373806	0.2890532
I54Y	I54Y	54	54	1.3150162	1.183098	1.1063428	1.1106216	1.3053133	1.3072823	1.2721843	1.1157157	1.346676	0.9784747	10	1.2040725	0.12275126	0.48118493	Binding_RAL	0.72492504	0.07390374	0.28970265
I83A	I83A	83	83	-0.27918488	-0.35323474	-0.29787287	-0.4881623	-0.2978909	-0.35960034	-0.2229781	-0.30311528	-0.16839154	-0.39245924	10	-0.316289	0.08906408	0.3491312	Binding_RAL	-0.19042526	0.053622004	0.21019825
I83C	I83C	83	83	-0.32120612	-0.22897367	-0.17365016	-0.4337583	-0.05705688	-0.19931862	-0.20029417	-0.28817496	-0.2558558	-0.38901085	10	-0.25472996	0.109527804	0.429349	Binding_RAL	-0.15336296	0.065942414	0.25849426
I83D	I83D	83	83	-0.4773496	-0.60316074	-0.6002613	-0.7133972	-0.6219112	-0.6345968	-0.6167302	-0.66358256	-0.6620092	-0.44350466	10	-0.6036504	0.08307591	0.32565758	Binding_RAL	-0.36343434	0.050016765	0.19606572
I83E	I83E	83	83	-0.2686478	-0.40604195	-0.60351515	-0.7505291	-0.5418134	-0.70405453	-0.52719694	-0.53465605	-0.7884652	-0.51031435	10	-0.5635234	0.15780641	0.61860114	Binding_RAL	-0.33927545	0.09500908	0.3724356
I83F	I83F	83	83	-0.042742547	-0.27004087	-0.13606526	-0.20341162	-0.059185747	-0.16827478	-0.0014656681	-0.10627541	-0.027918134	-0.18236215	10	-0.11977422	0.08713447	0.34156713	Binding_RAL	-0.07211138	0.052460264	0.20564424
I83G	I83G	83	83	-0.69193995	-0.6182599	-0.6731131	-0.5689209	-0.4439415	-0.8135261	-0.55849135	-0.7992641	-0.635818	-0.70167065	10	-0.6504945	0.11185181	0.4384591	Binding_RAL	-0.39163736	0.06734161	0.2639791
I83H	I83H	83	83	-0.29638594	-0.3614039	-0.46303046	-0.39030957	-0.22076045	-0.55769086	-0.30676278	-0.26680377	-0.50341094	-0.36992243	10	-0.3736481	0.10768998	0.4221447	Binding_RAL	-0.22495894	0.064835936	0.2541569
I83K	I83K	83	83	-0.6329909	-0.5656985	-0.5772348	-0.41647533	-0.338493	-0.6944134	-0.6969328	-0.63862234	-0.49765077	-0.6310852	10	-0.5689597	0.11853676	0.46466413	Binding_RAL	-0.34254843	0.07136636	0.27975616
I83L	I83L	83	83	-0.12062117	-0.11460715	-0.118671514	-0.14555672	-0.16628739	-0.14546742	-0.12867674	-0.10920769	-0.08833384	-0.12594493	10	-0.12633745	0.021867545	0.08572078	Binding_RAL	-0.07606285	0.013165596	0.051609136
I83M	I83M	83	83	-0.248892	-0.23805599	-0.3606999	-0.072491735	-0.3228169	-0.14316206	-0.2542013	-0.2816655	-0.0076541654	-0.28870252	10	-0.22183421	0.11251707	0.44106692	Binding_RAL	-0.13355772	0.06774213	0.26554915
I83N	I83N	83	83	-0.62361383	-0.6139531	-0.31005988	-0.384017	-0.5888261	-0.08478858	-0.3602882	-0.46457228	-0.22734267	-0.48774618	10	-0.4145208	0.17647326	0.6917752	Binding_RAL	-0.2495668	0.10624766	0.41649085
I83P	I83P	83	83	-0.6435759	-0.76455414	-0.77310795	-0.7212148	-0.7504979	-0.77873075	-1.0823416	-0.8447251	-0.63401467	-0.92268777	10	-0.7915451	0.13298441	0.52129894	Binding_RAL	-0.47655842	0.08006473	0.31385374
I83Q	I83Q	83	83	-0.42205474	-0.41084072	-0.39947456	-0.4812337	-0.4762	-0.2839909	-0.3687001	-0.3287469	-0.18782184	-0.20636787	10	-0.35654315	0.10336147	0.40517697	Binding_RAL	-0.21466072	0.06222991	0.24394125
I83R	I83R	83	83	-0.2666266	-0.40173653	-0.36361876	-0.42674515	-0.32152116	-0.31944272	-0.12015851	-0.2020898	-0.19270465	-0.38299134	10	-0.29976353	0.10151389	0.39793447	Binding_RAL	-0.18047592	0.061117552	0.23958081
I83S	I83S	83	83	-0.3417888	-0.40585092	-0.51197314	-0.25759897	-0.44715276	-0.42118844	-0.35161656	-0.36896268	-0.5064138	-0.38677013	10	-0.39993167	0.07725449	0.3028376	Binding_RAL	-0.24078324	0.046511915	0.1823267
I83T	I83T	83	83	-0.41641635	-0.27453953	-0.17821804	-0.37396613	-0.12417304	-0.4482395	-0.3173691	-0.32210988	-0.45566326	-0.46738973	10	-0.33780843	0.11838685	0.46407646	Binding_RAL	-0.20338127	0.0712761	0.27940232
I83V	I83V	83	83	-0.06957193	-0.08415995	-0.024844076	-0.1873568	-0.024045594	-0.14968678	0.0004797858	-0.17089228	-0.07739606	-0.12726913	10	-0.09147428	0.06527192	0.25586593	Binding_RAL	-0.055073094	0.039297678	0.1540469
I83W	I83W	83	83	-0.23699908	-0.26459393	-0.2488334	-0.28955343	-0.26667526	-0.20390859	-0.27420443	-0.18378402	-0.116153434	-0.2998502	10	-0.23845558	0.056162406	0.22015664	Binding_RAL	-0.14356479	0.033813193	0.13254772
I83Y	I83Y	83	83	-0.34036678	-0.5601254	-0.44603598	-0.19537894	-0.40909964	-0.5197509	-0.36260906	-0.43110317	-0.3126617	-0.3892223	10	-0.39663538	0.10413925	0.4082259	Binding_RAL	-0.23879868	0.06269818	0.24577686
I92F	I92F	92	92	-0.61264205	-0.39754948	-0.567839	-0.16516359	-0.4335682	-0.28146428	0.3168538	-0.5474885	0.12640746	0.014652268	10	-0.25478017	0.31928805	1.2516092	Binding_RAL	-0.1533932	0.19223087	0.753545
I92N	I92N	92	92			0.3693935	-0.0077788704	-0.44574177	-1.0919371	-0.90419984	-0.57797337	-0.5093716	-1.0099806	8	-0.5221987	0.5038627	1.9751418	Binding_RAL	-0.31439546	0.30335605	1.1891557
I92R	I92R	92	92				-0.54546535	-0.63706505	-0.26265648	-0.32887945	-0.125647	-0.834121	-0.5234855	7	-0.46533138	0.24165517	0.9472883	Binding_RAL	-0.28015786	0.14549115	0.5703253
I92S	I92S	92	92	-0.44822517				-0.77644384	-0.48981446	-0.00025370048	-0.0686514	-0.10692495	-1.1334146	7	-0.43196112	0.41599894	1.6307158	Binding_RAL	-0.26006693	0.25045672	0.98179036
I92T	I92T	92	92	-0.067524925	-0.05452111	-0.29155138	0.48661315	0.34105694	-0.26050717	-0.23057607	-0.06527395	-0.78846014	-0.5785119	10	-0.15092567	0.37998486	1.4895407	Binding_RAL	-0.090866454	0.22877406	0.8967943
I92V	I92V	92	92	0.052350566	-0.10638328	0.122934066	0.021824185	-0.14551666	-0.026742097	0.038365144	0.10719597	0.11324917	-0.021159729	10	0.015611733	0.09149136	0.35864612	Binding_RAL	0.009399216	0.055083375	0.21592684
I99A	I99A	99	99	0.05648526	0.12043441	0.0025615895	-0.025553042	0.13772486	-0.01623345	0.2925125	-0.21066354	0.11858657	-0.2618154	10	0.021403978	0.16517925	0.64750266	Binding_RAL	0.0128865	0.09944798	0.3898361
I99C	I99C	99	99	-0.010097947	0.10460756				0.019042386	0.15906332	0.026405059	0.099022605	0.116873145	7	0.07355945	0.06190524	0.24266854	Binding_RAL	0.04428727	0.03727073	0.14610125
I99D	I99D	99	99			0.7806584	0.8848261	-0.08249871	-0.34210098	-0.14322442	0.7409205	0.34102446		7	0.31137222	0.5038666	1.9751571	Binding_RAL	0.18746506	0.30335844	1.1891651
I99E	I99E	99	99	0.28026918	0.11445158	0.17139155	1.0766679	0.21039164	0.6403919	0.68573594				7	0.4541857	0.3561008	1.3959152	Binding_RAL	0.27344748	0.21439439	0.840426
I99F	I99F	99	99	-0.34125754	-0.19828388	-0.3395268	-0.5696208	-0.271039	-0.5342548	-0.45736423	-0.35967225	-0.29724866	-0.28018877	10	-0.36484566	0.11958022	0.46875447	Binding_RAL	-0.21965933	0.07199458	0.28221875
I99G	I99G	99	99	0.4966762	0.79496115	0.64867	0.5156498	0.43877998	0.60822845	0.40568402	0.65352255	0.81213117	0.5112737	10	0.58855766	0.14000598	0.5488234	Binding_RAL	0.3543476	0.084292136	0.33042517
I99H	I99H	99	99	-0.3833949	-0.06463312	-0.12924331	-0.035608158	-0.42527294	-0.6388986	-0.30581704	0.01128991	-0.38611847	-0.1841175	10	-0.2541814	0.20783158	0.81469977	Binding_RAL	-0.1530327	0.12512729	0.49049896
I99K	I99K	99	99	-0.40808445	1.0702218	-0.58701104	1.3250453	0.5310742	0.44689032	0.15071504	-0.3889557	-0.36210084	-0.52583665	10	0.12519579	0.6927296	2.7155	Binding_RAL	0.0753755	0.41706544	1.6348965
I99M	I99M	99	99	-0.73052233	-1.0074198	-0.9359912	-0.6667092	-0.99842423	-0.852087	0.138409	0.5818159		-0.84177774	9	-0.5903008	0.56149393	2.2010562	Binding_RAL	-0.35539708	0.33805358	1.32517
I99N	I99N	99	99	-0.79156613	-0.8054556	-0.49722815	-0.39251536	0.32306165	-0.9180292	-0.9145562	-0.6120299	0.09318322	-0.7662189	10	-0.5281355	0.427042	1.6740047	Binding_RAL	-0.31796977	0.25710532	1.0078529
I99P	I99P	99	99	0.14932948	-0.733234	0.24913518	0.21115963	0.06349896	-0.4878643				-0.26905409	7	-0.11671845	0.38420036	1.5060655	Binding_RAL	-0.070271626	0.23131205	0.9067433
I99R	I99R	99	99	0.19045512	0.24054231	0.16841692	0.4588357	-0.05024449	0.36660817	0.293758	0.50207824	-0.43701014	0.59227896	10	0.23257184	0.29985294	1.1754235	Binding_RAL	0.14002243	0.18052976	0.70767665
I99S	I99S	99	99	0.7401114	0.5916171	0.56276065	0.32958338	0.29141134	0.25429058	0.13605411	0.2697111	0.25155705	-0.062900916	10	0.33641955	0.23555976	0.92339426	Binding_RAL	0.20254508	0.14182134	0.5559397
I99T	I99T	99	99	-0.48875687	-1.095802	-0.9042586	-0.376094	0.4223745	-0.38591337	-0.3317578	-0.0054670256	0.057874754	0.12969042	10	-0.297811	0.46779305	1.8337488	Binding_RAL	-0.17930038	0.28163993	1.1040286
I99V	I99V	99	99	-0.19007799	-0.007663343	-0.24061464	0.09972173	-0.28323507	0.10486951	-0.20374455	0.06583181	-0.09793094	0.0067643533	10	-0.074607916	0.14722107	0.5771066	Binding_RAL	-0.044918515	0.08863606	0.3474534
I99W	I99W	99	99	-0.3654559	-0.028523285	-0.20826901	-0.40777376	-0.30141765	-0.39768526	-0.23322426	-0.52739537	-0.58257645	-0.6611404	10	-0.37134615	0.1894715	0.7427283	Binding_RAL	-0.22357303	0.114073396	0.44716772
K100A	K100A	100	100	-0.47573382	-0.027328717	-0.02646378	-0.24587281	-0.4921578	-0.47164446	-0.50718725	-0.17640507	-0.43593317	-0.42751163	10	-0.32862383	0.19267598	0.75528985	Binding_RAL	-0.19785158	0.11600269	0.45473054
K100C	K100C	100	100	0.13997312	-0.32701272	0.07231717	0.1422132	0.09639583	-0.03687379	0.23338848	0.27391636	-0.4442487	0.12953283	10	0.027960181	0.23533766	0.9225236	Binding_RAL	0.016833734	0.14168762	0.55541545
K100D	K100D	100	100	0.15944007	-0.45937002	-0.08225514	-0.15910046	-0.29318267	-0.12401644	-0.2415533	-0.18017572	-0.54117435	-0.35559383	10	-0.22769818	0.20042185	0.7856537	Binding_RAL	-0.13708818	0.120666176	0.47301143
K100E	K100E	100	100	-0.6270736	-0.15281509	-0.14441957	-0.43774918	-0.4012344	-0.60660774	-0.45922726	-0.379013	-0.5192985	-0.090815015	10	-0.38182536	0.19222963	0.75354016	Binding_RAL	-0.22988215	0.11573396	0.45367712
K100F	K100F	100	100	0.64192307	0.56129605	0.15971836	0.4938062	0.31682682	0.6513725	0.26547977	0.46907157	0.3090299	0.4652689	10	0.43337932	0.16514114	0.6473533	Binding_RAL	0.26092076	0.09942503	0.38974613
K100G	K100G	100	100	-0.19366802	-0.4641404	-0.15784365	-0.050119676	-0.4058723	-0.6713052	-0.4816329	-0.32743618	-0.18899602	-0.17094755	10	-0.3111962	0.19190268	0.75225854	Binding_RAL	-0.1873591	0.115537114	0.4529055
K100H	K100H	100	100	0.019473515	0.041215945	0.48281235	0.22417758	0.22932225	0.6672735	0.35201433	-0.16930422	0.68663853	0.40119645	10	0.29348204	0.2802729	1.0986698	Binding_RAL	0.17669408	0.16874138	0.6614662
K100I	K100I	100	100	0.70519	0.6803303	0.27770388	0.342726	0.44490314	0.21072458	0.010467129	0.5302989	0.44657725	0.65125906	10	0.430018	0.22430325	0.87926877	Binding_RAL	0.25889707	0.13504423	0.5293734
K100L	K100L	100	100	-0.2559371	-0.55221355	-0.35556224	-0.40527242	-0.18371399	-0.6827445	-0.5515393	-0.5861389	-0.36358508	-0.3692147	10	-0.43059215	0.15747187	0.6172897	Binding_RAL	-0.25924274	0.09480766	0.37164605
K100M	K100M	100	100	0.10026421	-0.7254771	-0.52375025	-0.42136934	-0.1750904	-0.17754222	-0.8284166	-0.08925556	-0.2343883	-1.1847005	10	-0.4259726	0.3927936	1.5397509	Binding_RAL	-0.25646147	0.23648569	0.92702395
K100N	K100N	100	100	-0.041149642	-0.042188354	0.12706546	0.17661482	0.033340544		0.103282996	0.1826844	-0.09939402	-0.120985016	9	0.03547458	0.116808966	0.45789117	Binding_RAL	0.02135786	0.07032612	0.2756784
K100P	K100P	100	100	-0.22662371	-0.47983047	-0.40224057	-0.09622995	-0.37646392	-0.4456326	-0.089396626	0.0034031596	-0.40724945	-0.39986122	10	-0.29201254	0.17448273	0.6839723	Binding_RAL	-0.17580935	0.105049245	0.41179305
K100R	K100R	100	100	-0.054551054	-0.077903494	-0.03285382	-0.01603481	-0.027724607	-0.05935013	-0.04711497	-0.033892006	-0.039054662	-0.048792385	10	-0.043727193	0.017720452	0.06946417	Binding_RAL	-0.026326437	0.010668793	0.04182167
K100S	K100S	100	100	-0.17340791	-0.71486175	-0.50434184	-0.7148077	-0.4077369	-0.96821755	-0.13981727	0.54039454	0.1937082	-0.5663421	10	-0.34554303	0.45776564	1.7944413	Binding_RAL	-0.20803797	0.27560282	1.080363
K100T	K100T	100	100	0.0152699575	0.19630222	-0.30339453	-0.38220122	-0.25727844	0.12973899	-0.5397146	-0.42429605	-0.061484054	-0.3145378	10	-0.19415955	0.24876854	0.9751727	Binding_RAL	-0.11689589	0.14977382	0.5871134
K100V	K100V	100	100	0.42434132	0.5121307	0.49336612	0.27094513	0.10455059	0.50605655	0.43748927	0.172084	0.4190817	0.27540296	10	0.36154485	0.14587978	0.57184875	Binding_RAL	0.21767205	0.08782852	0.34428778
K100W	K100W	100	100	-0.15987821	-0.080650635	-0.05523863	0.238119	-0.23909941	0.20835033	0.05250083	-0.09881829	-0.15985791	0.026107218	10	-0.026846573	0.15774313	0.61835307	Binding_RAL	-0.016163275	0.09497098	0.37228623
K100Y	K100Y	100	100	0.61197823	0.40871578	0.29543573	0.5794241	0.58114773	0.7041544	0.5538668	0.5305012	0.40283856	0.18703926	10	0.4855102	0.15860777	0.6217424	Binding_RAL	0.29230675	0.09549154	0.37432685
K103A	K103A	103	103	-0.36341497	-0.4888771	-1.0547093	-0.7454962	-0.6735828	-0.43835807	-0.58540034	-0.5949552	-0.6140751	-0.3616805	10	-0.59205496	0.20666523	0.81012774	Binding_RAL	-0.35645318	0.12442507	0.48774627
K103C	K103C	103	103	-0.36947456	-0.4352038	-0.7688594	-0.26431513	-0.7570101	-0.57649463	-0.6992902	-0.35967153	-0.8019154	-0.44990242	10	-0.5482138	0.19742776	0.77391684	Binding_RAL	-0.33005813	0.11886355	0.46594512
K103D	K103D	103	103	-0.95533705	-0.9059705	-0.7671495	-0.8071302	-0.9749211	-0.9615473	-0.91054773	-0.8544632	-0.66186833	-0.7772636	10	-0.8576199	0.102614775	0.40224993	Binding_RAL	-0.5163395	0.061780352	0.24217899
K103E	K103E	103	103	-0.14189264	-0.40855065	-0.11721061	0.15115298	0.16153114	0.0912331	-0.05659802	-0.25999942	-0.11062256	-0.40124592	10	-0.10922027	0.20623517	0.8084419	Binding_RAL	-0.06575726	0.124166146	0.4867313
K103F	K103F	103	103	-0.016001321	-0.44699383	-0.6184659	-0.54520804	-0.594546	-0.48152035	-0.67034197	-0.71392995	-0.010667164	-0.61129737	10	-0.4708972	0.25398365	0.9956159	Binding_RAL	-0.28350884	0.15291364	0.5994215
K103G	K103G	103	103	-0.4888031	-0.12995799	-0.7153925	-0.5206144	-0.50040567	-0.49822176	-0.15537786	-0.25386947	-0.24909797	-0.4197368	10	-0.39314777	0.1881026	0.7373622	Binding_RAL	-0.23669893	0.113249235	0.443937
K103H	K103H	103	103	-0.317954	-0.46924388	-0.23511648	-0.6220202	-0.47100583	-0.36837357	-0.3189593	-0.4014275	-0.34752813	-0.5963793	10	-0.41480082	0.12460826	0.48846442	Binding_RAL	-0.24973539	0.07502177	0.29408535
K103L	K103L	103	103	-0.24406223	-0.3832104	-0.25383556	-0.61881906	-0.18534155	-0.047846388	-0.17177622	-0.17690909	-0.24169534	-0.05568815	10	-0.2379184	0.16556199	0.649003	Binding_RAL	-0.14324139	0.09967841	0.39073938
K103M	K103M	103	103	-0.4809684	-0.53735214	-0.32600796	-0.7160137	-0.43075916	-0.5201185	-0.46723032	-0.5897948	-0.65406764	-0.4153457	10	-0.5137658	0.11644586	0.45646778	Binding_RAL	-0.30931833	0.07010751	0.27482146
K103N	K103N	103	103	-0.308276	-0.22442022	-0.69109637	0.03227072	-0.3550715	0.06585734	-0.048961762	-0.034498725	-0.1932318	-0.44811538	10	-0.22055438	0.23799115	0.93292534	Binding_RAL	-0.13278718	0.14328519	0.56167793
K103P	K103P	103	103	-0.71646965	-0.90024686	-0.21563484	-0.8953859	-0.8694589	-0.13931228	-0.7927762	-0.81429464	-0.777386	-0.51775485	10	-0.66387206	0.2796948	1.0964036	Binding_RAL	-0.39969146	0.16839331	0.66010183
K103Q	K103Q	103	103	-0.36816746	-0.26713845	-0.6852233	-0.120154455	-0.15073967	-0.3110479	-0.05854757	-0.31182155	-0.5136858	-0.40706283	10	-0.3193589	0.18876329	0.7399521	Binding_RAL	-0.19227353	0.113647014	0.4454963
K103R	K103R	103	103	-0.35293892	-0.3623242	-0.3447734	-0.30995432	-0.20807388	-0.289807	-0.28303468	-0.36981246	-0.3265722	-0.54915553	10	-0.33964464	0.08792298	0.3446581	Binding_RAL	-0.20448679	0.052934997	0.2075052
K103S	K103S	103	103	-0.4549668	-0.4627829	-0.16670837	-0.37380457	-0.4857884	-0.5579087	-1.1298423	-0.5207209	-0.68267554	-0.7475359	10	-0.55827343	0.2564272	1.0051947	Binding_RAL	-0.33611465	0.1543848	0.6051884
K103T	K103T	103	103	-0.32707414	-0.5990337	-0.3978224	-0.3165762	-0.1086121	-0.23724692	-0.45260727	-0.45061457	-0.41464236	-0.30367902	10	-0.36079088	0.13447027	0.52712345	Binding_RAL	-0.2172181	0.0809593	0.31736046
K103V	K103V	103	103	-0.026422363	-0.10018823	-0.02272679	-0.5750502	-0.5250292	-0.1254635	-0.05210799	-0.036543258	-0.60915846	-0.40917668	10	-0.24818666	0.24942507	0.9777463	Binding_RAL	-0.14942351	0.1501691	0.5886629
K103W	K103W	103	103	-0.51762897	-0.24235202	-0.311109	-0.4513128	-0.5334732	-0.36475506	-0.3902226	-0.3073157	-0.32488462	-0.30176464	10	-0.37448186	0.09760926	0.3826283	Binding_RAL	-0.22546092	0.058766726	0.23036557
K116A	K116A	116	116	-0.61501104	-0.70372564	-0.7632965	-0.66915804	-0.8320731	-0.85462767	-0.5648736	-0.75785196	-0.5196653	-0.7036419	10	-0.69839245	0.10937282	0.42874146	Binding_RAL	-0.42047483	0.0658491	0.2581285
K116C	K116C	116	116	-0.32158774	-0.26915935	-0.2667688	-0.74620235	-0.68307906	-0.7418957	-0.63840985	-0.38296616	-0.35608444	-0.42957863	10	-0.4835732	0.19663526	0.77081025	Binding_RAL	-0.29114056	0.11838642	0.46407476
K116D	K116D	116	116	-0.43709302	-1.3278557	-0.7000724	-0.9400716	-0.9195163	-0.74867934	-0.519212	-0.65648896	-0.86387944	-0.81144655	10	-0.7924315	0.24942885	0.97776115	Binding_RAL	-0.47709206	0.15017138	0.58867186
K116E	K116E	116	116	-0.22038631	-0.5693969	-0.6831449	-0.57478887	-0.49148822	-0.4686849	-0.82256824	-0.6310799	-0.2970951	-0.42230746	10	-0.5180941	0.17899506	0.70166063	Binding_RAL	-0.31192425	0.107765935	0.42244247
K116F	K116F	116	116	-0.664068	-0.5937178	-1.0388383	-0.8218339	-0.9894046	-0.97798645	-0.81208694	-0.9416567	-0.78674465	-0.5841789	10	-0.8210516	0.1662124	0.6515526	Binding_RAL	-0.49432313	0.10007	0.3922744
K116G	K116G	116	116	-0.12452665	-0.5503221	-0.3979334	-0.5820023	-0.22421943	-0.133475	-0.17518245	-0.32088524	-0.3278132	-0.28594565	10	-0.31223053	0.16039272	0.6287395	Binding_RAL	-0.18798181	0.09656619	0.37853947
K116H	K116H	116	116	-0.21067289	-0.2889389	-0.5011238	-0.4538961	-0.43618396	-0.5473218	-0.76160896	-0.32893997	-0.6554251	-0.28881836	10	-0.44729298	0.17491926	0.68568355	Binding_RAL	-0.26929766	0.105312064	0.4128233
K116I	K116I	116	116	-1.4326121	-1.3943231	-1.1589159	-1.3401153	-0.8315625	-0.7739134	-1.3807256	-1.2386384	-1.5459011	-1.3203547	10	-1.2417061	0.2541608	0.9963103	Binding_RAL	-0.7475828	0.15302029	0.59983957
K116L	K116L	116	116	-1.3907466	-1.0974716	-1.5832088	-1.0615518	-1.0260059	-1.3630862	-1.406615	-1.0505089	-1.1239015	-1.0743876	10	-1.2177484	0.19811364	0.7766055	Binding_RAL	-0.73315877	0.11927649	0.46756384
K116M	K116M	116	116	-0.6025472	-0.6492507	-0.6672457	-0.67194045	-0.6911131	-0.6195963	-0.8297059	-0.8925759	-0.91326696	-0.66294557	10	-0.72001886	0.114131436	0.44739524	Binding_RAL	-0.43349525	0.06871408	0.2693592
K116N	K116N	116	116	-0.40992796	-0.3335697	-0.2694917	-0.3705678	-0.28631464	-0.6037784	-0.28980333	-0.49092337	-0.34880766	-0.22298294	10	-0.36261672	0.114139885	0.44742835	Binding_RAL	-0.21831737	0.06871917	0.26937917
K116Q	K116Q	116	116	-0.59858286	-0.32372603	-0.33293438	-0.7662592	-0.7676291	-0.1700752	-0.43724433	-0.6667062	-0.16434236	-0.34593946	10	-0.4573439	0.22852333	0.89581144	Binding_RAL	-0.27534893	0.13758498	0.53933316
K116R	K116R	116	116	-0.52238363	-0.26986855	-0.31008682	-0.21341921	-0.20470311	-0.3861402	-0.42135915	-0.3987913	-0.33185744	-0.6455435	10	-0.3704153	0.13734864	0.53840667	Binding_RAL	-0.2230126	0.08269225	0.32415363
K116S	K116S	116	116	-0.6455423	-0.7372643	-0.84478706	-0.8263327	-0.62064505	-0.2683514	-0.27466094	-0.13979268	-0.5433824	-0.38797802	10	-0.5288737	0.24892779	0.97579694	Binding_RAL	-0.3184142	0.14986971	0.58748925
K116T	K116T	116	116	-1.0902146	-1.0487638	-1.043504	-0.7912845	-0.6426862	-0.8822171	-0.8013572	-1.1600953	-1.0517298	-1.0685047	10	-0.95803577	0.16745336	0.6564172	Binding_RAL	-0.57679594	0.10081714	0.39520317
K116V	K116V	116	116	-1.2159116	-0.9839253	-1.1953049	-0.9646473	-0.8479322	-0.9038412	-1.0924213	-0.9386627	-1.0956475	-1.5580246	10	-1.0796319	0.20765162	0.81399435	Binding_RAL	-0.65000427	0.12501894	0.49007425
K116W	K116W	116	116	-1.3584919	-1.0027707	-1.0361311	-0.6731441	-0.949502	-0.41081744	-0.97011197	-1.1450797	-1.0477628	-1.403433	10	-0.9997244	0.29313073	1.1490724	Binding_RAL	-0.60189503	0.17648257	0.6918117
K116Y	K116Y	116	116	-0.80063707	-0.74388456	-1.2284958	-0.6984352	-0.596527	-0.86662483	-0.68065536	-0.7893617	-0.68959403	-0.80189836	10	-0.7896114	0.17268589	0.6769287	Binding_RAL	-0.47539422	0.103967436	0.40755236
K127A	K127A	127	127	0.07655209	0.039414793	0.064122416	0.08305939	0.1477078	0.14214003	0.0066450327	0.029719613	0.083623715	0.11727415	10	0.07902591	0.046747915	0.18325183	Binding_RAL	0.047578417	0.028145095	0.11032878
K127C	K127C	127	127	-0.074130505	-0.07018928	0.04688682	-0.029398903	-0.07184156	-0.043606095	-0.055679645	-0.12790526	-0.08746673	-0.17555359	10	-0.06888847	0.05870878	0.23013842	Binding_RAL	-0.04147506	0.035346266	0.13855736
K127D	K127D	127	127	0.02013117	-0.048038274	0.034631293	-0.04862802	0.033724826	0.003423308	-0.078634076	0.019997852	0.03939118	-0.028624682	10	-0.0052625425	0.04229967	0.16581471	Binding_RAL	-0.0031683715	0.02546698	0.09983057
K127E	K127E	127	127	0.027814828	-0.05844954	0.057120048	0.09879133	0.0034290126	-0.080602854	0.04264426	0.05438117	-0.0020419534	0.10370098	10	0.024678728	0.06070377	0.23795877	Binding_RAL	0.014858099	0.03654737	0.1432657
K127F	K127F	127	127	-0.10533551	-0.027966382	-0.04911437	-0.010184986	-0.031670243	-0.102303304	-0.057081133	-0.034216553	-0.11527337	-0.00038572174	10	-0.053353153	0.04097987	0.16064109	Binding_RAL	-0.032121852	0.02467238	0.09671573
K127G	K127G	127	127	-0.085503094	-0.027082868	-0.03312582	0.014061173	-0.025100537	-0.02827872	-0.021677388	-0.0037159284	0.03998794	0.037238494	10	-0.013319676	0.037214603	0.14588125	Binding_RAL	-0.008019257	0.02240546	0.0878294
K127H	K127H	127	127	0.043426022	-0.0085413465	0.08409733	0.05838749	-0.017614111	0.10948409	0.028354118	0.101921156	0.13303453	-0.06953705	10	0.046301223	0.06413934	0.2514262	Binding_RAL	0.02787616	0.038615793	0.15137391
K127I	K127I	127	127	-0.009246877	-0.039665256	-0.11281049	-0.11330134	0.029260444	-0.10937729	0.009676667	-0.037172254	-0.08018603	0.016161146	10	-0.04466613	0.05603329	0.2196505	Binding_RAL	-0.026891734	0.033735458	0.13224299
K127L	K127L	127	127	0.01812099	0.077615	0.03382035	0.013488823	0.021400899	-0.058769785	0.0073713823	0.070332155	-0.0028251635	0.021032661	10	0.020158729	0.037973188	0.1488549	Binding_RAL	0.012136783	0.022862174	0.089619726
K127M	K127M	127	127	0.006164891	-0.014627159	-0.09229379	0.032639254	0.026415164	0.0077726245	-0.022540241	-0.09966259	-0.1569534	0.0729044	10	-0.024018085	0.07087942	0.27784735	Binding_RAL	-0.014460351	0.042673733	0.16728103
K127N	K127N	127	127	0.058717962	0.016201664	-0.03162111	-0.011968679	-0.041389808	0.0064106965	0.027013127	-0.0030826465	0.023418585	0.013307902	10	0.0057007694	0.029339781	0.115011945	Binding_RAL	0.0034322108	0.017664338	0.069244206
K127P	K127P	127	127	-0.3155457	-0.35246933	-0.18367259	-0.17615499	-0.15655904	-0.16990893	-0.09792306	-0.21009018	-0.2902345	-0.27419138	10	-0.22267497	0.081139155	0.3180655	Binding_RAL	-0.1340639	0.04885072	0.19149482
K127Q	K127Q	127	127	0.13619187	0.02713005	0.14042029	0.008852887	0.012116126	-0.028360529	0.08250346	0.007410366	0.017413218	0.103774674	10	0.05074524	0.059828423	0.23452742	Binding_RAL	0.03055173	0.036020357	0.1411998
K127R	K127R	127	127	0.003265712	-0.063861206	0.056658592	-0.022259822	-0.009700287	0.0024280837	-0.041808885	-0.032763857	-0.059624523	0.024080837	10	-0.014358535	0.037696674	0.14777097	Binding_RAL	-0.008644714	0.022695696	0.08896713
K127S	K127S	127	127	-0.007236751	-0.024414958	0.037941873	0.06040303	-0.0027305218	0.025523199	0.062322166	0.050454084	0.0028085022	0.03325541	10	0.023832604	0.03029303	0.11874868	Binding_RAL	0.014348681	0.018238252	0.071493946
K127T	K127T	127	127	0.048689343	-0.19280095	-0.0023921407	0.027997864	-0.012278845	0.03529854	0.07714742	0.022956533	-0.0729057	-0.023037512	10	-0.0091325445	0.07689811	0.3014406	Binding_RAL	-0.0054983487	0.046297353	0.18148562
K127V	K127V	127	127	0.06141281	0.02714782	0.08707052	0.06531714	0.026287602	0.029536806	0.010443263	0.067908004	-0.0056787734	-0.0112161245	10	0.035822906	0.033275623	0.13044044	Binding_RAL	0.021567574	0.020033954	0.0785331
K127W	K127W	127	127	-0.027611101	0.036186412	0.002851763	0.13571969	0.1369318	0.100473486	0.06046946	0.0580877	0.045967072	0.20356244	10	0.07526387	0.06934608	0.27183664	Binding_RAL	0.04531344	0.04175057	0.16366224
K127Y	K127Y	127	127	0.17101026	0.081922784	0.08547724	0.12881579	0.08674884	0.123408586	0.17988057	0.11280078	0.089700006	0.048561428	10	0.11083262	0.041173592	0.16140048	Binding_RAL	0.066727996	0.024789013	0.09717293
K146E	K146E	146	146	0.014302761	0.17807072	0.10384583	0.06597191	0.03198818	0.26113525	0.119214244	0.08077812	0.112553544	0.13863221	10	0.11064927	0.071845956	0.28163615	Binding_RAL	0.06661761	0.043255646	0.16956213
K146R	K146R	146	146	-0.29407394	-0.42466336	0.17237516	-0.30317834	-0.025081297		-0.5862021	-0.085904874	-0.5394003	0.1259292	9	-0.21779996	0.2783814	1.0912552	Binding_RAL	-0.13112886	0.16760258	0.65700215
K15A	K15A	15	15	1.0608617	1.0904777	1.0757282	1.2794234	1.0443075	1.0201684	1.1797215	1.0771219	1.0294164	0.99683017	10	1.0854056	0.08449465	0.33121905	Binding_RAL	0.65348035	0.050870933	0.19941406
K15C	K15C	15	15	0.48139486	0.7074409	0.6736863	0.5689622	0.58928114	0.8962572	0.8001864	0.6901687	0.85151386	0.7675867	10	0.7026478	0.13083947	0.5128907	Binding_RAL	0.4230368	0.078773335	0.3087915
K15D	K15D	15	15	1.7491419	1.9707377	1.0187025	2.3998327	1.5765725	2.301316	2.0689507	1.9039582	0.7475075	2.0655246	10	1.7802244	0.5334037	2.0909426	Binding_RAL	1.0718037	0.32114154	1.2588749
K15E	K15E	15	15	0.6415977	1.0378025	0.95809746	0.82616043	0.73887205	0.7452949	0.87576574	0.9182558	0.5659505	0.47730103	10	0.77850986	0.17890722	0.7013163	Binding_RAL	0.4687104	0.10771305	0.42223516
K15F	K15F	15	15	1.2029648	1.0276169	1.5243351	1.136364	1.4033287	1.1660784	1.2803346	1.330682	1.6182777	1.5996282	10	1.3289611	0.20367229	0.7983954	Binding_RAL	0.80011564	0.12262314	0.4806827
K15G	K15G	15	15	0.7430217	0.746852	0.71605533	0.6515395	0.5901665	0.6938348	0.69028884	0.7417847	0.7582999	0.63834774	10	0.6970191	0.055482592	0.21749176	Binding_RAL	0.419648	0.033403903	0.1309433
K15H	K15H	15	15	1.4177634	1.7375753	0.96115	0.9892142	1.4230723	0.9563399	0.82533216	1.981142	0.7749524	1.8964818	10	1.2963023	0.45589828	1.7871213	Binding_RAL	0.780453	0.27447855	1.075956
K15I	K15I	15	15	2.9478033	2.7499604	3.0753763	2.629314	1.8415048	2.9094195	2.3852928	2.5126226	3.2703123	2.576931	10	2.6898537	0.40334716	1.581121	Binding_RAL	1.6194559	0.24283959	0.95193124
K15L	K15L	15	15	3.0727508	3.0869467	2.731358	2.8415275	3.3182614	3.4513245	3.1398964	2.3024762	2.4777482	3.061806	10	2.9484096	0.36073694	1.4140888	Binding_RAL	1.7751223	0.21718563	0.8513677
K15M	K15M	15	15	1.0945429	1.1476449	1.1357045	1.048151	0.6020118	0.72612476	1.2966813	1.3207394	1.026309	0.7922494	10	1.019016	0.23944469	0.9386232	Binding_RAL	0.6135098	0.1441603	0.5651084
K15N	K15N	15	15	0.5948922	0.6330474	0.47035182	0.5504944	0.55910105	0.55825853	0.37651876	0.71823245	0.64403915	0.90987957	10	0.60148156	0.14362697	0.5630177	Binding_RAL	0.3621286	0.0864722	0.33897102
K15P	K15P	15	15	2.097451	1.4514755	1.5693889	1.0743041	1.2639155	1.6472936	1.4486107	1.4131274	1.4441755	1.6786981	10	1.508844	0.27227852	1.0673318	Binding_RAL	0.9084161	0.16392827	0.6425988
K15Q	K15Q	15	15	2.119911	2.0519197	1.9978393	2.1477737	2.5445814	2.2733011	2.0210347	1.7739222	2.1818376	2.0814116	10	2.119353	0.19971448	0.7828808	Binding_RAL	1.2759798	0.12024029	0.47134197
K15R	K15R	15	15	1.9815607	1.9537433	1.8783596	1.6448619	1.6137152	1.5643799	2.0097244	1.2639766	1.6372632	1.761076	10	1.7308662	0.23298474	0.91330016	Binding_RAL	1.042087	0.14027102	0.54986244
K15S	K15S	15	15	0.06199883	-0.134317	-0.052385878	-0.032627415	-0.09232669	0.09340688	-0.07087272	-0.072218925	-0.13768154	-0.061181687	10	-0.049820617	0.07532138	0.2952598	Binding_RAL	-0.029995048	0.04534806	0.1777644
K15T	K15T	15	15	0.6882458	0.5886581	0.8000628	0.7515198	0.53856593	0.74094605	0.5996587	0.43889412	0.4133522	0.7918787	10	0.6351782	0.14133264	0.554024	Binding_RAL	0.382416	0.08509087	0.3335562
K15V	K15V	15	15	3.148887	3.1191902	3.6226742	3.388029	2.8374777	3.2673254	2.69216	3.1411035	2.6099489	3.164294	10	3.099109	0.3105769	1.2174615	Binding_RAL	1.8658526	0.18698622	0.73298603
K15W	K15W	15	15	1.7769854	1.2103374	1.8066351	0.690002	0.8651799	1.4316744	1.4623669	1.4849603	1.1212299	1.0750127	10	1.2924385	0.36716896	1.4393023	Binding_RAL	0.7781268	0.2210581	0.86654776
K15Y	K15Y	15	15	0.89841074	1.352298	1.1720222	0.7627677	1.172318	0.7265033	1.0500095	1.5702767	1.3711573	1.5286111	10	1.1604376	0.30042583	1.1776693	Binding_RAL	0.6986542	0.18087466	0.70902866
K164C	K164C	164	164	-0.12123715	-0.86262566	-1.3346565				-0.56703705	0.13841963	-0.6680083	0.86227256	7	-0.3646961	0.72336566	2.8355935	Binding_RAL	-0.21956928	0.43551025	1.7072002
K164D	K164D	164	164	-0.5805769	0.4777673	-0.4475852	-0.002391253	0.8067599	0.5102284	0.5785546				7	0.1918224	0.5406814	2.1194713	Binding_RAL	0.115488775	0.3255232	1.2760509
K164E	K164E	164	164	0.26324832	-0.45646945	0.0184958	0.09578916	-0.25962695	0.19346717	-0.118541814	0.03971846	-0.11365572	-0.07369616	10	-0.04112712	0.21319826	0.83573717	Binding_RAL	-0.024761034	0.12835835	0.50316477
K164F	K164F	164	164	0.12090065	-0.21642865	0.06618376	0.25172055	-0.008836782	0.25831836	0.17099419	0.3425018	0.04454679	0.057095643	10	0.108699635	0.15973695	0.62616885	Binding_RAL	0.06544381	0.09617138	0.3769918
K164G	K164G	164	164	-0.077441394	0.07156356	0.13902502	0.3829267	-0.05814371	0.07387312	-0.23454198	0.1212056	0.22144465	-0.12830609	10	0.05116055	0.1810292	0.7096345	Binding_RAL	0.030801771	0.10899062	0.42724323
K164I	K164I	164	164	-0.017291408	0.45608157	-0.066967644	-0.01790639	-0.15391956	-0.16311267	-0.30212367	0.3484116	0.3409946	0.32798696	10	0.07521534	0.2673658	1.048074	Binding_RAL	0.04528422	0.16097052	0.63100445
K164L	K164L	164	164	-0.5543196	-0.38420942	-0.32811618	-0.14498433	-0.406031	-0.21106163	0.018878814	-0.24503076	0.008499924	-0.061144557	10	-0.2307519	0.1899471	0.74459267	Binding_RAL	-0.13892671	0.11435974	0.44829017
K164M	K164M	164	164	0.15734525	0.14908974	0.09796591	-0.18799889	-0.22599421	0.0017895091	-0.22056061	-0.31640536	-0.18190226	0.25071946	10	-0.04759515	0.20140004	0.7894882	Binding_RAL	-0.028655183	0.12125511	0.47532004
K164N	K164N	164	164	0.07218824	0.10817433	0.24898691	-0.14484893	-0.01702456	-0.2457341	0.16451477	0.029251628	0.10026542	-0.16286433	10	0.01529094	0.15731221	0.6166639	Binding_RAL	0.009206078	0.09471154	0.37126926
K164R	K164R	164	164	-0.37056795	-1.0419827	-0.47548208	-0.47500572	-0.8058118	-0.3554094	-0.35110772	-0.3886342	-0.73300225	-0.35883358	10	-0.53558373	0.24089606	0.9443126	Binding_RAL	-0.32245407	0.14503412	0.5685338
K164S	K164S	164	164	0.4343432	0.19292624	0.22351778	0.311355	0.2698364	0.4773416	-0.18811703	0.35922372	0.13759595	0.24541934	10	0.24634421	0.1856465	0.7277343	Binding_RAL	0.14831424	0.11177052	0.43814045
K164T	K164T	164	164	-0.28242213	-0.5329315	-0.6028356	-0.078116916	-0.3227167	-0.20581032	-0.26267695	-0.15131198	-0.5314853	-0.14329578	10	-0.31136033	0.18416405	0.72192305	Binding_RAL	-0.1874579	0.11087798	0.4346417
K164V	K164V	164	164	-0.19490227	0.027374806	-0.080958866	-0.08980055	-0.31021777	-0.2471563	-0.4377097	-0.106965736	-0.11533139	-0.012317311	10	-0.15679851	0.14193222	0.5563743	Binding_RAL	-0.09440226	0.08545185	0.33497125
K164W	K164W	164	164	-0.99582183	0.6557092	0.58768153	-0.4612873	-0.62289435				0.5994743	-1.2972702	7	-0.21920122	0.82398456	3.2300196	Binding_RAL	-0.1319725	0.49608895	1.9446688
K164Y	K164Y	164	164	0.22638413	-0.11959687	-0.06929126	0.13959417	-0.08038304	0.17257321	0.12471207	0.113705754	-0.3426468	0.38124162	10	0.054629304	0.20749149	0.81336665	Binding_RAL	0.03289017	0.12492253	0.48969632
K166A	K166A	166	166	-0.094062656	-0.20511365	-0.25175193	-0.24654429	-0.09721706	0.040026248	-0.15322345	-0.2498157	-0.19810767	-0.15044498	10	-0.16062552	0.09183068	0.35997626	Binding_RAL	-0.09670635	0.055287667	0.21672766
K166C	K166C	166	166	-0.15235344	-0.27835277	-0.106732406	-0.04497553	-0.0036092098	0.14643307	-0.16805968	0.041832015	-0.085288726	-0.012251254	10	-0.06633579	0.11971074	0.46926612	Binding_RAL	-0.03993819	0.07207317	0.28252682
K166D	K166D	166	166	-0.15123585	-0.13372238	0.04377278	-0.04344854	-0.107723385	-0.19936128	-0.32903835	-0.07319111	-0.3159024	-0.19905564	10	-0.15089062	0.11607847	0.45502764	Binding_RAL	-0.090845354	0.06988632	0.2739544
K166E	K166E	166	166	0.018078359	-0.09252113	-0.23393089	-0.015467749	-0.016853137	0.14272952	-0.015288776	0.07481523	-0.04624469	-0.26570392	10	-0.045038715	0.1259581	0.49375576	Binding_RAL	-0.027116053	0.07583445	0.29727107
K166F	K166F	166	166	0.043619066	-0.1784496	-0.09980774	-0.10274439	0.17696555	-0.069386765	0.009437792	-0.108606316	-0.3286881	-0.05549082	10	-0.07131513	0.13438636	0.52679455	Binding_RAL	-0.042936057	0.08090878	0.31716242
K166G	K166G	166	166	0.04234728	0.1044194	0.089910075	0.1280596	0.13474196	0.10050038	0.0039106365	0.013058141	0.075972095	0.03987664	10	0.07327962	0.04628918	0.18145359	Binding_RAL	0.0441188	0.027868908	0.10924612
K166H	K166H	166	166	-0.025776153	0.012630503	0.07033519	0.02257747	0.0074325465	0.025193172	0.07804005	0.06178905	-0.07868833	0.13158222	10	0.03051157	0.05876031	0.23034042	Binding_RAL	0.018369826	0.03537729	0.13867898
K166I	K166I	166	166	-0.2231027	-0.049460225	-0.3392158	-0.21750894	-0.08384714	0.014409436	-0.07584439	0.08283643	0.10035742	0.028437043	10	-0.076293886	0.14419259	0.56523496	Binding_RAL	-0.04593357	0.086812735	0.34030592
K166L	K166L	166	166	0.021764504	0.070136234	-0.20659438	0.37054867	-0.18091145	-0.2359727	-0.41413233	-0.005424828	-0.021615947	0.12806013	10	-0.047414206	0.2210362	0.86646193	Binding_RAL	-0.028546244	0.13307726	0.5216629
K166M	K166M	166	166	-0.09156685	-0.06680824	-0.32364917	0.010084282	-0.25949195	-0.08135428	-0.0677942	-0.19911347	-0.40974197	-0.22846736	10	-0.17179032	0.13369194	0.5240724	Binding_RAL	-0.103428245	0.0804907	0.31552356
K166N	K166N	166	166	-0.18445216	0.066656716	0.037569784	0.0014125035	0.16726713	-0.080056526	0.07401203	0.032978293	-0.011463308	0.049658965	10	0.015358344	0.094909616	0.3720457	Binding_RAL	0.009246659	0.057141375	0.2239942
K166P	K166P	166	166	-0.33952945	-0.24412508	-0.016798405	-0.056006897	-0.20373432	0.09770176	-0.004042852	-0.025256908	-0.14877133	0.060916524	10	-0.0879647	0.14081891	0.5520101	Binding_RAL	-0.052960113	0.08478157	0.33234376
K166Q	K166Q	166	166	-0.29449654	0.08390618	-0.16112947	0.0971868	-0.046014253	0.0025822292	-0.050712474	0.15711005	0.15037453	-0.3723647	10	-0.043355763	0.18288627	0.7169142	Binding_RAL	-0.026102813	0.11010869	0.43162608
K166R	K166R	166	166	-0.034222577	-0.011318598	-0.021719871	-0.013993522	0.016495222	0.07230566	0.04134056	-0.025995512	0.00869586	0.022542356	10	0.005412957	0.03357024	0.13159534	Binding_RAL	0.0032589303	0.020211332	0.07922842
K166S	K166S	166	166	-0.029623743	0.04802411	-0.15601368	-0.0014778654	0.07311148	0.08821271	-0.1537938	-0.14488547	-0.13830282	-0.16424778	10	-0.057899676	0.10428524	0.40879816	Binding_RAL	-0.034859136	0.06278607	0.2461214
K166T	K166T	166	166	-0.056564756	0.12631385	-0.17355914	-0.20464869	-0.1937522	-0.0021708866	-0.024200488	-0.13807213	-0.012094987	0.11558534	10	-0.056316413	0.120251454	0.47138572	Binding_RAL	-0.033905916	0.07239871	0.28380293
K166V	K166V	166	166	-0.261706	-0.5395706	-0.34066638	-0.18619488	-0.26339108	-0.2822386	-0.18419157	-0.080442116	-0.16867729	-0.6504269	10	-0.29575056	0.17531018	0.6872159	Binding_RAL	-0.17805988	0.10554742	0.4137459
K166W	K166W	166	166	-0.13814946	-0.5052859	-0.306798	-0.5354573	-0.17522214	-0.18754049	-0.51856136	-0.31567934	-0.25577533	-0.48635125	10	-0.34248206	0.15588143	0.61105525	Binding_RAL	-0.20619509	0.09385013	0.3678925
K166Y	K166Y	166	166	0.108921185	0.04772516	-0.25854775	-0.17772785	0.11083719	0.041563205	0.03181313	0.08422946	-0.1097256	0.16644809	10	0.004553621	0.13913703	0.5454172	Binding_RAL	0.0027415575	0.08376898	0.32837442
K168A	K168A	168	168	1.0485772				0.960586	0.3395398	1.0375831	0.48349497	-0.39555776	0.83651507	7	0.61581975	0.52431834	2.055328	Binding_RAL	0.37076104	0.31567162	1.2374328
K168C	K168C	168	168	-0.09824797	0.14900827	0.13111964	0.20865127	-0.070706844	0.086364776	0.10451676	0.1919479	0.025769822	-0.096654296	10	0.06317694	0.116858326	0.45808464	Binding_RAL	0.03803637	0.07035584	0.2757949
K168E	K168E	168	168	0.044968747	0.16666415	1.244752	0.024390806	0.124299385	-0.14480053	-0.24021624	-0.11175423	-0.021023031	-0.09512597	10	0.09921552	0.421303	1.6515079	Binding_RAL	0.059733793	0.2536501	0.9943084
K168F	K168F	168	168				-0.33346316	-0.30042514	-0.028197821	-0.29827866	-0.16323216	0.08975294	-0.2624532	7	-0.18518533	0.16059527	0.62953347	Binding_RAL	-0.11149286	0.096688144	0.37901753
K168G	K168G	168	168	-0.29185846	-0.2685084	-0.33211944	-0.3078225	-0.17962644	-0.2203489	-0.22932139	-0.25543073	-0.09189534	-0.3011086	10	-0.24780402	0.07151644	0.28034446	Binding_RAL	-0.14919312	0.043057255	0.16878444
K168H	K168H	168	168	-0.47741738				-0.18625508	-0.54777783	-0.18240468	-0.48988917	-0.3809921	-0.57123935	7	-0.4051394	0.16250423	0.6370166	Binding_RAL	-0.24391861	0.097837456	0.38352284
K168I	K168I	168	168	0.28614172	0.16150662	-0.18623385	-0.20135492	0.018225115	-0.010033902	0.29600218	-0.32744473		-0.33509502	9	-0.033142976	0.24516858	0.9610609	Binding_RAL	-0.019954093	0.14760643	0.5786172
K168L	K168L	168	168	0.08528859	-0.364999	0.027554598	-0.03348064	-0.077026255	-0.15479611	-0.05418043	-0.051736668	-0.14882597	-0.14259754	10	-0.09147994	0.123235606	0.48308358	Binding_RAL	-0.055076502	0.07419535	0.29084578
K168M	K168M	168	168	-0.029288009	0.114470534	0.06940389	0.024039084	0.022630736	-0.04205279	-0.17189728	0.08914103	-0.042495787	0.06268796	10	0.009663938	0.08428339	0.3303909	Binding_RAL	0.0058182795	0.05074374	0.19891547
K168N	K168N	168	168	-0.31304473	-0.11144845	-0.26211727	-0.58170503	-0.6709905	-0.7902384	-0.68810236	-0.37985143	-0.73165435	-0.20676443	10	-0.47359166	0.24611641	0.96477634	Binding_RAL	-0.28513107	0.14817709	0.5808542
K168Q	K168Q	168	168	-0.21044488	-0.34025767	-0.35023323	0.10533648	-0.005500439	-0.61182237	0.20798044	-0.036715496	-0.14256607	-0.18674089	10	-0.15709642	0.24064419	0.9433252	Binding_RAL	-0.09458162	0.14488247	0.5679393
K168R	K168R	168	168	-0.22308232	-0.23625629	0.03559471	-0.022482526	-0.048040755	-0.16938396	-0.04971803	-0.0467598	0.0731757	-0.15263656	10	-0.08395898	0.10602615	0.4156225	Binding_RAL	-0.050548427	0.063834205	0.2502301
K168S	K168S	168	168	0.01886756	-0.006465873	0.043568786	0.055426367	-0.08135455	0.2764852	0.12390349	-0.008952835	0.11420856	0.12421233	10	0.065989904	0.09932472	0.3893529	Binding_RAL	0.039729945	0.059799537	0.23441419
K168T	K168T	168	168	-0.18355045	-0.022283584	-0.11791403			-0.42292374	-0.11825639	-0.17391074	-0.27823082	-0.08829879	8	-0.17567106	0.125078	0.49030575	Binding_RAL	-0.10576469	0.075304575	0.29519394
K168V	K168V	168	168	-0.17284752	-0.51822037	-0.015782844	-0.29803234	-0.07714068	-0.5043044	-0.30754	-0.09133499	-0.18697144	-0.32973215	10	-0.25019068	0.1726993	0.6769813	Binding_RAL	-0.15063004	0.10397551	0.407584
K168W	K168W	168	168	-0.08680611	0.09885178	0.005207068	0.024896795	0.13329935	0.0899225	0.02477295	0.41346174	-0.014713428	0.067892164	10	0.07567848	0.13454719	0.527425	Binding_RAL	0.04556306	0.08100561	0.317542
K168Y	K168Y	168	168	-0.28316683	-0.21085338	-0.37411	-0.21105489	-0.25262362	-0.15927832	-0.4256885	-0.18909708	-0.11777943	0.057506137	10	-0.2166146	0.13468559	0.5279675	Binding_RAL	-0.1304152	0.08108894	0.31786865
K171A	K171A	171	171	-0.33671924	-0.27955845	-0.74366117				-0.33321443	-0.31642324	-0.18722126	-0.35461447	7	-0.36448747	0.17633569	0.6912359	Binding_RAL	-0.21944368	0.106164835	0.41616616
K171D	K171D	171	171			0.6512805	-0.5055678	-0.58397216	-0.04187664	-0.13349207	0.10240752	-0.04431356		7	-0.07936202	0.41002542	1.6072997	Binding_RAL	-0.047780775	0.2468603	0.9676924
K171E	K171E	171	171	-0.06512818	-0.47725263	0.058488566	0.1470962	0.33235997	-0.3638448	-0.18225564	0.027545959	0.19637105	0.42091963	10	0.009430009	0.2884321	1.1306539	Binding_RAL	0.00567744	0.1736537	0.68072253
K171F	K171F	171	171	0.9357657	-0.023580382	-0.06737496	0.21463184	0.38380277	0.47333822	0.26409218	0.33643645	0.8813589	0.9203666	10	0.43188372	0.3711454	1.45489	Binding_RAL	0.26002035	0.22345217	0.8759325
K171G	K171G	171	171				0.15656573	-0.61544806	0.22608931	0.06881828	0.29485482	0.03364223	0.3213957	7	0.06941686	0.3206184	1.2568241	Binding_RAL	0.041793182	0.19303182	0.7566847
K171H	K171H	171	171	-0.28363732	0.09980461	0.37513652	0.00064498355	0.2245899				0.40118253	0.30284452	7	0.16008082	0.24319425	0.9533215	Binding_RAL	0.096378416	0.14641777	0.5739577
K171I	K171I	171	171				0.5256505	0.5060372	0.5556604	0.19150323	0.46580985	0.5180127	0.55417705	7	0.4738359	0.12819216	0.5025133	Binding_RAL	0.28527808	0.07717949	0.3025436
K171L	K171L	171	171	-0.03974567				-0.62611175	0.35403493	-0.19844227	0.18775335	-0.14792866	0.15079124	7	-0.045664113	0.32238472	1.263748	Binding_RAL	-0.027492581	0.19409525	0.7608534
K171M	K171M	171	171	-0.040939894	-0.062451873	0.13919689	0.03232101	-0.01504916	-0.07975715	-0.45122126	-0.12422763	0.031216428	-0.18313114	10	-0.075404376	0.15960744	0.6256612	Binding_RAL	-0.04539803	0.09609341	0.37668616
K171N	K171N	171	171	-0.6970951	-0.4855396	-0.84154683	0.024511395	-0.06542389	-0.11332447	-0.16775714	0.2909849	0.21009983	0.35201728	10	-0.14930737	0.40900433	1.603297	Binding_RAL	-0.08989214	0.24624555	0.96528256
K171P	K171P	171	171	0.31891593	0.1751456	0.31269646	0.47264758	0.86434907	1.1301762	0.41504246	0.52223897	0.5326788	0.5757823	10	0.5319673	0.28054094	1.0997205	Binding_RAL	0.32027674	0.16890275	0.6620988
K171Q	K171Q	171	171	0.14568473	-0.30244467	0.3760632	0.23174568	0.16749933	0.3747029	0.25551394	0.27402976	0.102759704	0.21094505	10	0.18364996	0.19277179	0.7556654	Binding_RAL	0.11056847	0.116060376	0.45495668
K171R	K171R	171	171	0.040438678	-0.17384362	-0.11393785	0.028978521				-0.26098	-0.54575133	-0.6296189	7	-0.23638777	0.26359665	1.0332989	Binding_RAL	-0.14231986	0.15870126	0.62210894
K171S	K171S	171	171	0.03702233	-0.6210301	-6.95003e-05	-0.26623154	-0.008692824	0.28944632	-0.36967242	-0.2034839	-0.20698546	-0.12351917	10	-0.14732163	0.24964637	0.9786138	Binding_RAL	-0.0886966	0.15030234	0.5891852
K171V	K171V	171	171	0.041229274	0.13682759	0.31506822	1.0420247	1.0381008	1.1154518	0.38270396	0.13513081	-0.047467053	0.5030305	10	0.46621004	0.443958	1.7403154	Binding_RAL	0.28068686	0.2672898	1.047776
K171Y	K171Y	171	171	0.025030851	-0.07616571	0.13171184	0.44824132	-0.02832233	-1.2329267	-0.811878	-1.0716451	-0.038335424	-0.14664045	10	-0.28009298	0.5569389	2.1832004	Binding_RAL	-0.16863306	0.33531117	1.3144199
K174A	K174A	174	174	-0.699667	-0.093557976	0.12226474	-0.81110483	-0.4157068	-0.1340277	-0.305667	0.52408266	0.15215865	-0.47601905	10	-0.21372442	0.4113612	1.6125358	Binding_RAL	-0.12867513	0.24766451	0.9708449
K174C	K174C	174	174	-0.33242282	-0.22892787	-0.15519364	-0.7490207	-0.7089683	-0.30027324	-0.50556576	0.07410472	0.041270457	-0.20559207	10	-0.30705893	0.27949116	1.0956054	Binding_RAL	-0.1848682	0.16827072	0.65962124
K174E	K174E	174	174	-0.30842203	-0.6559125				0.240723	-0.36634496	-0.2766765	-0.41884294	-0.36858544	7	-0.30772305	0.27156392	1.0645306	Binding_RAL	-0.18526803	0.16349803	0.6409123
K174F	K174F	174	174	-0.10647516	0.55905825	0.64111304	0.51117563	0.62518173	0.6960275	0.40649548	0.5640822	-0.011017895	-0.063812904	10	0.38218278	0.31596413	1.2385794	Binding_RAL	0.23009734	0.19022967	0.7457003
K174G	K174G	174	174	0.2500559	-0.6460263	0.20736386	-0.124715336	0.07144666	0.107718445	0.19069317	0.32859704	0.07485988	0.81592226	10	0.12759157	0.36636603	1.4361548	Binding_RAL	0.0768179	0.22057469	0.8646528
K174I	K174I	174	174	0.17593054	0.48518682	0.21202706	0.1266663	-0.08699842	0.2095385	0.40472275	0.361358	-0.017978026	-0.12380416	10	0.17466493	0.2065013	0.80948514	Binding_RAL	0.10515894	0.12432638	0.4873594
K174L	K174L	174	174	-0.20794338	0.45172217	0.013299176	-0.47648892	-0.051379807	0.3883157	0.07043245	-0.14324737	0.0020502175	0.08067085	10	0.012743111	0.27045426	1.0601807	Binding_RAL	0.0076721297	0.16282995	0.63829345
K174P	K174P	174	174	-0.36293417	0.11679507	-0.10342574	0.18216	-0.23493019	-0.33156794	0.24625912	-0.2486911	-0.42232794	0.12825085	10	-0.10304121	0.2506649	0.9826064	Binding_RAL	-0.06203709	0.15091555	0.591589
K174Q	K174Q	174	174	-0.3318928	0.14497645	-0.14685847	-0.4733096	-0.50454366	-0.020561188	0.0859418	-0.27213714	-0.43823004	-0.35244432	10	-0.23090592	0.23482364	0.9205087	Binding_RAL	-0.13901944	0.14137815	0.5542024
K174R	K174R	174	174	0.18797721	1.3105842	0.043209564	-0.19184528				1.2042103	0.11062971	0.17232068	7	0.40529802	0.59635395	2.3377075	Binding_RAL	0.24401413	0.35904145	1.4074426
K174S	K174S	174	174			0.26825064	0.017729439	0.034888584	-0.1303786	-0.59924775	0.020924356	-0.12449456		7	-0.07318971	0.26709113	1.0469972	Binding_RAL	-0.04406467	0.16080514	0.63035613
K174Y	K174Y	174	174	0.0026265942	0.5053323	0.12743588		-0.041511886	0.15123084	-0.055422086	0.34880316	-0.19420029	0.20441507	9	0.116523296	0.21743877	0.85236	Binding_RAL	0.07015413	0.1309114	0.5131727
K175A	K175A	175	175	-0.638254	-0.42255858	-0.51535785	-0.74407834	-1.0084805	-0.2240749	-0.6366258	-0.30047885	-0.7008374	-0.621436	10	-0.58121824	0.22784065	0.89313537	Binding_RAL	-0.34992883	0.13717397	0.53772193
K175C	K175C	175	175	-0.004363865	0.0054221507	0.007261127	0.011042513	0.030084983	0.0016550829	0.014006567	0.034823764	0.02972461	0.029468816	10	0.015912576	0.013982891	0.054812934	Binding_RAL	0.009580341	0.008418553	0.033000726
K175E	K175E	175	175	0.7028932	0.1354225	-0.028823784	-0.061518256	0.28599492	0.6165343	0.49831837	0.15076146	0.31353968	0.40671074	10	0.3019833	0.25857577	1.013617	Binding_RAL	0.18181236	0.15567838	0.61025923
K175F	K175F	175	175	0.22727379	0.22178084	0.514451	0.4787528	0.47944382	0.7517025	0.7041952	0.6243919	0.4881487	0.74141026	10	0.5231551	0.19045247	0.7465737	Binding_RAL	0.31497127	0.114664	0.4494829
K175G	K175G	175	175	-0.49638858	-0.41601703	-0.4757492	-0.35471657	-0.27462143	-0.26610452	-0.14130852	-0.09004612	-0.24474902	-0.15188785	10	-0.29115888	0.14188215	0.55617803	Binding_RAL	-0.1752954	0.085421704	0.33485308
K175I	K175I	175	175			1.168386	1.3149282	1.2283759	1.2215607	0.8736459	1.4677544	0.93725526		7	1.1731294	0.20722693	0.8123296	Binding_RAL	0.70629543	0.12476325	0.48907197
K175L	K175L	175	175	-0.10065003	-0.11077128	0.03285413	0.05533084	0.000536999	0.063232325	-0.037656173			0.0019945342	8	-0.011891082	0.06636587	0.26015422	Binding_RAL	-0.0071591563	0.039956298	0.15662868
K175M	K175M	175	175	0.11305388	0.4335939	0.4478194	0.08688161	0.21971284	-0.46603662			0.26474848	0.4575781	8	0.19466895	0.30487487	1.1951095	Binding_RAL	0.11720258	0.18355326	0.7195288
K175R	K175R	175	175	0.01189213	0.1901814	0.008241853	0.27057374	0.14810649	0.020260567	0.43798402	0.12021261	0.2135614	0.08304465	10	0.15040588	0.13519579	0.5299675	Binding_RAL	0.090553515	0.08139611	0.31907275
K175S	K175S	175	175	0.16717514	-0.24079706	-0.18236767	-0.023746489	0.30987304	-0.16597712	0.054140087	-0.23884778	0.2008387	-0.14378166	10	-0.026349079	0.19926764	0.7811292	Binding_RAL	-0.015863752	0.11997127	0.47028738
K175T	K175T	175	175	0.197191	0.357167	0.03778677	-0.06910141	0.12750982	0.3963327	0.21528843	0.14321694	0.26580003	0.23370798	10	0.19048992	0.13954645	0.5470221	Binding_RAL	0.11468655	0.08401547	0.32934067
K175V	K175V	175	175	0.2266776	0.40518278	-0.18011616	0.28671542	0.18519269	-0.018884925	0.4258929	0.5871986	0.13539872	0.51981336	10	0.2573071	0.23979451	0.9399945	Binding_RAL	0.15491457	0.14437091	0.565934
K175W	K175W	175	175	0.67364305	-0.13468839	0.010298437	0.039667998	-0.34464058	-0.15110104	0.20354278	-0.06895953	-0.6116023	-1.1770169	10	-0.15608564	0.49184552	1.9280344	Binding_RAL	-0.09397307	0.296121	1.1607944
K175Y	K175Y	175	175	-0.9177035	-0.36879733	-0.3513247	0.07280979	-0.31257284	0.14554757	-0.5318603	0.0010972908	-0.28063884	-0.44094288	10	-0.2984386	0.31468096	1.2335494	Binding_RAL	-0.17967825	0.18945713	0.74267197
K176A	K176A	176	176	-0.12056962	-0.07032471	-0.14300486	0.1803968	-0.44029683	-0.41309565	-0.06557276	-0.031297736	-0.019214094	-0.050158083	10	-0.11731374	0.18484963	0.72461057	Binding_RAL	-0.07063003	0.11129075	0.43625975
K176D	K176D	176	176	-0.7707834	-0.113964945	-0.19372126	-0.2319805	-0.06040669	-0.11514753				-0.15676089	7	-0.23468076	0.24303445	0.9526951	Binding_RAL	-0.14129212	0.14632156	0.57358056
K176E	K176E	176	176	-0.14404508	0.25098193	-0.05062462	0.0055390713	0.22925027	0.20582457	-0.23729883	0.0074497764	0.11093269	-0.002004401	10	0.03760054	0.16186146	0.6344969	Binding_RAL	0.022637818	0.09745047	0.38200587
K176G	K176G	176	176	-0.15917113	0.06152562	0.06193743	0.107586786	0.08253173	-0.088862374	-0.10200324	-0.15114774	-0.114694685	-0.049604762	10	-0.035190236	0.103130065	0.40426987	Binding_RAL	-0.021186668	0.062090587	0.2433951
K176H	K176H	176	176	-0.15807796	-0.051346026	-0.2335327	-0.3507039				0.2744732	0.111762986	-0.10935522	7	-0.073825665	0.21086697	0.8265985	Binding_RAL	-0.044447552	0.12695478	0.49766275
K176L	K176L	176	176	0.3750677	-0.17368627	0.5064476	0.3525701	0.07539979	0.29654086	0.40077645	-0.31913278	0.3968837	0.38962767	10	0.23004949	0.2764508	1.0836872	Binding_RAL	0.13850382	0.16644025	0.6524458
K176M	K176M	176	176	0.493155	0.515323	0.60679626	0.50811845	0.1320795	0.025258148	0.30899245	0.53000104	0.4462706	0.59783113	10	0.41638255	0.1978836	0.7757037	Binding_RAL	0.2506877	0.119137995	0.46702096
K176N	K176N	176	176	0.20922382	-0.20473374	0.12158315	1.0323251	0.07806812	0.26851174	0.20352857	0.22378898	0.17807029	0.41626635	10	0.25266325	0.31666076	1.2413102	Binding_RAL	0.15211868	0.19064909	0.74734443
K176P	K176P	176	176	0.1791504	-0.02175202				-0.0014550805	-0.4850713	0.03641175	0.026257373	-0.22023672	7	-0.06952794	0.21777084	0.8536617	Binding_RAL	-0.04186006	0.13111132	0.5139564
K176Q	K176Q	176	176	-0.15728799				0.499736	0.3371675	0.080807865	0.22911039	0.4019012	0.64910424	7	0.2915056	0.26932362	1.0557486	Binding_RAL	0.17550415	0.16214924	0.635625
K176R	K176R	176	176	0.37292713	0.16734056	0.25426292	0.14127733	0.3305299	0.38059592	-0.04957741	0.19200426	0.20682383	0.14944582	10	0.21456304	0.12903509	0.50581753	Binding_RAL	0.12918003	0.07768699	0.304533
K176S	K176S	176	176	0.040351707	0.10162785	0.0025050754	-0.20182645	-0.029120017	-0.03327492	0.3300776	0.26746467	0.09576605	-0.04311465	10	0.053045698	0.15564632	0.6101336	Binding_RAL	0.031936746	0.093708575	0.3673376
K176T	K176T	176	176	0.009280288	-0.5515132	-0.52642286	-0.20505512	-0.42236683	-0.61700517	-0.2866675	-0.59587884			8	-0.39945364	0.22144163	0.8680512	Binding_RAL	-0.24049544	0.13332136	0.5226197
K176V	K176V	176	176	0.18415545	-0.048679832	-0.2532832	-0.011188259	-0.15329905	0.038413182	-0.25219026	-0.0930908	0.07837863	-0.16056116	10	-0.06713453	0.1432384	0.5614945	Binding_RAL	-0.04041908	0.08623825	0.33805394
K176W	K176W	176	176	-0.60054713	0.0026616566	-0.036721077	0.021706348	-0.21293485	-0.042769067	-0.28285113	0.15091622	0.099560626	0.07073445	10	-0.0830244	0.22568898	0.88470083	Binding_RAL	-0.049985748	0.13587853	0.53264385
K176Y	K176Y	176	176	0.36693117	0.85350883	0.5555137				0.6793043	0.9795447	0.56324744	0.56801575	7	0.6522951	0.20580754	0.80676556	Binding_RAL	0.39272144	0.12390868	0.48572204
K177A	K177A	177	177	-0.19908327	-0.32196045	0.049363546	0.093327396	-0.3828111	0.15349999	-0.38998052	-0.03936028	-0.23499642	-0.21491861	10	-0.14869198	0.199583	0.7823653	Binding_RAL	-0.08952164	0.12016113	0.47103164
K177C	K177C	177	177	0.08814882	-0.19155118	-0.05039235	-0.0104312645	0.053773172	-0.19621748	0.07356317	0.23207837	-0.0069301086	0.051484548	10	0.004352569	0.12922172	0.5065492	Binding_RAL	0.002620512	0.07779936	0.30497348
K177D	K177D	177	177	-0.27979338	-0.15949285	-0.07180943	-0.2722247	-0.15276186	-0.16092788	-0.092711635	0.14772788	-0.052150473	-0.16225941	10	-0.12564038	0.12194301	0.47801661	Binding_RAL	-0.07564317	0.07341713	0.28779516
K177E	K177E	177	177	0.04395496	-0.029305037	0.041420326	-0.16213766	-0.01698955	-0.072931476	0.042881373	0.08298679	0.06350013	0.0024695848	10	-0.00041505616	0.0739106	0.28972957	Binding_RAL	-0.00024988913	0.04449869	0.17443487
K177F	K177F	177	177	0.08670592	-0.064176336	-0.07833024	-0.06198015	0.10358261	-0.020145632	-0.17632385	0.19705245	-0.29304773	0.06395882	10	-0.024270412	0.14404699	0.56466424	Binding_RAL	-0.014612268	0.08672507	0.33996227
K177G	K177G	177	177	-0.15283415	-0.17722979	-0.04869251	-0.22062124	-0.27299777	-0.33515427	-0.06343422	0.006127174	-0.012710754	-0.12748992	10	-0.14050375	0.113398604	0.44452253	Binding_RAL	-0.08459182	0.068272874	0.26762968
K177H	K177H	177	177	-0.06430254	0.30508152	0.2690872	0.30909285	-0.07657719	-0.009711489	0.11742959	0.15186027	-0.052296747	-0.1368973	10	0.08127662	0.17106932	0.6705918	Binding_RAL	0.04893348	0.10299417	0.40373713
K177I	K177I	177	177	0.10524024	-0.02150645	0.06662178	-0.16037345	-0.016901668	-0.13006058	0.011178528	-0.062064085	-0.016255066	0.033772077	10	-0.019034866	0.08209479	0.3218116	Binding_RAL	-0.01146015	0.049426068	0.19375019
K177L	K177L	177	177	-0.17729735	-0.3488346	0.07532056	-0.35913563	-0.31186044	0.066317536	-0.23410618	-0.027842378	0.07335723	-0.20075092	10	-0.14448324	0.17699201	0.69380873	Binding_RAL	-0.08698772	0.106559984	0.41771513
K177M	K177M	177	177	-0.06939909	0.07356563	-0.10919221	0.05812321	-0.052185815	-0.0077680172	-0.036916655	0.11721067	0.117851496	0.17211996	10	0.02634092	0.09427506	0.36955824	Binding_RAL	0.01585884	0.05675933	0.22249658
K177N	K177N	177	177	0.19315302	0.08571009	0.10206137	0.030513171	0.20118116	-0.07081335	0.027627556	0.19533716	0.1788196	-0.012706954	10	0.093088284	0.09769215	0.38295323	Binding_RAL	0.056044824	0.05881663	0.2305612
K177P	K177P	177	177	0.25299484	0.23501451	0.10476844	-0.07361154	-0.012514876	0.1884973	-0.02460045	-0.22295848	0.048812255	-0.2791396	10	0.021726241	0.1817257	0.71236473	Binding_RAL	0.013080522	0.10940995	0.428887
K177Q	K177Q	177	177	0.22644556	-0.16690047	0.09920515	-0.11368045	-0.05817667	-0.02052135	-0.28331107	0.005357751	0.16432017	-0.21878563	10	-0.036604702	0.16582018	0.6500151	Binding_RAL	-0.022038262	0.09983386	0.39134875
K177R	K177R	177	177	-0.14847896	-0.01609399	-0.070689656	-0.02741414	-0.061231922	0.13941944	-0.08949172	0.033479903	-0.03734598	-0.14420868	10	-0.042205565	0.084818855	0.3324899	Binding_RAL	-0.025410322	0.051066123	0.2001792
K177S	K177S	177	177	-0.09165361	0.04986964	0.120939426	-0.03136523	0.14553162	0.011576031	0.20296006	0.011330726	-0.20992044	-0.21403305	10	-0.00047648101	0.14103056	0.5528398	Binding_RAL	-0.00028687064	0.084909	0.33284327
K177T	K177T	177	177	0.13390063	0.11925677	-0.020783506	0.6793888	-0.24046117	-0.11758426	0.14666602	-0.018663535	0.20515	0.01813445	10	0.09050043	0.24679539	0.9674379	Binding_RAL	0.054486778	0.14858587	0.58245665
K177V	K177V	177	177	0.11066924	0.09466557	0.2331021	0.12138338	-0.11486324	-0.30471748	-0.14904054	-0.15213007	0.010643284	-0.07558244	10	-0.022587012	0.16411613	0.6433352	Binding_RAL	-0.013598759	0.098807916	0.38732705
K177W	K177W	177	177	-0.25937006	-0.32129616	0.045605887	-0.06075642	-0.3445758	-0.08570275	0.03096788	-0.26095665	-0.33920777	-0.20087416	10	-0.1796166	0.15062876	0.5904648	Binding_RAL	-0.10814015	0.0906877	0.35549578
K177Y	K177Y	177	177	0.22971728	-0.0017211502	0.09229636	-0.018474333	0.050522055	0.07276841	0.09011031	-0.084013924	0.14282778	-0.014821356	10	0.055921145	0.09068048	0.3554675	Binding_RAL	0.03366794	0.05459518	0.21401311
K178E	K178E	178	178	0.3671616	-0.52243125	0.15974501	-0.62999326	0.3435052	0.21000844				-0.15032263	7	-0.031760983	0.4098347	1.6065521	Binding_RAL	-0.01912205	0.24674548	0.9672423
K178R	K178R	178	178	-0.13365726	-0.088111825	-0.049557257	-0.14647067	-0.12683003	0.4769217	0.14783439	-0.024180226	-0.34793842	0.25516966	10	-0.0036819936	0.23606838	0.9253881	Binding_RAL	-0.0022167847	0.14212756	0.55714005
K179D	K179D	179	179				1.1669713	1.0381218	-0.102667965	0.44784123	0.32236636	0.7860774	0.45297956	7	0.5873842	0.44017193	1.725474	Binding_RAL	0.35364112	0.26501033	1.0388405
K179E	K179E	179	179		0.03477132	-0.24512984	-0.19121274	0.2557934	0.1330486	-0.055805836	-0.35813692			7	-0.060953148	0.21846493	0.85638255	Binding_RAL	-0.03669751	0.13152921	0.51559454
K179G	K179G	179	179	-0.079650246	0.11909909	-0.13327469	0.2006829				-0.3389094	-0.5266922	0.025572382	7	-0.10473888	0.2564797	1.0054005	Binding_RAL	-0.063059196	0.15441643	0.6053124
K179L	K179L	179	179				-0.5415444	-0.4442093	-0.37149498	-0.24333234	-0.12626348	-0.6107215	-0.5500368	7	-0.4125147	0.17705767	0.69406605	Binding_RAL	-0.248359	0.10659951	0.41787007
K179M	K179M	179	179	0.10366239		-0.047725704	0.7512898	0.13668017	0.08217691	0.14673808	0.197677	0.29960558	0.080968685	9	0.19456367	0.22889054	0.89725095	Binding_RAL	0.11713919	0.13780606	0.54019976
K179R	K179R	179	179	-0.5096408	-0.10255315	-0.54534763	-0.28478867	-0.23756975	-0.2585056	0.2285552	-0.02403956	-0.07654492	0.2722756	10	-0.15381593	0.27248633	1.0681465	Binding_RAL	-0.09260657	0.16405338	0.64308923
K179S	K179S	179	179	0.6887124	0.9674958	0.04304038	0.07405663	0.94167805	1.1848812	0.5422793	0.6007427	0.9162134	0.3498665	10	0.6308967	0.38656855	1.5153487	Binding_RAL	0.3798383	0.23273784	0.91233236
K179T	K179T	179	179	1.0120167	1.0657537	0.9832816	0.82451403	0.78225285	0.42325583	1.1590749	-0.92887044	0.79518545	-0.3658735	10	0.5750591	0.6882545	2.6979575	Binding_RAL	0.34622064	0.41437116	1.6243349
K179V	K179V	179	179	0.20907356	0.1872007	0.032648876	-0.11870809	-0.06875091	-0.36335126	0.0062163216	0.22415672	0.038173188	-0.012416636	10	0.0134242475	0.17662212	0.69235873	Binding_RAL	0.008082216	0.10633729	0.41684216
K179W	K179W	179	179			-0.015947945	0.062399987	-0.1589054	1.009216	0.31530544	0.42375505	0.5447485		7	0.31151024	0.39673296	1.5551932	Binding_RAL	0.18754816	0.23885743	0.93632114
K181C	K181C	181	181	-0.8647239	0.061498716	0.08837558	0.24221838	-0.26436046	-0.0015797253	0.14346358				7	-0.085015416	0.3781285	1.4822638	Binding_RAL	-0.051184464	0.22765641	0.89241314
K181D	K181D	181	181			0.6001436	-0.60587096	0.27997878	0.12137811	0.22720551	-0.46832317	-0.88879746		7	-0.10489794	0.54836994	2.1496103	Binding_RAL	-0.06315496	0.33015215	1.2941965
K181E	K181E	181	181			-0.7319601	0.29258215	-0.45245084	-0.5944078	-0.6621585	0.28263667	-0.58636904		7	-0.35030392	0.44395542	1.7403053	Binding_RAL	-0.21090432	0.26728824	1.0477699
K181F	K181F	181	181	0.31689334	0.557003	0.3997806	0.395751	0.76665014	0.274009	0.47799435	0.29496065	0.49515867	0.27426085	10	0.42524618	0.1554524	0.60937345	Binding_RAL	0.25602412	0.093591824	0.36687997
K181G	K181G	181	181	0.16743913	0.05019189	0.40449226	0.13326497	-0.079246566	0.3182107	0.51159436	-0.036563516	0.19142365	0.29526258	10	0.19560695	0.18965894	0.74346304	Binding_RAL	0.11776731	0.11418625	0.4476101
K181I	K181I	181	181	-0.0054100705	-0.22673899	0.0013629502	-0.06267829	-0.01702339	0.015992243	0.037208896	-0.5852092	-0.019316634	0.048214503	10	-0.081359796	0.19329704	0.7577244	Binding_RAL	-0.04898356	0.11637661	0.4561963
K181L	K181L	181	181	0.113472946	-0.5600109	0.15206207	0.3073423	-0.5598528	-0.83205295	-0.45994326	-0.60339206	-0.032147992	-0.37722394	10	-0.28517467	0.3880912	1.5213176	Binding_RAL	-0.17169254	0.23365457	0.9159259
K181M	K181M	181	181	-0.21000443	-0.2826801	0.46125212	0.15139158	0.1475681	-0.0003671725	-0.20320421	0.032393683	-0.012617238	-0.049015	10	0.0034717328	0.21762398	0.853086	Binding_RAL	0.002090195	0.1310229	0.51360977
K181N	K181N	181	181	-0.61514825	0.6361888	0.19689897	0.24320365	0.21670082	0.50433826	0.14601278	0.37138972	-0.055659264	0.24080357	10	0.1884729	0.34115672	1.3373344	Binding_RAL	0.11347218	0.20539714	0.8051568
K181P	K181P	181	181	-0.3670401	-0.19524592	0.3387037	-0.1528337	-0.21095653	0.9640017	0.6665793				7	0.1490298	0.5121163	2.0074959	Binding_RAL	0.08972503	0.30832526	1.2086351
K181R	K181R	181	181	-0.22650382	0.1782829	0.146725	-0.10552311	-0.13342212	0.24727619	0.3669054	-0.111907914	-0.41673282	-0.03095548	10	-0.00858558	0.23938102	0.9383736	Binding_RAL	-0.0051690424	0.14412196	0.5649581
K181V	K181V	181	181	0.54629624	0.61457837	0.3496021	0.5195918	0.44167387	0.3132319	0.6153622	0.13873562	0.42295986	0.5215367	10	0.44835687	0.14911161	0.58451754	Binding_RAL	0.26993817	0.08977428	0.35191518
K181W	K181W	181	181	0.34979466	0.28249976	0.9102276	0.5991475	0.15423533	-0.3619291	0.16190644			0.6568223	8	0.34408808	0.38819954	1.5217422	Binding_RAL	0.20716201	0.2337198	0.9161816
K183A	K183A	183	183	-0.100391306	0.10401801	-0.15990576	-0.46486613	-0.06666327	-0.50559145	-0.014525111	-0.27719238	-0.9792256	-0.46005294	10	-0.2924396	0.3188528	1.2499031	Binding_RAL	-0.17606647	0.19196883	0.7525178
K183C	K183C	183	183	-0.19866984	-0.46361175	0.012277797	-0.42491576				-0.01423495	-0.19553211	-0.44162005	7	-0.2466152	0.2011798	0.7886248	Binding_RAL	-0.14847739	0.12112251	0.47480026
K183E	K183E	183	183	0.2757298	0.3897644	0.24744229	0.39290518	-0.53736156	0.4782104	-0.22769085	0.17251922	0.20189685	0.17082512	10	0.15642408	0.3105287	1.2172725	Binding_RAL	0.09417683	0.18695721	0.7328723
K183G	K183G	183	183	-0.161464	0.052617013	0.16147663	-0.20917825	0.12354301	0.16121827	0.08809611	-0.1493548	0.008697254	0.05752896	10	0.013318019	0.13808328	0.54128647	Binding_RAL	0.00801826	0.083134554	0.32588747
K183I	K183I	183	183				1.2041938	1.5287174	0.51230425	1.3511914	1.5651492	1.6853194	1.8312093	7	1.3825836	0.4354679	1.7070342	Binding_RAL	0.83239967	0.2621782	1.0277386
K183L	K183L	183	183	1.0922322	0.7374441	0.75961405	1.0443308	1.0717847	0.7338502	0.6572025	0.87195903	0.7091765	0.62432706	10	0.8301921	0.17777881	0.696893	Binding_RAL	0.49982625	0.107033685	0.41957206
K183M	K183M	183	183	-0.13067754	0.3615464	0.3020216	0.2987955	0.49661776	0.41968444	0.2088696	0.42402315	0.38112053	0.15491572	10	0.29169172	0.18039641	0.7071539	Binding_RAL	0.1756162	0.10860964	0.42574978
K183R	K183R	183	183	-0.17631012	-0.050131872	-0.039193064	-0.18301538	0.14138553	-0.13508163	0.12289793	-0.019618643	0.08252363	0.17206652	10	-0.008447711	0.13252182	0.51948553	Binding_RAL	-0.0050860373	0.07978622	0.312762
K183T	K183T	183	183	0.013745188	-0.084398076	-0.17287745		0.976804	-0.34177652	-0.09537013	0.0049961335	-0.54453605	-0.18016118	9	-0.047063783	0.42224383	1.6551958	Binding_RAL	-0.028335268	0.25421652	0.9965288
K183V	K183V	183	183	1.0060207	0.90053487	0.89901614	0.9872471	0.8270497	1.3321887	0.6582323	-1.2831776	-0.818641	0.99370444	10	0.5502175	0.867609	3.4010274	Binding_RAL	0.3312645	0.52235353	2.0476258
K183W	K183W	183	183	0.828753	0.71231955	0.7328242	0.9787435	1.0219673	2.0631754	2.0850246	1.8639432	1.3862644	2.081333	10	1.3754349	0.5913628	2.3181422	Binding_RAL	0.8280957	0.35603645	1.3956629
K41A	K41A	41	41	0.1529592	0.19831961	0.1480452	0.1977312	0.21146938	0.20987915	0.22443563	0.2194601	0.1862629	0.1386896	10	0.1887252	0.03127212	0.12258671	Binding_RAL	0.11362408	0.018827723	0.07380468
K41C	K41C	41	41	0.16067056	0.2784695	0.29255202	0.16372627	0.40114978	0.33057815	0.23749402	0.290541	0.14866349	0.17677402	10	0.2480619	0.08483758	0.3325633	Binding_RAL	0.1493484	0.051077396	0.2002234
K41D	K41D	41	41	0.103428006	0.1721061	0.3084996	0.13184589	0.15510234	0.11867069	0.09262195	-0.0015211186	0.21076904	0.03941044	10	0.1330933	0.087198585	0.34181845	Binding_RAL	0.08013028	0.052498866	0.20579556
K41E	K41E	41	41	0.38378218	0.2877467	0.2751843	0.29796687	0.32146317	0.41178986	0.30047348	0.313951	0.22642799	0.3844225	10	0.3203208	0.05710876	0.22386634	Binding_RAL	0.19285266	0.034382954	0.13478118
K41F	K41F	41	41	0.30287164	0.2924659	0.3411376	0.23606163	0.28448933	0.22891079	0.2836093	0.20043996	0.16408922	0.21852298	10	0.25525984	0.054174572	0.21236433	Binding_RAL	0.153682	0.032616396	0.12785627
K41G	K41G	41	41	-0.023337489	-0.026542548	-0.0603822	0.03366761	-0.04039659	-0.07436337	-0.023427375	0.035156544	0.0038334392	0.01909294	10	-0.015669903	0.03785801	0.1484034	Binding_RAL	-0.009434237	0.02279283	0.08934789
K41H	K41H	41	41	0.41339326	0.1101383	0.27926713	0.20463434	0.19733077	0.32863563	0.30535403	0.38814297	0.24331303	0.35557076	10	0.28257802	0.09478341	0.37155098	Binding_RAL	0.1701292	0.057065394	0.22369635
K41I	K41I	41	41	0.034008842	-0.029484417	0.08065395	0.029475262	0.04257883	0.14889883	-0.02920347	0.11736793	0.13750741	0.07547341	10	0.060727656	0.06301474	0.24701779	Binding_RAL	0.03656175	0.037938714	0.14871976
K41L	K41L	41	41	0.19146352	0.23372719	0.16635162	0.21937731	0.22902223	0.23299319	0.26618493	0.24244474	0.22891855	0.23971558	10	0.22501989	0.02785796	0.109203205	Binding_RAL	0.1354757	0.01677219	0.065746985
K41M	K41M	41	41	0.17353131	-0.06004155	-0.019888692	0.010126211	0.010761714	0.032816634	0.027650133	0.05779952	0.0064292215	0.022676798	10	0.02618613	0.060747843	0.23813155	Binding_RAL	0.015765646	0.036573905	0.14336972
K41N	K41N	41	41	0.07250498	-0.037015557	0.05584586	-0.19256964	-0.12453933	0.016712617	0.023374913	0.12717803	0.06711296	0.053044584	10	0.0061649415	0.09790968	0.38380596	Binding_RAL	0.0037116706	0.058947597	0.23107459
K41P	K41P	41	41	1.5183867	1.3679477	1.4896327	1.3842688	1.5384965	1.4037803	1.4007694	1.4020083	1.3510948	1.5423775	10	1.4398763	0.07400177	0.29008693	Binding_RAL	0.86689335	0.044553574	0.17465001
K41Q	K41Q	41	41	-0.08943544	-0.049293205	-0.08835028	-0.055393368	-0.056186475	-0.18495685	-0.12224812	0.009761835	-0.051471453	-0.043141328	10	-0.073071465	0.052519474	0.20587634	Binding_RAL	-0.043993477	0.031619925	0.12395011
K41R	K41R	41	41	-0.233751	-0.2051819	-0.2664104	-0.16067758	-0.2524876	-0.27733433	-0.2376564	-0.17245269	-0.21634978	-0.19325481	10	-0.22155564	0.03901757	0.15294887	Binding_RAL	-0.13339	0.023490956	0.09208455
K41S	K41S	41	41	-0.026423525	-0.0105481595	-0.043840066	0.05235636	0.008916709	0.10838562	0.09133375	-0.005795875	0.02100572	0.098042004	10	0.029343253	0.054892026	0.21517675	Binding_RAL	0.017666427	0.033048347	0.12954952
K41T	K41T	41	41	0.08762204	0.061748456	0.06581751	0.16095331	0.013672152	0.060296524	0.15713622	0.083941214	0.012358152	0.08804365	10	0.07915892	0.05003552	0.19613925	Binding_RAL	0.047658496	0.030124435	0.11808779
K41V	K41V	41	41	0.1602022	0.20640197	0.32630473	0.20375812	0.26966706	0.106732436	0.15203495	0.1735565	0.2190158	0.23407741	10	0.20517512	0.062715545	0.24584495	Binding_RAL	0.12352793	0.03775858	0.14801364
K41W	K41W	41	41	0.19476436	0.15762287	0.04955203	0.052530807	0.16402079	0.05483179	0.1579022	0.110189244	0.14737412	0.20860566	10	0.12973939	0.05952544	0.23333974	Binding_RAL	0.07811102	0.035837945	0.14048475
K41Y	K41Y	41	41	0.37209657	0.17030734	0.2995881	0.30592042	0.34558225	0.40120003	0.41104585	0.26555127	0.27123928	0.31151488	10	0.3154046	0.07186187	0.28169852	Binding_RAL	0.1898928	0.043265227	0.1695997
K4A	K4A	4	4	-0.16857257	0.42475027	0.2084101	0.022527616	0.1735989	0.61638725	0.4563896	0.2437209	0.53993744	0.5435755	10	0.3060725	0.2540201	0.9957588	Binding_RAL	0.18427432	0.15293558	0.5995075
K4C	K4C	4	4	0.5883521	0.44821745	0.25313672	0.62738967	0.5397439	0.29209712	0.45952415	0.69573635	0.22623187	0.5233705	10	0.46538	0.16190568	0.63467026	Binding_RAL	0.28018713	0.097477086	0.38211018
K4D	K4D	4	4	0.08641227	0.12801014	-0.15839566	0.113158286	0.060040694	0.060592506	0.20580746	0.17242266	-0.077716574	0.29910055	10	0.08894323	0.13228853	0.5185711	Binding_RAL	0.053549245	0.07964576	0.3122114
K4E	K4E	4	4	-0.2053441	-0.45302135	0.05575124	-0.06095309	0.11082687	0.09176652	0.011604931	0.039392006	-0.03923149	-0.15322655	10	-0.0602435	0.17170155	0.6730701	Binding_RAL	-0.03627026	0.1033748	0.40522924
K4F	K4F	4	4	0.3272899	-0.07377647	0.38215873	0.602411	0.7897954	0.2569127	0.2678376	0.46022698	0.59513515	0.14260298	10	0.3750594	0.25003526	0.98013824	Binding_RAL	0.22580862	0.15053646	0.590103
K4G	K4G	4	4	0.0067182626	-0.10734496	-0.15176949	0.09374542	-0.00091316795	0.047675345	0.04493621	0.086195625	0.07823009	0.17695445	10	0.027442778	0.09719096	0.38098857	Binding_RAL	0.016522225	0.058514886	0.22937836
K4H	K4H	4	4	0.27265057	0.30327472	0.49703917	0.19233194	0.048007388	0.44566402	0.19561212	0.04360077	-0.293466	0.3296503	10	0.20343652	0.22909658	0.8980586	Binding_RAL	0.12248119	0.13793011	0.5406861
K4I	K4I	4	4	1.4163687	0.53823894	1.2585566	1.0405352	0.97503126	2.04553	1.1282333	0.6139723	0.88762736	1.174339	10	1.1078433	0.4270075	1.6738694	Binding_RAL	0.6669892	0.25708455	1.0077715
K4L	K4L	4	4	1.1205567	0.9281995	1.0236225	1.2721153	1.1589377	1.2335184	1.5728663	1.3078773	0.8877636	1.143989	10	1.1649445	0.19953078	0.7821607	Binding_RAL	0.7013676	0.1201297	0.47090843
K4M	K4M	4	4	0.22614522	-0.044781182	0.35112146	0.22879566	0.1534533	0.052218992	0.00089809083	0.23847304	0.33818382	0.29219884	10	0.18367073	0.13917407	0.5455624	Binding_RAL	0.11058098	0.08379128	0.32846183
K4N	K4N	4	4	0.09263302	0.16297394	0.029542735	0.21549675	-0.14100952	-0.03999756	0.056922648	-0.02673948	-0.053642944	0.0074822777	10	0.030366182	0.10625137	0.41650537	Binding_RAL	0.018282292	0.0639698	0.25076163
K4P	K4P	4	4	0.009340699	0.060652915	-0.10671985	-0.1380482	0.1751222	0.030416224	0.030666344	0.056893118	0.085797876	-0.057977952	10	0.014614338	0.093434215	0.36626214	Binding_RAL	0.008798722	0.056253094	0.22051214
K4Q	K4Q	4	4	0.0140141	0.36243436	0.12221968	0.18479872	0.02601719	0.1366842	0.0971363	-0.10262426	-0.11249227	0.29514435	10	0.10233323	0.15456524	0.60589576	Binding_RAL	0.061610844	0.0930577	0.36478618
K4R	K4R	4	4	-0.05257911	-0.02028931	-0.16518429	-0.03043374	-0.17010474	-0.0740258	0.013956395	-0.05192692	-0.0017397855	-0.00824903	10	-0.05605764	0.06441308	0.25249928	Binding_RAL	-0.033750117	0.0387806	0.15201995
K4S	K4S	4	4	0.3040051	0.34082705	0.11499708	0.06026725	0.06301479	0.25952685	0.24232808	0.091439486	0.23929206	0.048206113	10	0.17639038	0.111702286	0.43787298	Binding_RAL	0.10619777	0.067251585	0.26362622
K4T	K4T	4	4	0.66079766	0.64138305	0.39099187	0.59241074	0.66263825	0.51988405	0.46143815	0.6092681	0.3613835	0.5733919	10	0.54735875	0.10990556	0.43082982	Binding_RAL	0.32954335	0.06616985	0.25938582
K4V	K4V	4	4	1.0202864	1.0522591	1.1392359	1.1680533	0.83367836	0.5863111	0.9744705	1.4132005	1.2269994	1.1174111	10	1.0531906	0.22558089	0.8842771	Binding_RAL	0.63408494	0.13581344	0.5323887
K4W	K4W	4	4	1.0322993	1.2071499	0.55710655	0.6859997	0.49463454	0.05913603	0.41590083	0.51944214	0.40818536	0.39303803	10	0.5772893	0.33052745	1.2956676	Binding_RAL	0.34756336	0.19899768	0.7800709
K4Y	K4Y	4	4	0.8769268	0.2680288	0.292661	0.48070022	0.8073475	0.5534837	0.5658161	0.38146824	0.47781268	0.16859138	10	0.48728365	0.22697474	0.889741	Binding_RAL	0.29337448	0.13665263	0.5356783
K87A	K87A	87	87	-0.5157586	-0.058731228	-0.26364458	-0.45369333	0.091434814	-0.31450266	-0.27522382	-0.30481538	-0.17931506	-0.14915453	10	-0.24234042	0.17883801	0.70104504	Binding_RAL	-0.1459037	0.10767139	0.42207184
K87C	K87C	87	87	-0.1910704	-0.016351229	-0.28940454	-0.4657806	-0.170816	-0.18217488	-0.33212268	-0.49528125	-0.25971442	-0.3583828	10	-0.27610987	0.144906	0.56803155	Binding_RAL	-0.16623498	0.087242246	0.3419896
K87E	K87E	87	87	0.065921076	-0.36012942	-0.074345075	-0.39285934	-0.37175202	-0.017182034	-0.34577718	-0.11375604	-0.050296172	-0.11136049	10	-0.17715366	0.1719167	0.6739135	Binding_RAL	-0.106657304	0.10350433	0.40573698
K87G	K87G	87	87	-0.0027549486	-0.12149115	-0.17316732	0.02677625	-0.038047053	-0.060753137	-0.10658282	-0.07451699	-0.2520323	-0.1655154	10	-0.09680848	0.08480015	0.3324166	Binding_RAL	-0.058284607	0.051054858	0.20013505
K87I	K87I	87	87				0.1800015	-0.22909509	0.3255778	-0.1787951	-0.14939627	0.17712139	0.0023365414	7	0.01825011	0.21378295	0.8380292	Binding_RAL	0.010987679	0.12871037	0.5045447
K87L	K87L	87	87	-0.7264039	-0.4231448	-0.34894374	-0.3942712	-0.58645195	-0.16560993	-0.025125798	-0.2600022	-0.5205245	-1.160736	10	-0.4611214	0.31892788	1.2501973	Binding_RAL	-0.2776232	0.19201404	0.752695
K87N	K87N	87	87	-0.19330016	-0.24619024	0.0913072	-0.6241787	-0.077249266	-0.06886484	-0.19436662	-0.28261116	-0.47118077	-0.33410612	10	-0.24007407	0.20589925	0.8071251	Binding_RAL	-0.14453922	0.12396391	0.48593852
K87R	K87R	87	87	0.041048225	-0.017471353	-0.0005653716	0.040240068	0.06481583	0.13994482	0.18233536	0.003693617	0.008624656	0.011401639	10	0.047406748	0.06530751	0.25600547	Binding_RAL	0.028541753	0.039319105	0.15413089
K87V	K87V	87	87	-0.43270457	-0.50847226	-0.50249547	-0.20027584	-0.22690307	-0.39418095	-0.00968769	-0.008724983	-0.24417895	-0.50207716	10	-0.3029701	0.19414172	0.76103556	Binding_RAL	-0.18240649	0.11688515	0.4581898
K87W	K87W	87	87	-0.37645367	-0.30905476	-0.38256222	-0.11896556	-0.036682814	-0.5272116	-0.49694228	-0.16080058	-0.20685469	-0.41634974	10	-0.3031878	0.16558068	0.6490763	Binding_RAL	-0.18253754	0.09968966	0.3907835
K87Y	K87Y	87	87	0.3452598	-0.20741421	-0.013893915				0.2055962	-0.41256437	0.37970456	-0.31602308	7	-0.0027621475	0.3211671	1.2589751	Binding_RAL	-0.0016629812	0.19336218	0.75797975
L112A	L112A	112	112	-0.17242938	-0.95647746	-0.6331335	-0.49460238	-0.027507616	-0.38062453	0.23493278	-0.1509811	0.23793142	0.17437711	10	-0.21685144	0.39867336	1.5627996	Binding_RAL	-0.13055779	0.24002567	0.9409006
L112C	L112C	112	112	-0.45648062	-0.4809966	-0.4308187	-0.6416213	-0.56955767	-0.5323235	-0.40719208	-0.31157884	-0.4173129	-0.32582453	10	-0.4573707	0.10333241	0.40506303	Binding_RAL	-0.27536505	0.06221241	0.24387266
L112D	L112D	112	112	0.031898674	-0.78049576	0.99503183	0.5619754	0.48151243	0.3476363	0.8120355	0.2023632	0.44610453	-0.76172173	10	0.23363404	0.59652084	2.3383617	Binding_RAL	0.14066194	0.35914192	1.4078363
L112E	L112E	112	112	-1.2321728	0.30213696	-0.48912364	0.9880005	-0.23975007	-1.4204595	-0.4581859	-1.0614188	-0.38823953	0.66408753	10	-0.33351254	0.7969448	3.1240237	Binding_RAL	-0.20079489	0.47980937	1.8808528
L112F	L112F	112	112	-0.17788908	-0.18793637	-0.16702494	-0.19010858	-0.14732996	-0.17572848	-0.17350094	-0.15655167	-0.18126412	-0.15967011	10	-0.17170043	0.013911185	0.054531846	Binding_RAL	-0.10337413	0.008375381	0.032831494
L112G	L112G	112	112	0.18592985	-0.14816344	-0.21958378	-0.35859817	-0.40656376	-0.6029749	0.14561978	-0.05809425	-0.42431486	0.027454711	10	-0.18592888	0.26286587	1.0304343	Binding_RAL	-0.111940525	0.15826128	0.6203843
L112H	L112H	112	112	-0.8162386	-0.39074484	-0.518525	-0.2334364	-0.8582235	-1.0440594	-0.48804188	-0.45881054	-0.21258733	-0.6329466	10	-0.5653614	0.2722472	1.067209	Binding_RAL	-0.340382	0.1639094	0.6425249
L112I	L112I	112	112	-0.13357973	-0.302805	-0.3631885	-0.53628004	-0.34032142	-0.17522874	-0.22107047	-0.11411033	-0.20295668	-0.3829596	10	-0.27725005	0.13192053	0.51712847	Binding_RAL	-0.16692144	0.0794242	0.31134287
L112K	L112K	112	112	0.83298135	0.10793157	0.51004565	0.4679606	-0.7295038	0.07502956	0.6915199	0.696202	0.09835914	0.52947533	10	0.32800013	0.45941034	1.8008885	Binding_RAL	0.19747607	0.27659303	1.0842447
L112N	L112N	112	112	0.28670347	-0.115714006	0.7108012	0.1416727	-0.4218037	-0.17730658	0.3786179	0.35586306	-0.083926454	0.80720145	10	0.18821089	0.39505675	1.5486225	Binding_RAL	0.113314435	0.23784825	0.9323652
L112P	L112P	112	112	-0.026008256	0.20410816	0.5738736	0.8836165	-0.29473647	0.509837	-0.5166074	-0.44976708	-0.17432508	0.4044557	10	0.11144465	0.4758848	1.8654684	Binding_RAL	0.06709648	0.28651166	1.1231257
L112Q	L112Q	112	112	1.1925117	-0.24994285	-0.081269234	-0.385573	0.71326226	-0.040875427	1.1419923	0.29689425	-0.23284678	0.1654581	10	0.25196117	0.5763181	2.259167	Binding_RAL	0.15169598	0.34697863	1.3601563
L112R	L112R	112	112	0.793159	0.99809337	0.66942394	0.39800665	0.18386225	0.4595327	0.4047892	0.6045402	0.8166907	0.83298284	10	0.6161081	0.25189954	0.9874462	Binding_RAL	0.37093467	0.15165888	0.5945028
L112S	L112S	112	112	-0.36311457	-0.68609756	-0.24391182	-0.45076537	-0.6520663	-0.95724726	-0.18589446	-0.6557833	-0.43407232	-0.68454117	10	-0.5313494	0.2368964	0.92863387	Binding_RAL	-0.31990474	0.14262608	0.55909425
L112T	L112T	112	112	0.12661935	-0.030885225	0.39886045	-0.30157846	-0.21419689	0.6174588	0.01767745	0.7430945	-0.6234061	0.2514005	10	0.09850444	0.4218306	1.653576	Binding_RAL	0.05930568	0.25396773	0.99555355
L112V	L112V	112	112	-0.35248417	-0.21903597	-0.13808322	-0.123022616	-0.34850165	-0.45492488	-0.6453687	-0.45643198	-0.71631193	-0.5456205	10	-0.39997855	0.20293413	0.7955018	Binding_RAL	-0.24081147	0.12217872	0.47894058
L112W	L112W	112	112	-0.70499444	-0.4393088	-0.7346575	-0.5763303	-0.6592706	-1.0188268	-1.0069791	-0.9693248	-0.63407075	0.04830657	10	-0.6695457	0.3179092	1.2462041	Binding_RAL	-0.40310735	0.19140072	0.7502909
L112Y	L112Y	112	112	-0.88508993	-0.70231533	-0.6516963	-0.59873164	-0.6170478	-0.7799502	-1.1216604	-1.0384723	-0.7124847	-0.9420808	10	-0.8049529	0.18290678	0.7169946	Binding_RAL	-0.48463073	0.110121034	0.43167445
L119A	L119A	119	119	-0.13296476	-0.16622591	-0.7263361	-0.31152153	-0.7244943	-0.15799277	-0.3978112	-0.39750618	-0.08714345	-0.42756608	10	-0.35295624	0.2311	0.905912	Binding_RAL	-0.21250117	0.13913628	0.54541427
L119C	L119C	119	119	-0.087822534	-0.16602276	0.108022295	-0.21802135	-0.26698524	-0.20727128	-0.26643854	-0.037018765	-0.2103805	-0.2727746	10	-0.16247132	0.12282666	0.4814805	Binding_RAL	-0.097817644	0.073949136	0.2898806
L119E	L119E	119	119	-0.05901831	0.32601452	-0.4170271	-0.5180174	-0.41558307	-0.64570314	-0.6934374	-0.8110316	-0.37087938	-0.1434816	10	-0.37481645	0.33887994	1.3284094	Binding_RAL	-0.22566235	0.20402639	0.79978347
L119F	L119F	119	119	-0.052316442	-0.050996426	-0.1947453	-0.1437519	0.19662283	-0.28440115	-0.03617938	-0.27782056	0.013246786	0.14281175	10	-0.06875298	0.161681	0.63378954	Binding_RAL	-0.04139349	0.09734182	0.38157994
L119G	L119G	119	119	-0.23342115	-0.41421193	-0.07860178	-0.4677721	-0.19333117	-0.15451501	-0.1511886	-0.31596565	-0.45317063	-0.36810043	10	-0.28302783	0.13936523	0.5463117	Binding_RAL	-0.17040001	0.08390636	0.32891294
L119K	L119K	119	119	-0.39972612	0.094742395	-0.26630408	0.03217458	-0.08528206	-0.022761822	-0.28139254	-0.48203227	0.32725406	-0.4165154	10	-0.14998432	0.26154783	1.0252675	Binding_RAL	-0.0902997	0.15746774	0.61727357
L119M	L119M	119	119	-0.12651151	-0.17158477	-0.13970873	-0.1418332	-0.07435777	-0.29691193	-0.24000616	-0.08448088	-0.117087014	-0.27484372	10	-0.16673256	0.07800169	0.30576664	Binding_RAL	-0.10038317	0.046961777	0.18409017
L119P	L119P	119	119	-0.93707407	-1.0666611				-0.62517756	-0.17174143	-1.1940707	-0.24170966	-0.5498027	7	-0.6837482	0.39794183	1.559932	Binding_RAL	-0.4116581	0.23958525	0.9391742
L119Q	L119Q	119	119	-0.63110447	-0.91884345	-0.77694935	-0.50151026	-0.56815946	-0.48233745	-0.50531197	-0.48697424	-1.1068588	-0.8939318	10	-0.68719816	0.22298619	0.8741059	Binding_RAL	-0.41373518	0.13425128	0.526265
L119R	L119R	119	119	-0.58859843	-0.5644338	-0.66115427	-0.4593937	-0.45769897	-0.8032031	-0.7951641	-0.7005314	-0.41308135	-0.37079722	10	-0.58140564	0.1558691	0.61100686	Binding_RAL	-0.35004166	0.0938427	0.3678634
L119S	L119S	119	119	-0.70350814	-0.57544845	-0.6186211	-0.27161533	-0.85466325	-0.34235367	0.031820558	-0.13700105	-0.26814842	-0.47067076	10	-0.42102098	0.27301136	1.0702045	Binding_RAL	-0.25348032	0.16436948	0.64432836
L119V	L119V	119	119	-0.74463415	-0.31314424	-0.45271197	-0.46065018	-0.18854657	-0.4569215	-0.45831096	-0.20539723	-0.15502383	-0.43256417	10	-0.38679048	0.17680041	0.69305766	Binding_RAL	-0.23287146	0.10644463	0.41726294
L119W	L119W	119	119	-0.5955509	-0.16427955	-0.45673773	-0.3574044	-0.25882474	-0.3204855	-0.253857	-0.24266249	-0.2837848	-0.40153554	10	-0.33351225	0.124947034	0.48979238	Binding_RAL	-0.20079471	0.07522573	0.2948849
L119Y	L119Y	119	119	-0.71153367	-1.0237385	-0.9343949	-1.0287367	-0.9362429	-1.3985662	-0.57842416	-1.0419292	-0.9547703	-1.2476246	10	-0.98559606	0.23395142	0.9170896	Binding_RAL	-0.5933889	0.14085302	0.5521438
L132A	L132A	132	132	-0.03297226	-0.07515517	-0.07234503	-0.08876086	-0.07783135	-0.0531438	-0.08511739	-0.06713785	-0.08600861	-0.05384233	10	-0.069231465	0.017791156	0.06974133	Binding_RAL	-0.041681565	0.010711361	0.041988533
L132C	L132C	132	132	-0.052390147	0.00440419	0.17870265	0.016903214	-0.03101108	0.14153232	-0.13769975	0.031052226	0.08961812	0.026498556	10	0.02676103	0.09278115	0.36370212	Binding_RAL	0.016111773	0.05585991	0.21897085
L132D	L132D	132	132	-0.32139698	-0.47663173	-0.35974884	-0.66209143	-0.70217943	-0.71324474	-0.45989686	-0.47335678	-0.4490009	-0.3777446	10	-0.4995292	0.14321785	0.56141394	Binding_RAL	-0.30074704	0.086225875	0.33800542
L132E	L132E	132	132	-0.55340135	-0.5973908	-0.6022156	-0.6283361	-0.38277203	-0.74396497	-0.41119704	-0.45663476	-0.5937896	-0.42002392	10	-0.5389726	0.116565034	0.45693493	Binding_RAL	-0.3244944	0.07017926	0.2751027
L132F	L132F	132	132	-0.4433426	-0.11616708	-0.15488887	-0.058497872	-0.082351245	-0.2929798	-0.27059114	-0.19619717	-0.36495316	-0.4066696	10	-0.23866384	0.13774309	0.53995293	Binding_RAL	-0.14369018	0.08292974	0.32508457
L132G	L132G	132	132	-0.72406733	-0.45085603	-0.3919728	-0.284246	-0.18620628	-0.5433769	-0.4074443	-0.33323047	-0.26742375	-0.48190343	10	-0.40707272	0.15478735	0.6067664	Binding_RAL	-0.2450826	0.09319142	0.36531037
L132H	L132H	132	132	-0.4205213	-0.60349816	-0.6470264	-0.85569113	-0.33342892	-0.5081669	-0.18810657	-0.49431577	-0.7666833	-0.36627874	10	-0.5183717	0.20437175	0.80113727	Binding_RAL	-0.31209138	0.12304425	0.48233348
L132I	L132I	132	132	-0.08814598	-0.17653362	0.11738282	-0.04662721	-0.022328427	0.07041762	-0.009927847	0.025305178	0.18084246	0.095343344	10	0.014572832	0.10580561	0.414758	Binding_RAL	0.008773733	0.06370143	0.2497096
L132K	L132K	132	132	-0.118467346	-0.17442696	-0.19760565	-0.20612691	-0.19751516	0.025540423	-0.18951364	-0.18068619	-0.20852259	-0.086638354	10	-0.15339623	0.07446615	0.2919073	Binding_RAL	-0.09235389	0.04483316	0.175746
L132M	L132M	132	132	0.21213892	0.13278286	-0.21947041	0.11427001	0.025245603	0.055992704	0.14270535	0.12022537	-0.095654905	0.2015558	10	0.06897913	0.13525449	0.5301976	Binding_RAL	0.04152964	0.08143145	0.31921127
L132N	L132N	132	132	-0.4059027	-0.4482953	-0.58335537	-0.8878043	-0.47802252	-0.48731616	-0.81316537	-0.34055045	-0.78278846	-0.5781593	10	-0.580536	0.18685298	0.73246366	Binding_RAL	-0.34951806	0.11249688	0.4409878
L132P	L132P	132	132	-0.9912531	-1.106338	-0.83681625	-1.3415313	-0.89551216	-1.4416815	-0.67757595	-1.2112317	-0.75520396	-0.89866126	10	-1.0155805	0.25320178	0.992551	Binding_RAL	-0.61144143	0.15244292	0.59757626
L132Q	L132Q	132	132	0.011301043	-0.06704015	-0.03869354	-0.11671084	-0.28071722	-0.09396765	-0.28687707	-0.044935033	-0.04588344	0.031972483	10	-0.09315514	0.10956435	0.42949226	Binding_RAL	-0.056085072	0.065964416	0.2585805
L132R	L132R	132	132	-0.2174413	0.0299433	-0.14670268	0.04845391	0.15823528	0.050146703	-0.012603739	-0.12423206	-0.11953239	0.049768474	10	-0.028396448	0.11732843	0.45992744	Binding_RAL	-0.017096393	0.070638865	0.27690434
L132S	L132S	132	132	-0.39167544	-0.1778944	-0.31209582	-0.324474	-0.28384537	-0.29793563	-0.43211702	-0.08381882	-0.081162676	-0.3903001	10	-0.27753192	0.12450329	0.4880529	Binding_RAL	-0.16709115	0.07495857	0.2938376
L132T	L132T	132	132	-0.18825142	-0.13139603	-0.10757	-0.17839116	-0.24019279	-0.07125986	-0.11780363	-0.22621949	-0.20886996	-0.0022437763	10	-0.1472198	0.075141855	0.29455608	Binding_RAL	-0.0886353	0.045239978	0.17734072
L132V	L132V	132	132	-0.0423948	-0.34190676	-0.23896715	-0.09858834	-0.106381774	-0.06125585	-0.16111885	-0.2651521	-0.19582222	-0.1879383	10	-0.16995262	0.09526864	0.37345305	Binding_RAL	-0.10232184	0.057357527	0.2248415
L132W	L132W	132	132	-0.18148114	-0.23231123	-0.14678906	-0.15123518	-0.57638323	-0.12867038	0.0026725587	0.08374744	-0.17199333	-0.2940096	10	-0.17964533	0.17651454	0.69193697	Binding_RAL	-0.10815744	0.10627251	0.41658825
L132Y	L132Y	132	132	-0.11630754	-0.116095506	-0.04735146	-0.16536696	-0.18605518	-0.0028657056	0.010664028	-0.10228226	-0.29909503	-0.018764675	10	-0.10435202	0.09586485	0.3757902	Binding_RAL	-0.062826276	0.057716485	0.22624862
L158A	L158A	158	158	0.09656075	0.124174565	0.107869744	0.1678191	0.12358288	0.14100689	0.1470632	0.15063827	0.106720425	0.09806049	10	0.12634963	0.024450386	0.09584551	Binding_RAL	0.07607018	0.014720623	0.057704844
L158C	L158C	158	158	-0.07091836	-0.1425187	-0.08314448	-0.032924816	-0.11345849	0.014801357	-0.22381952	0.0070457477	-0.31853878	-0.04633277	10	-0.10098088	0.10446534	0.40950415	Binding_RAL	-0.060796645	0.06289451	0.24654648
L158D	L158D	158	158	1.6952125	1.0708603	0.25959927	1.0886943	0.28931913	0.87312174	0.46152878	0.31568846	1.0980974	1.3756236	10	0.8527745	0.5008619	1.9633787	Binding_RAL	0.51342225	0.3015494	1.1820737
L158E	L158E	158	158	0.63745654	-0.55650175	-0.46932504	-0.7274165	-0.5271325	0.16892557	-0.4802114	-0.7323987	-0.8161158	-0.100437835	10	-0.36031574	0.46148548	1.8090231	Binding_RAL	-0.21693204	0.2778424	1.0891422
L158F	L158F	158	158	-0.20326632	-0.0032212434	0.34088683	0.22997975	0.3640298	0.57124686	0.25266424	0.4148759	0.26910934	0.005790751	10	0.22420959	0.22972882	0.90053695	Binding_RAL	0.13498785	0.13831076	0.5421782
L158G	L158G	158	158	0.07291337	0.22831617	0.6176071	0.37681213	0.2199686	0.23363824	0.25875923	0.28371316	0.055442885	0.18337227	10	0.25305432	0.15903442	0.62341493	Binding_RAL	0.15235414	0.09574842	0.37533382
L158H	L158H	158	158	0.5328098	-0.46458954	0.006033012	-0.17123903	1.1996919	0.47776937	0.32867453	0.098017715	0.17809229	-0.094081946	10	0.20911781	0.46158102	1.8093977	Binding_RAL	0.12590167	0.27789992	1.0893677
L158I	L158I	158	158	-0.38590828	-0.4308533	-0.23122373	-0.19381319	-0.07069611	-0.2574979	-0.20293584	-0.34293598	-0.23045385	-0.37016055	10	-0.27164787	0.10948416	0.4291779	Binding_RAL	-0.16354859	0.065916136	0.25839126
L158K	L158K	158	158	-0.7607656	0.55657303	0.29608482	0.16050157	0.17542787	0.6947075	1.0411962	1.1093395	0.9471714	0.5610724	10	0.47813082	0.5533661	2.1691952	Binding_RAL	0.2878639	0.33316016	1.3059878
L158M	L158M	158	158	-0.19207196	-0.30459997	-0.34001982	-0.34398255	-0.09087751	-0.27899176	-0.24561352	-0.5180767	-0.22216277	-0.21772482	10	-0.27541214	0.113859944	0.446331	Binding_RAL	-0.1658149	0.06855063	0.26871848
L158N	L158N	158	158	0.5204797	0.75904197	0.4468809	1.083985	1.8233734	1.1742579	0.02736644	0.10527341	0.14416526	0.43864352	10	0.65234673	0.5671373	2.2231781	Binding_RAL	0.3927525	0.34145123	1.3384888
L158P	L158P	158	158	-0.23347569	0.39029	0.99922925	0.3605119	1.2903885	1.0980481	1.3056972	0.5875713	0.71897954	0.12552129	10	0.6642761	0.5138333	2.0142264	Binding_RAL	0.39993474	0.30935895	1.2126871
L158Q	L158Q	158	158	0.039100766	0.10809795				-0.040722307	0.79510176	1.096846	0.50943714	1.1192082	7	0.5181528	0.49714306	1.9488008	Binding_RAL	0.31195956	0.29931045	1.1732969
L158R	L158R	158	158	1.0906395	0.8927441	1.761448	0.97232187	0.4613408	0.68929744	0.7610558	0.3473599	1.0711373	0.35100034	10	0.8398346	0.4268415	1.6732187	Binding_RAL	0.5056316	0.25698462	1.0073798
L158S	L158S	158	158	1.3006696	0.7219977	0.6817018	0.6401111	0.7098999	0.88796175	0.74219245	0.86718124	0.60540324	0.4615615	10	0.76186806	0.22555898	0.8841912	Binding_RAL	0.45869103	0.13580026	0.532337
L158T	L158T	158	158	0.3251336	-0.15839672	0.04245357	0.14636163	0.17330971	0.43217626	-0.067070946	0.019541368	0.4156738	0.21460897	10	0.15437913	0.19895029	0.7798852	Binding_RAL	0.09294565	0.119780205	0.46953842
L158V	L158V	158	158	-0.23319623	-0.21887554	-0.11802465	-0.21613002	-0.1822219	0.15990344	-0.021394288	0.00034813458	-0.17790228	-0.18954861	10	-0.1197042	0.12756163	0.5000416	Binding_RAL	-0.07206923	0.07679988	0.30105552
L158W	L158W	158	158	0.16047676	0.36745358	0.12280784	-0.27405456	-0.52480036	0.16373253	0.25632223	0.21404786	0.22719467	0.39155498	10	0.11047355	0.28821146	1.129789	Binding_RAL	0.06651182	0.17352088	0.6802018
L158Y	L158Y	158	158	-0.303155	-0.3453772	-0.043289013	0.9630537	0.27017832	0.37904954	0.5891282	-0.18345709	0.18156521	0.352629	10	0.18603256	0.41488555	1.6263514	Binding_RAL	0.11200295	0.24978639	0.9791627
L18A	L18A	18	18	-0.30761462	-0.23118569	-0.16085589	-0.3046623	-0.23821907	-0.36473373	-0.41145965	-0.18438928	-0.23818831	-0.11977737	10	-0.25610858	0.091292545	0.3578668	Binding_RAL	-0.15419298	0.054963678	0.21545762
L18C	L18C	18	18	0.01819315	-0.23050132	-0.12983054	-0.13217309	-0.12584035	-0.1834934	-0.12247539	-0.1415295	-0.12742308	-0.20838295	10	-0.13834564	0.06715562	0.26325005	Binding_RAL	-0.083292514	0.04043178	0.15849258
L18D	L18D	18	18	-0.26242334	-0.57380545	-0.23072803	-0.42860815	-0.4509237	-0.33230254	-0.23076433	-0.24949396	-0.63298756	-0.43726033	10	-0.38292974	0.145233	0.5693134	Binding_RAL	-0.23054706	0.08743913	0.3427614
L18E	L18E	18	18	-0.3422797	-0.415712	-0.36975694	-0.32924175	-0.27533078	-0.44578877	-0.40956995	-0.530059	-0.38666484	-0.20779452	10	-0.3712198	0.0900516	0.35300228	Binding_RAL	-0.22349696	0.054216553	0.21252888
L18F	L18F	18	18	0.205307	0.30984956	0.19172063	0.22374776	0.20917721	-0.055775456	0.17310618	0.34567615	0.24211213	0.19956277	10	0.20444839	0.1063294	0.41681123	Binding_RAL	0.123090394	0.06401678	0.25094578
L18G	L18G	18	18	-0.23548162	-0.23017092	-0.22853614	-0.24401367	-0.15326686	-0.1742314	-0.12061265	-0.19601366	-0.22786738	-0.26113608	10	-0.20713302	0.044836	0.17575713	Binding_RAL	-0.12470671	0.026994005	0.1058165
L18H	L18H	18	18	-0.20232704	-0.115092546	-0.26132435	-0.2709229	-0.30978483	-0.60434	-0.6013908	-0.32274047	-0.18268196	-0.4314906	10	-0.33020955	0.16735567	0.65603423	Binding_RAL	-0.19880629	0.10075832	0.39497262
L18I	L18I	18	18	-0.1648051	-0.1498806	-0.07220905	0.032550238	-0.028280597	-0.15364142	-0.010494277	-0.09741871	-0.22824019	0.035615284	10	-0.08368044	0.090211146	0.3536277	Binding_RAL	-0.05038073	0.05431261	0.21290544
L18K	L18K	18	18	-0.42535985	-0.30219746	-0.34359458	-0.34324333	-0.48586613	-0.37245852	-0.3898963	-0.47192028	-0.27607986	-0.35822746	10	-0.37688437	0.06813003	0.26706973	Binding_RAL	-0.22690737	0.041018434	0.16079226
L18M	L18M	18	18	-0.06267524	0.10865437	-0.023914669	-0.1341469	-0.11742787	-0.3479497	-0.030978154	-0.06369443	-0.108059995	0.012052331	10	-0.07681402	0.11878761	0.46564743	Binding_RAL	-0.046246722	0.071517386	0.28034815
L18N	L18N	18	18	-0.3621518	-0.4523338	-0.3162395	-0.3058133	-0.4769463	-0.6151335	-0.3268372	-0.16102022	-0.49633825	-0.36844376	10	-0.38812578	0.12631197	0.49514294	Binding_RAL	-0.23367539	0.07604751	0.29810625
L18P	L18P	18	18	2.4796894	2.158713	2.3268507	2.562491	2.147647	2.2208402	2.1826108	2.3162713	2.1994278	2.4555736	10	2.3050117	0.14887063	0.58357286	Binding_RAL	1.3877577	0.089629196	0.35134646
L18Q	L18Q	18	18	-0.37706298	-0.40942806	-0.3368059	-0.41133577	-0.49541938	-0.36656252	-0.4576799	-0.47953823	-0.33168367	-0.56622726	10	-0.42317438	0.07567571	0.2966488	Binding_RAL	-0.25477678	0.04556139	0.17860065
L18R	L18R	18	18	2.3482304	3.059449	2.2119455	2.0945852	2.151792	2.078789	2.3395226	1.6960433	1.740523	2.0620737	10	2.1782956	0.378266	1.4828027	Binding_RAL	1.3114668	0.2277392	0.8927377
L18S	L18S	18	18	-0.5274481	-0.43865657	-0.33408034	-0.2997249	-0.3870923	-0.30482346	-0.459647	-0.31790873	-0.47519875	-0.47695827	10	-0.40215388	0.083792605	0.328467	Binding_RAL	-0.24212116	0.050448257	0.19775717
L18T	L18T	18	18	-0.19098376	-0.2276021	-0.12605086	-0.07932789	-0.022836851	-0.08757259	-0.068419136	-0.17901465	-0.16551957	-0.181508	10	-0.13288352	0.06594499	0.25850436	Binding_RAL	-0.080003984	0.039702907	0.1556354
L18V	L18V	18	18	-0.019988928	-0.0062381066	0.022996638	-0.050510954	-0.06606617	-0.04939289	0.07133497	-0.0708967	-0.019499583	0.02261484	10	-0.016564688	0.04544333	0.17813785	Binding_RAL	-0.009972952	0.027359655	0.10724985
L18W	L18W	18	18	0.35669622	0.38404235	0.47139108	0.19109003	0.21661484	0.32482615	0.28739807	0.27991343	0.15335763	0.3427506	10	0.30080804	0.09601541	0.3763804	Binding_RAL	0.18110478	0.05780713	0.22660396
L18Y	L18Y	18	18	0.2854148	0.12929617	0.2641498	0.37554038	0.21601184	0.14078803	0.27174744	0.23374131	0.24470457	0.37532195	10	0.25367162	0.082463995	0.32325888	Binding_RAL	0.15272579	0.049648352	0.19462155
L22A	L22A	22	22	-0.35240614	-0.29776496	-0.48693135	-0.4205266	-0.30571792	-0.3948088	-0.33582208	-0.380651	-0.33016953	-0.37778723	10	-0.36825857	0.05715412	0.22404414	Binding_RAL	-0.22171411	0.034410264	0.13488823
L22C	L22C	22	22	-0.34939778	-0.22406219	-0.27658886	-0.18656667	-0.27229327	-0.22239122	-0.35686144	-0.29818758	-0.41025186	-0.15521137	10	-0.27518123	0.08069744	0.31633398	Binding_RAL	-0.16567588	0.048584778	0.19045234
L22D	L22D	22	22	0.661012	0.586469	0.6403782	0.7164331	0.75708616	0.61803883	0.57630306	0.61698747	0.61947316	0.72279245	10	0.6514973	0.06135654	0.24051765	Binding_RAL	0.3922411	0.036940377	0.14480628
L22E	L22E	22	22	-0.7206491	-0.4971247	-0.6162879	-0.5696286	-0.57086986	-0.511719	-0.595921	-0.50923187	-0.55816907	-0.5084015	10	-0.56580025	0.068043076	0.26672885	Binding_RAL	-0.34064624	0.04096608	0.16058703
L22F	L22F	22	22	-0.23198034	-0.25397664	-0.25769287	-0.106894985	-0.22985123	-0.11674887	-0.29272527	-0.18147641	-0.34472352	-0.15857257	10	-0.21746428	0.076235965	0.298845	Binding_RAL	-0.13092676	0.0458987	0.1799229
L22G	L22G	22	22	-0.14138538	-0.12212472	-0.1497099	-0.10814775	-0.14293839	-0.076844946	-0.2232882	-0.11309685	-0.18438874	-0.16565244	10	-0.14275773	0.04168739	0.16341458	Binding_RAL	-0.085948855	0.025098352	0.09838554
L22H	L22H	22	22	-0.5176378	-0.31160882	-0.34835964	-0.274191	-0.30437943	-0.39558992	-0.33883473	-0.35158446	-0.42728883	-0.33736238	10	-0.36068368	0.070399426	0.27596575	Binding_RAL	-0.21715356	0.042384747	0.16614822
L22I	L22I	22	22	-0.051983587	-0.14274745	-0.046005074	-0.0076891314	-0.16611406	-0.22498399	-0.06903049	-0.1535355	-0.2785849	0.009429081	10	-0.113124505	0.09517916	0.37310234	Binding_RAL	-0.06810785	0.05730366	0.22463036
L22K	L22K	22	22	-0.24101183	-0.4288582	-0.3810587	-0.3632664	-0.40397877	-0.21641006	-0.36937207	-0.47421336	-0.42563382	-0.39630413	10	-0.37001073	0.08141945	0.31916428	Binding_RAL	-0.22276902	0.049019475	0.19215634
L22M	L22M	22	22	-0.32591125	-0.23719507	-0.26943555	-0.28430828	-0.2619277	-0.27506405	-0.30089912	-0.2215318	-0.20823461	-0.1927639	10	-0.25772712	0.042263925	0.16567458	Binding_RAL	-0.15516745	0.02544546	0.099746205
L22N	L22N	22	22	-0.53380036	-0.34135178	-0.3604434	-0.3732809	-0.3756138	-0.47341788	-0.5049233	-0.38730186	-0.43956733	-0.54166144	10	-0.43313622	0.07559339	0.2963261	Binding_RAL	-0.2607744	0.04551183	0.17840637
L22P	L22P	22	22	3.0550423	2.858791	2.640674	2.6589632	2.6720119	3.0172575	2.939806	2.9613638	2.7589436	2.6892402	10	2.8252091	0.16004968	0.62739474	Binding_RAL	1.7009481	0.09635966	0.3777299
L22Q	L22Q	22	22	-0.56972337	-0.5712374	-0.47529727	-0.3628513	-0.44326866	-0.59477735	-0.34423655	-0.55431205	-0.43731505	-0.5592006	10	-0.49122196	0.09155018	0.3588767	Binding_RAL	-0.29574558	0.055118788	0.21606566
L22R	L22R	22	22	-0.3248178	-0.35717756	-0.3862375	-0.32207564	-0.34379366	-0.3280892	-0.3688821	-0.33739597	-0.35116223	-0.41219884	10	-0.35318303	0.029023577	0.11377242	Binding_RAL	-0.21263772	0.017473962	0.06849793
L22S	L22S	22	22	-0.4358322	-0.4014769	-0.38419062	-0.36071324	-0.314278	-0.35692394	-0.36741975	-0.57713187	-0.5201539	-0.5215132	10	-0.42396337	0.08703797	0.34118885	Binding_RAL	-0.2552518	0.05240217	0.2054165
L22T	L22T	22	22	-0.5248265	-0.55669665	-0.42847505	-0.59346163	-0.6206714	-0.5769135	-0.48385188	-0.6974656	-0.34389284	-0.54339224	10	-0.5369648	0.100000486	0.3920019	Binding_RAL	-0.32328552	0.06020639	0.23600906
L22V	L22V	22	22	-0.117934905	-0.02553669	-0.123248994	0.024578195	-0.026884459	0.0273471	-0.043315962	-0.077604316	-0.022210231	-0.07409292	10	-0.04589032	0.05233264	0.20514396	Binding_RAL	-0.02762877	0.03150744	0.12350917
L22W	L22W	22	22	-0.113709174	-0.12663049	-0.26235425	-0.31053314	-0.121869616	-0.18494008	-0.08297041	-0.010696381	-0.16732877	-0.26635244	10	-0.16473846	0.09299586	0.36454377	Binding_RAL	-0.0991826	0.055989176	0.21947758
L22Y	L22Y	22	22	-0.47201803	-0.031162389	-0.35758904	-0.24057573	-0.22489837	-0.23417027	-0.20291694	-0.059788607	-0.24897401	-0.060806315	10	-0.21328998	0.13761583	0.53945404	Binding_RAL	-0.12841357	0.08285312	0.32478425
L51A	L51A	51	51	-0.32673347	-0.1510013	-0.25928926	0.033395838	-0.23045033	-0.31062627	-0.38797656	-0.15187609	-0.07191105	-0.1737391	10	-0.20302077	0.12661083	0.49631447	Binding_RAL	-0.12223088	0.07622744	0.29881158
L51C	L51C	51	51	-0.21205986	-0.1698093	-0.3144024	-0.26593462	-0.42113742	-0.3155839	-0.22285374	-0.29826993	-0.3036489	-0.2712132	10	-0.27949134	0.06956897	0.27271035	Binding_RAL	-0.16827083	0.04188476	0.16418827
L51D	L51D	51	51	-0.013072981	-0.15990856	-0.08419469	-0.074742764	0.09314133	-0.05019667	-0.14412485	-0.041081537	-0.06471774	-0.10829923	10	-0.064719774	0.071571395	0.28055987	Binding_RAL	-0.03896525	0.043090343	0.16891415
L51E	L51E	51	51	0.21492614	0.15484382	0.10895174	0.058849733	0.311688	-0.1572351	-0.0009568826	0.009212508	-0.023778608	0.044570543	10	0.07210719	0.13250543	0.5194213	Binding_RAL	0.043412924	0.07977635	0.31272328
L51F	L51F	51	51	-0.13343489	-0.1265568	-0.06361604	-0.10314054	-0.1325873	-0.06526974	-0.1316218	-0.071584605	-0.20275326	-0.10016048	10	-0.11307255	0.042271152	0.16570292	Binding_RAL	-0.06807657	0.02544981	0.09976326
L51G	L51G	51	51	-0.10315365	-0.17786023	-0.09181977	-0.12720133	-0.07497516	-0.21654508	-0.16587943	-0.20005418	-0.21895681	-0.10889512	10	-0.14853409	0.05386527	0.21115185	Binding_RAL	-0.08942658	0.032430176	0.12712629
L51H	L51H	51	51	-0.043061152	-0.10520592	-0.0017931995	-0.18809398	-0.117134005	-0.07829453	-0.11637845	-0.058245692	0.03954031	-0.009871271	10	-0.06785379	0.067256995	0.26364744	Binding_RAL	-0.040852122	0.04049281	0.15873182
L51I	L51I	51	51	-0.23243879	-0.31062654	-0.2999265	-0.28926948	-0.27621904	-0.31062567	-0.3053274	-0.23976424	-0.37039194	-0.3223029	10	-0.29568923	0.039992187	0.15676938	Binding_RAL	-0.17802294	0.024077736	0.09438473
L51K	L51K	51	51	-0.48897022	-0.5027052	-0.48426026	-0.3776744	-0.7014251	-0.40139678	-0.6852642	-0.43202335	-0.43915012	-0.23467003	10	-0.474754	0.13836652	0.5423968	Binding_RAL	-0.28583086	0.08330508	0.32655594
L51M	L51M	51	51	-0.39111933	-0.3214148	-0.13158825	-0.3450187	-0.296239	-0.35780385	-0.14601298	-0.3293777	-0.40071556	-0.2654354	10	-0.29847255	0.093330964	0.3658574	Binding_RAL	-0.17969868	0.05619093	0.22026846
L51N	L51N	51	51	-0.26825768	-0.20817956	-0.0642514	-0.25258633	-0.0889195	-0.086422056	-0.12010056	-0.20682733	-0.119338974	-0.30471128	10	-0.17195947	0.08640751	0.33871746	Binding_RAL	-0.10353009	0.05202259	0.20392856
L51P	L51P	51	51	-0.024116885	-0.017257096	0.053770043	0.03363771	0.04685474	0.06785819	0.06961004	0.069809645	0.18479486	0.013422867	10	0.04983841	0.05860587	0.229735	Binding_RAL	0.03000576	0.035284307	0.13831449
L51Q	L51Q	51	51	-0.47360888	-0.43386415	-0.42295036	-0.27585784	-0.40277222	-0.32654774	-0.299425	-0.39381677	-0.57479215	-0.32186663	10	-0.39255017	0.09077545	0.3558398	Binding_RAL	-0.23633914	0.054652356	0.21423724
L51R	L51R	51	51	-0.5064382	-0.45390922	-0.50633484	-0.43661624	-0.51448435	-0.48610625	-0.4919952	-0.44088244	-0.60831803	-0.5323783	10	-0.4977463	0.05045966	0.19780187	Binding_RAL	-0.29967362	0.030379793	0.11908879
L51S	L51S	51	51	-0.30234253	-0.19235298	-0.2619713	-0.22602172	-0.14830165	-0.19726497	-0.16520156	-0.27521548	-0.26616082	-0.19938122	10	-0.22342141	0.051088754	0.20026793	Binding_RAL	-0.13451332	0.030758545	0.1205735
L51T	L51T	51	51	-0.35503322	-0.4518836	-0.34652606	-0.37346843	-0.23695925	-0.23730056	-0.5329607	-0.2676445	-0.4900959	-0.3987128	10	-0.3690585	0.10277938	0.40289518	Binding_RAL	-0.22219571	0.061879456	0.24256748
L51V	L51V	51	51	-0.24264354	-0.2996505	-0.30861714	-0.3107397	-0.32835352	-0.34565362	-0.27095026	-0.36890718	-0.19588006	-0.18657671	10	-0.28579718	0.061144967	0.23968828	Binding_RAL	-0.17206733	0.036813	0.14430696
L51W	L51W	51	51	-0.22863875	-0.032331742	-0.30406302	-0.14643429	-0.1712854	-0.18027784	-0.14280938	-0.11741748	-0.25125536	-0.2161773	10	-0.17906907	0.07633488	0.29923272	Binding_RAL	-0.1078105	0.04595825	0.18015635
L51Y	L51Y	51	51	-0.1680373	-0.16290212	-0.17681125	-0.12577826	-0.20217453	-0.12692109	-0.28516087	-0.109285645	-0.18944281	-0.0662472	10	-0.1612761	0.059886042	0.2347533	Binding_RAL	-0.097098045	0.036055047	0.14133579
L52A	L52A	52	52	-0.40506056	-0.37089205	-0.15962724	-0.28398755	-0.3636237	-0.38169184	-0.41331017	-0.32432878	-0.30966797	-0.3548124	10	-0.33670023	0.07439066	0.29161137	Binding_RAL	-0.20271407	0.044787712	0.17556784
L52C	L52C	52	52	-0.103108525	-0.3821914	-0.4056344	-0.1570226	-0.47957218	-0.36726597	-0.2007974	-0.3106042	-0.20109335	-0.41841227	10	-0.30257022	0.1280561	0.5019799	Binding_RAL	-0.18216573	0.07709758	0.30222252
L52D	L52D	52	52	0.83219117	0.8741077	1.0119047	1.1432786	0.88163793	0.5569519	0.3847557	0.69276637	0.9814738	0.31829345	10	0.76773614	0.2735569	1.072343	Binding_RAL	0.46222398	0.16469793	0.6456159
L52E	L52E	52	52	0.5135963	-0.036396537	0.0070675784	-0.044310164	0.40232766	-0.20687051	0.06304027	0.20540208	0.073897995	0.1066245	10	0.10843792	0.21530034	0.84397733	Binding_RAL	0.06528624	0.12962393	0.50812584
L52F	L52F	52	52	0.07469665	-0.010042699	0.022959823	0.034775328	0.16550578	0.06372026	0.11908791	0.02643632	0.02941742	0.066960335	10	0.059351712	0.051502947	0.20189156	Binding_RAL	0.03573335	0.031007914	0.12155102
L52G	L52G	52	52	-0.15372972	-0.1678921	-0.026955841	0.03778037	-0.016286168	-0.011044138	-0.157636	-0.09496139	-0.043302536	-0.13130051	10	-0.0765328	0.07361369	0.28856567	Binding_RAL	-0.046077415	0.044319928	0.17373411
L52H	L52H	52	52	0.21788728	0.2426975	-0.12311194	0.26317117	0.30867988	-0.21436632	0.045234945	0.11305903	-0.23395933	0.18194507	10	0.08012373	0.20289575	0.7953513	Binding_RAL	0.048239373	0.12215561	0.47884998
L52I	L52I	52	52	-0.4050575	-0.58158463	-0.333349	-0.70054054	-0.38995314	-0.5583292	-0.34921747	-0.52047986	-0.33461258	-0.6241478	10	-0.47972718	0.13374203	0.5242688	Binding_RAL	-0.288825	0.08052086	0.3156418
L52K	L52K	52	52	0.20356688	-0.1003593	-0.14063157	0.12397355	-0.22260354	0.13111217	-0.023939755	0.12617236	0.054454982	-0.040188275	10	0.011155749	0.13873611	0.5438456	Binding_RAL	0.006716441	0.0835276	0.32742822
L52M	L52M	52	52	-0.10958407	0.035711564	-0.14862257	-0.08650409	-0.03969517	0.030133186	-0.2141861	0.18977909	0.077782474	0.07800627	10	-0.01871794	0.12286515	0.4816314	Binding_RAL	-0.011269342	0.07397231	0.28997144
L52N	L52N	52	52	-0.06673166	0.18208428	-0.14641145	-0.28254628	0.005042509	-0.044266555	0.23139788	-0.4105061	-0.31079975	-0.25829613	10	-0.110103324	0.21213403	0.83156544	Binding_RAL	-0.06628891	0.12771763	0.5006531
L52P	L52P	52	52	0.08072778	-0.2773576	9.30883e-05	0.14337127	-0.2626372	0.0025384973	0.111333214	0.0942026	-0.4433563	-0.027289113	10	-0.057837375	0.19947469	0.7819408	Binding_RAL	-0.034821626	0.12009593	0.47077605
L52Q	L52Q	52	52	-0.1077181	0.035064287	-0.44311646	0.14324741	0.0077773533	-0.020198742	0.015237427	0.09281079	0.025960049	0.23294564	10	-0.0017990365	0.180716	0.7084067	Binding_RAL	-0.0010831297	0.10880205	0.42650405
L52R	L52R	52	52	1.0027499	1.2248057	1.0160547	0.9608572	0.9216937	1.2980963	1.2070093	1.348835	0.95321447	0.7410738	10	1.0674391	0.19310865	0.7569859	Binding_RAL	0.6426634	0.11626318	0.4557517
L52S	L52S	52	52	-0.23470068	-0.20002696	-0.3767275	-0.38708532	-0.38001555	-0.20929587	-0.09040743	-0.23280245	-0.34515238	-0.27370605	10	-0.272992	0.097888626	0.3837234	Binding_RAL	-0.16435784	0.058934923	0.2310249
L52T	L52T	52	52	-0.41155684	-0.22622487	-0.26759577	-0.13321935	-0.41916624	-0.4736827	-0.4011983	-0.22761865	-0.12458015	-0.3748752	10	-0.3059718	0.12588431	0.4934665	Binding_RAL	-0.18421368	0.07579003	0.29709694
L52V	L52V	52	52	-0.3650848	-0.478605	-0.47896668	-0.63227093	-0.4782422	-0.5840805	-0.42223626	-0.45384082	-0.4820661	-0.53245085	10	-0.4907844	0.07662613	0.30037442	Binding_RAL	-0.29548213	0.046133604	0.18084373
L52W	L52W	52	52	0.055248514	-0.08320536	-0.002981799	0.017107286	0.095113434	0.026652299	0.088631704	0.1432015	-0.13988964	0.037887152	10	0.023776513	0.08416093	0.32991084	Binding_RAL	0.01431491	0.050670013	0.19862646
L52Y	L52Y	52	52	-0.024554707	-0.13230269	-0.18658473	-0.08681864	-0.1712649	-0.19067828	-0.26438093	-0.08380838	-0.03383549	-0.004570806	10	-0.117879964	0.08516531	0.333848	Binding_RAL	-0.07097092	0.05127471	0.20099686
L55A	L55A	55	55	1.7647663	1.6854107	1.5283719	1.6445507	1.6569643	1.4635582	1.5325009	1.496363	1.6416986	1.721605	10	1.613579	0.10187083	0.39933366	Binding_RAL	0.971473	0.06133245	0.2404232
L55C	L55C	55	55	0.44240633	0.44813153	0.5421971	0.51430434	0.5231121	0.46155864	0.56173795	0.379407	0.53436506	0.4776528	10	0.48848724	0.05648369	0.22141607	Binding_RAL	0.2940991	0.034006625	0.13330597
L55D	L55D	55	55	1.4363173	1.5719817	1.5817055	1.5943333	1.4654758	1.4502993	1.5028347	1.6678641	1.5785241	1.6851764	10	1.5534512	0.08727089	0.3421019	Binding_RAL	0.93527234	0.0525424	0.2059662
L55E	L55E	55	55	1.8246789	1.5268284	1.4824861	1.5407578	1.4507163	1.4899335	1.4468372	1.4691082	1.479997	1.6875007	10	1.5398843	0.12204911	0.4784325	Binding_RAL	0.92710423	0.07348101	0.28804556
L55F	L55F	55	55	1.7801062	1.6221693	1.5895863	1.7618275	1.7272884	1.758894	1.4036392	1.6717833	1.4964907	1.8042549	10	1.6616039	0.1328617	0.5208179	Binding_RAL	1.0003868	0.07999085	0.31356412
L55G	L55G	55	55	0.9552189	0.99556077	0.8946925	0.82934684	1.006809	0.9489553	0.9270856	1.0305434	0.9165271	0.9467369	10	0.94514763	0.058552377	0.22952533	Binding_RAL	0.5690365	0.0352521	0.13818824
L55H	L55H	55	55	0.55289215	0.7476988	0.7169166	0.6699985	0.6942704	0.5477808	0.68640304	0.64925784	0.7209736	0.71295166	10	0.66991436	0.068816565	0.26976094	Binding_RAL	0.40332928	0.04143177	0.16241254
L55K	L55K	55	55	0.7855064	0.6761869	0.7403224	0.5254235	0.6699627	0.67514193	0.7043757	0.79655683	0.7955651	0.81020534	10	0.7179247	0.087501585	0.34300622	Binding_RAL	0.43223447	0.05268129	0.20651066
L55M	L55M	55	55	0.3546812	0.371756	0.35278842	0.30252805	0.24649325	0.3832934	0.34793174	0.41484612	0.3007223	0.3977986	10	0.3472839	0.05101984	0.19999778	Binding_RAL	0.20908608	0.030717054	0.12041085
L55N	L55N	55	55	1.1758089	1.1062778	1.2697102	1.020488	0.94448346	1.1178076	1.1213613	1.3663224	1.1556481	1.246721	10	1.152463	0.12197302	0.47813424	Binding_RAL	0.69385296	0.073435195	0.28786597
L55P	L55P	55	55	3.2440996	3.1819136	3.5537987	3.467892	3.6037502	3.3275692	3.2854536	3.472846	3.4390435	3.3598292	10	3.3936195	0.13664582	0.5356516	Binding_RAL	2.043166	0.08226912	0.32249495
L55Q	L55Q	55	55	1.9160734	1.9372648	1.6639019	1.7874972	1.9664257	1.8842643	1.8723102	1.8265313	1.8966031	1.9855139	10	1.8736385	0.09501199	0.37244698	Binding_RAL	1.1280446	0.05720301	0.2242358
L55R	L55R	55	55	1.0186653	1.0172658	0.9680916	1.011344	0.99767137	1.0441905	1.0238224	1.0489662	0.9720704	1.0358768	10	1.0137964	0.027649675	0.108386725	Binding_RAL	0.6103673	0.01664679	0.06525542
L55S	L55S	55	55	1.5328416	1.3534553	1.368261	1.4393271	1.4073405	1.3705577	1.4348203	1.4228483	1.3930537	1.3965017	10	1.4119008	0.05127999	0.20101756	Binding_RAL	0.85005033	0.03087368	0.12102483
L55T	L55T	55	55	0.42006877	0.33286324	0.38405782	0.3817713	0.31694332	0.35143387	0.4076938	0.39775884	0.35087505	0.3181393	10	0.36616054	0.037239727	0.14597973	Binding_RAL	0.22045097	0.022420585	0.087888695
L55V	L55V	55	55	0.30601317	0.6105254	0.3748353	0.36222884	0.4035393	0.37229544	0.6412953	0.36638942	0.20864977	0.24258864	10	0.3888361	0.13964021	0.5473896	Binding_RAL	0.23410304	0.08407192	0.32956192
L55W	L55W	55	55	1.2611378	1.2170591	1.1854932	1.1240078	1.2417644	1.147101	1.0963492	1.1779063	1.1489022	1.1917434	10	1.1791464	0.051767368	0.20292808	Binding_RAL	0.709918	0.031167112	0.12217508
L55Y	L55Y	55	55	1.859097	1.9725529	1.888193	2.014163	1.8572267	1.9160134	1.9345236	1.8343974	1.9842824	1.8879635	10	1.9148413	0.060311127	0.23641962	Binding_RAL	1.1528512	0.036310975	0.14233902
L5A	L5A	5	5	0.11366555	0.024870157	-0.32610676	-0.639144	-0.2160505	-0.10960777	-0.10160333	-0.53646845	0.017643414	-0.095441185	10	-0.18682429	0.24621345	0.96515673	Binding_RAL	-0.11247961	0.14823551	0.58108324
L5C	L5C	5	5	0.046432056	-0.0109257465	0.04001457	-0.13391633	-0.11253512	-0.111362934	0.15243262	-0.11637198	0.022678481	-0.14637215	10	-0.036992658	0.10105478	0.39613473	Binding_RAL	-0.022271836	0.06084114	0.23849727
L5D	L5D	5	5	1.3395964	1.0444089	0.6885905	0.3445788	0.28776553	0.79308736	1.400567	0.56817394	1.1199974	1.234295	10	0.8821061	0.4043064	1.5848812	Binding_RAL	0.5310817	0.24341711	0.9541951
L5E	L5E	5	5	0.47545573	0.01844896	0.044493724	0.61874497	0.09842808	0.62337494	0.3449129	0.36665896	0.6488426	0.69557357	10	0.39349344	0.26233143	1.0283393	Binding_RAL	0.23690705	0.15793951	0.61912286
L5F	L5F	5	5	0.0730726	0.18617329	0.110508755	0.2769157	0.092507385	-0.08651908	-0.040981065	-0.025572956	0.078929916	0.23827112	10	0.09033056	0.119572446	0.46872398	Binding_RAL	0.054384507	0.0719899	0.28220043
L5G	L5G	5	5	0.5641923	0.14691524	0.3319388	0.14408846	0.39543658	0.30744153	0.4276876	0.13014919	0.45351425	0.59640896	10	0.3497773	0.16981201	0.66566306	Binding_RAL	0.21058726	0.10223718	0.40076974
L5H	L5H	5	5	1.1673615	1.0231624	1.0641851	1.1310567	1.1014727	1.1305485	1.175278	1.2447224	1.1459005	1.056697	10	1.1240385	0.06535293	0.2561835	Binding_RAL	0.6767397	0.03934645	0.15423809
L5I	L5I	5	5	-0.23482619	-0.16226093	-0.18383138	-0.33011016	-0.21719621	-0.32623467	-0.2787893	-0.11396133	-0.6158761	-0.28587106	10	-0.27489573	0.139005	0.54489964	Binding_RAL	-0.165504	0.08368949	0.3280628
L5K	L5K	5	5	0.9576614	0.7934706	0.7860993	0.8701009	1.2418138	0.11686067	1.1356649	0.8722722	0.8483122	0.15212226	10	0.77743787	0.3691987	1.447259	Binding_RAL	0.468065	0.22228013	0.8713381
L5M	L5M	5	5	-0.044206463	0.06389309	-0.049730185	0.13960496	-0.0067021353	-0.1462649	-0.09943092	-0.33722746	-0.18239255	-0.085161954	10	-0.07476185	0.13236004	0.5188514	Binding_RAL	-0.045011193	0.07968882	0.31238016
L5N	L5N	5	5	1.5426279	0.93979824	1.0282751	0.029773643	0.9240889	0.9517511	0.97187173	1.0142022	1.2318778	1.197426	10	0.9831692	0.38574645	1.5121261	Binding_RAL	0.5919278	0.23224288	0.9103921
L5P	L5P	5	5	0.6925872	0.64274997	0.6294493	0.88892436	0.37169403	0.946251	0.56072354	0.3751568	1.2030911	0.77427495	10	0.70849025	0.2571736	1.0081205	Binding_RAL	0.42655432	0.15483418	0.60695
L5Q	L5Q	5	5	0.5379893	0.29795513	0.42985666	0.48745883	0.080355614	-0.049703162	0.24777116	0.0152451815	0.28829676	0.4477729	10	0.27829984	0.20555091	0.8057596	Binding_RAL	0.16755347	0.12375418	0.4851164
L5R	L5R	5	5	0.2843623	0.015683483	0.5175328	0.343483	0.33592615	0.17705832	0.47300202	1.1246698	0.096594825	0.033925388	10	0.3402238	0.32535398	1.2753876	Binding_RAL	0.20483546	0.19588293	0.7678611
L5S	L5S	5	5	-0.12672281	-0.0958995	-0.1800476	-0.19982265	-0.10589719	-0.039034143	0.0027360544	-0.16603327	-0.16184548	-0.1609975	10	-0.12335642	0.06485894	0.25424707	Binding_RAL	-0.07426809	0.039049037	0.15307222
L5T	L5T	5	5	-0.30001333	-0.38488013	-0.45507467	-0.33199254	0.15677	-0.22831045	-0.32954934	-0.44263273	-0.37000042	-0.4536855	10	-0.31393692	0.18069272	0.7083155	Binding_RAL	-0.18900916	0.108788036	0.42644912
L5V	L5V	5	5	-0.040192515	0.07060475	0.036033776	-0.12311907	0.0068340627	-0.11605006	0.023297055	-0.023152372	-0.042862367	-0.0859306	10	-0.029453734	0.065146275	0.2553734	Binding_RAL	-0.017732944	0.039222028	0.15375036
L5W	L5W	5	5	0.7128035	0.2183222	0.20032117	0.27668715	0.46498907	0.2751923	0.40712306	0.4887154	-0.038211673	0.36273885	10	0.3368681	0.20199387	0.791816	Binding_RAL	0.20281515	0.12161262	0.4767215
L5Y	L5Y	5	5	0.3998071	0.16064025	-0.23964489	0.08654028	0.044459254	0.40860742	0.13035555	0.030471655	0.12775265	0.28469893	10	0.14336883	0.19126935	0.7497759	Binding_RAL	0.08631677	0.115155816	0.4514108
L78A	L78A	78	78	0.32723418	0.41843173	0.22706753	0.21162157	0.31905514	0.32524136	0.4233301	0.33748716	0.36197075	0.41699734	10	0.3368437	0.07413776	0.29062003	Binding_RAL	0.20280045	0.044635452	0.17497097
L78C	L78C	78	78	0.13502759	0.036245164	0.0058862376	0.091642484	0.22128189	-0.0018415048	0.23013179	0.33607867	0.059738632	0.09293166	10	0.12071226	0.11022615	0.4320865	Binding_RAL	0.07267614	0.06636286	0.26014242
L78D	L78D	78	78	1.5070943	1.1595831	1.0913761	0.6518534	1.2499053	1.0716468	0.38028947	0.5734881	0.53566206	0.91613805	10	0.9137036	0.36421582	1.427726	Binding_RAL	0.5501053	0.21928014	0.85957813
L78E	L78E	78	78	0.30521747	0.8373802	0.8904618	-0.31198594	0.10918553	-0.23426104	0.7185775	0.09470924	0.7919896	0.59678423	10	0.37980586	0.44939688	1.7616358	Binding_RAL	0.22866629	0.27056432	1.0606122
L78F	L78F	78	78	0.3601715	0.37175953	0.3770195	0.23415357	0.40605828	0.3330504	0.33398423	0.39378944	0.4256993	0.23277669	10	0.34684625	0.06641909	0.26036283	Binding_RAL	0.2088226	0.03998834	0.15675429
L78G	L78G	78	78	1.6110659	2.1600025	2.2781744	2.572906	1.7045437	1.8844976	1.9603124	2.5192068	1.6282959	2.007895	10	2.0326898	0.34669852	1.3590583	Binding_RAL	1.2238032	0.20873365	0.81823593
L78H	L78H	78	78	1.3421446	1.1194788	1.8046281	0.29953912	0.05737686	0.1591083	0.65748966	2.0682871	0.8031933	1.0316718	10	0.9342917	0.67660576	2.6522946	Binding_RAL	0.5625006	0.40735793	1.5968431
L78I	L78I	78	78	-0.18813862	-0.1402125	-0.08622808	-0.17452928	-0.09879912	-0.2700584	-0.13935956	-0.28484505	-0.2281751	-0.20169991	10	-0.18120456	0.067163005	0.263279	Binding_RAL	-0.10909619	0.040436223	0.15851
L78K	L78K	78	78	-0.08721623	-0.04455851	-0.6950834	-0.35347205	-0.6710017	0.103055306	-0.23359129	0.05604764	-0.7880116	-0.30193418	10	-0.30157658	0.32298735	1.2661104	Binding_RAL	-0.18156749	0.19445808	0.7622757
L78M	L78M	78	78	0.45850453	0.3958104	0.38166723	0.62966377	0.6171507	0.4185005	0.61449045	0.61160547	0.34711358	0.39244553	10	0.4866952	0.116664305	0.4573241	Binding_RAL	0.2930202	0.07023902	0.27533698
L78N	L78N	78	78	1.1826739	0.7554252	1.299579	1.1423923	1.1439322	0.9454028	1.0594344	1.1176802	1.1402788	1.2391562	10	1.1025956	0.15488477	0.6071483	Binding_RAL	0.66382974	0.09325007	0.3655403
L78P	L78P	78	78	1.1786019	1.2832135	1.3794999	0.7014752	1.5357181	1.6975625	1.2086412	1.1389257	1.0133132	0.98092276	10	1.2117875	0.2855145	1.1192169	Binding_RAL	0.7295699	0.17189714	0.6738368
L78Q	L78Q	78	78	1.6110809	1.295283	1.3842007	1.715318	1.1798037	1.486552	1.458832	1.6654654	1.5657892	1.6473033	10	1.5009629	0.17378679	0.68124425	Binding_RAL	0.90367115	0.10463025	0.4101506
L78R	L78R	78	78	1.5858245	1.9138926	2.1493776	2.2547963	2.779844	2.5476809	2.099866	1.9071498	1.6862701	0.92330587	10	1.9848007	0.5215663	2.04454	Binding_RAL	1.1949711	0.3140147	1.2309377
L78S	L78S	78	78	1.9265609	1.6536046	1.7887124	1.2148765	1.1393002	1.1643518	1.2699779	1.0609283	1.0061767	2.0291152	10	1.4253604	0.38395178	1.5050911	Binding_RAL	0.8581539	0.23116238	0.90615654
L78T	L78T	78	78	1.1651598	2.182138	1.3752835	1.9960496	1.3767573	1.2150487	2.0863812	1.8337501	2.0050974	1.8136603	10	1.7049326	0.38357964	1.5036322	Binding_RAL	1.0264734	0.23093833	0.90527827
L78V	L78V	78	78	-0.14197157	-0.20820071	-0.07818411	-0.062420864	-0.09687034	-0.11345341	-0.27290568	-0.11044564	-0.0936069	-0.21600783	10	-0.13940671	0.069540724	0.27259964	Binding_RAL	-0.08393134	0.041867755	0.1641216
L78W	L78W	78	78	0.90725636	1.704232	1.4378886	1.8317397	1.169643	1.1589735	1.6278515	0.9002837	1.8291818	1.488792	10	1.4055843	0.35398495	1.387621	Binding_RAL	0.8462475	0.21312052	0.83543247
L78Y	L78Y	78	78	0.29819453	0.029843355	-0.4680443	-0.22042014	0.070698775	0.1116734	0.016620368	0.13600627	-0.35100788	-0.109957434	10	-0.048639305	0.23695843	0.92887706	Binding_RAL	-0.029283827	0.14266342	0.55924064
M110A	M110A	110	110	0.25898325	0.42817625	0.38898432	0.3555256	0.50470895	0.46015778	0.6459887	0.83587337	0.5067941	0.47140464	10	0.4856597	0.16020322	0.6279966	Binding_RAL	0.29239675	0.0964521	0.37809226
M110C	M110C	110	110	-0.015617456	0.026615331	-0.12543514	-0.135261	-0.10470351	0.09402351	0.0144426655	0.07219401	-0.16529435	-0.055192295	10	-0.03942282	0.09130682	0.35792273	Binding_RAL	-0.023734942	0.054972272	0.21549131
M110D	M110D	110	110	0.2667188	0.5447673	0.79501104	0.5865887	0.8238333	0.5791271	0.19828244	1.2702758	1.3074452	0.8328413	10	0.7204891	0.36863673	1.445056	Binding_RAL	0.43377835	0.22194178	0.8700118
M110E	M110E	110	110	1.394385	0.5056506	1.5318453	2.2991335	1.1917877	1.5410714	1.6102142	1.2897614	0.9122615	0.98465025	10	1.3260763	0.4831689	1.8940221	Binding_RAL	0.79837877	0.29089713	1.1403167
M110F	M110F	110	110	-0.4002938	-0.4335815	-0.40470922	-0.30807418	-0.3931393	-0.5244869	-0.40278396	-0.42732295	-0.3623715	-0.48614252	10	-0.41429058	0.06027061	0.2362608	Binding_RAL	-0.24942818	0.03628658	0.1422434
M110G	M110G	110	110	0.5237275	0.79055583	0.7790561	0.71922684	0.9325639	0.47269276	0.7931581	0.9934827	0.5042737	1.0434122	10	0.755215	0.2033636	0.7971853	Binding_RAL	0.45468548	0.12243728	0.47995415
M110H	M110H	110	110	-0.25137395	-0.4151481	-0.06666949	0.104185045	0.052946612	0.39157698	0.12064397	0.1382681	0.098257996	-0.16107732	10	0.0011609882	0.23003191	0.9017251	Binding_RAL	0.0006989857	0.13849324	0.5428935
M110I	M110I	110	110	-0.26490882	-0.44991875	-0.24353343	-0.2590912	-0.24265656	-0.25242528	-0.2589218	-0.21685305	-0.27390242	-0.19054623	10	-0.26527575	0.06938216	0.27197808	Binding_RAL	-0.15971218	0.04177229	0.16374739
M110K	M110K	110	110	0.72789896	0.39928436	0.35515532	0.33737183	0.43181714	0.2070686	0.38882697	0.75555986	0.51277083	0.7607143	10	0.48764676	0.19557507	0.7666543	Binding_RAL	0.29359308	0.11774812	0.46157265
M110L	M110L	110	110	-0.17502753	-0.10884059	-0.08020666	-0.17751786	-0.257406	-0.30932164	-0.22999972	-0.21088828	-0.23022753	-0.18288131	10	-0.1962317	0.06759316	0.26496518	Binding_RAL	-0.11814345	0.0406952	0.1595252
M110N	M110N	110	110	0.2760589	0.7333806	-0.051515862	0.7773596	0.6317189	0.5415856	1.5015318	1.4084129	1.4364262	0.76073843	10	0.80156964	0.5129987	2.0109549	Binding_RAL	0.4825938	0.3088565	1.2107174
M110P	M110P	110	110	1.0432409	0.84643143	-0.10706562	0.7229425	0.39346844	0.29281148	0.3350443	-0.4391726	-0.11382638	0.41765925	10	0.33915338	0.4620889	1.8113886	Binding_RAL	0.20419101	0.2782057	1.0905663
M110Q	M110Q	110	110	0.43749028	1.4955658	-0.05483636	0.54614455	0.17948748	0.33507043	0.28841907	0.13476743	-0.024610499	1.2364944	10	0.45739928	0.5177531	2.0295923	Binding_RAL	0.27538225	0.31171894	1.2219383
M110R	M110R	110	110	1.3321106	1.4126983	1.2856301	0.75681835	0.9257866	0.5190378	0.30371356	1.3960083	1.3574892	0.933319	10	1.0222613	0.39820403	1.5609598	Binding_RAL	0.6154636	0.2397431	0.939793
M110S	M110S	110	110	0.22913799	0.5373128	0.3858858	0.83509004	0.9147268	0.59855545	0.783812	0.63230336	0.18843576	0.38076818	10	0.5486028	0.251108	0.98434335	Binding_RAL	0.33029234	0.15118232	0.59263474
M110T	M110T	110	110	-0.122159585	0.27996847	0.22356206	0.14078405	-0.022616673	0.118036024	0.38866922	0.413966	0.4699225	0.23555526	10	0.21256873	0.18986541	0.7442724	Binding_RAL	0.12797934	0.114310555	0.44809738
M110V	M110V	110	110	-0.061662793	-0.051604044	-0.3303837	-0.105595484	-0.1703944	-0.13639244	-0.24708483	-0.1887608	-0.17640062	-0.05400758	10	-0.15222867	0.09029956	0.35397428	Binding_RAL	-0.09165094	0.054365844	0.21311411
M110W	M110W	110	110	-0.17328028	-0.09539778	-0.16630553	-0.14040682	0.038381584	-0.22307335	-0.09070307	-0.08892703	-0.16473053	-0.10303312	10	-0.12074759	0.0713524	0.2797014	Binding_RAL	-0.07269741	0.042958494	0.1683973
M110Y	M110Y	110	110	0.27180892	0.3029182	0.31597382	0.20803608	0.4444501	0.058619533	0.054069135	0.18097833	0.0136800585	-0.10810668	10	0.17424275	0.16788739	0.6581186	Binding_RAL	0.104904756	0.10107844	0.3962275
M169C	M169C	169	169	-0.05436093	0.043671858	-0.08966019	-0.07821699	0.015976414	0.018964209	-0.03749056	-0.04981007	-0.08257633	-0.061925206	10	-0.03754278	0.047234215	0.18515812	Binding_RAL	-0.022603042	0.028437877	0.11147648
M169D	M169D	169	169			0.5845726	-0.16657722	-0.0077922563	0.4171673	0.079059236	0.47866386	1.0390984		7	0.34631315	0.41213423	1.6155663	Binding_RAL	0.20850164	0.24812993	0.97266936
M169E	M169E	169	169	0.14619465	0.05146195	-0.15691195	-0.11698064	-0.011823482	0.033619497	-1.5244802	0.040139195	-0.17969988	-0.09618763	10	-0.18146685	0.48321724	1.8942116	Binding_RAL	-0.10925411	0.29092625	1.1404309
M169F	M169F	169	169	0.36983398	-0.19852519	0.4410156	0.10103861	0.01786738	0.03800642	0.41819954	0.06428299	0.09761827	-0.011738491	10	0.1337599	0.20881407	0.8185512	Binding_RAL	0.08053162	0.1257188	0.4928177
M169G	M169G	169	169	0.07060339	0.21576138	0.43061888	0.11211452	0.28804842	-0.13857631	0.14068757	0.20305133	0.0005505233	-0.0040248623	10	0.13188349	0.16289812	0.63856065	Binding_RAL	0.0794019	0.0980746	0.38445243
M169I	M169I	169	169	0.780724	0.8379141	0.839898	-0.1432353	0.29869756	0.44381618	0.67666686				7	0.53349733	0.36270055	1.4217862	Binding_RAL	0.32119793	0.21836784	0.856002
M169K	M169K	169	169	0.16872597	-0.12821689	0.20984443	-0.051597938	-0.35788998	-0.15191327	-0.17050898	0.53390044	0.27933285	-0.17242227	10	0.015925435	0.271234	1.0632373	Binding_RAL	0.009588083	0.16329941	0.6401337
M169L	M169L	169	169	-0.12915008	-0.03356741	0.32220763	-0.0035444598	0.22006612	0.26671597	0.43655187	0.44259956	0.38381198	0.19239698	10	0.2098088	0.20325302	0.79675186	Binding_RAL	0.1263177	0.122370705	0.47969317
M169R	M169R	169	169	-0.7555365	-0.2140134	-0.21518186	-0.63031703	-0.16556928	-0.06673668	-0.08160901	-0.19723208	-0.48890182	-0.028302819	10	-0.28434005	0.25144047	0.98564667	Binding_RAL	-0.17119005	0.15138249	0.5934194
M169S	M169S	169	169	0.040153973	0.009023057	0.20625372	-0.3775536	-0.14565003				-0.124074906	-0.20654441	7	-0.0854846	0.18925154	0.74186605	Binding_RAL	-0.05146694	0.11394097	0.4466486
M169T	M169T	169	169		-0.55752885	0.102948375	-0.29266745	0.00062936737	-0.7117841	-0.35111713	-0.40110648			7	-0.31580377	0.28860977	1.1313503	Binding_RAL	-0.19013312	0.17376068	0.6811419
M169V	M169V	169	169	-0.3262986	0.24471372	0.118845224	-0.032702006	-0.0065785446	0.017054338	0.08068877	0.019339394	0.001065167	0.3008287	10	0.041695617	0.1705813	0.6686787	Binding_RAL	0.025103305	0.10270034	0.40258533
M169W	M169W	169	169	-0.099801145	-0.23470521	-0.047312412	-0.12642366	-0.20548433	-0.10018399	-0.25216556	-0.2662988	-0.23259278	-0.22961192	10	-0.17945798	0.07803186	0.3058849	Binding_RAL	-0.10804465	0.046979938	0.18416137
M187A	M187A	187	187	0.43948567	-0.07337358	0.1366817			0.034666233	0.4946872	-0.70844615	0.06739741	-0.095412135	8	0.036960796	0.37181857	1.4575288	Binding_RAL	0.022252653	0.22385745	0.8775212
M187C	M187C	187	187	0.35993534	0.3073857	0.69921684	1.0070468	0.69210005	0.6638321	0.24832717	0.11226317	0.23964982	0.39932597	10	0.47290832	0.27918583	1.0944085	Binding_RAL	0.28471965	0.16808689	0.6589006
M187D	M187D	187	187	-0.18361805	-0.41627902	-0.45602572	-0.55771524	-0.22396776	-0.32216138	0.08794965	-0.51078165	-0.25081444	-0.43484226	10	-0.3268256	0.19219148	0.7533906	Binding_RAL	-0.19676894	0.11571099	0.45358709
M187E	M187E	187	187	0.06094175	-0.16191995	-0.028848415	0.0741458	-0.33559817	0.29450253	0.3344006	0.046207767	0.5057974	-0.110625416	10	0.06790038	0.25200152	0.987846	Binding_RAL	0.04088017	0.15172029	0.59474355
M187F	M187F	187	187	-0.24058113	-0.025072062	0.119318046	-0.09624196	0.10599449	0.18146749	-0.15746164	0.17170282	0.28433993	-0.25885013	10	0.008461585	0.1907835	0.74787134	Binding_RAL	0.0050943904	0.1148633	0.45026413
M187G	M187G	187	187	0.23255455	0.3503972	0.27887195	0.22831668	0.3103412	0.07890079	-0.13713484	0.16544098	-0.22325441	0.28115565	10	0.15655896	0.19415215	0.76107645	Binding_RAL	0.09425804	0.11689143	0.4582144
M187I	M187I	187	187	0.4909811	0.089498386	0.42195046	0.49866143	0.36732	0.17330095	0.016171219	0.4346401	0.4589444	0.27542195	10	0.322689	0.17483766	0.68536365	Binding_RAL	0.19427845	0.105262935	0.4126307
M187K	M187K	187	187	0.10186589	0.36875144	0.12750384	-0.028577944	0.060593788	-0.11807953	-0.017277904	0.25405034	0.04914328	0.3113555	10	0.11093287	0.15711956	0.6159087	Binding_RAL	0.06678835	0.09459555	0.37081456
M187L	M187L	187	187	-0.1505513	-0.29486266	-0.17684554	-0.046486765	-0.18687443	-0.14703159	-0.3001473	-0.2271421	-0.29075485	-0.088629514	10	-0.1909326	0.08762819	0.34350252	Binding_RAL	-0.11495307	0.052757517	0.20680948
M187N	M187N	187	187	-0.22678399	-0.44762963	-0.5647061	0.77705014	-0.26787537	-0.46670797				-0.48852304	7	-0.24073942	0.46494502	1.8225845	Binding_RAL	-0.14493981	0.27992526	1.0973071
M187P	M187P	187	187	-0.3933845	-0.20862943	-0.28512624	-0.30872455	0.069778234				-0.18263851	-0.38110566	7	-0.24140438	0.15833522	0.6206741	Binding_RAL	-0.14534016	0.09532746	0.37368366
M187Q	M187Q	187	187	-0.37521383	0.35285404	0.35686645	-0.11878889	0.77265245	-0.85742587	-0.62847656	-0.6761077	-0.3483202	-0.6761106	10	-0.21980706	0.54633445	2.1416311	Binding_RAL	-0.13233726	0.32892665	1.2893925
M187R	M187R	187	187	-0.09541918	0.109506436	-0.036251996	0.0045777345	0.13143104	0.016300144	-0.19568017	0.06661007	-0.13775754	0.19077873	10	0.0054095266	0.12372915	0.48501825	Binding_RAL	0.0032568648	0.07449249	0.29201058
M187S	M187S	187	187	-0.041488543	0.38249788	0.3447527	-0.07580023	0.27557683	0.2565655	0.34833896	0.38722324	0.5444402	0.4857447	10	0.29078513	0.203437	0.7974731	Binding_RAL	0.17507038	0.12248148	0.48012742
M187T	M187T	187	187	0.21011691	0.29619542	0.9336982	0.091780804	-0.17339939	-0.07090967	-0.04204772	-0.23574059	0.14374933	-0.03304017	10	0.1120403	0.33345985	1.3071626	Binding_RAL	0.06745509	0.20076317	0.7869916
M187V	M187V	187	187	-0.06079548	-0.006906264	0.07234324	0.07458233	-0.26308948	-0.06486995	0.041928507	0.11158094	0.120981686	0.03553299	10	0.0061288523	0.11435611	0.44827595	Binding_RAL	0.0036899426	0.06884935	0.26988944
M187W	M187W	187	187	-0.3494078	-0.27447188		0.002542966	0.09444349	0.040470973	-0.20321998	-0.13664258	0.010291797	-0.13917752	9	-0.10613005	0.15250333	0.59781307	Binding_RAL	-0.06389676	0.0918163	0.3599199
M187Y	M187Y	187	187	-0.009472923	-0.10433733		-0.26202112	0.22925328	0.12932013	-0.09432859	-0.036501817	0.07929181	0.011893411	9	-0.0063225715	0.14370586	0.56332695	Binding_RAL	-0.0038065736	0.08651969	0.3391572
M66A	M66A	66	66	0.60453314	0.6238901	0.6085876	0.62197995	0.5551856	0.67008394	0.6501632	0.55627346	0.76557845	0.675403	10	0.63316786	0.06200123	0.24304482	Binding_RAL	0.38120565	0.03732852	0.1463278
M66C	M66C	66	66	0.3168824	0.29612002	0.26955435	0.39975512	0.76507807	0.48686573	0.35849652	0.3447641	0.26723534	0.2381484	10	0.37429002	0.15546678	0.6094298	Binding_RAL	0.22534542	0.09360048	0.36691388
M66D	M66D	66	66	0.44680938	0.6802715	0.66961277	0.62531126	0.6264971	0.49090034	0.6095892	0.5040786	0.68707865	0.55677164	10	0.58969206	0.085429646	0.33488423	Binding_RAL	0.35503057	0.051433858	0.20162073
M66E	M66E	66	66	0.6788854	0.5688287	0.6241323	0.54108614	0.39949706	0.48318934	0.67680395	0.6024476	0.61577594	0.72891694	10	0.5919563	0.09844356	0.38589877	Binding_RAL	0.35639378	0.059269026	0.23233458
M66F	M66F	66	66	0.500255	0.3711249	0.41172904	0.454209	0.1508647	0.382019	0.552834	0.49422076	0.4019419	0.4377861	10	0.41569844	0.109318934	0.42853022	Binding_RAL	0.25027582	0.06581666	0.25800133
M66G	M66G	66	66	0.38647476	0.39589384	0.3635018	0.49519303	0.40410545	0.4069711	0.42108	0.37673414	0.27128372	0.5572728	10	0.40785107	0.076253206	0.29891258	Binding_RAL	0.24555121	0.04590908	0.1799636
M66H	M66H	66	66	0.04850405	0.2243147	0.08607215	0.3746095	0.30297184	0.6922461	0.4380091	0.45551807	0.4036689	0.36584663	10	0.3391761	0.18771838	0.73585606	Binding_RAL	0.2042047	0.11301791	0.4430302
M66I	M66I	66	66	0.6663285	0.6042289	0.7036685	0.58073425	0.8462718	0.7809663	0.7539889	0.69416785	0.67611784	0.7256168	10	0.703209	0.07927943	0.31077537	Binding_RAL	0.42337468	0.04773105	0.18710572
M66K	M66K	66	66	0.49631405	0.614891	0.834315	0.61051756	0.4389307	0.6290918	0.5649013	0.56265014	0.6933622	0.5423665	10	0.598734	0.10925268	0.4282705	Binding_RAL	0.36047438	0.06577677	0.25784495
M66L	M66L	66	66	0.26779765	-0.08751318	0.016075533	-0.07785688	0.11628807	0.051150944	0.099729754	0.06227977	0.0068104933	0.17355762	10	0.062831976	0.108703695	0.4261185	Binding_RAL	0.03782868	0.06544625	0.2565493
M66N	M66N	66	66	0.4519966	0.42658904	0.5531621	0.69754034	0.47187227	0.46260664	0.20070723	0.6599327	0.5376973	0.41686484	10	0.48789686	0.13894589	0.5446679	Binding_RAL	0.29374367	0.0836539	0.32792327
M66P	M66P	66	66	0.5574096	0.26741096	0.6298512	0.2833257	0.58497036	0.39110115	0.5707507	0.43620598	0.4038469	0.4022223	10	0.45270944	0.12727872	0.49893257	Binding_RAL	0.2725587	0.07662955	0.30038783
M66Q	M66Q	66	66	0.32931438	0.56027	0.6043894	0.58693576	0.59649146	0.7326143	0.65796036	0.4100282	0.41456395	0.5425821	10	0.543515	0.123767	0.48516667	Binding_RAL	0.32722917	0.07451528	0.29209992
M66R	M66R	66	66	0.34510824	0.31045276	0.24990292	0.33669713	0.44514292	0.3560744	0.31723434	0.4901001	0.34354916	0.45578134	10	0.36500436	0.07494814	0.29379672	Binding_RAL	0.21975487	0.04512335	0.17688353
M66S	M66S	66	66	0.36848608	0.4690231	0.4774929	0.47978655	0.3749118	0.4525249	0.5013319	0.48257688	0.47855937	0.42321187	10	0.45079055	0.046568137	0.18254709	Binding_RAL	0.2714034	0.028036857	0.10990448
M66T	M66T	66	66	0.80965185	0.8193853	0.6954065	0.75897014	0.81342244	0.165848	0.39898282	0.524998	0.058278672	0.67615503	10	0.5721099	0.2784902	1.0916816	Binding_RAL	0.34444502	0.16766807	0.65725887
M66V	M66V	66	66	0.7420898	0.5421765	0.6365754	0.5180291	0.5769458	0.49269414	0.5975879	0.5647384	0.5558685	0.51889163	10	0.57455975	0.07221833	0.28309587	Binding_RAL	0.34592	0.043479837	0.17044097
M66W	M66W	66	66	-0.39285				-0.20944683	-0.024771044	0.039626796	0.31721884	0.06888644	0.11029321	7	-0.013006086	0.22975951	0.9006573	Binding_RAL	-0.007830457	0.13832924	0.54225063
M66Y	M66Y	66	66	0.13985015	0.16578688	0.34017572	0.21948065	0.3102934	0.4126608	0.54703665	0.42857438	0.09311986	0.17959662	10	0.2836575	0.14785168	0.5795786	Binding_RAL	0.17077911	0.08901572	0.34894162
M71A	M71A	71	71	-0.13236117	0.022075884	0.02931254	0.017209819	-0.006629124	-0.058673806	-0.113997705	-0.08544704	-0.1525735	-0.13999085	10	-0.062107496	0.07245547	0.28402546	Binding_RAL	-0.0373925	0.043622613	0.17100064
M71C	M71C	71	71	0.25598866	0.028726613	0.10783624	0.208433	0.18858615	0.3032649	0.1995052	0.07918128	0.10147621	0.055558573	10	0.15285566	0.09114719	0.357297	Binding_RAL	0.09202843	0.054876167	0.21511458
M71D	M71D	71	71	-0.2555918	-0.20383787	-0.13576615	-0.052543033	-0.14059359	-0.22536916	-0.25039187	-0.13192971	-0.05787635	-0.17154117	10	-0.16254409	0.07249515	0.284181	Binding_RAL	-0.097861454	0.0436465	0.17109428
M71E	M71E	71	71	-0.09855495	-0.08544993	-1.0318131	-1.1863638	-0.057316907	-0.22126624	-0.13215198	-0.09170134	-0.06771802	-0.18969034	10	-0.31620264	0.42268407	1.6569216	Binding_RAL	-0.19037327	0.25448158	0.99756783
M71F	M71F	71	71	0.23706485	0.19568977	0.23963107	0.17127562	0.26577693	0.3429124	0.18087392	0.23237818	0.2276228	0.20458753	10	0.2297813	0.049292337	0.19322596	Binding_RAL	0.13834235	0.029676992	0.11633381
M71G	M71G	71	71	0.113350846	0.08608869	0.09917201	0.09928125	0.06912899	0.09922028	0.097246654	0.10040508	0.1037859	0.111445	10	0.097912475	0.012631915	0.049517106	Binding_RAL	0.05894928	0.007605183	0.029812317
M71H	M71H	71	71	0.0060141576	0.14282365	0.14378141	-0.09024765	0.08699523	-0.05176753	-0.04848202	0.056357153	-0.1395763	0.02862406	10	0.013452215	0.09633186	0.37762088	Binding_RAL	0.008099054	0.05799765	0.2273508
M71I	M71I	71	71	0.50681704	0.5020282	0.58803695	0.47511187	0.49432492	0.49838215	0.51995325	0.4180908	0.38833305	0.48215565	10	0.48732343	0.054511517	0.21368515	Binding_RAL	0.2933984	0.032819256	0.12865148
M71K	M71K	71	71	0.0059874435	-0.37519395	0.009882006	-0.329069	-0.16184723	-0.006645785	-0.20781717	-0.44842517	-0.21893634	-0.16320258	10	-0.18952677	0.16161217	0.6335197	Binding_RAL	-0.11410667	0.09730038	0.3814175
M71L	M71L	71	71	0.44615358	0.42092955	0.4392538	0.4356875	0.46734414	0.3582725	0.46855247	0.48087072	0.43638992	0.43378282	10	0.43872365	0.03394251	0.13305464	Binding_RAL	0.2641384	0.02043546	0.080107
M71N	M71N	71	71	0.1916525	0.040351637	-0.011577401	0.13614541	0.16126166	-0.11646325	0.0350454	-0.060621552	0.040877108	-0.033896126	10	0.03827754	0.09981588	0.39127827	Binding_RAL	0.023045413	0.060095247	0.23557337
M71P	M71P	71	71	-0.47472054	-0.4407907	-0.49330133	-0.49595925	-0.33407068	-0.53492767	-0.42071998	-0.4393922	-0.4151528	-0.5339941	10	-0.45830292	0.06135985	0.24053061	Binding_RAL	-0.2759263	0.03694237	0.14481409
M71Q	M71Q	71	71	-0.035735115	-0.14988832	-0.056105565	-0.19361451	-0.091841236	-0.23346487	-0.28673536	-0.096622035	-0.14523354	-0.096698694	10	-0.13859391	0.07974419	0.31259724	Binding_RAL	-0.08344199	0.048010863	0.18820259
M71R	M71R	71	71	-0.12911668	-0.17605159	-0.12958702	-0.1283059	-0.16199486	-0.07049177	-0.1614195	-0.06856225	-0.14964825	-0.057199113	10	-0.12323769	0.04305034	0.16875733	Binding_RAL	-0.07419661	0.02591893	0.10160221
M71S	M71S	71	71	-0.059808806	-0.14413767	-0.114391424	0.011296171	-0.14722528	-0.11528253	-0.1748821	-0.13353287	0.02861155	-0.091254085	10	-0.094060704	0.068001345	0.26656526	Binding_RAL	-0.05663028	0.040940955	0.16048855
M71T	M71T	71	71	0.14905912	0.23413607	0.22008884	0.21570542	0.17175251	0.11878431	0.12512165	0.20744969	0.16854644	0.0975713	10	0.17082153	0.04764892	0.18678378	Binding_RAL	0.102844976	0.028687555	0.11245522
M71V	M71V	71	71	0.590237	0.4074485	0.48279044	0.43684044	0.44572634	0.48856738	0.49536315	0.59279114	0.44329172	0.5192629	10	0.4902319	0.0626583	0.24562055	Binding_RAL	0.2951495	0.03772412	0.14787854
M71W	M71W	71	71	0.4602753	0.44849113	0.116084315	0.3776357	0.42847905	0.27544144	0.30477962	0.22932883	0.28578636	0.40879807	10	0.33350998	0.11081876	0.43440953	Binding_RAL	0.20079334	0.06671965	0.26154104
M71Y	M71Y	71	71	0.31932014	0.28577417	0.42738613	0.4402978	0.13108967	0.16362366	0.29632217	0.31353378	0.13839844	0.10338674	10	0.26191324	0.12205558	0.4784579	Binding_RAL	0.15768774	0.073484905	0.28806084
N115A	N115A	115	115	-0.4034865	-0.46654817	-0.49688843	-0.44590634	-0.3683369	-0.4570252	-0.33555388	-0.39797962	-0.36977232	-0.34725684	10	-0.4088754	0.055030506	0.2157196	Binding_RAL	-0.24616793	0.03313172	0.12987635
N115C	N115C	115	115	-0.29482627	-0.43739542	-0.38542372	-0.4208797	-0.4373834	-0.3552165	-0.5648189	-0.1742516	-0.19529293	-0.3784221	10	-0.36439106	0.11753471	0.46073607	Binding_RAL	-0.21938564	0.07076307	0.27739123
N115D	N115D	115	115	-0.3264647	-0.37969816	-0.31499043	-0.3283984	-0.20872673	-0.28419873	-0.058562405	-0.38361073	-0.2342099	-0.30234304	10	-0.28212035	0.09608082	0.3766368	Binding_RAL	-0.16985366	0.05784651	0.22675832
N115E	N115E	115	115	-0.3747351	-0.05910758	-0.17371774	-0.21719843	-0.24896011	-0.057336625	-0.1577574	-0.16191134	-0.17610729	-0.29345992	10	-0.19202915	0.097766705	0.3832455	Binding_RAL	-0.11561326	0.058861516	0.23073715
N115F	N115F	115	115	2.2031782	2.723757	2.7795734	2.5139523	3.1177175	3.1327128	2.700794	2.3427417	2.5309205	2.271295	10	2.6316643	0.3237596	1.2691376	Binding_RAL	1.5844223	0.19492301	0.7640982
N115G	N115G	115	115	-0.02571339	0.030237257	-0.0010478277	0.014238292	0.043962855	-0.025686229	0.059171423	-0.052471817	0.0040265853	0.029073881	10	0.007579103	0.034822464	0.13650405	Binding_RAL	0.004563082	0.020965246	0.08218377
N115H	N115H	115	115	-0.17160304	-0.26776305	-0.13831572	-0.15548694	-0.24255663	-0.20829462	-0.27089113	-0.19774374	-0.35792452	-0.27696317	10	-0.22875425	0.06723962	0.2635793	Binding_RAL	-0.13772401	0.04048235	0.15869081
N115I	N115I	115	115	-0.007189736	0.020051155	-0.10948943	-0.06677252	-0.01569695	0.014360801	-0.003415518	-0.13435914	0.0136565445	0.0539745	10	-0.023488026	0.060552813	0.23736703	Binding_RAL	-0.014141224	0.036456484	0.14290942
N115K	N115K	115	115	3.1416948	3.0453491	2.2572818	2.696116	1.9586326	2.066024	2.099853	2.2727497	2.7744324	2.2249904	10	2.4537125	0.42547277	1.6678532	Binding_RAL	1.4772846	0.25616056	1.0041494
N115L	N115L	115	115	-0.39244288	-0.5102729	-0.4626563	-0.5275518	-0.40902176	-0.37907287	-0.35825384	-0.36664057	-0.4353349	-0.38812006	10	-0.42293677	0.059550304	0.2334372	Binding_RAL	-0.25463372	0.035852913	0.14054342
N115M	N115M	115	115	-0.96329063	-0.8543	-0.47343138	-0.8317655	-0.8972121	-0.61023307	-0.51858187	-0.6537426	-0.66998106	-0.76818246	10	-0.72407204	0.1645142	0.6448957	Binding_RAL	-0.43593553	0.09904758	0.3882665
N115P	N115P	115	115	1.1771805	1.2985369	1.7396902	1.8601232	1.9039905	2.2385979	1.9230705	1.516557	2.1209197	2.0973709	10	1.7876037	0.35514817	1.3921808	Binding_RAL	1.0762465	0.21382084	0.83817774
N115Q	N115Q	115	115	-0.5156524	-0.4260377	-0.3872212	-0.3880647	-0.4256789	-0.36680746	-0.35815957	-0.43293992	-0.49211687	-0.4653111	10	-0.42579898	0.052758552	0.20681353	Binding_RAL	-0.25635695	0.031763867	0.124514356
N115R	N115R	115	115	2.5684524	2.345089	2.1696846	2.2004561	2.279955	1.9551196	2.7796264	2.2411087	2.092368	2.1246593	10	2.2756517	0.24077925	0.9438547	Binding_RAL	1.3700811	0.14496379	0.56825805
N115S	N115S	115	115	-0.12626901	-0.047570184	-0.095311895	-0.1313103	-0.082624584	-0.14937574	-0.21906805	-0.15297195	-0.08579536	-0.07093221	10	-0.11612294	0.050123822	0.19648539	Binding_RAL	-0.06991309	0.030177597	0.11829618
N115T	N115T	115	115	-0.3985613	-0.4374129	-0.47366628	-0.31397593	-0.37428603	-0.5109855	-0.6093813	-0.6588739	-0.4663004	-0.46505725	10	-0.47085008	0.10354534	0.40589774	Binding_RAL	-0.28348047	0.062340606	0.24437518
N115V	N115V	115	115	-0.32410306	-0.451608	-0.4114252	-0.6051311	-0.48123696	-0.45227447	-0.35056826	-0.5342052	-0.41348547	-0.56596786	10	-0.4590006	0.09026883	0.35385382	Binding_RAL	-0.27634633	0.05434734	0.21304157
N115W	N115W	115	115	2.6011882	2.2781484	2.601275	2.8998928	2.9600892	3.1197343	2.9743185	2.6324236	1.8354862	3.1309292	10	2.7033486	0.40743628	1.5971502	Binding_RAL	1.6275808	0.24530149	0.9615818
N115Y	N115Y	115	115	1.695475	1.6715181	1.5851712	1.5597106	1.4457837	1.3530194	1.3770449	1.5750852	1.737149	1.784285	10	1.5784242	0.14881043	0.5833369	Binding_RAL	0.9503076	0.089592956	0.3512044
N25A	N25A	25	25	-0.20224601	-0.05498598	-0.18334734	-0.24274956	-0.18272886	-0.5709543	-0.006404079	-0.2636078	-0.18013352	-0.091074474	10	-0.1978232	0.15448184	0.6055688	Binding_RAL	-0.11910163	0.09300749	0.36458936
N25C	N25C	25	25	0.002590638	-0.10357434	-0.08334152	-0.06728525	0.086699694	-0.15580562	-0.11131146	0.012977869	-0.10574821	-0.15320645	10	-0.06780046	0.07834697	0.3071201	Binding_RAL	-0.040820014	0.04716965	0.18490504
N25D	N25D	25	25	-0.30250666	-0.15665896	-0.13202481	0.023024421	-0.57937896	-0.44978	-0.14050983	-0.17067873	-0.10573145	-0.10051262	10	-0.21147576	0.18102524	0.7096189	Binding_RAL	-0.1273213	0.10898823	0.42723387
N25E	N25E	25	25	-0.33714324	-0.22900075	-0.26527205	-0.1260112	-0.12469509	-0.41876465	-0.32960686	-0.32193646	-0.46512303	-0.19538173	10	-0.28129348	0.11489345	0.45038235	Binding_RAL	-0.16935582	0.06917287	0.27115765
N25F	N25F	25	25	0.42303383	0.13479209	0.023061825	0.037297755	0.22431408	-0.05332404	0.08001666	-0.08481854	0.070370294	0.058855675	10	0.09135996	0.14558546	0.57069504	Binding_RAL	0.055004265	0.08765133	0.3435932
N25G	N25G	25	25	-0.09525274	-0.15521564	-0.15646502	-0.09271171	-0.041330114	-0.046403475	-0.055221025	0.023938704	-0.22529641	-0.07257864	10	-0.09165361	0.07129588	0.27947986	Binding_RAL	-0.05518106	0.042924467	0.16826391
N25H	N25H	25	25	0.046630736	0.31218797	0.37275618	0.14636986	0.09486294	0.15927184	0.020713639	0.32912117	0.09333984	0.25875542	10	0.18340096	0.12580007	0.4931363	Binding_RAL	0.11041856	0.07573932	0.29689813
N25I	N25I	25	25	0.65776575	0.7322692	0.6391337	0.635134	0.6603224	0.61206126	0.77046204	0.57373494	0.55520964	0.68027544	10	0.65163684	0.065757126	0.25776795	Binding_RAL	0.3923251	0.0395898	0.15519202
N25K	N25K	25	25	-0.03228496	-0.24376	-0.20636292	-0.079206586	-0.16078484	-0.18894236	-0.025823984	-0.112426564	-0.026228724	-0.10251851	10	-0.11783395	0.079251915	0.3106675	Binding_RAL	-0.07094322	0.047714487	0.18704079
N25L	N25L	25	25	0.14531854	0.10471233	0.02003456	0.2234775	0.21957599	0.38950142	0.09009523	0.2114292	0.06354605	0.15790688	10	0.16255978	0.10534918	0.4129688	Binding_RAL	0.0978709	0.06342663	0.24863239
N25M	N25M	25	25	0.09520164	0.14568219	0.040156193	0.33997828	-0.23953386	-0.039452903	-0.06145221	0.33591238	0.28647602	-0.1112606	10	0.07917071	0.19854984	0.77831537	Binding_RAL	0.047665596	0.119539104	0.4685933
N25P	N25P	25	25	1.3411567	1.0150163	1.4116061	1.4590037	1.3529514	1.3503926	1.4708706	1.294662	1.561777	1.2972221	10	1.3554659	0.1464341	0.5740217	Binding_RAL	0.8160731	0.08816226	0.34559605
N25Q	N25Q	25	25	-0.1110286	-0.24111187	-0.044824995	0.038411185	-0.14660537	-0.03304755	-0.0057233134	-0.2936561	-0.21693692	0.036163058	10	-0.10183605	0.119006306	0.46650472	Binding_RAL	-0.06131151	0.07164905	0.2808643
N25R	N25R	25	25	0.039360326	-0.15241012	-0.21742463	-0.055901103	-0.13150649	0.08459484	0.023995616	-0.20536809	-0.3117032	-0.07963401	10	-0.10059969	0.12678769	0.49700776	Binding_RAL	-0.060567148	0.076333925	0.299229
N25S	N25S	25	25	-0.16879542	-0.17015035	-0.15730822	-0.040458966	-0.1893133	-0.159814	-0.27787644	-0.12042153	-0.07576844	-0.07894376	10	-0.14388505	0.06820431	0.26736093	Binding_RAL	-0.08662757	0.041063156	0.16096757
N25T	N25T	25	25	0.18905686	-0.17049389	-0.06258644	0.05551831	0.002048496	0.12195356	-0.10712124	0.08988058	0.009879407	0.117970705	10	0.024610635	0.112644084	0.44156483	Binding_RAL	0.014817103	0.067818604	0.26584893
N25V	N25V	25	25	0.5439863	0.6414828	0.35262856	0.30100203	0.4655301	0.34568876	0.5423172	0.4855438	0.35307598	0.44590876	10	0.44771641	0.10926389	0.42831445	Binding_RAL	0.2695526	0.06578352	0.25787142
N25W	N25W	25	25	0.14668927	0.29865125	0.10484076	0.10500674	0.35981482	0.10009602	0.2731801	0.08317755	-0.06204888	-0.023610186	10	0.13857974	0.1358611	0.5325755	Binding_RAL	0.08343346	0.08179667	0.32064295
N25Y	N25Y	25	25	0.08664884	0.23344032	0.19627887	0.085243315	0.04766175	0.23009366	0.12679172	0.29571882	0.084781155	0.3216862	10	0.17083447	0.09738836	0.38176236	Binding_RAL	0.10285276	0.05863373	0.22984423
N84D	N84D	84	84	0.6436795	-0.23829673	-0.10339669	0.46656004	-0.24893168	-0.24197516	-0.4573026	0.36779124	0.8720727		9	0.117800064	0.4743432	1.8594254	Binding_RAL	0.07092282	0.28558353	1.1194874
N84I	N84I	84	84	-0.70719117	-1.7366152	-1.3754878	-1.4260184	-1.625404	-1.1679276	-1.453962	-1.5236306	-1.2411083	-0.9254783	10	-1.3182824	0.31641608	1.2403511	Binding_RAL	-0.7936864	0.19050178	0.746767
N84S	N84S	84	84	-0.23088972	-0.9242045	0.11597228		0.0947528	-0.0039687427	-0.042884644	-0.6973777	0.03588085	-0.00035076373	9	-0.18367447	0.37345397	1.4639397	Binding_RAL	-0.11058323	0.22484206	0.88138086
N84Y	N84Y	84	84	-1.0706904	-1.651402	-0.9696527	-1.2343715	-0.92494476	-1.5308201	-1.084187	-1.3009645	-1.6698649	-1.0808823	10	-1.2517779	0.27720475	1.0866426	Binding_RAL	-0.7536466	0.16689417	0.6542252
N85A	N85A	85	85	-0.024564607	-0.24156366	-0.26193896	-0.21246892	-0.0340456	-0.15421271	0.13436352	-0.0075976807	0.1541753	-0.20738456	10	-0.0855238	0.15253365	0.5979319	Binding_RAL	-0.05149054	0.09183456	0.3599915
N85C	N85C	85	85	0.40732348	0.48401794	0.35105684	0.13761675	0.5200253	0.29986382	0.46281844	0.25497955	0.41109398	0.42952052	10	0.37583166	0.11686503	0.45811093	Binding_RAL	0.22627358	0.07035988	0.27581072
N85D	N85D	85	85	-0.506224	-0.38781658	-0.45198935	-0.43946028	-0.37952513	-0.17157026	-0.033503395	-0.2291068	-0.22785191	-0.4296104	10	-0.32566583	0.15168375	0.5946003	Binding_RAL	-0.19607069	0.09132286	0.35798562
N85E	N85E	85	85	-0.5320124	-0.12226814	-0.5762954	-0.04755543	-0.04439823	-0.6177755	-0.10727548	-0.010641675	-0.321348	-0.1350855	10	-0.2514656	0.23962167	0.939317	Binding_RAL	-0.15139762	0.14426686	0.56552607
N85F	N85F	85	85	1.4107126	1.1329607	0.8180314	0.37767503	0.8224048	0.8053347	1.0394269	0.73291814	0.9147959	0.57116985	10	0.862543	0.28892463	1.1325846	Binding_RAL	0.51930344	0.17395024	0.68188494
N85G	N85G	85	85	-0.45727468	-0.2662269	-0.28886405	-0.14054777	-0.33420855	-0.25359926	-0.3457639	-0.3950664	-0.45466945	-0.3186027	10	-0.32548237	0.09641079	0.3779303	Binding_RAL	-0.19596024	0.058045175	0.2275371
N85H	N85H	85	85	0.41446906	0.12960917	0.45726046	0.6288495	0.73980916	0.3071747	0.58003813				7	0.46531576	0.20640127	0.809093	Binding_RAL	0.28014845	0.124266155	0.48712334
N85I	N85I	85	85	0.8091171	0.69339406	0.70398766	0.7802877	0.56815326	0.676939	0.68225247	0.8705157	0.88052046	0.6467475	10	0.7311915	0.10078167	0.39506418	Binding_RAL	0.44022188	0.060676713	0.23785272
N85K	N85K	85	85		0.19261323	0.13105354	0.21942227	0.5026929	0.49343282	0.29925233	0.35280836			7	0.31303936	0.14529704	0.5695644	Binding_RAL	0.18846878	0.08747768	0.3429125
N85L	N85L	85	85	0.70126176	0.5584551	0.4703357	0.39199603	0.62007755	0.66144115	0.5196824	0.7244282	0.47834113	0.7498879	10	0.5875907	0.1219732	0.47813496	Binding_RAL	0.35376543	0.07343531	0.2878664
N85M	N85M	85	85	0.33825302	-0.15661527	-0.08133295	0.23281823	-0.11886439	0.12901913	0.19178976	-0.1666056	-0.07942337	0.0132476585	10	0.03022862	0.18025418	0.7065964	Binding_RAL	0.018199472	0.108524	0.4254141
N85Q	N85Q	85	85	-0.10973904	-0.006098778	0.080099516	-0.084904656	0.19372682	0.14514253	0.065264694	-0.14320336	0.36186862	0.17667766	10	0.067883395	0.15816659	0.62001306	Binding_RAL	0.040869944	0.09522593	0.37328565
N85R	N85R	85	85	0.4115365	0.45817456	0.35893378	0.3483501	0.40779692	0.34136277	0.3671407	0.61054224	0.60088253	0.56953	10	0.44742498	0.10717654	0.42013204	Binding_RAL	0.2693771	0.06452681	0.2529451
N85S	N85S	85	85	0.3467792	-0.020691726	0.12588362	0.032597665	0.1421308	0.0651275	0.13510741	-0.003163876	0.015838291	-0.0051435223	10	0.08344654	0.11102757	0.43522808	Binding_RAL	0.050239906	0.066845365	0.26203385
N85V	N85V	85	85	0.10123384	-0.017785622	0.21222915	0.13226634	0.50445896	0.3716231	0.20487845	0.32559443	0.29881635	-0.005380008	10	0.21279351	0.16672637	0.6535674	Binding_RAL	0.12811467	0.10037944	0.3934874
N85W	N85W	85	85	0.3838732	0.4328164	0.5067823	0.019083353	0.64830595	0.7440189	0.6677182	0.16146457	0.5465122	0.5609365	10	0.46715117	0.22820254	0.89455396	Binding_RAL	0.2812535	0.13739184	0.538576
N85Y	N85Y	85	85	0.9461147	0.8043238	1.1148305	0.8981648	0.89461815	0.9472254	1.0238968	0.85481477	0.93426627	0.72651184	10	0.9144767	0.10866048	0.4259491	Binding_RAL	0.5505707	0.06542023	0.25644732
P109A	P109A	109	109	-0.18813233	-0.05522703	-0.13106994	-0.02523511	0.03934967	0.09151465	0.28836662	0.14810747	0.24041732	-0.05183925	10	0.035625204	0.1560166	0.6115851	Binding_RAL	0.021448545	0.09393151	0.36821154
P109C	P109C	109	109	0.06625863	-0.028632788	-0.03701845	0.09242461	0.11875071	0.053586382	0.010365552	0.24744372	0.19938391	0.26660386	10	0.09891661	0.108739436	0.4262586	Binding_RAL	0.05955383	0.06546777	0.25663364
P109D	P109D	109	109	0.20419443	-0.16306703	-0.40368122	0.00994412	0.2879703	-0.23181723	0.20046127	0.29613727	-0.15984784	0.79966044	10	0.08399545	0.3480657	1.3644176	Binding_RAL	0.05057038	0.20955677	0.8214626
P109E	P109E	109	109	0.5211761	-0.058843426	0.18827996	0.46363896	0.117237054	0.46996215	0.3210958	-0.024669506	0.38163716	0.07110609	10	0.24506204	0.21446744	0.84071237	Binding_RAL	0.14754228	0.12912248	0.50616014
P109F	P109F	109	109	0.37329796	0.11957884	0.20834851	-0.1557892	-0.049651474	0.06345276	-0.00477528	-0.052367058	-0.30342418	0.22576158	10	0.042443253	0.19877589	0.7792015	Binding_RAL	0.025553426	0.119675204	0.46912682
P109G	P109G	109	109	0.52383846	0.578485	0.3828418	0.39469004	0.5878841	0.5012203	0.31478992	0.30293155	0.3978104	0.46580154	10	0.44502935	0.102090776	0.40019584	Binding_RAL	0.2679348	0.061464872	0.2409423
P109H	P109H	109	109	0.38779005	0.3470021	0.49691868	0.26266235	0.34100953	0.26793534	0.5731998	0.47460675	0.46436813	0.066367336	10	0.368186	0.14645088	0.57408744	Binding_RAL	0.22167042	0.08817236	0.34563565
P109I	P109I	109	109	0.13798285	0.17904375	0.487481	0.36593163	0.32432812	0.5586547	0.8425862	0.42785752	0.64228505	0.48276094	10	0.4448912	0.21061909	0.82562685	Binding_RAL	0.26785165	0.12680553	0.49707767
P109K	P109K	109	109	-0.4203191	-0.9378515	-0.44560438	-0.4775602	-0.73522896	-0.6495232	-0.59235024	-0.6362012	-0.6628447	-0.6111209	10	-0.61686045	0.15224148	0.5967866	Binding_RAL	-0.3713876	0.09165866	0.35930195
P109L	P109L	109	109	-0.1653366	0.17956735	-0.059855018	0.02973498	0.06719913	0.13369226	0.007725035	-0.09824806	-0.02955045	0.044497434	10	0.01094261	0.104245946	0.4086441	Binding_RAL	0.0065881186	0.06276242	0.24602868
P109M	P109M	109	109	-0.008467865	-0.19661832	0.088845976	0.2504662	-0.037405748	0.05352683	-0.15614823	-0.23421168	-0.2251578	0.13851976	10	-0.032665085	0.16735616	0.6560362	Binding_RAL	-0.019666374	0.10075861	0.39497375
P109N	P109N	109	109	0.14620376	0.018956592	-0.14867678	0.18115376	-0.15653592	-0.18023244	-0.22869529	0.09763662	0.03409919	0.04743558	10	-0.018865492	0.14732121	0.57749915	Binding_RAL	-0.011358176	0.08869635	0.34768972
P109Q	P109Q	109	109	0.024774622	0.33576983	-0.3839512	1.130725	-0.4250539	-0.49233407	0.04644521	-0.3297282	-0.21624322	0.5464713	10	0.023687541	0.51779824	2.0297692	Binding_RAL	0.014261344	0.31174612	1.2220448
P109R	P109R	109	109	0.67772114	0.7820951	0.61377454	0.90467286	0.5048471	0.35251492	0.2741877	0.5322057	0.50478184	0.5908411	10	0.5737642	0.18724148	0.7339866	Binding_RAL	0.34544104	0.112730786	0.4419047
P109S	P109S	109	109	0.18617405	0.11925528	0.09282428	0.24525535	-0.04249866	0.09358116	0.0025522753	-0.016275309	0.00399133	0.08965897	10	0.07745187	0.09222607	0.36152622	Binding_RAL	0.046630748	0.05552572	0.21766083
P109T	P109T	109	109	0.25963622	0.19915722	0.28296226	0.2894697	0.30747896	0.3199801	0.45241594	0.34734535	0.39783177	0.4987363	10	0.33550137	0.09103766	0.35686764	Binding_RAL	0.20199229	0.054810222	0.21485607
P109V	P109V	109	109	-0.02195559	0.073046975	-0.026454072	0.0783029	-0.01000025	-0.006492153	0.2845275	0.28946465	0.18916477	0.1157029	10	0.09653076	0.121803805	0.47747093	Binding_RAL	0.0581174	0.073333316	0.28746662
P109W	P109W	109	109	0.8092861	0.71291655	1.007093	0.57278746	0.7854264	1.0485485	0.52258694	0.8884921	0.6869066	0.6022548	10	0.7636298	0.17876919	0.7007752	Binding_RAL	0.4597517	0.10762995	0.4219094
P109Y	P109Y	109	109	0.44607067	0.80930555	0.50418204	0.6382513	0.8998712	0.70375615	1.1370984	0.4423652	0.17633496	0.5087071	10	0.6265942	0.27343753	1.0718751	Binding_RAL	0.3772479	0.16462606	0.6453342
P120A	P120A	120	120	-0.19779852	-0.31454408	-0.30317387	-0.21282792	-0.056782182	-0.17948319	-0.115458995	-0.142017	-0.15622365	-0.235748	10	-0.19140574	0.08016078	0.31423026	Binding_RAL	-0.11523793	0.04826168	0.18918578
P120C	P120C	120	120	-0.1248951	-0.26585835	-0.43868458	-0.081492946	-0.32115632	-0.11612104	-0.25244635	-0.45618737	-0.32798097	-0.33463585	10	-0.2719459	0.13073862	0.5124954	Binding_RAL	-0.16372801	0.07871262	0.3085535
P120D	P120D	120	120	-0.30101827	-0.24833308	-0.4096669	-0.17551462	-0.20039715	-0.18411978	-0.17220189	-0.33257392	-0.26532918	-0.402624	10	-0.26917785	0.09016654	0.35345283	Binding_RAL	-0.16206148	0.054285754	0.21280016
P120E	P120E	120	120	-0.16952546	-0.24818137	-0.050616544	-0.42096496	-0.5281244	-0.44181255	-0.18152577	-0.3540493	-0.5159598	-0.25900993	10	-0.31697696	0.16023561	0.62812364	Binding_RAL	-0.19083945	0.09647161	0.3781687
P120F	P120F	120	120	-0.21886605	-0.24855672	-0.15274592	-0.19743486	0.0042131753	-0.18837541	-0.1608228	-0.2907318	-0.06592106	-0.16374384	10	-0.16829854	0.08550524	0.33518055	Binding_RAL	-0.10132598	0.05147937	0.20179914
P120G	P120G	120	120	-0.30120453	-0.30160332	-0.24847117	-0.23584834	-0.18880811	-0.13389459	-0.21611506	-0.192733	-0.24945098	-0.28711763	10	-0.23552468	0.054183528	0.21239944	Binding_RAL	-0.14180022	0.032621786	0.1278774
P120H	P120H	120	120	-0.20720567	-0.17223573	-0.21180515	-0.15336545	-0.27231154	-0.3796571	-0.064625	-0.09099142	-0.1971935	-0.025980271	10	-0.17753707	0.10333157	0.40505978	Binding_RAL	-0.10688814	0.06221191	0.24387069
P120I	P120I	120	120	-0.06108131	-0.052324038	-0.12883432	-0.12387741	0.10823171	-0.059667524	-0.080750935	-0.043003153	-0.17651574	0.008322627	10	-0.06095001	0.07897606	0.30958614	Binding_RAL	-0.036695622	0.047548402	0.18638974
P120K	P120K	120	120	-0.08250296	-0.21334559	-0.014154217	0.073877685	-0.058288675	-0.050595265	-0.035509165	-0.0707101	-0.14640395	0.061377198	10	-0.0536255	0.08605162	0.33732235	Binding_RAL	-0.03228582	0.051808324	0.20308863
P120L	P120L	120	120	0.028040567	-0.20899354	-0.11653037	-0.09883744	-0.2117713	-0.11330604	0.011640356	-0.083380654	-0.02938389	-0.09193941	10	-0.09144617	0.08046956	0.31544068	Binding_RAL	-0.05505617	0.048447583	0.18991452
P120M	P120M	120	120	-0.346936	-0.64996684	-0.44318113	-0.29259446	-0.07677723	-0.28526717	-0.50448245	-0.33822185	-0.55368954	-0.15844938	10	-0.3649566	0.17662145	0.6923561	Binding_RAL	-0.21972612	0.106336884	0.41684058
P120N	P120N	120	120	-0.21988934	-0.05281404	-0.41549003	-0.23784502	-0.27031046	-0.43057498	-0.1623019	-0.31888458	-0.34436882	-0.2376703	10	-0.26901498	0.114611104	0.44927552	Binding_RAL	-0.16196342	0.069002874	0.27049127
P120Q	P120Q	120	120	-0.24613789	-0.15398501	-0.09868222	0.06599453	-0.06727381	-0.2527891	-0.26542684	0.062042803	-0.05695967	-0.19019917	10	-0.120341636	0.12279909	0.48137245	Binding_RAL	-0.072453	0.07393254	0.28981557
P120R	P120R	120	120	-0.039571803	-0.02916705	-0.19488314	-0.08272686	-0.033314403	-0.10004158	-0.13553739	-0.08153665	-0.04102325	-0.09149475	10	-0.082929686	0.05234231	0.20518187	Binding_RAL	-0.04992873	0.031513263	0.12353199
P120S	P120S	120	120	-0.1803601	-0.24291153	-0.19761175	-0.12694599	-0.22403502	-0.18349098	-0.13787755	-0.16393152	-0.12292172	-0.22194171	10	-0.18020278	0.042273298	0.16571133	Binding_RAL	-0.10849306	0.025451103	0.099768326
P120T	P120T	120	120	0.13382459	-0.11506645	-0.20555371	-0.0880631	-0.16233815	-0.18977214	-0.16282667	-0.15898485	-0.18063098	-0.13846606	10	-0.12678775	0.09795785	0.3839948	Binding_RAL	-0.076333955	0.058976598	0.23118827
P120V	P120V	120	120	-0.15184109	-0.1366178	-0.04196819	-0.010017034	0.008983123	-0.08369616	-0.0975125	-0.15045583	-0.05822206	-0.19391818	10	-0.091526575	0.06669677	0.26145133	Binding_RAL	-0.05510458	0.040155523	0.15740965
P120W	P120W	120	120	-0.21689953	-0.24601756	0.27374235	-0.061534174	-0.05290769	-0.049712364	-0.007903744	-0.08352971	-0.14801456	-0.193175	10	-0.0785952	0.14759345	0.5785664	Binding_RAL	-0.047319103	0.08886026	0.34833223
P120Y	P120Y	120	120	-0.17893387	-0.2245539	-0.19730583	-0.3069892	-0.24596964	-0.1811558	-0.05635003	0.13199416	0.056786682	-0.40956032	10	-0.16120377	0.16351277	0.64097005	Binding_RAL	-0.0970545	0.098444656	0.38590306
P33A	P33A	33	33	0.13808656	0.14253522	-0.038992763	0.17623188	0.019077063	0.012868036	0.14261353	0.28123516	0.13962878	0.07661547	10	0.108989894	0.093393914	0.36610416	Binding_RAL	0.06561856	0.05622883	0.22041702
P33C	P33C	33	33	0.96997344	0.9866131	0.6811733	0.98872656	0.87551206	0.87745625	1.0102419	1.020026	0.74552894	1.2551255	10	0.9410378	0.15949835	0.62523353	Binding_RAL	0.5665621	0.09602773	0.37642872
P33D	P33D	33	33	1.882975	2.2090285	2.0139186	1.7960422	1.9580715	1.9329538	2.4391959	2.2441912	2.034486	1.7075322	10	2.0218396	0.22108643	0.8666588	Binding_RAL	1.2172707	0.13310751	0.52178144
P33E	P33E	33	33	0.76280767	0.46706408	0.53265154	0.7368349	0.5819866	0.67696244	0.70779705	0.451908	0.881551	0.8573036	10	0.6656867	0.1525945	0.59817046	Binding_RAL	0.400784	0.091871195	0.36013508
P33F	P33F	33	33	1.0119333	0.9755177	0.904159	0.79059553	0.89526385	0.7458193	0.8259198	0.8632635	1.1027538	1.0256355	10	0.91408616	0.11341143	0.4445728	Binding_RAL	0.5503356	0.06828059	0.26765993
P33G	P33G	33	33	1.393953	1.2505933	1.1901219	1.3431498	1.1582018	1.1686202	1.2928386	1.2471068	1.1127747	1.2940725	10	1.2451433	0.08845303	0.3467359	Binding_RAL	0.7496522	0.05325412	0.20875615
P33H	P33H	33	33	1.2730839	1.7888004	1.388066	1.7732002	1.2152327	1.4719372	1.4786174	1.3998878	1.3345369	1.6019224	10	1.4725285	0.19568768	0.76709574	Binding_RAL	0.8865519	0.11781592	0.46183842
P33I	P33I	33	33	1.1620665	1.1621628	0.8423336	0.94513977	0.8985634	0.8272091	0.8557218	0.6733825	0.9769259	0.9893213	10	0.93328273	0.15063064	0.5904721	Binding_RAL	0.5618931	0.09068883	0.35550022
P33K	P33K	33	33	0.96280026	0.8195697	0.91495746	0.6098216	0.04746502	0.2079902	0.12837762	0.72585213	0.470114	0.7514072	10	0.5638355	0.333846	1.3086764	Binding_RAL	0.33946335	0.20099565	0.78790295
P33L	P33L	33	33	1.255679	1.2064819	1.2344741	1.2574769	1.2342007	1.2838936	1.3293749	1.2158309	1.2705437	1.1451101	10	1.2433066	0.049514577	0.19409715	Binding_RAL	0.7485464	0.029810794	0.11685831
P33M	P33M	33	33	0.46716517	0.15923607	0.799275	0.32627958	0.5272034	0.99150497	0.5631967	0.534339	0.5009969	0.6524378	10	0.5521635	0.2310509	0.9057195	Binding_RAL	0.33243608	0.13910672	0.54529834
P33N	P33N	33	33	1.2572528	1.7677379	1.7091175	1.2059127	1.7925055	1.5298129	1.4945961	1.3948288	1.4217994	1.5449654	10	1.511853	0.20141113	0.78953165	Binding_RAL	0.91022766	0.12126178	0.4753462
P33Q	P33Q	33	33	1.1805435	0.8874683	1.0127217	0.955132	1.1402999	1.2528389	1.0057769	0.87720543	0.9361732	1.1059513	10	1.0354111	0.12863292	0.50424105	Binding_RAL	0.6233806	0.07744486	0.30358386
P33R	P33R	33	33	0.91760963	0.9131794	0.8392929	0.8436175	0.9236754	0.9559918	0.87924016	0.78686106	0.8471998	0.8579141	10	0.8764583	0.050872438	0.19941996	Binding_RAL	0.52768135	0.030628309	0.12006297
P33S	P33S	33	33	0.5381709	0.74638003	0.5628973	0.55998653	0.58186877	0.68176126	0.58460087	0.56819373	0.638055	0.70404065	10	0.61659545	0.07149871	0.28027493	Binding_RAL	0.37122807	0.043046582	0.16874261
P33T	P33T	33	33	0.50687045	0.60452574	0.30965662	0.21574533	0.40789762	0.38618878	0.41008562	0.5264243	0.3454701	0.29927513	10	0.40121397	0.117759645	0.46161783	Binding_RAL	0.24155527	0.07089849	0.2779221
P33V	P33V	33	33	0.88795424	0.7387278	0.7005749	0.86156946	0.72649753	0.92430824	0.8966834	0.79318166	0.80057067	0.5999725	10	0.79300404	0.102706484	0.40260944	Binding_RAL	0.47743678	0.061835565	0.24239542
P33W	P33W	33	33	1.3679227	1.6370399	0.9625468	0.931185	1.2003373	1.3291476	1.2980808	1.2208881	1.3524009	1.1013031	10	1.2400851	0.20856164	0.8175617	Binding_RAL	0.7466069	0.12556683	0.49222195
P33Y	P33Y	33	33	0.9686354	1.2642347	1.2793013	1.006888	0.947972	0.67004627	1.1194534	1.2971158	1.0874121	0.9067847	10	1.0547843	0.19700547	0.77226144	Binding_RAL	0.63504446	0.1186093	0.46494848
Q128A	Q128A	128	128	0.11865197	0.24589738	0.032009378	-0.018228227	-0.14083211	-0.14864066	-0.011207112	-0.01829858	-0.09480048	-0.02688025	10	-0.006232869	0.11907516	0.4667746	Binding_RAL	-0.003752567	0.07169051	0.28102678
Q128C	Q128C	128	128	-0.050828137	-0.26990464	-0.033002116	-0.13700561	-0.017677816	-0.08317122	0.24262643	0.17103164	-0.021728618	-0.0917366	10	-0.029139668	0.14569283	0.5711159	Binding_RAL	-0.017543856	0.08771596	0.34384656
Q128D	Q128D	128	128	0.056857083	-0.26439413	0.019447247	0.114511594	-0.17179058	0.28751773	0.10934716				7	0.021642298	0.18595904	0.72895944	Binding_RAL	0.013029982	0.11195868	0.43887803
Q128E	Q128E	128	128	0.13634154	0.4474133	0.076943636	0.09984609	0.13925324	-0.08644441	0.22548376	0.09105649	0.14328216	0.14818783	10	0.14213637	0.13379815	0.52448875	Binding_RAL	0.08557476	0.08055465	0.31577423
Q128F	Q128F	128	128	-0.5880202	-0.42715925	-0.47202903	-0.29317048	-0.5937853	-0.14958303	-0.47542623	-0.49392492	-0.5344896	-0.43425763	10	-0.44618455	0.1355619	0.53140265	Binding_RAL	-0.2686303	0.08161653	0.3199368
Q128G	Q128G	128	128	-0.109269455	-0.1884806	-0.2326893	-0.16513771	-0.25146377	-0.1879337	-0.17519204	-0.24847654	-0.3725243	-0.25572374	10	-0.21868911	0.07132489	0.2795936	Binding_RAL	-0.13166419	0.042941935	0.16833238
Q128H	Q128H	128	128	0.35963932	0.7777488	0.11963264	0.27972868	0.27690497	0.29076427	0.10017356	0.0526468	0.27543452	0.28490186	10	0.28175753	0.20110266	0.78832245	Binding_RAL	0.16963522	0.12107606	0.47461817
Q128I	Q128I	128	128				0.6320909	0.42320552	-0.028438019	0.39803675	0.119424805	0.32435802	0.6920706	7	0.3658212	0.2580503	1.0115572	Binding_RAL	0.22024667	0.15536201	0.6090191
Q128K	Q128K	128	128	-0.10694162	0.04941818	0.14476493	-0.15108125	-0.23371094	-0.45839676	-0.18443492	-0.32535782	0.17379305	-0.057138074	10	-0.11490853	0.20102862	0.7880322	Binding_RAL	-0.06918194	0.121031485	0.47444344
Q128L	Q128L	128	128	-0.08035516	0.010966659	0.057181746	0.08778891	0.033004016	-0.12563433	-0.040941406	-0.15692419	-0.105287276	-0.037850227	10	-0.03580513	0.08193934	0.32120222	Binding_RAL	-0.021556871	0.049332477	0.19338332
Q128M	Q128M	128	128	-0.360645	0.15832372	-0.042353485	-0.24378912	-0.1688156	0.01576773	0.045457695	0.16854195	0.1680554	0.16398191	10	-0.009547478	0.19142722	0.7503947	Binding_RAL	-0.0057481634	0.115250856	0.45178336
Q128N	Q128N	128	128	0.5442187	0.06469769	0.03210856	0.15620331	0.18986122	1.1597917	1.3289506	0.5715355	0.29002416	0.18061207	10	0.4518004	0.45646176	1.7893301	Binding_RAL	0.2720114	0.27481782	1.0772859
Q128P	Q128P	128	128	0.16498236	-0.25274038	-0.040310908	-0.25831795	-0.108348265	-0.08707838	-0.09878142	-0.116198346	-0.21941748	-0.10038443	10	-0.11165953	0.12273477	0.48112032	Binding_RAL	-0.06722584	0.073893815	0.28966376
Q128R	Q128R	128	128	-0.05611918	-0.0017786543	0.02556988	-0.025211733	0.06224445	-0.046800714	-0.030026421	0.047014304	-0.026663084	-0.084106304	10	-0.013587746	0.046615575	0.18273306	Binding_RAL	-0.008180652	0.028065419	0.11001644
Q128S	Q128S	128	128	-0.26071334	-0.19047897	-0.12627259	-0.34432194	-0.2353513	-0.078221664	-0.009928813	-0.105760574	0.40279105	0.3877365	10	-0.056052167	0.25662565	1.0059726	Binding_RAL	-0.033746824	0.15450428	0.6056568
Q128T	Q128T	128	128	-0.34755495	-0.24259041	-0.18319793	-0.17467052	-0.15866221	-0.07831906	-0.18876587	-0.043530416	-0.08116022	-0.049779903	10	-0.15482315	0.09540195	0.37397566	Binding_RAL	-0.09321298	0.057437792	0.22515614
Q128V	Q128V	128	128	0.019799797	-0.12412854	0.16501053	0.04352886	0.10974911	0.15747733	-0.14582533	-0.024687665	0.05148681	-0.14672598	10	0.010568494	0.11865174	0.46511483	Binding_RAL	0.006362878	0.071435586	0.2800275
Q128W	Q128W	128	128	-0.048107922	-0.07944636	-0.054125488	-0.2143811	-0.21575908	-0.102538824	-0.02647398	-0.12414338	-0.23441792	0.027803848	10	-0.10715902	0.08918633	0.34961042	Binding_RAL	-0.06451626	0.05369561	0.2104868
Q128Y	Q128Y	128	128	-0.20601249	-0.17987277	-0.19452545	-0.058830667	-0.07415244	-0.1149488	0.45268625	-0.053765025	0.15052323	-0.10504863	10	-0.038394675	0.20043696	0.7857129	Binding_RAL	-0.023115935	0.12067527	0.47304708
Q130A	Q130A	130	130	-0.013121047	0.018169606	0.030183934	-0.17212398	-0.30169266	0.1263883	0.22153911	0.0029789452	0.2907917	0.036846768	10	0.023996066	0.17233054	0.67553574	Binding_RAL	0.014447095	0.10375349	0.4067137
Q130C	Q130C	130	130	0.30005303	0.18472482	0.15559831	0.16506429	0.25635746	0.16466974	0.07811255	0.117139146	0.12219885	0.17100129	10	0.17149195	0.065276906	0.25588548	Binding_RAL	0.10324861	0.039300676	0.15405865
Q130D	Q130D	130	130	-0.20612927	-0.13200217	0.03523949	0.03520202	-0.06990115	-0.15586874	-0.31413582	-0.16100228	0.07015584	0.07122258	10	-0.08272194	0.13239017	0.5189695	Binding_RAL	-0.049803652	0.07970695	0.31245124
Q130E	Q130E	130	130	-0.21647395	-0.24712425	-0.05297073	-0.042294044	0.055076744	-0.058645297	-0.24505147	-0.15290052	-0.0084259575	-0.10790374	10	-0.10767132	0.10446192	0.40949073	Binding_RAL	-0.0648247	0.062892444	0.24653839
Q130F	Q130F	130	130	-0.004556234	-0.010179383	0.022509517	0.14245634	0.08588301	0.03865585	-0.037949357	0.052707102	-0.122803114	0.030052345	10	0.019677605	0.071589015	0.28062895	Binding_RAL	0.011847118	0.043100953	0.16895574
Q130G	Q130G	130	130	-0.24499707	-0.40141875	-0.046750348	-0.33092564	-0.1979785	0.057132665	-0.12839425	0.10151224	-0.105877556	-0.09822867	10	-0.13959259	0.15920128	0.62406904	Binding_RAL	-0.08404325	0.09584888	0.37572762
Q130H	Q130H	130	130	0.12768996	-0.02743291	-0.20572537	-0.21277937	-0.2376641	-0.11088994	-0.25396007	-0.12764277	-0.21347871	-0.019872691	10	-0.12817559	0.12288329	0.4817025	Binding_RAL	-0.077169515	0.07398323	0.29001427
Q130I	Q130I	130	130	-0.04130093	0.32398692	0.36468375	0.26871362	0.08493967	0.10689254	0.16348454	0.1885544	-0.02623306	0.23700975	10	0.16707312	0.13764802	0.5395802	Binding_RAL	0.1005882	0.082872495	0.3248602
Q130K	Q130K	130	130	-0.2221641	-0.117113896	-0.30781326	-0.19175091	-0.26061702	-0.17012276	-0.09480731	-0.11838475	-0.16662626	-0.03274932	10	-0.16821495	0.08187418	0.32094678	Binding_RAL	-0.10127565	0.049293246	0.19322953
Q130L	Q130L	130	130	-0.17140351	-0.12819673	-0.06001118	0.045827623	-0.027674811	-0.08116431	0.05144179	0.0025528476	-0.09142831	0.058506873	10	-0.04015497	0.079707354	0.31245282	Binding_RAL	-0.02417574	0.047988687	0.18811566
Q130M	Q130M	130	130	-0.016447753	0.09690499	-0.013248192	0.1960346	-0.021244852	0.13793142	0.25723985	0.2608626	0.07665062	-0.09072865	10	0.08839546	0.12379807	0.48528844	Binding_RAL	0.053219456	0.07453399	0.29217327
Q130N	Q130N	130	130	-0.045074023	-0.011220029	0.051343374	-0.070549645	0.07869479	0.19431002	-0.02271951	0.054219585	-0.29006645	-0.17034763	10	-0.02314095	0.1353916	0.5307351	Binding_RAL	-0.013932263	0.08151399	0.31953487
Q130P	Q130P	130	130	-0.22769286	-0.19823295	-0.19931047	-0.3165799	-0.30598792	-0.1764321	-0.30248198	-0.20014556	-0.373644	-0.28703052	10	-0.2587538	0.06654928	0.26087317	Binding_RAL	-0.15578558	0.040066723	0.15706156
Q130R	Q130R	130	130	-0.23008788	-0.042306226	-0.08096358	-0.05082179	-0.17712668	-0.10921782	-0.09719699	-0.14695762	-0.07118852	-0.06905603	10	-0.10749231	0.060097106	0.23558065	Binding_RAL	-0.06471693	0.03618212	0.14183392
Q130S	Q130S	130	130	-0.14052671	-0.12875904	-0.034197953	-0.04967685	-0.0651172	-0.03082833	-0.10943623	-0.31449854	-0.1608781	-0.033950996	10	-0.106787	0.08758488	0.34333274	Binding_RAL	-0.06429229	0.05273144	0.20670725
Q130T	Q130T	130	130	-0.14495847	0.058593526	0.14402938	-0.009565617	0.23408872	-0.017441882	-0.030926265	0.12680279	0.41296118		9	0.085953705	0.16638203	0.65221757	Binding_RAL	0.05174937	0.100172125	0.39267474
Q130V	Q130V	130	130	-0.08241968	-0.019185487	-0.13474408	-0.17023577	-0.13453548	-0.13198315	-0.043481607	-0.05846592	-0.055643238	-0.10342567	10	-0.09341201	0.049058396	0.19230892	Binding_RAL	-0.056239728	0.029536147	0.115781695
Q130W	Q130W	130	130	0.08891741	-0.046949603	0.17685492	-0.1943397	-0.0019085665	-0.06949097	-0.15983234	0.09038854	0.1850204	-0.036382493	10	0.0032277617	0.13045105	0.51136816	Binding_RAL	0.0019433093	0.07853949	0.3078748
Q130Y	Q130Y	130	130	-0.13675219	-0.206742	-0.14183831	-0.09686818	-0.18542445	-0.1647562	0.090427056	-0.23645252	-0.24699378	-0.078410156	10	-0.14038107	0.09811799	0.38462254	Binding_RAL	-0.08451796	0.059073012	0.2315662
Q149H	Q149H	149	149	0.37141675	-1.2078648	-0.12864803	-0.6796477	-0.22804824	-0.2391083	-0.7221591	-0.3590216	-0.062080473	-1.5740455	10	-0.4829207	0.5758373	2.2572823	Binding_RAL	-0.2907477	0.34668916	1.3590215
Q149I	Q149I	149	149	-0.9916968	-0.8408691	-0.7099473	-0.419335	-0.88330287	-0.5949993	-0.35520256	-0.7061185	-0.87980413	-0.31869614	10	-0.66999716	0.2394603	0.9386844	Binding_RAL	-0.40337914	0.1441697	0.56514525
Q149K	Q149K	149	149	0.13913484	0.13839081	0.1638504	0.32636923	0.30274457	0.7344361	-0.1297446	0.2124456	0.036154017	0.2827493	10	0.22065301	0.22589783	0.8855195	Binding_RAL	0.13284656	0.13600427	0.5331367
Q149L	Q149L	149	149	-0.817719	-0.77197105	-0.22874384	-0.7170568	-1.0798323	-0.52003044	-0.3071824	-0.17446148	-0.8143462	-0.4951547	10	-0.5926498	0.2959664	1.1601883	Binding_RAL	-0.3568113	0.17818981	0.6985041
Q149R	Q149R	149	149	-0.07053027	-0.08113784	0.054352395	-0.1236832	-0.06875779	-0.013778613	-0.15537792	-0.09715168	-0.07622145	-0.04626421	10	-0.06785507	0.057941362	0.22713014	Binding_RAL	-0.04085289	0.034884233	0.1367462
Q149T	Q149T	149	149	-0.46940815	-0.2979407	-0.04166412	-0.45365998	-0.05670658	-0.22089782	-0.25974652	-0.27138355	-0.29983374	-0.4137382	10	-0.27849796	0.14729159	0.57738304	Binding_RAL	-0.16767275	0.08867852	0.3476198
Q149V	Q149V	149	149	-0.6542309	-0.42441657	-0.6110782	-0.041417826	-0.36407313	-0.11379664	-0.87551683	-0.075002484	-0.17660604	-0.8004867	10	-0.41366252	0.30943233	1.2129748	Binding_RAL	-0.24905007	0.18629713	0.73028475
Q21A	Q21A	21	21	0.11433016	0.122306064	0.110894136	-0.042092532	0.03925119	0.16555855	0.1596486	0.18107185	0.09877221	0.19478337	10	0.11445236	0.071513414	0.2803326	Binding_RAL	0.0689073	0.043055438	0.16877732
Q21C	Q21C	21	21	0.730439	0.50922614	0.4733841	0.47040957	0.6184514	0.6202222	0.8176098	0.7180141	0.7169937	0.6371407	10	0.6311891	0.11806288	0.46280652	Binding_RAL	0.38001433	0.07108106	0.27863774
Q21D	Q21D	21	21	0.031188635	-0.15685861	-0.12291577	-0.19903934	-0.088819765	-0.14758185	-0.16445985	-0.022431586	-0.010822493	-0.19709697	10	-0.10788377	0.08171574	0.3203257	Binding_RAL	-0.064952604	0.049197856	0.1928556
Q21E	Q21E	21	21	0.11314834	0.19086148	0.18047558	0.22203605	0.13157375	0.047488607	0.14451028	0.06211428	0.13203782	0.291595	10	0.15158412	0.07310153	0.286558	Binding_RAL	0.091262884	0.044011578	0.17252539
Q21F	Q21F	21	21	0.15292265	0.48622695	0.48717785	0.21830374	0.42932814	0.15400001	0.4072202	0.13710424	0.33265004	0.22933562	10	0.30342692	0.14143592	0.5544288	Binding_RAL	0.1826815	0.08515305	0.33379996
Q21G	Q21G	21	21	0.30440354	0.34650424	0.24046367	0.28043354	0.2137426	0.17951904	0.22538096	0.28223333	0.29426536	0.26005983	10	0.26270062	0.049063195	0.19232772	Binding_RAL	0.15816179	0.029539034	0.11579301
Q21H	Q21H	21	21	0.06503638	-0.25473896	-0.05332721	-0.05818528	0.036613747	-0.023879211	-0.15022585	0.088044785	0.04511535	0.12007567	10	-0.018547054	0.11575601	0.45376357	Binding_RAL	-0.011166458	0.06969218	0.27319336
Q21I	Q21I	21	21	1.1431255	0.4568522	0.45993632	0.039610084	0.87608635	1.0008261	0.59579897	0.7032461	0.43634403	0.7045479	10	0.6416374	0.31921273	1.2513139	Binding_RAL	0.38630483	0.19218554	0.7533673
Q21K	Q21K	21	21	-0.007514582	0.086938776	0.10510873	0.02445271	0.0968571	0.10430965	0.14509183	0.04678298	-0.0223523	0.06610732	10	0.06457822	0.053674974	0.2104059	Binding_RAL	0.038880028	0.032315608	0.12667719
Q21L	Q21L	21	21	0.5602721	0.5006484	0.44963244	0.6119656	0.5474951	0.61855614	0.5961735	0.67407227	0.5501508	0.71137184	10	0.5820338	0.07779307	0.30494884	Binding_RAL	0.35041985	0.04683617	0.18359779
Q21M	Q21M	21	21	0.31714794	0.3818257	0.3488402	0.3102423	0.4666369	0.45057076	0.4101027	0.21188898	0.36698398	0.43932375	10	0.3703563	0.07760525	0.30421257	Binding_RAL	0.22297707	0.04672309	0.18315452
Q21N	Q21N	21	21	-0.4395068	-0.07650209	-0.1771105	0.13567099	0.047557816	-0.08633565	-0.0505987	-0.12680173	-0.5439977	0.07891458	10	-0.12387097	0.21752876	0.85271275	Binding_RAL	-0.074577875	0.13096558	0.51338506
Q21P	Q21P	21	21	3.0254855	2.8603156	2.8200293	2.78991	2.8769605	2.678781	2.941747	2.907292	2.8738039	2.8722801	10	2.8646605	0.09193417	0.36038193	Binding_RAL	1.7247003	0.055349976	0.2169719
Q21R	Q21R	21	21	-0.07330797	-0.104841426	0.0007188434	0.027422449	0.013264715	0.060520887	0.043971546	0.049396623	0.008446878	0.01603843	10	0.004163097	0.053214256	0.20859988	Binding_RAL	0.0025064384	0.032038227	0.12558985
Q21S	Q21S	21	21	0.1856936	0.1152521	0.109417036	0.039810427	0.18615222	0.09412697	0.06578926	0.17027552	0.093735866	0.17732227	10	0.12375752	0.05294334	0.2075379	Binding_RAL	0.074509576	0.03187512	0.12495047
Q21T	Q21T	21	21	0.25010327	0.08868913	0.13399683	0.27166098	-0.25746033	0.08343373	-0.012113694	0.18289346	0.25360286	0.17290404	10	0.11677103	0.1587701	0.6223788	Binding_RAL	0.070303276	0.09558928	0.37471
Q21V	Q21V	21	21	0.6854004	0.52842027	0.5299176	0.61553943	0.5414622	0.57052743	0.6370948	0.8062596	0.53949314	0.5569021	10	0.6011017	0.08900101	0.34888396	Binding_RAL	0.36189988	0.05358403	0.2100494
Q21W	Q21W	21	21	0.0017190919	0.0018538862	0.042771015	-0.058335174	0.072121926	0.19791876	0.08924553	-0.026603302	-0.027287215	-0.044890407	10	0.024851412	0.078080066	0.30607387	Binding_RAL	0.014962065	0.04700896	0.18427514
Q21Y	Q21Y	21	21	0.51646817	0.51486766	0.42450503	0.22892408	0.25162837	0.40947992	0.66511655	0.34474236	0.46916953	0.5133274	10	0.43382293	0.1326058	0.5198148	Binding_RAL	0.26118785	0.07983678	0.31296018
Q24A	Q24A	24	24	0.44656718	0.19399823	0.09022745	0.15986516	0.27092397	0.37938905	0.2899222	0.2830884	0.28254354	0.3642004	10	0.27607256	0.106769435	0.4185362	Binding_RAL	0.16621251	0.06428171	0.2519843
Q24C	Q24C	24	24	0.3978789	0.12659422	0.17137751	0.43326995	0.48135206	0.25597042	0.25435787	-0.24611013	0.29868352	0.08794034	10	0.22613147	0.21068844	0.8258987	Binding_RAL	0.13614494	0.12684728	0.49724135
Q24D	Q24D	24	24	0.019710984	0.4665394	-0.29991382	0.39034343	0.016137678	0.21607897	-0.37639615	-0.09426388	-0.09106627	0.22117953	10	0.046834987	0.27751926	1.0878755	Binding_RAL	0.028197518	0.16708352	0.6549674
Q24E	Q24E	24	24	0.1692754	0.23204589	0.1121202	0.22412711	0.2598334	0.069527045	0.035198297	0.3969641	0.2956018	-0.19095428	10	0.1603739	0.16435608	0.64427584	Binding_RAL	0.09655486	0.09895238	0.38789335
Q24F	Q24F	24	24	0.481257	0.39479968	0.33429384	0.74479765	0.8647642	0.59748846	1.1217171	0.2963961	1.0366659	0.43973297	10	0.6311913	0.29606256	1.1605653	Binding_RAL	0.38001567	0.1782477	0.698731
Q24G	Q24G	24	24	0.115685314	0.03171362	-0.027104305	-0.00576504	0.0042135576	-0.015814938	0.18134078	0.09962811	-0.08723014	0.14276083	10	0.04394278	0.08622638	0.33800742	Binding_RAL	0.026456233	0.05191354	0.20350109
Q24H	Q24H	24	24	0.12759215	0.5967763	0.1562981	0.9022012	0.57516	0.73459613	0.5558456	0.77460945	0.38615748	0.16832684	10	0.49775633	0.27690357	1.085462	Binding_RAL	0.29967967	0.16671284	0.6535143
Q24I	Q24I	24	24	1.1323878	0.6907047	0.36231223	0.34003198	0.8938017	0.42194885	0.39588174	0.71591467	0.44736913	0.5761124	10	0.59764653	0.26091215	1.0227757	Binding_RAL	0.35981965	0.15708502	0.61577326
Q24K	Q24K	24	24	0.7666978	0.2868588	0.24635926	0.70804423	0.4700661	0.6273444	0.8870748	0.43172595	0.39321524	0.20030989	10	0.50176966	0.23498456	0.9211395	Binding_RAL	0.30209592	0.14147504	0.5545822
Q24L	Q24L	24	24	0.3809193	0.4166592	0.396245	0.31171793	0.15928179	0.14233151	0.5153148	0.2782349	0.25405598	0.4269952	10	0.32817557	0.120808795	0.4735705	Binding_RAL	0.19758171	0.07273426	0.2851183
Q24M	Q24M	24	24	0.2326047	0.2166899	-0.05115463	0.33815435	-0.05912769	0.25847903	0.30624947	0.44795686	0.2824233	0.4103828	10	0.2382658	0.17102866	0.6704323	Binding_RAL	0.14345054	0.10296968	0.40364116
Q24N	Q24N	24	24	-0.40028885	-0.3464813	-1.1089143	-0.75230515	-0.6488094	-0.7201638	-0.42547157	-0.42082465	-0.38538843	-0.043575134	10	-0.5252223	0.29163948	1.1432267	Binding_RAL	-0.31621584	0.17558475	0.6882922
Q24P	Q24P	24	24	2.239773	2.132769	1.5233443	1.1855042	2.151929	1.4595234	0.86043304	1.533613	0.8405975	1.6599675	10	1.5587454	0.50660414	1.9858882	Binding_RAL	0.93845975	0.3050066	1.1956259
Q24R	Q24R	24	24	0.25478256	0.124835975	0.40794003	0.2523621	0.10258344	0.31075034	0.33708715	0.3878586	0.13652773	0.50300527	10	0.28177333	0.1331011	0.52175635	Binding_RAL	0.16964473	0.08013498	0.31412914
Q24S	Q24S	24	24	0.1689539	-0.061930783	0.20694533	0.046990506	-0.0045203217	-0.16042764	-0.04526865	-0.012994942	-0.039805166	-0.14158009	10	-0.004363785	0.11871059	0.46534553	Binding_RAL	-0.0026272647	0.07147101	0.2801664
Q24T	Q24T	24	24	0.09027224	0.0071992003	0.11691978	0.25743783	-0.009244276	0.34411314	-0.07596496	0.4189584	0.4294483	0.16284125	10	0.17419809	0.18117973	0.71022457	Binding_RAL	0.104877874	0.109081246	0.4275985
Q24V	Q24V	24	24	0.60953194	0.7705978	0.061836313	0.11184529	0.3743934	0.75647193	0.61285	0.36676452	0.5424319	0.5854734	10	0.47921968	0.24601299	0.9643709	Binding_RAL	0.28851947	0.14811482	0.5806101
Q24W	Q24W	24	24	0.28914973	0.15926187	0.53252244	0.2275127	0.10492541	0.4483146	0.55056	0.5336152	0.42293483	0.19173351	10	0.34605303	0.17071077	0.66918623	Binding_RAL	0.20834503	0.10277829	0.40289092
Q24Y	Q24Y	24	24	-0.025332985	-0.24176143	0.02774697	0.37908697	-0.12038552	-0.63928205	-0.10196548	0.048580047	0.08020496	0.1426349	10	-0.045047365	0.26791027	1.0502083	Binding_RAL	-0.02712126	0.16129832	0.6322894
Q42A	Q42A	42	42	-0.039784897	-0.16877769	-0.1793156	-0.20037991	-0.10313254	-0.07288078	-0.10538275	-2.2716522e-05	-0.05708725	-0.07840867	10	-0.10051729	0.06480572	0.25403842	Binding_RAL	-0.060517535	0.03901699	0.1529466
Q42C	Q42C	42	42	0.2902701	0.27964294	0.2112744	0.29795325	0.2726845	0.28692007	0.30271035	0.23992197	0.34476876	0.33818486	10	0.28643313	0.04019558	0.15756668	Binding_RAL	0.17245021	0.02420019	0.09486475
Q42D	Q42D	42	42	0.009263782	-0.020392122	0.1541851	0.04206165	0.060145535	0.023443777	-0.10303601	-0.046914436	0.12356881	0.16173504	10	0.040406115	0.0870053	0.3410608	Binding_RAL	0.024326945	0.052382495	0.20533939
Q42E	Q42E	42	42	-0.20974699	-0.099360496	-0.29852888	-0.31939623	-0.3829808	-0.23441811	-0.19083205	-0.21227054	-0.18067741	-0.19379324	10	-0.23220047	0.08105628	0.31774062	Binding_RAL	-0.13979885	0.048800822	0.19129923
Q42F	Q42F	42	42	0.09137695	-0.13545723	-0.13706723	0.11111417	0.014385234	0.1289319	0.01710106	-0.041485194	0.24417423	0.029522026	10	0.03225959	0.118678756	0.46522072	Binding_RAL	0.01942224	0.07145185	0.28009126
Q42G	Q42G	42	42	-0.064952515	-0.19879884	-0.14929216	-0.22026142	-0.13175446	-0.15035324	-0.07235938	-0.23059484	-0.051051665	-0.07506773	10	-0.13444862	0.066995315	0.26262164	Binding_RAL	-0.08094627	0.040335264	0.15811424
Q42H	Q42H	42	42	0.049689397	0.029601615	0.006513807	0.061114118	-0.07402195	0.0041039702	0.13116406	0.06316192	-0.06389205	-0.008770332	10	0.019866457	0.06148581	0.24102437	Binding_RAL	0.011960818	0.037018206	0.14511137
Q42I	Q42I	42	42	0.058296293	0.09820801	0.103792295	0.09237228	0.012886032	0.16554879	0.11202448	0.017579706	-0.09367495	-0.026149103	10	0.054088384	0.076726764	0.3007689	Binding_RAL	0.032564506	0.046194192	0.18108124
Q42K	Q42K	42	42	-0.46308178	-0.3971651	-0.2305126	-0.18396063	-0.28441918	-0.3059625	-0.3925463	-0.32148087	-0.27240643	-0.3653755	10	-0.3216911	0.084304504	0.33047366	Binding_RAL	-0.19367765	0.05075645	0.1989653
Q42L	Q42L	42	42	0.26490396	0.1345544	0.15508877	0.20420854	0.10909248	0.20802934	0.14792049	0.18911839	0.22386047	0.14821854	10	0.17849955	0.04751334	0.1862523	Binding_RAL	0.107467614	0.028605927	0.11213523
Q42M	Q42M	42	42	-0.10708282	-0.14485687	-0.14065588	-0.12054769	-0.24480742	-0.12929335	-0.08039976	-0.27810115	-0.21518877	-0.20394894	10	-0.16648826	0.06492374	0.25450107	Binding_RAL	-0.10023608	0.03908805	0.15322517
Q42N	Q42N	42	42	-0.3050113	-0.26652685	-0.3235903	-0.03617025	-0.25001997	-0.2792289	-0.26089805	-0.2821314	-0.08754791	-0.11679876	10	-0.22079238	0.10113028	0.3964307	Binding_RAL	-0.13293047	0.06088659	0.23867545
Q42P	Q42P	42	42	-0.18999685	-0.008891666	-0.14415778	-0.014410099	-0.04408867	0.01244954	-0.045791257	-0.069068916	-0.02043194	0.007662908	10	-0.051672477	0.06659069	0.2610355	Binding_RAL	-0.031109981	0.040091656	0.1571593
Q42R	Q42R	42	42	-0.2877834	-0.2268981	-0.39326617	-0.23385936	-0.3487852	-0.27315348	-0.23478048	-0.28244472	-0.31794587	-0.30674368	10	-0.29056606	0.053443987	0.20950043	Binding_RAL	-0.17493849	0.03217654	0.12613204
Q42S	Q42S	42	42	-0.13300474	-0.31581146	-0.28297472	-0.15077555	-0.11638803	-0.12024063	-0.2104069	-0.20579633	-0.13055477	-0.15556775	10	-0.18215209	0.07016988	0.27506593	Binding_RAL	-0.10966667	0.042246547	0.16560647
Q42T	Q42T	42	42	-0.095915526	-0.020762213	0.030046573	0.04294043	0.049088057	0.09797598	0.07679412	-0.23057999	-0.059604503	-0.08355509	10	-0.019357216	0.10013217	0.3925181	Binding_RAL	-0.011654224	0.06028567	0.23631983
Q42V	Q42V	42	42	0.02406314	-0.043946944	0.0931262	0.07619455	0.010473245	0.08038388	0.03187894	0.111589275	-0.039043136	0.1721283	10	0.05168475	0.067878604	0.26608413	Binding_RAL	0.03111737	0.040867057	0.16019887
Q42W	Q42W	42	42	0.71807945	0.5067413	0.63204354	0.511419	0.6067084	0.4768143	0.5985045	0.41173962	0.666335	0.4298532	10	0.5558238	0.10328611	0.40488157	Binding_RAL	0.33463982	0.062184535	0.24376339
Q42Y	Q42Y	42	42	0.080618806	0.06442117	0.005116603	0.24980585	0.21963611	-0.010075752	0.14254019	0.19194444	0.071389586	0.31492501	10	0.1330322	0.10846357	0.42517722	Binding_RAL	0.080093496	0.06530169	0.2559826
Q60A	Q60A	60	60	-0.33180538	-0.31625593	-0.32986435	-0.2599354	-0.3613469	-0.40917346	-0.3400662	-0.3786285	-0.3354922	-0.3829784	10	-0.34455466	0.041548952	0.1628719	Binding_RAL	-0.20744291	0.025015002	0.09805881
Q60C	Q60C	60	60	-0.082926445	-0.07328538	-0.039295346	-0.10061704	-0.11937258	-0.16435541	0.10435351	-0.07483638	-0.09765247	-0.14960755	10	-0.079759516	0.074513786	0.29209405	Binding_RAL	-0.04802009	0.044861842	0.17585842
Q60D	Q60D	60	60	-0.4392695	-0.5115319	-0.32828546	-0.45368472	-0.46817997	-0.27467743	-0.39461723	-0.31764248	-0.29498267	-0.3696575	10	-0.3852529	0.08093002	0.31724566	Binding_RAL	-0.23194574	0.048724804	0.19100124
Q60E	Q60E	60	60	0.0041429875	-0.081332214	0.07035506	-0.09861101	-0.05206964	-0.040890567	0.025667403	-0.11859226	-0.11112	-0.00051474816	10	-0.040296502	0.063702546	0.24971399	Binding_RAL	-0.024260951	0.038352817	0.15034305
Q60F	Q60F	60	60	0.42972454	0.42031586	0.43751857	0.45299792	0.6197334	0.3182438	0.5532024	0.57073337	0.47490045	0.3859613	10	0.4663332	0.09123028	0.3576227	Binding_RAL	0.28076103	0.05492619	0.21531068
Q60G	Q60G	60	60	0.07576068	-0.04684469	-0.00559567	0.03107897	-0.0068579074	0.014697471	-0.0027042488	0.035509616	-0.028512415	-0.035608012	10	0.0030923795	0.037190013	0.14578485	Binding_RAL	0.001861801	0.022390654	0.08777136
Q60H	Q60H	60	60	0.08126809	-0.045650013	0.09361367	0.0035163646	0.05643392	-0.07620436	0.0927127	0.13324969	0.029370679	0.0595993	10	0.042791	0.06575319	0.2577525	Binding_RAL	0.025762793	0.03958743	0.15518273
Q60I	Q60I	60	60	0.29874483	0.19470866	0.08506448	0.46530876	0.33154294	0.52108556	0.3161883	0.30960533	0.27391016	0.30490354	10	0.31010628	0.12225819	0.4792521	Binding_RAL	0.18670289	0.073606886	0.288539
Q60K	Q60K	60	60	-0.08053234	-0.20099321	-0.25075176	-0.3008116	-0.24851783	-0.21144824	-0.3745452	-0.10580367	-0.22543932	-0.23329525	10	-0.22321384	0.08511636	0.33365613	Binding_RAL	-0.13438834	0.051245235	0.20088133
Q60L	Q60L	60	60	-0.0028644968	0.006649151	0.022525722	0.011822005	0.005351826	0.017389545	0.01956982	0.020267608	0.013387032	0.009282345	10	0.012338055	0.007940577	0.031127064	Binding_RAL	0.0074282615	0.0047807116	0.01874039
Q60M	Q60M	60	60	-0.034520168	0.00769015	-0.17882273	0.15691382	0.059862737	0.03829871	0.08437951	0.009441069	0.12565629	0.13314989	10	0.040204927	0.098580875	0.38643703	Binding_RAL	0.024205817	0.059351698	0.23265865
Q60N	Q60N	60	60	-0.30503142	-0.37807328	-0.23513809	-0.42425486	-0.30970404	-0.44602877	-0.38577488	-0.30745834	-0.38513315	-0.22315738	10	-0.33997542	0.07584393	0.2973082	Binding_RAL	-0.20468593	0.04566267	0.17899768
Q60P	Q60P	60	60	0.71499527	0.6016345	0.7598161	0.615903	0.50461537	0.54475045	0.541139	0.6271997	0.42717513	0.56522137	10	0.59024495	0.097469226	0.38207936	Binding_RAL	0.35536346	0.058682416	0.23003507
Q60R	Q60R	60	60	0.12645383	0.03553937	-0.019013915	0.11630574	-0.00072652736	0.08370901	0.021089682	0.09636952	0.06631453	0.073296055	10	0.059933733	0.049138315	0.1926222	Binding_RAL	0.03608376	0.029584263	0.11597031
Q60S	Q60S	60	60	-0.40443516	-0.37651992	-0.4354254	-0.44990727	-0.40390936	-0.4758492	-0.42423776	-0.41382086	-0.48120207	-0.31492308	10	-0.41802302	0.04881612	0.19135919	Binding_RAL	-0.25167534	0.02939028	0.1152099
Q60T	Q60T	60	60	-0.065065935	-0.006499384	-0.036788933	-0.035185643	-0.10285768	-0.102670506	-0.09182963	-0.0058064056	-0.053923875	-0.05369333	10	-0.055432133	0.035774212	0.14023492	Binding_RAL	-0.033373524	0.021538258	0.08442997
Q60V	Q60V	60	60	0.14088643	0.05952015	0.1314978	0.23026866	0.14210957	0.08511383	0.16662146	0.18654798	0.15248927	0.14423573	10	0.1439291	0.047854427	0.18758936	Binding_RAL	0.08665409	0.028811283	0.11294023
Q60W	Q60W	60	60	0.86837816	0.79097354	0.735137	1.1819518	0.7429796	0.83337003	0.8385147	0.8966879	0.77902544	0.87903595	10	0.8546054	0.127766	0.50084275	Binding_RAL	0.5145245	0.07692292	0.30153787
Q60Y	Q60Y	60	60	0.15572317	0.18459563	0.01737911	0.25510916	0.20175312	0.13456427	0.2875497	0.15721078	0.12965858	0.20986478	10	0.17334083	0.07476187	0.29306653	Binding_RAL	0.10436175	0.045011204	0.17644392
Q69A	Q69A	69	69	-0.14567307	-0.08528543	-0.18707459	-0.25555202	-0.07349247	-0.31403056	0.09986585	0.049610734	-0.17389461	-0.19399399	10	-0.12795201	0.12884295	0.50506437	Binding_RAL	-0.07703491	0.07757131	0.30407953
Q69C	Q69C	69	69	0.21880734	0.19602816	0.06226926	0.14218885	-0.04385119	0.14477472	0.2037849	0.17208238	0.09195508	0.061996922	10	0.12500365	0.08196364	0.3212975	Binding_RAL	0.07525982	0.04934711	0.19344068
Q69D	Q69D	69	69	0.5681858	0.12832423	0.38234526	0.5454082	0.49654788	0.60488826	0.46329		-0.3036133	-0.24640656	9	0.29321888	0.35162994	1.3783894	Binding_RAL	0.17653565	0.21170266	0.82987446
Q69E	Q69E	69	69	0.37908474	0.48615932	0.47549048	0.5691766	0.34430477	0.40279314	0.23553532	0.44647074	0.61000335	0.38888478	10	0.4337903	0.10919169	0.42803144	Binding_RAL	0.2611682	0.06574006	0.25770104
Q69F	Q69F	69	69	0.6487703	0.34039962	0.53432834	0.31882593	0.5930881	0.39675105	0.6287105	0.2797238	0.69049877	0.5409803	10	0.4972077	0.15052216	0.5900469	Binding_RAL	0.29934934	0.09062352	0.35524422
Q69G	Q69G	69	69	0.054492068	-0.0054469444	0.062769756	0.19961259	-0.011352488	0.11185216	0.106624395	0.10089891	0.06502157	0.13155042	10	0.081602246	0.06317302	0.24763824	Binding_RAL	0.049129527	0.03803401	0.14909333
Q69H	Q69H	69	69	0.20128655	-0.26305532	0.0055982755	0.051550485	0.30117115	0.30590385	0.12766685	0.10509951	-0.39341536	-0.16588709	10	0.02759189	0.23539805	0.92276037	Binding_RAL	0.016612	0.14172398	0.55555797
Q69I	Q69I	69	69	0.4826128	0.19313012	0.13438077	0.14649035	0.3371333	0.49562225	0.6406175	0.4099432	0.43181935	0.4758251	10	0.37475747	0.16862921	0.66102654	Binding_RAL	0.22562684	0.10152507	0.39797828
Q69K	Q69K	69	69	0.28760955	0.23308074	0.11060737	0.25322846	-0.124976225	0.17562912	0.33459252	0.19975533	0.35044336	0.17784119	10	0.19978115	0.13623367	0.534036	Binding_RAL	0.12028044	0.082020976	0.32152224
Q69L	Q69L	69	69	0.46771193	0.5279787	0.4189809	0.29353416	0.5165466	0.36628667	0.10194939	0.30840242	0.500219	0.51145554	10	0.40130654	0.1362399	0.5340604	Binding_RAL	0.241611	0.08202473	0.32153696
Q69P	Q69P	69	69	-0.07086796	0.096470945	0.16434038	0.11160842	0.2143366	0.2640736	-0.18624198	0.10401223	-0.033557314	-0.15890525	10	0.050526965	0.15485477	0.60703075	Binding_RAL	0.030420315	0.09323201	0.3654695
Q69R	Q69R	69	69	0.064803295	-0.009993312	0.09176123	-0.028986964	0.19345295	0.00890673	0.27468026	0.080172926	0.16437107	0.14567909	10	0.09848473	0.09671714	0.3791312	Binding_RAL	0.059293814	0.058229618	0.2282601
Q69S	Q69S	69	69	-0.13508976	-0.49826804	-0.16465646	-0.21598895	-0.24393079	-0.44869477	-0.50504833	-0.49782676	-0.39199868	-0.41652212	10	-0.35180244	0.146637	0.574817	Binding_RAL	-0.21180652	0.08828441	0.3460749
Q69T	Q69T	69	69	0.22202307	0.07689429	0.23402004	0.047370855	0.46059453	0.3711921	0.21164727	0.030541288	0.06676474	0.18336865	10	0.1904417	0.14270242	0.55939347	Binding_RAL	0.114657514	0.08591556	0.33678898
Q69V	Q69V	69	69	0.2750541	0.34794348	0.2922476	0.29437068	0.16541024	0.40198672	0.030502774	0.38614753	0.36170644	0.41039738	10	0.29657668	0.11900354	0.4664939	Binding_RAL	0.17855725	0.07164739	0.28085777
Q69W	Q69W	69	69	0.25590593	0.38609073	0.2539618	0.5027358	0.42191455	0.36197954	0.50792134	0.43682817	0.7260605	0.3136454	10	0.41670436	0.14092934	0.552443	Binding_RAL	0.25088143	0.084848054	0.33260438
Q69Y	Q69Y	69	69	0.18738718	0.17121679	-0.18219614	0.29979062	0.26874796	-0.04350886	0.49291173	0.0058172103	0.4060938	0.1270753	10	0.17333356	0.20688923	0.8110058	Binding_RAL	0.10435737	0.12455993	0.48827493
Q98D	Q98D	98	98	0.46010393	0.57193387	0.23967715	0.4674208	0.7654614	0.68772167	0.49503833	0.60242283	0.7475392	0.9156899	10	0.5953009	0.19295104	0.7563681	Binding_RAL	0.35840744	0.11616829	0.4553797
Q98F	Q98F	98	98	-0.71635634				-0.9644327	-0.644342	-1.1593451	-1.2729928	-0.62328297	-0.7547943	7	-0.8765066	0.2592986	1.0164505	Binding_RAL	-0.52771044	0.15611356	0.6119652
Q98G	Q98G	98	98	0.72036326	0.622279	0.27701312	0.269802	0.4005746	0.30916873	0.32452387	0.40498286	0.45276618	0.62871134	10	0.4410185	0.16205554	0.6352577	Binding_RAL	0.26552004	0.09756731	0.38246387
Q98H	Q98H	98	98	-0.039276637	-0.2674535	0.01751044	0.1706387	0.19304411	0.005097921	-0.15729527	-0.19941942	0.1960784	0.18272099	10	0.010164576	0.17483346	0.6853472	Binding_RAL	0.006119694	0.1052604	0.41262078
Q98L	Q98L	98	98			-0.19235192	-0.33325434	0.1520576	0.8052659	1.1441154	0.43434212	0.51696134		7	0.36101943	0.52791876	2.0694416	Binding_RAL	0.21735571	0.3178393	1.2459301
Q98R	Q98R	98	98	0.0716247	0.14513706	0.07620412	0.2768736	0.19706203	0.055394232	0.038702443	0.012400661	0.10116527	0.17294163	10	0.11475058	0.08211159	0.32187745	Binding_RAL	0.06908684	0.04943618	0.19378984
Q98S	Q98S	98	98	0.63882977	-0.17168067	0.49525642	0.42145202	0.4217392	0.7756339	-0.010358793	-0.62651056	0.22560965	-0.47782192	10	0.16921487	0.47439432	1.8596258	Binding_RAL	0.101877674	0.2856143	1.1196082
R101A	R101A	101	101	-0.89868283	-0.60021406	-0.5521568	-0.8920327	0.07568679	-0.3078638	-0.05896997	-0.47075394	-0.73010474	-1.2245344	10	-0.5659627	0.39769933	1.5589814	Binding_RAL	-0.34074405	0.23943925	0.93860185
R101C	R101C	101	101	-0.18586902	-0.862232	-0.5658434	-0.55974966	-0.21100166	-0.010652145	-0.33889222	0.1307295	-0.17597327	-0.3796429	10	-0.31591266	0.2915762	1.1429788	Binding_RAL	-0.19019869	0.17554666	0.6881429
R101D	R101D	101	101	0.39782116	0.30058724	0.58303034	0.4494994	0.40245792	0.3721049	0.17877482	0.75275165	0.26966855	0.7502427	10	0.44569388	0.19401413	0.7605354	Binding_RAL	0.2683349	0.11680834	0.4578887
R101F	R101F	101	101	0.18702121	-0.12942362	0.15956177	0.25135997	0.3246001	0.1300234	0.2614224	0.0883211	-0.00697241	0.39813846	10	0.16640523	0.15650296	0.6134916	Binding_RAL	0.100186095	0.09422433	0.36935937
R101G	R101G	101	101	-0.33339053	-0.19950442	-0.18682854	-0.12843315	-0.54808456	-0.42987296	-0.2789714	-0.036453024	-0.039531995	-0.60489196	10	-0.27859625	0.19944113	0.7818093	Binding_RAL	-0.16773193	0.120075725	0.47069684
R101H	R101H	101	101	0.0731359	0.13349451	-0.40038565	-0.18426605	0.37563315	-0.20197037	-0.05323396	0.16911049	-0.00040283598	-0.23071086	10	-0.03195957	0.22943658	0.8993914	Binding_RAL	-0.01924161	0.1381348	0.54148847
R101I	R101I	101	101	0.21510811	0.07057607	0.29495394	0.22026584	0.7416644	0.29576063	1.2737775	0.5463042	0.17414269	-0.033442423	10	0.3799111	0.3849076	1.5088378	Binding_RAL	0.22872965	0.23173785	0.9084124
R101L	R101L	101	101	-0.39058197	0.10474141	0.26606026	0.13553156	0.10899691	-0.34628752	-0.019473523	-0.2604955	-0.43230835	-0.2048735	10	-0.103869036	0.2524745	0.9897	Binding_RAL	-0.062535495	0.15200503	0.5958597
R101P	R101P	101	101	0.35249737	-0.5487301	-0.046126526	0.04754771	-0.24482025	-0.15957506	-0.03577136	-0.19773428	0.036289353	-0.013594051	10	-0.081001714	0.23367025	0.9159874	Binding_RAL	-0.04876797	0.14068374	0.5514803
R101S	R101S	101	101	0.033344354	-0.15417115	-0.1338778	-0.08220265	0.18603818	-0.18388748	-0.1085846	-0.037220888	0.023503434	-0.30395553	10	-0.07610141	0.13588764	0.53267956	Binding_RAL	-0.045817688	0.08181264	0.32070556
R101T	R101T	101	101	0.13804306	-0.14460005	0.11914378	0.17208561	0.088779725	-0.08732362	-0.19808911	-0.02918498	0.025983589	-0.032003883	10	0.0052834135	0.12507434	0.49029142	Binding_RAL	0.0031809371	0.07530238	0.29518533
R101V	R101V	101	101	0.22499223	0.2447592	-0.23837087	0.032884948	-0.010846281	0.02995022	-0.03732439	0.4865663	-0.13908756	0.1992112	10	0.0792735	0.2118104	0.83029675	Binding_RAL	0.04772748	0.12752277	0.49988925
R101Y	R101Y	101	101	0.46304995	0.14470194	0.40925378	0.9641692	0.5504915		0.042378634	0.7410929	0.37014806	0.79876876	9	0.49822828	0.301554	1.1820917	Binding_RAL	0.2999638	0.18155389	0.71169126
R122A	R122A	122	122	-0.27269584	-0.16151862	-0.14730828	-0.18104541	-0.18858926	-0.14264064	-0.20498195	-0.25929108	-0.17808774	-0.314634	10	-0.20507929	0.057950996	0.2271679	Binding_RAL	-0.12347023	0.034890033	0.13676894
R122C	R122C	122	122	-0.09288175	-0.45057085	-0.2359678	-0.3586544	-0.30745822	-0.27183214	-0.2525638	-0.22428228	-0.18145198	-0.3924619	10	-0.27681255	0.104970194	0.41148317	Binding_RAL	-0.16665803	0.063198455	0.24773794
R122D	R122D	122	122	-0.22921345	-0.19514763	-0.27130613	-0.14352961	-0.2667298	-0.24431175	-0.16678761	-0.21539597	-0.34599036	-0.31887934	10	-0.23972917	0.063742846	0.24987197	Binding_RAL	-0.14433157	0.03837708	0.15043816
R122E	R122E	122	122	-0.26482394	-0.2371739	-0.25723135	-0.18249369	-0.15900348	-0.2400415	-0.15090324	-0.183733	-0.03022498	-0.21835884	10	-0.1923988	0.06968812	0.27317744	Binding_RAL	-0.11583581	0.041956495	0.16446947
R122F	R122F	122	122	-0.26660362	-0.06348408	-0.2028639	-0.027842375	-0.10661977	-0.058511518	-0.03640202	-0.030361354	0.058528516	0.061028417	10	-0.06731317	0.103233494	0.4046753	Binding_RAL	-0.040526632	0.06215286	0.24363922
R122G	R122G	122	122	-0.2933953	-0.32953116	-0.28941873	-0.26926878	-0.27813828	-0.3045147	-0.23942335	-0.27129817	-0.26318595	-0.24790588	10	-0.27860802	0.026784396	0.10499483	Binding_RAL	-0.16773902	0.01612584	0.06321329
R122H	R122H	122	122	-0.2869509	-0.1740623	-0.28142682	-0.18483704	-0.4354219	-0.26602608	-0.095586285	-0.12319699	-0.1835251	-0.3191649	10	-0.23501985	0.1021356	0.40037155	Binding_RAL	-0.14149629	0.06149186	0.24104808
R122I	R122I	122	122	-0.1338746	-0.21652618	-0.31910908	-0.10534677	0.038191535	-0.12713759	-0.1701672	-0.19587933	-0.29679736	-0.13427015	10	-0.16609168	0.101617694	0.39834136	Binding_RAL	-0.09999732	0.061180048	0.23982579
R122K	R122K	122	122	-0.16130404	-0.18794197	-0.09182226	-0.28593093	-0.16495693	-0.37085044	-0.31377485	-0.29452416	-0.22182699	-0.14295903	10	-0.22358918	0.08893965	0.34864345	Binding_RAL	-0.13461432	0.05354709	0.20990461
R122L	R122L	122	122	-0.2020558	-0.17901061	-0.16831517	-0.24122635	-0.18698624	-0.26011047	-0.23886223	-0.29499298	-0.31498232	-0.1795334	10	-0.22660756	0.051666755	0.20253368	Binding_RAL	-0.13643157	0.031106537	0.121937625
R122M	R122M	122	122	-0.3212545	-0.29187232	-0.32709357	-0.25221682	-0.32595694	-0.39704752	-0.41394073	-0.35401198	-0.3110069	-0.40551904	10	-0.33999205	0.05248139	0.20572706	Binding_RAL	-0.20469594	0.031596996	0.123860225
R122N	R122N	122	122	-0.4855219	-0.5007037	-0.27366373	-0.465202	-0.3351032	-0.49398044	-0.28811282	-0.5658809	-0.4006166	-0.5283536	10	-0.4337139	0.10320167	0.40455055	Binding_RAL	-0.26112223	0.0621337	0.24356411
R122P	R122P	122	122	-0.24259894	-0.16271688	-0.41500553	-0.4689271	-0.43985626	-0.26515123	-0.51323444	-0.18538009	-0.25705814	-0.2196853	10	-0.3169614	0.12853992	0.5038765	Binding_RAL	-0.1908301	0.07738887	0.30336437
R122Q	R122Q	122	122	-0.37607655	-0.34628218	-0.16993314	-0.46543574	-0.40990353	-0.4407115	-0.19416998	-0.1774571	-0.19875336	-0.24325542	10	-0.30219784	0.11725274	0.45963073	Binding_RAL	-0.18194152	0.0705933	0.27672574
R122S	R122S	122	122	-0.22868359	-0.29862258	-0.27126023	-0.24337666	-0.2496026	-0.20383301	-0.292667	-0.3362282	-0.21144573	-0.38702697	10	-0.27227467	0.05773787	0.22633244	Binding_RAL	-0.16392596	0.034761716	0.13626593
R122T	R122T	122	122	-0.12176823	-0.25834593	-0.12520294	-0.28451607	-0.545131	-0.4540525	-0.33065078	-0.31142017	-0.24491729	-0.39262542	10	-0.306863	0.13347045	0.52320415	Binding_RAL	-0.18475024	0.08035734	0.3150008
R122V	R122V	122	122	-0.23868255	-0.2098017	-0.18371598	-0.2094242	-0.17626467	-0.34520674	-0.111787945	-0.18259996	-0.13596925	-0.1816786	10	-0.19751318	0.06329179	0.24810381	Binding_RAL	-0.11891498	0.038105514	0.14937362
R122W	R122W	122	122	0.12146526	-0.0476775	-0.022272935	0.1314883	-0.09462317	-0.015232678	-0.0016367666	0.04799298	-0.026400223	-0.02835366	10	0.0064749615	0.07256066	0.2844378	Binding_RAL	0.0038983217	0.043685943	0.1712489
R122Y	R122Y	122	122	-0.20010455	-0.457965	-0.37696558	-0.2316054	-0.111459464	-0.13867748	-0.24812803	-0.07542704	-0.13187252	-0.45024636	10	-0.24224515	0.1405206	0.5508408	Binding_RAL	-0.14584635	0.08460197	0.33163974
R134A	R134A	134	134	-0.405775	-1.03022	0.092418745	0.11359555	-0.10394121	0.089615025	0.19223204	0.2816117	0.19600229	0.16059133	10	-0.04138696	0.39855608	1.5623399	Binding_RAL	-0.024917472	0.23995507	0.9406239
R134C	R134C	134	134		-0.82931507	-0.66489434	-0.41720578	-0.18168063	-0.65610105	-0.09245774	-0.33044383			7	-0.45315695	0.27315083	1.0707513	Binding_RAL	-0.2728281	0.16445346	0.6446576
R134D	R134D	134	134	-0.1742187	0.0051430822	0.012806429	-0.42928353	-0.23040776	-0.3425863	-0.026317721	-0.03744938	-0.115122564	-0.13550799	10	-0.14729443	0.14982739	0.58732337	Binding_RAL	-0.08868023	0.09020522	0.35360447
R134E	R134E	134	134	-0.10897579	-0.15563399	0.34784612	-0.3355758	-0.0730116	-0.36963695	-0.55187285	-0.01140162	-0.47058418	0.42457294	10	-0.13042738	0.32454416	1.2722131	Binding_RAL	-0.07852523	0.19539538	0.7659499
R134F	R134F	134	134	0.39437562	0.21439329	0.4149479	0.19302046	0.30509448	0.16197696	0.14608309	-0.13989593	0.25426018	0.11128724	10	0.20555434	0.15835012	0.6207325	Binding_RAL	0.123756245	0.09533643	0.3737188
R134G	R134G	134	134	0.025139691	-0.31115317	-0.1866373	-0.30494958	-0.11820674	-0.17321768	0.06652477	0.12050659	-0.1789755	-0.13627861	10	-0.11972475	0.14737123	0.57769525	Binding_RAL	-0.0720816	0.08872647	0.34780777
R134I	R134I	134	134	0.082914166	0.03693499	0.539501	0.056306772	0.10457903	0.26780158	-0.06267212	0.14284298	0.013484017	-0.39869168	10	0.078300074	0.23741314	0.93065953	Binding_RAL	0.047141418	0.14293718	0.56031376
R134L	R134L	134	134	-0.033044007	-0.03338927	-0.12515636	-0.106724605	-0.39009494	0.015502838	-0.09337232	0.11151151	0.07505626	-0.10154032	10	-0.06812512	0.13838841	0.54248255	Binding_RAL	-0.041015476	0.08331826	0.32660758
R134M	R134M	134	134	0.27976996	-0.14251718	0.048663814	-0.49091452	-0.14869535	-0.10601036	0.10882254	-0.06427284	0.044860117	0.05896712	10	-0.04113267	0.20543721	0.8053139	Binding_RAL	-0.024764376	0.123685725	0.48484805
R134N	R134N	134	134	-0.08380843	0.10729627	0.24259192	0.2944131	0.21709938	0.15145153	0.122667275	-0.4715562	0.06797966	0.025781339	10	0.06739159	0.21894142	0.8582504	Binding_RAL	0.040573847	0.13181609	0.5167191
R134P	R134P	134	134	-0.76843154	-0.2161893	-0.5054442	-0.31697136	-0.59326684	-0.31423503	-0.902252	-0.119053215	-0.6290922	-0.4083326	10	-0.47732687	0.24859485	0.97449183	Binding_RAL	-0.2873799	0.14966926	0.58670354
R134Q	R134Q	134	134	-0.19876856	-0.016776184	-0.008842926	-0.23178717	0.03012027	-0.12950261	-0.075209424	0.02343728	-0.21423557	-0.16343014	10	-0.09849951	0.10168719	0.3986138	Binding_RAL	-0.05930271	0.06122189	0.23998982
R134S	R134S	134	134	-0.16156651	-0.34766722	-0.30692965	-0.5557084	-0.44956917	-0.27559215	-0.098924816	-0.21328703	-0.10307944	-0.19948556	10	-0.271181	0.14846	0.58196324	Binding_RAL	-0.1632675	0.08938197	0.35037732
R134T	R134T	134	134	0.024142204	-0.11532866	0.019949496	-0.251385	-0.10121852	0.10428988	-0.06162978	-0.008576574	-0.28122947	-0.13709952	10	-0.080808595	0.12249957	0.48019832	Binding_RAL	-0.048651703	0.07375221	0.28910866
R134V	R134V	134	134	-0.25914797	-0.14437713	0.043081447	0.22701493	0.231495	-0.11213615	-0.29164073	0.27592298	-0.017466567	-0.1694994	10	-0.021675361	0.20898788	0.81923246	Binding_RAL	-0.013049889	0.12582344	0.4932279
R134W	R134W	134	134	-0.13093795	-0.17695698	-0.03172794	-0.36504182	-0.20678048	-0.16006845	-0.3613653	-0.09702138	-0.26353958	-0.061981883	10	-0.18554218	0.115534835	0.45289657	Binding_RAL	-0.11170771	0.069559015	0.27267134
R134Y	R134Y	134	134	-0.38135615	-0.5851016	-0.28746566	-0.21169184	-0.3534054	-0.17757942	-0.57716566	-1.138641	-0.4827057	-0.32484812	10	-0.4519961	0.27824977	1.0907391	Binding_RAL	-0.2721292	0.16752332	0.65669143
R148A	R148A	148	148	-0.49020863	0.060883876	-0.88651186	0.0009042876	-0.34312806	-0.5343596	-1.1876462	-0.8875496	-0.2538746	-0.546034	10	-0.50675243	0.39805993	1.560395	Binding_RAL	-0.30509585	0.23965636	0.93945295
R148E	R148E	148	148	-0.42568713	-0.3700583	-0.19920486	-0.2711397	-0.13181497	-0.34648645	-0.2338461	-0.101659514	-0.5320498	-0.35369286	10	-0.29656392	0.13435957	0.5266895	Binding_RAL	-0.17854956	0.08089265	0.3170992
R148G	R148G	148	148	0.19528918	-0.13530034	-0.4709319	-0.2499173	0.44306317	-0.387092	-0.2306907	0.2745415	-0.73898214	-0.37791562	10	-0.1677936	0.36859852	1.4449062	Binding_RAL	-0.10102198	0.22191879	0.8699217
R148L	R148L	148	148	-0.31842536	0.14924164	-0.27924067	-0.6272257	-0.029995212	0.39125192	-0.5728805	-0.39321172	-0.6581992	-0.25964534	10	-0.259833	0.3427585	1.3436134	Binding_RAL	-0.15643531	0.20636152	0.8089372
R148S	R148S	148	148	-0.4921028	-0.2865054	0.19398814	0.12074212	0.1560772	-0.2549378	0.39001387	-0.25796118	-0.24300772	-0.6634396	10	-0.13371332	0.33414584	1.3098518	Binding_RAL	-0.08050357	0.20117617	0.7886106
R148V	R148V	148	148	-0.10481627	-0.13172218	-0.082946666	-0.11773838	-0.07340621	-0.06938891	-0.09903852	-0.065415435	-0.09007555	-0.095494464	10	-0.09300426	0.02135841	0.08372497	Binding_RAL	-0.055994235	0.012859065	0.050407536
R148Y	R148Y	148	148	0.19169748	0.09684238	0.057214875	0.046090573	-0.15662824	-0.2550358	-0.013896768	-0.21475786	0.13131635	-0.07978466	10	-0.019694166	0.1517106	0.5947056	Binding_RAL	-0.011857089	0.09133903	0.358049
R160D	R160D	160	160	-0.6307356	0.06348814	-0.23652664	0.7950491	0.8608585	-0.9467354				0.7199485	7	0.089335226	0.7291264	2.8581755	Binding_RAL	0.053785253	0.43897855	1.720796
R160F	R160F	160	160	-0.02254149	0.49772993	0.65801233	0.5680441				0.48586604	0.32769674	0.29393396	7	0.40124878	0.22610524	0.8863326	Binding_RAL	0.24157624	0.13612914	0.53362626
R160P	R160P	160	160	0.5928145	1.2240608	1.8625087	1.7754127	0.71719843	0.27099878	1.376085	0.60533386	0.2537909	1.416604	10	1.0094807	0.5962194	2.3371801	Binding_RAL	0.60776895	0.35896045	1.407125
R160Q	R160Q	160	160		0.5798888	0.4917943	0.46709493	0.6042453	0.51079875	0.21400258	0.021317216			7	0.41273457	0.21453086	0.840961	Binding_RAL	0.24849138	0.12916066	0.5063098
R160S	R160S	160	160	-0.51587397				-0.62718344	-0.15275854	-0.1512203	-0.47663483	0.053535074	-1.047187	7	-0.4167604	0.36889708	1.4460766	Binding_RAL	-0.25091517	0.22209853	0.8706263
R163A	R163A	163	163	-0.46529508	-0.24522862	-0.116769716	-0.40328276	-0.44850978	-0.056959745	-0.2030738	-0.26850313	-0.23998481	-0.39914304	10	-0.28467506	0.14029972	0.5499749	Binding_RAL	-0.17139174	0.08446899	0.33111843
R163C	R163C	163	163	-0.08251228	0.032718547	-0.25232023	-0.076878004	0.4026941	-0.12224019	-0.07074683	0.2664153	0.24347976	-0.26275584	10	0.0077854334	0.22564939	0.8845456	Binding_RAL	0.0046873055	0.13585469	0.5325504
R163E	R163E	163	163	-0.676513	0.01847443	-0.17707586	0.03780022	0.0510656	-0.44945052	-0.30810475	-0.38133493	-0.22156164	-0.7563103	10	-0.28630108	0.28619456	1.1218827	Binding_RAL	-0.1723707	0.17230658	0.6754418
R163F	R163F	163	163	0.06611251	-0.28746212	-0.26843816	0.0837634	-0.45927614	-0.08722333	-0.43426523	0.047206115	-0.25295812	-0.053249717	10	-0.16457906	0.20314157	0.79631495	Binding_RAL	-0.099086635	0.12230361	0.47943017
R163G	R163G	163	163	-0.3133017	-0.13134372	0.081926845	0.07571569	-0.090268195	-0.112059586	-0.07917126	-0.09483629	-0.30589932	-0.15272088	10	-0.112195835	0.13116601	0.51417077	Binding_RAL	-0.06754874	0.07896993	0.30956215
R163H	R163H	163	163				-0.054378543	-0.44827798	-0.3392597	0.2532208	-0.12656645	0.17958343	-0.5764902	7	-0.15888126	0.3127927	1.2261474	Binding_RAL	-0.09565621	0.18832026	0.73821545
R163I	R163I	163	163	0.06764609	-0.2616514	0.104830384	0.14534976				-0.12456125	0.14630583	0.28387716	7	0.05168522	0.18437326	0.7227432	Binding_RAL	0.031117655	0.11100394	0.43513545
R163L	R163L	163	163	-0.17983799	0.08978145	-0.17675082	-0.5604442	-0.42040494	-0.22029285	-0.5620361	-0.46067992	-0.24702854	-0.2365324	10	-0.29742265	0.2031664	0.7964123	Binding_RAL	-0.17906657	0.12231856	0.47948876
R163M	R163M	163	163			-0.70183814	-0.6297252	-0.69949985	-0.41840664	-0.96362793	-0.26744285	-0.61334145		7	-0.6134117	0.22206207	0.87048334	Binding_RAL	-0.36931127	0.1336949	0.52408403
R163N	R163N	163	163	0.588235	0.694371	0.06287225	0.38561067	0.6446297	0.52143747	0.10637117	0.31197533	0.5402292	-0.09046245	10	0.37652695	0.27063993	1.0609086	Binding_RAL	0.22669218	0.16294174	0.63873166
R163P	R163P	163	163	0.14076059				0.6192639	0.63861364	0.098986	0.9947794	0.686072	0.34263766	7	0.5030162	0.32337582	1.2676332	Binding_RAL	0.3028464	0.19469196	0.7631925
R163Q	R163Q	163	163		0.4823434	0.22720198	-0.61074656	-0.46210787	-0.2412761	-0.17174506	-0.4373381	-0.51954305		8	-0.21665141	0.3862324	1.514031	Binding_RAL	-0.13043736	0.23253545	0.91153896
R163S	R163S	163	163	-0.51282007	-0.4196348	-0.3783099	-0.29544878	-0.520644	-0.29463667	-0.13128664	-0.361053	-0.44882613	-0.25733584	10	-0.36199957	0.12119415	0.47508106	Binding_RAL	-0.21794581	0.07296626	0.28602776
R163T	R163T	163	163			-1.1416864	-1.0108528	-1.705856	-1.7724038	-1.4645346	-1.5085384	-1.2718449		7	-1.4108168	0.28341487	1.1109864	Binding_RAL	-0.8493977	0.17063303	0.6688815
R163V	R163V	163	163	-0.019875359	-0.20566823	-0.2853463	-0.26731974	-0.052681558	-0.32200754	-0.19774304	0.07441225	-0.05092513	-0.6041763	10	-0.1931331	0.19473599	0.7633651	Binding_RAL	-0.1162779	0.11724294	0.45959234
R163W	R163W	163	163	-0.40037856	-0.20779617	-0.23591319	-0.13622004	-0.23912977	-0.22740698	-0.12522824	-0.2854877	-0.3675427	-0.06793455	10	-0.22930379	0.10417718	0.40837455	Binding_RAL	-0.13805486	0.062721014	0.24586637
R40A	R40A	40	40	0.30730093	0.23088786	0.2531662	0.298299	0.32333034	0.31075275	0.3031587	0.24754588	0.2737762	0.24689898	10	0.2795117	0.032926053	0.12907013	Binding_RAL	0.16828308	0.019823492	0.07770809
R40C	R40C	40	40	0.15022878	0.21286131	0.21779211	0.27625528	0.21694636	0.25938562	0.23871206	0.24558663	0.041986294	0.25617534	10	0.21159299	0.06907696	0.2707817	Binding_RAL	0.12739187	0.041588545	0.1630271
R40D	R40D	40	40	1.9744508	1.7784567	1.9764628	1.8813391	1.8035553	1.8842015	2.1457345	1.9441757	1.6583079	1.8008982	10	1.8847582	0.13511796	0.52966243	Binding_RAL	1.1347394	0.08134925	0.31888908
R40E	R40E	40	40	0.5998548	0.48943058	0.5694193	0.60993534	0.6340098	0.7276629	0.64711213	0.6929854	0.6730855	0.62412	10	0.6267616	0.06695046	0.2624458	Binding_RAL	0.37734872	0.04030826	0.15800838
R40F	R40F	40	40	0.57273144	0.36735386	0.39560443	0.50119734	0.5203511	0.45179468	0.5496615	0.41018215	0.39212224	0.35208705	10	0.45130858	0.07948688	0.31158856	Binding_RAL	0.27171528	0.047855947	0.18759532
R40G	R40G	40	40	0.5593239	0.539153	0.48999068	0.5564031	0.47787395	0.51048267	0.53931653	0.5833055	0.54705715	0.5562178	10	0.5359124	0.033160575	0.12998946	Binding_RAL	0.32265195	0.019964688	0.07826158
R40H	R40H	40	40	0.14265475	0.2036521	0.20130767	0.22756924	0.29671794	0.2559074	0.081231475	0.23803002	0.16128653	0.19506915	10	0.20034263	0.0611171	0.23957904	Binding_RAL	0.12061848	0.036796223	0.1442412
R40I	R40I	40	40	0.39526996	0.3191218	0.30928698	0.42357305	0.29392275	0.45366618	0.33629587	0.36608735	0.3731192	0.3522367	10	0.362258	0.05104272	0.20008747	Binding_RAL	0.2181014	0.03073083	0.12046486
R40K	R40K	40	40	0.2759883	0.2612065	0.27497458	0.081958495	0.27672282	0.29378814	0.22613758	0.29965037	0.23272124	0.2125534	10	0.24357016	0.06378446	0.25003508	Binding_RAL	0.14664409	0.038402133	0.15053636
R40L	R40L	40	40	0.7048941	0.5816207	0.598928	0.5941428	0.648165	0.52654415	0.5267041	0.51115733	0.63422185	0.59966457	10	0.5926043	0.0605358	0.23730034	Binding_RAL	0.3567839	0.036446244	0.14286928
R40M	R40M	40	40	0.41506127	0.22902235	0.37452552	0.34592402	0.48192886	0.4706508	0.49277437	0.4067562	0.3853438	0.37430203	10	0.39762893	0.07760937	0.30422872	Binding_RAL	0.23939686	0.04672557	0.18316424
R40N	R40N	40	40	0.23814638	0.24047676	0.22333203	0.2015928	0.21380599	0.3023182	0.20848076	0.30645812	0.28059587	0.19547597	10	0.24106829	0.04130567	0.16191822	Binding_RAL	0.1451378	0.024868531	0.09748464
R40P	R40P	40	40	2.6883154	2.6484046	2.508536	2.779187	2.4845488	2.913812	2.8826654	2.7077703	2.9412844	2.9667706	10	2.7521293	0.17432389	0.68334967	Binding_RAL	1.6569496	0.10495361	0.41141817
R40Q	R40Q	40	40	0.056550074	0.18684672	0.18255126	0.18688771	0.121746324	0.19717821	0.15903173	-0.04291817	0.19257428	0.14164986	10	0.13820979	0.076974824	0.3017413	Binding_RAL	0.08321072	0.04634354	0.18166667
R40S	R40S	40	40	0.5333419	0.5947395	0.53934205	0.5603301	0.6079117	0.5306748	0.5874425	0.5500409	0.5142604	0.5633683	10	0.55814517	0.030588986	0.11990883	Binding_RAL	0.33603743	0.018416435	0.07219242
R40T	R40T	40	40	0.7248914	0.5988544	0.73908013	0.76744336	0.76298374	0.78718346	0.81573254	0.7251388	0.77202785	0.88464427	10	0.757798	0.073329695	0.2874524	Binding_RAL	0.45624062	0.044148948	0.17306387
R40V	R40V	40	40	0.3611292	0.274571	0.18645075	0.28259423	0.2834839	0.31362447	0.33006766	0.3427142	0.24610117	0.32069662	10	0.2941433	0.05137791	0.20140141	Binding_RAL	0.1770922	0.030932635	0.121255934
R40W	R40W	40	40	0.6529203	0.5656192	0.40644646	0.5210284	0.5281132	0.5958975	0.58771867	0.58059466	0.65596145	0.65543395	10	0.5749734	0.07698147	0.30176738	Binding_RAL	0.34616905	0.04634754	0.18168236
R40Y	R40Y	40	40	0.12621997	0.17624567	0.10703557	0.219691	0.29331276	0.3676962	0.22481017	0.10603739	0.13403146	0.1670703	10	0.19221504	0.08572686	0.3360493	Binding_RAL	0.115725175	0.051612794	0.20232216
R67A	R67A	67	67	0.018860998	0.3277094	-0.13606398	-0.10070132	0.49944365	0.19431745	-0.14854153	0.23291598	0.19953844	-0.23374574	10	0.085373335	0.24071367	0.9435976	Binding_RAL	0.051399954	0.14492431	0.5681033
R67C	R67C	67	67	0.30870202	0.4628388	0.27498558	0.3751611	0.4818294	0.39698943	0.4075582	0.039779764	0.42349365	0.23238486	10	0.3403723	0.13255715	0.51962405	Binding_RAL	0.20492488	0.07980749	0.31284538
R67D	R67D	67	67	0.9774766	0.41088307	0.26958457	0.13030447	-0.6809773			0.742602	0.5953219	0.043073885	8	0.31103367	0.5087037	1.9941186	Binding_RAL	0.18726124	0.30627066	1.200581
R67F	R67F	67	67	0.78688633	0.6712402	0.60174286	0.49267945	0.4638532	0.56181985	0.27953604	0.58382523	0.66183394	1.0400809	10	0.6143498	0.20273417	0.79471797	Binding_RAL	0.36987603	0.12205833	0.47846866
R67G	R67G	67	67	0.3427103	0.032140195	0.1555818	0.26424354	0.18521833	0.2701211	0.26899663	0.21459532	0.25242162	0.22032233	10	0.2206351	0.084100015	0.32967207	Binding_RAL	0.13283579	0.050633337	0.19848269
R67H	R67H	67	67	-0.075923726	0.09850059	0.44724637	0.15040262	0.47453701	0.21845242	0.32955787	-0.06849911	0.09674944	0.0492264	10	0.172025	0.19441712	0.7621151	Binding_RAL	0.10356954	0.11705096	0.45883977
R67I	R67I	67	67	0.8971476	0.5603065	0.7725259	0.9776276	0.8209487	0.6653777	1.07166	1.0857571	0.6317828	0.658521	10	0.8141656	0.18842095	0.73861015	Binding_RAL	0.49017733	0.1134409	0.44468835
R67K	R67K	67	67	0.007937416	0.23024176	0.33783624	0.077169456	0.30273005	0.35768583	0.29721567	0.33958673	0.044403568	-0.066851035	10	0.19279557	0.1602578	0.6282106	Binding_RAL	0.11607469	0.09648497	0.37822106
R67L	R67L	67	67	0.75781316	0.64907247	0.52425754	0.65046614	0.69058114	0.67646056	0.5857687	0.69651186	0.54985756	0.6671882	10	0.6447977	0.07158928	0.28063	Binding_RAL	0.38820753	0.043101113	0.16895637
R67M	R67M	67	67	0.34931198	0.5262867	0.2729364	0.8148257	0.7389194	0.5814089	0.014681052	0.3592279	0.25899395	0.35971034	10	0.42763025	0.24002856	0.94091195	Binding_RAL	0.2574595	0.14451183	0.5664864
R67N	R67N	67	67	0.612348	0.4882826	0.55665797	0.5937061	0.698027	0.9766017	0.64383173	0.50075334	0.64201045	0.74621445	10	0.6458434	0.14137739	0.5541994	Binding_RAL	0.3888371	0.08511781	0.33366182
R67P	R67P	67	67	0.88989013	0.68448603	0.8471585	0.54867	0.7776124	0.75241655	0.7926993	0.78833735	0.8415779	0.81684685	10	0.77396953	0.097185835	0.38096848	Binding_RAL	0.46597686	0.058511797	0.22936624
R67Q	R67Q	67	67	0.30984706	-0.22883286	-0.07748866	-0.08067513	-0.14503536	0.27228335	0.1983316	0.27845567	0.14326395	0.06345939	10	0.073360905	0.19540912	0.7660038	Binding_RAL	0.04416774	0.11764821	0.46118098
R67S	R67S	67	67	0.00838263	-0.10868816	0.08239849	0.097698085	-0.15634637	-0.41976342	0.06954962	0.17694509	0.007032899	-0.2160982	10	-0.04588893	0.17972201	0.7045103	Binding_RAL	-0.027627934	0.10820361	0.42415816
R67T	R67T	67	67	0.7338413	0.6666053	0.634234	0.6303545	0.65079206	0.52898264	0.56883734	0.6512743	0.59410256	0.5779142	10	0.6236938	0.058285866	0.22848059	Binding_RAL	0.37550172	0.035091646	0.13755925
R67V	R67V	67	67	0.61746866	0.584269	0.5533049	0.5641826	0.545978	0.55535674	0.6129224	0.51896465	0.59408116	0.5042383	10	0.56507665	0.037520323	0.14707966	Binding_RAL	0.3402106	0.022589521	0.088550925
R67W	R67W	67	67	1.1390451	1.2705883	1.4259197	1.3776727	1.3472804	1.3282084	1.1147823	1.1635635	1.1998062	1.2105405	10	1.2577407	0.107907005	0.42299548	Binding_RAL	0.7572366	0.0649666	0.25466907
R67Y	R67Y	67	67	1.1336023	1.0538005	0.6776202	1.1930269	1.215729	1.0427601	0.91352063	1.4287797	1.539411	1.6487907	10	1.1847041	0.29294822	1.148357	Binding_RAL	0.7132641	0.17637269	0.691381
R72A	R72A	72	72	-0.0728186	-0.04917338	-0.109453894	-0.026831659	0.023898296	-0.15705459	-0.033805046	-0.058287673	0.0002713271	0.08769982	10	-0.039555542	0.06851041	0.26856083	Binding_RAL	-0.023814848	0.041247446	0.16169
R72C	R72C	72	72	0.040694457	-0.3031764	-0.15547466	-0.038252536	-0.12872988	-0.048509683	-0.09612463	-0.054805193	-0.07403722	0.0062370207	10	-0.08521787	0.09619152	0.37707075	Binding_RAL	-0.051306356	0.057913158	0.22701958
R72D	R72D	72	72	0.03339184	-0.23456444	-0.103966504	-0.0151900435	-0.06338481	0.0046578343	-0.08054843	0.08652091	-0.04190095	0.057726145	10	-0.035725843	0.09280395	0.3637915	Binding_RAL	-0.021509135	0.055873636	0.21902466
R72E	R72E	72	72	-0.26259288	-0.1835021	-0.2987702	-0.3524541	-0.09584141	-0.42451453	-0.43360275	-0.3544626	-0.16218562	-0.28830338	10	-0.28562295	0.111945964	0.4388282	Binding_RAL	-0.17196244	0.067398295	0.2642013
R72F	R72F	72	72	0.26016432	0.09197114	0.1768822	0.27116647	0.07870213	0.21451637	0.18958658	0.17302214	0.1308615	0.1819058	10	0.17687786	0.063605055	0.24933182	Binding_RAL	0.10649125	0.03829412	0.15011296
R72G	R72G	72	72	-0.12960126	-0.15590242	-0.02844005	0.032929897	0.004231277	-0.10674216	-0.013531537	-0.13743125	-0.21779016	-0.18102324	10	-0.093330085	0.08600673	0.3371464	Binding_RAL	-0.0561904	0.051781297	0.2029827
R72H	R72H	72	72	-0.12870958	-0.14229956	-0.13622876	0.030877648	-0.054342475	-0.14810611	0.18109438	0.15554608	0.021800846	-0.008548306	10	-0.022891581	0.12179829	0.47744933	Binding_RAL	-0.013782128	0.07333	0.2874536
R72I	R72I	72	72	0.12908342	0.37998682	0.2618835	0.31381685	0.45201212	0.14107026	0.2698232	0.28610718	0.23443261	0.2635181	10	0.27317342	0.09727252	0.3813083	Binding_RAL	0.16446705	0.05856399	0.22957084
R72K	R72K	72	72	0.058718767	0.18241136	0.26584744	0.25341162	0.0056521613	0.18108708	0.107359305	0.18049994	0.14049737	0.13038503	10	0.150587	0.08063645	0.31609488	Binding_RAL	0.09066256	0.048548058	0.19030839
R72L	R72L	72	72	0.018244209	0.044114605	-0.025489736	0.040253375	0.093375504	0.05423284	0.15606602	0.18857352	0.14513934	0.047258653	10	0.07617684	0.067819595	0.2658528	Binding_RAL	0.0458631	0.040831532	0.16005962
R72M	R72M	72	72	0.22867367	0.15399662	0.12788536	0.075260535	0.1738437	0.029221427	0.24633028	0.17776524	0.04086614	0.09464323	10	0.13484862	0.07465916	0.29266393	Binding_RAL	0.08118709	0.044949368	0.17620152
R72N	R72N	72	72	-0.059772693	-0.15663557	-0.05449292	0.0029092142	-0.0983988	-0.10637162	-0.10498553	0.07801281	-0.099699795	0.028639214	10	-0.057079565	0.07254891	0.28439173	Binding_RAL	-0.03436538	0.04367887	0.17122117
R72P	R72P	72	72	0.042515665	0.073174894	-0.21064977	0.11356656	0.18286355	0.08029787	0.16324234	0.3861977	0.19606468	0.28201744	10	0.1309291	0.15869863	0.6220987	Binding_RAL	0.0788273	0.09554625	0.3745413
R72Q	R72Q	72	72	-0.033153895	-0.18133016	-0.03388404	-0.15642805	0.009141919	-0.13716869	0.06922723	0.04165514	-0.01772926	-0.07933337	10	-0.051900316	0.08478452	0.33235532	Binding_RAL	-0.031247154	0.05104545	0.20009817
R72S	R72S	72	72	0.05715797	0.083898954	0.06864401	0.14188568	-0.013331536	0.12811698	0.05788941	0.03888386	0.035209596	-0.051364306	10	0.054699063	0.058273852	0.2284335	Binding_RAL	0.03293217	0.03508441	0.1375309
R72T	R72T	72	72	0.05360787	-0.0557283	0.1378912	-0.074271895	0.033729974	0.06493854	0.015066728	0.1832926	0.10808448	-0.13644318	10	0.0330168	0.09949068	0.39000347	Binding_RAL	0.019878127	0.059899457	0.23480588
R72V	R72V	72	72	0.075753264	0.1278019	0.07009689	0.14021598	0.14666829	0.17531598	0.2356323	0.1816768	0.031142946	0.04884242	10	0.12331468	0.065585114	0.25709364	Binding_RAL	0.07424296	0.039486237	0.15478605
R72W	R72W	72	72	0.12978368	0.018816123	-0.087679066	0.060436066	-0.00424464	0.20421551	-0.018627323	0.1794729	-0.0016500342	0.24648285	10	0.072700605	0.11091549	0.43478873	Binding_RAL	0.043770198	0.066777885	0.26176932
R72Y	R72Y	72	72	-0.09712359	-0.12891674	-0.24067949	-0.20991014	-0.098675914	0.07581772	-0.27952376	-0.16436161	-0.033839807	0.017461658	10	-0.115975164	0.1133444	0.44431007	Binding_RAL	-0.06982412	0.06824024	0.26750174
R96A	R96A	96	96	-0.18496984	-0.17715706	-0.29067615	0.06550864	0.061765734	-0.69171816	0.088043116	-0.6370298	0.036636032	-0.6686392	10	-0.23982367	0.32032913	1.2556902	Binding_RAL	-0.14438847	0.19285767	0.75600207
R96C	R96C	96	96	-0.8568466	-1.2887945	-0.876282	-1.6809926	-0.605206	-0.59171724	-0.97247916	-1.5141298	-1.3715128	-0.55693823	10	-1.0314898	0.40756807	1.5976669	Binding_RAL	-0.6210198	0.24538083	0.9618929
R96E	R96E	96	96	-0.61044157	-0.6301191	-0.6386772	-0.4650481	-0.45938978	-0.5729858	-0.6963677	-0.31216815	-0.7194345	-0.59080523	10	-0.5695437	0.12402165	0.48616487	Binding_RAL	-0.34290004	0.07466859	0.2927009
R96G	R96G	96	96	-0.34338436	-0.21812312	-0.26924524	-0.12503189	-0.19384788	-0.3094211	-0.36456665	-0.11416103	-0.3058551	-0.24161103	10	-0.24852474	0.08638046	0.3386114	Binding_RAL	-0.14962704	0.052006304	0.20386472
R96K	R96K	96	96	-0.7492803	-0.52229553	-0.4783277	-0.3581698	-0.6914582	-0.4675926	-0.65447164	-0.41346365	-1.1191353	-1.2733752	10	-0.67275697	0.30464324	1.1942016	Binding_RAL	-0.4050407	0.1834138	0.7189821
R96S	R96S	96	96	0.26451325	-0.17814714	-0.10798759	-0.07536665	-0.011008098	0.047616627	-0.13377981	0.11647301	0.15588225	-0.00734944	10	0.0070846416	0.14013803	0.5493411	Binding_RAL	0.004265386	0.08437164	0.33073685
R96V	R96V	96	96	-0.56114876	-1.0984321	-0.60790116	-0.8300077	-1.5342674	-1.5604384	-0.855309	-1.6451489	-0.7265001	-1.4364359	10	-1.085559	0.4234355	1.6598673	Binding_RAL	-0.65357274	0.25493398	0.99934125
R96W	R96W	96	96	-0.5447138	-0.28311408	-0.14940234	0.12110675	0.14886738	0.03563094	-0.51235425	-0.33698443	0.14932914	-0.549537	10	-0.19211717	0.29222348	1.145516	Binding_RAL	-0.11566625	0.17593636	0.6896705
S105A	S105A	105	105	-0.27033672	-0.3929816	-0.5577409	-0.40640712	-0.093532585	-0.18741171	-0.21958748	-0.20292807	-0.19951671	-0.37860838	10	-0.29090515	0.13901295	0.54493076	Binding_RAL	-0.17514263	0.08369427	0.32808155
S105C	S105C	105	105	-0.2034292	-0.2411659	-0.2814027	-0.19702764	-0.21380077	-0.34267995	-0.2497035	-0.09195631	-0.14689952	-0.3062446	10	-0.22743101	0.07424921	0.2910569	Binding_RAL	-0.13692734	0.044702552	0.175234
S105D	S105D	105	105	-0.57905483	-0.059910845	-0.073871695	0.03498877	-0.15961929	-0.27262008	-0.14741746	-0.24878944	-0.22376801	-0.004300048	10	-0.17343628	0.17584473	0.6893113	Binding_RAL	-0.10441922	0.10586925	0.41500747
S105E	S105E	105	105	-0.17449637	-0.24097572	-0.33998537	-0.490582	-0.11856174	-0.119039394	-0.33635256	-0.15235078	-0.23741767	-0.41172257	10	-0.26214844	0.1282423	0.5027098	Binding_RAL	-0.15782934	0.07720968	0.30266196
S105F	S105F	105	105	-0.41029978	-0.19025275	-0.19718686	-0.30752993	-0.17223772	-0.114913434	-0.27719063	-0.32296368	-0.25407034	-0.25341937	10	-0.25000644	0.085473396	0.3350557	Binding_RAL	-0.15051912	0.051460195	0.20172396
S105G	S105G	105	105	-0.22293383	-0.24874249	-0.09979577	-0.12736313	-0.21890542	-0.27031657	-0.028023018	-0.18419097	-0.09235313	0.051974148	10	-0.14406501	0.103890024	0.4072489	Binding_RAL	-0.08673592	0.06254813	0.24518868
S105H	S105H	105	105	-0.1504487	-0.16819046	0.055470373	0.19960831	-0.047929488	-0.118925996	-0.25968754	0.036630515	-0.085789576	-0.28713727	10	-0.082639985	0.1492862	0.5852019	Binding_RAL	-0.04975431	0.08987939	0.35232723
S105I	S105I	105	105	-0.34808698	-0.3478703	-0.040319636	-0.24376939	-0.06716692	-0.044212043	0.24137229	-0.19311063	-0.1764956	-0.3207412	10	-0.15404004	0.18317816	0.7180584	Binding_RAL	-0.0927415	0.11028442	0.43231493
S105L	S105L	105	105	-0.118574426	-0.3786268	-0.34212872	-0.20935865	-0.23045425	-0.2785391	-0.26215824	-0.21740721	-0.377142	-0.39103052	10	-0.280542	0.090117306	0.35325983	Binding_RAL	-0.16890338	0.05425611	0.21268396
S105M	S105M	105	105	-0.09411192	0.041987494	-0.33114916	-0.21821743	0.02603739	0.2992911	-0.0708615	0.10817417	0.28576848	0.2698449	10	0.03167635	0.21584992	0.8461317	Binding_RAL	0.019071093	0.12995481	0.5094229
S105N	S105N	105	105	-0.30681336	-0.5599758	-0.38958976	-0.21808672	-0.004598908	-0.13714857	0.0096642785	0.0019848098	-0.23013878	-0.49052513	10	-0.23252277	0.20517954	0.8043038	Binding_RAL	-0.1399929	0.1235306	0.48423994
S105P	S105P	105	105	0.06749273	-0.13743047	0.11938087	0.015842574	0.029468829	-0.022902837	0.023620913	0.35929662	0.07096097	0.16092652	10	0.06866567	0.13028738	0.5107265	Binding_RAL	0.041340917	0.07844095	0.30748853
S105Q	S105Q	105	105				-0.30170184	-0.5688698	-0.5845233	-0.5545686	-0.2820065	-0.51699716	-0.17548001	7	-0.42630672	0.16797598	0.65846586	Binding_RAL	-0.25666264	0.10113178	0.3964366
S105R	S105R	105	105	-0.12632853	-0.28574824	-0.251615	-0.20716861	-0.0151757635	-0.025877893	-0.08976458	-0.1129779	-0.16856244	-0.07207389	10	-0.13552928	0.09158337	0.35900682	Binding_RAL	-0.08159689	0.055138774	0.216144
S105T	S105T	105	105	-0.3203462	-0.49337766	-0.25860015	-0.20208262	-0.24007106	-0.23458448	-0.41976342	-0.36121348	-0.18363555	-0.5900406	10	-0.33037153	0.13478857	0.5283712	Binding_RAL	-0.1989038	0.08115094	0.3181117
S105V	S105V	105	105	-0.0749658	-0.24630593	-0.13917975	-0.23033455	-0.19128707	0.023825733	-0.22804302	-0.19475038	-0.16854872	-0.2899284	10	-0.17395177	0.09169765	0.35945478	Binding_RAL	-0.10472958	0.055207577	0.2164137
S105W	S105W	105	105	-0.52960825	-0.36171868	-0.61576176	-0.43324634	-0.47073373	-0.6250714	-0.4787281	-0.38263124	-0.48765972	-0.46848232	10	-0.4853642	0.08665773	0.3396983	Binding_RAL	-0.29221883	0.05217324	0.2045191
S105Y	S105Y	105	105	-0.12365406	-0.13487393	0.03916213	0.091192335	-0.057928883	-0.07912324	-0.081160195	-0.086524434	-0.18482798	-0.07529678	10	-0.0693035	0.08084412	0.31690896	Binding_RAL	-0.04172493	0.04867309	0.19079852
S121A	S121A	121	121	-0.11929134	-0.12444464	-0.17405188	0.0073060445	-0.03879967	-0.21472225	-0.12380272	-0.13701758	-0.039722975	-0.12121913	10	-0.10857661	0.06679945	0.26185384	Binding_RAL	-0.06536974	0.04021734	0.15765198
S121C	S121C	121	121	-0.02531768	-0.027635472	0.052998427	-0.02486152	-0.029945578	0.1210205	-0.030375613	0.013232669	-0.124622434	0.088964395	10	0.0013457701	0.07063161	0.2768759	Binding_RAL	0.0008102356	0.042524535	0.16669618
S121D	S121D	121	121	-0.19005698	-0.30046546	-0.14789028	-0.2620147	-0.15359887	-0.24091637	-0.009307515	-0.19762741	-0.08531813	-0.16218986	10	-0.17493854	0.085147366	0.33377767	Binding_RAL	-0.10532367	0.051263906	0.20095451
S121E	S121E	121	121	-0.15718502	-0.24742642	-0.20502871	-0.021365728	-0.03876222	0.06252295	-0.2757231	0.05184601	-0.08342393	-0.19343562	10	-0.11079818	0.12209178	0.4785998	Binding_RAL	-0.06670726	0.0735067	0.28814626
S121F	S121F	121	121	0.10884882	0.089418136	0.051119875	0.093406804	-0.10064252	0.036491122	0.19520333	0.06251383	0.098054685	0.043441374	10	0.067785546	0.074690215	0.29278564	Binding_RAL	0.040811032	0.044968065	0.17627482
S121G	S121G	121	121	-0.2224675	-0.257823	-0.2950529	-0.20444173	-0.19476995	-0.14405869	-0.18162598	-0.20861252	-0.11704365	-0.20425941	10	-0.20301552	0.05085993	0.19937094	Binding_RAL	-0.12222772	0.03062078	0.12003346
S121H	S121H	121	121	-0.108329706	-0.3502829	-0.21585998	-0.23206653	0.1361293	0.048209112	-0.15749131	-0.0770704	-0.07521768	-0.0870483	10	-0.11190285	0.13924207	0.54582894	Binding_RAL	-0.06737234	0.08383221	0.32862228
S121I	S121I	121	121	0.22934529	0.09647691	0.0882399	0.08575313	0.20183252	0.2352987	0.2803828	-0.07508801	0.048460595	0.021059895	10	0.12117617	0.11222834	0.43993512	Binding_RAL	0.072955444	0.0675683	0.26486775
S121K	S121K	121	121	-0.098187275	-0.23232463	-0.2726852	0.113376535	-0.09589124	-0.18220332	-0.15883201	-0.00866859	-0.16057678	-0.17223118	10	-0.12682238	0.11211711	0.43949908	Binding_RAL	-0.07635481	0.06750134	0.26460525
S121L	S121L	121	121	-0.07405784	-0.057722345	0.023418127	0.040710516	0.059988797	-0.026164528	-0.033656422	-0.053971294	-0.03980235	-0.020719398	10	-0.018197672	0.04478721	0.17556587	Binding_RAL	-0.010956109	0.026964631	0.10570136
S121M	S121M	121	121	0.103282385	-0.2303983	-0.07332496	-0.25052783	0.047362905	0.40104294	0.05636662	0.27095413	-0.085285924	-0.061711702	10	0.017776024	0.20534132	0.804938	Binding_RAL	0.0107022505	0.123628	0.48462176
S121N	S121N	121	121	-0.16984263	-0.27390623	-0.26065913	-0.10839672	-0.0033464872	-0.28045347	-0.06547326	0.05080518	-0.3808104	-0.31331593	10	-0.18053989	0.14388819	0.56404173	Binding_RAL	-0.10869602	0.086629465	0.3395875
S121P	S121P	121	121	-0.3646458	-0.11684196	-0.12850343	-0.09262472	-0.09917262	-0.15364529	-0.1629589	-0.18320054	-0.060834967	-0.14002398	10	-0.15024522	0.08356138	0.32756063	Binding_RAL	-0.090456784	0.050309047	0.19721147
S121Q	S121Q	121	121	-0.22630893	-0.36882553	-0.5023454	-0.48279694	-0.049588285	-0.03696831	-0.36742547	-0.50767285	-0.59631395	-0.51433647	10	-0.36525822	0.19867544	0.77880776	Binding_RAL	-0.21990772	0.11961473	0.46888974
S121R	S121R	121	121	0.0706972	0.012144759	0.12437564	0.07256569	0.20563443	0.14192966	0.122179754	0.124876395	0.048980366	0.11081408	10	0.103419796	0.054318517	0.2129286	Binding_RAL	0.062265024	0.03270306	0.128196
S121T	S121T	121	121	-0.18203804	-0.06484592	0.04876419	-0.1068382	-0.1672332	-0.2685613	-0.15954974	-0.1448097	-0.09699898	-0.09608195	10	-0.12381928	0.08365383	0.32792303	Binding_RAL	-0.074546754	0.050364707	0.19742966
S121V	S121V	121	121	-0.18394649	-0.024658453	-0.077425584	-0.15150166	0.007612656	-0.05306152	0.04308401	0.02505508	-0.03684015	-0.070063815	10	-0.05217459	0.07287245	0.28566003	Binding_RAL	-0.031412285	0.04387366	0.17198475
S121W	S121W	121	121	0.2009581	0.08188833	0.015500271	0.0629839	-0.006136744	0.1615215	0.09590101	0.20650014	-0.0026160162	-0.011920436	10	0.08045801	0.08477243	0.33230793	Binding_RAL	0.048440628	0.051038172	0.20006964
S121Y	S121Y	121	121	-0.032158162	-0.025315274	0.0011691145	0.12947863	0.04979636	-0.004875127	0.102173485	0.06530316	0.024838839	0.00089281576	10	0.031130385	0.054339692	0.2130116	Binding_RAL	0.01874239	0.03271581	0.12824598
S135A	S135A	135	135	0.2363824	0.1205678	0.20928031	0.37864685	0.14770159	0.19850259	0.27022734	0.37617025	0.09220157	-0.0067140115	10	0.20229666	0.12139816	0.4758808	Binding_RAL	0.121794924	0.07308909	0.28650925
S135C	S135C	135	135	-0.37122574	0.09327782	0.04831785	0.05179651	-0.14275075	-0.11306306	0.040913653	0.13029459	0.032352056	-0.075770885	10	-0.030585796	0.1493584	0.585485	Binding_RAL	-0.018414514	0.08992287	0.35249764
S135D	S135D	135	135				0.050482295	-0.4578229	0.037563898	-0.46774423	-0.4070937	-0.37509045	-0.13790411	7	-0.251087	0.22966234	0.9002764	Binding_RAL	-0.15116969	0.13827074	0.5420213
S135F	S135F	135	135	-0.02045471	0.18451707	-0.080905475	-0.055690594	-0.108910054	-0.082504354	-0.038992815	0.12045711	0.05312027	0.19783273	10	0.01684692	0.11447085	0.44872573	Binding_RAL	0.010142873	0.06891843	0.27016026
S135G	S135G	135	135	-0.28120404	-0.517755	-0.56877464	-0.23168308	-0.52970475	-0.34192312	-0.2411864	-0.20593533	-0.25491872	-0.3552716	10	-0.35283569	0.13690132	0.53665316	Binding_RAL	-0.2124286	0.08242294	0.32309794
S135H	S135H	135	135	-0.27034834	-0.1039335	0.074826	0.13137016	-0.29192394	-0.11543425	0.025434684	-0.93245715	-0.9705884		9	-0.27256164	0.4106167	1.6096175	Binding_RAL	-0.16409872	0.24721628	0.96908784
S135I	S135I	135	135	0.7536409	0.7411021	-0.23915754	-0.2622016	-0.28908297	0.30528146	0.02780815	0.07463088	-0.5062626	0.10027473	10	0.07060335	0.42723534	1.6747625	Binding_RAL	0.04250752	0.25722173	1.0083092
S135K	S135K	135	135	-0.090720505	0.27377272	-0.14333682	0.22043699	-0.107140996	-0.0069342195	-0.077983126	0.093776554	-0.35988903	-0.03600468	10	-0.023402309	0.18380608	0.72051984	Binding_RAL	-0.014089617	0.11066247	0.43379688
S135L	S135L	135	135	-0.13422781	0.002226632	-0.13224223	-0.07179201	-0.054945022	-0.17892028	-0.1682259	-0.120676406	-0.06892274	-0.42754114	10	-0.13552669	0.116631076	0.45719382	Binding_RAL	-0.08159533	0.07021902	0.27525854
S135M	S135M	135	135	-0.22748518	-0.4465972	0.109023035	-0.05325089	0.035022542	0.002029549	-0.419619	-0.04773097	-0.0014404791	-0.10243147	10	-0.11524801	0.18949716	0.74282885	Binding_RAL	-0.069386326	0.11408884	0.44722825
S135N	S135N	135	135	-0.32761568	-0.14638901	0.006311414	-0.2029728	-0.16099401	-0.054293428	-0.09594374	-0.20126882	0.07171072	-0.02651585	10	-0.11379711	0.11781739	0.46184418	Binding_RAL	-0.0685128	0.07093325	0.27805835
S135P	S135P	135	135				-0.4798882	-0.3505202	-0.6038988	-0.8631613	-0.48704502	-0.43606916	-0.20967697	7	-0.49003714	0.20545779	0.80539453	Binding_RAL	-0.29503223	0.123698115	0.48489663
S135Q	S135Q	135	135	-0.052789975	-0.0030734052	-0.037798677	-0.50401103	-0.28223386	-0.01626083	0.10496032	-0.23183411	0.15842232	-0.25213742	10	-0.111675665	0.20190552	0.79146963	Binding_RAL	-0.06723556	0.12155943	0.476513
S135R	S135R	135	135	0.023810161	-0.17811769	-0.11118222	-0.40668878	-0.3350544	-0.26485708	0.03981587	0.08432633	0.07552576	0.12582858	10	-0.09465934	0.19237986	0.75412905	Binding_RAL	-0.056990698	0.11582441	0.4540317
S135T	S135T	135	135	0.037064977	-0.18927512	-0.3753709	-0.47268227	-0.4256829	-0.58820546	-0.48737612	0.3536958	-0.14551836	-0.56964314	10	-0.28629932	0.30135882	1.1813266	Binding_RAL	-0.17236964	0.18143639	0.71123064
S135V	S135V	135	135	0.08311702	0.09494041	0.19545367	0.21746747	0.11723039	-0.18023838	-0.086942405	0.15403956	0.04095542	0.18401097	10	0.082003415	0.12789933	0.5013654	Binding_RAL	0.049371056	0.077003196	0.30185252
S135W	S135W	135	135				-0.9936458	-0.4140306	-0.22503069	-0.644718	-0.63539946	-0.8310612	-0.9109983	7	-0.6649834	0.27505928	1.0782324	Binding_RAL	-0.40036055	0.16560246	0.64916164
S135Y	S135Y	135	135	0.2075412	0.17449662	-0.017920611	0.115714364	0.17934124	0.21965186	0.4015471	0.75275344	0.38680547	0.11859914	10	0.25385302	0.21468124	0.84155047	Binding_RAL	0.152835	0.1292512	0.5066647
S144A	S144A	144	144	-0.94172674	-0.5842997	-0.8234114	-0.4831646	-1.34076	-0.8744026	-0.81424236	-0.82097226	-1.0841373	-1.3060082	10	-0.9073125	0.2764385	1.0836389	Binding_RAL	-0.54625744	0.16643283	0.6524167
S144D	S144D	144	144	-0.11978708	0.19931825	0.67860895	0.15962756	0.6775478	-0.0025786583	0.107836336	-0.037250455	0.4831496	0.33798566	10	0.2484458	0.28724292	1.1259923	Binding_RAL	0.14957951	0.17293775	0.677916
S144E	S144E	144	144	-0.660134	-0.33637542	-0.5975144	-0.53055924	0.011593246	-0.5742067	-0.8114692	-0.48639044	-0.45546558	-0.1935979	10	-0.463412	0.23799396	0.9329363	Binding_RAL	-0.27900228	0.14328687	0.56168455
S144F	S144F	144	144	0.04791023	-0.32309273	-0.085115105	0.009804416	0.11100578	-0.009766252	0.22107682	-0.40241125	-0.18211308	0.1499009	10	-0.046280026	0.20316099	0.79639107	Binding_RAL	-0.027863398	0.1223153	0.479476
S144G	S144G	144	144	-0.72661114	-0.71269816	-0.544296	-0.5206305	0.02160575	-0.41158077	-0.6313891	-0.5665277	-0.5992545	-0.5386234	10	-0.5230006	0.21255416	0.8332123	Binding_RAL	-0.31487826	0.12797056	0.5016446
S144H	S144H	144	144	0.06421779	-0.36641228	0.1441692	-0.15896648	0.11872912	-0.16214156	0.29247302	0.0029031201	0.047227576	-0.15233779	10	-0.017013825	0.19232926	0.7539307	Binding_RAL	-0.01024336	0.11579394	0.45391226
S144L	S144L	144	144	-0.618156	-0.73678863	-0.36427015	-0.54044104	-0.28493175	-0.39429155	-0.2934912	-0.5010616	-0.42094386	-0.39186403	10	-0.454624	0.14434405	0.5658287	Binding_RAL	-0.27371135	0.086903915	0.34066334
S144T	S144T	144	144	-1.3647163	-1.40667	-1.1417089	-1.2661939	-1.6086258	-1.1489326	-1.5482087	-1.3044909	-1.3394358	-1.3536537	10	-1.3482636	0.15003878	0.58815205	Binding_RAL	-0.8117369	0.09033249	0.3541034
S144W	S144W	144	144	-0.5936695	-0.48919642	-0.2358222	-0.4179989	-0.34186184	-0.31339198	-0.6839635	-0.5967583	-0.6838026	-0.5557284	10	-0.49121937	0.15795843	0.6191971	Binding_RAL	-0.295744	0.09510061	0.3727944
S144Y	S144Y	144	144	-0.011016112	0.040520776	0.16077274	-0.34234676	-0.19094247	0.027132481	0.05679614	-0.16697894	0.09628896	-0.10240077	10	-0.0432174	0.15427086	0.60474175	Binding_RAL	-0.026019508	0.092880465	0.36409143
S16A	S16A	16	16	2.49252	2.8229222	2.3460324	2.37265	3.0087483	1.9803833	1.4655583	2.0140524	2.0568027	2.5719597	10	2.313163	0.45114926	1.7685051	Binding_RAL	1.3926651	0.27161935	1.0647479
S16C	S16C	16	16	1.657812	1.121598	1.1679311	1.3407587	1.3966604	1.220586	1.4847945	1.599147	1.1701995	1.2627214	10	1.3422209	0.18816653	0.7376128	Binding_RAL	0.80809885	0.113287725	0.4440879
S16D	S16D	16	16	3.2360911	2.6329284	3.2481813	2.6033626	2.5719707	2.5278559	2.6563287	2.7411735	1.9317298	2.284572	10	2.6434195	0.39188537	1.5361906	Binding_RAL	1.5914997	0.23593889	0.92488045
S16E	S16E	16	16	1.075586	3.3246548	1.375236	3.5405328	2.195249	2.0386007	2.1281846	3.1459906	2.217582	2.6880178	10	2.3729634	0.8077303	3.166303	Binding_RAL	1.4286686	0.4863029	1.9063075
S16F	S16F	16	16	2.1815083	2.6446226	2.8571377	2.9905112	1.8442295	3.0237913	2.5614066	1.7290668	3.2582426	1.9742849	10	2.5064805	0.5420015	2.124646	Binding_RAL	1.5090541	0.32631794	1.2791663
S16G	S16G	16	16	1.8205688	1.8274578	1.8252087	1.6829932	1.7761952	1.9158498	1.8793882	1.663694	1.7458166	1.8862131	10	1.8023386	0.084778525	0.33233184	Binding_RAL	1.0851177	0.05104184	0.20008402
S16H	S16H	16	16	3.0120447	2.222727	1.8176161	2.9504573	1.3756264	2.8907719	2.3215225	2.7412462	2.4396186	2.979136	10	2.4750767	0.5519267	2.1635525	Binding_RAL	1.4901471	0.3322935	1.3025906
S16I	S16I	16	16	1.5318465	1.706632	1.4815	1.8026844	1.751579	1.5614523	1.764405	1.3872542	1.4981141	1.6466255	10	1.6132094	0.14090982	0.5523665	Binding_RAL	0.9712504	0.084836304	0.3325583
S16K	S16K	16	16	1.9362487	2.8998303	2.663897	2.4739873	2.6965597	2.6292632	3.1859455	2.278044	1.9166801	1.6791823	10	2.4359636	0.4776501	1.8723885	Binding_RAL	1.4665986	0.2875745	1.127292
S16L	S16L	16	16	2.3511512	2.0922227	3.189636	3.3150427	3.377208	3.2673423	3.0628276	3.3594103	3.137164	2.198736	10	2.935074	0.5105382	2.0013099	Binding_RAL	1.7670935	0.30737513	1.2049105
S16M	S16M	16	16	1.545722	2.3057384	0.82877487	0.6229983	0.9383991	1.1664131	2.171077	1.6429918	1.5646104	2.2119026	10	1.4998628	0.6036396	2.3662672	Binding_RAL	0.9030089	0.36342785	1.4246372
S16N	S16N	16	16	3.7114866	3.4431722	3.3915577	3.506137	3.4887772	3.4527051	3.5634682	3.4311771	3.5461721	3.5759706	10	3.5110621	0.09283233	0.36390272	Binding_RAL	2.1138735	0.05589072	0.21909162
S16P	S16P	16	16	0.70137906	1.0396912	1.37139	0.77426046	0.69540536	1.0997404	1.3772913	0.8011341	0.96475166	0.6563679	10	0.9481411	0.27012202	1.0588783	Binding_RAL	0.57083875	0.16262993	0.63750935
S16Q	S16Q	16	16	2.9307654	3.3701525	2.7844737	2.753903	2.253667	1.4351029	1.2910855	1.6376185	3.106198	3.1618798	10	2.4724846	0.7663744	3.0041878	Binding_RAL	1.4885864	0.46140411	1.8087041
S16R	S16R	16	16	3.1928053	2.8035	2.2138073	2.4338157	2.9536934	2.9769974	2.9949448	3.0730302	3.3537385	2.8152037	10	2.8811536	0.34001932	1.3328757	Binding_RAL	1.7346301	0.20471236	0.8024725
S16T	S16T	16	16	0.558482	0.54647475	0.4600305	0.54827243	0.6487763	0.56763196	0.5896148	0.5479104	0.5287461	0.53584915	10	0.55317885	0.04757933	0.18651098	Binding_RAL	0.3330474	0.028645657	0.11229098
S16V	S16V	16	16	2.4383492	3.0406528	2.4593015	2.196943	1.9990106	2.4934826	1.9319918	3.104308	1.8178107	2.9582953	10	2.4440145	0.46815637	1.835173	Binding_RAL	1.4714458	0.28185868	1.104886
S16W	S16W	16	16	2.4856606	2.3503668	1.9803807	3.0110636	2.9226477	2.9726522	2.1754692	2.207742	2.273661	2.821815	10	2.520146	0.37966183	1.4882745	Binding_RAL	1.5172815	0.22857957	0.8960319
S16Y	S16Y	16	16	2.953917	1.3543262	2.0966113	2.500281	1.9706103	3.0799193	2.9977484	1.4725623	2.4350817	2.607725	10	2.3468783	0.6130642	2.4032118	Binding_RAL	1.4129639	0.36910206	1.4468801
S170G	S170G	170	170		-0.2456041	-0.24903597	-0.16411169	-0.44407335	-0.13181129	-0.31677434	-0.088017195			7	-0.23420398	0.12109276	0.4746836	Binding_RAL	-0.14100507	0.07290523	0.2857885
S180A	S180A	180	180	0.074586466	-0.095380075	-0.050876137	0.106694914	-0.055171162	0.009609386	-0.0034407005	0.18021074	0.013690867	0.15367605	10	0.033360034	0.09245508	0.36242393	Binding_RAL	0.020084774	0.055663597	0.21820131
S180C	S180C	180	180	-0.0016802559	-0.26365304	-0.063121006	0.1292335	0.3582708				-0.0560915	-0.1309992	7	-0.0040058154	0.19948016	0.7819623	Binding_RAL	-0.002411745	0.12009922	0.47078893
S180D	S180D	180	180	-0.46609744	-0.6041193	-0.25169006	-0.24331772				-0.60597557	-0.4725	-0.7871765	7	-0.49012524	0.19719224	0.77299356	Binding_RAL	-0.29508528	0.11872175	0.46538928
S180E	S180E	180	180	-0.49404386	-0.6213198	-0.37849042	-0.9088908	-0.8532144	-0.5700635	-0.9476707	-0.6734396	-0.36673635	-0.9681397	10	-0.6782009	0.23003097	0.9017214	Binding_RAL	-0.40831828	0.13849267	0.54289126
S180F	S180F	180	180	0.010242167	0.6513706	0.72376245	0.36723873	0.24301487	-0.049402293	0.24716936	0.58325875	0.17563084	0.28518847	10	0.3237474	0.2603246	1.0204724	Binding_RAL	0.19491567	0.15673128	0.6143866
S180G	S180G	180	180	-1.1735401	-1.9271044	-0.9067175	-1.524848	-0.8525619				0.069435604	-0.9071834	7	-1.0317886	0.62460357	2.448446	Binding_RAL	-0.62119967	0.37604943	1.4741138
S180H	S180H	180	180	0.3238123	0.645799	0.9784128	0.95900077				0.9851387	0.63175285	0.16073067	7	0.6692353	0.3314609	1.2993268	Binding_RAL	0.40292045	0.19955967	0.78227395
S180L	S180L	180	180	-0.024989428	-0.19776464	0.02336266	-0.13598394	-0.23956352	0.0907075	0.3478005	-0.1139273	0.021260263	0.16994041	10	-0.005915749	0.17867342	0.7003998	Binding_RAL	-0.0035616416	0.10757229	0.42168337
S180P	S180P	180	180	-0.31371298	0.30858836	-0.25711825	0.30255362	0.37723532	0.24352561	-0.021417802	0.34779808	0.014238254	-0.093642205	10	0.09080479	0.2583798	1.0128487	Binding_RAL	0.05467002	0.15556039	0.60979676
S180Q	S180Q	180	180	-0.44942847	-0.15570086	0.05976402	-0.5553043	-0.731936	-0.1101789				-0.086436145	7	-0.28988865	0.2901885	1.1375389	Binding_RAL	-0.17453064	0.17471117	0.6848678
S180R	S180R	180	180	-0.15878841	0.07562701	0.42551374		0.7446492	0.74558496	-0.4022257	-0.04074436	0.38646227	-0.36028355	9	0.15731056	0.43907258	1.7211646	Binding_RAL	0.09471055	0.26434848	1.0362461
S180T	S180T	180	180	0.098971434	-0.05385672	-0.07569258				0.16000313	0.17267425	-0.11425349	-0.3229586	7	-0.019301798	0.17729019	0.6949775	Binding_RAL	-0.01162086	0.1067395	0.41841885
S180V	S180V	180	180	0.06532598	-0.10017923	0.024391903	-0.9535557	-0.7875379	-0.84526974	-0.17672445	0.024382431	0.013567783	0.043003187	10	-0.26925957	0.41736153	1.6360573	Binding_RAL	-0.16211069	0.2512771	0.9850062
S180W	S180W	180	180	0.591145	0.75760406	1.5038546	0.7036288	0.8524953	0.243342	0.53091544	0.31477156	0.43964207	0.68742204	10	0.6624821	0.35339835	1.3853216	Binding_RAL	0.3988546	0.21276736	0.8340481
S180Y	S180Y	180	180	-0.14271826	-0.22412679	-0.019449592	-0.10414037	-0.97769374	1.0056725	-0.06518596	0.10001065	-0.17612043	0.15185106	10	-0.045190096	0.48270005	1.8921843	Binding_RAL	-0.027207194	0.29061487	1.1392103
S38A	S38A	38	38	-0.73367125	-0.71219	-0.7193965	-0.75296575	-0.6787157	-0.6200915	-0.6563429	-0.6355309	-0.68273664	-0.6637052	10	-0.6855346	0.04331718	0.16980335	Binding_RAL	-0.4127336	0.026079584	0.10223197
S38C	S38C	38	38	-0.4173023	-0.5678252	-0.45263213	-0.40722948	-0.4834455	-0.52945673	-0.4908771	-0.48687908	-0.3970325	-0.6181855	10	-0.4850866	0.07151721	0.28034747	Binding_RAL	-0.2920517	0.043057717	0.16878626
S38D	S38D	38	38	0.46057856	0.31126213	0.31431532	0.41677082	0.40118262	0.3842904	0.3377151	0.35844052	0.42576402	0.42683676	10	0.38371563	0.051374737	0.20138897	Binding_RAL	0.23102021	0.030930724	0.12124844
S38E	S38E	38	38	0.4015561	0.30482987	0.27101132	0.31130284	0.3640902	0.28969634	0.2588212	0.35406852	0.3321106	0.37146977	10	0.32589567	0.04663218	0.18279816	Binding_RAL	0.19620906	0.028075418	0.11005564
S38F	S38F	38	38	-0.09099716	-0.008170674	-0.067580245	-0.0106770685	0.035210468	0.006672043	0.025870549	0.026225006	0.023680072	0.022103034	10	-0.0037663977	0.042917356	0.16823603	Binding_RAL	-0.002267601	0.025838865	0.101288356
S38G	S38G	38	38	-0.3574492	-0.29443237	-0.3174621	-0.34166738	-0.40272605	-0.33687288	-0.40473518	-0.34444416	-0.40792012	-0.4573188	10	-0.36650282	0.049887877	0.19556049	Binding_RAL	-0.22065705	0.030035544	0.117739335
S38H	S38H	38	38	0.35145018	0.26172307	0.3696796	0.38495296	0.34235922	0.24589854	0.37163228	0.35222608	0.4225291	0.27104032	10	0.33734918	0.0583733	0.22882333	Binding_RAL	0.20310478	0.035144284	0.1377656
S38I	S38I	38	38	2.4508376	2.3020391	2.3682585	2.1063557	2.1238537	2.244988	2.2663064	2.4399796	2.150635	2.0644476	10	2.2517703	0.1391364	0.5454147	Binding_RAL	1.355703	0.0837686	0.32837293
S38K	S38K	38	38	-0.48869437	-0.50851387	-0.42283595	-0.4429354	-0.4462526	-0.24978906	-0.4516047	-0.4774743	-0.4376479	-0.5378611	10	-0.44636092	0.077677764	0.30449685	Binding_RAL	-0.26873648	0.04676675	0.18332566
S38L	S38L	38	38	-0.70194286	-0.7647486	-0.7185902	-0.8615374	-0.7196804	-0.6668431	-0.7092915	-0.65350515	-0.7109061	-0.63783556	10	-0.7144881	0.06346932	0.24879974	Binding_RAL	-0.43016538	0.0382124	0.14979261
S38M	S38M	38	38	-0.5718714	-0.5379998	-0.5418295	-0.3757861	-0.42301908	-0.43123746	-0.6614441	-0.27606168	-0.5803898	-0.5322692	10	-0.49319082	0.11435587	0.44827503	Binding_RAL	-0.29693094	0.068849206	0.26988888
S38N	S38N	38	38	0.019593269	0.053644653	0.0926982	0.09885066	0.12242303	0.0025980705	0.11391645	0.13932048	-0.047720905	0.033653308	10	0.06289773	0.060420703	0.23684916	Binding_RAL	0.037868265	0.036376946	0.14259763
S38P	S38P	38	38	3.3842895	3.2638366	3.736883	3.8961043	3.0114539	3.8786778	2.9067953	3.6291058	2.9044752	2.9894507	10	3.3601074	0.40172115	1.574747	Binding_RAL	2.0229895	0.24186063	0.94809365
S38Q	S38Q	38	38	-0.14869031	-0.17470296	-0.19635646	-0.056799553	0.01797208	-0.20599338	-0.04687961	-0.036413427	-0.25161463	-0.32521522	10	-0.14246935	0.10892995	0.4270054	Binding_RAL	-0.085775234	0.06558247	0.2570833
S38R	S38R	38	38	-0.7532208	-0.6354291	-0.74849355	-0.6713106	-0.61557734	-0.75875765	-0.7018931	-0.66833436	-0.7042539	-0.64006466	10	-0.68973356	0.05198166	0.20376812	Binding_RAL	-0.41526166	0.03129613	0.122680835
S38T	S38T	38	38	1.5781633	1.6020591	1.6717296	1.6894088	1.6581141	1.3585236	1.7010332	1.6385902	1.7120478	1.505831	10	1.6115501	0.109083876	0.4276088	Binding_RAL	0.97025144	0.06567515	0.2574466
S38V	S38V	38	38	0.7637287	0.69742256	0.68636376	0.7130961	0.7637158	0.76444465	0.7051179	0.77703136	0.7474084	0.75905466	10	0.7377384	0.03348538	0.13126269	Binding_RAL	0.44416347	0.02016024	0.07902814
S38W	S38W	38	38	0.7484247	0.5453366	0.6494472	0.67153805	0.6772757	0.7713772	0.7295712	0.74982303	0.73741764	0.71217334	10	0.6992385	0.06678469	0.26179597	Binding_RAL	0.4209842	0.040208455	0.15761715
S38Y	S38Y	38	38	-0.15419008	-0.17344424	-0.102949105	-0.100630894	-0.12568901	-0.19644311	-0.15573679	-0.071906805	-0.24468909	-0.20476352	10	-0.15304427	0.05371749	0.21057257	Binding_RAL	-0.09214198	0.032341205	0.12677753
S64A	S64A	64	64	-0.1362415	-0.21243526	-0.33215272	-0.20749505	-0.14887843	-0.21175161	-0.13361965	-0.086310476	-0.13437949	-0.33533195	10	-0.1938596	0.08437168	0.330737	Binding_RAL	-0.116715305	0.050796896	0.19912384
S64C	S64C	64	64	0.33982116	0.3784265	0.4576892	0.43535793	0.35331765	0.3481195	0.3595817	0.35105044	0.21848792	0.30043793	10	0.354229	0.066227764	0.25961283	Binding_RAL	0.21326746	0.039873153	0.15630277
S64D	S64D	64	64	0.10062127	0.16021217	0.30856887	0.40166792	0.14331143	0.19753967	-0.17260487	-0.016772697	0.16900411	0.17236878	10	0.14639166	0.1584461	0.6211087	Binding_RAL	0.0881367	0.09539422	0.37394533
S64E	S64E	64	64	0.121636555	0.13289544	-0.14392154	0.033722844	0.015689857	-0.050490513	-0.17745176	-6.0657363e-05	0.1759213	0.29977837	10	0.040771987	0.14635713	0.57372	Binding_RAL	0.024547223	0.088115916	0.3454144
S64F	S64F	64	64	0.3631927	0.35481855	0.35046643	0.49587205	0.1965707	0.257145	0.24306254	0.23132646	0.2302021	0.43377626	10	0.3156433	0.09928854	0.3892111	Binding_RAL	0.19003652	0.059777755	0.2343288
S64G	S64G	64	64	0.18490414	-0.043172434	0.21139348	0.05626384	0.23907286	0.09929063	0.13456365	0.20948437	0.14095192	0.18599027	10	0.14187427	0.08569227	0.33591372	Binding_RAL	0.08541696	0.051591974	0.20224054
S64H	S64H	64	64	-0.20988536	-0.039203726	-0.08030141	-0.06789812	-0.12959075	0.36801276	-0.047042616	-0.08704992	-0.41309622	-0.016959786	10	-0.07230152	0.19359928	0.7589092	Binding_RAL	-0.043529924	0.116558574	0.45690963
S64I	S64I	64	64	0.3395505	0.37966907	0.37142166	0.0064767203	-0.06320623	0.13787775	0.14774156	-0.16194582	-0.21354684	0.062134735	10	0.100617304	0.2151803	0.84350675	Binding_RAL	0.060577754	0.12955166	0.50784254
S64K	S64K	64	64	-0.06971735	0.15326668	0.2521088	0.18442227	0.3833891	0.21218115	0.16505095	0.058153633	-0.25191966	0.0114418	10	0.10983775	0.1799705	0.7054844	Binding_RAL	0.06612902	0.10835321	0.4247446
S64L	S64L	64	64	0.3854553	0.10380847	0.25592145	0.09161637	0.4093949	0.118001506	0.2775856	0.39860812	0.3913654	0.3868363	10	0.28185934	0.1329471	0.5211527	Binding_RAL	0.16969651	0.080042265	0.31376567
S64M	S64M	64	64	0.105794445	0.045555256	0.07428966	0.004854585	0.09419953	-0.046888527	0.10551752	0.050899148	0.0034498356	0.035062756	10	0.04727342	0.05000062	0.19600242	Binding_RAL	0.02846148	0.03010342	0.11800541
S64N	S64N	64	64	0.23995212	0.35782507	-0.17400122			-0.122615874	0.10472022	0.11136665	0.28044796	-0.06810617	8	0.09119859	0.1967768	0.7713651	Binding_RAL	0.054907113	0.11847164	0.46440881
S64P	S64P	64	64	0.31264362	0.32403138	0.12114939	0.3416641	0.4318502	0.33402583	0.4083745	0.3849311	0.2846842	0.043786768	10	0.2987141	0.12374912	0.48509657	Binding_RAL	0.1798441	0.07450452	0.29205772
S64Q	S64Q	64	64	0.018656503	0.48450065	0.6458433	0.36202827	0.62802	0.58789605	0.47847173	0.37851736	0.07373931	0.35728416	10	0.40149575	0.21515103	0.843392	Binding_RAL	0.24172492	0.12953404	0.50777346
S64R	S64R	64	64	0.42515236	0.4272563	0.3073326	0.30695537	0.29699752	0.32061735	0.4140659	0.40348104	0.40570554	0.30257237	10	0.3610136	0.05779899	0.22657204	Binding_RAL	0.2173522	0.034798514	0.13641018
S64T	S64T	64	64	0.11428824	0.13305932	0.712182	0.3030765	0.15781687	0.08807515	0.2713503	-0.13235743	0.41090238	0.09584271	10	0.21542361	0.2279355	0.8935071	Binding_RAL	0.12969816	0.13723107	0.5379458
S64V	S64V	64	64	0.23984185	0.15047945	0.20804827	0.2898755	0.3035998	0.23509522	0.31388602	0.15480815	0.25537035	0.18066771	10	0.23316722	0.05925268	0.23227051	Binding_RAL	0.14038087	0.035673726	0.139841
S64W	S64W	64	64	0.42656943	0.4625173	0.4271325	0.35189953	0.38653803	0.14831583	0.7618234	0.44420186	0.6192408	0.3239975	10	0.43522364	0.16515857	0.6474216	Binding_RAL	0.26203117	0.09943553	0.3897873
S64Y	S64Y	64	64	-0.35073477	-0.010271808	-0.106725425	-0.43943495	-0.24823208	-0.045875087	-0.009757643	-0.32713586	0.32647774	0.11062839	10	-0.11010615	0.2347678	0.92028975	Binding_RAL	-0.06629062	0.14134453	0.5540706
S88A	S88A	88	88	-0.62789804	-0.49137396	-0.33770606	-0.50703573	-0.24870268	-0.42196146	-0.10679346	-0.90986365	-0.4408897	-0.29889876	10	-0.43911234	0.22149085	0.8682441	Binding_RAL	-0.2643724	0.133351	0.5227359
S88G	S88G	88	88	-0.24545968	-0.35237598	-0.41542888	-0.33336717	-0.37099135	-0.34910533	-0.31554237	-0.23415495	-0.3024935	-0.37465394	10	-0.32935733	0.056905605	0.22306998	Binding_RAL	-0.1982932	0.034260646	0.13430174
S88L	S88L	88	88	-0.13492404	-0.16064522	0.22083147	-0.023470927	0.29805848	-0.47041196	0.12387757	0.14874817	-0.5581625	0.17028797	10	-0.038581096	0.2918495	1.14405	Binding_RAL	-0.023228172	0.17571118	0.6887879
S88V	S88V	88	88	-0.08579916	-0.21891797	-0.46489298	-0.6537173	-0.54122156	-0.25830692	-0.4807849	-0.5171689	-0.2931516	-0.37049904	10	-0.38844603	0.1736291	0.6806261	Binding_RAL	-0.2338682	0.10453531	0.40977842
T123A	T123A	123	123	0.0015200737	-0.083373524	-0.040317226	-0.1416444	-0.02221066	-0.07624965	-0.11176375	-0.15184915	-0.064921945	-0.13884872	10	-0.082965896	0.05287209	0.2072586	Binding_RAL	-0.04995053	0.031832222	0.12478231
T123C	T123C	123	123	-0.08656374	-0.059493106	-0.0041335924	-0.017898854	-0.024668178	-0.09712917	-0.007407189	-0.13990057	-0.10083512	-0.07373412	10	-0.061176367	0.046210583	0.18114549	Binding_RAL	-0.036831904	0.02782159	0.10906063
T123D	T123D	123	123	-0.21046013	-0.13416035	-0.25825647	-0.2265031	-0.2889096	-0.33600023	-0.24753118	-0.18912682	-0.20046237	-0.31999657	10	-0.2411407	0.062176056	0.24373014	Binding_RAL	-0.1451814	0.037433777	0.1467404
T123E	T123E	123	123	-0.14754449	-0.26105586	-0.32284868	-0.36860123	-0.23828901	-0.2675206	-0.2636695	-0.23315433	-0.36895332	-0.3144825	10	-0.27861193	0.06751851	0.26467258	Binding_RAL	-0.16774137	0.04065026	0.15934902
T123F	T123F	123	123	-0.1130337	-0.1148836	-0.10366026	-0.10892561	-0.057575274	-0.08429406	-0.09611689	-0.026653644	-0.05706174	-0.08099653	10	-0.08432013	0.029196665	0.114450924	Binding_RAL	-0.050765857	0.017578172	0.068906434
T123G	T123G	123	123	-0.27450094	-0.30248946	-0.27981505	-0.26065162	-0.088120654	-0.12465168	-0.18445879	-0.18966515	-0.26269868	-0.25643468	10	-0.22234866	0.072086066	0.2825774	Binding_RAL	-0.13386746	0.043400206	0.1701288
T123H	T123H	123	123	-0.11522167	-0.10457973	-0.03386496	0.018683845	-0.17722338	-0.06463435	-0.023281204	0.010774035	-0.16180077	-0.09771875	10	-0.074886695	0.06798772	0.26651186	Binding_RAL	-0.045086358	0.040932752	0.16045639
T123I	T123I	123	123	-0.0073339143	-0.12771994	-0.17655417	-0.13177377	-0.0837283	-0.05439508	0.011958956	0.023674546	-0.09523128	0.016805314	10	-0.062429767	0.07145417	0.28010035	Binding_RAL	-0.037586525	0.043019764	0.16863748
T123K	T123K	123	123	-0.15231834	-0.15100671	-0.2759869	-0.2176494	-0.2194772	-0.096673615	-0.007931834	-0.13666089	-0.1360063	-0.077871256	10	-0.14715825	0.07731985	0.30309382	Binding_RAL	-0.08859824	0.046551265	0.18248096
T123L	T123L	123	123	-0.07091129	-0.09892391	-0.04954388	-0.058461	-0.06756489	-0.02269901	-0.111967325	-0.08155577	-0.06165465	-0.06837202	10	-0.06916537	0.024927583	0.09771612	Binding_RAL	-0.04164177	0.015007924	0.058831066
T123M	T123M	123	123	-0.1930946	-0.11646381	-0.17493828	-0.1711629	-0.14776748	-0.27649474	-0.121273324	-0.049996007	-0.044875905	-0.089572914	10	-0.13856399	0.0701413	0.2749539	Binding_RAL	-0.08342397	0.04222934	0.16553901
T123N	T123N	123	123	-0.12194377	-0.12470008	-0.12201589	-0.1787555	-0.17337802	-0.10123161	-0.103821665	-0.03968688	-0.18390991	-0.17594947	10	-0.13253929	0.045992788	0.18029173	Binding_RAL	-0.07979673	0.027690463	0.108546615
T123P	T123P	123	123	-0.1629983	-0.13980693	-0.18097639	-0.23653157	-0.084897526	-0.23702131	-0.1198563	-0.23125714	-0.38652542	-0.16318749	10	-0.19430584	0.08467626	0.33193094	Binding_RAL	-0.116983965	0.05098027	0.19984266
T123Q	T123Q	123	123	-0.16237131	-0.08090073	0.07814812	-0.17855066	-0.12188396	-0.15761912	0.12548664	-0.13911574	0.01720594	-0.2781256	10	-0.08977264	0.12594312	0.49369705	Binding_RAL	-0.054048605	0.07582544	0.29723573
T123R	T123R	123	123	-0.09442158	-0.12808792	-0.116476044	-0.110397756	-0.0785924	-0.06620664	-0.05637184	-0.11012385	-0.075962275	-0.12182828	10	-0.09584686	0.025138747	0.09854389	Binding_RAL	-0.057705656	0.015135058	0.059329428
T123S	T123S	123	123	-0.12876993	-0.22366342	-0.14230467	-0.28779468	-0.18678607	-0.18766092	-0.18612345	-0.112690926	-0.16182685	-0.15251124	10	-0.17701322	0.050816752	0.19920167	Binding_RAL	-0.10657275	0.030594783	0.11993155
T123V	T123V	123	123	-0.05669275	-0.16560408	-0.12024766	-0.06278012	-0.07003732	-0.19116	-0.13229282	-0.12638812	-0.10116749	-0.106927514	10	-0.11332978	0.043709	0.17133927	Binding_RAL	-0.06823144	0.026315482	0.10315669
T123W	T123W	123	123	-0.13674134	-0.12568052	-0.22604705	-0.21226321	-0.121448405	-0.1180147	-0.1347537	-0.0644821	-0.07645702	-0.057089318	10	-0.12729773	0.05646842	0.22135621	Binding_RAL	-0.07664099	0.03399743	0.13326994
T123Y	T123Y	123	123	-0.12514326	-0.034247708	-0.01792396	-0.07144323	-0.14108735	-0.17254761	-0.0758187	-0.16162877	-0.17701028	-0.07409732	10	-0.10509481	0.057911463	0.22701293	Binding_RAL	-0.06327348	0.034866232	0.13667564
T126A	T126A	126	126	0.024776032	-0.10509737	0.04262334	0.014295273	0.036502082	0.033430323	-0.010309328	-0.008141144	-0.012042153	-0.0009901349	10	0.001504692	0.042721726	0.16746917	Binding_RAL	0.0009059163	0.025721084	0.10082665
T126C	T126C	126	126	-0.04198292	-0.16594811	-0.21753189	-0.16404262	-0.12582065	-0.12838943	-0.081490286	-0.07208909	-0.15836112	-0.06625233	10	-0.12219085	0.055622958	0.218042	Binding_RAL	-0.07356634	0.03348841	0.13127458
T126D	T126D	126	126	-0.2510834	-0.15291561	-0.17941755	-0.26351276	-0.17884947	-0.18239737	-0.15453446	-0.14421281	-0.13826472	-0.11593843	10	-0.17611265	0.047600217	0.18659286	Binding_RAL	-0.10603055	0.028658234	0.11234028
T126E	T126E	126	126	-0.08128931	-0.01451756	0.03918754	-0.046698574	-0.059228722	0.00065856695	0.021682994	0.09104098	-0.05147295	0.031961076	10	-0.006867596	0.05374999	0.21069996	Binding_RAL	-0.0041347113	0.03236077	0.12685423
T126F	T126F	126	126	-0.054359473	-0.043560162	-0.13418633	-0.12261551	-0.038038746	-0.13930644	-0.09694466	-0.030272104	0.08924007	0.100848205	10	-0.046919513	0.08510165	0.33359846	Binding_RAL	-0.028248409	0.051236384	0.20084663
T126G	T126G	126	126	-0.09802814	-0.08579586	-0.078393124	-0.04784277	-0.040705677	0.06516793	-0.001315869	-0.015841741	-0.045124084	-0.04692306	10	-0.039480243	0.047390137	0.18576933	Binding_RAL	-0.023769513	0.028531753	0.11184447
T126H	T126H	126	126	-0.0065203803	0.07636242	0.08914785	-0.0646593	0.045513913	0.101763226	0.021331929	0.08766826	-0.01732897	0.123414375	10	0.045669332	0.060776882	0.23824538	Binding_RAL	0.027495723	0.03659139	0.14343825
T126I	T126I	126	126	-0.052172165	-0.06553409	-0.06854053	-0.21702392	-0.1349114	-0.15787044	-0.20285986	-0.08382601	-0.09395237	-0.08475671	10	-0.116144754	0.058908258	0.23092037	Binding_RAL	-0.069926225	0.03546636	0.13902815
T126K	T126K	126	126	0.15319654	0.04912905	0.20334055	0.06547527	0.116059	0.059187856	0.055345777	0.16527088	0.2133653	0.23311318	10	0.13134834	0.07165534	0.28088894	Binding_RAL	0.07907971	0.043140884	0.16911227
T126L	T126L	126	126	-0.05920731	-0.075477615	-0.031195559	-0.027539143	-0.01750009	-0.07110481	-0.090734296	-0.12952752	-0.09973186	-0.20281109	10	-0.08048292	0.055387467	0.21711887	Binding_RAL	-0.048455626	0.03334663	0.1307188
T126M	T126M	126	126	-0.08866368	-0.066455886	0.0008087554	-0.073920816	-0.086523086	-0.083149426	-0.11381598	-0.16645317	-0.025815487	0.10717406	10	-0.059681475	0.07404002	0.2902369	Binding_RAL	-0.035931885	0.044576604	0.17474028
T126N	T126N	126	126	-0.10156214	-0.18565926	0.06728691	0.018793296	-0.009253163	0.000101435915	-0.068770245	-0.07667351	-0.17937829	-0.014588883	10	-0.054970384	0.08335381	0.32674694	Binding_RAL	-0.033095524	0.050184075	0.19672158
T126P	T126P	126	126	0.05903462	0.04968943	-0.03338278	-0.051365964	-0.081576794	0.09975631	-0.097367786	0.10525247	-0.06904215	0.00816455	10	-0.0010838103	0.07578727	0.2970861	Binding_RAL	-0.0006525199	0.045628555	0.17886394
T126Q	T126Q	126	126	0.1417505	0.091708444	-0.035671722	0.0283568	0.032601222	0.13724169	0.051064633	0.06754816	0.078941196	0.071940295	10	0.066548124	0.05246087	0.20564662	Binding_RAL	0.04006603	0.031584643	0.123811804
T126R	T126R	126	126	0.13320304	0.12138951	0.11833095	0.18618357	0.0688665	0.15525675	0.18508995	0.19890718	-0.006946807	0.05599986	10	0.12162806	0.065882914	0.25826102	Binding_RAL	0.07322751	0.03966553	0.1554889
T126S	T126S	126	126	-0.013762096	-0.063831	0.016526267	0.015278719	-0.10734346	0.022125918	0.023064254	0.0322	-0.040246382	-0.0071764127	10	-0.012316419	0.04534516	0.17775303	Binding_RAL	-0.007415235	0.027300552	0.107018165
T126V	T126V	126	126	-0.102511406	-0.08151941	-0.009333243	-0.035969824	-0.10100751	0.112788856	-0.01041156	-0.13416412	-0.15971798	0.017518995	10	-0.05043272	0.08161519	0.31993154	Binding_RAL	-0.030363573	0.04913732	0.1926183
T126W	T126W	126	126	-0.0738728	-0.06081341	-0.23078957	-0.05620076	-0.093404286	-0.11054162	0.0008495526	-0.025048627	-0.08734965	-0.085079044	10	-0.082225025	0.061831888	0.242381	Binding_RAL	-0.049504478	0.037226565	0.14592814
T126Y	T126Y	126	126	-0.10557036	-0.14033464	-0.21338908	-0.114426605	-0.3139539	-0.3497432	-0.29828882	-0.09701331	-0.052930698	-0.13848186	10	-0.18241325	0.10433672	0.40899998	Binding_RAL	-0.1098239	0.06281707	0.24624291
T143D	T143D	143	143	-0.11403197	-0.36834583	-0.13299294	0.3606663	0.7959683	0.4363087	-0.4693991	0.53300035	0.6303822	0.10206794	10	0.17736241	0.43691218	1.7126957	Binding_RAL	0.10678299	0.26304778	1.0311474
T143F	T143F	143	143	-0.12640758	-0.4897488	-0.47197592	-0.50087243	-0.43983382	-1.2707651	-0.80759513	-0.0060016806	-0.5725937	-0.30815876	10	-0.49939528	0.35259035	1.3821542	Binding_RAL	-0.30066642	0.21228088	0.8321411
T157A	T157A	157	157	-0.22048804	-0.2689518	-0.19041637	-0.34593055	0.007111038	-0.17190777	-0.1427598	-0.0681038	-0.1868105	-0.27336773	10	-0.18616253	0.10250253	0.40180993	Binding_RAL	-0.11208119	0.061712775	0.24191408
T157C	T157C	157	157	-0.28414023	-0.4059044	-0.18836935	-0.21291265	-0.043368973	-0.038212568	-0.4597783	-0.250704	-0.03041369	-0.36822867	10	-0.2282033	0.15622224	0.6123912	Binding_RAL	-0.1373923	0.09405531	0.3686968
T157D	T157D	157	157	-0.51790535	-0.43141744	-0.4167953	-0.38518688	-0.44844368	-0.4377288	-0.44304353	-0.027789572	-0.33557191	-0.545499	10	-0.39893818	0.14331919	0.5618112	Binding_RAL	-0.24018511	0.08628689	0.33824462
T157E	T157E	157	157	0.47425318	0.34308395	-0.011119686	0.09397039	-0.13117391	-0.2185187	0.14132704	-0.09888519	0.067898385	0.626042	10	0.12868775	0.274311	1.0752991	Binding_RAL	0.07747787	0.16515195	0.6473957
T157F	T157F	157	157	0.044984885	0.07963325	0.14590327	0.1455685	0.21056677	0.006412294	-0.073814854	0.0047013434	0.0036553622	0.20265318	10	0.077026404	0.09571037	0.37518466	Binding_RAL	0.046374593	0.057623476	0.22588404
T157G	T157G	157	157	0.08821367	-0.00937237	-0.27821252	0.1350576	-0.043294683	-0.16040267	-0.15570055	0.039891496	-0.015498131	0.079196475	10	-0.03201217	0.13047528	0.5114631	Binding_RAL	-0.019273277	0.07855408	0.307932
T157H	T157H	157	157	-0.11892249	0.25045073	-0.079066604	-0.074915364	-0.15136631	0.25067183	-0.22991943				7	-0.021866804	0.1932166	0.7574091	Binding_RAL	-0.013165149	0.11632818	0.45600647
T157I	T157I	157	157	0.002674354	0.10671481	-0.020756744	-0.061934642	0.23798244	-0.10242319	0.11829447	0.06727165	0.16336207	-0.0825989	10	0.042858634	0.113748394	0.4458937	Binding_RAL	0.02580351	0.06848347	0.2684552
T157K	T157K	157	157	0.11217295	-0.1089965	0.44551995	-0.13228501	0.07125612	0.11086793	-0.07564239	0.048558317	-0.06529861	0.023408944	10	0.042956166	0.16741788	0.65627813	Binding_RAL	0.025862232	0.100795776	0.39511946
T157L	T157L	157	157	-0.077238604	-0.189267	-0.20258978	0.15139352	0.019104797	0.07804321	-0.15464528	-0.16483414	-0.5571049	-0.18116955	10	-0.12783077	0.19524139	0.7653463	Binding_RAL	-0.07696192	0.11754722	0.46078512
T157M	T157M	157	157	-0.33190608	-0.34333822	-0.29880252	-0.31227884	-0.2526124	-0.32802346	-0.49448973	-0.27406174	-0.48384807	-0.25371984	10	-0.3373081	0.08602414	0.33721465	Binding_RAL	-0.20308004	0.05179178	0.20302378
T157N	T157N	157	157	-0.1467328	-0.09444854	-0.17975974	-0.2355516	-0.2419438	-0.22907947	-0.11759004	-0.0891131	-0.10903786	-0.13155034	10	-0.15748073	0.05983763	0.2345635	Binding_RAL	-0.094813004	0.0360259	0.14122154
T157P	T157P	157	157	0.096606836	-0.26741603	-0.48333877	-0.6449608	-0.38396135	-0.3352431	-0.44564134	-0.7031729	-0.65271443	-0.26230034	10	-0.40821424	0.23845491	0.9347433	Binding_RAL	-0.24576986	0.14356439	0.5627724
T157Q	T157Q	157	157		0.1211705	0.45815548	0.11998385	0.32624707	-0.3515518	0.123722374	0.25600353			7	0.15053299	0.25535414	1.0009882	Binding_RAL	0.09063004	0.15373877	0.602656
T157R	T157R	157	157	-0.19062519	-0.07017651	-0.012627067	0.071896546	0.039305776	-0.3058797	0.1312091	0.12694654	0.18535134	0.098201066	10	0.00736019	0.15580854	0.6107695	Binding_RAL	0.004431283	0.09380624	0.36772045
T157S	T157S	157	157	0.09226092	0.12203711	0.0048931018	0.08629492	-0.037634145	-0.21785632	-0.1133912	-0.019969413	0.02019758	0.11498279	10	0.0051815375	0.10871494	0.42616257	Binding_RAL	0.0031196014	0.06545302	0.25657585
T157V	T157V	157	157	0.04363656	0.070405014	-0.37629145	0.1869847	0.13702859	0.054479152	0.14889443	0.023562944	-0.06727554	-0.11539423	10	0.010603016	0.1648591	0.6462477	Binding_RAL	0.006383662	0.099255234	0.38908052
T157W	T157W	157	157	0.41123772	0.11929841	0.33248124	-0.18815134	0.27988642	0.22066474	1.062757	1.1441424		-0.31635404	9	0.3406625	0.49376845	1.9355724	Binding_RAL	0.2050996	0.2972787	1.1653326
T182A	T182A	182	182	0.021369211	-0.1924659	-0.044768438	-0.26665372	-0.2268085	0.17319807	-0.72836787	-0.9080846	-0.9704246	0.06869087	10	-0.30743155	0.4147939	1.6259922	Binding_RAL	-0.18509254	0.24973123	0.97894645
T182F	T182F	182	182	1.5373954	0.34805405	1.7161914	1.8837466	0.69057417	1.4814343	1.7624989	1.4011476	0.98829216	1.1894869	10	1.2998822	0.49602443	1.9444158	Binding_RAL	0.78260833	0.29863694	1.1706568
T182G	T182G	182	182	-0.8075292				-0.59188527	-0.45855552	-0.6726591	-0.35740554	-1.080513	-0.6879899	7	-0.66521966	0.23668964	0.9278234	Binding_RAL	-0.4005028	0.1425016	0.55860627
T182H	T182H	182	182			0.18849908	0.44294214	0.32725707	0.71651226	-0.24445607	0.6996116	0.9420473		7	0.43891624	0.3958857	1.551872	Binding_RAL	0.26425433	0.23834734	0.9343216
T182I	T182I	182	182	-1.478086	-0.73428345	-1.5039073	0.48192272	1.0794808	0.35203278	0.92425704	1.6299199	1.1600797	1.4610658	10	0.33724818	1.1719465	4.5940304	Binding_RAL	0.20304397	0.7055833	2.7658865
T182L	T182L	182	182			0.50624037	-0.016761245	0.506268	0.79264593	1.0263828	0.5663567	0.8356224		7	0.60239357	0.33503616	1.3133417	Binding_RAL	0.36267766	0.20171219	0.7907118
T182Q	T182Q	182	182	-0.53571564	0.13414295	-0.9162172	-0.2446803	-0.23958251	-0.28912553	-0.5122446	-0.37990385	-0.24305712	-0.14693753	10	-0.33733213	0.277841	1.0891367	Binding_RAL	-0.20309451	0.16727722	0.65572673
T182S	T182S	182	182	0.5433492	0.21696363	0.5525792	0.16244528	0.6451803	0.30864227	0.24789765	0.4372678	0.22519341	0.43601134	10	0.37755302	0.16785015	0.65797263	Binding_RAL	0.22730994	0.101056024	0.39613962
T182V	T182V	182	182	-0.17662355	0.4198161	0.083552025	0.22312585	-0.18445058	0.3374425	0.102591135	0.039758563	0.2679541	0.8598565	10	0.19730225	0.30660748	1.2019013	Binding_RAL	0.11878799	0.1845964	0.7236179
T182W	T182W	182	182	1.3511357	1.1656328	1.171615	1.3664488	0.6912144			1.6112794	1.4382857	1.5037284	8	1.2874177	0.28496715	1.1170713	Binding_RAL	0.7751039	0.1715676	0.672545
T19A	T19A	19	19	0.4840962	0.48910302	0.47277156	0.50154066	0.4654003	0.50861996	0.46780488	0.44974315	0.545715	0.50517166	10	0.48899665	0.027598351	0.10818554	Binding_RAL	0.2944058	0.01661589	0.06513429
T19C	T19C	19	19	0.55309	0.46955755	0.54686654	0.5199678	0.33102757	0.48780975	0.54564965	0.55929273	0.46519303	0.55173165	10	0.5030186	0.07026683	0.27544597	Binding_RAL	0.3028479	0.042304914	0.16583526
T19D	T19D	19	19	0.8089564	0.74831396	0.8269773	0.66900957	0.8751678	0.7904736	0.85022587	0.757146	0.7210738	0.84930557	10	0.7896649	0.065260366	0.25582063	Binding_RAL	0.47542644	0.03929072	0.15401962
T19E	T19E	19	19	2.1285	2.0695684	1.8121636	2.1449802	2.1161954	2.1838357	2.0358543	2.1895843	2.1799355	2.1367817	10	2.09974	0.112439595	0.44076324	Binding_RAL	1.2641715	0.06769549	0.26536632
T19F	T19F	19	19	3.0263348	3.2348742	3.5009875	3.1230445	3.5569422	2.9181898	3.0378363	3.4462624	3.3959842	3.0497797	10	3.2290235	0.2295432	0.89980936	Binding_RAL	1.944069	0.138199	0.5417401
T19G	T19G	19	19	1.1862985	1.1451164	1.0144999	1.0560051	1.1257968	1.1239607	1.1296934	1.1353953	1.0410864	1.0860937	10	1.1043947	0.053306162	0.20896016	Binding_RAL	0.66491294	0.03209356	0.12580675
T19H	T19H	19	19	2.7241888	3.2160966	2.4220078	2.7537174	2.9445016	2.679556	2.9337106	2.7499444	2.4965382	3.2452087	10	2.816547	0.272282	1.0673455	Binding_RAL	1.695733	0.16393037	0.6426071
T19I	T19I	19	19	0.430156	0.3326248	0.5426087	0.4365184	0.42168444	0.2724178	0.44193643	0.35344765	0.5869153	0.41896608	10	0.42372757	0.092772074	0.36366653	Binding_RAL	0.25510985	0.055854443	0.21894942
T19K	T19K	19	19	1.9683242	2.096187	1.885523	1.936703	1.9707216	1.9530132	2.2263877	2.0593956	2.0926938	2.1717474	10	2.0360696	0.110699885	0.43394357	Binding_RAL	1.2258381	0.06664808	0.26126048
T19L	T19L	19	19	0.6583329	0.7418534	0.66807085	0.61605966	0.6448177	0.49389163	0.502555	0.6499163	0.69140005	0.6297824	10	0.62966794	0.077538885	0.30395243	Binding_RAL	0.3790985	0.046683136	0.1829979
T19M	T19M	19	19	0.89072245	0.9673017	0.77220666	0.9499773	0.98407596	0.8791013	0.9620656	1.0284834	0.8334458	0.8938698	10	0.91612494	0.07686712	0.30131912	Binding_RAL	0.5515631	0.046278693	0.18141247
T19N	T19N	19	19	0.6256668	0.5924928	0.33468708	0.5892084	0.72482055	0.6964967	0.7079873	0.63219035	0.6359804	0.53859735	10	0.60781276	0.112183526	0.43975943	Binding_RAL	0.36594033	0.06754132	0.26476198
T19P	T19P	19	19	2.0721242	1.9792894	1.9102855	1.6993291	1.9270071	1.9390498	1.829261	1.8385055	2.059563	1.8570427	10	1.9111456	0.11224546	0.44000223	Binding_RAL	1.1506262	0.067578614	0.26490816
T19Q	T19Q	19	19	1.7199664	1.646124	1.4235934	1.5529572	1.6224915	1.3298004	1.5430661	1.6568503	1.4741066	1.6145201	10	1.5583476	0.11951271	0.46848983	Binding_RAL	0.93822026	0.07195394	0.28205943
T19R	T19R	19	19	2.6529102	2.921471	2.836815	2.8577976	2.5992546	2.3714817	2.4605184	2.6669028	2.7267265	3.0108287	10	2.7104707	0.20211071	0.792274	Binding_RAL	1.6318686	0.12168297	0.47699726
T19S	T19S	19	19	0.23787695	0.19499163	0.092596725	0.08402544	0.24705252	0.29458278	0.21430713	0.23531716	0.116765305	0.20742884	10	0.19249444	0.07108447	0.27865112	Binding_RAL	0.11589339	0.042797185	0.16776498
T19V	T19V	19	19	0.13507795	0.11045105	0.1436485	0.05600059	0.020356772	-0.023689011	0.07003521	0.08853017	0.14466152	0.04368696	10	0.078875974	0.056328256	0.22080676	Binding_RAL	0.047488146	0.033913046	0.13293914
T19W	T19W	19	19	3.324288	2.9880989	3.2792194	3.0577946	3.331556	2.6414886	3.047599	3.2086337	3.3317497	3.3256245	10	3.153605	0.22385636	0.8775169	Binding_RAL	1.8986624	0.13477518	0.5283187
T19Y	T19Y	19	19	2.6882136	2.696243	2.378648	2.4179275	2.3321936	2.8716085	2.5104198	2.6039019	2.9928253	2.8403409	10	2.6332324	0.22453763	0.8801875	Binding_RAL	1.5853665	0.13518535	0.52992654
T1A	T1A	1	1	-0.17318657	-0.14554888	-0.20745574	-0.075903885	-0.3568232	-0.2489285	-0.1572195	-0.2169814	-0.08878206	-0.24193583	10	-0.19127657	0.0827395	0.32433885	Binding_RAL	-0.11516015	0.049814224	0.19527176
T1C	T1C	1	1	-0.16681808	-0.04269799	-0.23460329	-0.123492405	0.044788565	-0.0013955798	-0.0671435	0.03313339	0.007664145	-0.09165074	10	-0.064221546	0.09114642	0.35729396	Binding_RAL	-0.038665287	0.0548757	0.21511276
T1D	T1D	1	1	-0.46931267	-0.39160413	-0.24132708	-0.2670326	-0.33335495	-0.30613717	-0.19074619	-0.25796926	-0.39377967	-0.7078129	10	-0.35590768	0.14917924	0.5847826	Binding_RAL	-0.21427812	0.089815	0.3520748
T1E	T1E	1	1	-0.37413335	-0.31193697	-0.31312218	-0.35040522	-0.20734635	-0.3266044	-0.33277145	-0.19510451	-0.5006204	-0.527505	10	-0.34395498	0.10667048	0.41814828	Binding_RAL	-0.20708187	0.064222135	0.25175077
T1F	T1F	1	1	0.084869035	-0.0667315	0.094136365	0.051943928	-0.18838327	0.007781819	0.08408199	-0.021882365	-0.18137321	-0.14335802	10	-0.027891522	0.11154546	0.4372582	Binding_RAL	-0.016792398	0.067157164	0.2632561
T1G	T1G	1	1	-0.2473437	-0.2126365	-0.21945505	-0.21737199	-0.21603592	-0.14774911	-0.2922811	-0.17803277	-0.1604685	-0.14523928	10	-0.20366137	0.04654087	0.18244022	Binding_RAL	-0.12261656	0.028020442	0.10984013
T1H	T1H	1	1	-0.40179312	-0.2907388	-0.24198902	-0.23356739	-0.19359136	-0.27690375	-0.03252449	-0.15210284	-0.04089307	-0.6123484	10	-0.24764521	0.1702243	0.66727924	Binding_RAL	-0.14909752	0.1024854	0.4017428
T1I	T1I	1	1	0.09251257	-0.30000106	0.10973597	-0.028239515	-0.07344519	-0.07033448	-0.20546156	0.11289933	-0.063224755	-0.15221351	10	-0.057777215	0.13763267	0.5395201	Binding_RAL	-0.034785405	0.08286326	0.32482398
T1K	T1K	1	1	-0.22277497	-0.22035442	-0.22144032	-0.21096303	-0.1973765	-0.20263067	-0.19274639	-0.20551676	-0.20567872	-0.20333764	10	-0.20828195	0.010366675	0.04063737	Binding_RAL	-0.12539843	0.006241371	0.024466174
T1L	T1L	1	1	-0.0031124314	-0.08736251	-0.107384495	-0.082701646	-0.0037982855	-0.10515359	-0.061991367	-0.052995518	0.010422781	-0.13353938	10	-0.06276165	0.049763	0.19507097	Binding_RAL	-0.03778634	0.02996036	0.11744461
T1M	T1M	1	1	-0.51294464	-0.5831941	-0.5699336	-0.30556908	-0.51521116	-0.41478634	-0.45827675	-0.42048788	-0.3993763	-0.38276175	10	-0.45625418	0.08823681	0.3458883	Binding_RAL	-0.27469283	0.05312394	0.20824584
T1N	T1N	1	1	-0.29608214	-0.19646862	0.12060094	-0.27391264	0.005378412	-0.12769888	0.15799744	-0.47966963	-0.15522993	0.12522435	10	-0.11198608	0.21123658	0.8280474	Binding_RAL	-0.06742245	0.1271773	0.498535
T1P	T1P	1	1	0.05861131	-0.25317034	-0.30221605	-0.025087466	-0.39767602	-0.17516612	0.19614674	0.14518242	-0.15201929	0.13022025	10	-0.07751746	0.2075928	0.8137638	Binding_RAL	-0.046670236	0.12498353	0.48993543
T1Q	T1Q	1	1	-0.2309757	-0.042999357	0.19989397	0.21841463	0.056128323	0.0487918	0.06730651	0.31685272	0.0010264929	0.11281874	10	0.074725814	0.15282807	0.59908605	Binding_RAL	0.044989496	0.09201182	0.36068633
T1R	T1R	1	1	-0.23564175	-0.26212823	-0.30743292	-0.13414018	-0.13485956	-0.19051889	-0.13004136	-0.2279134	-0.20825507	-0.12874158	10	-0.19596729	0.06324504	0.24792057	Binding_RAL	-0.11798426	0.038077373	0.14926331
T1S	T1S	1	1	-0.17463651	0.023340346	-0.09161951	-0.059397183	-0.22103968	-0.06265107	-0.16634047	-0.0181483	-0.17062347	-0.07036541	10	-0.10114813	0.07852903	0.3078338	Binding_RAL	-0.06089734	0.047279265	0.18533473
T1V	T1V	1	1	0.07404477	-0.027028259	-0.06722647	0.013920853	-0.0006691763	-0.0006777166	-0.09690042	-0.093783066	-0.072527096	-0.15918863	10	-0.04300352	0.06767601	0.26528996	Binding_RAL	-0.025890741	0.040745083	0.15972073
T1W	T1W	1	1	0.1443882	-0.17536312	-0.067303136	-0.17731595	0.034951918	-0.12939067	-0.07710754	-0.09473425	0.013828411	-0.038527362	10	-0.05665735	0.10001644	0.39206445	Binding_RAL	-0.03411118	0.060215995	0.2360467
T1Y	T1Y	1	1	-0.37737116	-0.214134	-0.2040854	-0.19711088	-0.36771038	-0.040305857	-0.11535109	-0.039533596	-0.3362164	-0.30428356	10	-0.21961024	0.1264092	0.49552408	Binding_RAL	-0.13221876	0.07610605	0.29833573
T34A	T34A	34	34	3.0235617	2.5742087	2.639497	2.7867587	2.5244768	2.9782126	3.1600506	2.4885387	2.3686762	2.6043315	10	2.714831	0.26098204	1.0230496	Binding_RAL	1.6344938	0.1571271	0.61593825
T34C	T34C	34	34	2.695597	2.86429	1.8001419	1.9147097	1.9356802	1.5814114	2.308696	2.7810245	2.712141	2.2557106	10	2.2849402	0.4622817	1.8121443	Binding_RAL	1.3756733	0.27832177	1.0910214
T34D	T34D	34	34	2.9503644	2.9853437	3.0244472	3.1973784	2.546278	2.5296469	2.9932864	2.8553362	2.0108066	2.6196826	10	2.771257	0.34804443	1.3643342	Binding_RAL	1.6684656	0.20954396	0.8214123
T34E	T34E	34	34	2.4726136	1.8181379	1.8154098	2.5003684	2.2612164	2.67626	2.1506338	1.774331	2.0551016	1.9670147	10	2.1491086	0.3200431	1.2545689	Binding_RAL	1.2938944	0.19268546	0.755327
T34F	T34F	34	34	1.4560484	1.6571946	2.6841497	2.5749984	3.194937	2.3664324	0.6467207	1.7690251	2.505266	2.013076	10	2.0867848	0.7332646	2.8743973	Binding_RAL	1.2563717	0.44147003	1.7305626
T34G	T34G	34	34	2.924877	3.1308064	2.7667577	3.1609108	3.2232401	3.214924	3.0588505	2.8747766	3.1692588	2.6620734	10	3.0186477	0.19932845	0.78136754	Binding_RAL	1.81741	0.12000788	0.4704309
T34H	T34H	34	34	2.9575837	2.0332587	2.296335	2.7899559	2.8799386	2.885888	2.499271	2.8858566	2.5147588	2.9391472	10	2.6681995	0.31712088	1.2431139	Binding_RAL	1.6064188	0.1909261	0.7484304
T34I	T34I	34	34	2.0761144	2.4630384	2.278441	1.7152451	2.6134279	2.6225178	2.472504	2.2215042	2.2564547	2.1961164	10	2.2915363	0.27269334	1.0689579	Binding_RAL	1.3796446	0.16417801	0.6435778
T34K	T34K	34	34	2.6715922	2.4265132	2.7178795	2.786074	2.6895456	2.6351304	2.2719674	2.585751	1.9016421	2.7481942	10	2.543429	0.27456343	1.0762887	Binding_RAL	1.5312992	0.16530393	0.6479914
T34L	T34L	34	34	2.8741415	2.7952266	2.7391758	3.1994562	2.6770859	2.6640117	2.8336008	2.6559358	2.7051353	2.9602988	10	2.8104067	0.16927321	0.66355103	Binding_RAL	1.6920362	0.1019128	0.39949816
T34M	T34M	34	34	1.2716757	2.161239	1.9324596	2.5931022	3.0930915	2.660942	2.2537906	2.3791666	1.8941748	2.10562	10	2.2345262	0.4972129	1.9490745	Binding_RAL	1.3453209	0.29935247	1.1734617
T34N	T34N	34	34	2.2246757	3.0681252	1.4229519	1.9288065	2.750487	2.131795	2.2351027	2.394214	2.3099887	2.5768912	10	2.3043036	0.45013466	1.7645279	Binding_RAL	1.3873312	0.27100852	1.0623534
T34P	T34P	34	34	2.0756898	1.2064803	2.2801158	2.4693604	2.3223104	2.311168	2.3979518	2.1507297	1.5593073	2.9585335	10	2.1731648	0.4863809	1.9066132	Binding_RAL	1.3083777	0.29283097	1.1478975
T34Q	T34Q	34	34	2.2190006	2.7878811	1.983507	2.9127953	2.9550216	3.006155	3.1221888	2.7374892	2.6512926	2.4653344	10	2.6840665	0.36378336	1.4260308	Binding_RAL	1.6159717	0.21901977	0.8585575
T34R	T34R	34	34	3.2251992	2.6269825	3.1221066	2.832437	3.010478	3.143476	2.9084382	2.7536197	2.9363573	2.6239953	10	2.9183087	0.21116655	0.82777286	Binding_RAL	1.7569999	0.12713514	0.49836978
T34S	T34S	34	34	1.870416	1.7947161	1.7607684	1.8156022	1.838596	1.8161416	1.8446076	1.8041468	1.8101403	1.8590605	10	1.8214195	0.03253907	0.12755315	Binding_RAL	1.0966055	0.019590504	0.07679478
T34V	T34V	34	34	2.7037902	2.3949928	3.057567	2.5115614	2.683574	2.542187	2.4964652	2.63303	2.3547435	2.6348152	10	2.6012726	0.19817872	0.7768606	Binding_RAL	1.5661247	0.11931568	0.46771747
T34W	T34W	34	34	2.305483	2.8693109	2.8125117	3.3627188	2.3442812	3.118155	3.0070415	2.9016268	3.4879174	3.3211286	10	2.9530177	0.3998497	1.567411	Binding_RAL	1.7778968	0.2407339	0.94367695
T34Y	T34Y	34	34	2.298771	2.0899322	2.581378	2.5859988	1.9952369	2.5884416	1.9391496	2.8194544	2.392242	2.3626394	10	2.3653245	0.2888643	1.1323482	Binding_RAL	1.4240695	0.17391393	0.6817426
T49A	T49A	49	49	-0.18990208	-0.09798882	0.16544785	0.116088174	-0.13300705	-0.21663053	0.0027099901	0.0013029841	-0.029065546	-0.12518796	10	-0.050623298	0.12562396	0.49244592	Binding_RAL	-0.030478312	0.07563328	0.29648247
T49C	T49C	49	49	0.017714206	0.026570763	0.09776566	0.035772435	0.06013035	-0.01309681	0.10295879	0.21147652	0.004053105	-0.06528136	10	0.047806367	0.07629708	0.29908457	Binding_RAL	0.028782347	0.045935497	0.18006715
T49D	T49D	49	49	-0.51437104	-0.15123414	-0.12450256	-0.099724665	-0.17919917	-0.18773039	0.030289251	-0.10882307	-0.07918487	-0.25083467	10	-0.16653153	0.14332207	0.56182253	Binding_RAL	-0.100262135	0.08628862	0.3382514
T49E	T49E	49	49	-0.11502345	-0.18127023	-0.24605025	-0.12874222	0.11690418	-0.14303204	-0.080531426	-0.061056316	-0.03251465	-0.06381596	10	-0.093513235	0.097311035	0.38145927	Binding_RAL	-0.05630067	0.058587175	0.22966173
T49F	T49F	49	49	0.120723344	0.10427787	0.106067844	0.16674687	0.29455313	0.18708402	0.20477326	0.19714616	0.12204899	0.08172012	10	0.15851417	0.064438015	0.25259703	Binding_RAL	0.095435195	0.038795613	0.1520788
T49G	T49G	49	49	-0.11497198	-0.17172417	-0.16775315	0.13145986	-0.010595796	0.11741464	-0.057316065	0.06746326	-0.08064991	-0.01727535	10	-0.030394863	0.109254956	0.42827943	Binding_RAL	-0.018299561	0.06577814	0.25785032
T49H	T49H	49	49	-0.07923867	0.040381987	-0.14668831	0.0012588283	-0.34168938	-0.25915188	-0.17919138	-0.15439011	-0.12190801	-0.060736902	10	-0.13013539	0.11473838	0.44977447	Binding_RAL	-0.07834944	0.0690795	0.27079165
T49I	T49I	49	49	-0.24754418	-0.16629434	-0.3152922	-0.27378967	-0.22633354	-0.26766756	0.0020033696	-0.17493793	-0.37332767	-0.36135036	10	-0.2404534	0.10982369	0.43050888	Binding_RAL	-0.14476761	0.06612056	0.2591926
T49K	T49K	49	49	-0.024278285	-0.47863942	-0.46790755	0.118296176	0.0028190669	-0.1320067	-0.13912804	-0.10685728	-0.3910894	-0.094498776	10	-0.17132902	0.20525594	0.8046033	Binding_RAL	-0.10315052	0.12357659	0.48442024
T49L	T49L	49	49	-0.04837851	-0.12521783	-0.2041674	-0.32016182	-0.14226703	-0.16533759	-0.20912169	-0.121067435	-0.05019351	-0.22203001	10	-0.16079429	0.08262515	0.3238906	Binding_RAL	-0.096807964	0.049745377	0.19500189
T49M	T49M	49	49	-0.25809255	-0.25582874	-0.18998146	-0.19687702	-0.11908037	-0.085510515	-0.36263993	-0.18611154	-0.34030086	-0.09470672	10	-0.20891297	0.09596225	0.37617204	Binding_RAL	-0.12577835	0.057775125	0.22647849
T49N	T49N	49	49	-0.080525234	-0.21887362	-0.10534744	-0.12745818	-0.40108228	-0.20594375	-0.35161704	-0.18443555	-0.29642925	-0.23602526	10	-0.22077374	0.10479195	0.41078445	Binding_RAL	-0.13291925	0.063091144	0.24731728
T49P	T49P	49	49	-0.1881946	-0.23414887	-0.1780174	-0.09656018	-0.08705767	-0.1598597	-0.116482526	-0.13197964	-0.0370862	-0.19646177	10	-0.14258486	0.059671447	0.23391208	Binding_RAL	-0.08584478	0.03592585	0.14082934
T49Q	T49Q	49	49	-0.19876073	0.03307924	-0.34432042	-0.31184706	-0.24111408	0.078966305	-0.040018052	-0.3748424	-0.3203442	-0.06953478	10	-0.17887363	0.16679427	0.65383357	Binding_RAL	-0.10769283	0.10042032	0.39364767
T49R	T49R	49	49	-0.2640851	-0.11862587	-0.08484699	-0.13714886	-0.11540564	-0.06996091	-0.17799051	-0.088994	-0.13395464	-0.05690321	10	-0.12479158	0.060633566	0.23768358	Binding_RAL	-0.07513214	0.036505103	0.14310001
T49S	T49S	49	49	-0.08463343	-0.09475644	-0.04779111	-0.08741675	-0.13197692	-0.108607925	-0.17231192	-0.053758193	-0.12279345	-0.039789584	10	-0.09438357	0.04142069	0.16236912	Binding_RAL	-0.05682466	0.02493778	0.0977561
T49V	T49V	49	49	-0.30331865	-0.15641695	-0.17751199	-0.09150239	-0.11315338	-0.09478682	-0.11435307	-0.007783343	-0.22251223	-0.17318021	10	-0.14545192	0.08111556	0.317973	Binding_RAL	-0.08757092	0.04883651	0.19143912
T49W	T49W	49	49	0.2665734	0.30894345	-0.2531425	0.05419427	0.12088179	0.11472231	0.21238787	0.33643618	0.32560053	0.2534437	10	0.17400411	0.1785971	0.7001006	Binding_RAL	0.10476108	0.10752634	0.42150325
T49Y	T49Y	49	49	-0.22468273	-0.2716909	-0.07793444	-0.12000758	-0.30543107	-0.12308007	-0.119832106	-0.26475915	-0.070440024	-0.15269352	10	-0.17305516	0.08593543	0.3368669	Binding_RAL	-0.10418975	0.051738366	0.2028144
T57A	T57A	57	57	0.64227414	0.6571444	0.6116379	0.6623514	0.6737319	0.59618145	0.6123589	0.5635138	0.5837104	0.671533	10	0.62744373	0.039244853	0.15383983	Binding_RAL	0.3777594	0.023627795	0.09262096
T57C	T57C	57	57	0.8229074	0.8272739	0.5934071	0.60374844	0.6758969	0.6948985	0.6720635	0.59701806	0.6754926	0.7277899	10	0.6890496	0.084391795	0.33081585	Binding_RAL	0.41484988	0.050809007	0.1991713
T57D	T57D	57	57	2.454984	2.6151586	2.284931	3.1541333	3.1328883	2.8910832	3.1836681	2.689594	2.462764	2.9675338	10	2.7836738	0.3268606	1.2812936	Binding_RAL	1.6759413	0.19679001	0.77141684
T57E	T57E	57	57	-0.016168863	0.16451667	0.015182571	0.36066446	0.09968726	-0.0467521	0.18810946	0.23042114	0.28946173	0.036512654	10	0.1321635	0.1369056	0.53666997	Binding_RAL	0.07957048	0.08242552	0.32310805
T57F	T57F	57	57	3.668129	2.8262591	2.9878356	2.694829	3.963285	3.0611007	3.6222389	3.340989	3.706159	3.0947242	10	3.296555	0.42598256	1.6698517	Binding_RAL	1.9847271	0.2564675	1.0053526
T57G	T57G	57	57	1.0464901	1.0268995	0.9636044	1.0854113	1.0496746	1.0488874	0.99241024	0.98586667	1.0326573	1.062827	10	1.0294728	0.037927978	0.14867768	Binding_RAL	0.6198054	0.022834955	0.089513026
T57H	T57H	57	57	3.4349859	2.8728049	2.966786	3.0281596	2.862968	3.2779446	3.1695845	2.8021722	2.7414167	3.2128582	10	3.036968	0.22845392	0.8955394	Binding_RAL	1.82844	0.13754319	0.5391693
T57I	T57I	57	57	0.9827441	0.93037117	0.99307215	0.80694216	1.0013216	1.1038103	1.0978603	1.0757704	1.106955	1.1197882	10	1.0218636	0.09976073	0.39106208	Binding_RAL	0.6152242	0.060062043	0.23544322
T57K	T57K	57	57	2.3273907	2.2278383	2.9881456	2.1275458	2.3867166	2.7513704	2.7178106	3.2552302	2.7003622	2.9869077	10	2.646932	0.37059158	1.452719	Binding_RAL	1.5936143	0.22311872	0.8746254
T57L	T57L	57	57	2.1060257	2.1502838	1.96693	1.8439662	1.800648	1.8285854	1.8417065	1.7960846	1.7513654	1.8595014	10	1.8945097	0.13552627	0.531263	Binding_RAL	1.1406103	0.08159508	0.3198527
T57M	T57M	57	57	2.2047665	2.2962081	2.367744	2.0233004	2.316179	2.1500094	2.4933727	2.2875712	1.9605272	2.2963352	10	2.2396016	0.15962365	0.62572473	Binding_RAL	1.3483768	0.09610317	0.37672442
T57N	T57N	57	57	2.5981636	2.72604	2.2556033	2.400185	2.4479623	2.4958365	2.4996092	2.1097176	2.9126828	2.8279173	10	2.527372	0.24850963	0.97415775	Binding_RAL	1.521632	0.14961796	0.5865024
T57P	T57P	57	57	1.5246006	1.6099045	1.4155666	1.6090628	1.4445379	1.5137665	1.5298463	1.5351611	1.496548	1.521785	10	1.520078	0.061060835	0.23935847	Binding_RAL	0.9151796	0.036762346	0.1441084
T57Q	T57Q	57	57	2.2405975	2.5817575	1.7396294	2.3821747	2.9308813	2.468402	1.8267212	2.309614	1.854472	2.2585933	10	2.2592843	0.3708506	1.4537344	Binding_RAL	1.3602269	0.22327466	0.8752367
T57R	T57R	57	57	2.6819816	2.5442731	2.1964471	2.564547	2.3801973	2.4662814	2.6283772	2.6039205	2.4263992	2.8299181	10	2.5322342	0.17576197	0.68898696	Binding_RAL	1.5245594	0.10581942	0.41481212
T57S	T57S	57	57	-0.03521691	-0.043848697	-0.02597195	-0.06198801	-0.018333176	-0.0035782615	-0.014041745	-0.04812495	0.12259775	0.011817639	10	-0.01166883	0.052015312	0.20390002	Binding_RAL	-0.007025347	0.03131639	0.12276024
T57V	T57V	57	57	0.4503712	0.48757675	0.45222402	0.5825452	0.40567687	0.4664943	0.52081496	0.4894555	0.49921557	0.4590032	10	0.48133773	0.04769825	0.18697713	Binding_RAL	0.28979465	0.028717253	0.112571634
T57W	T57W	57	57	3.5098367	3.679934	3.4262445	3.5533013	3.2782583	4.136645	3.1601992	3.1462624	3.0081675	3.2108293	10	3.410968	0.33033425	1.2949103	Binding_RAL	2.0536108	0.19888136	0.7796149
T57Y	T57Y	57	57	2.5718575	2.314791	2.7261622	2.6391363	2.3599286	2.6198065	2.6721346	2.759903	2.6708956	3.1594942	10	2.6494107	0.23142773	0.9071967	Binding_RAL	1.5951068	0.1393336	0.54618776
T73A	T73A	73	73	-0.11915807	0.097641766	0.011852686	-0.12612022	-0.067023754	-0.103938214	-0.1596084	-0.0018469322	-0.03676285	-0.027930612	10	-0.053289462	0.077665165	0.30444744	Binding_RAL	-0.032083504	0.046759166	0.18329594
T73C	T73C	73	73	0.10677337	-0.021274518	0.15227722	0.1498465	0.25647292	0.1977631	0.15880865	0.16455972	-0.010992174	0.10305814	10	0.1257293	0.08650461	0.33909807	Binding_RAL	0.0756967	0.05208105	0.20415771
T73D	T73D	73	73	-0.16349243	-0.071847446	-0.25766796	-0.17081827	-0.34018025	-0.13215566	-0.0948762	0.09839851	-0.16437612	-0.15578388	10	-0.14527997	0.11525836	0.45181277	Binding_RAL	-0.0874674	0.06939256	0.27201885
T73E	T73E	73	73	-0.030212285	-0.26094252	-0.0971497	-0.10284092	0.3020557	0.008575461	0.06266367	-0.056952413	0.007502447	0.07851666	10	-0.00887839	0.1464136	0.5739413	Binding_RAL	-0.0053453324	0.08814991	0.34554768
T73F	T73F	73	73	0.3569651	0.5312349	0.5819323	0.22553106	0.59036064	0.54080194	0.630041	0.3601371	0.5453015	0.10538735	10	0.4467693	0.1761373	0.69045824	Binding_RAL	0.26898235	0.106045395	0.41569796
T73G	T73G	73	73	0.0950669	-0.03432941	0.0641946	-0.026437387	0.018924702	0.07503793	0.015199119	0.123148784	0.009504527	0.09295036	10	0.043326013	0.05413999	0.21222876	Binding_RAL	0.026084902	0.032595575	0.12777466
T73H	T73H	73	73	-0.11134409	-0.04741873	-0.0676359	0.2737612	-0.05957059	0.42012143	0.05890835	0.092587054	-0.05979202	0.044391956	10	0.05440087	0.17068824	0.6690979	Binding_RAL	0.03275264	0.102764726	0.40283772
T73I	T73I	73	73	-0.029314516	-0.061414324	0.17410192	0.03429763	0.14060664	0.07108137	-0.014334916	0.00832363	0.09550458	0.08565831	10	0.05045103	0.076173656	0.29860073	Binding_RAL	0.030374596	0.045861185	0.17977585
T73K	T73K	73	73	-0.06339651	-0.16523209	-0.13307463	-0.061564133	0.0148863	0.058578	-0.046070784	-0.1592147	0.0378734	-0.18377353	10	-0.07009886	0.08820001	0.34574404	Binding_RAL	-0.042203788	0.053101785	0.208159
T73L	T73L	73	73	0.33820763	0.2559948	0.35014012	0.42555374	0.4125948	0.3182058	0.3557739	0.41286775	0.338804	0.3736277	10	0.358177	0.05122291	0.2007938	Binding_RAL	0.2156444	0.030839315	0.12089012
T73M	T73M	73	73	0.41815078	0.213403	0.4151017	0.5482336	0.5137066	0.35940745	0.46929333	0.39803535	0.26806027	0.40958604	10	0.4012978	0.102314696	0.4010736	Binding_RAL	0.24160574	0.061599687	0.24147078
T73N	T73N	73	73	-0.15927616	-0.12171489	-0.2998552	-0.07208129	-0.33399287	-0.11244569	-0.08476666	-0.038116597	-0.34418017	-0.13244537	10	-0.16988747	0.11328919	0.44409364	Binding_RAL	-0.10228261	0.068207	0.26737145
T73P	T73P	73	73	0.31245703	0.16829954	0.14636564	0.018043825	0.25249434	0.27001885	0.20350707	0.099253215	0.15996395	0.23130067	10	0.18617041	0.08700367	0.3410544	Binding_RAL	0.11208594	0.052381516	0.20533554
T73Q	T73Q	73	73	0.4213059	0.056268003	0.050276883	0.08136161	0.02590502	0.30411842	0.37794766	0.11092247	-0.083514914	0.22432406	10	0.15689151	0.16642186	0.65237373	Binding_RAL	0.09445825	0.10019611	0.39276874
T73R	T73R	73	73	0.21173246	0.21296749	0.12018417	0.15250738	0.30381736	0.1979244	0.27820253	0.16535081	0.29096237	0.23268725	10	0.21663363	0.06110675	0.23953846	Binding_RAL	0.13042666	0.036789987	0.14421675
T73S	T73S	73	73	0.010136982	-0.063925266	-0.043669064	-0.0011419693	0.07190969	0.018145539	-0.05340482	0.009877373	0.034829464	-0.034836274	10	-0.0052078343	0.043079812	0.16887286	Binding_RAL	-0.003135434	0.025936674	0.10167176
T73V	T73V	73	73	0.20887752	0.11213749	0.100274846	0.23791713	-0.02894118	0.25928834	-0.017430069	0.004625631	0.2692594	0.12649387	10	0.12725028	0.114422426	0.44853592	Binding_RAL	0.07661243	0.068889275	0.27004597
T73W	T73W	73	73	0.2720078	-0.190393	0.20639767	0.27533966	-0.020800542	0.2804352	0.0019747687	0.11764578	0.261217	-0.040736075	10	0.11630882	0.16871639	0.66136825	Binding_RAL	0.070025004	0.10157755	0.398184
T73Y	T73Y	73	73	0.19260547	-0.13021505	-0.10785714	0.0061356444	-0.103378616	-0.09315354	-0.27029154	0.31851444	-0.06556393	0.053133596	10	-0.02000707	0.17085285	0.6697432	Binding_RAL	-0.012045477	0.10286383	0.40322623
T86A	T86A	86	86	-0.025935272	0.44691536	0.39008567	0.08062404	0.19904166	0.07644733	0.23093563	0.022835858	0.11010078	-0.19710511	10	0.1333946	0.19189666	0.75223494	Binding_RAL	0.080311686	0.11553349	0.4528913
T86G	T86G	86	86	0.16689478				-0.2554589	0.39046317	0.24890012	0.13302326	0.057782635	-0.1300538	7	0.08736447	0.22062261	0.8648407	Binding_RAL	0.05259874	0.13282827	0.5206868
T86N	T86N	86	86	0.3281395	0.06707309	0.46093738	0.13601649	0.09843611	-0.6333363	0.2762657	-0.9203915			8	-0.023357444	0.48887938	1.9164072	Binding_RAL	-0.014062605	0.2943352	1.1537939
T86R	T86R	86	86	-0.08968585	-0.048647955	0.1423651	0.2927779	0.29889506	0.28029913	0.51707435	0.40563446	0.34407774	0.18757604	10	0.23303661	0.19053191	0.7468851	Binding_RAL	0.14030224	0.11471183	0.44967037
T86S	T86S	86	86	0.47929657	0.1471617	0.14426781	0.0483472	0.11936311	0.44111356	-0.033788096	0.13485166	0.4890255	0.3526951	10	0.2322334	0.19058505	0.7470934	Binding_RAL	0.13981867	0.11474382	0.44979578
V102A	V102A	102	102	0.07497507	-0.18507922	-0.08835803	-0.21309571	0.180933	0.08194685	-0.20368087	-0.640004			8	-0.12404536	0.2564977	1.005471	Binding_RAL	-0.07468287	0.15442726	0.60535485
V102C	V102C	102	102	-0.47950667	-0.35813	-0.22091925	-0.11894992	-0.23355016	-0.19556011	-0.46496454	-0.123222955	-0.005919198	-0.35947117	10	-0.2560194	0.15602662	0.61162436	Binding_RAL	-0.1541393	0.09393754	0.36823517
V102D	V102D	102	102	-0.31501982	-0.48599687	-0.47299755	-0.13785362	-0.67977935	-0.72550505	-0.40785185	-0.2649758	-0.023755532	-0.8437743	10	-0.43575096	0.26181078	1.0262983	Binding_RAL	-0.26234865	0.15762605	0.6178941
V102E	V102E	102	102	-0.09709639	-0.119767375	0.15293169	0.2793202	-0.12861949	-0.5113434	0.22706503	-0.12786573	0.14060555	0.2863409	10	0.010157095	0.25206533	0.9880961	Binding_RAL	0.0061151907	0.1517587	0.5948941
V102F	V102F	102	102			-0.40126842	-0.824872	-0.6431521	-0.10112758	-0.9672082	-0.25909138	-0.25531462		7	-0.49314776	0.32422838	1.2709752	Binding_RAL	-0.296905	0.19520526	0.7652046
V102G	V102G	102	102	-0.25848562	-0.19631106	-0.28643155	-0.23194732	-0.28740254	-0.13283758	-0.4979003	-0.30853564	-0.30673692	-0.15525615	10	-0.26618448	0.1023017	0.40102267	Binding_RAL	-0.16025929	0.061591864	0.24144012
V102H	V102H	102	102	-0.087263435	0.045949813	-0.16493134	-0.0031159215	0.3147793	0.38702825	0.116088726	0.17263263	0.14861234	0.34429678	10	0.12740771	0.18480995	0.72445506	Binding_RAL	0.076707214	0.11126686	0.4361661
V102I	V102I	102	102	0.5033812	0.3346664				0.55308115	0.065785706	0.262845	-0.6387124	0.33943477	7	0.20292597	0.40406787	1.5839461	Binding_RAL	0.1221738	0.2432735	0.9536321
V102K	V102K	102	102	0.03834822	-0.107512675	0.20761952	-0.31236693	-0.22692442	-0.0071803145	0.33244818	-0.30380642	-0.114147425	-0.07708951	10	-0.057061177	0.20936082	0.82069445	Binding_RAL	-0.034354307	0.12604798	0.4941081
V102L	V102L	102	102	-0.14756095	-0.18928926	-0.08374665	-0.08446766	0.008722626	0.18333608	0.022846734	-0.24694729	-0.14484936	-0.7190867	10	-0.14010425	0.23774897	0.93197596	Binding_RAL	-0.0843513	0.14313938	0.5611064
V102M	V102M	102	102	-0.12895133	0.0074688625	-0.17004588	0.0138011165	-0.17521875	-0.18806879	0.1611947	0.11007951	0.07411513	-0.17642635	10	-0.04720518	0.13511272	0.52964187	Binding_RAL	-0.028420396	0.081346095	0.31887668
V102R	V102R	102	102	0.0906551	-0.3921398	-0.4037565	-0.11669762	-0.17089954	0.070281126	-0.011773714	0.0784941	0.060775466	-0.38197237	10	-0.11770338	0.20820165	0.8161505	Binding_RAL	-0.07086461	0.12535009	0.49137235
V102S	V102S	102	102	-0.11447336	-0.12317179	-0.026417041	-0.015461367	0.25909555	0.0028738386	0.2168651	0.0028942875	-0.08071765	-0.066619635	10	0.005486795	0.13082747	0.5128437	Binding_RAL	0.0033033853	0.078766115	0.30876318
V102W	V102W	102	102	-0.48601153	-0.5961153	0.051911645	-0.17094487	-0.31833172	-0.59315157	-0.44677013	-0.18938488	-0.42648235	-0.62703615	10	-0.38023168	0.22146277	0.8681341	Binding_RAL	-0.22892265	0.13333409	0.5226696
V102Y	V102Y	102	102	-0.0515417	0.250395	0.00952897	0.16246878	0.26067898	-0.07177047	0.25354242	0.33165795	0.084090345	0.2729109	10	0.15019612	0.1472674	0.5772882	Binding_RAL	0.09042722	0.08866396	0.34756273
V108A	V108A	108	108	-0.17174967	-0.29424286	-0.20451364	0.060583986	-0.21369827	-0.23811598	-0.12196503	-0.29512557	-0.29579446	-0.26741922	10	-0.20420408	0.10950808	0.4292717	Binding_RAL	-0.12294331	0.065930545	0.25844774
V108C	V108C	108	108	-0.1191968	-0.27858922	-0.123004824	-0.18772012	-0.1947637	-0.24917507	-0.31386676	-0.22914353	-0.13982384	-0.21709447	10	-0.20523784	0.06556092	0.2569988	Binding_RAL	-0.12356569	0.03947167	0.15472895
V108D	V108D	108	108	0.9459753	1.097053	0.32329324	0.5093945	0.57460225	0.73424953	0.47865587	0.83349293	0.78506094	1.0398862	10	0.7321664	0.2565835	1.0058074	Binding_RAL	0.44080883	0.15447892	0.6055574
V108E	V108E	108	108	0.19739756	0.48461658	0.38720882	0.24865188	0.68032914	0.316748	0.25447538	0.61814165	0.5115331	0.7832512	10	0.44823533	0.20044693	0.785752	Binding_RAL	0.269865	0.12068128	0.47307062
V108F	V108F	108	108	0.0042289314	0.06642257	-0.12740932	-0.00323711	0.020548759	-0.1710378	-0.2157987	0.15910372	-0.19768517	0.060203042	10	-0.040466107	0.12847891	0.5036374	Binding_RAL	-0.024363063	0.077352144	0.30322042
V108G	V108G	108	108	-0.068903856	0.2087505	-0.16161872	-0.044330657	0.022011353	0.3206296	0.062194526	0.08221742	-0.0040268777	-0.04503312	10	0.037189014	0.14084664	0.55211884	Binding_RAL	0.022390055	0.08479826	0.3324092
V108H	V108H	108	108	-0.4267986	-0.051405665	-0.2661087	0.22646523	-0.5560796	-0.254322	-0.53177863	-0.20363659	-0.43184525	-0.37712196	10	-0.28726318	0.23771375	0.9318379	Binding_RAL	-0.17294995	0.14311817	0.56102324
V108I	V108I	108	108	-0.1768184	-0.32356367	-0.1261397	-0.2517214	-0.22429258	-0.14336644	-0.055733528	-0.44952857	-0.29284155	-0.28917733	10	-0.23331833	0.113667	0.44557464	Binding_RAL	-0.14047186	0.06843446	0.2682631
V108K	V108K	108	108	-0.62120634	0.2871309	-0.07860589	-0.39497706	-0.58883744	-0.56537074	-0.5909344	-0.6058992	-0.3964929	-0.31844977	10	-0.3873643	0.2927502	1.1475809	Binding_RAL	-0.23321693	0.17625348	0.6909137
V108L	V108L	108	108	-0.01280696	0.104259364	-0.046187624	-0.11200124	-0.032396585	-0.18882596	-0.17774948	-0.06579049	0.01894769	-0.03523017	10	-0.054778147	0.08814974	0.345547	Binding_RAL	-0.032979786	0.053071517	0.20804036
V108M	V108M	108	108	0.20774722	0.093806036	-0.005810137	0.083169796	0.14636822	0.25700334	0.12763964	0.3066265	0.09484103	-0.0015158027	10	0.13098758	0.10226065	0.40086174	Binding_RAL	0.07886251	0.061567146	0.24134322
V108N	V108N	108	108	0.39928555	0.42462033	0.48045138	0.9103363	0.69556093	0.5708579	0.82098496	0.5226689	0.64673865	0.5065625	10	0.59780675	0.16908492	0.6628129	Binding_RAL	0.35991612	0.101799436	0.39905378
V108P	V108P	108	108	0.42431372	-0.14025679	0.15641692	-0.18284301	-0.1345111	0.17510228	0.13061017	0.20213433	0.31310642	0.26398703	10	0.12080599	0.20711435	0.8118883	Binding_RAL	0.072732575	0.12469547	0.48880625
V108Q	V108Q	108	108	0.970278	0.6215237	1.099112	0.46906197	0.81401485	0.828184	1.0273074	0.71507	1.0342177	1.4735729	10	0.9052342	0.2823561	1.106836	Binding_RAL	0.5450062	0.16999559	0.66638273
V108R	V108R	108	108	-0.10646086	-0.2166318	-0.16765814	-0.10447295	-0.113882855	-0.17251779	-0.029822951	-0.017261794	0.04042883	-0.22108476	10	-0.11093651	0.08733718	0.34236175	Binding_RAL	-0.06679054	0.05258231	0.20612265
V108S	V108S	108	108	0.07387291	-0.056083642	-0.010038591	0.19252956	-0.0109593365	-0.071332864	0.039474737	0.047658727	0.064385116	0.0921739	10	0.036168054	0.07772406	0.30467832	Binding_RAL	0.021775374	0.046794623	0.18343493
V108T	V108T	108	108	0.23448825	0.53245133	0.066419445	0.30737466	0.11754785	0.011252398	0.20674185	0.15327963	0.070286445	-0.05677152	10	0.16430703	0.16857442	0.6608117	Binding_RAL	0.09892285	0.101492085	0.397849
V108W	V108W	108	108	0.20317176	-0.036920667	0.049316607	-0.05600076	0.08786641	-0.3025152	-0.09405125	-0.28068337	-0.19653253	0.16549397	10	-0.046085507	0.17633599	0.6912371	Binding_RAL	-0.027746284	0.10616502	0.4161669
V108Y	V108Y	108	108	-0.06467463	-0.053306352	-0.004929353	0.058558326	0.071538284	0.015918242	0.08214666	-0.00033427746	0.14585786	0.01966761	10	0.027044237	0.064069815	0.25115368	Binding_RAL	0.016282279	0.038573936	0.15120983
V111A	V111A	111	111	-0.33323216	-0.0977346	0.012581204	0.20783941	0.12389757	0.023342278	-0.07671911	-0.1799256	-0.03273	-0.066028096	10	-0.041870914	0.15129258	0.59306693	Binding_RAL	-0.025208844	0.091087356	0.35706243
V111C	V111C	111	111	0.27755332	0.19590206	0.18461171	0.48652497	0.37662008	0.29312775	0.40263262	0.4999395	0.38736928	0.25089	10	0.33551714	0.11220215	0.43983245	Binding_RAL	0.20200178	0.06755254	0.26480594
V111D	V111D	111	111	-0.27486935	0.41824347	-0.20492552	0.82417214	-0.24530815	1.1485568	1.0241617	0.8484711	0.470434	0.66642684	10	0.46753627	0.53742546	2.1067078	Binding_RAL	0.28148535	0.3235629	1.2683666
V111E	V111E	111	111	1.4710239	1.2142041	1.2078283	0.76470494	1.3291847	0.9759611	0.88974416	0.9034655	0.83207947	1.0447526	10	1.063295	0.23258372	0.9117282	Binding_RAL	0.6401684	0.14002958	0.548916
V111F	V111F	111	111	-0.61630917	-0.58541924	-0.015942177	-0.8295775	-0.4239718	-0.76455915	-0.51716214	-0.27122048	-0.6383156	-0.56176066	10	-0.52242374	0.2380666	0.9332211	Binding_RAL	-0.31453094	0.1433306	0.561856
V111G	V111G	111	111	0.75913876	0.8425669	0.6505821	0.6177353	0.8522645	0.85613054	0.88259417	1.2436925	0.8419074	0.52988523	10	0.8076498	0.1951432	0.7649613	Binding_RAL	0.48625442	0.1174881	0.46055338
V111H	V111H	111	111	-0.20234774	0.7908072	0.41950583	-0.1328267	0.45772174	0.9894301	0.36113015	1.5580782	0.316882	0.13701394	10	0.4695395	0.5292517	2.0746667	Binding_RAL	0.28269142	0.31864178	1.2490758
V111I	V111I	111	111	-0.48053423	-0.3482258	0.070050806	-0.1981021	-0.45120704	-0.4011382	-0.43703288	-0.51124626	-0.2618668	-0.22768751	10	-0.324699	0.17616831	0.6905798	Binding_RAL	-0.1954886	0.10606407	0.41577116
V111K	V111K	111	111	0.70926654	-1.184468	-0.119875245	-0.47021946	1.0337346	0.69217944	0.47401205	-0.73706985	-0.25440565	0.6014143	10	0.07445687	0.73243594	2.871149	Binding_RAL	0.044827577	0.4409711	1.7286068
V111L	V111L	111	111	-0.057162456	-0.20552817	-0.4020941	-0.17803955	-0.022850724	-0.12715802	-0.38690576	-0.40604797	-0.30835643	-0.3399974	10	-0.24341407	0.14465566	0.5670502	Binding_RAL	-0.14655012	0.08709153	0.3413988
V111M	V111M	111	111	-0.64030963	-0.53360814	-0.30065113	-0.41949138	-0.47500733	-0.29985994	-1.0460408	-0.51709795	-0.5049751	-0.6515178	10	-0.5388559	0.21449062	0.84080327	Binding_RAL	-0.32442412	0.12913643	0.5062148
V111N	V111N	111	111	1.0252461	1.1805338	1.4058988	1.5501542	1.2321225	1.0449861	1.0902433	1.4074632	1.0991539	1.1657242	10	1.2201525	0.17743614	0.69554967	Binding_RAL	0.7346062	0.10682738	0.41876334
V111P	V111P	111	111	0.5758247	0.5986167	-0.3962394	-0.6086981	0.9072703	0.5295385	0.006565408	0.40799248	0.9507114	0.8046167	10	0.3776199	0.5388031	2.1121082	Binding_RAL	0.2273502	0.32439232	1.2716179
V111Q	V111Q	111	111	0.45442885	1.0365367	-0.56167954	-0.45301145	0.2337239	0.27323988	-0.15232098	-0.25767657	-0.30346313	0.5079338	10	0.07777115	0.5066345	1.9860072	Binding_RAL	0.046822973	0.30502483	1.1956973
V111R	V111R	111	111	0.3817343	0.32839552	1.0444021	0.3680452	0.12621748	0.93391716	1.6009338	0.4289813	0.5177976	0.565865	10	0.62962896	0.43956232	1.7230843	Binding_RAL	0.37907502	0.2646433	1.0374018
V111S	V111S	111	111	0.7588658	0.7541776	0.46654588	0.44256428	0.67064124	0.3709698	0.9104877	0.22237594	0.1363139	0.4781913	10	0.52111334	0.24847619	0.9740267	Binding_RAL	0.313742	0.14959782	0.58642346
V111T	V111T	111	111	-0.13984008	-0.07906778	-0.040812388	-0.16065677	0.18064952	0.18050309	0.4889076	0.25547937	-0.116371244	-0.12500389	10	0.04437874	0.21915816	0.8591	Binding_RAL	0.026718706	0.13194658	0.5172306
V111W	V111W	111	111	-0.42604265	-0.017628698	0.56634045	-0.4372681	0.5281927	0.31265685	-0.18976937	-0.57258385	0.35657352	-0.5069233	10	-0.038645253	0.4476551	1.7548081	Binding_RAL	-0.023266798	0.26951566	1.0565014
V111Y	V111Y	111	111	-0.30760688	-0.65280485	-0.03751365	-0.56674194	-0.7190513	-0.84584117	-0.36188537	-0.43390036	-0.497634	-0.68025005	10	-0.5103229	0.23597951	0.9250397	Binding_RAL	-0.30724552	0.14207405	0.5569303
V113A	V113A	113	113	0.10659671	0.19079727	0.12220274	0.18692781	0.28272542	0.07193016	0.017703407	0.17509829	0.19649845	0.14039208	10	0.14908724	0.07436692	0.29151833	Binding_RAL	0.0897596	0.04477342	0.1755118
V113C	V113C	113	113	0.10841947	0.060130276	0.1383841	-0.0060439184	0.1573422	0.08148213	0.055049244	0.12263203	0.062216517	0.07309753	10	0.085270956	0.047754977	0.18719952	Binding_RAL	0.051338315	0.028751409	0.11270552
V113D	V113D	113	113	0.95801854	1.1653785	0.6911332	0.68217427	0.27543283	-0.21777116	0.5553409	0.34144557	0.95020473	1.1024836	10	0.65038407	0.42889702	1.6812763	Binding_RAL	0.39157087	0.25822216	1.0122309
V113E	V113E	113	113	-0.22778653	-0.26410654	-0.4686176	0.7225422	0.28649646	1.4353907	-0.17406619	0.55132145	0.49151355	-0.16323078	10	0.21894565	0.58961827	2.3113036	Binding_RAL	0.13181864	0.35498616	1.3915458
V113F	V113F	113	113	0.12077309	0.23976283	0.06600033	0.035252117	-0.13408598	-0.25458318	-0.13050544	-0.080785684	0.005376809	-0.18142202	10	-0.031421717	0.15169062	0.5946272	Binding_RAL	-0.01891779	0.091327004	0.35800186
V113G	V113G	113	113	0.96221554	0.94944346	0.9146858	1.0194178	0.96036506	1.1931226	0.8980866	0.7008849	0.8634183	0.9953371	10	0.9456978	0.124522015	0.4881263	Binding_RAL	0.5693677	0.07496984	0.2938818
V113H	V113H	113	113	0.32400858	0.73762614	0.72254705	0.30440694	0.09193185	0.32704538	0.18283796	-0.069030985	-0.2338018	0.13845302	10	0.2526024	0.3078906	1.2069311	Binding_RAL	0.15208204	0.18536891	0.7266461
V113I	V113I	113	113	-0.3797672	-0.4311722	-0.25323868	-0.47431543	-0.3366206	-0.33415407	-0.34212914	-0.2695307	-0.33276555	-0.47408643	10	-0.362778	0.07697124	0.30172727	Binding_RAL	-0.21841449	0.04634138	0.18165821
V113K	V113K	113	113	-0.60120916	-0.054253776	0.5228441	0.48782268	1.2266904	-0.41043842	-0.40940925	-0.55898184	-0.1993127	-0.029077783	10	-0.0025325746	0.5840039	2.2892954	Binding_RAL	-0.0015247643	0.35160598	1.3782954
V113L	V113L	113	113	-0.19820423	-0.090359725	-0.07574186	-0.08001972	0.01916027	-0.1399588	-0.12544344	-0.12401323	-0.22628759	-0.10749117	10	-0.11483594	0.067944564	0.2663427	Binding_RAL	-0.06913824	0.040906772	0.16035455
V113M	V113M	113	113	-0.23221174	-0.08426922	-0.13096173	-0.110846356	0.071713045	0.05671918	-0.032886658	-0.07007112	-0.2316978	-0.12950437	10	-0.08940168	0.102924705	0.40346485	Binding_RAL	-0.05382526	0.06196695	0.24291044
V113N	V113N	113	113	-0.29614004	0.68031794	1.2727656	0.0143661015	0.19847505	-0.031429224	0.37710088	0.5714425	0.67322975	0.6663829	10	0.41265115	0.45634985	1.7888914	Binding_RAL	0.24844116	0.27475044	1.0770217
V113P	V113P	113	113	0.91973615	1.450045	0.40334263	0.7446541	1.5227817	0.70944744	0.9858013	0.27883658	-0.027087765	0.5203028	10	0.750786	0.4912712	1.9257832	Binding_RAL	0.45201895	0.2957752	1.1594388
V113Q	V113Q	113	113	-0.06660538	0.7458212	0.44692516	0.38040724	0.26122716	0.57098585	-0.26753068	0.116970845	0.7467525	0.20208998	10	0.3137044	0.33317193	1.306034	Binding_RAL	0.18886918	0.20058982	0.7863121
V113R	V113R	113	113	1.5128098	2.217637	0.86111635	1.2872884	1.8338095	0.5414126	0.7941524	-0.20199181	0.56524473	0.70615053	10	1.011763	0.70821464	2.7762015	Binding_RAL	0.609143	0.42638838	1.6714425
V113S	V113S	113	113	-0.088397935	-0.2728708	0.28796896	0.23882636	0.24217518	0.43026328	0.11541899	0.29493603	0.029952757	0.25548258	10	0.15337554	0.21009228	0.8235617	Binding_RAL	0.09234142	0.12648836	0.49583438
V113T	V113T	113	113	-0.20863162	-0.2355053	-0.40057462	-0.32774025	-0.17233554	0.07306525	-0.0093855485	-0.077194944	-0.08468912	-0.026061697	10	-0.14690533	0.14906691	0.5843423	Binding_RAL	-0.08844597	0.08974737	0.35180968
V113W	V113W	113	113	1.9637494	1.7492498	1.3808893	1.866049	1.823758	1.6060822	1.5528592	1.3182714	0.98839605	1.483108	10	1.5732412	0.29545474	1.1581826	Binding_RAL	0.9471871	0.17788176	0.6972965
V113Y	V113Y	113	113	1.1175593	0.7771802	0.710466	1.2872539	1.6007904	1.1252016	1.0166235	0.68042594	1.1099886	0.81412673	10	1.0239615	0.2886264	1.1314155	Binding_RAL	0.61648726	0.1737707	0.68118113
V124A	V124A	124	124	-0.247506	-0.34623876	-0.31667882	-0.37909165	-0.39411885	-0.42999685	-0.45964473	-0.48968232	-0.40962243	-0.35169572	10	-0.38242763	0.071021974	0.27840614	Binding_RAL	-0.23024476	0.04275956	0.16761748
V124C	V124C	124	124	-0.098907165	-0.18494414	-0.17313434	-0.21316065	-0.09448505	-0.15785423	-0.13415103	-0.17034382	-0.2001729	-0.13483135	10	-0.15619847	0.040177237	0.15749477	Binding_RAL	-0.094041005	0.024189146	0.09482145
V124D	V124D	124	124	-0.39887783	-0.37797335	-0.46536237	-0.38012484	-0.34974554	-0.41887265	-0.41241375	-0.31584376	-0.42699608	-0.49728873	10	-0.4043499	0.052995205	0.2077412	Binding_RAL	-0.2434433	0.031906344	0.12507287
V124E	V124E	124	124	-0.39156997	-0.30352747	-0.28516513	-0.2995435	-0.32830104	-0.24469405	-0.4992841	-0.33771774	-0.35515568	-0.19718006	10	-0.3242139	0.082573354	0.32368755	Binding_RAL	-0.19519652	0.049714193	0.19487964
V124F	V124F	124	124	-0.17675985	-0.2463017	-0.13953842	-0.03787354	-0.04733642	-0.06294521	-0.051552624	-0.10798619	-0.21726447	-0.25370774	10	-0.13412663	0.08498853	0.33315504	Binding_RAL	-0.08075241	0.051168274	0.20057964
V124G	V124G	124	124	-0.38044003	-0.2825113	-0.4152581	-0.41350612	-0.31598204	-0.39290884	-0.34817412	-0.355871	-0.3995809	-0.36334702	10	-0.36675796	0.042995196	0.16854118	Binding_RAL	-0.22081065	0.02588573	0.10147206
V124H	V124H	124	124	-0.4982411	-0.6127401	-0.60596234	-0.375826	-0.3930867	-0.60285443	-0.37350577	-0.5920049	-0.73530835	-0.37274712	10	-0.5162276	0.13113426	0.5140463	Binding_RAL	-0.3108005	0.078950815	0.3094872
V124I	V124I	124	124	-0.053698327	-0.10212087	0.010359934	-0.03525595	-0.015910372	0.021016346	0.05797001	0.08434059	0.043222204	0.0018778052	10	0.0011801368	0.05546664	0.21742924	Binding_RAL	0.0007105143	0.0333943	0.13090566
V124K	V124K	124	124	-0.34814703	-0.3514865	-0.35374588	-0.21178052	-0.18834001	-0.3030568	-0.4241442	-0.45784053	-0.41576192	-0.41838142	10	-0.34726846	0.09037877	0.3542848	Binding_RAL	-0.20907679	0.05441353	0.21330105
V124L	V124L	124	124	-0.14851573	-0.21567073	-0.22546571	-0.2548067	-0.27275193	-0.31223816	-0.12371844	-0.1900591	-0.2653721	-0.19031419	10	-0.21989128	0.058468528	0.22919664	Binding_RAL	-0.13238795	0.03520162	0.13799036
V124M	V124M	124	124	-0.32674557	-0.2816364	-0.34938174	-0.2406042	-0.09432136	-0.25499743	-0.37900934	-0.3269316	-0.36324805	-0.33272883	10	-0.29496047	0.083754405	0.32831728	Binding_RAL	-0.17758419	0.050425258	0.19766702
V124N	V124N	124	124	-0.44506377	-0.5225217	-0.32933354	-0.42884442	-0.26070654	-0.45235306	-0.57468235	-0.4443878	-0.37726694	-0.3667626	10	-0.4201923	0.09131143	0.35794082	Binding_RAL	-0.2529814	0.05497505	0.2155022
V124P	V124P	124	124	-0.626997	-0.59746045	-0.5127661	-0.43959862	-0.3233167	-0.5945452	-0.35834688	-0.5390006	-0.45703688	-0.49128053	10	-0.49403492	0.10151439	0.39793643	Binding_RAL	-0.29743913	0.061117854	0.23958199
V124Q	V124Q	124	124	-0.35371754	-0.57785714	-0.5446913	-0.49885178	-0.4415339	-0.43487933	-0.5154875	-0.26812506	-0.43401834	-0.304193	10	-0.4373355	0.102496244	0.40178528	Binding_RAL	-0.26330262	0.061708987	0.24189924
V124R	V124R	124	124	-0.36650681	-0.37146676	-0.38643304	-0.39647737	-0.44533366	-0.40576643	-0.29048198	-0.3095981	-0.24817957	-0.3375655	10	-0.35578093	0.059424784	0.23294516	Binding_RAL	-0.21420181	0.03577734	0.14024718
V124S	V124S	124	124	-0.2821522	-0.52555126	-0.43506438	-0.35605672	-0.36266837	-0.45152038	-0.36221817	-0.3735859	-0.2894529	-0.31023148	10	-0.3748502	0.076694794	0.3006436	Binding_RAL	-0.22568269	0.046174943	0.18100578
V124T	V124T	124	124	-0.20513365	-0.16044548	-0.19401735	-0.19374946	-0.3035532	-0.28602868	-0.18004422	-0.115887605	-0.19758105	-0.25138864	10	-0.20878294	0.05689986	0.22304745	Binding_RAL	-0.12570006	0.034257185	0.13428816
V124W	V124W	124	124	-0.17460866	-0.29115573	-0.3696797	-0.28110403	-0.2702768	-0.3077843	-0.28179374	-0.18934338	-0.30458772	-0.36808372	10	-0.2838418	0.06375256	0.24991004	Binding_RAL	-0.17089006	0.03838293	0.15046108
V124Y	V124Y	124	124	-0.2154086	-0.22188264	-0.20299487	-0.24844073	-0.20846717	-0.23855695	-0.15095359	-0.20990737	-0.22459073	-0.14643021	10	-0.2067633	0.03358371	0.13164815	Binding_RAL	-0.124484114	0.020219442	0.079260215
V13A	V13A	13	13	-0.22529581	-0.18122944	-0.21955147	-0.23191854	-0.14512411	-0.17906778	-0.053818777	-0.13765734	-0.09522324	-0.21777809	10	-0.16866645	0.06016151	0.23583312	Binding_RAL	-0.10154749	0.036220897	0.14198592
V13C	V13C	13	13	-0.1051639	-0.10815107	-0.0051982044	-0.10343642	-0.063098	-0.037248295	-0.12635607	0.031202964	-0.14871229	-0.13247684	10	-0.07986381	0.059323654	0.23254873	Binding_RAL	-0.048082884	0.035716455	0.14000851
V13D	V13D	13	13	-0.1561029	-0.1393819	-0.5298284	-0.15682702	-0.098202795	-0.21360472	-0.119442865	-0.16030252	-0.084428884	-0.26852888	10	-0.1926651	0.13011968	0.51006913	Binding_RAL	-0.11599614	0.07833998	0.30709273
V13E	V13E	13	13	-0.53876746	-0.29331672	-0.1568457	-0.22139645	-0.11887372	-0.10981217	-0.36626485	-0.30532983	-0.41782573	-0.37081194	10	-0.28992444	0.13944568	0.54662704	Binding_RAL	-0.17455219	0.0839548	0.32910284
V13F	V13F	13	13	-0.1931466	-0.3821452	-0.24585833	-0.17147344	-0.23965839	-0.4632067	-0.35495996	-0.30254275	-0.4123236	-0.22786663	10	-0.29931816	0.099295095	0.38923678	Binding_RAL	-0.18020779	0.0597817	0.23434427
V13G	V13G	13	13	-0.011293853	-0.115218386	-0.2169124	-0.12759982	-0.034297626	-0.09677999	-0.18656145	-0.042222284	-0.04966535	-0.21154672	10	-0.109209776	0.07587783	0.2974411	Binding_RAL	-0.06575094	0.045683082	0.17907768
V13H	V13H	13	13	-0.25362572	-0.29125693	-0.46780926	-0.34786534	-0.25200003	-0.2943842	-0.42590046	-0.33204657	-0.16791765	-0.29524434	10	-0.3128051	0.08674366	0.34003514	Binding_RAL	-0.18832773	0.05222497	0.2047219
V13I	V13I	13	13	-0.046727024	-0.19734624	-0.07052027	-0.15820995	-0.16292174	0.005398846	-0.13173866	0.046487004	-0.060021143	0.009917436	10	-0.07656817	0.08319672	0.32613117	Binding_RAL	-0.04609871	0.0500895	0.19635084
V13K	V13K	13	13	-0.43469948	-0.44246793	-0.34220114	-0.36410525	-0.22504361	-0.041674543	-0.16648059	-0.16451119	0.014783623	-0.06249101	10	-0.22288911	0.16630127	0.65190095	Binding_RAL	-0.13419284	0.1001235	0.39248413
V13L	V13L	13	13	-0.12069766	-0.106563106	-0.21320693	-0.12404933	-0.17158972	-0.11016285	-0.1646808	-0.11323188	-0.055047974	-0.15941094	10	-0.13386412	0.044140264	0.17302984	Binding_RAL	-0.08059436	0.026575131	0.10417452
V13M	V13M	13	13	-0.043370727	-0.159774	-0.040060457	0.0062313713	-0.098035336	-0.143527	-0.21052845	-0.13100329	-0.2278999	-0.15065382	10	-0.11986216	0.07580164	0.29714245	Binding_RAL	-0.07216433	0.04563721	0.17889786
V13N	V13N	13	13	-0.17964783	-0.14889081	-0.26792738	0.041374177	-0.04158981	0.0061975485	-0.19231246	-0.23253974	-0.10683703	-0.02024456	10	-0.114241794	0.10649871	0.41747496	Binding_RAL	-0.06878053	0.06411872	0.2513454
V13P	V13P	13	13	-0.30643168	-0.44183752	-0.33556193	-0.24416853	-0.394306	-0.11223984	-0.40565357	-0.27328038	-0.30578288	-0.5054509	10	-0.3324713	0.111686476	0.437811	Binding_RAL	-0.200168	0.06724207	0.26358894
V13Q	V13Q	13	13	-0.32382107	-0.28890836	-0.3894081	-0.18533511	-0.09014665	0.132544	-0.1609574	0.08935634	-0.34627575	-0.08405029	10	-0.16470024	0.17938529	0.7031903	Binding_RAL	-0.09915958	0.10800088	0.42336348
V13R	V13R	13	13	0.28040802	-0.005020557	-0.40331307	-0.017022101	0.09714955	-0.09921563	-0.18134819	-0.009576858	-0.13942486	0.28082755	10	-0.019653615	0.20771414	0.81423944	Binding_RAL	-0.011832674	0.12505658	0.4902218
V13S	V13S	13	13	-0.039574716	-0.04287319	-0.05204539	-0.050417557	-0.056091033	-0.03911171	-0.031453237	-0.039947618	-0.029134622	-0.039165173	10	-0.041981425	0.008655802	0.033930745	Binding_RAL	-0.025275378	0.0052113207	0.020428378
V13T	V13T	13	13	-0.07116152	-0.072437026	-0.14934535	-0.14983219	-0.16127087	-0.078318164	-0.19864227	-0.18720832	-0.19467944	-0.23724087	10	-0.1500136	0.058552016	0.22952391	Binding_RAL	-0.09031733	0.035251882	0.13818738
V13W	V13W	13	13	0.14977989	0.27284518	0.069608495	0.27095628	-0.07793146	0.1847196	-0.0609813	0.47846517	0.18636237	-0.14054893	10	0.13332753	0.18994328	0.7445777	Binding_RAL	0.0802713	0.11435744	0.44828117
V13Y	V13Y	13	13	-0.3067022	-0.51345015	-0.61833614	-0.24461141	-0.58038443	-0.45772463	-0.40760046	-0.24613729	-0.38766348	-0.06667338	10	-0.38292837	0.17040418	0.6679844	Binding_RAL	-0.23054622	0.102593705	0.40216732
V151A	V151A	151	151	0.037648942	-0.07508431	-0.048158325	-0.07875365	-0.11864993	0.020615542	-0.010056466	-0.029290212	0.06891609	0.029950198	10	-0.020286214	0.06015669	0.23581424	Binding_RAL	-0.0122135375	0.036217995	0.14197454
V151C	V151C	151	151	-0.016003603	0.061149675	-0.046788488	-0.03269024	0.26183504	0.009131398	0.0024867135	0.14388861	0.004300405	-0.04818884	10	0.03391207	0.09857015	0.386395	Binding_RAL	0.020417133	0.05934524	0.23263335
V151D	V151D	151	151	-0.50005496	-0.2991994	-0.1567537	-0.14706442	-0.21879989	-0.56169575	-0.13803531	-0.05329926	-0.16895156	-0.4689663	10	-0.27128202	0.17750727	0.6958285	Binding_RAL	-0.16332832	0.1068702	0.4189312
V151E	V151E	151	151	-0.6992164	-0.2951833	-0.3092786	-0.3943552	-0.7025404	-0.67935824	-0.49507606	-0.30622917	-0.7319775	-0.6938944	10	-0.53071094	0.18912455	0.7413683	Binding_RAL	-0.31952035	0.11386451	0.4463489
V151F	V151F	151	151	-0.7282752	-0.79023314	-0.37872937	-0.7097989	-0.69741046	-0.90553296	-0.8862178	-0.6790831	-0.559524	-0.6517049	10	-0.69865096	0.15335692	0.60115916	Binding_RAL	-0.42063048	0.09233022	0.36193445
V151G	V151G	151	151	-0.30667347	-0.34542492	-0.2748762	-0.4030084	-0.3212268	-0.24494922	-0.16656268	-0.43113178	-0.40889648	-0.44523406	10	-0.3347984	0.089860514	0.35225323	Binding_RAL	-0.20156905	0.054101508	0.21207792
V151H	V151H	151	151	-0.6127828	-0.55827904	-0.4901095	-1.0839185	-0.83770704	-0.460863	-0.5227672	-0.6977862	-0.7767348	-0.7750383	10	-0.68159866	0.19288398	0.75610524	Binding_RAL	-0.41036394	0.116127916	0.45522144
V151I	V151I	151	151	-0.07736373	0.041157812	-0.14113271	-0.14638537	-0.13321409	-0.032505594	-0.26038203	-0.15456231	-0.23333888	-0.12664464	10	-0.12643716	0.088279545	0.34605584	Binding_RAL	-0.07612288	0.05314967	0.20834671
V151K	V151K	151	151	-0.29015863	-0.5298691	-0.66385233	-0.47002125	-0.70429593	-0.553476	-0.8291222	-0.75893754	-0.59107697	-0.58104724	10	-0.59718573	0.15385833	0.6031247	Binding_RAL	-0.35954222	0.0926321	0.36311784
V151L	V151L	151	151	-0.30732664	-0.5559311	-0.3717314	-0.22355197	-0.120510586	-0.32013616	-0.21502452	-0.38212952	-0.19523413	-0.33457267	10	-0.30261487	0.12258098	0.48051745	Binding_RAL	-0.18219261	0.07380123	0.28930083
V151M	V151M	151	151	-0.273752	-0.40010148	-0.2936282	-0.21244359	-0.45047772	-0.2593502	-0.3904718	-0.33404353	-0.35348305	-0.46178427	10	-0.3429536	0.08342697	0.32703373	Binding_RAL	-0.20647897	0.050228123	0.19689424
V151N	V151N	151	151	-0.53442055	-0.8489528	-0.2947778	-0.374729	-0.465665	-0.19373783	-0.18039875	-0.4295899	-0.51592654	-0.66731614	10	-0.45055142	0.207267	0.81248665	Binding_RAL	-0.27125943	0.124787375	0.48916653
V151P	V151P	151	151	-0.5343519	-0.50924754	-0.49255106	-0.6219008	-0.32050845	-0.2868554	-0.55155176	-0.5839884	-0.49399006	-0.6156227	10	-0.5010568	0.11398533	0.4468225	Binding_RAL	-0.30166674	0.06862612	0.2690144
V151Q	V151Q	151	151	-0.87779784	-0.69422066	-0.76720554	-0.92505765	-0.9782467	-0.8459623	-0.883685	-1.0544977	-0.8315377	-0.8951598	10	-0.8753371	0.10160194	0.39827964	Binding_RAL	-0.5270063	0.061170563	0.2397886
V151R	V151R	151	151	-1.1385448	-0.9657935	-0.75435895	-0.67052925	-0.6485714	-0.788413	-0.696698	-0.7461889	-0.86519253	-0.8594607	10	-0.8133751	0.15039739	0.58955777	Binding_RAL	-0.48970142	0.090548396	0.3549497
V151S	V151S	151	151	-0.49837726	-0.3983217	-0.24306929	-0.039520703	-0.28105724	-0.3104809	-0.20223561	-0.2913028	-0.14049731	-0.35665423	10	-0.27615172	0.13045938	0.5114008	Binding_RAL	-0.16626017	0.078544505	0.30789447
V151T	V151T	151	151	-0.06236534	-0.00038690094	-0.029144282	-0.14632694	-0.30284825	-0.22803663	-0.2918434	0.03798398	-0.07733985	-0.12909558	10	-0.12294032	0.11925117	0.4674646	Binding_RAL	-0.07401757	0.07179648	0.2814422
V151W	V151W	151	151	-1.2217573	-1.0917226	-1.0747519	-0.731726	-1.0306956	-0.6054751	-0.65362626	-0.8681194	-1.1439402	-1.1153033	10	-0.9537117	0.22153382	0.8684126	Binding_RAL	-0.5741926	0.13337687	0.52283734
V151Y	V151Y	151	151	-0.49206242	-0.5613931	-0.28417647	-0.5977236	-0.5886486	-0.5784962	-0.4370018	-0.37898645	-0.6977795	-0.8303401	10	-0.5446608	0.1566633	0.6141201	Binding_RAL	-0.327919	0.094320856	0.36973777
V159A	V159A	159	159	0.07171106	0.11484982	0.10086551	0.029928064	-0.07861169	0.014507942	0.07837805	0.060688104	-0.111237586	0.009335398	10	0.029041465	0.07427114	0.29114288	Binding_RAL	0.017484734	0.044715755	0.17528576
V159C	V159C	159	159	-0.16170168	-0.07230345	-0.03727421	-0.024821725	-0.24639143	0.016808793	-0.26979786	-0.06939214	-0.27665228	-0.119656175	10	-0.12611821	0.107379995	0.42092958	Binding_RAL	-0.075930856	0.064649306	0.2534253
V159D	V159D	159	159	0.17627576	1.002516	0.06532472	0.33271492	0.0086979205	0.065820076	0.23410669	-0.11312507	-0.24495979	-0.028275613	10	0.14990956	0.3430525	1.3447659	Binding_RAL	0.090254694	0.20653853	0.80963105
V159E	V159E	159	159	-0.66174215	-0.43678823	-0.42005527	-0.6127946	-0.31517902	-0.44002515	-0.21401402	-0.13631177	-0.0822991	-0.4613378	10	-0.37805468	0.19100471	0.74873847	Binding_RAL	-0.22761197	0.11499648	0.4507862
V159F	V159F	159	159	-0.3814054	-0.2738852	-0.44377306	-0.4146834	-0.2004277	-0.14780593	-0.23892318	-0.17658551	-0.5897464	-0.47188413	10	-0.333912	0.14725937	0.57725674	Binding_RAL	-0.20103538	0.08865912	0.34754378
V159G	V159G	159	159	-0.3340648	-0.3789294	-0.3789561	-0.51358354	-0.24234512	-0.37407824	-0.26698962	-0.65498096	-0.25402278	-0.24533208	10	-0.36432827	0.13286431	0.5208281	Binding_RAL	-0.21934783	0.07999241	0.31357026
V159H	V159H	159	159	-0.5194511	0.06768032	-0.21749243	-0.1894825	-0.26298195	-0.489998	-0.26775202	-0.43143955	-0.6084437	-0.6261992	10	-0.35455602	0.21856473	0.8567738	Binding_RAL	-0.21346435	0.1315893	0.51583004
V159I	V159I	159	159	-0.0570535	-0.07252706	-0.0021371967	-0.13569455	0.012715864	-0.03419951	0.06316203	0.001238331	0.097170524	0.09019093	10	-0.0037134127	0.07430699	0.2912834	Binding_RAL	-0.0022357008	0.044737335	0.17537035
V159K	V159K	159	159	-0.58605236	-0.6691392	-0.47012734	-0.6016647	-0.46344355	-0.1918216	-0.29867893	-0.5347944	-0.29974172	-0.37594968	10	-0.44914135	0.15453088	0.60576105	Binding_RAL	-0.27041048	0.09303702	0.36470512
V159L	V159L	159	159	-0.17300789	-0.18863608	-0.22335264	-0.35682163	-0.08712785	-0.110799946	-0.11289103	-0.066437535	-0.15326111	-0.20014799	10	-0.16724837	0.08404867	0.3294708	Binding_RAL	-0.10069372	0.050602425	0.19836152
V159M	V159M	159	159	-0.40606573	-0.40878826	-0.104488194	-0.3155422	-0.22057667	-0.10298532	-0.33793825	-0.09198608	-0.3408712	-0.41691384	10	-0.27461556	0.13344945	0.52312183	Binding_RAL	-0.16533531	0.08034471	0.31495127
V159N	V159N	159	159	-0.4423761	-0.40200916	-0.4064521	0.14765294	0.057167895	0.3086145	0.2702549	0.26676968	0.19955727	0.62821287	10	0.06273927	0.36242086	1.4206898	Binding_RAL	0.037772864	0.21819945	0.85534185
V159P	V159P	159	159	1.1541561	0.17900477	1.2604837	0.49727437	0.70524263	0.22891766	1.2429255	1.0653232	0.8162183	0.3319918	10	0.7481538	0.4228025	1.6573858	Binding_RAL	0.4504342	0.2545529	0.9978474
V159Q	V159Q	159	159	-1.0763478	-0.64037204	-0.5990852	-0.5542853	-0.56943494	-0.36137035	-0.6096462	-0.4811379	-0.56234723	-0.3490304	10	-0.58030576	0.20090137	0.7875334	Binding_RAL	-0.34937945	0.12095488	0.47414315
V159R	V159R	159	159	-1.0309576	-0.78495437	-1.0105774	-0.9939659	-0.98316073	-1.1900828	-0.96280736	-1.0819873	-1.001697	-0.8065347	10	-0.9846724	0.11876863	0.46557304	Binding_RAL	-0.59283286	0.07150596	0.28030336
V159S	V159S	159	159	-0.48227254	-0.325269	-0.51537746	-0.47661492	-0.5334795	-0.36993408	-0.5136588	-0.37920082	-0.28189582	0.0049998276	10	-0.3872703	0.1632857	0.64008	Binding_RAL	-0.23316033	0.09830795	0.38536718
V159T	V159T	159	159	0.05543929	-0.052419756	-0.1156828	-0.21715656	-0.10219565	-0.03508883	-0.1075278	-0.0053759594	-0.19428213	-0.26757497	10	-0.10418651	0.10023347	0.39291522	Binding_RAL	-0.06272663	0.060346663	0.23655893
V159W	V159W	159	159	-0.1013306	0.0029735754	-0.0757966	-0.15560023	0.049486972	-0.25582787	-0.0126579	-0.23519365	-0.25582278	-0.18498121	10	-0.12247503	0.11218459	0.4397636	Binding_RAL	-0.073737435	0.067541964	0.26476452
V159Y	V159Y	159	159	-0.40494865	-0.16288821	-0.17308012	-0.21526814	-0.3298387	0.24334836	-0.032574132	-0.12592444	-0.27481967	-0.2697034	10	-0.1745697	0.18112704	0.71001804	Binding_RAL	-0.1051016	0.10904952	0.42747414
V185A	V185A	185	185	-0.435397	0.5380953	0.4623715	0.20304532	-0.9342363	-0.47489265	-0.7739596	-0.43225965	-0.6195503	1.2910376	10	-0.11757457	0.70951444	2.7812967	Binding_RAL	-0.070787065	0.42717096	1.6745102
V185C	V185C	185	185	0.36681747	0.58043903	0.29114726	0.68846416	0.7840781	0.84820265	0.31271663	0.49005443	0.055809576	0.4341546	10	0.4851884	0.24492915	0.9601223	Binding_RAL	0.292113	0.14746228	0.57805216
V185D	V185D	185	185	-0.59364355	-0.15229261	-0.8042758	-0.6688789	0.4008513	-1.1220115	-0.6787703	-0.96932274	-0.52149624	-0.81805515	10	-0.59278953	0.43677476	1.7121571	Binding_RAL	-0.35689545	0.26296502	1.0308229
V185E	V185E	185	185		-0.48322526	-0.73563606	-0.7147311	-0.67897975	-0.8135453	-0.83770686	-0.9004664			7	-0.73775584	0.13600492	0.5331393	Binding_RAL	-0.444174	0.08188326	0.3209824
V185F	V185F	185	185	0.60369456	0.8044149	1.0022044	0.7082512	0.5036833			0.92810386	0.81488	0.51495516	8	0.7350234	0.18507539	0.7254955	Binding_RAL	0.4425289	0.11142667	0.43679255
V185G	V185G	185	185	0.048281882	0.12288215	0.033533476	-0.03637229	-0.24502653	0.060133174	0.0385114	0.21792746	0.036905423	-0.10280869	10	0.017396744	0.12534985	0.49137142	Binding_RAL	0.0104739005	0.07546825	0.29583555
V185I	V185I	185	185	0.33317202	0.4113984	0.40272656	0.40868813	0.52288544	0.38512295	0.16663459	0.019511038	0.5709013	-0.105298184	10	0.31157425	0.21745358	0.85241807	Binding_RAL	0.1875867	0.13092032	0.5132077
V185L	V185L	185	185	0.22981817	-0.06294831	0.15471037	-0.020645702	0.12257267	0.026904192	0.07869679	0.17154586	-0.021664932	0.18762957	10	0.08666187	0.10169722	0.39865312	Binding_RAL	0.052175727	0.06122793	0.24001348
V185M	V185M	185	185	0.0005484973	0.62351185	0.37220728	0.1738996	0.46445593	0.33030248	0.27461487				7	0.31993437	0.20052974	0.7860766	Binding_RAL	0.19262	0.12073113	0.47326604
V185N	V185N	185	185				0.4451644	0.8451812	0.4433778	0.21986118	0.53285784	0.483258	0.52820593	7	0.49970087	0.18529063	0.7263393	Binding_RAL	0.3008504	0.11155626	0.43730056
V185Q	V185Q	185	185	0.08829063	-0.31487623	-0.41085207	-0.08936749	-0.12938881	-0.23327672	0.33104748	-0.42176777	-0.15436834	-0.25200003	10	-0.15865596	0.2304548	0.90338284	Binding_RAL	-0.095520556	0.13874784	0.54389155
V185S	V185S	185	185	0.14984608	-0.008240525	0.6037939	-0.24055758	-0.66333145	0.2836009	0.14156559	0.51229423	-0.2652346	-0.25970614	10	0.025403047	0.391468	1.5345546	Binding_RAL	0.015294183	0.2356876	0.9238954
V185W	V185W	185	185				0.14247411	0.39545986	0.25340214	0.29483443	0.13578679	-0.11110169	0.4677035	7	0.22550847	0.1920838	0.75296855	Binding_RAL	0.13576984	0.11564616	0.45333296
V185Y	V185Y	185	185	0.50266546	0.635224				0.5813962	0.46964407	0.59678966	0.16229832	0.64777493	7	0.51368463	0.16821447	0.65940076	Binding_RAL	0.30926946	0.10127537	0.39699945
V28A	V28A	28	28	-0.065052494	-0.054739166	-0.0765089	-0.04514061	-0.005609337	0.06734622	-0.06578902	0.022954926	0.007225971	-0.061577775	10	-0.027689015	0.047980104	0.18808201	Binding_RAL	-0.016670475	0.028886948	0.11323684
V28C	V28C	28	28	-0.15940124	-0.18417029	-0.11140688	-0.12866399	-0.07370832	-0.04793753	-0.054017805	-0.08114226	-0.04996621	0.009908859	10	-0.08805057	0.058301955	0.22854367	Binding_RAL	-0.05301181	0.03510133	0.13759722
V28D	V28D	28	28	-0.24581772	-0.1547445	-0.115790315	-0.13911265	-0.16432354	-0.088663705	-0.115863524	-0.1054982	-0.1490628	-0.11406089	10	-0.13929377	0.04441179	0.17409422	Binding_RAL	-0.08386335	0.026738605	0.104815334
V28E	V28E	28	28	0.02466075	-0.06221977	-0.014851124	-0.055789217	-0.055522513	-0.10056516	0.020140942	-0.088022865	-0.13265511	-0.10136761	10	-0.056619167	0.05268111	0.20650996	Binding_RAL	-0.03408819	0.03171724	0.124331586
V28F	V28F	28	28	0.08317589	0.04938756	-0.010559043	0.006307204	0.050783955	-0.043776013	0.098770626	0.03683359	-0.032298133	0.02249698	10	0.026112262	0.04695993	0.18408293	Binding_RAL	0.015721174	0.02827274	0.110829145
V28G	V28G	28	28	0.2964946	0.28640494	0.26309708	0.2737744	0.3456835	0.27368194	0.24965613	0.29201293	0.25596175	0.30913913	10	0.28459063	0.02842739	0.111435376	Binding_RAL	0.17134091	0.017115023	0.06709089
V28H	V28H	28	28	-0.2669524	-0.20342419	-0.09896794	-0.31042823	-0.058745563	-0.25551972	-0.16937241	-0.1333855	-0.29033378	-0.22397567	10	-0.20111056	0.08434697	0.33064014	Binding_RAL	-0.121080816	0.05078202	0.19906552
V28I	V28I	28	28	-0.052279294	0.059700325	-0.018873202	0.01950705	-0.027327089	-0.19568674	-0.022176735	-0.075732276	0.0056707724	-0.07296984	10	-0.0380167	0.06928627	0.27160218	Binding_RAL	-0.022888372	0.04171456	0.16352108
V28K	V28K	28	28	0.18564636	0.177558	0.22631787	0.2563632	0.14810827	0.18415487	0.1874269	0.09934661	0.2648972	0.20928001	10	0.19390994	0.049147166	0.19265689	Binding_RAL	0.116745606	0.029589592	0.1159912
V28L	V28L	28	28	0.19726488	0.21610564	0.14538446	0.16730008	0.21288475	0.19806823	0.17062338	0.29517952	0.23549432	0.2839132	10	0.21222183	0.04855515	0.1903362	Binding_RAL	0.12777048	0.029233161	0.114594
V28M	V28M	28	28	0.011641257	-0.11112722	-0.0050914846	0.0030469506	-0.060020935	-0.017230796	-0.0122976685	0.082215264	-0.008399483	-0.005055385	10	-0.012231951	0.049362473	0.19350089	Binding_RAL	-0.00736438	0.029719219	0.11649934
V28N	V28N	28	28	-0.059353862	-0.13235736	0.018681651	-0.062122453	-0.09252483	-0.25508538	-0.008119447	0.059657488	0.07425311	-0.059498504	10	-0.05164696	0.09711586	0.38069418	Binding_RAL	-0.031094618	0.058469668	0.22920111
V28P	V28P	28	28	-0.49149293	-0.46563482	-0.52212787	-0.4428853	-0.49193123	-0.30369598	-0.47615042	-0.44962916	-0.52011883	-0.5081126	10	-0.46717787	0.063603945	0.24932747	Binding_RAL	-0.28126955	0.038293455	0.15011035
V28Q	V28Q	28	28	-0.15629773	-0.1151301	-0.14898407	-0.16354714	-0.03651665	-0.17509416	-0.15927617	-0.1052913	-0.123075485	-0.16972055	10	-0.13529333	0.04214288	0.16520008	Binding_RAL	-0.081454836	0.025372583	0.09946053
V28R	V28R	28	28	0.07685876	0.10394026	0.074788325	0.13707319	0.14908646	0.12399936	0.11490648	0.16087393	0.10803535	0.1947449	10	0.124430716	0.037337728	0.1463639	Binding_RAL	0.07491488	0.022479588	0.08811998
V28S	V28S	28	28	-0.09406776	-0.11652807	-0.07173964	-0.11181064	-0.10107394	-0.121592104	-0.07259477	-0.09037429	-0.050955262	-0.10364677	10	-0.09343832	0.022473963	0.08809794	Binding_RAL	-0.056255564	0.013530696	0.05304033
V28T	V28T	28	28	-0.025186852	-0.13800369	-0.15710278	0.004731167	-0.12930211	0.00129633	-0.14416774	-0.048236053	-0.16682763	-0.08372799	10	-0.088652745	0.06705188	0.26284337	Binding_RAL	-0.053374358	0.04036932	0.15824774
V28W	V28W	28	28	0.16484414	0.36592406	0.13560715	0.1472505	0.11284966	0.28995785	0.16853	0.17691211	0.088808484	0.1590801	10	0.18097642	0.083882	0.32881743	Binding_RAL	0.10895884	0.050502077	0.19796814
V28Y	V28Y	28	28	-0.06968769	-0.16191588	-0.05192204	-0.19352603	-0.12911512	-0.15378554	-0.23271477	-0.059624117	-0.06429306	-0.21731752	10	-0.13339016	0.06886732	0.2699599	Binding_RAL	-0.08030901	0.041462325	0.16253231
V43A	V43A	43	43	-0.07669238	-0.21207576	-0.1585869	-0.0631829	-0.1686665	-0.119823135	-0.2838105	-0.180918	-0.13615665	-0.1992981	10	-0.15992108	0.06548644	0.25670683	Binding_RAL	-0.096282244	0.03942683	0.15455317
V43C	V43C	43	43	0.008153918	-0.085190244	0.0063294326	-0.081588335	-0.12723114	0.0072377846	-0.07747311	-0.08802096	0.09936399	-0.03605892	10	-0.037447758	0.06762692	0.26509756	Binding_RAL	-0.022545833	0.04071553	0.15960488
V43D	V43D	43	43	-0.100248635	0.02025217	-0.25181186	-0.22638191	-0.2475918	0.24045978	-0.16715339	0.071807876	-0.11796881	0.031345215	10	-0.07472914	0.16206716	0.63530326	Binding_RAL	-0.044991497	0.09757431	0.3824913
V43E	V43E	43	43	-0.04517884	-0.7400996	-0.22598338	-0.01216921	-0.018058062	-0.09048355	-0.0026039137	0.009091943	0.09974599	-0.081689596	10	-0.11074283	0.23654708	0.9272646	Binding_RAL	-0.066673934	0.14241576	0.5582698
V43F	V43F	43	43	-0.32594848	-0.40438578	-0.3457966	-0.57813	-0.7410357	-0.5337168	-0.5687319	-0.5837223	-0.6192543	-0.48213577	10	-0.51828575	0.12973672	0.5085679	Binding_RAL	-0.3120396	0.07810941	0.3061889
V43G	V43G	43	43	-0.42433363	-0.2796386	-0.26921847	-0.16328715	-0.40272668	-0.24922496	-0.345129	-0.3055369	-0.3675681	-0.23085141	10	-0.3037515	0.081592314	0.3198419	Binding_RAL	-0.18287693	0.049123548	0.19256431
V43H	V43H	43	43	-0.27519533	0.028626125	-0.4249017	-0.106413044	-0.14625083	-0.4293235	-0.14404014	0.051931202	-0.43317127	-0.22113474	10	-0.20998731	0.18048105	0.70748574	Binding_RAL	-0.12642516	0.10866059	0.42594954
V43I	V43I	43	43	-0.13324027	-0.26028454	-0.3901996	-0.12732276	-0.39294416	-0.32269755	-0.17543216	-0.10851439	-0.31900182	-0.13757634	10	-0.23672137	0.11322439	0.4438396	Binding_RAL	-0.1425207	0.068167984	0.2672185
V43K	V43K	43	43	-0.20251916	-0.2637033	-0.20885153	-0.009517557	-0.49601263	-0.3696253	-0.31395966	-0.43194312	-0.15135889	-0.4825741	10	-0.2930065	0.156105	0.6119316	Binding_RAL	-0.17640778	0.09398472	0.36842012
V43L	V43L	43	43	-0.28757983	-0.20951118	-0.30164835	-0.19114716	-0.1933533	-0.18658978	-0.35887137	-0.27940384	-0.32327348	-0.26852858	10	-0.2599907	0.061322678	0.2403849	Binding_RAL	-0.15653025	0.036919992	0.14472637
V43M	V43M	43	43	-0.38955867	-0.439589	-0.3094121	-0.52761227	-0.2706677	-0.25463405	-0.3882644	-0.27549317	-0.51282686	-0.3548313	10	-0.37228894	0.098181374	0.384871	Binding_RAL	-0.22414064	0.059111174	0.23171581
V43N	V43N	43	43	-0.40015626	-0.18139057	-0.4858935	-0.16507967	-0.44998628	-0.60270834	-0.44398737	-0.63804585	-0.59192747	-0.40285942	10	-0.43620342	0.16202976	0.6351567	Binding_RAL	-0.26262105	0.09755179	0.38240305
V43P	V43P	43	43	0.015929036	-0.26538804	0.13431932	-0.02555901	0.0754673	0.25035197	0.13037191	0.07786973	0.14710377	0.0002836901	10	0.054074973	0.13872837	0.5438152	Binding_RAL	0.03255643	0.08352294	0.32740992
V43Q	V43Q	43	43	-0.14034684	-0.3924894	-0.22411257	-0.86744523	-0.6093807	-0.7209049	-0.057514846	0.0350871	0.018215671	0.08048712	10	-0.28784046	0.34161535	1.3391322	Binding_RAL	-0.17329751	0.20567326	0.8062392
V43R	V43R	43	43	-0.23011722	-0.21019112	-0.37251565	-0.10180936	-0.1415056	-0.20447758	-0.23026402	-0.03255154	-0.2679711	-0.13650294	10	-0.1927906	0.09483476	0.37175226	Binding_RAL	-0.11607169	0.057096306	0.22381753
V43S	V43S	43	43	-0.30823773	-0.17068295	-0.40735102	-0.22283413	-0.2275486	-0.3050548	-0.15711531	-0.27045497	-0.021201529	-0.032922	10	-0.21234031	0.12158687	0.47662053	Binding_RAL	-0.12784182	0.07320271	0.2869546
V43T	V43T	43	43	-0.44212142	-0.32669732	-0.45886642	-0.5475332	-0.27803403	-0.059220824	-0.31428036	-0.30425426	-0.54105043	-0.18954323	10	-0.34616014	0.15459625	0.60601735	Binding_RAL	-0.20840952	0.09307637	0.36485937
V43W	V43W	43	43	-0.6154714	-0.31769797	-0.12912153	-0.35260034	-0.26935866	-0.23043463	-0.23325397	-0.19772439	-0.06174651	-0.25796142	10	-0.2665371	0.14900766	0.58411	Binding_RAL	-0.16047159	0.089711696	0.35166985
V43Y	V43Y	43	43	-0.726635	-0.6462544	-0.57653177	-0.45379525	-0.72633606	-0.3962748	-0.2922038	-0.5829855	-0.33301413	-0.3725219	10	-0.5106552	0.1618635	0.634505	Binding_RAL	-0.3074456	0.0974517	0.38201067
V44A	V44A	44	44	-0.22869271	-0.28334248	-0.23486343	-0.32883614	-0.26517534	-0.28432643	-0.22430272	-0.11837352	-0.15300652	-0.26796702	10	-0.23888865	0.06315798	0.24757929	Binding_RAL	-0.14382553	0.03802496	0.14905784
V44C	V44C	44	44	-0.049096476	-0.09634222	-0.24359357	-0.12381818	-0.16324602	0.01621339	-0.120632604	-0.10683173	-0.054731373	-0.1338024	10	-0.10758813	0.070225835	0.27528527	Binding_RAL	-0.06477461	0.042280234	0.16573852
V44D	V44D	44	44	-0.31568712	-0.23156291	-0.19809243	-0.19363536	-0.16472766	-0.29938725	-0.25478798	-0.32880354	-0.26841715	-0.24068773	10	-0.24957891	0.05466425	0.21428387	Binding_RAL	-0.15026172	0.03291121	0.12901194
V44E	V44E	44	44	-0.3746605	-0.16147138	-0.25951743	-0.036316093	-0.101550125	-0.19529158	-0.28306708	-0.21432886	-0.29664564	-0.31858936	10	-0.22414382	0.10366617	0.4063714	Binding_RAL	-0.13494824	0.062413357	0.24466036
V44F	V44F	44	44	0.05478722	0.24784017	-0.11222347	-0.11476527	0.14936067	0.13307668	-0.17970863	0.032249704	0.20397206	0.15064755	10	0.05652367	0.14753337	0.5783308	Binding_RAL	0.034030695	0.088824086	0.34819043
V44G	V44G	44	44	-0.15850359	-0.23549299	-0.13396889	-0.35620964	-0.29676792	-0.3325222	-0.14908731	-0.26124203	-0.16204965	-0.25706637	10	-0.23429103	0.08024279	0.31455174	Binding_RAL	-0.14105749	0.04831105	0.18937932
V44H	V44H	44	44	-0.089275	0.17479682	-0.05811974	-0.04935162	0.09503693	-0.008550983	-0.16388434	-0.120904595	0.08218905	-0.036658064	10	-0.017472154	0.10539064	0.4131313	Binding_RAL	-0.0105193015	0.06345159	0.24873023
V44I	V44I	44	44	-0.028991861	0.017138703	-0.0357748	-0.06120283	-0.15222903	-0.031447332	-0.062136527	-0.004332861	-0.007556418	-0.0019018581	10	-0.036843482	0.047945008	0.18794443	Binding_RAL	-0.022182023	0.028865818	0.11315401
V44K	V44K	44	44	0.021901928	-0.2165988	-0.1455742	-0.16072492	0.014484322	0.023646541	-0.03789294	0.04035177	-0.075126864	-0.10343451	10	-0.06389677	0.09053357	0.3548916	Binding_RAL	-0.03846975	0.05450673	0.21366638
V44L	V44L	44	44	-0.15979286	-0.014346465	0.03776263	-0.2921594	-0.010413867	-0.07218774	-0.20973606	-0.11420981	-0.06336045	-0.008916349	10	-0.09073605	0.103622764	0.40620124	Binding_RAL	-0.054628633	0.06238722	0.2445579
V44M	V44M	44	44	-0.104919225	-0.3143275	0.008681519	-0.14262281	-0.17718326	-0.4927159	0.21706147	-0.11525154	-0.182143	-0.05993914	10	-0.13633594	0.18728523	0.7341581	Binding_RAL	-0.08208255	0.112757124	0.44200793
V44N	V44N	44	44	-0.09126947	-0.15357381	-0.55138206	-0.3138936	-0.36976245	-0.33343694	-0.21084996	-0.6374033	-0.47747466	-0.17332801	10	-0.3312374	0.18072505	0.7084422	Binding_RAL	-0.19942512	0.108807504	0.4265254
V44P	V44P	44	44	-0.11109878	-0.095550135	-0.154245	-0.3358796	-0.24177344	-0.25543302	-0.18420097	-0.2460779	-0.18496574	-0.2763601	10	-0.20855847	0.075927615	0.29763627	Binding_RAL	-0.12556492	0.045713052	0.17919517
V44Q	V44Q	44	44	-0.16218087	-0.079002276	0.092749044	-0.2776802	-0.51215535	-0.048164975	-0.29040414	-0.7323491	-0.60650814	-0.7078477	10	-0.33235437	0.29209048	1.1449947	Binding_RAL	-0.20009759	0.17585628	0.6893566
V44R	V44R	44	44	-0.16335629	-0.037457373	-0.20984448	-0.16319962	-0.0009646017	-0.06548958	-0.07406255	-0.14830509	-0.018647864	-0.18020757	10	-0.1061535	0.0750285	0.29411173	Binding_RAL	-0.06391088	0.045171734	0.1770732
V44S	V44S	44	44	-0.29200596	-0.27332664	-0.19820774	-0.234599	-0.3282464	-0.20476715	-0.37520093	-0.31018153	-0.29994446	-0.06575905	10	-0.25822386	0.08721411	0.34187934	Binding_RAL	-0.15546651	0.052508213	0.2058322
V44T	V44T	44	44	-0.23593302	-0.2185879	-0.34337002	-0.3072519	-0.120834	-0.094845966	-0.17909569	-0.12542373	-0.13478138	0.060188346	10	-0.16999353	0.115453415	0.45257738	Binding_RAL	-0.10234647	0.06951	0.2724792
V44W	V44W	44	44	0.010863899	0.046184417	0.096619226	0.13087451	0.06341093	0.22761059	-0.10043282	0.16133495	-0.047247037	-0.040495016	10	0.054872356	0.10242615	0.4015105	Binding_RAL	0.033036504	0.061666787	0.2417338
V44Y	V44Y	44	44	0.131717	0.03497492	-0.058618445	-0.026918031	0.16409299	0.0763017	0.14001848	0.18920444	0.12961766	0.36461192	10	0.11450026	0.11996516	0.47026342	Binding_RAL	0.06893614	0.07222634	0.28312725
V6A	V6A	6	6	0.15519145	0.12663679	0.14691196	0.046584234	0.05674533	0.09663136	0.12496654	0.10091797	0.034991883	0.009584248	10	0.08991618	0.050222065	0.1968705	Binding_RAL	0.05413502	0.030236745	0.118528046
V6C	V6C	6	6	0.03979912	0.10084512	-0.11336872	0.28829598	-0.11422663	0.17443426	0.06384197	0.08445363	-0.031702895	0.03244299	10	0.05248148	0.123341694	0.48349944	Binding_RAL	0.03159705	0.07425922	0.29109615
V6D	V6D	6	6	0.6042339	0.7432553	0.59264815	0.5717193	0.76890945	0.26915854	0.04749864	1.2466326	0.6593985	0.84456986	10	0.6348024	0.32214597	1.2628123	Binding_RAL	0.38218975	0.19395152	0.76028997
V6E	V6E	6	6	0.507319	0.456463	0.5677954	0.43285033	0.5854046	0.71420276	0.5386442	0.35382956	0.47956884	0.53748626	10	0.51735634	0.09769595	0.38296813	Binding_RAL	0.31148005	0.058818918	0.23057017
V6F	V6F	6	6	0.2199398	0.3619042	0.5257197	0.6842302	0.2061349	0.52570266	0.29690868	0.3695267	0.52416265	0.43187287	10	0.41461024	0.15264489	0.598368	Binding_RAL	0.24962065	0.09190153	0.36025402
V6G	V6G	6	6	0.78843445	0.6996452	0.8227926	0.83307946	0.71414816	0.66956073	0.78480166	0.627006	0.6058472	0.8459603	10	0.7391276	0.08763219	0.34351817	Binding_RAL	0.44499987	0.05275992	0.2068189
V6H	V6H	6	6	-0.4113594	-0.83673346	-1.022085	-0.64735526	-0.83794445	-0.5484164	-0.69265103	-0.63468975	-0.3444102	-0.9180555	10	-0.6893701	0.21799788	0.8545517	Binding_RAL	-0.41504282	0.13124801	0.5144922
V6I	V6I	6	6	-0.6639698	-0.51284045	-0.64629006	-0.46521467	-0.35201246	-0.67633426	0.03760149	-0.4291213	-0.4589214	-0.53067845	10	-0.46977812	0.20821731	0.8162119	Binding_RAL	-0.28283507	0.12535952	0.49140933
V6K	V6K	6	6	-0.08514955	-0.077839434	-0.27742746	0.032709256	-0.76216274	-0.6222976	-0.31655687	-0.32620564	-0.5124975	-0.1752641	10	-0.31226915	0.25481167	0.9988618	Binding_RAL	-0.18800507	0.15341216	0.6013757
V6L	V6L	6	6	0.21984117	0.23474327	0.27441487	0.35110196	0.28878504	0.23819868	0.40107632	0.33076194	0.24446708	0.10831409	10	0.26917043	0.081227094	0.31841022	Binding_RAL	0.16205701	0.048903663	0.19170237
V6M	V6M	6	6	0.26182303	0.2944338	0.22466606	0.09442277	0.34365022	0.13706042	0.16516119	0.12560539	0.28307295	0.19062077	10	0.21205166	0.08258096	0.3237174	Binding_RAL	0.12766802	0.049718775	0.1948976
V6N	V6N	6	6	0.018484369	0.083797306	0.3124892	-0.03320601	-0.014738787	0.021469567	0.25732133	-0.15642346	0.02183198	-0.17177767	10	0.03392478	0.15490206	0.60721606	Binding_RAL	0.020424787	0.09326048	0.3655811
V6P	V6P	6	6	0.0022820982	0.673348	0.08693206	0.5260708	0.70374835	0.6420727	0.7399405	0.30595863	0.5524028	0.4095616	10	0.4642318	0.2590861	1.0156175	Binding_RAL	0.27949584	0.15598562	0.61146367
V6Q	V6Q	6	6	-0.46734858	-0.4685197	-0.30637947	-0.0054246457	-0.21951833	-0.040498886	-0.19601604	-0.06496288	-0.2719031	-0.01778385	10	-0.20583554	0.17475665	0.6850461	Binding_RAL	-0.123925544	0.105214156	0.4124395
V6R	V6R	6	6	-0.07724908	-0.35694462	-0.34670097	-0.3812124	-0.16996606	-0.2399937	-0.1812552	-0.15925054	-0.21661545	-0.40420255	10	-0.25333905	0.11160254	0.43748197	Binding_RAL	-0.15252556	0.067191534	0.2633908
V6S	V6S	6	6	-0.15516573	-0.27665865	0.08777138	-0.0449414	-0.17217503	-0.29479924	0.006557115	-0.054023895	0.14666514	-0.21924925	10	-0.09760195	0.15061793	0.5904223	Binding_RAL	-0.058762327	0.09068117	0.3554702
V6T	V6T	6	6	0.0838083	-0.12703846	0.0023695074	0.012139814	-0.0037468134	0.20137815	0.1982093	-0.17511421	0.16826859	0.2436585	10	0.060393266	0.14338952	0.56208694	Binding_RAL	0.036360428	0.08632924	0.33841062
V6W	V6W	6	6	0.07928291	0.33733037	0.001458892	0.20473677	0.22672328	0.13060403	0.11960454	0.049691256	-0.12411662	0.06617273	10	0.109148815	0.12818445	0.50248307	Binding_RAL	0.06571424	0.07717486	0.30252546
V6Y	V6Y	6	6	0.6387645	0.5147885	0.51529944	0.62656826	0.6584735	0.5470505	0.58853936	0.6033293	0.34352043	0.17006275	10	0.52063966	0.15299097	0.5997246	Binding_RAL	0.31345683	0.09210989	0.36107078
V7A	V7A	7	7	0.0992046	-0.19647817	0.15299559	0.052454997	-0.25284022	0.013633446	-0.0598018	0.017166171	0.25496402	0.2748863	10	0.03561849	0.17335632	0.6795568	Binding_RAL	0.021444503	0.10437108	0.40913463
V7C	V7C	7	7	0.10075526	-0.05240974	-0.01590079	0.1742372	0.056530282	-0.066957794	0.1979777	-0.051651545	0.044312507	0.07846801	10	0.04653611	0.09399565	0.36846298	Binding_RAL	0.028017577	0.056591116	0.22183718
V7D	V7D	7	7	0.6726391	-0.09841354	0.046422124	0.17324944	0.1420495	0.248335	0.65674275	-0.13573718	1.2524003	0.33280653	10	0.3290494	0.42458013	1.6643541	Binding_RAL	0.19810781	0.25562313	1.0020427
V7E	V7E	7	7	0.32441455	0.25047916	0.54956955	0.58418804	0.82568127	0.34151	0.40253744	0.17646427	0.9868911	0.79291445	10	0.523465	0.27189726	1.0658373	Binding_RAL	0.31515783	0.16369873	0.641699
V7F	V7F	7	7	0.8612077	0.9384837	0.8901523	0.81580234	0.97527444	0.9003925	1.1114262	0.9660647	0.92764854	0.8039095	10	0.9190361	0.08899321	0.34885338	Binding_RAL	0.55331576	0.053579338	0.210031
V7G	V7G	7	7	-0.028898168	0.23544489	0.12478043	0.33400366	0.18372612	0.18545492	0.32174894	0.56342727	0.4220397	0.14908245	10	0.24908102	0.16748102	0.6565256	Binding_RAL	0.14996196	0.10083379	0.39526847
V7H	V7H	7	7	1.4915919	0.8064205	0.5728824	1.1748979	0.6695721	0.93608373	1.0795498	1.234567	0.813071	1.6305707	10	1.0409207	0.3468251	1.3595544	Binding_RAL	0.6266978	0.20880985	0.8185346
V7I	V7I	7	7	-0.045285046	-0.000529835	0.040573828	-0.014315097	0.18663251	0.048063714	0.18988855	-0.058994547	0.060696945	-0.081796855	10	0.032493416	0.09451551	0.3705008	Binding_RAL	0.019563017	0.0569041	0.22306408
V7K	V7K	7	7	1.5493367	1.3415883	0.32576102	0.3412728	1.270965	0.5472195	0.45329848	1.159674	0.8933959	0.83091545	10	0.87134266	0.44524783	1.7453716	Binding_RAL	0.5246014	0.26806635	1.0508201
V7L	V7L	7	7	0.20428923	0.06041321	0.10619476	0.014838441	-0.015403249	0.09132084	0.13222225	0.123500586	-0.0037288258	0.30178535	10	0.10154326	0.09784977	0.38357112	Binding_RAL	0.061135236	0.05891153	0.23093319
V7M	V7M	7	7	0.59494287	0.5941663	0.061856695	-0.002617452	0.015248488	0.003029051	-8.872765e-05	-0.067666724	0.016339606	0.18395753	10	0.13991676	0.24810046	0.97255385	Binding_RAL	0.084238425	0.14937161	0.5855367
V7N	V7N	7	7	0.5919796	1.0756127	0.2644533	1.0693674	0.6208207	1.102194	0.6766213	1.2436103	1.4852368	0.6404323	10	0.8770329	0.37263525	1.4607302	Binding_RAL	0.5280273	0.22434914	0.87944865
V7P	V7P	7	7	0.3217393	0.92832386	1.0936843	1.4627581	1.4143658	1.0648081	1.71961	0.6849803	0.6848232	0.8704245	10	1.0245516	0.420472	1.6482502	Binding_RAL	0.61684257	0.25314978	0.9923471
V7Q	V7Q	7	7	0.35688543	0.44966483	0.5400117	0.15990531	-0.0058418373	0.38261327	0.4363064	0.40522605	0.43753767	-0.213059	10	0.294925	0.2391588	0.9375025	Binding_RAL	0.17756283	0.14398818	0.5644337
V7R	V7R	7	7	0.9302338	1.6273545	1.4580619	0.97906923	1.1978709	0.8730211	1.3147998	0.8330732	1.0266125	0.43143696	10	1.0671532	0.34477305	1.3515104	Binding_RAL	0.6424913	0.2075744	0.8136917
V7S	V7S	7	7	0.58273685	0.74837583	0.5717162	0.45046073	0.53361386	0.57561636	0.36279854	0.570249	0.7696534	0.19848132	10	0.53637016	0.16902949	0.6625956	Binding_RAL	0.32292753	0.10176606	0.39892295
V7T	V7T	7	7	0.07641287	-0.40212736	-0.047122326	-0.3845748	-0.35030562	-0.1596334	-0.26521075	-0.2617623	-0.39957088	-0.45748895	10	-0.26513833	0.17342508	0.6798263	Binding_RAL	-0.15962943	0.104412474	0.4092969
V7W	V7W	7	7	1.2679453	0.8385489	1.070616	1.31513	0.82031083	0.44836628	0.44972715	1.4974223	1.1276592	1.1478387	10	0.99835646	0.3538829	1.387221	Binding_RAL	0.6010715	0.21305908	0.8351916
V7Y	V7Y	7	7	1.2229966	0.8474821	0.76609313	1.7747768	1.5431983	1.2679663	1.1394603	0.74671435	1.354417	1.6556953	10	1.23188	0.36458778	1.4291842	Binding_RAL	0.74166685	0.21950407	0.860456
V80A	V80A	80	80	0.1630302	0.0070068375	0.12378951	0.39867312	0.2366698	0.3192973	0.20455194	0.28118744	0.11317066	0.046738286	10	0.18941149	0.1229219	0.48185384	Binding_RAL	0.11403727	0.074006476	0.2901054
V80C	V80C	80	80	0.3005695	0.42344323	0.2362747	0.3332764	0.25977147	0.36853495	0.2450108	0.33586034	0.32896382	0.24393262	10	0.30756378	0.061862107	0.24249947	Binding_RAL	0.18517216	0.03724476	0.14599946
V80D	V80D	80	80	-0.01427552	1.1638466	1.1264592	0.9757935	2.1569557	0.68947655	1.3109795	1.120821	1.214973	1.3463327	10	1.1091362	0.5442128	2.1333144	Binding_RAL	0.66776764	0.3276493	1.2843852
V80E	V80E	80	80	-0.31187087	-0.25572577	-0.22471875	-0.21705095	-0.33602878	-0.18975832	-0.42923197	-0.16323066	-0.46226853	-0.14519742	10	-0.27350822	0.108925946	0.4269897	Binding_RAL	-0.16466862	0.06558006	0.25707385
V80F	V80F	80	80	0.033174243	-0.18056448	-0.22911206	-0.27305323	0.061394118	0.20810881	-0.17555438	0.012106923	-0.29408637	0.011604611	10	-0.08259818	0.16904823	0.6626691	Binding_RAL	-0.04972914	0.101777345	0.3989672
V80G	V80G	80	80	0.38098747	0.47674555	0.5275981	0.463896	0.14149909	0.28224194	0.15767595	0.3667961	0.34637985	0.22402714	10	0.3367847	0.1337528	0.52431095	Binding_RAL	0.20276491	0.080527335	0.31566715
V80H	V80H	80	80	0.04670264	-0.009975802	-0.38931194	-0.105731994	-0.2372376	0.062272023	0.14545056	-0.10396605	-0.10633091	-0.27513736	10	-0.09732665	0.16647658	0.6525882	Binding_RAL	-0.058596577	0.10022905	0.39289787
V80I	V80I	80	80	0.28174454	0.15725341	0.09525678	0.15208858	0.20369576	0.17370068	-0.019216696	0.054459717	0.105155475	-0.024774222	10	0.11793641	0.09654816	0.3784688	Binding_RAL	0.07100491	0.05812788	0.2278613
V80K	V80K	80	80	0.85988736	0.3323641	1.4160011	1.8433698	2.0306718	0.8900331	1.4180157	1.790739	1.1422125	-0.44820598	10	1.1275089	0.7585821	2.9736419	Binding_RAL	0.6788291	0.4567127	1.7903138
V80L	V80L	80	80	-0.23476297	-0.31388614	-0.11765696	-0.095438845	-0.093658045	-0.15516022	-0.06435925	-0.06692155	-0.011984663	-0.047290776	10	-0.12011194	0.09199534	0.36062175	Binding_RAL	-0.07231471	0.055386808	0.2171163
V80M	V80M	80	80	0.1287298	-0.13628878	-0.33993408	-0.76991516	-0.41730088	-0.27736878	-0.17857258	-0.21956216	-0.36556512	-0.23678239	10	-0.28125602	0.22932123	0.89893925	Binding_RAL	-0.16933328	0.13806537	0.54121625
V80N	V80N	80	80	0.44388613	0.21713595	0.33516324	0.31916746	0.55274147	0.34394035	0.68238455	0.48978367	0.34233066	0.52659917	10	0.4253133	0.13877368	0.5439928	Binding_RAL	0.25606453	0.083550215	0.32751685
V80P	V80P	80	80	-0.021947328	-0.13120204	0.18132631	-0.027463565	-0.12369304	-0.094888166	-0.2534712	-0.26167393	-0.15563807	0.054996554	10	-0.08336545	0.13585271	0.53254265	Binding_RAL	-0.050191082	0.08179162	0.32062316
V80Q	V80Q	80	80	-0.20724255	-0.67585003	-0.55410606	-0.46411592	-0.1854114	-0.05757097	-0.1848505	-0.20457186	-0.4500404	-0.37419975	10	-0.33579594	0.19744019	0.7739656	Binding_RAL	-0.20216963	0.11887103	0.46597445
V80R	V80R	80	80	1.2106674	1.7919064	1.7717348	2.0122118	1.9200006	1.6031882	1.7389468	2.4544003	2.6543822	2.172962	10	1.93304	0.4177169	1.6374502	Binding_RAL	1.163808	0.25149104	0.9858449
V80S	V80S	80	80	0.050622087	-0.05442246	0.11347964	0.19490683	0.26099828	-0.16811672	0.017521538	0.22360489	0.09842499	0.12725224	10	0.08642713	0.13092165	0.51321286	Binding_RAL	0.0520344	0.078822814	0.30898544
V80T	V80T	80	80	0.0012193513	-0.10749282	-0.09361843	-0.06535954	0.12169401	0.101052664	0.068934016	0.37247416	0.15581831	-0.15768148	10	0.039704032	0.15863346	0.62184316	Binding_RAL	0.02390425	0.09550701	0.3743875
V80W	V80W	80	80	2.6757195	1.9655946	2.022772	1.9871155	2.5664423	1.5309503	2.2534688	2.6126451	2.5621662	2.5129042	10	2.2689776	0.3792567	1.4866862	Binding_RAL	1.3660629	0.22833565	0.89507574
V80Y	V80Y	80	80	2.2192063	2.1915128	2.2538457	2.1399698	2.452818	2.009392	2.493461	2.040381	2.4527376	2.3217614	10	2.2575088	0.17140579	0.6719107	Binding_RAL	1.3591579	0.10319674	0.40453124
V8A	V8A	8	8	0.19094306	0.19841906	-0.014376014	0.23145725	0.17335892	0.037778508	0.30446488	-0.013999998	0.03114435	0.16163298	10	0.1300823	0.11148744	0.43703076	Binding_RAL	0.07831747	0.067122236	0.26311916
V8C	V8C	8	8	-0.13157663	-0.3579285	0.058593947	0.04560672	-0.20151283	-0.16116135	0.06269361	-0.091662124	0.1516911	0.009015704	10	-0.06162404	0.15454865	0.6058307	Binding_RAL	-0.03710143	0.09304771	0.36474702
V8D	V8D	8	8	1.0698414	0.62284315	0.8182758	0.9407976	0.60840344	0.78135824	0.7487421	0.8207658	0.6625434	0.83622557	10	0.7909796	0.14293167	0.5602922	Binding_RAL	0.47621796	0.08605358	0.33733004
V8E	V8E	8	8	0.68215394	1.2612512	1.3204068	1.3185593	1.1219133	0.7452694	1.1269228	1.0961449	1.1776983	1.0054646	10	1.0855784	0.22032614	0.8636785	Binding_RAL	0.6535844	0.13264976	0.5199871
V8F	V8F	8	8	-0.35887244	-0.4970134	-0.25655085	-0.294323	-0.2464652	-0.32311073	-0.28166157	-0.32603073	-0.66683286	-0.3777665	10	-0.36286274	0.12897503	0.50558215	Binding_RAL	-0.21846549	0.07765084	0.3043913
V8G	V8G	8	8	0.2064786	-0.14369316	-0.032884363	0.07208123	0.25122264	0.1479838	0.12943722	0.12693918	0.18317215	0.3053972	10	0.12461345	0.13290438	0.5209852	Binding_RAL	0.075024895	0.08001654	0.31366482
V8H	V8H	8	8	0.14048627	0.30301115	0.5732611	-0.3108614	0.34666228	-0.2448635	0.44748104	-0.05324013	0.13550618	-0.052431382	10	0.12850115	0.2936376	1.1510594	Binding_RAL	0.077365525	0.17678773	0.69300795
V8I	V8I	8	8	-0.12770355	-0.098695576	-0.008444711	-0.008571306	-0.16712949	-0.1610845	-0.34468287	-0.15777402	-0.17399523	-0.16042073	10	-0.14085022	0.09509911	0.37278852	Binding_RAL	-0.084800415	0.05725546	0.22444141
V8K	V8K	8	8	0.22800305	0.16024312	0.570014	0.3573819	0.3517584	0.080029756	0.68839496	0.8021416	0.7822197	0.575085	10	0.45952716	0.26006344	1.0194488	Binding_RAL	0.27666336	0.15657404	0.61377025
V8L	V8L	8	8	-0.22642696	-0.19609568	-0.2464837	-0.2613267	-0.2665853	-0.30153176	-0.18405113	-0.21761906	-0.16960554	-0.23087728	10	-0.2300603	0.040529046	0.15887387	Binding_RAL	-0.13851033	0.024400957	0.09565175
V8M	V8M	8	8	-0.20546621	0.023814596	0.036885634	-0.23595318	-0.21549739	-0.07761745	0.03242008	-0.049392007	-0.11645561	-0.051665463	10	-0.0858927	0.10447107	0.40952662	Binding_RAL	-0.051712643	0.06289796	0.24655999
V8N	V8N	8	8	-0.0039455146	-0.1749556	-0.14590497	-0.0049959016	0.03437884	0.054477572	-0.085663036	-0.3236434	0.18812788	0.02545305	10	-0.043667104	0.14342746	0.56223565	Binding_RAL	-0.026290258	0.08635208	0.33850017
V8P	V8P	8	8	0.92147994	1.481833	0.79875976	1.2075807	1.3269699	0.62523144	1.1634523	0.06255266	1.1051867	0.69562775	10	0.93886745	0.41380826	1.6221284	Binding_RAL	0.56525546	0.2491378	0.9766202
V8Q	V8Q	8	8	0.24997762	0.43736345	0.6856861	0.35996342	0.05653504	0.5527735	0.5364058	0.65332085	0.49675518	0.62346417	10	0.4652245	0.19662812	0.77078223	Binding_RAL	0.28009352	0.11838212	0.46405792
V8R	V8R	8	8	0.39782664	0.6340244	0.018622221	0.6491213	0.5992598	0.3376132	0.43407473	0.4225898	0.35025227	0.310624	10	0.41540083	0.1872733	0.7341113	Binding_RAL	0.25009662	0.11274994	0.44197977
V8S	V8S	8	8	0.07134578	0.26494712	0.10740635	0.052904353	0.029404262	0.062049374	0.0077439435	0.10501092	0.15997536	-0.022381797	10	0.083840564	0.08247885	0.3233171	Binding_RAL	0.050477132	0.049657296	0.19465661
V8T	V8T	8	8	-0.11554482	-0.13926901	-0.111793466	0.40236738	-0.39575878	0.247402	0.28642592	0.23330736	-0.12962683	-0.024313625	10	0.025319617	0.25219747	0.98861414	Binding_RAL	0.015243953	0.15183826	0.59520596
V8W	V8W	8	8	1.0507848	0.6477971	0.7607673	0.8282668	0.9341062	0.8927416	0.93100196	0.88765174	1.2513329	1.1729271	10	0.9357378	0.18207307	0.71372646	Binding_RAL	0.5633712	0.10961909	0.42970684
V8Y	V8Y	8	8	-0.05034835	0.32100904	0.15062194	0.1736616	0.42742106	0.34752446	0.6503974	0.022169285	0.34693787	0.2692472	10	0.26586416	0.20314741	0.79633784	Binding_RAL	0.16006644	0.12230713	0.47944397
WT	WT			-1.8484437	-1.8887466	-1.9079449	-1.8116692	-1.8565514	-1.8915334	-1.8533362	-1.7802552	-1.8379035	-1.916136	10	-1.859252	0.042996503	0.1685463	Binding_RAL	-1.1193831	0.025886517	0.10147515
Y136A	Y136A	136	136	-0.19869682	-0.056256782	-0.11308161	-0.4691159	-0.36715642	-0.38862127	-0.19781382	-0.24254839	-0.099285185	-0.2414221	10	-0.23739985	0.13492721	0.5289147	Binding_RAL	-0.14292918	0.08123441	0.3184389
Y136C	Y136C	136	136	0.2187921	-0.012219801	0.2629252	0.21671282	-0.08962033	-0.034264587	-0.04358674	-0.15997578	0.0010265971	-0.055146277	10	0.030464321	0.14703467	0.57637596	Binding_RAL	0.01834138	0.08852384	0.34701347
Y136D	Y136D	136	136	0.9684899	-0.63816166	-0.46092764	-0.2644963	-0.30581352	-0.74119955	-0.321552	-0.62408286	1.1134113	1.0386121	10	-0.023572003	0.75101805	2.9439907	Binding_RAL	-0.014191783	0.45215866	1.772462
Y136E	Y136E	136	136	-0.4067625	-0.32340634	-0.21996579	-0.26202673	-0.11096847	-0.4310451	-0.3964623	-0.3614244	-0.31267422	-0.29968306	10	-0.3124419	0.09683315	0.37958595	Binding_RAL	-0.18810907	0.05829946	0.22853388
Y136F	Y136F	136	136	0.09467519	-0.6095895	0.24894786	0.29854825	0.38484606	0.10448861	0.14651433	0.20737661	0.31164348	0.03699404	10	0.12244449	0.2796284	1.0961434	Binding_RAL	0.07371905	0.16835335	0.65994513
Y136G	Y136G	136	136	-0.26782277	-0.59368753	-0.6691316	-0.75492257	-0.3274986	-0.5398553	-0.7244861	-0.52796096	-0.34558105	-0.2820784	10	-0.50330245	0.18559861	0.7275466	Binding_RAL	-0.30301878	0.111741684	0.4380274
Y136H	Y136H	136	136	0.06321291	-0.20710792	-0.14083888	-0.096211836	-0.010067151	-0.1555668	0.09497558	-0.1985954	-0.20669465	0.05636839	10	-0.08005257	0.12044393	0.47214022	Binding_RAL	-0.048196528	0.07251459	0.2842572
Y136I	Y136I	136	136	-0.22646849	-0.22546555	-0.13813357	-0.21046923	-0.034979545	-0.11749221	-0.12788518	-0.17874822	-0.0040072533	-0.35357127	10	-0.16172205	0.10128227	0.3970265	Binding_RAL	-0.097366534	0.0609781	0.23903416
Y136K	Y136K	136	136	-0.17294112	-0.18066782	-0.19200784	-0.20564431	-0.1564012	-0.15058278	-0.15272282	-0.13020445	-0.20487195	-0.16838105	10	-0.17144254	0.024764046	0.09707506	Binding_RAL	-0.10321886	0.014909466	0.058445107
Y136L	Y136L	136	136	-0.088127375	0.007366229	0.041688662	0.0749395	-0.039173014	-0.04198083	0.12159502	-0.12038012	-0.020874629	-0.11119081	10	-0.017613737	0.079892226	0.31317753	Binding_RAL	-0.010604544	0.04809999	0.18855196
Y136M	Y136M	136	136	-0.2239064	-0.030364316	-0.29596767	-0.13493884	0.014502165	-0.07073727	-0.33808807	-0.21522005	-0.07984473	-0.35517988	10	-0.1729745	0.1316666	0.51613307	Binding_RAL	-0.10414119	0.079271324	0.3107436
Y136N	Y136N	136	136	-0.13557601	-0.20277263	-0.34733164	-0.41889876	-0.11312569	-0.13277178	-0.27358064	-0.2536357	-0.30498773	-0.29985514	10	-0.24825355	0.10102172	0.39600515	Binding_RAL	-0.14946377	0.060821235	0.23841925
Y136Q	Y136Q	136	136	-0.5117622	-0.3096665	-0.17467442	-0.48123148	0.15164536	-0.19789657	-0.24591573	-0.30324033	-0.21533719	-0.27147084	10	-0.255955	0.18239589	0.7149919	Binding_RAL	-0.15410052	0.109813444	0.4304687
Y136R	Y136R	136	136	-0.80305165	-0.41199803	-0.45477122	-0.55780387	-0.56563747	-0.7167505	-0.36288738	-0.7801674	-0.57493526	-1.0103095	10	-0.6238313	0.20172688	0.7907694	Binding_RAL	-0.37558445	0.121451885	0.47609138
Y136S	Y136S	136	136	-0.46802837	-0.4049004	-0.23070292	-0.38466007	-0.2678245	-0.32928136	-0.2024288	-0.28086293	-0.1974943	-0.3151697	10	-0.30813533	0.0900998	0.3531912	Binding_RAL	-0.18551625	0.054245573	0.21264265
Y136T	Y136T	136	136	-0.32463482	-0.47544405	-0.33096114	-0.05456884	-0.15194689	-0.1852516	0.004793052	-0.3708326	0.10384482	-0.06074345	10	-0.18457454	0.1863955	0.73067033	Binding_RAL	-0.11112513	0.11222146	0.43990812
Y136V	Y136V	136	136	-0.39142883	-0.32088295	-0.51995784	-0.5248748	-0.3348857	-0.30922025	-0.38352695	-0.26884446	-0.38657364	-0.19046532	10	-0.36306605	0.103663154	0.40635958	Binding_RAL	-0.2185879	0.06241154	0.24465324
Y136W	Y136W	136	136	-0.24940296	-0.4945665	-0.26808995	-0.07885649	-0.21121329	-0.19568516	-0.7177963	-0.10078045	-0.24455054	-0.32961908	10	-0.28905606	0.19035055	0.74617416	Binding_RAL	-0.17402938	0.11460263	0.44924232
Y156A	Y156A	156	156	-0.27944386	-0.3224093	-0.10662092	-0.08237378	-0.12911682	-0.15801042	-0.060425386	-0.053838365	-0.012433974	-0.057731032	10	-0.12624039	0.101379074	0.39740598	Binding_RAL	-0.07600441	0.061036386	0.23926264
Y156C	Y156C	156	156	-0.03878325	-0.1103666	-0.13924216	-0.20776302	-0.076432474	0.16221532	-0.15769795	-0.100330405	-0.0928068	-0.10016777	10	-0.08613751	0.098758586	0.38713366	Binding_RAL	-0.051860034	0.05945869	0.23307808
Y156D	Y156D	156	156	-0.10879863	-0.019891508	-0.05548906	-0.05414221	-0.28481877	0.035554122	-0.079701364	-0.1396474	-0.206106	-0.16792414	10	-0.108096495	0.09446483	0.37030214	Binding_RAL	-0.06508068	0.05687359	0.22294448
Y156E	Y156E	156	156	-0.16511674	-0.16399857	-0.06354486	-0.36880523	-0.39161694	0.030625768	-0.32295713	-0.31766218	-0.18062949	-0.42453092	10	-0.23682363	0.15119004	0.59266496	Binding_RAL	-0.14258227	0.09102562	0.35682043
Y156F	Y156F	156	156	-0.037485868	-0.1546204	-0.0065019303	0.026513068	0.070302196	0.15545854	-0.058052447	0.04795066	-0.020797359	-0.006711647	10	0.0016054807	0.0825219	0.32348585	Binding_RAL	0.00096659723	0.049683217	0.19475822
Y156G	Y156G	156	156	-0.23532222	-0.043590657	-0.15375932	-0.1350966	-0.0856543	-0.15680972	-0.08860394	-0.047445994	-0.17810625	-0.15881272	10	-0.12832017	0.060991883	0.2390882	Binding_RAL	-0.07725657	0.03672083	0.14394566
Y156H	Y156H	156	156	0.09152115	-0.35053128	-0.11168542	-0.14411691	0.030687872	-0.083106756	-0.12020143	0.12137615	-0.015204936	0.013755623	10	-0.056750588	0.1373296	0.53833205	Binding_RAL	-0.034167316	0.08268079	0.32410872
Y156I	Y156I	156	156	0.2539958	0.27174982	-0.09087445	-0.17378545	-0.12479779	-0.08398999	-0.25352204	-0.10302466	0.07005846	-0.023865912	10	-0.025805619	0.17421448	0.6829208	Binding_RAL	-0.015536556	0.10488774	0.41115993
Y156K	Y156K	156	156	-0.19810969	-0.28122258	-0.037503663	-0.058727913	-0.08103158	-1.0989552	-0.3125733	-0.011936965	-0.14626613	-0.18881308	10	-0.24151401	0.3178148	1.245834	Binding_RAL	-0.14540616	0.19134389	0.75006807
Y156L	Y156L	156	156	-0.14858223	-0.08623829	-0.010808944	-0.10255829	-0.0076958765	-0.091500476	-0.13205196	-0.14130694	-0.14130682	-0.122796476	10	-0.09848462	0.05168286	0.20259681	Binding_RAL	-0.059293747	0.031116232	0.12197563
Y156M	Y156M	156	156	-0.015272929	0.112269394	-0.061406944	-0.0997127	-0.10116407	-0.055476673	-0.035232414	0.034222264	0.0349196	-0.030105582	10	-0.021696005	0.06641117	0.26033178	Binding_RAL	-0.013062318	0.03998357	0.1567356
Y156N	Y156N	156	156	-0.079459906	-0.152421	-0.049469706	0.078647256	0.10021963	-0.08479	0.021611705	0.054686435	0.002626318	-0.21468286	10	-0.032303214	0.10248595	0.40174493	Binding_RAL	-0.019448504	0.061702788	0.24187493
Y156P	Y156P	156	156	-0.5442831	-0.5658231	-0.18421118	-0.5766599	-0.61725175	-0.44465786	-0.55126053	-0.63853663	-0.6504188	-0.27251926	10	-0.50456226	0.15800455	0.61937785	Binding_RAL	-0.30377725	0.09512837	0.37290323
Y156Q	Y156Q	156	156	0.051965505	-0.24954364	-0.06487924	-0.21200143	-0.071551286	-0.28536838	-0.5392504	-0.24824432	-0.033139594	-0.15637153	10	-0.18083842	0.16720653	0.65544957	Binding_RAL	-0.10887576	0.10066853	0.39462063
Y156R	Y156R	156	156	-0.13961054	-0.21091233	-0.18815152	-0.27059555	-0.28634676	-0.26320955	-0.2000911	-0.20307599	-0.22295	-0.424236	10	-0.24091795	0.0777578	0.30481058	Binding_RAL	-0.14504729	0.046814937	0.18351455
Y156S	Y156S	156	156	-0.017352285	0.065289564	-0.073544085	0.052016836	-0.10214083	-0.056427516	-0.089984715	-0.07698126	0.021405188	0.0034278224	10	-0.027429128	0.060795512	0.23831841	Binding_RAL	-0.016514007	0.036602605	0.14348221
Y156T	Y156T	156	156	-0.12067667	0.03922074	-0.1172149	0.2047859	0.078240395	0.05719175	0.06417927	-0.09835729	-0.42623663	-0.28495422	10	-0.060382165	0.18896791	0.74075425	Binding_RAL	-0.036353745	0.11377021	0.44597924
Y156V	Y156V	156	156	-0.055296693	0.041043673	-0.02229254	-0.09614685	-0.027419247	-0.0518199	-0.07159245	-0.10613157	-0.13900363	-0.068171255	10	-0.059683047	0.050175976	0.19668983	Binding_RAL	-0.035932835	0.030208997	0.118419275
Y156W	Y156W	156	156	-0.3489761	-0.44056892	-0.16453102	-0.30224195	-0.09711978	-0.2411471	-0.09916092	-0.2494373	-0.30868688	-0.18151496	10	-0.24333851	0.110574774	0.4334531	Binding_RAL	-0.14650463	0.066572756	0.2609652
Y31A	Y31A	31	31	0.8413263	0.88946354	0.85453606	0.83946395	0.93765163	0.96441835	0.8598278	0.952639	0.8858731	0.9220405	10	0.8947241	0.046719298	0.18313965	Binding_RAL	0.53867847	0.028127866	0.11026124
Y31C	Y31C	31	31	1.019757	1.0248893	1.0293903	1.0634581	1.0122658	0.8777396	0.9708716	1.1478872	1.1453388	1.0360233	10	1.0327622	0.07846101	0.30756715	Binding_RAL	0.6217858	0.04723831	0.18517418
Y31D	Y31D	31	31	1.5538868	1.3446834	1.196099	1.4788371	1.5602273	1.5223923	1.4313657	1.5819281	1.5131292	1.3795526	10	1.4562103	0.120594256	0.4727295	Binding_RAL	0.87672734	0.072605096	0.28461197
Y31E	Y31E	31	31	1.1913302	0.976867	0.90915143	1.1106161	1.2013638	1.1566008	1.0709999	1.0711701	1.0894591	1.1724397	10	1.0949998	0.094456255	0.37026852	Binding_RAL	0.65925664	0.056868427	0.22292423
Y31F	Y31F	31	31	1.240374	1.3213106	1.1580763	1.1742	1.2441983	1.2296369	1.3276582	1.1195219	1.3468609	1.2300988	10	1.2391936	0.07563613	0.29649365	Binding_RAL	0.7460701	0.045537565	0.17850725
Y31G	Y31G	31	31	1.7711751	2.0395539	1.8299358	1.8102037	1.7445039	1.8239037	1.8190978	1.79714	2.000162	1.9393232	10	1.8574998	0.09980797	0.39124724	Binding_RAL	1.1183282	0.060090482	0.2355547
Y31H	Y31H	31	31	-0.017781673	-0.015884465	-0.037548255	-0.071074255	0.067177944	-0.1100874	0.033183858	-0.059129734	-0.00531246	0.023761434	10	-0.0192695	0.052851178	0.20717663	Binding_RAL	-0.011601414	0.03181963	0.12473296
Y31I	Y31I	31	31	1.2399889	1.0977458	1.3017021	1.2624364	1.172192	1.2076494	1.3210697	1.1923552	1.2934545	1.2532864	10	1.234188	0.068092875	0.26692408	Binding_RAL	0.7430564	0.040996064	0.16070457
Y31K	Y31K	31	31	2.1134605	1.7970425	1.9507415	1.9051474	2.062703	2.1053805	2.0056205	2.1988525	1.9982218	2.1113188	10	2.024849	0.11847149	0.46440825	Binding_RAL	1.2190825	0.07132706	0.27960208
Y31L	Y31L	31	31	1.0994447	1.0288517	0.9462824	1.0621271	0.998222	1.0567114	1.0541996	1.0291362	1.0326577	1.0215439	10	1.0329176	0.041052584	0.16092613	Binding_RAL	0.6218794	0.02471616	0.09688735
Y31M	Y31M	31	31	1.6073775	1.4899943	1.4366343	1.3876466	1.3292679	1.3708873	1.5638245	1.5562198	1.4573159	1.464047	10	1.4663213	0.09011998	0.35327032	Binding_RAL	0.8828149	0.054257724	0.21269028
Y31N	Y31N	31	31	1.1247851	0.92091775	0.9786272	1.017329	1.1561265	1.0215988	1.0960331	0.98966044	1.0680795	1.0715884	10	1.0444746	0.07205977	0.2824743	Binding_RAL	0.6288374	0.043384377	0.17006676
Y31P	Y31P	31	31	1.162348	1.1763554	1.0909758	1.1946747	1.0781618	1.2338209	1.1705785	1.1530879	0.9222024	0.97945505	10	1.1161659	0.09914994	0.3886678	Binding_RAL	0.67199993	0.059694313	0.23400171
Y31Q	Y31Q	31	31	1.026727	1.2175536	1.1067314	1.187551	1.3925065	1.2615886	0.993185	1.0397356	1.2753137	1.1943284	10	1.169522	0.12689015	0.4974094	Binding_RAL	0.70412356	0.07639561	0.29947078
Y31R	Y31R	31	31	1.2037455	1.1271629	1.1423583	1.188779	1.1241993	1.0018615	1.1746055	1.2040493	1.0399699	1.0968796	10	1.1303612	0.06846029	0.26836434	Binding_RAL	0.68054634	0.04121727	0.16157171
Y31S	Y31S	31	31	1.1450626	1.1121716	1.0874553	1.0355464	1.1860768	1.083926	1.2014091	1.2140375	1.0453589	1.0866878	10	1.1197731	0.06385699	0.2503194	Binding_RAL	0.6741717	0.0384458	0.15070754
Y31T	Y31T	31	31	1.4345635	1.36448	1.3026272	1.2790679	1.5048372	1.774988	1.6768799	1.4197539	1.5770488	1.769172	10	1.5103419	0.18290949	0.7170052	Binding_RAL	0.9093179	0.110122666	0.43168086
Y31V	Y31V	31	31	1.4655712	1.4240078	1.3165289	1.2783839	1.3404942	1.2972951	1.3866956	1.3719031	1.3352407	1.358167	10	1.3574287	0.057261765	0.22446613	Binding_RAL	0.81725484	0.034475073	0.1351423
Y31W	Y31W	31	31	-0.15985373	-0.1056173	-0.05874067	-0.084881365	-0.11218506	-0.20998046	-0.12462282	-0.074586056	-0.07099942	-0.20687646	10	-0.12083433	0.054735903	0.21456474	Binding_RAL	-0.07274963	0.03295435	0.12918106
Y39A	Y39A	39	39	3.3916714	3.2636335	3.1609354	3.2631369	3.3725495	3.3249912	3.2723024	3.155709	3.1320612	3.2479372	10	3.2584927	0.089184284	0.3496024	Binding_RAL	1.9618113	0.05369438	0.21048197
Y39C	Y39C	39	39	3.275769	3.2418458	3.2810853	3.3831472	3.3132443	3.560061	3.1814573	3.2335098	3.0886865	3.2087932	10	3.2767596	0.12696974	0.4977214	Binding_RAL	1.9728091	0.07644352	0.29965863
Y39D	Y39D	39	39	2.7924817	2.784154	3.0677857	3.696216	3.20089	3.68028	3.355239	3.2578557	3.0127733	3.6525803	10	3.2500255	0.3457172	1.3552114	Binding_RAL	1.9567136	0.20814283	0.81591994
Y39E	Y39E	39	39	3.2264402	3.036421	3.1374912	2.9674158	2.9651508	3.1391966	2.8071659	2.7739522	3.0870724	3.1897037	10	3.033001	0.1542431	0.604633	Binding_RAL	1.8260515	0.092863746	0.3640259
Y39F	Y39F	39	39	1.6548322	1.6836898	1.6426241	1.6154834	1.6598079	1.7228612	1.7313755	1.6649203	1.6461542	1.6461993	10	1.666795	0.03630467	0.14231431	Binding_RAL	1.0035123	0.021857625	0.08568189
Y39G	Y39G	39	39	4.0220847	3.4940689	3.4386008	3.8229923	3.7634385	3.3030093	3.9973304	3.7477403	3.8782933	3.8860238	10	3.735358	0.24399562	0.95646286	Binding_RAL	2.2489133	0.14690024	0.57584894
Y39H	Y39H	39	39	2.5584319	2.4436471	2.4948494	2.6369004	2.6478465	2.478265	2.5370984	2.4163365	2.2652698	2.5492055	10	2.5027852	0.11230264	0.44022635	Binding_RAL	1.5068293	0.067613035	0.2650431
Y39I	Y39I	39	39	3.586248	3.0028536	3.3098042	2.8199344	3.6584847	3.0353768	3.0861526	3.5832052	3.04711	3.6354673	10	3.2764637	0.31556258	1.2370054	Binding_RAL	1.972631	0.18998791	0.74475265
Y39K	Y39K	39	39	3.3933258	4.0750074	2.8922286	3.6112828	3.3473153	3.711524	3.4612856	3.7503254	3.1679974	3.4090757	10	3.4819367	0.32850328	1.2877328	Binding_RAL	2.0963383	0.197779	0.7752937
Y39L	Y39L	39	39	3.8335893	4.068088	3.9651055	3.866621	3.6782787	3.7139235	3.611978	3.7862306	3.565316	3.6948955	10	3.7784028	0.1577353	0.6183224	Binding_RAL	2.274829	0.09496627	0.37226778
Y39M	Y39M	39	39	3.610124	3.4510586	3.2542353	3.6903172	3.9306293	3.3606427	3.4107356	3.112605	2.9345417	3.6247334	10	3.4379623	0.2926627	1.1472379	Binding_RAL	2.0698628	0.17620079	0.69070715
Y39N	Y39N	39	39	2.4863229	3.3593462	3.4185317	3.5537872	3.3515322	3.600161	3.4842055	3.3455887	4.229896	3.3216033	10	3.4150975	0.4223626	1.6556615	Binding_RAL	2.0560968	0.25428805	0.9968092
Y39P	Y39P	39	39	3.631819	3.0677633	3.110936	2.9714382	3.550543	3.7987664	3.358217	3.0926034	3.4701884	3.6549335	10	3.3707206	0.2926138	1.1470461	Binding_RAL	2.0293794	0.17617135	0.6905917
Y39Q	Y39Q	39	39	3.2464352	3.2746227	3.7419953	3.98434	4.1041384	3.3365898	3.3303683	3.5148227	3.8907273	3.9257054	10	3.6349747	0.33008912	1.2939494	Binding_RAL	2.1884763	0.19873378	0.7790364
Y39R	Y39R	39	39	3.8086507	3.5055065	3.5936208	3.974254	4.4466996	3.758757	4.069691	3.8897798	4.109114	3.9398108	10	3.9095886	0.26987147	1.0578961	Binding_RAL	2.3538108	0.16247909	0.636918
Y39S	Y39S	39	39	3.4722238	3.2676167	3.9706087	3.6850164	3.33257	3.6363635	3.4404442	3.590267	3.5624254	3.6883988	10	3.5645936	0.20178862	0.7910114	Binding_RAL	2.1461027	0.121489055	0.47623712
Y39T	Y39T	39	39	3.3501804	3.189807	3.4476779	3.1783354	3.5648189	3.257713	3.6414688	3.9421654	3.2928119	3.7393792	10	3.4604359	0.2555768	1.001861	Binding_RAL	2.0833933	0.15387282	0.6031815
Y39V	Y39V	39	39	3.8199885	3.6901474	3.7337687	3.8988063	3.5783145	3.0232885	3.5064807	3.827636	3.4687946	3.5758743	10	3.61231	0.25245744	0.9896332	Binding_RAL	2.174831	0.15199476	0.5958195
Y39W	Y39W	39	39	-0.44214362	-0.45068657	-0.46785602	-0.45964733	-0.459521	-0.48129997	-0.51050687	-0.48155132	-0.5143339	-0.4239441	10	-0.46914902	0.028581074	0.11203781	Binding_RAL	-0.2824563	0.017207548	0.06745359
Y3A	Y3A	3	3	-0.19718464	0.33210734	0.1275385	-0.069318384	-0.13630265	0.22144815	-0.010874264	-0.053566486	-0.43395987	-0.20252068	10	-0.0422633	0.2241843	0.8788025	Binding_RAL	-0.025445083	0.13497262	0.52909267
Y3C	Y3C	3	3	-0.10068282	0.036770705	-0.1285448	-0.35354683	-0.31825453	-0.02977358	-0.31208646	-0.24689315	-0.2190037	0.027983332	10	-0.16440319	0.14605801	0.5725474	Binding_RAL	-0.09898074	0.08793583	0.34470844
Y3D	Y3D	3	3	0.09792783	0.38697836	0.36533374	0.43159696	0.43586954	0.50746715	0.43889624	0.5262871	0.24506457	0.41418448	10	0.3849606	0.12730487	0.4990351	Binding_RAL	0.23176976	0.07664529	0.30044955
Y3E	Y3E	3	3	-0.18371479	-0.015451839	-0.076766446	-0.057501975	-0.16122502	-0.062053274	-0.07020635	0.008919596	0.018482313	-0.61444443	10	-0.12139623	0.18515915	0.7258239	Binding_RAL	-0.07308793	0.1114771	0.43699023
Y3F	Y3F	3	3	-0.13871272	-0.39870688	-0.1984968	0.0120802075	-0.07339428	-0.11998248	-0.10866006	0.006149181	0.078221634	-0.05037951	10	-0.09918818	0.1331901	0.52210516	Binding_RAL	-0.05971733	0.08018856	0.31433916
Y3G	Y3G	3	3	-0.12702522	-0.25012487	-0.6218211	-0.07763406	-0.10346556	-0.37574127	-0.37153828	-0.24104449	-0.24618374	-0.09111308	10	-0.25056916	0.17012253	0.66688037	Binding_RAL	-0.15085791	0.10242414	0.40150264
Y3H	Y3H	3	3	-1.2259495	-0.43172774	-0.67400056	-0.24547514	-0.5521343	-0.5455566	-0.6215271	-0.48583722	-0.0992652	-0.47320396	10	-0.53546774	0.29724896	1.165216	Binding_RAL	-0.32238424	0.17896199	0.70153105
Y3I	Y3I	3	3	0.00012707632	-0.2719409	0.13653107	-0.26453182	-0.34136888	0.02001697	-0.12023462	-0.13453592	0.07650643	0.102077626	10	-0.079735294	0.17151457	0.6723371	Binding_RAL	-0.04800551	0.10326223	0.40478796
Y3K	Y3K	3	3	-1.5028833	-1.0818634	-1.9005913	-0.05607176	-0.061789747	0.054609258	-0.24773794	0.055879686	-0.11419765	-0.13315149	10	-0.49877983	0.7194699	2.820322	Binding_RAL	-0.30029586	0.43316475	1.6980058
Y3L	Y3L	3	3	-0.39229074	-0.04305653	-0.21717855	-0.17327036	-0.21966714	-0.17906661	-0.4107654	-0.42028895	-0.31786963	-0.68508756	10	-0.30585414	0.1805987	0.70794696	Binding_RAL	-0.18414284	0.108731434	0.42622724
Y3M	Y3M	3	3	-0.52424145	-0.40088567	-0.7071362	-0.497222	-0.3142015	-0.6995547	-0.47453564	-0.69582796	-0.6923504	-0.18267335	10	-0.5188629	0.18281788	0.7166461	Binding_RAL	-0.3123871	0.11006751	0.43146464
Y3N	Y3N	3	3	0.39871562	0.4403482	-0.35141847	-0.07432007	0.01613199	0.15259069	0.07362755	0.12190985	0.020851353	0.08407262	10	0.088250935	0.22493134	0.8817309	Binding_RAL	0.053132445	0.13542238	0.5308557
Y3Q	Y3Q	3	3	0.17948087	-0.04504799	0.072354816	0.29025346	0.11364637	0.124608256	-0.41379997	0.010494869	-0.07609401	-0.036016952	10	0.021987973	0.19025162	0.74578637	Binding_RAL	0.0132381	0.11454307	0.44900885
Y3R	Y3R	3	3	-0.3507377	-0.08509978	-0.62858504	-0.08597353	0.17755872	-0.13156556	-0.004775317	-0.1257264	-0.1945918	-0.35684374	10	-0.17863402	0.22199558	0.8702227	Binding_RAL	-0.10754857	0.13365488	0.52392715
Y3S	Y3S	3	3	-0.17884658	-0.25267687	-0.47019514	-0.56358504	-0.0092420885	-0.18708935	-0.051827934	-0.21056019	-0.3978195	-0.477696	10	-0.27995387	0.18837461	0.7384285	Binding_RAL	-0.1685493	0.113413	0.44457898
Y3T	Y3T	3	3	0.03548072	-0.03564818	0.027591767	-0.14357583	-0.13098522	0.07254827	0.2093673	-0.30082735	-0.07442668	-0.13120063	10	-0.04716758	0.1418772	0.55615866	Binding_RAL	-0.02839776	0.08541873	0.33484143
Y3V	Y3V	3	3	-0.2662822	-0.3264776	-0.2671425	-0.20278332	-0.12833641	-0.14789546	-0.24526162	-0.13448556	0.019563228	-0.24993113	10	-0.19490325	0.09974325	0.39099354	Binding_RAL	-0.11734364	0.060051516	0.23540194
Y3W	Y3W	3	3	0.3169085	0.57236695	0.2813536	0.39817166	0.42216578	0.18804263	0.50338125	0.34029424	0.3778678	0.16892816	10	0.35694805	0.12724164	0.49878725	Binding_RAL	0.21490449	0.07660723	0.30030033
Y63A	Y63A	63	63	1.2196969	1.1371454	1.1822938	1.1930045	1.2154182	1.2076216	1.2073449	1.2015346	1.1475532	1.1459761	10	1.185759	0.031081244	0.12183848	Binding_RAL	0.7138992	0.018712804	0.07335419
Y63C	Y63C	63	63	0.92245144	0.9012574	0.95330185	0.96008414	0.9422458	0.91210145	0.9437785	0.8974099	0.9301866	1.0109102	10	0.9373727	0.033427108	0.13103427	Binding_RAL	0.5643555	0.020125158	0.07889062
Y63D	Y63D	63	63	1.1670227	0.9473655	1.0996389	0.99735814	1.0928303	1.1621237	1.1670827	1.0972937	1.0377048	1.2046214	10	1.0973041	0.08266172	0.32403395	Binding_RAL	0.660644	0.049767394	0.1950882
Y63E	Y63E	63	63	1.1069862	1.122794	1.0817119	1.0982157	1.0502231	1.1818428	1.0686598	0.95881706	1.0918494	1.1590065	10	1.0920106	0.06137926	0.24060671	Binding_RAL	0.657457	0.036954056	0.14485991
Y63F	Y63F	63	63	0.29273415	0.15508622	0.20982352	0.17208222	0.25145027	0.12438131	0.28585726	0.17264989	0.091453634	0.29902348	10	0.2054542	0.073988035	0.2900331	Binding_RAL	0.123695955	0.044545308	0.1746176
Y63G	Y63G	63	63	1.2959311	1.1807913	1.2104331	1.176509	1.2167753	1.2179426	1.2072186	1.2447742	1.3096236	1.2778785	10	1.2337878	0.046617713	0.18274143	Binding_RAL	0.7428155	0.028066706	0.11002149
Y63H	Y63H	63	63	0.7016122	0.53691506	0.5233986	0.6415164	0.47486305	0.58618915	0.59671974	0.5739015	0.60552984	0.6579282	10	0.5898574	0.06732636	0.26391932	Binding_RAL	0.3551301	0.040534575	0.15889554
Y63I	Y63I	63	63	1.297789	1.0507357	1.076309	1.1040174	0.93822473	1.2175546	1.0670158	0.9770308	1.0711907	1.1292298	10	1.0929098	0.105148666	0.41218278	Binding_RAL	0.6579983	0.06330591	0.24815916
Y63K	Y63K	63	63	1.2517403	1.2281404	1.1339079	1.1617298	1.1343739	1.2101862	1.2958475	1.1786908	1.0933801	1.212949	10	1.1900946	0.061379876	0.24060912	Binding_RAL	0.7165095	0.03695443	0.14486137
Y63L	Y63L	63	63	0.7377057	0.7796319	0.7645333	0.7831065	0.71313894	0.7446233	0.80317783	0.79192644	0.76782644	0.67747146	10	0.75631416	0.038714472	0.15176073	Binding_RAL	0.45534724	0.023308473	0.09136921
Y63M	Y63M	63	63	0.62010175	0.76797676	0.5927326	0.6918492	0.5915611	0.8177708	0.7347825	0.7159569	0.7118272	0.6510275	10	0.6895586	0.0753648	0.29543	Binding_RAL	0.41515633	0.045374203	0.17786688
Y63N	Y63N	63	63	0.99400336	0.9627988	0.8873714	0.9508196	1.0009651	0.8801206	0.9177467	1.0000682	0.9878211	1.0288194	10	0.9610534	0.051068522	0.2001886	Binding_RAL	0.57861274	0.030746365	0.120525755
Y63P	Y63P	63	63	1.2573608	1.4338521	1.3596159	1.2272397	1.4077439	1.2629095	1.4342254	1.253706	1.2946709	1.1680313	10	1.3099357	0.09320445	0.36536145	Binding_RAL	0.7886612	0.056114763	0.21996987
Y63Q	Y63Q	63	63	1.1708033	1.1062397	1.0780054	1.2233304	1.2570933	1.0814701	1.1932217	1.1209418	1.2331206	1.2284151	10	1.1692642	0.06760425	0.26500866	Binding_RAL	0.70396835	0.04070188	0.15955138
Y63R	Y63R	63	63	1.0800217	1.107932	1.0448395	1.0854849	1.1176777	1.062514	1.075979	1.0484644	1.0096385	1.0377421	10	1.0670294	0.033059984	0.12959515	Binding_RAL	0.6424167	0.019904127	0.07802418
Y63S	Y63S	63	63	1.2004124	1.1102735	1.1253489	1.0597962	1.0805659	1.0960717	1.0907471	1.0866987	1.0254179	1.1324801	10	1.1007812	0.04680231	0.18346505	Binding_RAL	0.6627374	0.028177842	0.110457145
Y63T	Y63T	63	63	1.0557667	0.9972282	1.0617698	1.0858502	0.95526326	1.0822564	1.207307	1.1448014	1.0035342	0.9582335	10	1.0552012	0.08048455	0.31549942	Binding_RAL	0.63529545	0.048456606	0.1899499
Y63V	Y63V	63	63	1.2350602	1.1870805	1.1212553	1.1398286	1.1608217	1.2210543	1.2619296	1.2738318	1.227053	1.2801747	10	1.210809	0.0562471	0.22048864	Binding_RAL	0.72898084	0.033864185	0.1327476
Y63W	Y63W	63	63	0.16600299	0.3379728	0.47551978	0.46860218	0.33022764	0.29622737	0.41406557	0.305929	0.31125766	0.24760072	10	0.33534056	0.09602542	0.37641966	Binding_RAL	0.20189546	0.05781316	0.22662759
Y70A	Y70A	70	70	-0.3521992	-0.73476136	-0.42625183	-0.72061414	-0.39733404	-0.3684404	-0.41982117	-0.84455186	-0.56157476	-0.46315348	10	-0.5288702	0.17665863	0.69250184	Binding_RAL	-0.31841213	0.106359266	0.41692832
Y70C	Y70C	70	70	0.025799762	-0.37060726	-0.44922194	-0.3696211	-0.053957455	-0.3256305	-0.57491755	-0.04765682	-0.28701028	-0.21084954	10	-0.26636726	0.19307473	0.756853	Binding_RAL	-0.16036934	0.11624276	0.45567164
Y70D	Y70D	70	70	-0.21546961	0.06500453	0.070464045	-0.13913298	0.32706696	0.037396703	-0.23649397	-0.009828503	-0.041148614	-0.03981894	10	-0.01819604	0.16307497	0.6392539	Binding_RAL	-0.010955126	0.09818108	0.3848698
Y70E	Y70E	70	70	-0.51747227	-0.59588134	-0.20367514	-0.11160431	-0.6708078	-0.6526227	-0.3869726	-0.30145136	-0.23746787	-0.36569494	10	-0.40436506	0.19673003	0.77118176	Binding_RAL	-0.24345243	0.118443474	0.46429843
Y70F	Y70F	70	70	0.23356041	0.18967545	0.16598289	0.19243626	0.17843516	0.20337348	0.17398803	0.21862948	0.16638272	0.19652982	10	0.19189937	0.022194434	0.08700218	Binding_RAL	0.115535125	0.013362402	0.052380618
Y70G	Y70G	70	70	-0.63506234	-0.73957175	-0.5691026	-0.9074974	-0.35627192	-0.8469443	-0.48005357	-0.45738205	-0.4339246	-0.20944421	10	-0.56352544	0.22064093	0.86491245	Binding_RAL	-0.33927667	0.13283929	0.52073
Y70H	Y70H	70	70	0.44424656	0.093252175	0.025394067	0.26012018	0.19760467	0.3080909	0.3441388	0.33671236	0.3020595	0.12515503	10	0.24367741	0.13049032	0.51152205	Binding_RAL	0.14670865	0.07856313	0.30796748
Y70I	Y70I	70	70	0.49226683	0.20999268	0.34311306	0.37562627	0.44954374	0.33508208	0.20019174	0.45083538	0.2722143	0.47606	10	0.36049262	0.10756322	0.42164782	Binding_RAL	0.21703854	0.06475962	0.2538577
Y70K	Y70K	70	70	0.37563315	-0.032655697	-0.15486725	0.11058271	-0.03876356	0.22071032	0.024492146	-0.098501086	0.3071951	0.29241943	10	0.100624524	0.18783031	0.73629487	Binding_RAL	0.060582098	0.1130853	0.44329438
Y70L	Y70L	70	70	0.65997523	0.61257935	0.57662076	0.5225016	0.6167983	0.65895516	0.5607311	0.75298923	0.5469448	0.70912987	10	0.6217225	0.07380078	0.28929907	Binding_RAL	0.37431487	0.04443257	0.17417568
Y70M	Y70M	70	70	0.30801335	0.14936881	0.15311146	0.18804592	0.4203551	0.5265881	0.22764476	0.4674048	0.5681137	0.3173395	10	0.33259854	0.15545991	0.60940284	Binding_RAL	0.2002446	0.09359635	0.36689767
Y70N	Y70N	70	70	-0.096271224	-0.24600428	-0.1209973	-0.09318031	-0.105911545	0.055420466	-0.07470067	0.19780909	0.049864996	-0.25405312	10	-0.06880239	0.13816187	0.5415945	Binding_RAL	-0.04142323	0.083181866	0.32607293
Y70P	Y70P	70	70	-0.4321692	-1.1020005	-0.96374995	-0.828076	-0.58022434	-0.6090859	-0.61715287	-0.8806527	-0.75121015	-0.54529583	10	-0.73096174	0.2103926	0.824739	Binding_RAL	-0.44008353	0.12666917	0.49654314
Y70Q	Y70Q	70	70	0.34501234	-0.5775972	-0.045054995	0.18381737	0.33262074	0.12767795	0.013509577	-0.103023864	-0.15057765	-0.3355168	10	-0.020913254	0.2900339	1.136933	Binding_RAL	-0.012591055	0.1746181	0.68450296
Y70R	Y70R	70	70	0.036726557	0.13517845	0.13323022	0.0082544	0.03909264	-0.04413077	0.19443204	0.080204226	0.08338873	0.10435424	10	0.07707308	0.06959699	0.2728202	Binding_RAL	0.046402697	0.041901633	0.16425441
Y70S	Y70S	70	70	-0.5483188	-0.31561133	-0.46606356	-0.26490512	-0.20721312	-0.3222201	-0.18452375	-0.19875021	-0.5793895	-0.42477015	10	-0.35117656	0.14561738	0.57082015	Binding_RAL	-0.2114297	0.08767054	0.34366852
Y70T	Y70T	70	70	-0.01580597	-0.00446405	-0.21678096	-0.56711334	-0.111278094	-0.25648838	0.03470565	-0.24107774	-0.0016579304	-0.37622645	10	-0.17561872	0.19422297	0.7613541	Binding_RAL	-0.10573318	0.11693407	0.45838156
Y70V	Y70V	70	70	0.1645715	0.20331681	0.4130417	-0.034546304	0.3049404	0.16106905	0.28263786	0.3322922	-0.0016920886	0.09950012	10	0.19251314	0.14481507	0.5676751	Binding_RAL	0.115904644	0.087187506	0.34177503
Y70W	Y70W	70	70	0.017973036	0.22085433	0.044126842	0.08817046	0.23973505	-0.05995061	-0.042277504	-0.28391173	0.0899257	0.14573988	10	0.046038546	0.15290242	0.5993775	Binding_RAL	0.027718011	0.09205658	0.3608618
Y95A	Y95A	95	95	0.443153	0.3228318	-0.023907248	0.5910615	0.43174383	0.17706421	0.1639479	0.4501564	0.5191172	0.6613755	10	0.3736544	0.21305409	0.83517206	Binding_RAL	0.22496273	0.12827155	0.5028245
Y95C	Y95C	95	95	-0.8371833	-0.6698129	0.15558076	0.22396623	0.41895777	-0.6408819	-0.79311156	-0.9278919	-0.4631659	-0.80218834	10	-0.4335731	0.50313777	1.9723	Binding_RAL	-0.26103744	0.30291963	1.1874449
Y95F	Y95F	95	95	0.04056941	-0.42654598	-0.0046376875	-0.1725451	-0.021586306	-0.46495977	-0.012258729	-0.1825415	-0.30950907	-0.16885664	10	-0.17228714	0.17981032	0.70485646	Binding_RAL	-0.10372736	0.10825677	0.42436656
Y95G	Y95G	95	95	-0.00024563997	-0.022500375	0.09895843	0.074346386	-0.3814965	-0.15046255	0.0018240291	-0.082341	0.28746003	0.06317888	10	-0.011127831	0.1751745	0.6866841	Binding_RAL	-0.006699633	0.10546573	0.41342568
Y95H	Y95H	95	95	-0.31438196	-0.21236743	-0.1337072	-0.1949487	0.2397116	-0.33738288	-0.378926	-0.0108770635	-0.3164195	-0.9566862	10	-0.26159853	0.30656567	1.2017374	Binding_RAL	-0.15749827	0.18457122	0.7235192
Y95L	Y95L	95	95	-0.34759226	-0.041917827	-0.4576403	-0.47109535	-0.1524391	-0.6690891	-0.4069008	-0.0468549	-0.10783774	-0.048819274	10	-0.27501863	0.22367738	0.8768154	Binding_RAL	-0.165578	0.13466743	0.52789634
Y95N	Y95N	95	95	0.48228064	0.5836468	1.4117196	1.0049026	1.1877927	0.9270083				0.6290261	7	0.8894824	0.34245118	1.3424087	Binding_RAL	0.53552264	0.20617649	0.80821186
Y95R	Y95R	95	95	-0.1479443	0.23457554	-0.31611836	0.076087385	-0.34108594				-0.3866784	-0.028472343	7	-0.12994806	0.23491073	0.92085004	Binding_RAL	-0.07823666	0.14143059	0.5544079
Y95V	Y95V	95	95	-0.13223119	-0.18596515	-0.07714569	0.04537627	0.13711387	0.074733794	-0.2066618	-0.12217713	0.12124052	-0.11261272	10	-0.045832925	0.12844135	0.5034901	Binding_RAL	-0.027594214	0.077329524	0.30313173
Y95W	Y95W	95	95	-0.76222765	-0.48839617	-0.55528283	-0.57158005	-0.3685609	-0.5837168	-0.6606987	0.26769823	-0.7422777	-0.8759208	10	-0.53409636	0.31709385	1.2430079	Binding_RAL	-0.32155856	0.19090983	0.74836653
