id	id_ref	Pos	Pos_ref	fold_1	fold_2	fold_3	fold_4	fold_5	fold_6	fold_7	fold_8	fold_9	fold_10	n	mean	std	ci95	trait_name	mean_kcal/mol	std_kcal/mol	ci95_kcal/mol
A10C	A10C	10	10	-0.4520046	-0.45925558	-0.5588829	-0.5819782	-0.4097428	-0.39852253	-0.5709998	-0.40798256	-0.5191891	-0.32963833	10	-0.46881962	0.085487284	0.33511016	Binding_K13	-0.282258	0.05146856	0.20175676
A10D	A10D	10	10	-0.27177945	-0.4554387	-0.38238204	-0.4430136	-0.30352417	-0.465118	-0.401417	-0.6205442	-0.4646317	-0.79467994	10	-0.4602529	0.15184408	0.59522885	Binding_K13	-0.27710032	0.0914194	0.35836405
A10E	A10E	10	10	-0.5860719	-0.43039095	-0.4387192	-0.47866628	-0.23052198	-0.40210328	-0.52409583	-0.39710355	-0.16756582	-0.51487416	10	-0.41701126	0.12982775	0.5089248	Binding_K13	-0.2510662	0.07816422	0.30640376
A10F	A10F	10	10	-0.50689846	-0.56953937	-0.48428398	-0.78024876	-0.83433676	-0.60293794	-0.6142524	-0.4981741	-0.584538	-0.9492015	10	-0.64244115	0.15816231	0.61999625	Binding_K13	-0.38678876	0.09522335	0.37327555
A10G	A10G	10	10	-0.10755307	-0.21796584	-0.1971308	0.003665412	-0.15374692	-0.13407943	-0.3405853	-0.2704909	-0.113959305	-0.22075386	10	-0.17526002	0.09619895	0.3770999	Binding_K13	-0.105517216	0.057917636	0.22703713
A10H	A10H	10	10	-0.07408785	-0.005581906	-0.006676501	-0.098221764	0.028517144	0.101893	0.18355869	0.21889172	0.0006422992	0.06418017	10	0.041311502	0.10277708	0.40288615	Binding_K13	0.024872044	0.061878067	0.24256203
A10I	A10I	10	10	-0.19542396	-0.08779024	-0.025824226	-0.09778397	-0.31040564	-0.1971408	-0.28597677	-0.37531608	-0.18214646	-0.2521167	10	-0.2009925	0.10890753	0.42691752	Binding_K13	-0.12100974	0.065568976	0.2570304
A10K	A10K	10	10	-0.04180158	-0.23721027	-0.5171456	-0.44558847	-0.2855088	-0.16712543	-0.09965965	-0.154686	-0.4601685	-0.57756627	10	-0.29864606	0.1887838	0.7400325	Binding_K13	-0.17980313	0.11365935	0.44554466
A10L	A10L	10	10	-0.3325623	-0.23206343	-0.23263387	-0.23512949	-0.29647925	-0.2806322	-0.3619409	-0.29267433	-0.28825116	-0.415231	10	-0.29675978	0.05963885	0.2337843	Binding_K13	-0.17866749	0.035906225	0.1407524
A10M	A10M	10	10	-0.42605707	-0.30497402	-0.4776094	-0.4650681	-0.56265986	-0.39841983	-0.3550929	-0.3382982	-0.5088409	-0.38751164	10	-0.42245322	0.08111125	0.31795612	Binding_K13	-0.2543426	0.048833918	0.19142896
A10N	A10N	10	10	-0.20214808	-0.2815503	-0.26651788	-0.37650058	-0.46915692	-0.35645577	-0.24610275	-0.18889956	-0.40733388	-0.02956421	10	-0.282423	0.12715034	0.49842936	Binding_K13	-0.17003585	0.07655226	0.30008486
A10P	A10P	10	10	0.034566693	0.13001181	0.17848155	0.2959697	0.13493659	0.23380628	-0.00021512713	-0.066640116	-0.12769294	0.12942569	10	0.094265014	0.13294253	0.52113473	Binding_K13	0.056753285	0.08003951	0.3137549
A10Q	A10Q	10	10	0.01858783	0.106650084	0.026073944	0.11138745	0.07594947	-0.018375881	-0.055216152	-0.07914467	-0.17818633	-0.03626131	10	-0.0028535563	0.09019071	0.35354757	Binding_K13	-0.001718015	0.054300305	0.2128572
A10R	A10R	10	10	-0.05705049	-0.18495554	-0.12181815	-0.114194684	0.07318848	0.03465895	0.022109022	-0.2201232	0.025126906	-0.23985684	10	-0.07829155	0.11436356	0.44830516	Binding_K13	-0.047136288	0.06885383	0.26990703
A10S	A10S	10	10	-0.13872778	-0.14204684	0.06718158	-0.08533082	-0.34039217	-0.02126804	-0.067559384	-0.034093503	-0.067034066	-0.07253357	10	-0.09018046	0.106297664	0.41668686	Binding_K13	-0.05429413	0.06399768	0.2508709
A10T	A10T	10	10	-0.45751262	-0.31484213	-0.36108923	-0.33868483	-0.38082585	-0.3099738	-0.5951101	-0.53676134	-0.40956998	-0.37404233	10	-0.4078412	0.09500157	0.37240615	Binding_K13	-0.24554527	0.05719674	0.22421123
A10V	A10V	10	10	-0.09431876	-0.093845025	-0.113653764	-0.04978429	-0.17028546	-0.13568328	-0.11435184	-0.23803404	-0.036179926	-0.11830224	10	-0.11644386	0.0576916	0.22615108	Binding_K13	-0.070106305	0.03473386	0.13615674
A10W	A10W	10	10	-0.01545153	0.37025264	0.23911567	-0.14122707	0.015703725	-0.06140481	-0.024958204	-0.04942588	0.10570345	0.022415336	10	0.04607233	0.15347067	0.601605	Binding_K13	0.027738351	0.092398696	0.36220288
A10Y	A10Y	10	10	-0.04181425	-0.48888037	-0.31420916	-0.47283432	-0.17433548	-0.077254206	-0.31648955	-0.09190146	-0.099570535	-0.13847335	10	-0.22157626	0.16537952	0.6482878	Binding_K13	-0.13340242	0.09956856	0.39030877
A129C	A129C	129	129	-0.563745	-0.480683	-0.43120912	-0.31871763	-0.39495537	-0.37698275	-0.47428602	-0.5143229	-0.6973782	-0.46125197	10	-0.47135314	0.10610226	0.41592085	Binding_K13	-0.28378335	0.06388003	0.25040972
A129D	A129D	129	129	0.5773583	0.42670652	0.3475416	0.5556205	0.54877853	0.40053564	0.5987205	0.55739856	0.2882083	0.42620593	10	0.47270745	0.108453125	0.42513627	Binding_K13	0.2845987	0.06529539	0.25595793
A129E	A129E	129	129	-0.13951255	0.08323906	-0.013239348	-0.07709194	-0.250725	-0.11113344	-0.30354264	-0.17758572	-0.22378223	-0.18491948	10	-0.13982932	0.115542546	0.45292678	Binding_K13	-0.08418578	0.06956366	0.27268955
A129F	A129F	129	129	-0.58076924	-0.44876435	-0.46091855	-0.83639896	-0.70177	-0.59858614	-0.54627514	-0.730978	-0.83162063	-0.70178497	10	-0.6437866	0.13892706	0.54459405	Binding_K13	-0.38759878	0.08364256	0.32787883
A129G	A129G	129	129	-0.26714686	-0.24601004	-0.31856698	-0.31994236	-0.31356692	-0.2512852	-0.22072762	-0.21001431	-0.29722297	-0.28518274	10	-0.2729666	0.040269397	0.15785605	Binding_K13	-0.16434254	0.024244633	0.09503896
A129H	A129H	129	129	-0.3850381	-0.37201402	-0.37825793	-0.3210713	-0.2701265	-0.30122557	-0.3820863	-0.59901994	-0.31896	-0.5412722	10	-0.38690716	0.10492007	0.41128668	Binding_K13	-0.2329417	0.06316828	0.24761966
A129I	A129I	129	129	-0.52341604	-0.34579623	-0.3944677	-0.523194	-0.68771845	-0.44485855	-0.6418421	-0.52406806	-0.5827951	-0.520516	10	-0.51886725	0.10471953	0.41050056	Binding_K13	-0.31238973	0.06304754	0.24714637
A129K	A129K	129	129	0.5538052	0.6096589	0.94725496	0.5855734	0.8683188	0.7292988	0.9964286	1.1909589	0.79693884	0.61460483	10	0.7892841	0.21051155	0.82520527	Binding_K13	0.47519717	0.12674078	0.49682388
A129L	A129L	129	129	-0.7895925	-0.84531826	-0.80721915	-0.8375953	-0.82334465	-0.74693584	-0.908755	-0.8593631	-0.8036172	-0.85381883	10	-0.82755595	0.044292234	0.17362556	Binding_K13	-0.49823913	0.026666626	0.10453318
A129M	A129M	129	129	-0.7589128	-0.6559417	-0.8323322	-0.9321442	-0.8732136	-0.82292974	-0.935496	-1.033935	-0.94804394	-0.86831415	10	-0.86612624	0.10686235	0.41890043	Binding_K13	-0.52146083	0.06433765	0.25220358
A129N	A129N	129	129	0.08806514	0.055534348	0.49607262	0.35856524	0.091544464	0.19711113	0.015340558	0.096639104	0.108150475	0.26747096	10	0.1774494	0.15299186	0.5997281	Binding_K13	0.106835365	0.092110425	0.36107287
A129P	A129P	129	129	-0.66573334	-0.42647228	-0.46496806	-0.35060394	-0.6238333	-0.42016914	-0.5170528	-0.5722266	-0.61455584	-0.38971707	10	-0.50453323	0.109906666	0.43083414	Binding_K13	-0.30375975	0.06617051	0.25938842
A129Q	A129Q	129	129	-0.44424444	-0.31871638	-0.30991325	-0.4857593	-0.3909458	-0.3146115	-0.37781963	-0.66838	-0.33568624	-0.48198295	10	-0.41280594	0.11212364	0.43952468	Binding_K13	-0.24853435	0.06750527	0.26462066
A129R	A129R	129	129	-0.032454185	0.1045916	0.14339684	0.15752585	0.26330763	0.26488268	0.37738132	0.3393014	0.13112792	0.3245696	10	0.20736308	0.12778068	0.50090027	Binding_K13	0.12484522	0.07693176	0.3015725
A129S	A129S	129	129	-0.3053528	-0.379939	-0.36608562	-0.4480577	-0.30418462	-0.32771593	-0.2566541	-0.31670076	-0.35135716	-0.29799327	10	-0.3354041	0.053497493	0.20971018	Binding_K13	-0.20193371	0.032208752	0.12625831
A129T	A129T	129	129	-0.51706356	-0.5304938	-0.33996028	-0.51833224	-0.5520302	-0.4430734	-0.45117027	-0.5963007	-0.5598707	-0.3814892	10	-0.48897845	0.082455605	0.32322598	Binding_K13	-0.29439485	0.0496433	0.19460174
A129V	A129V	129	129	-0.60701036	-0.5720524	-0.53822166	-0.6199096	-0.56392723	-0.50816596	-0.61293614	-0.56561327	-0.5182245	-0.5928424	10	-0.5698904	0.039158158	0.15349998	Binding_K13	-0.34310874	0.023575598	0.092416346
A129W	A129W	129	129	-1.0955908	-1.0380524	-1.0031792	-0.8661662	-0.53591025	-0.79923445	-0.6709547	-0.89309955	-0.7313398	-0.7077867	10	-0.8341314	0.17836754	0.69920075	Binding_K13	-0.502198	0.10738813	0.42096147
A129Y	A129Y	129	129	-0.88001174	-0.6620745	-0.8431202	-0.46895972	-0.48840082	-0.63382804	-0.8354729	-0.64538217	-0.627971	-0.53171355	10	-0.66169345	0.14795987	0.5800027	Binding_K13	-0.3983798	0.08908086	0.349197
A133C	A133C	133	133	-0.7249447	-0.6339246	-0.7321998	-0.81432873	-0.43251163	-0.33913368	-0.7150603	-0.8770974	-0.73845744	-0.5499598	10	-0.6557618	0.16894503	0.6622645	Binding_K13	-0.39480856	0.10171521	0.39872363
A133D	A133D	133	133	1.5103894	1.6280845	1.4116753	1.6875173	1.7245916	1.7043808	1.3704422	1.009926	1.1830974	1.6022935	10	1.4832398	0.23961322	0.93928385	Binding_K13	0.8930008	0.14426176	0.5655061
A133E	A133E	133	133	-0.48414034	-0.45203015	-0.76317024	-0.40455818	-0.02863439	-0.6978007	-0.13439545	0.2307159	-0.13109602	0.2672911	10	-0.25978187	0.35864276	1.4058796	Binding_K13	-0.15640453	0.21592481	0.8464253
A133F	A133F	133	133	0.39374432	0.3000321	0.296573	0.31116375	0.044939637	0.4754605	0.43178162	0.23464538	0.4153893	0.17406084	10	0.30777904	0.13122262	0.5143927	Binding_K13	0.18530175	0.07900402	0.30969575
A133G	A133G	133	133	-0.5450299	-0.62984484	-0.45341507	-0.55799854	-0.36091334	-0.43516517	-0.48374534	-0.6731316	-0.51544785	-0.3156269	10	-0.49703187	0.11173021	0.43798244	Binding_K13	-0.29924348	0.0672684	0.26369214
A133H	A133H	133	133	0.07417314	-0.5176438	0.24170992	0.22634844	0.464723	0.5143337	0.35338324	0.33818108	0.32949287	-0.13731426	10	0.18873873	0.31163806	1.2216212	Binding_K13	0.113632225	0.18762511	0.73549044
A133I	A133I	133	133	0.1729412	-0.17511642	-0.17015515	0.35092035	-0.29978245	-0.26811963	-0.17061447	0.07768599	0.22382256	0.062137064	10	-0.019628096	0.22599885	0.8859155	Binding_K13	-0.011817311	0.13606508	0.53337514
A133K	A133K	133	133	-0.08923235	-0.36795354	0.5225459	0.5326149	0.04324194	-0.11566409	0.32289752	0.15009658	-0.015166437	0.34805936	10	0.13314398	0.2955648	1.158614	Binding_K13	0.08016079	0.17794803	0.69755626
A133L	A133L	133	133	0.013185486	0.35214987	0.36380133	0.8527467	0.56643003	0.34240437	0.516561	0.2356527	0.49165878	0.48945165	10	0.4224042	0.22140992	0.8679269	Binding_K13	0.25431308	0.13330227	0.5225449
A133M	A133M	133	133	-0.11903207	-0.020282516	-0.47640926	-0.30526432	-0.067720935	0.09451427	-0.019868797	-0.2309806	-0.240754	-0.031270117	10	-0.14170684	0.1700098	0.66643846	Binding_K13	-0.08531616	0.10235627	0.4012366
A133N	A133N	133	133	-0.046527404	0.64831954	0.28510672	0.44113177	0.6639951	0.29856768	0.2765419	0.22608599	0.06039231	0.041757885	10	0.28953713	0.24107672	0.9450208	Binding_K13	0.17431901	0.14514288	0.56896013
A133P	A133P	133	133	0.3072975	0.09887723	0.6805027	0.28358915	0.5927977	0.2644474	0.56625134	0.4647045	0.48886955	0.505423	10	0.42527604	0.17996809	0.7054749	Binding_K13	0.2560421	0.10835176	0.4247389
A133Q	A133Q	133	133	-0.14202869	-0.2977517	-0.1032818	-0.49372628	-0.39950514	-0.20472144	-0.4904995	-0.5131432	-0.22316048	-0.00086329394	10	-0.28686816	0.181215	0.71036285	Binding_K13	-0.17271212	0.10910248	0.42768174
A133R	A133R	133	133	-0.24373662	-0.41097835	-0.345147	-0.15403089	-0.06430031	-0.36347812	-0.2929137	-0.627437	-0.4367308	-0.49368802	10	-0.34324408	0.1643796	0.64436805	Binding_K13	-0.20665386	0.09896654	0.38794884
A133S	A133S	133	133	-0.73156446	-0.57439315	-0.40653458	-0.60353595	-0.63199574	-0.7514299	-0.61994994	-0.58446616	-0.47004256	-0.67908776	10	-0.6053	0.106907666	0.41907805	Binding_K13	-0.3644275	0.06436493	0.25231054
A133T	A133T	133	133	-0.4527311	-0.25585425	-0.56021637	-0.4508883	-0.43214136	-0.6653979	-0.40087095	-0.4247805	-0.2853897	-0.47758994	10	-0.44058603	0.11859589	0.4648959	Binding_K13	-0.26525965	0.07140196	0.2798957
A133V	A133V	133	133	-0.26567224	-0.23476912	-0.17149197	-0.18513049	-0.27714914	-0.2640834	-0.3113067	-0.21048719	-0.5563705	-0.15299127	10	-0.2629452	0.11484393	0.4501882	Binding_K13	-0.15830904	0.06914305	0.27104077
A133W	A133W	133	133	0.6644446	0.42115933	0.260878	0.05924872	0.42482337	0.25164804	0.70781136	0.8330374	0.34112138	0.4026811	10	0.43668538	0.23588003	0.9246497	Binding_K13	0.26291123	0.14201416	0.5566955
A133Y	A133Y	133	133	0.87903017	0.75918627	0.9462346	0.44167268	0.6485087	0.4620947	0.21026029	0.68247026	0.8826414	0.83397007	10	0.6746069	0.23738848	0.93056285	Binding_K13	0.4061545	0.14292234	0.5602556
A145C	A145C	145	145	-0.29229456	-0.2572994	-0.37299338	-0.3493679	-0.36411515	-0.24230348	-0.2652427	-0.25036076	-0.33121815	-0.43774274	10	-0.3162938	0.06502346	0.25489196	Binding_K13	-0.19042815	0.03914809	0.15346052
A145D	A145D	145	145	-0.5010229	-0.3739953	0.008355813	-0.76628906	-0.2128717	-0.61631143	-0.24095853	-0.03431206	-0.88512313	-0.39375252	10	-0.4016281	0.29589608	1.1599127	Binding_K13	-0.24180461	0.17814748	0.69833815
A145E	A145E	145	145	-0.44610247	-1.042887	-0.60930425	-1.393187	-1.1344557	-0.78200555	-0.69584745	-1.2164068	-0.84634686	-1.0783244	10	-0.92448676	0.29693678	1.1639922	Binding_K13	-0.5565974	0.17877404	0.7007943
A145F	A145F	145	145	0.660487	0.6914236	0.584311	0.6035797	0.6633058	0.648614	0.60678697	0.6236881	0.7239335	0.7920171	10	0.6598147	0.06298692	0.24690872	Binding_K13	0.3972487	0.037921965	0.1486541
A145G	A145G	145	145	0.1160617	0.14857517	0.10562028	-0.010565947	0.05744334	0.061486658	-0.16603093	-0.23646225	-0.22488856	0.19956477	10	0.0050804215	0.15899548	0.6232623	Binding_K13	0.0030587234	0.09572497	0.37524188
A145H	A145H	145	145	-1.0854771	-0.84766006	-0.534386	-1.1412209	-0.36026907	-0.6309895	-0.7479395	-0.39320606	-0.55971974	-0.796941	10	-0.7097808	0.26608682	1.0430603	Binding_K13	-0.42733133	0.16020049	0.62798595
A145I	A145I	145	145	-0.26463148	-0.5572757	-1.004437	0.09102172	-0.30136445	-0.55134785	-0.31391674	-0.39703742	-0.45297375	-0.26238972	10	-0.40143523	0.28112534	1.1020113	Binding_K13	-0.24168849	0.1692546	0.6634781
A145K	A145K	145	145	-0.55635613	-0.5673404	-0.54444826	-0.9154395	-0.44863278	-0.6509225	-0.29875854	-0.51694727	-0.35000426	-0.6693837	10	-0.55182326	0.17410433	0.682489	Binding_K13	-0.33223125	0.10482142	0.41089997
A145L	A145L	145	145	-0.6026551	-0.69752383	-0.55183625	-0.37149158	-0.10813354	-0.23257847	-0.23093054	-0.6057731	-0.42168182	-0.24308352	10	-0.40656883	0.20062706	0.7864581	Binding_K13	-0.24477923	0.12078972	0.47349572
A145M	A145M	145	145	-0.6853931	-0.4169066	-0.13392328	0.015142506	-0.4483532	-0.8059978	-0.51392967	-0.4937182	-0.20496672	-0.77370054	10	-0.44617468	0.27288166	1.0696961	Binding_K13	-0.26862437	0.1642914	0.6440223
A145N	A145N	145	145	-0.0035886818	0.09364108	-0.16076764	-0.017928062	0.19820568	0.08899817	-0.33714345	-0.22735974	-0.117410235	-0.039052516	10	-0.05224054	0.16177247	0.6341481	Binding_K13	-0.03145199	0.097396895	0.38179582
A145P	A145P	145	145	-0.29197407	-0.39067286	-0.6842282	-0.18328792	0.2265995	-0.43662533	-0.026866402	-0.75251573	-0.8445242	-0.4390171	10	-0.38231122	0.33215892	1.302063	Binding_K13	-0.23017468	0.19997993	0.78392136
A145Q	A145Q	145	145	-0.95162666	-0.71479917	-0.9814271	-0.97363454	-0.7427052	-0.2130667	-0.5820266	-0.73090124	-1.0850985	-0.8136108	10	-0.77888966	0.25174612	0.9868448	Binding_K13	-0.46893907	0.15156652	0.59414077
A145R	A145R	145	145	-0.593624	-0.4334144	-0.3960348	-0.6791037	-0.3764395	-0.39693138	-0.094172664	-0.3547189	-0.35539463	-0.2361651	10	-0.39159986	0.1635687	0.64118934	Binding_K13	-0.23576699	0.09847833	0.38603505
A145S	A145S	145	145	0.16586891	0.19550982	0.13920784	-0.022579573	-0.0077736336	-0.17665091	0.018841403	-0.09898849	0.17730981	0.07297808	10	0.046372324	0.12574472	0.4929193	Binding_K13	0.027918966	0.07570598	0.29676744
A145T	A145T	145	145	-0.4386779	-0.4156464	-0.6876935	-0.35123688	-0.40830317	-0.60839427	-0.38372672	-0.47794604	-0.37230986	-0.31831646	10	-0.4462251	0.116807066	0.45788372	Binding_K13	-0.26865473	0.07032497	0.2756739
A145V	A145V	145	145	-0.24086264	-0.019119438	-0.05712949	0.038492262	-0.03336568	-0.0012909293	0.12641744	-0.17605679	-0.16802546	-0.1876346	10	-0.071857534	0.11691514	0.45830736	Binding_K13	-0.043262616	0.07039004	0.27592894
A145W	A145W	145	145	-0.8967203	-1.1053841	-1.1348317	-1.2127272	-1.3294221	-0.5311247	-0.6840132	-0.8464069	-0.83808297	-1.4084076	10	-0.99871206	0.28480086	1.1164194	Binding_K13	-0.6012856	0.17146748	0.6721525
A145Y	A145Y	145	145	-0.63068265	-0.2383626	-0.28912368	-0.4713438	-0.4158874	-0.8571324	-0.71929455	-0.5019358	-0.67665666	-0.8881089	10	-0.56885284	0.22310022	0.87455285	Binding_K13	-0.3424841	0.13431993	0.52653414
A154C	A154C	154	154	-0.4265836	-0.40666634	-0.1613769	-0.34637603	-0.2361492	-0.24056654	-0.37983274	-0.19541858	-0.52881765	-0.38709956	10	-0.33088872	0.11742172	0.46029314	Binding_K13	-0.19921519	0.070695035	0.27712455
A154D	A154D	154	154	0.22996245	0.019565482	0.058380105	-0.087695315	0.30542257	0.42262587	-0.026159942	0.16252223	0.25943115	1.2130318	10	0.25570863	0.37241542	1.4598684	Binding_K13	0.1539522	0.22421679	0.87892985
A154E	A154E	154	154	0.38174745	0.7520206	0.3453261	0.36499935	0.67865247	0.87048435	1.1729074	0.9300557	0.45984843	1.0163293	10	0.69723713	0.29921344	1.1729167	Binding_K13	0.41977927	0.18014473	0.70616734
A154F	A154F	154	154	-0.0038415398	0.25608146	0.08806653	0.0730319	0.20748521	0.068134636	0.21802871	0.37323266	0.13875829	0.37947085	10	0.17984487	0.13039412	0.51114494	Binding_K13	0.10827758	0.07850521	0.30774042
A154G	A154G	154	154	-0.813387	-0.4785274	-0.8506416	-0.8836883	-0.61802536	-0.62569493	-0.38672927	-0.56169164	-0.52121013	-0.5306844	10	-0.627028	0.16840239	0.66013736	Binding_K13	-0.3775091	0.10138851	0.39744297
A154H	A154H	154	154	-0.076848894	-0.060885977	-0.20618595	-0.5346269	0.17154975	-0.4236548	-0.22800799	-0.12137133	0.062000103	-0.4737207	10	-0.18917526	0.23189203	0.9090168	Binding_K13	-0.113895044	0.13961314	0.54728353
A154I	A154I	154	154	-0.64264154	-0.3854424	-0.17351286	-0.27324936	-0.9476919	-0.82050574	-0.5465093	-0.5337187	-0.54896635	-0.57172704	10	-0.5443965	0.23232251	0.91070426	Binding_K13	-0.3277599	0.13987231	0.5482995
A154K	A154K	154	154	0.0017414856	0.21596561	0.14011182	0.17228141	0.86487126	0.4891395	0.25205636	0.17633706	0.7939345	1.3047184	10	0.44111577	0.41695115	1.6344485	Binding_K13	0.2655786	0.25103003	0.98403776
A154L	A154L	154	154	-0.9535165	-0.58199173	-0.4936161	-0.50912976	-0.4146252	-0.65299046	-1.0811183	-1.0428602	-0.7364967	-0.76147866	10	-0.7227823	0.23654845	0.92726994	Binding_K13	-0.43515903	0.1424166	0.5582731
A154M	A154M	154	154	-1.2595038	-0.8465378	-0.70536923	-0.81116956	-0.586165	-0.874028	-0.90561706	-0.94214046	-1.1320362	-0.67077374	10	-0.87333405	0.20497216	0.8034909	Binding_K13	-0.52580035	0.12340574	0.48375052
A154N	A154N	154	154	0.23672661	0.52472687	0.48892358	0.3173107	0.9196046	0.7780563	0.6523273	0.6542422	0.47216558	1.0129144	10	0.60569984	0.24853602	0.9742612	Binding_K13	0.36466822	0.14963384	0.58656466
A154P	A154P	154	154	-0.8305323	-0.8767724	-0.8679393	-0.783906	-0.7229254	-0.8007742	-1.1140165	-1.0661322	-0.69156617	-0.77468055	10	-0.85292447	0.13802727	0.5410669	Binding_K13	-0.51351255	0.08310083	0.32575527
A154Q	A154Q	154	154	-0.07583595	-0.17438854	0.18331009	0.047919095	0.24479066	-0.079832256	-0.12767328	-0.48871255	0.39206454	-0.013865101	10	-0.009222327	0.2464309	0.96600914	Binding_K13	-0.005552403	0.14836644	0.58159643
A154R	A154R	154	154	1.22792	0.7688585	0.9804092	0.8916184	0.52892846	0.5249078	0.30119827	0.5390554	0.50803673	0.85059714	10	0.71215296	0.27922693	1.0945696	Binding_K13	0.42875952	0.16811164	0.65899765
A154S	A154S	154	154	-0.7302912	-0.58653796	-0.6766094	-0.64860004	-0.7117166	-0.6515413	-0.6248503	-0.7308778	-0.75780934	-0.6709534	10	-0.67897874	0.053575907	0.21001756	Binding_K13	-0.4087866	0.032255962	0.12644337
A154T	A154T	154	154	-0.8779338	-0.83424777	-0.8315724	-0.7823358	-0.7116276	-1.0525104	-1.2519649	-1.0114739	-1.3027948	-0.8524122	10	-0.9508873	0.19916487	0.7807263	Binding_K13	-0.5724921	0.11990939	0.47004482
A154V	A154V	154	154	-0.32204762	-0.29747665	-0.29811245	-0.37220085	-0.22693768	-0.3795819	-0.48462826	-0.40871453	-0.43558276	-0.45483857	10	-0.36801213	0.08123217	0.3184301	Binding_K13	-0.22156574	0.048906717	0.19171433
A154W	A154W	154	154	0.1520637	0.21757817	0.41180807	0.38756204	0.4268286	0.15254033	-0.11590881	0.0050250497	-0.23427458	0.5243495	10	0.1927572	0.25109512	0.98429286	Binding_K13	0.11605159	0.15117458	0.59260434
A154Y	A154Y	154	154	-0.41376606	-0.22866735	0.15174289	-0.20515205	-0.2647961	0.03342476	0.10798241	-0.3547197	0.13300593	-0.07988208	10	-0.11208272	0.20970115	0.8220285	Binding_K13	-0.06748063	0.12625287	0.49491128
A17C	A17C	17	17	-0.008424249	0.028986812	-0.036217634	-0.122761674	-0.019435415	0.003925394	-0.03380778	-0.084232114	0.046068776	0.06758673	10	-0.015831117	0.057839397	0.22673044	Binding_K13	-0.009531298	0.034822844	0.13650554
A17D	A17D	17	17	0.11495935	-0.01841073	0.07898376	0.051703498	0.065495536	0.0431019	0.03171408	0.031860873	0.040663645	-0.10228932	10	0.03377826	0.059011824	0.23132636	Binding_K13	0.020336572	0.035528716	0.13927257
A17E	A17E	17	17	0.08366658	0.045597043	-0.08879815	0.03866147	0.1990701	0.14667195	-0.007976057	0.2750883	0.06764277	0.28786626	10	0.104749024	0.121589795	0.476632	Binding_K13	0.0630653	0.07320447	0.28696153
A17F	A17F	17	17	0.53211254	0.39576492	0.3142185	0.26499373	-0.13529572	0.36604476	0.3531992	0.33983338	0.28547344	-0.36912656	10	0.23472181	0.27245077	1.0680071	Binding_K13	0.14131685	0.16403198	0.6430054
A17G	A17G	17	17	-0.022513857	-0.018847158	-0.1028751	-0.031608295	-0.05933506	-0.03144192	-0.11739157	-0.08205277	-0.063060254	-0.027747499	10	-0.055687357	0.035281178	0.13830222	Binding_K13	-0.033527184	0.02124142	0.08326637
A17H	A17H	17	17	0.70004034	0.2082777	0.2680207	0.19032903	0.20161067	0.49303964	0.27678466	0.30290496	0.22866195	0.30953115	10	0.3179201	0.1601931	0.627957	Binding_K13	0.19140728	0.096446015	0.3780684
A17I	A17I	17	17	0.16636772	0.08378985	0.16740167	0.31424558	0.41033626	0.34487623	0.2980366	0.26449606	0.15921962	0.4469257	10	0.26556954	0.118974194	0.46637884	Binding_K13	0.15988906	0.07162972	0.2807885
A17K	A17K	17	17	0.12795907	0.14742143	0.00043058538	-0.020741247	0.07404855	0.00065571256	0.016067514	0.00887707	-0.034456518	-0.015995763	10	0.03042664	0.06372064	0.24978493	Binding_K13	0.018318692	0.038363714	0.15038577
A17L	A17L	17	17	0.5508507	0.4507915	0.2746999	0.40845633	0.35727277	0.53151745	0.5595464	0.6572483	0.47103047	0.32801795	10	0.4589432	0.118951574	0.46629018	Binding_K13	0.27631178	0.0716161	0.2807351
A17M	A17M	17	17	-0.07740871	0.045670502	0.007668949	0.13090165	-0.052194227	-0.027653249	0.105328664	-0.20852068	0.10043644	-0.047370434	10	-0.0023141094	0.1030716	0.4040407	Binding_K13	-0.0013932349	0.062055387	0.24325712
A17N	A17N	17	17	-0.24840158	-0.29025853	-0.21786758	-0.26159018	-0.05238128	-0.47296625	-0.47166917	-0.11220575	-0.16394773	-0.09298799	10	-0.23842761	0.14544961	0.5701625	Binding_K13	-0.14354795	0.087569535	0.3432726
A17P	A17P	17	17	-0.52153003	-0.60835695	-0.6863561	-0.4486166	-0.45594957	-0.54806286	-0.41014957	-0.4579557	-0.6690393	-0.6385694	10	-0.54445857	0.10092628	0.39563102	Binding_K13	-0.32779726	0.060763773	0.23819399
A17Q	A17Q	17	17	-0.011881037	-0.15180355	0.02355944	-0.26162893	-0.2085747	0.029568642	-0.28750655	-0.20646903	-0.1461635	-0.012367162	10	-0.12332662	0.12077506	0.47343823	Binding_K13	-0.07425015	0.07271395	0.28503868
A17R	A17R	17	17	0.16780557	0.10437633	0.18386546	0.32222986	0.20374186	0.1546863	0.11031316	0.10424483	0.13147832	0.0572701	10	0.15400116	0.07346131	0.28796834	Binding_K13	0.09271809	0.04422819	0.1733745
A17S	A17S	17	17	-0.2780163	-0.18356253	-0.2468219	-0.1506296	-0.02905533	-0.037054863	-0.19480295	-0.1316026	-0.1420463	-0.25278956	10	-0.1646382	0.08505271	0.33340663	Binding_K13	-0.09912224	0.051206917	0.20073111
A17T	A17T	17	17	0.18230323	0.20374359	0.21289353	0.23010142	0.15226771	0.18124282	0.06391863	0.21413912	0.25727776	0.121036984	10	0.18189248	0.056749802	0.22245923	Binding_K13	0.10951037	0.034166843	0.13393402
A17V	A17V	17	17	0.1486903	0.066461936	0.115236565	0.1289936	0.13681059	0.18319415	0.1583353	0.20896941	0.1543009	0.0509038	10	0.13518965	0.04841701	0.18979467	Binding_K13	0.081392415	0.029149992	0.114267975
A17W	A17W	17	17	0.27365342	0.34756678	0.24337469	0.63230133	0.403576	0.60159683	0.38206306	0.7329554	0.71362627	0.37272024	10	0.4703434	0.18216808	0.7140989	Binding_K13	0.2831754	0.109676294	0.42993107
A17Y	A17Y	17	17	-0.36321282	0.3930714	0.37960976	-0.19733633	0.05893457	-0.14009547	-1.362023	-0.9824905	-1.162098	-0.6870325	10	-0.40626732	0.6222649	2.4392786	Binding_K13	-0.24459769	0.37464142	1.4685944
A58C	A58C	58	58	-0.36197576	-0.36058673	-0.31099516	-0.47549742	-0.36021984	-0.2349125	-0.23856093	-0.45739728	-0.16205603	-0.2964494	10	-0.3258651	0.09842909	0.38584206	Binding_K13	-0.19619066	0.059260316	0.23230045
A58D	A58D	58	58	-0.26795596	-0.49814194	-0.39290088	-0.2457141	-0.3716379	-0.3288648	-0.32058394	-0.13347742	-0.22322027	-0.27681252	10	-0.305931	0.1011403	0.39646998	Binding_K13	-0.18418911	0.060892627	0.23869911
A58E	A58E	58	58	-0.15544124	-0.01913055	-0.25978327	-0.17762388	-0.18922901	-0.3106914	-0.051900044	-0.19796978	-0.1980427	-0.21496312	10	-0.1774775	0.087073006	0.34132618	Binding_K13	-0.10685227	0.052423257	0.20549917
A58F	A58F	58	58	0.23244229	0.2750382	0.30367175	0.3897273	0.19860937	0.22265834	0.1754664	0.3839757	0.2628538	0.061258815	10	0.2505702	0.09776279	0.38323015	Binding_K13	0.15085854	0.058859162	0.23072793
A58G	A58G	58	58	-0.33809242	-0.41781038	-0.4835768	-0.41291296	-0.39664587	-0.42365578	-0.4360596	-0.34166792	-0.44607818	-0.37667647	10	-0.40731764	0.045591258	0.17871773	Binding_K13	-0.24523005	0.027448718	0.107598975
A58H	A58H	58	58	-0.34420246	-0.30051214	-0.21041287	-0.23874728	-0.3567233	-0.2242744	-0.38393867	-0.16249049	-0.1586736	-0.32200336	10	-0.27019784	0.08179511	0.32063684	Binding_K13	-0.16267557	0.049245644	0.19304293
A58I	A58I	58	58	0.084611036	0.11335536	0.25637636	0.26421854	0.124443315	0.31339604	0.051451296	-0.0375615	-0.034516618	0.11793159	10	0.12537055	0.120753	0.47335175	Binding_K13	0.075480714	0.072700664	0.28498662
A58K	A58K	58	58	-0.5338405	-0.30517218	-0.56747353	-0.26069558	-0.33219457	-0.30635265	-0.29045925	-0.29329285	-0.49784216	-0.32533407	10	-0.3712657	0.11450531	0.44886082	Binding_K13	-0.2235246	0.06893918	0.2702416
A58L	A58L	58	58	0.042037897	0.17568144	0.043211643	0.12656063	0.14221795	0.014988241	0.1819303	0.05268666	0.033260494	0.021675145	10	0.08342504	0.06567581	0.25744918	Binding_K13	0.05022696	0.039540842	0.1550001
A58M	A58M	58	58	0.1496133	0.08629004	0.03010995	0.16475423	-0.074161	0.13254015	0.04787776	-0.028621081	0.07140785	-0.006261839	10	0.05735494	0.079092965	0.31004444	Binding_K13	0.03453117	0.047618788	0.18666565
A58N	A58N	58	58	-0.39837703	-0.3119831	-0.40796754	-0.49770048	-0.53734523	-0.3719598	-0.6043749	-0.5106913	-0.5099938	-0.408487	10	-0.45588803	0.08942163	0.3505328	Binding_K13	-0.2744724	0.053837273	0.21104212
A58P	A58P	58	58	-0.36809316	-0.36319208	-0.2874841	-0.33297557	-0.3634316	-0.43515772	-0.40839836	-0.44037524	-0.4054967	-0.466247	10	-0.38708514	0.05431382	0.21291018	Binding_K13	-0.23304886	0.03270023	0.1281849
A58Q	A58Q	58	58	-0.18765324	-0.16092002	-0.13484028	-0.24635717	-0.4182839	-0.42464912	-0.21516941	-0.3020512	-0.42514214	-0.2464293	10	-0.27614957	0.111400776	0.43669105	Binding_K13	-0.16625889	0.06707006	0.26291463
A58R	A58R	58	58	-0.46438327	-0.56337863	-0.47042063	-0.5120004	-0.49459457	-0.49704596	-0.44631252	-0.5365966	-0.53651947	-0.43420047	10	-0.49554524	0.04220157	0.16543016	Binding_K13	-0.29834846	0.02540792	0.09959905
A58S	A58S	58	58	-0.44745007	-0.40235797	-0.39785042	-0.33119342	-0.32951516	-0.42711145	-0.44569695	-0.32169032	-0.45494896	-0.39850274	10	-0.39563173	0.051370777	0.20137346	Binding_K13	-0.23819442	0.03092834	0.121239096
A58T	A58T	58	58	-0.38552797	-0.2770589	-0.37301153	-0.4807021	-0.577868	-0.36018407	-0.4518484	-0.40487584	-0.42811024	-0.29976326	10	-0.403895	0.087677054	0.34369406	Binding_K13	-0.24316941	0.05278693	0.20692478
A58V	A58V	58	58	0.046674006	-0.014195611	-0.08921029	-0.16210586	0.010110635	-0.053209867	-0.07633062	-0.058813993	0.017470988	0.0096789235	10	-0.03699317	0.062848754	0.24636713	Binding_K13	-0.022272144	0.037838783	0.14832804
A58W	A58W	58	58	-0.069897406	-0.0027176293	-0.32523793	-0.269893	0.041713193	-0.17340177	0.06543643	0.16696241	0.024912741	0.12819596	10	-0.041392703	0.16579868	0.64993083	Binding_K13	-0.024920931	0.09982091	0.391298
A58Y	A58Y	58	58	-0.026371859	-0.09495321	-0.06772491	0.10589184	-0.04641988	0.01897507	0.06146301	0.02848613	-0.08794982	-0.08665012	10	-0.019525375	0.06995742	0.2742331	Binding_K13	-0.011755466	0.04211863	0.16510504
A65C	A65C	65	65	-0.10594587	-0.26358747	-0.32474545	-0.17442031	-0.91140014	-0.3935332	-0.316218	-0.30939645	-0.2424736	-0.31897697	10	-0.33606973	0.21831031	0.8557764	Binding_K13	-0.20233446	0.13143612	0.51522964
A65D	A65D	65	65	-0.5817397	-0.4989087	-0.39619428	-0.7060576	-0.5292889	-0.6325734	-0.7822174	-0.9156121	-0.67593557	-0.8716891	10	-0.6590217	0.1656498	0.64934725	Binding_K13	-0.39677122	0.09973128	0.39094663
A65E	A65E	65	65	-0.20179711	-0.26327565	-0.3199052	-0.32907376	-0.33747986	-0.4386859	-0.35902557	-0.40020594	-0.19478598	-0.07051706	10	-0.2914752	0.11025397	0.43219557	Binding_K13	-0.17548585	0.066379614	0.2602081
A65F	A65F	65	65	-0.19659153	-0.14065601	-0.19733134	-0.08465471	0.003570182	-0.0775099	-0.09379637	-0.1067531	-0.41093805	-0.42379886	10	-0.17284596	0.14160633	0.5550968	Binding_K13	-0.10406381	0.085255645	0.33420214
A65G	A65G	65	65	-0.26527283	-0.2728515	-0.24171683	-0.22116403	-0.21494968	-0.35245728	-0.44058493	-0.34540576	-0.3671913	-0.19174312	10	-0.29133373	0.08086296	0.3169828	Binding_K13	-0.17540067	0.048684433	0.19084299
A65H	A65H	65	65	-0.30392587	-0.2193624	-0.43158078	-0.13293095	-0.3459072	-0.30217877	-0.18291952	-0.20803958	-0.45733172	-0.38151205	10	-0.29656887	0.1091889	0.4280205	Binding_K13	-0.17855254	0.06573837	0.25769442
A65I	A65I	65	65	-0.5262084	-0.44178957	-0.5098256	-0.29693896	-0.39345443	-0.32128462	-0.2680404	-0.36515114	-0.4562501	-0.43634737	10	-0.40152907	0.08799414	0.34493706	Binding_K13	-0.24174498	0.05297784	0.20767315
A65K	A65K	65	65	-0.30448267	-0.2885353	-0.6288357	-0.24481982	0.036623396	-0.21072145	-0.49453107	-0.08783641	-0.115271084	-0.13984361	10	-0.24782535	0.19664517	0.7708491	Binding_K13	-0.14920597	0.118392386	0.46409816
A65L	A65L	65	65	-0.08785754	-0.063927986	-0.23123159	-0.23214494	-0.30589348	-0.25486958	-0.07041392	-0.19639462	-0.1973741	-0.29538065	10	-0.19354884	0.089949414	0.3526017	Binding_K13	-0.116528206	0.054155033	0.21228774
A65M	A65M	65	65	-0.11575171	-0.40730765	-0.064254396	-0.123200096	-0.21425602	-0.43318647	-0.17357102	-0.4545047	-0.5059249	-0.7999755	10	-0.32919326	0.2312049	0.9063232	Binding_K13	-0.19819441	0.13919945	0.54566187
A65N	A65N	65	65	-0.32101113	-0.5233883	-0.5342619	-0.26309964	-0.28553078	-0.4508981	-0.2930389	-0.29282692	-0.45816985	-0.27692753	10	-0.3699153	0.10869536	0.4260858	Binding_K13	-0.22271156	0.065441236	0.25652966
A65P	A65P	65	65	-0.4420796	-0.4526066	-0.54523975	-0.38526905	-0.47761965	-0.51220673	-0.47191152	-0.41358542	-0.46818712	-0.45929042	10	-0.4627996	0.045396622	0.17795476	Binding_K13	-0.2786336	0.027331535	0.10713962
A65Q	A65Q	65	65	-0.3025611	-0.37449098	-0.24908397	-0.3957595	-0.27298206	-0.4452004	-0.44913405	-0.30221477	-0.37640002	-0.41083708	10	-0.3578664	0.071502455	0.28028962	Binding_K13	-0.2154574	0.043048836	0.16875145
A65R	A65R	65	65	-0.22916871	-0.22598813	-0.2238939	-0.150227	-0.06800354	-0.10559402	-0.15331769	-0.12879652	-0.17845841	-0.09450334	10	-0.15579514	0.057938732	0.22711983	Binding_K13	-0.093798175	0.03488265	0.13673998
A65S	A65S	65	65	0.012302344	-0.01718261	0.087884575	0.2024176	0.06329948	0.071127124	0.067853235	0.08986329	0.02651901	0.031225896	10	0.06353099	0.059819154	0.2344911	Binding_K13	0.03824953	0.036014777	0.14117792
A65T	A65T	65	65	-0.35641736	-0.45011842	-0.43780574	-0.44041753	-0.21567786	-0.41209418	-0.4793602	-0.3822843	-0.31391463	-0.045246042	10	-0.35333365	0.13320431	0.5221609	Binding_K13	-0.2127284	0.08019712	0.31437272
A65V	A65V	65	65	-0.3011955	-0.26495257	-0.4722534	-0.3097253	-0.26625863	-0.550991	-0.4378416	-0.62280893	-0.38519007	-0.2896927	10	-0.39009097	0.12672639	0.49676746	Binding_K13	-0.23485856	0.076297015	0.2990843
A65W	A65W	65	65	-0.060748775	-0.18636338	-0.15659009	-0.10353881	-0.037090767	0.023439242	0.14274466	0.034649048	0.069409885	-0.07973218	10	-0.035382118	0.103182785	0.40447652	Binding_K13	-0.021302192	0.062122326	0.24351953
A65Y	A65Y	65	65	-0.49910077	-0.33666235	-0.20305926	-0.244729	-0.51962423	-0.54675275	-0.36010134	-0.38168034	-0.4467885	-0.37718442	10	-0.3915683	0.113773644	0.44599268	Binding_K13	-0.235748	0.06849867	0.26851478
A82C	A82C	82	82	-0.7817631	-0.9554693	-0.55196583	-0.57925254	-0.5032099	-0.7430917	-0.6505193	-0.745209	-0.6790109	-0.61294276	10	-0.68024343	0.13234448	0.51879036	Binding_K13	-0.409548	0.07967945	0.31234345
A82D	A82D	82	82	-1.4408501	-1.162587	-1.0371616	-0.7657762	-1.5144079	-1.3588436	-1.3560473	-1.1805004	-1.5226165	-1.17543	10	-1.251422	0.23606321	0.92536783	Binding_K13	-0.7534324	0.14212444	0.55712783
A82E	A82E	82	82	-0.3980768	-0.042190578	-0.26987725	-0.31501803	-0.25843158	-0.15939882	-0.17400254	-0.25056025	-0.30000865	-0.20121363	10	-0.2368778	0.09829015	0.38529742	Binding_K13	-0.14261487	0.059176665	0.23197253
A82F	A82F	82	82	-0.19159627	-0.23927864	-0.39138886	-0.48299348	-0.44883728	-0.20464528	-0.29233915	-0.23298503	-0.6080962	-0.5097288	10	-0.3601889	0.14748037	0.57812303	Binding_K13	-0.21685567	0.088792175	0.34806535
A82G	A82G	82	82	-0.05767517	0.025183972	0.024596194	0.062045895	0.025944171	0.041975543	-0.027424356	0.03526003	0.26141793	0.1760828	10	0.0567407	0.094278045	0.36956996	Binding_K13	0.034161363	0.05676113	0.22250363
A82H	A82H	82	82	-1.133374	-1.2570584	-0.974409	-0.8284143	-0.60225844	-0.83428305	-0.88259685	-0.7657726	-0.9096409	-0.889355	10	-0.90771616	0.18364058	0.7198711	Binding_K13	-0.54650044	0.11056283	0.4334063
A82I	A82I	82	82	-0.103998154	-0.3592953	-0.49302748	-0.23913796	-0.3198188	-1.7473385	-0.88032556	-0.35129845	-0.7406275	0.006679422	10	-0.52281886	0.5065362	1.9856219	Binding_K13	-0.31476882	0.30496567	1.1954654
A82K	A82K	82	82	-0.573481	-0.13501346	-0.17305669	0.06500253	-0.6791989	-0.3694521	-0.2778111	-0.4997789	-0.54650384	-0.09173882	10	-0.3281032	0.2441794	0.95718324	Binding_K13	-0.19753814	0.1470109	0.57628274
A82L	A82L	82	82	-0.24398087	-0.27583787	-0.26450393	-0.40535656	-0.28355002	-0.28916964	-0.22108918	-0.04197779	-0.09540137	-0.27235368	10	-0.2393221	0.102782965	0.40290922	Binding_K13	-0.1440865	0.061881613	0.24257593
A82M	A82M	82	82	-0.78232855	-0.6662531	-0.35891843	-0.3083573	-0.43190062	-0.51609886	-0.4066371	-0.43004674	-0.6340589	-0.40542388	10	-0.49400234	0.15240441	0.5974253	Binding_K13	-0.29741952	0.091756746	0.35968646
A82N	A82N	82	82	-1.1485213	-1.0470922	-0.89505637	-0.39924836	-1.4776577	-0.89534193	-0.7349823	-0.092827894	-0.958772	-1.3078754	10	-0.8957375	0.4104575	1.6089934	Binding_K13	-0.5392886	0.24712044	0.96871215
A82P	A82P	82	82	-0.16858263	-0.1694632	-0.23115237	-0.32449389	-0.6296467	-0.6669726	-0.32751313	0.07114331	-0.025940662	-0.07790378	10	-0.25505257	0.2416892	0.9474217	Binding_K13	-0.1535572	0.14551164	0.57040566
A82Q	A82Q	82	82	-0.33758542	-0.19853805	-0.35474285	-0.27702856	-0.009748469	-0.25344956	-0.2805291	-0.27320495	-0.15441413	-0.15892616	10	-0.22981672	0.10251385	0.4018543	Binding_K13	-0.13836367	0.06171959	0.2419408
A82R	A82R	82	82	-0.056186687	-0.091533884	-0.10378489	0.003386734	0.012451185	-0.19974539	-0.20932105	-0.2904706	-0.17662711	-0.2248619	10	-0.13366936	0.10200486	0.39985907	Binding_K13	-0.0804771	0.061413147	0.24073954
A82S	A82S	82	82	-0.36963645	-0.39273334	-0.37255388	-0.386644	-0.29922807	-0.56061816	-0.30436054	-0.51433134	-0.3702743	-0.33473915	10	-0.39051193	0.0845383	0.33139014	Binding_K13	-0.235112	0.050897215	0.19951709
A82T	A82T	82	82	-0.77302194	-0.5413651	-0.3446227	-0.3983142	-0.4046959	-0.091145486	-0.61833715	-0.45866308	-0.4667557	-0.5519571	10	-0.46488786	0.18079072	0.70869964	Binding_K13	-0.27989084	0.10884704	0.4266804
A82V	A82V	82	82	0.11091815	-0.06572891	-0.23782986	0.1547589	-0.005245384	0.055950906	0.032478537	0.004395063	0.016498113	-0.028628103	10	0.0037567406	0.106624626	0.41796854	Binding_K13	0.002261787	0.06419452	0.25164253
A82W	A82W	82	82	-0.090818755	0.06664029	-0.026113067	-0.081889115	0.074687414	-0.06582217	0.12143245	0.05654083	-0.30583766	-0.10147252	10	-0.03526523	0.12442184	0.48773363	Binding_K13	-0.021231819	0.07490954	0.29364538
A82Y	A82Y	82	82	-1.242256	-1.095565	-0.10819866	-0.64549	-0.98232114	-1.2038579	-0.9305147	-0.40441123	-0.8075878	-1.7442961	10	-0.91644984	0.46084768	1.806523	Binding_K13	-0.5517587	0.2774584	1.087637
C117A	C117A	117	117	-0.24722438	-0.4077985	-0.33009115	-0.2565242	-0.416235	-0.34191012	-0.34468576	-0.16363455	-0.3003057	-0.4036883	10	-0.32120976	0.08118128	0.31823063	Binding_K13	-0.19338787	0.04887608	0.19159424
C117D	C117D	117	117	-0.44351146	-0.5342879	-0.588375	-0.1774382	-0.37654272	-0.17087454	-0.3377364	-0.2937418	-0.53904784	-0.3956918	10	-0.38572478	0.14547879	0.57027686	Binding_K13	-0.23222984	0.087587096	0.3433414
C117E	C117E	117	117	-0.04832448	-0.06698237	-0.07240197	-0.1860675	-0.20355919	-0.059816264	-0.21523984	-0.5910149	-0.35075122	-0.14780267	10	-0.19419605	0.16835056	0.6599342	Binding_K13	-0.11691786	0.1013573	0.39732063
C117F	C117F	117	117	-0.23387891	-0.27034837	-0.24881795	-0.2325744	-0.25101873	-0.20056354	-0.2973721	-0.2365079	-0.29076114	-0.24379802	10	-0.25056413	0.028957637	0.11351394	Binding_K13	-0.15085489	0.017434264	0.06834231
C117G	C117G	117	117	-0.2226331	-0.3069875	-0.4206247	-0.36231184	-0.3715304	-0.33549294	-0.22077926	-0.28458583	-0.3045993	-0.29076114	10	-0.3120306	0.063260116	0.24797966	Binding_K13	-0.18786146	0.038086448	0.14929888
C117H	C117H	117	117	-0.12906884	-0.28481734	-0.49301827	-0.30429697	-0.33250242	-0.35340038	-0.72127146	-0.5524977	-0.39011928	-0.2416686	10	-0.38026613	0.16962467	0.66492873	Binding_K13	-0.2289434	0.10212439	0.40032762
C117I	C117I	117	117	-0.35362926	-0.35104513	-0.21375933	-0.24692462	-0.24452129	-0.3410441	-0.47629556	-0.2980074	-0.36116937	-0.43663368	10	-0.33230296	0.08403596	0.32942098	Binding_K13	-0.20006664	0.050594773	0.19833152
C117K	C117K	117	117	-0.33088416	-0.30602208	-0.4134955	-0.31633052	-0.21478496	-0.47097734	-0.39177883	-0.13767044	-0.24295092	-0.31165212	10	-0.31365472	0.098281324	0.3852628	Binding_K13	-0.18883927	0.05917135	0.2319517
C117L	C117L	117	117	-0.53190494	-0.47557566	-0.35678416	-0.35742304	-0.34218895	-0.55480605	-0.4402084	-0.5789474	-0.48705235	-0.5334811	10	-0.46583718	0.08805735	0.3451848	Binding_K13	-0.28046238	0.05301589	0.2078223
C117M	C117M	117	117	-0.38022205	-0.51979655	-0.48478517	-0.47844544	-0.33632457	-0.18468872	-0.34431398	-0.58938617	-0.47266117	-0.46784776	10	-0.42584714	0.11579117	0.4539014	Binding_K13	-0.25638595	0.06971335	0.27327633
C117N	C117N	117	117	-0.255765	-0.52993923	-0.25909078	-0.28876755	-0.13466726	-0.43417892	-0.49100262	-0.22331887	-0.24377216	-0.36425072	10	-0.3224753	0.12761389	0.50024647	Binding_K13	-0.1941498	0.07683134	0.30117887
C117P	C117P	117	117	-0.47048867	-0.5262273	-0.024646087	-0.06953688	0.12208078	-0.6033246	-0.80266917	-0.7078926	-0.7027559	-0.5333672	10	-0.43188277	0.323373	1.2676221	Binding_K13	-0.26001975	0.19469026	0.7631858
C117Q	C117Q	117	117	-0.5783201	-0.40892416	-0.50661933	-0.35691926	-0.36894742	-0.42732888	-0.4072161	-0.3741173	-0.3400026	-0.37851268	10	-0.4146908	0.07411526	0.29053184	Binding_K13	-0.24966915	0.044621907	0.17491788
C117R	C117R	117	117	-0.35383457	-0.3760502	-0.37701112	-0.43051133	-0.27171892	-0.32161957	-0.38401887	-0.562711	-0.3999327	-0.28529257	10	-0.3762701	0.082341276	0.3227778	Binding_K13	-0.22653754	0.04957447	0.19433191
C117S	C117S	117	117	-0.21584557	-0.27581546	-0.2381269	-0.17209007	-0.21217307	-0.19079283	-0.20579973	-0.18069321	-0.1926664	-0.25435424	10	-0.21383576	0.03327482	0.13043728	Binding_K13	-0.12874217	0.02003347	0.0785312
C117T	C117T	117	117	-0.5165113	-0.42905214	-0.34537095	-0.3512967	-0.17732155	-0.5085407	-0.4027992	-0.3496973	-0.38723543	-0.36302277	10	-0.3830848	0.09565519	0.37496835	Binding_K13	-0.23064041	0.057590257	0.22575381
C117V	C117V	117	117	-0.13405819	-0.34050196	-0.20004673	-0.20137163	-0.2686914	-0.25571644	-0.27804866	-0.3629337	-0.24668902	-0.23761514	10	-0.2525673	0.06709395	0.2630083	Binding_K13	-0.15206091	0.040394653	0.15834704
C117W	C117W	117	117	-0.195706	-0.1295322	-0.4304633	-0.32549503	-0.28930455	-0.10948288	-0.19745356	-0.20442319	-0.43905598	-0.13789517	10	-0.24588117	0.12018279	0.47111654	Binding_K13	-0.14803545	0.072357364	0.28364086
C117Y	C117Y	117	117	-0.1868422	-0.3617173	-0.21689777	-0.32189617	-0.22698112	-0.26043698	-0.3873346	-0.3172093	-0.17110099	-0.291332	10	-0.27417487	0.073666155	0.28877133	Binding_K13	-0.16506998	0.04435152	0.17385796
C184A	C184A	184	184	-0.34193105	-0.23126589	-0.22378916	-0.25756118	-0.09404924	-0.10097207	-0.24520099	-0.2284085	-0.4089159	-0.61346364	10	-0.27455577	0.15198533	0.5957825	Binding_K13	-0.16529931	0.09150444	0.3586974
C184D	C184D	184	184	-0.33921686	0.03709735	-0.5010322	-0.39607266	-0.6253037	-0.44099435	-0.107643105	-0.41058213	-0.75472176	-0.3549565	10	-0.3893426	0.22845352	0.8955378	Binding_K13	-0.23440799	0.13754295	0.53916836
C184E	C184E	184	184	-0.7228828	-0.5624393	-0.30997816	-0.648225	-0.6460088	-0.56993586	-0.9835608	-0.6547982	-0.3064271	-0.42817634	10	-0.58324325	0.20248243	0.79373115	Binding_K13	-0.351148	0.12190677	0.47787455
C184F	C184F	184	184	-0.27663338	-0.24260665	-0.32523772	-0.23943828	-0.34127197	-0.41784856	-0.43884507	-0.1296545	-0.3477224	-0.06642161	10	-0.28256798	0.11824147	0.46350655	Binding_K13	-0.17012314	0.07118857	0.2790592
C184G	C184G	184	184	-0.028468372	-0.0022111507	-0.016926575	-0.0029947588	-0.0074727056	0.018015467	-0.07800506	-0.075421475	-0.015559484	-0.23048942	10	-0.04395335	0.072505094	0.28421998	Binding_K13	-0.026462598	0.043652486	0.17111775
C184H	C184H	184	184	0.02394918	0.1466388	-0.050077356	-0.25290602	0.17311797	-0.023988264	0.037771277	-0.10289204	-0.15764426	0.17727096	10	-0.0028759763	0.14425996	0.56549907	Binding_K13	-0.0017315131	0.08685329	0.3404649
C184I	C184I	184	184	-0.4754264	-0.40820953	-0.34916082	-0.31523564	-0.4986695	-0.46082535	-0.27047974	-0.6102724	-0.36328617	-0.32166022	10	-0.4073226	0.10376274	0.40674993	Binding_K13	-0.24523303	0.062471494	0.24488826
C184K	C184K	184	184	-0.09025795	0.021371422	0.28413552	-0.007290048	0.19945203	0.16263075	-0.17270999	-0.09199439	0.096998714	-0.059689835	10	0.034264624	0.14724958	0.57721835	Binding_K13	0.020629393	0.08865322	0.34752065
C184L	C184L	184	184	-0.42705047	-0.57081383	-0.81116503	-0.90674436	-0.50522554	-0.626965	-0.5525795	-0.610032	-0.6944495	-0.6001763	10	-0.6305201	0.14185703	0.55607957	Binding_K13	-0.37961155	0.08540658	0.3347938
C184M	C184M	184	184	-0.6364074	-0.5598065	-0.60147685	-0.46348676	-0.72532684	-0.82263094	-0.62677777	-0.5045035	-0.5143387	-0.84894735	10	-0.63037026	0.13198324	0.5173743	Binding_K13	-0.37952134	0.079461955	0.31149086
C184N	C184N	184	184	0.28872392	0.20890683	0.024064474	0.045382015	0.2111509	0.35822564	0.27811086	0.07035274	0.47531816	0.26193404	10	0.22221696	0.14359693	0.5629	Binding_K13	0.13378817	0.08645411	0.33890012
C184P	C184P	184	184	-0.018995078	0.10892589	-0.09352797	0.020630611	0.1453898	0.030035218	-0.118822	0.082815476	-0.16611448	-0.11426591	10	-0.012392845	0.10725413	0.4204362	Binding_K13	-0.0074612484	0.06457353	0.25312823
C184Q	C184Q	184	184	-0.43033817	0.12569071	-0.363057	-0.020405294	-0.17712818	0.09216587	-0.107725725	-0.28141633	-0.056880016	0.010648776	10	-0.12084453	0.18891488	0.74054635	Binding_K13	-0.07275578	0.113738276	0.44585404
C184R	C184R	184	184	0.006652116	-0.07520657	0.08084441	-0.015165793	-0.023955863	-0.01520508	0.04712984	0.13262838	0.12785025	0.08498937	10	0.035056107	0.070207834	0.2752147	Binding_K13	0.021105913	0.042269398	0.16569604
C184S	C184S	184	184	0.10995091	0.11118978	0.07448095	-0.051620834	0.02282109	0.03229074	0.08583984	0.10961269	-0.02622535	-0.036251083	10	0.043208875	0.06406876	0.25114954	Binding_K13	0.026014376	0.0385733	0.15120733
C184T	C184T	184	184	-0.2592678	-0.06086072	0.12985066	-0.01920595	-0.0425916	0.03086625	-0.025359465	-0.03455183	0.03201625	-0.15711662	10	-0.040622085	0.10644076	0.4172478	Binding_K13	-0.024456972	0.06408383	0.2512086
C184V	C184V	184	184	-0.5524275	-0.5397483	-0.55684286	-0.7708752	-0.657724	-0.61403286	-0.63022906	-0.5902411	-0.46005332	-0.58758324	10	-0.59597576	0.08237422	0.32290697	Binding_K13	-0.35881373	0.049594305	0.19440968
C184W	C184W	184	184	0.043245506	-0.013361597	0.08968962	-0.15355939	-0.101311594	-0.061498497	0.08992908	-0.20339271	0.1160356	0.2239095	10	0.0029685528	0.13361926	0.5237875	Binding_K13	0.0017872498	0.08044694	0.31535202
C184Y	C184Y	184	184	0.1924162	0.2477324	0.34300703	0.17815389	0.26605073	0.30727282	0.1746299	0.22921035	0.14048651	0.23271248	10	0.23116723	0.06283064	0.24629612	Binding_K13	0.13917677	0.03782788	0.14828528
C50A	C50A	50	50	-0.22941333	-0.26718858	-0.34530732	-0.2175838	-0.32784498	-0.12798049	-0.21180175	-0.28568643	-0.25569	-0.09871464	10	-0.23672113	0.07866323	0.30835986	Binding_K13	-0.14252055	0.047360063	0.18565145
C50D	C50D	50	50	-0.35374156	-0.18262482	-0.33390155	-0.3953268	-0.22811426	-0.021119302	-0.0065598167	0.10147631	-0.3105936	-0.32516286	10	-0.20556681	0.1727886	0.6773313	Binding_K13	-0.123763755	0.104029275	0.40779477
C50E	C50E	50	50	-0.45026127	-0.11306405	-0.021090228	-0.0045892447	-0.0699719	-0.2510271	-0.27642998	-0.14744733	-0.17175508	-0.4207149	10	-0.1926351	0.15544468	0.6093432	Binding_K13	-0.11597808	0.093587175	0.36686173
C50F	C50F	50	50	-0.14121206	-0.07555451	-0.21271035	-0.08703757	-0.18585457	-0.04724864	-0.08494623	-0.0975646	0.016213955	0.014109381	10	-0.09018052	0.07536308	0.29542327	Binding_K13	-0.054294173	0.045373168	0.17786282
C50G	C50G	50	50	0.028092159	-0.054277312	-0.023928143	-0.06925669	-0.008372597	-0.032370806	-0.011644049	-0.0839189	0.058019847	0.0008332715	10	-0.019682322	0.04332466	0.16983268	Binding_K13	-0.0118499575	0.026084088	0.10224963
C50H	C50H	50	50	-0.33890998	-0.059617024	-0.048321296	-0.19600417	-0.32583568	-0.2782879	-0.20581329	-0.24725851	-0.37471822	-0.24786694	10	-0.2322633	0.10988127	0.43073457	Binding_K13	-0.13983667	0.066155225	0.25932848
C50I	C50I	50	50	-0.28401333	0.014527808	-0.3061176	-0.14131299	-0.108753316	-0.116182014	-0.32523873	-0.058706775	-0.25920242	-0.27476954	10	-0.1859769	0.118281394	0.46366307	Binding_K13	-0.111969426	0.07121261	0.27915344
C50K	C50K	50	50	-0.17369345	-0.12676889	-0.14785875	-0.06627917	-0.28528595	-0.13414538	-0.2583985	-0.17445646	-0.06999806	-0.24996582	10	-0.16868505	0.07595247	0.2977337	Binding_K13	-0.101558685	0.045728017	0.17925383
C50L	C50L	50	50	-0.075328104	-0.17525958	-0.15120892	-0.08058671	-0.22796188	-0.12910533	-0.27279934	-0.16717494	-0.30600104	-0.3359794	10	-0.19214053	0.09073118	0.35566625	Binding_K13	-0.115680315	0.054625705	0.21413277
C50M	C50M	50	50	-0.4703755	-0.23655191	-0.43373668	-0.3047587	-0.209541	-0.3763705	-0.18119617	-0.34632146	-0.46300578	-0.33860424	10	-0.33604616	0.10344339	0.40549812	Binding_K13	-0.20232028	0.062279228	0.24413458
C50N	C50N	50	50	-0.14163303	0.09926823	-0.19703789	-0.18249142	-0.27539873	-0.23431253	-0.15343088	-0.12593399	-0.10274697	-0.08537664	10	-0.13990939	0.10235457	0.40122992	Binding_K13	-0.084233984	0.061623693	0.24156488
C50P	C50P	50	50	-0.20731643	-0.15514006	-0.4264029	-0.27626994	-0.47732332	-0.60446304	-0.4741721	-0.39373186	-0.39158872	-0.35691583	10	-0.37633243	0.13447009	0.52712274	Binding_K13	-0.22657508	0.08095919	0.31736004
C50Q	C50Q	50	50	-0.4313007	-0.16233867	-0.40882796	-0.23840256	-0.16597123	-0.45613676	-0.32344994	-0.33371708	-0.13756981	-0.25185138	10	-0.29095662	0.11725634	0.45964488	Binding_K13	-0.17517363	0.070595466	0.27673423
C50R	C50R	50	50	-0.12883867	-0.096559614	-0.12898041	0.0109022865	-0.017377356	-0.12690607	-0.09178821	-0.16065216	-0.10901755	-0.14504668	10	-0.09942645	0.055162862	0.21623842	Binding_K13	-0.059860785	0.033211406	0.13018872
C50S	C50S	50	50	-0.09603972	0.01376007	-0.14585434	-0.023322526	-0.05538514	-0.014889683	-0.013346993	-0.101408504	-0.13913995	-0.024319308	10	-0.0599946	0.056705147	0.22228418	Binding_K13	-0.036120407	0.034139957	0.13382864
C50T	C50T	50	50	-0.0012792419	-0.20823245	-0.27788672	-0.008117731	-0.049722668	-0.12330676	0.034249295	-0.12940195	-0.17967793	-0.054223843	10	-0.09976	0.10107637	0.39621937	Binding_K13	-0.060061604	0.06085414	0.23854823
C50V	C50V	50	50	-0.46188486	-0.2110765	-0.45143938	-0.47435024	-0.2366418	-0.28595325	-0.40599886	-0.30173722	-0.34522453	-0.26084027	10	-0.34351468	0.09862375	0.3866051	Binding_K13	-0.20681678	0.059377514	0.23275986
C50W	C50W	50	50	-0.14475971	-0.023844542	-0.19178157	0.006268734	-0.05304262	-0.1732828	-0.006217804	-0.10406803	-0.134443	-0.14277007	10	-0.09679414	0.0721263	0.2827351	Binding_K13	-0.058275975	0.04342443	0.17022377
C50Y	C50Y	50	50	-0.34571368	-0.046093732	-0.15422527	-0.43269816	-0.2033962	-0.1563357	-0.13447323	-0.14262661	-0.23280813	-0.19877794	10	-0.20471486	0.11131662	0.43636116	Binding_K13	-0.12325083	0.067019396	0.26271603
C79A	C79A	79	79	-0.2807282	-0.4071265	-0.45376426	-0.26537243	-0.24589035	-0.30654216	-0.45896783	-0.39122632	-0.4641428	-0.5491544	10	-0.3822915	0.10249959	0.4017984	Binding_K13	-0.23016278	0.061711002	0.24190713
C79D	C79D	79	79	0.33217877	0.8658923	0.98361194	0.75178707	0.53007823	1.1484206	0.38492054	0.6689212	0.2907099	0.7330513	10	0.6689572	0.28579324	1.1203096	Binding_K13	0.402753	0.17206496	0.6744947
C79E	C79E	79	79	0.34996298	0.3715353	-0.044549413	0.17052773	0.13221514	0.022637688	-0.18623571	0.28134906	0.01711852	0.3243138	10	0.1438875	0.18910538	0.7412931	Binding_K13	0.08662905	0.11385297	0.44630367
C79F	C79F	79	79	-0.31250215	-0.2729794	-0.23258746	-0.1715766	-0.27227652	-0.22639935	-0.2836945	-0.32359362	-0.330802	-0.304589	10	-0.27310008	0.050183404	0.19671895	Binding_K13	-0.1644229	0.03021347	0.118436806
C79G	C79G	79	79	-0.19349904	-0.2866592	-0.21796735	-0.39488187	-0.32842118	-0.287648	-0.3948593	-0.2801918	-0.29404202	-0.32468933	10	-0.30028594	0.065189965	0.25554466	Binding_K13	-0.18079044	0.039248332	0.15385346
C79H	C79H	79	79	-0.29547453	0.015202056	-0.20458911	-0.21814944	-0.12110836	-0.022877682	-0.181983	0.036724642	-0.09784185	-0.31229255	10	-0.14023899	0.12340955	0.48376542	Binding_K13	-0.08443242	0.07430007	0.29125628
C79I	C79I	79	79	-0.29382095	-0.4145003	-0.25735754	-0.16258708	-0.26047137	-0.16132767	-0.18892919	-0.12333518	-0.22278023	-0.20971727	10	-0.22948268	0.08338387	0.32686478	Binding_K13	-0.13816257	0.050202176	0.19679253
C79K	C79K	79	79	0.028785052	-0.2567108	0.3698119	0.114699185	-0.054316685	0.3015465	-0.31092486	0.009260821	0.009576948	-0.117816016	10	0.009391206	0.21612155	0.8471965	Binding_K13	0.005654079	0.13011836	0.51006395
C79L	C79L	79	79	-0.40696177	-0.31928146	-0.2562702	-0.19517109	-0.22985154	-0.32235432	-0.26452515	-0.28068238	-0.32429558	-0.2857079	10	-0.28851014	0.058916625	0.23095317	Binding_K13	-0.1737007	0.035471402	0.1390479
C79M	C79M	79	79	0.120213546	-0.16152477	-0.046719994	-0.116546676	0.053460028	-0.08698589	-0.21592301	0.019156476	-0.22385062	-0.25054252	10	-0.09092634	0.12645875	0.4957183	Binding_K13	-0.0547432	0.07613588	0.29845265
C79N	C79N	79	79	0.08173176	0.102024056	0.21032713	0.20836268	0.26173097	-0.008540216	-0.24785319	-0.09861395	0.09653407	-0.20676443	10	0.039893888	0.1765813	0.6921987	Binding_K13	0.024018552	0.10631271	0.4167458
C79P	C79P	79	79	0.7152451	1.2086701	0.7147848	0.8747861	0.8099698	0.72923183	0.83634275	0.46199033	0.500482	0.87243384	10	0.77239364	0.20951392	0.82129455	Binding_K13	0.46502808	0.12614015	0.49446937
C79Q	C79Q	79	79	-0.17040439	-0.044703662	-0.16350049	0.1334355	-0.00074196677	-0.31832796	0.05511644	-0.103827186	-0.48923054	-0.2365779	10	-0.1338762	0.18463534	0.72377056	Binding_K13	-0.08060164	0.11116173	0.435754
C79R	C79R	79	79	1.3167396	1.5787886	1.7747684	1.366108	1.6140051	1.6206895	1.5323757	1.5655004	1.4777826	1.5102931	10	1.535705	0.13079645	0.5127221	Binding_K13	0.924588	0.07874744	0.30868995
C79S	C79S	79	79	0.059911374	0.009195435	-0.02053163	0.22012313	0.15347204	-0.009718561	-0.014138683	-0.009501391	0.21109301	0.12567616	10	0.07255809	0.0967218	0.37914947	Binding_K13	0.043684393	0.05823242	0.22827108
C79T	C79T	79	79	-0.045015343	-0.05100806	0.04474228	-0.04417603	0.028096138	-0.02257076	-0.049237452	0.08796071	-0.086842895	-0.1827464	10	-0.03207978	0.075047135	0.29418477	Binding_K13	-0.019313984	0.04518295	0.17711717
C79V	C79V	79	79	-0.018098453	-0.15709008	-0.0483665	0.0047857384	-0.10302032	0.04160705	-0.035715993	-0.09126713	-0.16958275	-0.15412651	10	-0.0730875	0.07334257	0.28750288	Binding_K13	-0.04400313	0.0441567	0.17309427
C79W	C79W	79	79	0.035434924	0.2096381	0.2829813	0.08701445	0.21314685	0.14844863	0.24104775	0.11498858	0.06972135	0.14104891	10	0.15434709	0.08039784	0.31515953	Binding_K13	0.09292636	0.0484044	0.18974525
C79Y	C79Y	79	79	0.4468601	0.25144956	0.095756546	0.19335984	0.22109273	0.29982764	0.34484062	0.08864577	0.2604143	0.35112023	10	0.25533673	0.11262152	0.44147637	Binding_K13	0.15372828	0.06780502	0.26579568
D104A	D104A	104	104	-0.2860764	-0.13958445	-0.27361622	-0.2729378	-0.2563481	-0.18485123	-0.35776997	-0.21781126	-0.3018224	-0.38291243	10	-0.26737303	0.073669806	0.28878564	Binding_K13	-0.16097486	0.044353716	0.17386657
D104C	D104C	104	104	-0.31180486	-0.2522223	-0.24784963	-0.15264057	-0.15682834	-0.042932723	-0.15579236	-0.10763044	-0.43486345	-0.11521191	10	-0.19777766	0.11502697	0.45090574	Binding_K13	-0.11907421	0.06925325	0.27147275
D104E	D104E	104	104	-0.19646865	-0.04483911	0.0019773957	0.14132653	0.08631374	-0.10156305	0.032506187	0.33599246	0.036473032	0.15746367	10	0.04491822	0.14841716	0.5817953	Binding_K13	0.027043508	0.08935618	0.35027623
D104F	D104F	104	104	-0.5086052	-0.62141526	-0.5221635	-0.3422175	-0.38247514	-0.5973478	-0.6324137	-0.620075	-0.6725808	-0.643545	10	-0.5542839	0.11370733	0.44573274	Binding_K13	-0.33371273	0.06845874	0.2683583
D104G	D104G	104	104	-0.15995584	-0.14011748	-0.14765652	-0.18434107	-0.17427905	-0.23737997	-0.28681466	-0.15555379	-0.029771913	-0.15818374	10	-0.1674054	0.06653963	0.26083535	Binding_K13	-0.10078826	0.040060915	0.1570388
D104H	D104H	104	104	-0.31299204	-0.45069295	-0.34017375	-0.44050783	-0.22844991	-0.2212893	-0.13835719	-0.08975129	-0.43498504	-0.35243538	10	-0.30096346	0.1277334	0.5007149	Binding_K13	-0.18119836	0.07690329	0.3014609
D104I	D104I	104	104	-0.26215357	-0.43224886	-0.40382344	0.020519335	-0.21491694	-0.07927627	-0.39441934	-0.21805532	-0.25587115	-0.4498578	10	-0.26901034	0.15592848	0.6112397	Binding_K13	-0.16196063	0.09387845	0.36800352
D104K	D104K	104	104	-0.11759744	-0.08313039	-0.22034326	0.001937711	-0.013709293	0.019816147	-0.10605707	0.23847608	0.014866035	0.018448934	10	-0.024729254	0.12130783	0.4755267	Binding_K13	-0.0148885185	0.07303471	0.28629607
D104L	D104L	104	104	-0.4647252	-0.32688835	-0.3806067	-0.18239409	-0.18254317	-0.22710618	-0.33422044	-0.28267	-0.16915299	-0.43317723	10	-0.29834843	0.10728818	0.4205697	Binding_K13	-0.17962395	0.06459403	0.2532086
D104M	D104M	104	104	-0.6710507	-0.42505905	-0.3447468	-0.16780265	-0.52403426	-0.45125565	-0.37110034	-0.29351497	-0.3587318	-0.44823948	10	-0.40555358	0.13538939	0.53072643	Binding_K13	-0.24416798	0.08151267	0.31952965
D104N	D104N	104	104	-0.099180155	-0.5311388	-0.46128044	-0.273626	-0.16841078	-0.25526857	-0.23114756	-0.1353642	-0.19102627	-0.15308973	10	-0.24995324	0.14143473	0.55442417	Binding_K13	-0.1504871	0.08515233	0.33379713
D104P	D104P	104	104	-0.22593272	-0.21222208	0.06533729	-0.154242	0.08656485	-0.23978117	-0.1487521	-0.32527998	-0.46426615	-0.3472523	10	-0.19658263	0.1721582	0.6748601	Binding_K13	-0.11835473	0.10364973	0.40630695
D104Q	D104Q	104	104	-0.50570166	-0.8233246	-0.93359834	-0.7011674	-0.5581913	-0.32525873	-0.44472265	-0.20989911	-0.15573834	-0.16269794	10	-0.48202997	0.2755281	1.0800701	Binding_K13	-0.29021144	0.16588472	0.65026814
D104R	D104R	104	104	-0.06258029	-0.19237284	-0.1084193	-0.09732465	-0.05928433	-0.1445686	-0.10893617	-0.041745998	-0.1838854	0.013269398	10	-0.098584816	0.06409647	0.2512582	Binding_K13	-0.05935407	0.038589984	0.15127274
D104S	D104S	104	104	-0.3262978	-0.25732353	-0.10177776	-0.0069789407	-0.22790074	-0.28530905	-0.29747358	-0.18302317	-0.417472	-0.28835782	10	-0.23919144	0.11725032	0.45962128	Binding_K13	-0.14400783	0.070591845	0.27672005
D104T	D104T	104	104	-0.3694682	-0.42638513	-0.15424626	-0.1771143	-0.12422945	-0.19251302	-0.2511116	-0.30406237	-0.23008491	-0.3710313	10	-0.26002467	0.1032541	0.4047561	Binding_K13	-0.1565507	0.062165264	0.24368784
D104V	D104V	104	104	-0.24844553	-0.18112752	-0.25203547	-0.13107204	-0.1999208	-0.21914488	-0.30797064	-0.26945266	-0.34364885	-0.27402854	10	-0.24268469	0.062276393	0.24412346	Binding_K13	-0.14611098	0.037494186	0.14697722
D104W	D104W	104	104	-0.31357035	-0.75998366	-0.8390735	-0.80277616	-0.7946608	-0.9445482	-0.8441346	-0.6975749	-0.78841525	-0.6602129	10	-0.74449503	0.1706125	0.668801	Binding_K13	-0.4482314	0.10271913	0.402659
D104Y	D104Y	104	104	-0.21338898	-0.30865946	-0.36941028	-0.38237542	-0.4211733	-0.26482394	-0.38054502	-0.28601527	-0.42826977	-0.40487698	10	-0.34595388	0.07311947	0.28662834	Binding_K13	-0.20828533	0.044022378	0.17256773
D107A	D107A	107	107	-0.6600184	-0.6885912	-0.4477193	-0.14381455	-0.5938195	-0.32567623	-0.2302898	-0.37565616	-0.57978565	-0.5574778	10	-0.46028486	0.18620963	0.7299418	Binding_K13	-0.27711955	0.11210956	0.43946946
D107C	D107C	107	107	-0.17499442	-0.35637468	-0.16412131	-0.513801	-0.28955314	-0.2444308	-0.24529564	-0.3964989	-0.1649728	-0.25306168	10	-0.28031045	0.113057904	0.443187	Binding_K13	-0.16876398	0.06806775	0.2668256
D107E	D107E	107	107	-0.15855415	-0.38452303	-0.33120266	-0.33263323	-0.21961354	-0.1523427	-0.3337719	-0.27131793	-0.21284096	-0.2081871	10	-0.2604987	0.0815409	0.31964034	Binding_K13	-0.1568361	0.04909259	0.19244295
D107F	D107F	107	107	-0.1379037	-0.42268166	-0.4325959	-0.25087494	-0.25688607	-0.16619931	-0.30667785	-0.15025654	-0.24870785	-0.26303166	10	-0.26358154	0.10235265	0.40122238	Binding_K13	-0.15869217	0.061622534	0.24156034
D107G	D107G	107	107	-0.3390644	-0.34597656	-0.412968	-0.3771324	-0.4186128	-0.45344123	-0.28119087	-0.15995891	-0.36704317	-0.29501536	10	-0.34504038	0.084434606	0.33098367	Binding_K13	-0.20773534	0.050834782	0.19927235
D107H	D107H	107	107	-0.15703979	-0.39290366	-0.31384686	-0.15030558	-0.071526594	-0.24216622	-0.35284704	-0.26372927	-0.15613328	-0.17500243	10	-0.22755006	0.10282358	0.40306842	Binding_K13	-0.13699901	0.061906062	0.24267177
D107I	D107I	107	107	-0.27976707	-0.41954118	-0.5841378	-0.38750058	-0.3903298	-0.19541769	-0.29100657	-0.26455903	-0.3446667	-0.23269464	10	-0.3389621	0.112974264	0.4428591	Binding_K13	-0.20407586	0.06801739	0.26662818
D107K	D107K	107	107	-0.19050382	-0.33176735	-0.48504487	-0.4972547	-0.19322275	-0.25165144	-0.35996634	-0.52607137	-0.24260183	-0.5414495	10	-0.3619534	0.14055564	0.5509781	Binding_K13	-0.21791802	0.08462306	0.3317224
D107L	D107L	107	107	-0.33220947	-0.08831669	-0.59417576	-0.49095902	-0.59269357	-0.35237592	-0.30150992	-0.117709816	-0.3428538	-0.32640454	10	-0.35392088	0.17125544	0.67132133	Binding_K13	-0.21308194	0.103106216	0.40417638
D107M	D107M	107	107	-0.30491626	-0.5371854	-0.26682994	-0.35431537	-0.40764648	-0.35963893	-0.44361314	-0.4879206	-0.28412417	-0.55464876	10	-0.40008387	0.10346502	0.40558288	Binding_K13	-0.24087489	0.06229225	0.24418563
D107N	D107N	107	107	-0.15814872	-0.1136925	0.042430274	-0.089982904	-0.27510914	-0.13699798	-0.041342646	-0.0039707264	-0.18979819	-0.10764771	10	-0.107426025	0.09202693	0.36074555	Binding_K13	-0.064677015	0.05540582	0.21719083
D107P	D107P	107	107	-0.30702946	-0.43205437	-0.32580677	-0.44225568	-0.12830953	-0.46667957	-0.38910934	0.050485488	-0.37420127	-0.3918942	10	-0.32068545	0.16196781	0.63491386	Binding_K13	-0.19307218	0.0975145	0.38225687
D107Q	D107Q	107	107	-0.28117186	-0.65150166	-0.54815793	-0.25656995	-0.7663977	-0.44051543	-0.18492545	-0.5930611	-0.07157467	-0.41533852	10	-0.42092142	0.22186983	0.86972976	Binding_K13	-0.25342035	0.13357916	0.5236303
D107R	D107R	107	107	-0.17226207	-0.48842216	-0.3613925	-0.46054527	-0.4914543	-0.64378935	-0.62165725	-0.6290369	-0.41494128	-0.35321915	10	-0.463672	0.14760935	0.57862866	Binding_K13	-0.27915883	0.08886983	0.34836975
D107S	D107S	107	107	-0.26880282	-0.36456093	-0.25825438	-0.15931112	-0.17472689	-0.37505013	-0.20214334	-0.11501349	-0.23018046	-0.15632434	10	-0.23043677	0.08751273	0.3430499	Binding_K13	-0.138737	0.052688	0.20653696
D107T	D107T	107	107	-0.14698914	-0.23571226	-0.3990175	-0.2629089	-0.17811051	-0.30708998	-0.3239053	-0.09531854	-0.34620056	-0.16152783	10	-0.24567804	0.0988259	0.38739753	Binding_K13	-0.14791316	0.05949922	0.23323694
D107V	D107V	107	107	-0.1871773	-0.24725154	-0.1257292	-0.12238147	-0.31180102	-0.32360673	-0.26351595	-0.27879733	-0.30364603	-0.10237857	10	-0.22662851	0.08507576	0.333497	Binding_K13	-0.13644418	0.051220793	0.20078552
D107W	D107W	107	107	-0.2715995	-0.52573067	-0.42511845	-0.38716128	-0.32409984	-0.26598963	-0.36296248	-0.31513315	-0.3527813	-0.24923623	10	-0.34798127	0.08385454	0.3287098	Binding_K13	-0.20950595	0.050485548	0.19790335
D107Y	D107Y	107	107	-0.22231215	-0.22069634	-0.24424827	-0.22678334	-0.13160358	-0.16850008	-0.15338618	-0.10170774	-0.108136296	-0.17015964	10	-0.17475335	0.05170581	0.20268679	Binding_K13	-0.105212174	0.031130051	0.1220298
D118A	D118A	118	118	-0.4159393	-0.17178826	-0.24444596	-0.3659135	-1.0613714	-0.63249564	-1.0597386	-0.9759716	-1.1146547	-0.90854424	10	-0.69508636	0.37039733	1.4519576	Binding_K13	-0.41848436	0.22300178	0.87416697
D118C	D118C	118	118	-0.53657776	-0.5330517	-0.51397663	-0.39353317	-0.35574877	0.00148339	-0.2993881	-0.5626407	-0.8768598	-0.83005065	10	-0.4900344	0.2539439	0.9954601	Binding_K13	-0.2950306	0.1528897	0.5993276
D118E	D118E	118	118	-0.2733384	-0.14693503	-0.10290121	-0.072995126	-0.14364786	-0.04065519	-0.1369235	-0.11886922	-0.06325452	0.03373991	10	-0.106578015	0.080923155	0.31721878	Binding_K13	-0.064166464	0.048720673	0.19098504
D118F	D118F	118	118	-0.16536118	-0.25273427	0.0018295828	-0.9254805	-0.7741014	-0.6324972	-0.44629025	-0.26431215	-0.88137263	-0.05613805	10	-0.43964577	0.34369606	1.3472886	Binding_K13	-0.26469356	0.20692599	0.8111499
D118G	D118G	118	118	-0.3554577	-0.39501333	-0.35420683	-0.08709286	-0.04583951	-0.12742575	-0.3390943	-0.5692814	-0.51311743	-0.28663835	10	-0.30731672	0.17443669	0.6837918	Binding_K13	-0.1850234	0.10502152	0.41168436
D118H	D118H	118	118	-0.20008864	-0.2338443	-0.18813281	0.47773102	-0.1408973	-0.4036795	-0.2710008	-0.31234047	-0.14173946	-0.2133209	10	-0.1627313	0.23872991	0.93582124	Binding_K13	-0.097974166	0.14372995	0.5634214
D118I	D118I	118	118	-0.18713763	0.15775532	-0.19531871	-0.15795778	-0.13701944	-0.025056954	-0.7374855	-0.36608392	-1.2798141	-0.18294235	10	-0.31110612	0.41147888	1.6129972	Binding_K13	-0.18730485	0.24773537	0.9711227
D118K	D118K	118	118	0.10015986	-0.31701466	-0.21032274	-0.34677282	-0.090137064	-0.43835917	-0.28800493	-0.23680627	-0.06167642	-0.21619546	10	-0.21051297	0.15695442	0.6152614	Binding_K13	-0.12674165	0.09449613	0.37042484
D118L	D118L	118	118	-0.69744015	-0.9001115	-0.804947	0.05915026	-0.35982752	-0.02505431	-0.077644326	0.10784518	-0.530532	-0.6550391	10	-0.38836005	0.379785	1.4887573	Binding_K13	-0.23381643	0.22865373	0.8963226
D118M	D118M	118	118	-0.41401175	-0.35579613	-0.62647736	-0.38962752	-0.22878113	-0.474837	-0.2978756	-0.5224058	-0.059486166	-0.34533104	10	-0.37146294	0.15799919	0.6193568	Binding_K13	-0.22364333	0.095125146	0.3728906
D118N	D118N	118	118	-0.34417263	-0.19448265	-0.21805179	-0.17571217	-0.0012952489	-0.10298019	0.0692818	0.042732466	-0.074381866	-0.19503656	10	-0.11940988	0.13034868	0.51096684	Binding_K13	-0.07189203	0.07847785	0.3076332
D118P	D118P	118	118	-0.36716512	-0.56023717	2.0140099e-06	0.10123666	0.7012141	0.24210648	-0.0015232195	-0.712838	-0.1866913	-0.9517543	10	-0.17356499	0.48953763	1.9189875	Binding_K13	-0.1044967	0.2947315	1.1553475
D118Q	D118Q	118	118	-0.42133826	0.09962647	-0.52302814	-0.58997035	-0.68576324	-0.7881986	-0.8922561	-1.0142502	-0.3593597	0.29817152	10	-0.48763666	0.41707686	1.6349413	Binding_K13	-0.293587	0.2511057	0.98433435
D118R	D118R	118	118	-0.18898089	-0.37092194	-0.85578907	-0.5001709	-0.57765347	-0.32551673	-0.42182502	-0.54000825	-0.35855648	-0.43638468	10	-0.45758072	0.17957531	0.7039352	Binding_K13	-0.2754915	0.108115286	0.42381194
D118S	D118S	118	118	-0.7290887	-0.4554919	-0.88142645	-0.65609634	-1.1753596	-0.74889666	-0.9113488	-0.8873811	-0.8022766	-0.5020059	10	-0.7749372	0.21005751	0.8234255	Binding_K13	-0.46655944	0.12646744	0.49575236
D118T	D118T	118	118	-0.88118464	-0.7080619	-0.18401659	-0.13596871	-0.29323712	-0.42795044	-1.0822341	-0.8760279	-0.8522538	-0.8642237	10	-0.6305159	0.33922935	1.329779	Binding_K13	-0.379609	0.20423675	0.80060804
D118V	D118V	118	118	0.2593123	0.34567443	-0.00045537876	0.18893202	0.1824542	0.00026598433	-0.16745175	-0.012823644	0.41183713	0.40957043	10	0.16173157	0.19991945	0.78368425	Binding_K13	0.09737226	0.1203637	0.4718257
D118W	D118W	118	118	0.5623754	0.41901278	0.3648444	0.41464773	0.36360735	0.2558275	0.09595397	0.020472402	-0.03721771	0.03899808	10	0.24985221	0.2062391	0.8084573	Binding_K13	0.15042627	0.124168515	0.4867406
D118Y	D118Y	118	118	0.36890733	0.32543877	0.3557417	0.30290565	0.31953406	0.6875805	0.42196727	0.45734715	0.3935669	0.2923937	10	0.3925383	0.11639232	0.4562579	Binding_K13	0.236332	0.07007527	0.27469507
D125A	D125A	125	125	-0.29119954	-0.33046493	-0.42679518	-0.39848348	-0.33943093	-0.3446066	-0.30405205	-0.24094872	-0.34252977	-0.3485615	10	-0.3367073	0.05219872	0.20461899	Binding_K13	-0.20271832	0.031426813	0.12319311
D125C	D125C	125	125	-0.31934813	-0.40030253	-0.27426776	-0.438573	-0.3673643	-0.36906222	-0.32501954	-0.3222561	-0.44681713	-0.30823871	10	-0.35712495	0.057463977	0.2252588	Binding_K13	-0.215011	0.03459682	0.13561954
D125E	D125E	125	125	-0.16826287	-0.3394025	-0.30982572	-0.307284	-0.3194742	-0.3432159	-0.28651407	-0.29275882	-0.22424605	-0.25432718	10	-0.28453112	0.054741617	0.21458714	Binding_K13	-0.17130508	0.032957792	0.12919454
D125F	D125F	125	125	-0.14246348	-0.17420772	-0.050127834	-0.20750993	-0.17874712	-0.12772241	-0.1241983	-0.19431801	-0.21991262	-0.21432066	10	-0.16335282	0.052830026	0.2070937	Binding_K13	-0.09834836	0.031806897	0.12468304
D125G	D125G	125	125	-0.33473626	-0.31879708	-0.32273704	-0.32173443	-0.35420913	-0.3973188	-0.33791527	-0.35463372	-0.31778067	-0.31893626	10	-0.33787987	0.025181957	0.09871327	Binding_K13	-0.20342427	0.015161074	0.05943141
D125H	D125H	125	125	-0.30583507	-0.38565826	-0.41075882	-0.35093212	-0.29528722	-0.28464946	-0.44268388	-0.3066049	-0.45327255	-0.39585322	10	-0.36315358	0.06297244	0.24685198	Binding_K13	-0.2186406	0.037913248	0.14861993
D125I	D125I	125	125	-0.14660949	-0.2438522	-0.16381724	-0.2607853	-0.19438958	-0.11314124	-0.1838099	-0.11519946	-0.18620075	-0.27559897	10	-0.18834041	0.057109006	0.22386731	Binding_K13	-0.11339241	0.034383103	0.13478176
D125K	D125K	125	125	-0.36295268	-0.19543785	-0.4190945	-0.33658463	-0.35237595	-0.38142166	-0.29545256	-0.3314942	-0.47807136	-0.27301285	10	-0.34258986	0.07824626	0.30672535	Binding_K13	-0.20625998	0.04710902	0.18466736
D125L	D125L	125	125	-0.44282168	-0.31577784	-0.3781648	-0.31291625	-0.38930437	-0.3221132	-0.33101013	-0.35100827	-0.36133566	-0.36330774	10	-0.356776	0.04011937	0.15726793	Binding_K13	-0.21480091	0.024154305	0.09468488
D125M	D125M	125	125	-0.36430952	-0.2856515	-0.20728934	-0.258658	-0.17666419	-0.2116603	-0.30259424	-0.24565475	-0.22079164	-0.4128746	10	-0.26861483	0.07437602	0.291554	Binding_K13	-0.16172251	0.0447789	0.17553328
D125N	D125N	125	125	-0.3523062	-0.28631768	-0.3099341	-0.27746767	-0.35372794	-0.19139883	-0.30030936	-0.38866857	-0.34100562	-0.35742724	10	-0.3158563	0.05631042	0.22073685	Binding_K13	-0.19016476	0.033902306	0.13289705
D125P	D125P	125	125	-0.25654274	-0.23916474	-0.33035955	-0.23624705	-0.2128512	-0.32633734	-0.35028732	-0.28160942	-0.28659394	-0.287065	10	-0.28070584	0.04516093	0.17703085	Binding_K13	-0.16900203	0.027189635	0.10658337
D125Q	D125Q	125	125	-0.3933206	-0.4382765	-0.38126236	-0.4087867	-0.29468393	-0.2583108	-0.4051668	-0.32767448	-0.45508265	-0.43064517	10	-0.379321	0.06502991	0.25491726	Binding_K13	-0.22837438	0.03915197	0.15347573
D125R	D125R	125	125	-0.13850434	-0.2827629	-0.30510825	-0.23921026	-0.20375068	-0.3129764	-0.27146083	-0.21283528	-0.2937909	-0.2316223	10	-0.2492022	0.05462382	0.21412538	Binding_K13	-0.15003492	0.03288687	0.12891653
D125S	D125S	125	125	-0.38518593	-0.4485677	-0.4812516	-0.41002524	-0.42331186	-0.45976517	-0.4914293	-0.44518852	-0.40358928	-0.45113438	10	-0.4399449	0.034105886	0.13369508	Binding_K13	-0.26487365	0.020533822	0.080492586
D125T	D125T	125	125	-0.36125314	-0.38267502	-0.4688355	-0.3567895	-0.33386034	-0.31374693	-0.32930207	-0.3674359	-0.41234282	-0.37684417	10	-0.37030855	0.044910185	0.17604794	Binding_K13	-0.22294833	0.02703867	0.10599159
D125V	D125V	125	125	-0.19133236	-0.12535925	-0.14925268	-0.14178905	-0.161802	-0.18840781	-0.21827209	-0.10484005	-0.22690071	-0.25037	10	-0.1758326	0.04715586	0.18485098	Binding_K13	-0.10586195	0.028390704	0.11129156
D125W	D125W	125	125	-0.36708522	-0.34408635	-0.29580155	-0.27281663	-0.23690437	-0.3239479	-0.31631598	-0.30453673	-0.3509658	-0.34148997	10	-0.31539506	0.03942758	0.15455611	Binding_K13	-0.18988706	0.023737807	0.0930522
D125Y	D125Y	125	125	-0.31188983	-0.41038305	-0.39191747	-0.3643693	-0.20258047	-0.26922664	-0.24978432	-0.28641555	-0.28219992	-0.30556083	10	-0.3074327	0.06485628	0.25423664	Binding_K13	-0.18509324	0.03904744	0.15306596
D131A	D131A	131	131	-0.47087127	-0.5318889	-0.4632808	-0.48731822	-0.5095805	-0.4544272	-0.5096105	-0.3929372	-0.5343662	-0.5239469	10	-0.48782277	0.04393128	0.17221062	Binding_K13	-0.29369906	0.02644931	0.103681296
D131C	D131C	131	131	-0.40432537	-0.4246796	-0.3857319	-0.4902272	-0.46283546	-0.58580756	-0.36718532	-0.28911042	-0.38906264	-0.5098225	10	-0.43087882	0.08397352	0.32917622	Binding_K13	-0.25941533	0.050557178	0.19818413
D131E	D131E	131	131	-0.37843525	-0.40297303	-0.24221206	-0.6469834	-0.43453225	-0.3972414	-0.40357715	-0.40367106	-0.23277658	-0.5754094	10	-0.41178116	0.12690426	0.49746472	Binding_K13	-0.24791737	0.0764041	0.29950407
D131F	D131F	131	131	-0.5347799	-0.43551907	-0.57167244	-0.56009144	-0.44997823	-0.41547766	-0.56173766	-0.29241222	-0.45124745	-0.26743653	10	-0.45403522	0.10852587	0.42542142	Binding_K13	-0.27335688	0.06533919	0.25612965
D131G	D131G	131	131	-0.4560067	-0.4013996	-0.47461063	-0.53214484	-0.4581607	-0.46414128	-0.5324392	-0.48095673	-0.54594684	-0.47287145	10	-0.48186773	0.04390138	0.1720934	Binding_K13	-0.29011375	0.026431307	0.103610724
D131H	D131H	131	131	-0.4203654	-0.5490885	-0.61360717	-0.4023918	-0.63333195	-0.4266932	-0.4321442	-0.37654793	-0.378617	-0.6475086	10	-0.48802957	0.11017215	0.43187484	Binding_K13	-0.29382357	0.06633035	0.26001498
D131I	D131I	131	131	-0.3210847	-0.28275695	-0.28378725	-0.27421957	-0.17576966	-0.43441275	-0.3435309	-0.3634266	-0.39509997	-0.41425934	10	-0.32883477	0.078082554	0.30608362	Binding_K13	-0.19797859	0.04701046	0.184281
D131K	D131K	131	131	-0.48555925	-0.2826607	-0.34137487	-0.3690175	-0.47657073	-0.23712857	-0.3822678	-0.29424852	-0.3435184	-0.45586455	10	-0.3668211	0.0847718	0.33230546	Binding_K13	-0.22084868	0.051037792	0.20006815
D131L	D131L	131	131	-0.3029663	-0.46535927	-0.4371826	-0.5191669	-0.4316931	-0.4476763	-0.42873344	-0.36290413	-0.42646617	-0.44854143	10	-0.42706895	0.05819441	0.22812209	Binding_K13	-0.25712153	0.035036582	0.1373434
D131M	D131M	131	131	-0.6998538	-0.6432092	-0.55043405	-0.65864444	-0.5689237	-0.53291845	-0.46901056	-0.6704938	-0.6170966	-0.60848546	10	-0.60190696	0.071223415	0.2791958	Binding_K13	-0.36238468	0.04288084	0.16809289
D131N	D131N	131	131	-0.42483243	-0.36783636	-0.3588474	-0.3790262	-0.24692373	-0.34904802	-0.5315473	-0.65984994	-0.52730316	-0.4418814	10	-0.4287096	0.11754785	0.46078756	Binding_K13	-0.25810933	0.07077097	0.27742222
D131P	D131P	131	131	-0.35436326	-0.21311067	-0.18129335	-0.71844476	-0.20405547	-0.4435097	-0.5885035	-0.35392082	-0.3349975	-0.3629949	10	-0.37551937	0.17120355	0.67111796	Binding_K13	-0.22608556	0.103074975	0.4040539
D131Q	D131Q	131	131	-0.4026087	-0.52524877	-0.47692665	-0.8137707	-0.3993452	-0.4618957	-0.56259596	-0.56916153	-0.73555374	-0.56013644	10	-0.5507243	0.13448018	0.5271623	Binding_K13	-0.3315696	0.080965266	0.31738386
D131R	D131R	131	131	-0.70325077	-0.6468238	-0.5987912	-0.54606694	-0.5945522	-0.5792709	-0.49618927	-0.5410129	-0.5844576	-0.644387	10	-0.5934802	0.059875473	0.23471186	Binding_K13	-0.35731128	0.036048684	0.14131084
D131S	D131S	131	131	-0.5044681	-0.4377866	-0.50419915	-0.4161481	-0.46381462	-0.49690372	-0.4272778	-0.40378222	-0.48832524	-0.51619315	10	-0.46588984	0.04159073	0.16303568	Binding_K13	-0.2804941	0.025040157	0.09815742
D131T	D131T	131	131	-0.43687737	-0.3622336	-0.3678616	-0.50797784	-0.25721076	-0.48203117	-0.4329225	-0.40615156	-0.33071995	-0.3932305	10	-0.39772168	0.07341782	0.28779787	Binding_K13	-0.2394527	0.044202004	0.17327186
D131V	D131V	131	131	-0.24608988	-0.2891907	-0.34934357	-0.34837604	-0.30519712	-0.30045688	-0.4536255	-0.44073188	-0.38348	-0.4424523	10	-0.35589442	0.07245795	0.28403515	Binding_K13	-0.21427014	0.043624103	0.17100649
D131W	D131W	131	131	-0.7193741	-0.6479517	-0.5730223	-0.7224858	-0.64636016	-0.3525976	-0.61530733	-0.5274927	-0.54503626	-0.45676577	10	-0.5806394	0.115910724	0.45437005	Binding_K13	-0.34958035	0.06978533	0.2735585
D131Y	D131Y	131	131	-0.44833553	-0.3370843	-0.37316146	-0.47885844	-0.36278534	-0.37982893	-0.44507894	-0.35604778	-0.30320233	-0.35069123	10	-0.38350743	0.05584749	0.21892215	Binding_K13	-0.23089486	0.033623595	0.1318045
D152A	D152A	152	152	-0.4643159	-0.29321033	-0.2800438	-0.22302347	-0.26392233	-0.38989788	-0.17417671	-0.24732062	-0.38091248	-0.3430009	10	-0.30598244	0.087811224	0.34422	Binding_K13	-0.18422009	0.05286771	0.20724143
D152C	D152C	152	152	-0.25595558	-0.2588993	-0.25205782	-0.25783774	-0.2925335	-0.19799203	-0.3872534	-0.26744366	-0.34295285	-0.23905896	10	-0.27519846	0.054003436	0.21169348	Binding_K13	-0.16568625	0.03251336	0.12745237
D152E	D152E	152	152	-0.6335547	-0.49582997	-0.60589546	-0.6888022	-0.5394766	-0.41891396	-0.45281082	-0.32959923	-0.38140336	-0.57157874	10	-0.51178646	0.11638557	0.45623145	Binding_K13	-0.30812666	0.07007121	0.27467915
D152F	D152F	152	152	-0.25946963	-0.07735996	-0.10076017	-0.20627083	-0.12935762	-0.093165345	-0.17103969	-0.1641699	-0.2862031	-0.09851764	10	-0.1586314	0.07273054	0.28510374	Binding_K13	-0.095505774	0.04378822	0.17164983
D152G	D152G	152	152	-0.39372	-0.29853475	-0.28754216	-0.25094697	-0.3633025	-0.27594012	-0.23993517	-0.31749082	-0.49716434	-0.32391334	10	-0.324849	0.07682423	0.301151	Binding_K13	-0.19557892	0.046252873	0.18131126
D152H	D152H	152	152	-0.23353896	-0.34454122	-0.25049245	-0.49931976	-0.44791076	-0.4932821	-0.44907767	-0.25516427	-0.3097772	-0.29892913	10	-0.35820335	0.104493886	0.40961605	Binding_K13	-0.21566026	0.06291169	0.24661383
D152I	D152I	152	152	-0.118528746	-0.053685226	-0.21709616	-0.2571379	-0.23959091	0.01993991	-0.11024137	-0.15272318	-0.039693702	-0.26086673	10	-0.14296241	0.09927812	0.38917026	Binding_K13	-0.08607209	0.059771482	0.23430422
D152K	D152K	152	152	-0.455881	-0.096260056	-0.17625004	-0.1556529	-0.3157178	-0.24924068	-0.24943419	-0.16672722	-0.30812368	-0.057016373	10	-0.22303037	0.11783459	0.4619116	Binding_K13	-0.13427788	0.07094361	0.27809894
D152L	D152L	152	152	-0.425384	-0.48756856	-0.4640951	-0.31133905	-0.36490625	-0.3347184	-0.45175734	-0.32349783	-0.2611064	-0.3228206	10	-0.37471938	0.07685714	0.30128	Binding_K13	-0.22560391	0.046272688	0.18138894
D152M	D152M	152	152	-0.24041253	-0.29945382	-0.034287564	0.017303038	-0.075653516	-0.23450166	-0.21665397	-0.19493452	-0.32912457	-0.21978673	10	-0.18275058	0.114139356	0.4474263	Binding_K13	-0.11002699	0.06871885	0.2693779
D152N	D152N	152	152	-0.3499345	-0.31909764	-0.24243975	-0.2615964	-0.2637259	-0.17667973	-0.22125636	-0.23364982	-0.3795064	-0.2670511	10	-0.27149376	0.061512094	0.24112742	Binding_K13	-0.1634558	0.03703403	0.1451734
D152P	D152P	152	152	-0.3574688	-0.62979186	-0.55819756	-0.4957967	-0.36409864	-0.44789204	-0.53609055	-0.37202668	-0.27894694	-0.57616013	10	-0.46164697	0.11517383	0.45148143	Binding_K13	-0.27793962	0.06934167	0.27181935
D152Q	D152Q	152	152	-0.5229366	-0.5408906	-0.45369363	-0.49110416	-0.47320202	-0.38289753	-0.5005621	-0.89967096	-0.5727461	-0.5214715	10	-0.5359175	0.1380186	0.5410329	Binding_K13	-0.32265502	0.08309561	0.3257348
D152R	D152R	152	152	-0.28878903	-0.10378737	-0.18868127	-0.11897111	-0.18385437	-0.24909149	-0.4140003	-0.34128708	-0.22811317	-0.14181377	10	-0.2258389	0.099867955	0.39148238	Binding_K13	-0.13596879	0.0601266	0.23569627
D152S	D152S	152	152	-0.37245223	-0.42194667	-0.22181968	-0.34207907	-0.3409728	-0.35903645	-0.32107976	-0.34144515	-0.33062553	-0.3117757	10	-0.33632332	0.05078497	0.1990771	Binding_K13	-0.20248714	0.03057565	0.11985655
D152T	D152T	152	152	-0.54522103	-0.36244953	-0.20156235	-0.482475	-0.5125622	-0.46164212	-0.34422895	-0.30155885	-0.41756445	-0.63370675	10	-0.4262971	0.12734985	0.49921143	Binding_K13	-0.25665686	0.076672375	0.3005557
D152V	D152V	152	152	-0.2766611	-0.26321223	-0.32217973	-0.4563556	-0.31365225	-0.42860064	-0.5026975	-0.37659967	-0.34659058	-0.3213803	10	-0.36079296	0.07901148	0.309725	Binding_K13	-0.21721937	0.047569726	0.18647332
D152W	D152W	152	152	-0.039440837	-0.13396183	0.038692992	-0.05596128	-0.18789402	-0.15178996	-0.15553558	-0.1604404	-0.0876093	-0.14868414	10	-0.108262435	0.070696354	0.2771297	Binding_K13	-0.065180585	0.042563517	0.16684899
D152Y	D152Y	152	152	-0.31123245	-0.14181758	-0.16334702	-0.19411732	-0.22490352	-0.13260625	-0.28420138	-0.31244564	-0.17809278	-0.22666416	10	-0.21694279	0.06695953	0.26248136	Binding_K13	-0.13061279	0.04031372	0.1580298
D153A	D153A	153	153	-0.65683776	-0.46951547	-0.56627053	-0.42962077	-0.3237427	-0.5066637	-0.5431396	-0.5888374	-0.6242733	-0.46596447	10	-0.5174866	0.09959977	0.3904311	Binding_K13	-0.31155846	0.059965134	0.23506333
D153C	D153C	153	153	-0.20418203	-0.08940082	-0.2566871	-0.21940622	-0.2507076	-0.23981984	-0.38425553	-0.43165076	-0.045852993	-0.18923251	10	-0.23111954	0.116333686	0.45602804	Binding_K13	-0.13914806	0.07003997	0.2745567
D153E	D153E	153	153	-0.6227142	-0.35175636	-0.6244462	-0.45470065	-0.57214254	-0.7631652	-0.49407062	-0.4136887	-0.616507	-0.48614272	10	-0.5399334	0.122173935	0.47892183	Binding_K13	-0.32507282	0.073556155	0.28834012
D153F	D153F	153	153	-0.3418151	-0.3759836	-0.2766507	-0.4247337	-0.34618652	-0.54927516	-0.36296788	-0.3872021	-0.33968142	-0.38425642	10	-0.37887526	0.07143517	0.28002587	Binding_K13	-0.228106	0.043008327	0.16859265
D153G	D153G	153	153	-0.37515295	-0.37585646	-0.29958	-0.44714037	-0.49705854	-0.47118932	-0.39147404	-0.3693562	-0.4288799	-0.60832125	10	-0.4264009	0.085808836	0.33637065	Binding_K13	-0.25671935	0.05166215	0.20251563
D153H	D153H	153	153	-0.37751982	-0.2501953	-0.37799904	-0.7112908	-0.38429153	-0.37415054	-0.43502456	-0.20514694	-0.3416838	-0.18185359	10	-0.3639156	0.14847745	0.5820316	Binding_K13	-0.21909937	0.089392476	0.3504185
D153I	D153I	153	153	-0.37448534	-0.30634964	-0.24002454	-0.22397996	-0.31913966	-0.523472	-0.3939509	-0.34335238	-0.31424892	-0.42709562	10	-0.3466099	0.088574044	0.34721026	Binding_K13	-0.20868029	0.053326976	0.20904174
D153K	D153K	153	153	-0.7836462	-0.44034642	-0.4043726	-0.5789272	-0.4014865	-0.35324082	-0.37252405	-0.2731562	-0.444909	-0.78564066	10	-0.48382497	0.17649317	0.6918532	Binding_K13	-0.29129213	0.10625965	0.41653785
D153L	D153L	153	153	-0.41009632	-0.34482566	-0.35775208	-0.3534843	-0.3780091	-0.35642853	-0.4400627	-0.3539819	-0.55163974	-0.46129513	10	-0.40075755	0.0666212	0.2611551	Binding_K13	-0.24128048	0.040110026	0.1572313
D153M	D153M	153	153	-0.3305944	-0.22271465	-0.22232263	-0.3356997	-0.22444624	-0.3299081	-0.33127406	-0.42425478	-0.17215362	-0.462032	10	-0.30554003	0.09400331	0.368493	Binding_K13	-0.18395373	0.056595724	0.22185524
D153N	D153N	153	153	-0.4663431	-0.44679815	-0.32691142	-0.40616333	-0.13766521	-0.20726812	-0.14826478	-0.18006459	-0.3457667	-0.42353338	10	-0.3088779	0.12916027	0.50630826	Binding_K13	-0.18596332	0.07776236	0.30482844
D153P	D153P	153	153	-0.7306444	-0.5872073	-0.8254186	-0.92787695	-0.8625204	-0.6033071	-0.6584712	-0.5438608	-0.5190903	-0.5484227	10	-0.680682	0.1472555	0.57724154	Binding_K13	-0.40981206	0.08865678	0.3475346
D153Q	D153Q	153	153	-0.6590952	-0.68638074	-0.704016	-0.46825373	-0.5911674	-0.35152763	-0.62228346	-0.5745521	-0.503809	-0.46120343	10	-0.56222886	0.11369627	0.44568938	Binding_K13	-0.33849606	0.06845209	0.26833218
D153R	D153R	153	153	-0.4193804	-0.43457553	-0.47392887	-0.47366533	-0.55597436	-0.2138422	-0.49619517	-0.44755745	-0.4551099	-0.5392739	10	-0.4509503	0.093948014	0.3682762	Binding_K13	-0.27149957	0.05656243	0.22172473
D153S	D153S	153	153	-0.6628925	-0.57445425	-0.50518405	-0.4788361	-0.47096306	-0.56137204	-0.64304936	-0.56261814	-0.7183138	-0.71271986	10	-0.58904034	0.09139346	0.3582624	Binding_K13	-0.3546382	0.055024438	0.2156958
D153T	D153T	153	153	-0.63932145	-0.7118339	-0.68923527	-0.7809054	-0.47305003	-0.34877306	-0.5943615	-0.4368907	-0.633731	-0.55489844	10	-0.5863	0.13412492	0.5257697	Binding_K13	-0.35298836	0.08075138	0.31654543
D153V	D153V	153	153	-0.29959422	-0.24931724	-0.24497892	-0.3143922	-0.27241144	-0.15689623	-0.34565103	-0.25207922	-0.22179693	-0.16951689	10	-0.25266343	0.059775185	0.23431873	Binding_K13	-0.15211879	0.035988305	0.14107415
D153W	D153W	153	153	-0.44866666	-0.43423182	-0.4654322	-0.54011965	-0.60121465	-0.6725667	-0.39957958	-0.5213027	-0.39194182	-0.52141804	10	-0.49964738	0.08972853	0.35173583	Binding_K13	-0.30081818	0.054022044	0.21176642
D153Y	D153Y	153	153	-0.15908979	-0.056316026	-0.18374439	-0.18893662	-0.15199187	-0.21679175	-0.10263273	-0.30828252	-0.22854288	-0.06338642	10	-0.1659715	0.0777433	0.30475375	Binding_K13	-0.09992497	0.046806205	0.18348032
D172A	D172A	172	172	-0.3812838	-0.058176544	-0.39651844	-0.49946967	-0.3926998	-0.45866153	-0.53440565	-0.38604462	-0.46860012	-0.2879821	10	-0.38638425	0.13509426	0.5295695	Binding_K13	-0.23262687	0.08133498	0.3188331
D172C	D172C	172	172	-0.3527382	-0.08918408	-0.40753588	-0.099685915	-0.20848678	-0.3907995	-0.29175568	-0.29060152	-0.06450604	-0.022616774	10	-0.22179106	0.14411505	0.564931	Binding_K13	-0.13353173	0.08676604	0.34012288
D172E	D172E	172	172	-0.6673152	-0.35895914	-0.62952644	-0.75571775	-0.41544923	-0.4062573	-0.51887864	-0.3901098	-0.4632918	-0.55757254	10	-0.5163078	0.13351113	0.52336365	Binding_K13	-0.31084877	0.08038184	0.31509683
D172F	D172F	172	172	-0.45832583	-0.12288961	-0.14184606	-0.28947905	-0.22949463	-0.27837786	-0.43006518	-0.30784762	-0.29588896	-0.44394055	10	-0.29981554	0.11771483	0.46144214	Binding_K13	-0.18050723	0.0708715	0.2778163
D172G	D172G	172	172	-0.2525831	-0.40947452	-0.2189064	-0.21539102	-0.23488711	-0.4471009	-0.3948747	-0.40617073	-0.27863902	-0.43311617	10	-0.32911438	0.096505284	0.37830073	Binding_K13	-0.19814692	0.058102064	0.22776009
D172H	D172H	172	172	-0.5421818	-0.49980277	-0.39891896	-0.67922336	-0.7293236	-0.87230766	-0.8473311	-0.44094542	-0.55389714	-0.61919963	10	-0.61831313	0.16213158	0.6355558	Binding_K13	-0.3722622	0.097613096	0.38264334
D172I	D172I	172	172	0.06767724	-0.0055511156	0.13240913	0.15153207	0.00025021765	-0.1185258	-0.4032406	-0.17729503	-0.11135149	-0.0008766947	10	-0.046497207	0.16464444	0.6454062	Binding_K13	-0.027994154	0.09912599	0.38857388
D172K	D172K	172	172	-0.6691119	-0.5091803	-0.85569835	-0.44385448	-0.9134419	-0.5576127	-0.49337852	-0.3894714	-0.56572086	-0.56306446	10	-0.59605354	0.17026262	0.6674295	Binding_K13	-0.35886058	0.10250848	0.40183324
D172L	D172L	172	172	-0.34674886	-0.275885	-0.27268994	-0.27307114	-0.2548379	-0.25474235	-0.5045276	-0.28563407	-0.38865364	-0.37480077	10	-0.32315913	0.08059154	0.31591883	Binding_K13	-0.1945615	0.04852102	0.1902024
D172M	D172M	172	172	-0.10771586	-0.2866648	-0.20507175	-0.22492604	-0.17396994	-0.08330891	-0.2931835	-0.4289906	-0.3290187	-0.21580759	10	-0.23486578	0.10372394	0.40659785	Binding_K13	-0.14140353	0.062448137	0.2447967
D172N	D172N	172	172	-0.25279993	-0.3008598	-0.2488306	-0.19758694	-0.20344062	-0.2382411	-0.25729305	-0.25820553	-0.52491266	-0.22712484	10	-0.27092952	0.09397956	0.3683999	Binding_K13	-0.16311608	0.056581426	0.2217992
D172P	D172P	172	172	-0.67817944	-0.42549792	-0.3551067	-0.42653668	-0.32161102	-0.5972915	-0.47667807	-0.43856132	-0.65324116	-0.6261875	10	-0.49988914	0.12853979	0.503876	Binding_K13	-0.30096373	0.077388786	0.30336404
D172Q	D172Q	172	172	-0.40947515	-0.56937677	-0.96118826	-0.75592905	-0.57496226	-0.7044488	-0.724156	-0.570079	-0.40632942	-0.519347	10	-0.6195292	0.16998498	0.6663411	Binding_K13	-0.37299433	0.102341324	0.401178
D172R	D172R	172	172	-0.35855687	-0.46710557	-0.43246347	-0.17057818	-0.33698142	-0.51494926	-0.5475555	-0.6180791	-0.8352956	-0.6567811	10	-0.49383458	0.18672445	0.7319599	Binding_K13	-0.29731852	0.11241951	0.44068447
D172S	D172S	172	172	-0.23017028	-0.22697033	-0.26697505	-0.18714438	-0.28705812	-0.32805812	-0.31642622	-0.3464301	-0.40336815	-0.26305017	10	-0.28556508	0.06444936	0.2526415	Binding_K13	-0.17192759	0.038802445	0.15210558
D172T	D172T	172	172	-0.42113748	-0.1659915	-0.18837602	-0.22754784	-0.47834557	-0.38213903	-0.5376796	-0.22285794	-0.4029672	-0.46214685	10	-0.34891888	0.13511375	0.5296459	Binding_K13	-0.21007045	0.08134671	0.31887913
D172V	D172V	172	172	-0.22386861	-0.15466455	0.020716785	-0.3471517	-0.08928321	-0.26023751	-0.18803914	-0.17631553	-0.09568331	-0.14863402	10	-0.16631608	0.10097287	0.39581364	Binding_K13	-0.10013242	0.060791824	0.23830396
D172W	D172W	172	172	0.003869683	-0.047834605	-0.04371079	0.061033014	-0.12019373	-0.32274112	0.12225803	0.019017806	-0.11612224	-0.0174668	10	-0.046189077	0.12216156	0.4788733	Binding_K13	-0.02780864	0.073548704	0.28831092
D172Y	D172Y	172	172	-0.11156034	-0.05466622	-0.062200643	-0.21178526	0.06113868	0.052292377	-0.17816146	-0.06016495	-0.153933	-0.019618275	10	-0.073865905	0.09159591	0.35905597	Binding_K13	-0.044471778	0.05514632	0.21617359
D29A	D29A	29	29	-0.29855606	-0.2858381	-0.25312406	-0.20785941	-0.13114609	-0.17826232	-0.20781189	-0.13471754	-0.2130939	-0.18458898	10	-0.20949984	0.056772552	0.22254841	Binding_K13	-0.12613167	0.034180537	0.13398771
D29C	D29C	29	29	-0.11571194	-0.13428245	0.014153303	-0.1312828	-0.051342968	-0.107801996	-0.13795526	0.022895651	-0.038445693	-0.11913572	10	-0.07989099	0.06192778	0.2427569	Binding_K13	-0.048099246	0.0372843	0.14615446
D29E	D29E	29	29	-0.33441707	-0.34154838	-0.27371368	-0.21016715	-0.28598467	-0.28791076	-0.30128267	-0.3123219	-0.35865802	-0.32037863	10	-0.3026383	0.042103328	0.16504505	Binding_K13	-0.1822067	0.025348771	0.09936719
D29F	D29F	29	29	0.013510871	0.016610881	0.04518094	0.29780293	-0.083803035	0.0071948725	0.0062512383	-0.050157975	-0.032559413	0.30712125	10	0.052715253	0.13679285	0.536228	Binding_K13	0.031737797	0.08235764	0.32284194
D29G	D29G	29	29	-0.26469883	-0.24251983	-0.2619294	-0.27268437	-0.29222804	-0.14281671	-0.25864092	-0.20228906	-0.31665578	-0.25993752	10	-0.25144005	0.04838776	0.18968001	Binding_K13	-0.15138224	0.029132381	0.11419894
D29H	D29H	29	29	-0.44835922	-0.3909799	-0.5919925	-0.95818555	-0.667091	-0.38757032	-0.5939017	-0.9416385	-0.5772137	-0.58776987	10	-0.61447024	0.20000052	0.78400207	Binding_K13	-0.36994857	0.12041251	0.47201705
D29I	D29I	29	29	0.029866733	-0.061786063	0.091510855	-0.07363386	0.13153069	0.03724556	0.047698315	0.1459106	0.13992389	0.047135606	10	0.05354023	0.077383034	0.3033415	Binding_K13	0.032234482	0.046589304	0.18263008
D29K	D29K	29	29	-0.29836357	-0.21456665	-0.19910054	-0.36050114	-0.28918362	-0.32579926	-0.353706	-0.3800839	-0.35814598	-0.17991355	10	-0.2959364	0.07368067	0.28882822	Binding_K13	-0.17817175	0.044360254	0.1738922
D29L	D29L	29	29	-0.1006838	-0.26276425	-0.17645195	-0.10621997	-0.12708539	-0.18379419	-0.12388003	-0.093825534	-0.19178483	-0.18988442	10	-0.15563743	0.054045394	0.21185794	Binding_K13	-0.093703225	0.032538623	0.1275514
D29M	D29M	29	29	-0.43104932	-0.13670383	-0.02352979	-0.18696079	-0.05403762	-0.26832053	-0.34407756	-0.3674438	-0.28590655	-0.19980304	10	-0.2297833	0.13415578	0.52589065	Binding_K13	-0.13834356	0.080769956	0.31661823
D29N	D29N	29	29	-0.14376248	-0.1396795	-0.32058635	-0.32053974	-0.30657545	-0.33402902	-0.50409037	-0.45354676	-0.3895949	-0.3070098	10	-0.32194144	0.115783	0.45386937	Binding_K13	-0.19382837	0.06970842	0.27325702
D29P	D29P	29	29	-0.34489623	-0.34765056	-0.22023466	-0.30620396	-0.24993642	-0.3047268	-0.30027425	-0.13577496	-0.14693253	-0.25878042	10	-0.26154107	0.07492493	0.29370573	Binding_K13	-0.15746367	0.045109376	0.17682876
D29Q	D29Q	29	29	-0.07148404	0.047879655	-0.16969635	0.0004726235	-0.088445716	-0.15933147	-0.2801733	-0.51748717	-0.18093874	-0.39296716	10	-0.18121716	0.17463107	0.6845538	Binding_K13	-0.109103784	0.105138555	0.41214314
D29R	D29R	29	29	-0.20432255	-0.15188837	-0.20175695	-0.11715361	-0.120991215	-0.11583607	-0.2493771	-0.17620823	-0.23671749	-0.13344169	10	-0.17076933	0.050292466	0.19714648	Binding_K13	-0.10281355	0.030279132	0.1186942
D29S	D29S	29	29	-0.26054862	-0.33572748	-0.24522373	-0.30865428	-0.486226	-0.34738308	-0.4089659	-0.22906074	-0.37451363	-0.23679146	10	-0.32330948	0.08423096	0.33018535	Binding_K13	-0.19465202	0.050712172	0.19879171
D29T	D29T	29	29	-0.3302462	-0.4098457	-0.52114975	-0.43219483	-0.23023206	-0.3435661	-0.3265361	-0.409975	-0.44347402	-0.43028575	10	-0.38775057	0.08129877	0.31869116	Binding_K13	-0.23344949	0.048946816	0.19187152
D29V	D29V	29	29	-0.19386363	-0.247549	-0.19911942	-0.19055678	-0.052316647	-0.11021276	-0.07723431	-0.13215758	-0.120606646	-0.14603086	10	-0.14696476	0.060574334	0.23745139	Binding_K13	-0.08848175	0.03646944	0.1429602
D29W	D29W	29	29	-0.036557477	-0.14399506	-0.029290162	-0.022525076	0.055602863	0.19010967	-0.018367428	0.06456742	-0.04379092	-0.014256226	10	0.00014975946	0.08774753	0.34397033	Binding_K13	9.016433e-05	0.052829362	0.20709111
D29Y	D29Y	29	29	-0.2383776	-0.19728102	-0.24907815	-0.25563228	-0.35344234	-0.12786795	-0.16465947	-0.34368676	-0.21143551	-0.18934497	10	-0.2330806	0.07220904	0.28305945	Binding_K13	-0.14032874	0.043474242	0.17041904
D32A	D32A	32	32	-0.20659856	-0.255791	-0.30299512	-0.23004027	-0.29192403	-0.2673523	-0.24963145	-0.33459836	-0.24898235	-0.24141228	10	-0.2629326	0.03762698	0.14749777	Binding_K13	-0.15830146	0.022653738	0.08880266
D32C	D32C	32	32	-0.122929	-0.15942073	-0.095101975	-0.14052206	-0.053826965	-0.1318959	-0.17036487	-0.16327997	-0.2795944	-0.22958323	10	-0.15465191	0.06412237	0.2513597	Binding_K13	-0.093109876	0.03860558	0.15133387
D32E	D32E	32	32	-0.16724092	-0.1347891	-0.16760334	-0.14008099	-0.17100362	-0.17744489	-0.1482504	-0.15149781	-0.10330877	-0.17654614	10	-0.1537766	0.023282578	0.091267705	Binding_K13	-0.09258289	0.014017532	0.054948725
D32F	D32F	32	32	-0.09314692	-0.01618917	-0.101809144	-0.034176014	-0.13397375	0.005415845	-0.0232293	-0.12535788	-0.07414081	-0.06831658	10	-0.06649237	0.04790696	0.1877953	Binding_K13	-0.04003246	0.028842911	0.113064215
D32G	D32G	32	32	-0.22853802	-0.23761682	-0.2788639	-0.22595644	-0.18163733	-0.24621008	-0.26366818	-0.22020969	-0.2856643	-0.27199227	10	-0.24403569	0.031949874	0.12524351	Binding_K13	-0.14692436	0.019235773	0.075404234
D32H	D32H	32	32	-0.30243242	-0.19759963	-0.4113631	-0.37804195	-0.3890227	-0.37776452	-0.34506238	-0.42356557	-0.35653514	-0.28710818	10	-0.34684956	0.06804335	0.26672995	Binding_K13	-0.20882459	0.040966246	0.16058768
D32I	D32I	32	32	-0.12726447	-0.11019604	-0.28119522	-0.17035796	-0.26785722	-0.11750698	-0.28900173	-0.09537649	-0.128624	-0.1041425	10	-0.16915226	0.07879014	0.30885738	Binding_K13	-0.101839975	0.047436472	0.18595098
D32K	D32K	32	32	-0.27239922	-0.35331732	-0.4287801	-0.36762565	-0.40896717	-0.5135508	-0.40339044	-0.3609778	-0.37725598	-0.27003223	10	-0.3756297	0.07173705	0.28120926	Binding_K13	-0.22615197	0.043190077	0.1693051
D32L	D32L	32	32	-0.14005733	-0.11279121	-0.052753165	-0.115937054	-0.07071797	-0.12210545	-0.1839622	-0.11260887	-0.101927675	-0.10293259	10	-0.11157934	0.035715982	0.14000665	Binding_K13	-0.06717757	0.021503199	0.08429254
D32M	D32M	32	32	-0.110695355	-0.13285832	-0.058904067	-0.10599176	-0.09745898	-0.20461906	-0.17402153	-0.18556893	-0.091543816	-0.14849745	10	-0.13101593	0.04651798	0.18235049	Binding_K13	-0.07887958	0.02800666	0.10978611
D32N	D32N	32	32	-0.37446243	-0.21589324	-0.2927755	-0.25764853	-0.36309195	-0.4005586	-0.37921533	-0.22315831	-0.29796726	-0.35125569	10	-0.3156027	0.0674402	0.26436558	Binding_K13	-0.19001207	0.040603112	0.1591642
D32P	D32P	32	32	-0.18204533	-0.21632065	-0.23502535	-0.18933898	-0.29783347	-0.25499776	-0.23949732	-0.17609072	-0.35055608	-0.18585375	10	-0.23275594	0.05656337	0.22172841	Binding_K13	-0.14013328	0.034054596	0.13349402
D32Q	D32Q	32	32	-0.3376977	-0.31968594	-0.3248391	-0.3904412	-0.38371286	-0.18330735	-0.33899364	-0.23306826	-0.33322924	-0.27695608	10	-0.31219313	0.06444559	0.25262672	Binding_K13	-0.1879593	0.038800176	0.15209669
D32R	D32R	32	32	-0.31180558	-0.2892916	-0.3227049	-0.23566544	-0.3391949	-0.34474578	-0.30438343	-0.21355402	-0.2130769	-0.30269587	10	-0.2877118	0.049432267	0.19377449	Binding_K13	-0.17322005	0.029761238	0.11666405
D32S	D32S	32	32	-0.23366027	-0.2457663	-0.24175291	-0.2910171	-0.22923468	-0.30137214	-0.37588754	-0.3291116	-0.2681572	-0.31614378	10	-0.28321034	0.048174854	0.18884543	Binding_K13	-0.17050989	0.0290042	0.11369646
D32T	D32T	32	32	-0.30609167	-0.17535532	-0.28602865	-0.22341757	-0.25911555	-0.3386891	-0.26492715	-0.34297857	-0.3235374	-0.26047382	10	-0.27806145	0.05289661	0.20735472	Binding_K13	-0.16740994	0.031846985	0.124840185
D32V	D32V	32	32	-0.22815876	-0.20126835	-0.27226257	-0.14191537	-0.15377386	-0.16279116	-0.15950052	-0.14681411	-0.17635226	-0.23994716	10	-0.18827842	0.044921614	0.17609273	Binding_K13	-0.11335509	0.027045552	0.106018566
D32W	D32W	32	32	0.18530765	0.15910122	0.05202222	0.08899282	0.13448434	0.17061484	0.21716663	0.16324337	0.1305929	0.22575933	10	0.15272853	0.05379498	0.21087633	Binding_K13	0.091951884	0.032387856	0.1269604
D32Y	D32Y	32	32	-0.021572616	-0.043468095	-0.15346608	-0.08090135	-0.012626414	-0.08047339	-0.026928175	-0.069903776	-0.18068703	-0.0051558707	10	-0.06751828	0.059428744	0.23296069	Binding_K13	-0.040650122	0.035779726	0.14025652
D37A	D37A	37	37	-0.46054628	-0.5283396	-0.6542751	-0.54198647	-0.5585275	-0.43477297	-0.6537878	-0.26674572	-0.6095578	-0.48134577	10	-0.5189885	0.11662235	0.45715964	Binding_K13	-0.31246272	0.070213765	0.27523798
D37C	D37C	37	37	-0.3322447	-0.29028663	-0.27362522	-0.2791813	-0.3012998	-0.25538072	-0.27516916	-0.26995578	-0.28031212	-0.27592987	10	-0.28333852	0.020991666	0.082287334	Binding_K13	-0.17058706	0.012638263	0.049541995
D37E	D37E	37	37	-0.45475215	-0.2678397	-0.37731177	-0.23016202	-0.36128256	-0.40093344	-0.13860084	-0.38144276	-0.3422318	-0.49157202	10	-0.3446129	0.10595751	0.41535345	Binding_K13	-0.20747797	0.06379288	0.25006807
D37F	D37F	37	37	-0.38739932	-0.08143861	-0.1345813	-0.18413544	-0.27964538	-0.30042014	-0.2582102	-0.20907968	-0.3027513	-0.30520293	10	-0.24428645	0.09166222	0.3593159	Binding_K13	-0.14707534	0.055186246	0.21633008
D37G	D37G	37	37	-0.4290896	-0.36300656	-0.17492373	-0.382677	-0.30616984	-0.3847794	-0.39019898	-0.38241488	-0.46478954	-0.4182967	10	-0.36963463	0.08022682	0.31448916	Binding_K13	-0.22254258	0.04830144	0.18934165
D37H	D37H	37	37	-0.15945315	-0.060026955	-0.40545413	-0.28233722	-0.22231679	-0.40283012	-0.16081731	-0.2611941	-0.4932098	-0.43311042	10	-0.28807503	0.1413765	0.5541959	Binding_K13	-0.17343873	0.08511727	0.3336597
D37I	D37I	37	37	-0.65210104	-0.20665893	-0.18517609	-0.36223125	-0.3586112	-0.22400774	-0.05319752	-0.21294482	-0.5158608	-0.5385362	10	-0.33093256	0.1889657	0.74074554	Binding_K13	-0.19924158	0.11376887	0.44597396
D37K	D37K	37	37	-0.8801183	-0.6613679	-1.0670519	-0.7328757	-0.7271794	-0.8884586	-0.78427523	-0.827614	-0.6904966	-0.63450503	10	-0.78939426	0.1307468	0.51252747	Binding_K13	-0.47526348	0.078717545	0.30857277
D37L	D37L	37	37	-0.34925115	-0.2371937	-0.12787943	-0.22371416	-0.3254495	-0.20141499	-0.26693442	-0.36163563	-0.19475028	-0.080093876	10	-0.23683171	0.09226061	0.36166158	Binding_K13	-0.14258713	0.05554651	0.21774232
D37M	D37M	37	37	-0.52558464	-0.37044474	-0.4177858	-0.5012404	-0.6492528	-0.5593101	-0.4632985	-0.44125062	-0.42317697	-0.82781464	10	-0.51791584	0.13537882	0.530685	Binding_K13	-0.31181693	0.081506304	0.3195047
D37N	D37N	37	37	-0.2420828	-0.43503487	-0.3398658	-0.26815283	-0.30966648	-0.2805813	-0.25584793	-0.361856	-0.4815203	-0.2858853	10	-0.3260494	0.07944361	0.31141895	Binding_K13	-0.19630161	0.047829896	0.18749319
D37P	D37P	37	37	-0.46794513	-0.34351835	-0.8027986	-1.2736742	-0.5415126	-0.18130638	-0.64235276	-0.2749442	-1.3132718	-0.8850096	10	-0.67263335	0.39463016	1.5469502	Binding_K13	-0.4049663	0.23759142	0.9313584
D37Q	D37Q	37	37	-1.3801601	-0.542426	-0.38452253	-0.42763284	-0.19463055	-0.51204634	-0.0077068126	-0.46536198	-1.2802538	-1.2136436	10	-0.64083844	0.47746205	1.8716513	Binding_K13	-0.38582382	0.28746128	1.1268482
D37R	D37R	37	37	-0.53351897	-0.4128205	-0.50452316	-0.45772213	-0.51120746	-0.3796388	-0.60796535	-0.5606313	-0.5447476	-0.502982	10	-0.50157577	0.068688646	0.26925948	Binding_K13	-0.30197918	0.041354753	0.16211064
D37S	D37S	37	37	-0.4520029	-0.50911564	-0.40574273	-0.35791916	-0.31344372	-0.3587801	-0.48372373	-0.41856506	-0.477222	-0.39170966	10	-0.4168225	0.06338744	0.24847877	Binding_K13	-0.25095254	0.038163103	0.14959937
D37T	D37T	37	37	-0.57708055	-0.66191673	-0.40190667	-0.55021995	-0.6485194	-0.7171378	-0.55230236	-0.9089091	-0.54044265	-0.9044567	10	-0.64628917	0.16147491	0.63298166	Binding_K13	-0.3891055	0.097217746	0.38109356
D37V	D37V	37	37	-0.17847744	-0.1183369	-0.15904759	-0.2581221	-0.13856237	-0.26788265	-0.1856544	-0.15047549	-0.22800665	-0.3203652	10	-0.20049307	0.065403186	0.2563805	Binding_K13	-0.120709054	0.039376706	0.15435669
D37W	D37W	37	37	-0.08237126	-0.117557466	0.29343855	-0.85088116	-0.044449296	-0.07757614	-0.26118103	0.028865766	0.13761246	-0.106381536	10	-0.108048104	0.30207846	1.1841476	Binding_K13	-0.06505155	0.18186966	0.71292907
D37Y	D37Y	37	37	-0.20926313	-0.13709377	-0.29711795	-0.06743068	-0.2936051	-0.14239086	-0.184179	-0.16390733	-0.19264823	-0.1790823	10	-0.18667184	0.06944096	0.27220857	Binding_K13	-0.11238783	0.041807692	0.16388616
D46A	D46A	46	46	0.07145647	0.117596135	0.089399464	0.012481185	0.07756761	0.07156832	0.017243536	0.13256952	-0.048921183	0.1537027	10	0.069466375	0.061333086	0.2404257	Binding_K13	0.041822992	0.03692626	0.14475094
D46C	D46C	46	46	-0.19779283	-0.10657255	-0.022737984	-0.044791974	0.0014333606	-0.019373024	-0.23206525	0.012082842	-0.19501303	-0.4027516	10	-0.12075821	0.13407883	0.52558905	Binding_K13	-0.07270381	0.08072363	0.31643662
D46E	D46E	46	46	-0.17915022	-0.12114428	-0.002699021	-0.022769995	0.080764145	-0.14050259	-0.11476239	-0.12514332	-0.12482524	-0.11719994	10	-0.08674329	0.079207726	0.3104943	Binding_K13	-0.052224748	0.04768788	0.1869365
D46F	D46F	46	46	-0.19190267	-0.003463237	-0.091552295	0.20885855	-0.15311052	0.052353878	0.003317295	0.17755629	-0.4207582	-0.10644972	10	-0.052515067	0.1847984	0.72440976	Binding_K13	-0.031617273	0.11125991	0.43613884
D46G	D46G	46	46	-0.10166669	-0.04340256	-0.065954864	-0.018415114	-0.08031397	-0.058228184	-0.104447365	-0.10103867	-0.10968578	-0.14231212	10	-0.082546525	0.036533684	0.14321204	Binding_K13	-0.04969804	0.021995505	0.08622238
D46H	D46H	46	46	-0.07668798	0.04470909	0.0922329	-0.081207626	0.16029114	-0.16199578	-0.0832468	0.121058755	0.064054	0.018641818	10	0.00978495	0.10540696	0.4131953	Binding_K13	0.0058911364	0.063461415	0.24876875
D46I	D46I	46	46	0.5197052	0.31325415	0.036569778	0.8640478	0.6370446	0.5032132	0.3574325	0.3298778	0.05182187	0.37612578	10	0.39890927	0.25047386	0.98185754	Binding_K13	0.2401677	0.15080054	0.5911381
D46K	D46K	46	46	-0.11292105	-0.23517887	-0.08474804	-0.12337466	0.10491669	-0.11140536	-0.17505547	-0.027358612	-0.36038128	-0.26968807	10	-0.13951948	0.13047983	0.5114809	Binding_K13	-0.08399924	0.07855681	0.30794272
D46L	D46L	46	46	0.11459489	0.14657879	-0.03955227	0.38656458	0.10837834	0.22219005	0.19689283	0.16139574	0.11485795	5.6087414e-05	10	0.14119568	0.118027136	0.4626664	Binding_K13	0.08500841	0.07105953	0.27855337
D46M	D46M	46	46	-0.11464227	-0.0044532055	-0.04943131	0.2749642	0.044953484	0.14519723	0.2420482	0.18656138	0.025725644	-0.100153394	10	0.065077	0.13986078	0.54825425	Binding_K13	0.03918032	0.08420472	0.3300825
D46N	D46N	46	46	0.01943015	0.045939315	0.10656857	0.14020477	-0.05017996	0.032948107	0.08153915	-0.007652362	-0.011259115	-0.064255975	10	0.029328262	0.0662211	0.25958672	Binding_K13	0.017657403	0.03986914	0.15628703
D46P	D46P	46	46	-0.54695684	-0.104092434	-0.32328936	-0.12038009	-0.14749216	-0.13417701	-0.03447056	0.049304076	-0.12877665	-0.11705111	10	-0.16073821	0.1647549	0.6458392	Binding_K13	-0.096774206	0.09919249	0.38883457
D46Q	D46Q	46	46	-0.15058745	-0.02355193	-0.057800483	-0.10416857	-0.18185896	-0.09552858	0.09802273	0.14527343	-0.07336845	0.14564854	10	-0.029791972	0.119282715	0.46758825	Binding_K13	-0.017936584	0.07181547	0.28151664
D46R	D46R	46	46	-0.10447239	-0.086022146	-0.06933889	-0.049338777	-0.21325977	-0.092528634	-0.1335778	-0.0061660088	-0.07258215	-0.15190959	10	-0.09791961	0.05767822	0.22609863	Binding_K13	-0.058953576	0.034725804	0.13612515
D46S	D46S	46	46	-0.08696099	0.0037821084	-0.06367403	0.070441164	0.028314603	-0.17062573	-0.03505477	-0.10785731	-0.12682277	-0.04004409	10	-0.05285018	0.073881194	0.2896143	Binding_K13	-0.03181903	0.044480983	0.17436546
D46T	D46T	46	46	-0.18302864	-0.07375562	-0.081092454	0.05932173	-0.26715723	-0.024629083	-0.06197676	-0.09674979	-0.059312265	-0.20413403	10	-0.09925141	0.09480733	0.37164474	Binding_K13	-0.0597554	0.057079792	0.22375278
D46V	D46V	46	46	0.51495016	0.45287728	0.45902833	0.43308547	0.4498942	0.3778737	0.53586507	0.43481132	0.42537588	0.45819676	10	0.4541958	0.044593997	0.17480847	Binding_K13	0.27345356	0.026848305	0.10524536
D46W	D46W	46	46	0.12561503	0.1518598	0.02233791	0.10752798	0.4070043	-0.08091086	0.10294044	0.24910602	0.12653492	0.15964893	10	0.13716646	0.12871325	0.50455594	Binding_K13	0.08258257	0.07749323	0.30377346
D46Y	D46Y	46	46	0.24188763	0.3373143	0.3267235	0.29138196	0.45704716	0.26574603	0.3625548	0.2779744	0.2451205	0.186265	10	0.29920155	0.0758172	0.29720342	Binding_K13	0.18013757	0.045646574	0.17893457
D53A	D53A	53	53	-0.010978272	-0.05845296	-0.21728745	0.1518882	0.23431844	0.20157297	0.2179025	0.26281026	0.20116742	0.21967408	10	0.12026151	0.1598629	0.6266626	Binding_K13	0.072404765	0.09624722	0.37728912
D53C	D53C	53	53	0.1868056	0.017918665	0.112414286	0.1260999	-0.06410898	-0.010388963	-0.054246817	0.2702584	0.018100716	0.036859415	10	0.06397122	0.10786764	0.42284116	Binding_K13	0.038514577	0.0649429	0.25457615
D53E	D53E	53	53	-0.42193714	-0.47267672	-0.53026724	-0.51811904	-0.34926787	-0.4546829	-0.321373	-0.24496152	-0.27253088	-0.17635761	10	-0.37621737	0.121598646	0.4766667	Binding_K13	-0.22650579	0.0732098	0.28698242
D53F	D53F	53	53	0.2889523	0.0051837657	0.24673644	0.31468397	0.12694147	0.21677783	0.3894032	0.41769662	0.38198915	0.036605574	10	0.24249704	0.14600031	0.57232124	Binding_K13	0.145998	0.087901086	0.34457228
D53G	D53G	53	53	0.016847648	0.038812656	-0.14338753	-0.006979235	0.0040692016	-0.03959407	-0.054946207	-0.090336286	-0.07358177	-0.072915964	10	-0.042201154	0.05586151	0.21897712	Binding_K13	-0.025407668	0.033632036	0.13183759
D53H	D53H	53	53	-0.18912314	-0.2893564	-0.2812259	-0.09370911	-0.12651998	-0.12546985	-0.25336722	-0.15860803	-0.40014744	-0.4426546	10	-0.23601818	0.119014874	0.4665383	Binding_K13	-0.14209734	0.07165421	0.2808845
D53I	D53I	53	53	0.36299375	0.34531	0.2783358	0.50756353	0.23956597	0.23328264	0.15035903	0.5845798	0.27745023	0.19050753	10	0.31699485	0.13770483	0.53980297	Binding_K13	0.19085023	0.08290671	0.3249943
D53K	D53K	53	53	-0.33003476	-0.38932237	-0.45048475	-0.27739283	-0.32860127	-0.22822031	-0.4024448	-0.07360202	-0.33696702	-0.4048689	10	-0.3221939	0.109136514	0.42781514	Binding_K13	-0.19398037	0.065706834	0.2575708
D53L	D53L	53	53	0.24226098	0.2499989	0.1203644	0.25749704	0.1764485	0.5716097	0.3070336	0.046819188	0.065155126	0.14464583	10	0.21818332	0.15108624	0.5922581	Binding_K13	0.13135967	0.09096313	0.3565755
D53M	D53M	53	53	-0.16787536	0.31423438	-0.08795704	0.17683257	-0.13663945	-0.38530037	0.08819428	0.19214642	-0.36880985	-0.20770441	10	-0.05828788	0.24104951	0.9449141	Binding_K13	-0.035092857	0.1451265	0.56889594
D53N	D53N	53	53	-0.3241269	-0.33328876	-0.28759226	-0.17051946	-0.42648166	-0.40712592	-0.15907405	-0.20749755	-0.357388	-0.49550384	10	-0.31685984	0.11213702	0.43957713	Binding_K13	-0.19076894	0.067513324	0.26465222
D53P	D53P	53	53	-0.4417359	-0.40623796	-0.50301814	-0.4055408	-0.40620056	-0.28256804	-0.36128283	-0.07465074	-0.19753209	-0.26537898	10	-0.33441463	0.12897275	0.5055732	Binding_K13	-0.201338	0.07764946	0.3043859
D53Q	D53Q	53	53	-0.19178674	-0.20251578	-0.20353177	-0.46181393	-0.22547388	-0.29237846	0.046302006	-0.26892498	-0.28383967	-0.17860898	10	-0.2262572	0.12641338	0.49554044	Binding_K13	-0.13622063	0.07610856	0.29834557
D53R	D53R	53	53	-0.4218424	-0.48570663	-0.4777719	-0.42705137	-0.5832166	-0.40486017	-0.37257567	-0.46379635	-0.40896457	-0.50594175	10	-0.45517278	0.061355684	0.24051428	Binding_K13	-0.27404177	0.036939863	0.14480427
D53S	D53S	53	53	-0.39618602	-0.43347165	-0.31995192	-0.2962291	-0.31215477	-0.38336086	-0.37155795	-0.3190874	-0.3590021	-0.35625333	10	-0.35472554	0.043149922	0.1691477	Binding_K13	-0.21356641	0.025978884	0.101837225
D53T	D53T	53	53	-0.5604411	-0.4669434	-0.40964004	-0.38993773	-0.5262948	-0.5273676	-0.4251775	-0.6522816	-0.43271962	-0.51390386	10	-0.4904707	0.081010886	0.31756267	Binding_K13	-0.29529327	0.048773494	0.1911921
D53V	D53V	53	53	0.18603228	0.11339438	0.15792055	0.16165198	0.24413468	0.17639726	0.05191622	0.14673278	-0.061106436	0.035609595	10	0.12126833	0.08908302	0.34920546	Binding_K13	0.07301093	0.05363341	0.21024297
D53W	D53W	53	53	0.29909855	0.15728869	-0.0070453915	0.44559288	-0.021903796	-0.28243336	-0.117534615	0.12038354	0.28142887	0.24044529	10	0.11153207	0.21959038	0.8607943	Binding_K13	0.06714911	0.1322068	0.51825064
D53Y	D53Y	53	53	0.19370349	0.3369054	0.2627886	0.2748454	0.22414102	0.20453031	0.29099852	0.26233646	0.2748209	0.0076608295	10	0.23327307	0.089825995	0.3521179	Binding_K13	0.14044462	0.054080725	0.21199645
D56A	D56A	56	56	-0.33735153	-0.27680358	-0.40456006	-0.3506133	-0.28348508	-0.3280424	-0.38091147	-0.22015023	-0.38498268	-0.38312054	10	-0.3350021	0.058962427	0.23113272	Binding_K13	-0.20169169	0.035498977	0.139156
D56C	D56C	56	56	-0.5807873	-0.4480633	-0.6575548	-0.4635085	-0.5131195	-0.38327324	-0.66341877	-0.70640934	-0.698697	-0.5123514	10	-0.56271833	0.11488356	0.45034355	Binding_K13	-0.33879074	0.069166906	0.2711343
D56E	D56E	56	56	-0.3381373	-0.18985994	-0.38522458	-0.43912372	-0.34192362	-0.2790617	-0.40131927	-0.28416494	-0.29071692	-0.37191954	10	-0.33214515	0.0729092	0.28580406	Binding_K13	-0.19997163	0.043895785	0.17207149
D56F	D56F	56	56	-0.99768215	-0.78511304	-0.87814903	-0.9071587	-1.0401429	-0.7859473	-0.943995	-0.7046138	-0.62551415	-0.9179036	10	-0.85862195	0.13105153	0.513722	Binding_K13	-0.5169428	0.07890101	0.30929196
D56G	D56G	56	56	-0.25284907	-0.33268493	-0.31754306	-0.21342365	-0.2575383	-0.3349524	-0.34545544	-0.28979954	-0.2956846	-0.32688266	10	-0.29668134	0.043360014	0.16997126	Binding_K13	-0.17862026	0.026105372	0.10233306
D56H	D56H	56	56	-0.34811628	-0.4579392	-0.2799407	-0.301592	-0.39896682	-0.3713433	-0.17519943	-0.2327566	-0.34984526	-0.27208084	10	-0.31877807	0.08325591	0.32636318	Binding_K13	-0.19192383	0.050125133	0.19649053
D56I	D56I	56	56	-0.9423873	-0.63180107	-0.7786051	-0.79802966	-1.0815976	-0.8826687	-0.9016779	-1.2254097	-0.90730006	-1.061133	10	-0.92106104	0.16984172	0.6657796	Binding_K13	-0.5545349	0.10225507	0.40083987
D56K	D56K	56	56	-0.77585536	-0.86815315	-0.9610456	-0.8346816	-0.5229595	-0.6202875	-0.7700307	-1.0281088	-0.7003776	-0.43973365	10	-0.75212336	0.18593334	0.7288587	Binding_K13	-0.45282412	0.11194321	0.43881738
D56L	D56L	56	56	-0.7220654	-0.80296594	-0.60276765	-0.5305085	-0.6873463	-0.640907	-0.7892787	-0.72901976	-0.7137151	-0.849161	10	-0.7067735	0.09644434	0.3780618	Binding_K13	-0.42552075	0.058065373	0.22761627
D56M	D56M	56	56	-0.5605695	-0.7893004	-0.6173429	-0.77026916	-0.6319574	-0.88281995	-0.7667682	-0.929461	-0.6748203	-0.49718505	10	-0.7120494	0.13930967	0.54609394	Binding_K13	-0.42869717	0.08387292	0.32878187
D56N	D56N	56	56	-0.29568878	-0.5749008	-0.6269896	-0.30706668	-0.23251002	-0.3231014	-0.17259777	-0.34541884	-0.740243	-0.10034137	10	-0.37188584	0.20761763	0.81386113	Binding_K13	-0.22389795	0.12499847	0.48999402
D56P	D56P	56	56	-0.36679053	-0.10321483	-0.34764367	-0.5920224	-0.5499524	-0.38377813	-0.31579375	-0.252372	-0.46670634	-0.47624132	10	-0.38545153	0.14475173	0.5674268	Binding_K13	-0.23206532	0.08714937	0.3416255
D56Q	D56Q	56	56	-0.3250529	-0.39962685	-0.44822425	-0.27624324	-0.34982607	-0.5787274	-0.4568179	-0.31771982	-0.4896	-0.3833399	10	-0.40251786	0.09186951	0.3601285	Binding_K13	-0.2423403	0.055311047	0.2168193
D56R	D56R	56	56	-0.12721865	-0.16087022	-0.19834597	-0.25968552	-0.21549354	-0.28723118	-0.25926188	-0.20373791	-0.35364604	-0.17661393	10	-0.22421046	0.06671762	0.26153305	Binding_K13	-0.13498837	0.040168073	0.15745886
D56S	D56S	56	56	-0.073275626	-0.16189855	-0.1551241	-0.16654707	-0.09869686	-0.13646764	-0.09119922	-0.11404884	-0.19786383	-0.12312592	10	-0.13182476	0.038877577	0.1524001	Binding_K13	-0.07936654	0.023406671	0.09175415
D56T	D56T	56	56	-0.3548797	-0.43722156	-0.3495611	-0.377921	-0.21560341	-0.52097714	-0.42146906	-0.42036122	-0.52188146	-0.5805496	10	-0.42004257	0.10509368	0.41196725	Binding_K13	-0.25289124	0.063272804	0.2480294
D56V	D56V	56	56	-1.0685468	-0.98287237	-0.8626624	-0.82545215	-0.72874063	-0.92510545	-1.0926579	-1.2300866	-1.1352242	-1.0534708	10	-0.990482	0.15465932	0.60626453	Binding_K13	-0.5963305	0.09311434	0.3650082
D56W	D56W	56	56	-0.5186803	-0.18470459	-0.35739318	-0.54148257	-0.24848418	-0.39836115	-0.39830172	-0.38458613	-0.3438732	-0.33123276	10	-0.37071	0.10789402	0.42294455	Binding_K13	-0.22319001	0.06495878	0.25463843
D56Y	D56Y	56	56	-0.094869874	-0.05194431	-0.043480903	-0.29920197	-0.1503228	-0.24178006	-0.20779026	-0.068016164	-0.1892305	-0.37317714	10	-0.1719814	0.11118643	0.4358508	Binding_K13	-0.10354329	0.06694101	0.26240876
D68A	D68A	68	68	-0.045964893	-0.18346123	0.0056020115	0.022763709	0.0019094244	-0.25606737	-0.25176504	-0.105580285	-0.26193172	0.06624341	10	-0.10082519	0.12813471	0.5022881	Binding_K13	-0.060702913	0.07714491	0.30240807
D68C	D68C	68	68	0.53735554	0.5423161	0.32971123	0.30686873	0.16709894	0.07627377	0.33888707	0.4351675	0.18106265	0.31228757	10	0.3227029	0.15370466	0.60252225	Binding_K13	0.19428684	0.09253958	0.36275515
D68E	D68E	68	68	-0.43857265	-0.48721424	-0.48255	-0.50282997	-0.64167005	-0.39497352	-0.4245725	-0.43740886	-0.5694558	-0.70662487	10	-0.50858724	0.10096081	0.3957664	Binding_K13	-0.30620053	0.060784567	0.23827551
D68F	D68F	68	68	-0.24051265	-0.73892474	0.007477994	0.27306095	0.2102638	0.19793175	0.22406213	0.036647763	-0.106746115	-0.23151833	10	-0.036825743	0.3099898	1.2151601	Binding_K13	-0.022171343	0.18663277	0.73160046
D68G	D68G	68	68	-0.22789219	-0.15888599	-0.22966544	-0.1478067	-0.14967687	-0.13517492	-0.14126344	-0.03554534	-0.1903199	-0.031270422	10	-0.14475012	0.06777448	0.26567596	Binding_K13	-0.0871484	0.04080437	0.15995313
D68H	D68H	68	68	-0.13379495	-0.25412202	-0.1674858	-0.20004363	-0.22019385	-0.29867586	-0.27802446	-0.18569066	-0.29984114	-0.17588006	10	-0.22137523	0.05848816	0.22927359	Binding_K13	-0.13328138	0.035213437	0.13803667
D68I	D68I	68	68	0.3139997	0.26630569	0.34763777	0.5152059	0.31690133	0.16328187	0.23897366	0.42774242	0.23385368	0.259329	10	0.3083231	0.102345176	0.4011931	Binding_K13	0.1856293	0.061618038	0.24154271
D68K	D68K	68	68	-0.24942261	-0.333895	-0.60587937	-0.4444959	-0.2958124	-0.14892356	-0.31923455	-0.39736292	-0.5593484	-0.568375	10	-0.39227495	0.15091549	0.59158874	Binding_K13	-0.23617344	0.09086033	0.3561725
D68L	D68L	68	68	0.121979244	0.094938725	0.21872626	0.09042417	0.010727671	-0.19458191	-0.36181572	-0.10461859	0.05634405	0.041927177	10	-0.0025948908	0.1714669	0.67215025	Binding_K13	-0.0015622824	0.10323353	0.40467545
D68M	D68M	68	68	-0.09732912	-0.04959601	-0.002670025	-0.14518908	-0.27514485	-0.21530788	-0.016301408	-0.112054996	-0.11622914	-0.15177648	10	-0.11815989	0.08487353	0.33270425	Binding_K13	-0.071139455	0.05109904	0.20030823
D68N	D68N	68	68	0.15554355	-0.053364627	0.11374189	0.15837494	0.09006995	0.10243962	0.12087357	0.18434799	0.2041333	0.22567147	10	0.13018318	0.07844598	0.30750823	Binding_K13	0.07837821	0.047229264	0.18513872
D68P	D68P	68	68	-0.035353247	-0.19353262	-0.26341522	-0.1580412	-0.17645307	-0.26783133	-0.26843965	-0.2201417	-0.24643993	-0.05612067	10	-0.18857685	0.08480742	0.33244509	Binding_K13	-0.11353476	0.05105924	0.20015222
D68Q	D68Q	68	68	-0.17665936	-0.42262825	-0.34041378	-0.17542595	-0.36034408	-0.42951593	-0.3006655	-0.22315234	-0.24822001	-0.27792248	10	-0.29549474	0.09230985	0.3618546	Binding_K13	-0.17790584	0.055576157	0.21785854
D68R	D68R	68	68	-0.05622649	-0.14861645	-0.189124	-0.041334484	-0.07258161	-0.013463385	-0.17487061	-0.06766126	-0.17701304	-0.11703491	10	-0.10579262	0.063632466	0.24943927	Binding_K13	-0.063693605	0.038310625	0.15017766
D68S	D68S	68	68	-0.28365508	-0.37887958	-0.33659163	-0.30854997	-0.41321996	-0.36550838	-0.28675804	-0.2893528	-0.27760494	-0.2856288	10	-0.32257494	0.048203062	0.188956	Binding_K13	-0.19420978	0.029021183	0.11376304
D68T	D68T	68	68	-0.33523333	-0.20017786	0.04396754	0.103905156	-0.106606	-0.20829654	-0.28683013	-0.2743916	-0.3106684	-0.3214421	10	-0.18957734	0.15561377	0.610006	Binding_K13	-0.11413712	0.09368897	0.36726078
D68V	D68V	68	68	0.3918801	0.1588781	0.33862576	0.37610438	0.3303575	0.1971941	0.082733534	0.22020903	0.47048858	0.51235265	10	0.30788237	0.13914093	0.54543245	Binding_K13	0.18536396	0.083771326	0.3283836
D68W	D68W	68	68	0.069748476	0.008941773	-0.056404136	-0.003134674	-0.063317664	-0.16316703	-0.20144124	0.37286144	0.26875916	0.19848143	10	0.043132752	0.18600923	0.7291562	Binding_K13	0.025968546	0.111988895	0.43899646
D68Y	D68Y	68	68	0.042937316	0.058244128	-0.01724561	0.07866328	0.28635082	0.28939047	0.1720983	0.006905374	0.120986134	-0.23013905	10	0.080819115	0.15253954	0.597955	Binding_K13	0.048658036	0.0918381	0.36000535
D91A	D91A	91	91	0.19098382	0.037820827	0.12044414	0.1124563	0.23580405	0.19377108	0.11497484	0.18502784	0.22384018	0.08352136	10	0.14986446	0.06510715	0.25522003	Binding_K13	0.090227544	0.039198477	0.15365803
D91C	D91C	91	91	-0.097504646	-0.082054384	-0.18249868	-0.0033872693	-0.25503647	0.084903784	0.20996876	-0.028368197	0.06874598	-0.03896936	10	-0.032420047	0.13434418	0.52662915	Binding_K13	-0.019518845	0.080883384	0.31706288
D91E	D91E	91	91	-0.34652907	-0.17422561	-0.018858492	-0.15327324	-0.364413	-0.10329371	-0.20413247	-0.14888264	-0.24435349	-0.04971104	10	-0.18076727	0.11401732	0.4469479	Binding_K13	-0.10883292	0.06864538	0.2690899
D91F	D91F	91	91	-0.07672428	-0.1983659	-0.1287983	-0.07586459	-0.33096063	-0.24937738	-0.1990943	-0.12734875	-0.24393228	-0.13375509	10	-0.17642215	0.08253348	0.32353124	Binding_K13	-0.10621689	0.049690187	0.19478554
D91G	D91G	91	91	0.3124985	0.27869758	0.30466297	0.16436963	0.38756624	0.18504144	0.17167556	0.26330236	0.20476978	0.32211673	10	0.25947008	0.075170726	0.29466924	Binding_K13	0.1562168	0.04525736	0.17740886
D91H	D91H	91	91	-0.20791553	-0.100371525	-0.0031868191	-0.13876782	-0.12985641	-0.14622691	-0.19986993	-0.05093125	-0.2340747	-0.22487435	10	-0.14360753	0.07636548	0.29935268	Binding_K13	-0.086460486	0.045976676	0.18022858
D91I	D91I	91	91	0.015012431	-0.19949803	-0.10860494	-0.041372456	0.0085038105	-0.047971852	0.13483445	0.028099798	-0.1107786	0.061040334	10	-0.026073506	0.09665209	0.3788762	Binding_K13	-0.01569784	0.05819045	0.22810657
D91K	D91K	91	91	0.25973335	0.50485843	0.5198516	0.71403265	0.49541125	0.3252319	0.29011893	0.5436982	0.37866795	0.28025624	10	0.43118605	0.14762394	0.5786859	Binding_K13	0.25960028	0.08887862	0.3484042
D91L	D91L	91	91	0.039463636	0.058794945	-0.14045113	-0.08143852	-0.069969974	0.12119821	-0.03499273	0.028114574	-0.030985443	-0.077990875	10	-0.01882573	0.07921229	0.31051219	Binding_K13	-0.011334238	0.04769063	0.18694727
D91M	D91M	91	91	-0.04332624	0.1965891	0.022567187	0.075342245	0.25301456	-0.24690084	0.15497923	0.02439974	-0.055129956	-0.08591791	10	0.029561713	0.1483175	0.5814046	Binding_K13	0.017797954	0.08929618	0.35004103
D91N	D91N	91	91	-0.16612643	-0.2855387	-0.16047332	-0.1692115	-0.23201066	-0.23508225	-0.4460207	-0.36342925	-0.44016984	-0.4168546	10	-0.29149172	0.11617297	0.45539805	Binding_K13	-0.17549579	0.06994321	0.2741774
D91P	D91P	91	91	0.91115606	0.6238262	0.85066825	0.9361226	0.8593212	0.83014786	0.6948718	-0.020468187	0.7168048	0.51700187	10	0.69194525	0.2835075	1.1113495	Binding_K13	0.41659322	0.1706888	0.6691001
D91Q	D91Q	91	91	0.29137665	0.021565678	0.055763315	0.30162382	0.30079448	0.23276678	-0.05743699	0.057362456	0.18459612	0.28449365	10	0.1672906	0.13574895	0.5321359	Binding_K13	0.10071914	0.081729144	0.32037824
D91R	D91R	91	91	0.1722908	0.25797474	0.19229588	0.3799787	0.37726152	0.36291638	0.26720762	0.3111052	0.31560785	0.27315217	10	0.2909791	0.07253325	0.28433034	Binding_K13	0.17518716	0.04366944	0.17118421
D91S	D91S	91	91	0.11017509	0.0942626	0.0952335	0.084816754	0.04580241	-0.07826577	0.15014614	0.061751306	0.05087726	0.045651197	10	0.06604505	0.06048031	0.23708282	Binding_K13	0.03976315	0.036412835	0.14273831
D91T	D91T	91	91	0.045079216	-0.2383579	-0.1050751	-0.037966333	-0.06820189	-0.16495852	-0.13110764	0.11059225	-0.112738974	-0.09541129	10	-0.07981461	0.10039985	0.3935674	Binding_K13	-0.048053265	0.060446832	0.23695159
D91V	D91V	91	91	0.07298371	0.05987358	0.036716606	0.14103952	0.13659543	0.19147205	-0.019545386	0.074715875	0.15503682	0.03426564	10	0.08831538	0.06553247	0.2568873	Binding_K13	0.053171244	0.039454542	0.1546618
D91W	D91W	91	91	-0.10892914	-0.27400374	-0.18312371	-0.19507124	-0.08096424	-0.1803722	-0.0037077738	-0.028189786	0.02736808	-0.09930666	10	-0.11263005	0.09555917	0.37459198	Binding_K13	-0.067810155	0.05753245	0.2255272
D91Y	D91Y	91	91	-0.23989643	-0.1565269	-0.031983633	-0.028748145	-0.028936053	-0.3427113	-0.10260826	-0.05023775	-0.25572592	-0.08318281	10	-0.13205571	0.11213533	0.4395705	Binding_K13	-0.07950559	0.0675123	0.26464823
E106A	E106A	106	106	-0.24167311	-0.3739385	-0.0880474	-0.23172349	-0.10342659	-0.0899452	-0.3157333	-0.3957534	-0.42144233	-0.34469622	10	-0.26063794	0.12990902	0.50924337	Binding_K13	-0.15691993	0.078213155	0.30659556
E106C	E106C	106	106	-0.35985085	-0.27388507	-0.34980673	-0.46692076	-0.34459165	-0.4135537	-0.31015438	-0.40909052	-0.32742456	-0.39486414	10	-0.36501423	0.05674199	0.2224286	Binding_K13	-0.21976082	0.034162138	0.13391559
E106D	E106D	106	106	-0.29015687	-0.32903904	-0.30462587	-0.18624634	-0.32242626	-0.30033183	-0.41132322	-0.35491395	-0.27033067	-0.38434556	10	-0.31537396	0.06275504	0.24599977	Binding_K13	-0.18987435	0.03778236	0.14810686
E106F	E106F	106	106	-0.44874814	-0.4969304	-0.2998947	-0.4654135	-0.49749106	-0.52283084	-0.5312531	-0.4168177	-0.29454702	-0.34179932	10	-0.4315726	0.089884736	0.35234818	Binding_K13	-0.259833	0.054116093	0.21213509
E106G	E106G	106	106	-0.3663973	-0.40313476	-0.27855504	-0.22713439	-0.15963128	-0.64317065	-0.52682555	-0.47584352	-0.4469339	-0.44997424	10	-0.3977601	0.14497757	0.5683121	Binding_K13	-0.23947583	0.08728534	0.34215853
E106H	E106H	106	106	-0.4914841	-0.5528593	-0.48471886	-0.51263165	-0.49659413	-0.8061176	-0.5764543	-0.37661585	-0.27359706	-0.5059228	10	-0.5076996	0.13693012	0.5367661	Binding_K13	-0.30566612	0.08244029	0.32316592
E106I	E106I	106	106	-0.5565454	-0.41788003	-0.528895	-0.56733227	-0.5750744	-0.44155675	-0.5183505	-0.57190514	-0.46251753	-0.57054096	10	-0.5210599	0.059455216	0.23306446	Binding_K13	-0.31370983	0.035795666	0.14031902
E106K	E106K	106	106	-0.44134626	-0.5087655	-0.33273786	-0.45298132	-0.58573025	-0.5466286	-0.44119272	-0.46860704	-0.28564376	-0.5816043	10	-0.46452373	0.09871081	0.38694638	Binding_K13	-0.2796716	0.05942993	0.23296532
E106L	E106L	106	106	-0.4827449	-0.485346	-0.5026599	-0.5876288	-0.5014195	-0.47541535	-0.5467145	-0.35979337	-0.40348154	-0.4745872	10	-0.48197907	0.06442827	0.25255883	Binding_K13	-0.2901808	0.038789745	0.1520558
E106M	E106M	106	106	-0.59632194	-0.39139852	-0.68121177	-0.41149104	-0.326408	-0.54173756	-0.36879307	-0.51363754	-0.63235795	-0.61234725	10	-0.50757045	0.12498382	0.48993656	Binding_K13	-0.30558836	0.07524788	0.29497167
E106N	E106N	106	106	-0.4715566	-0.25969934	-0.52190894	-0.17766845	-0.74190724	-0.4221896	-0.45912212	-0.62268096	-0.45937556	-0.5519151	10	-0.4688024	0.16290382	0.63858294	Binding_K13	-0.28224763	0.09807803	0.38446587
E106P	E106P	106	106	-0.53587955	-0.6977836	-0.46570653	-0.81005055	-0.6039919	-0.7108889	-0.40902156	-0.7633469	-0.5728628	-0.6814374	10	-0.625097	0.1301137	0.51004577	Binding_K13	-0.3763465	0.07833639	0.30707866
E106Q	E106Q	106	106	-0.38194165	-0.7189227	-0.4025599	-0.118049465	-0.212242	-0.4024787	-0.32103893	-0.22907007	-0.41836822	-0.47887984	10	-0.36835518	0.16626517	0.6517595	Binding_K13	-0.22177228	0.10010178	0.39239898
E106R	E106R	106	106	-0.69271225	-0.56759113	-0.6483892	-0.6907685	-0.6087054	-0.6247251	-0.49472705	-0.6037045	-0.45241594	-0.66161376	10	-0.6045353	0.0798479	0.31300378	Binding_K13	-0.3639671	0.048073307	0.18844737
E106S	E106S	106	106	-0.4434088	-0.37485433	-0.5675809	-0.39744782	-0.3922736	-0.38904873	-0.34900385	-0.35881162	-0.4452671	-0.464801	10	-0.4182498	0.06497944	0.2547194	Binding_K13	-0.25181186	0.039121587	0.15335663
E106T	E106T	106	106	-0.35263723	-0.3120989	-0.4017841	-0.35438022	-0.16656283	-0.15821913	-0.52532774	-0.40619478	-0.37834394	-0.32189265	10	-0.33774418	0.10982934	0.430531	Binding_K13	-0.20334259	0.066123955	0.2592059
E106V	E106V	106	106	-0.30141488	-0.33175236	-0.31798437	-0.3260031	-0.3419194	-0.33026156	-0.4815738	-0.40628898	-0.36483455	-0.37766284	10	-0.35796958	0.053311985	0.20898299	Binding_K13	-0.21551952	0.032097064	0.12582049
E106W	E106W	106	106	-0.28834054	-0.21969053	-0.4143106	-0.38291565	-0.20151879	-0.3996368	-0.45917916	-0.30127358	-0.35754928	-0.53243876	10	-0.35568535	0.10425622	0.4086844	Binding_K13	-0.21414427	0.0627686	0.24605292
E106Y	E106Y	106	106	-0.8539336	-0.749883	-0.6933291	-0.7679994	-0.4941273	-0.5143085	-0.66696614	-0.65593	-0.83422565	-0.9303234	10	-0.7161026	0.14111581	0.553174	Binding_K13	-0.43113744	0.08496033	0.3330445
E142A	E142A	142	142	-0.45584023	-0.7004349	-0.22725148	-0.46535227	-0.49306569	-0.38013732	-0.3677661	-0.40375763	-0.53834486	-0.43789938	10	-0.446985	0.12297285	0.4820536	Binding_K13	-0.26911223	0.07403716	0.29022565
E142C	E142C	142	142	0.13853876	0.15213618	0.13569617	0.1588251	0.0038414444	0.06701428	-0.19735132	-0.34433824	0.13254748	-0.13567536	10	0.011123449	0.1772439	0.6947961	Binding_K13	0.0066969944	0.10671163	0.4183096
E142D	E142D	142	142	-0.6196797	-0.8813973	-0.64972097	-0.6188377	-0.64788014	-0.58237666	-0.6387293	-0.6111434	-0.47768492	-0.44762358	10	-0.6175074	0.11630442	0.45591334	Binding_K13	-0.37177712	0.07002235	0.2744876
E142F	E142F	142	142	0.30544242	0.15227763	0.23771812	0.18370117	-0.039887067	0.058972705	0.009417908	0.0019535103	-0.053823076	-0.12754135	10	0.0728232	0.14064628	0.5513334	Binding_K13	0.043844003	0.08467764	0.33193633
E142G	E142G	142	142	-0.36333838	-0.34751704	-0.15270858	-0.45077768	-0.29772264	-0.29798883	-0.45345858	-0.39062843	-0.22650939	-0.45385674	10	-0.3434506	0.10146908	0.39775878	Binding_K13	-0.20677821	0.06109057	0.23947504
E142H	E142H	142	142	-0.08482989	-0.28074405	-0.18291564	-0.6039368	-0.17041463	-0.34132943	-0.34884763	-0.5504724	-0.30172843	-0.28834766	10	-0.31535667	0.16129985	0.6322954	Binding_K13	-0.18986395	0.09711235	0.3806804
E142I	E142I	142	142	0.07501658	0.22173463	0.16962238	0.5302548	0.32226685	-0.3186022	-0.2532349	-0.22588478	-0.2648153	-0.118908614	10	0.013744945	0.29204792	1.1448278	Binding_K13	0.008275295	0.17583065	0.68925613
E142K	E142K	142	142	-0.034748364	-0.17317587	-0.11033209	-0.12621062	-0.40372297	-0.32639408	-0.44941726	-0.3747788	-0.3904906	-0.14987378	10	-0.25391445	0.14962159	0.5865166	Binding_K13	-0.15287198	0.09008132	0.35311878
E142L	E142L	142	142	-0.11783992	-0.018293234	0.2613061	0.18518639	-0.07884221	-0.05970271	-0.03914671	0.119080424	0.06752085	0.30926558	10	0.062853456	0.15018047	0.58870745	Binding_K13	0.037841614	0.0904178	0.3544378
E142M	E142M	142	142	0.31122264	0.28591824	0.2619112	-0.102394335	-0.25827852	-0.60396016	-0.37971908	0.08564682	0.1805689	0.089582	10	-0.012950224	0.31263068	1.2255123	Binding_K13	-0.0077968244	0.18822274	0.73783314
E142N	E142N	142	142	-0.37928912	-0.28387484	-0.25196815	-0.47599602	-0.45628664	-0.43088752	-0.23460266	-0.31044778	-0.3303053	-0.4019918	10	-0.35556498	0.08577589	0.33624148	Binding_K13	-0.2140718	0.051642317	0.2024379
E142P	E142P	142	142	-0.61951345	-0.5353751	-0.3724533	-0.35844156	-0.54905784	-0.3593409	-0.30543816	-0.4608205	-0.91369843	-0.61623156	10	-0.5090371	0.18173921	0.7124177	Binding_K13	-0.30647135	0.10941809	0.4289189
E142Q	E142Q	142	142	-0.17318402	-0.18893394	-0.22591825	-0.3337722	-0.3339721	-0.23683777	-0.29834026	-0.1728	-0.19269812	-0.06227979	10	-0.22187361	0.08390478	0.32890674	Binding_K13	-0.13358144	0.050515793	0.19802192
E142R	E142R	142	142	-0.26693645	-0.17969905	-0.22377165	-0.12490454	-0.16143389	-0.14068499	-0.12048826	-0.085184	-0.14903496	-0.13289864	10	-0.15850365	0.053216573	0.20860897	Binding_K13	-0.09542886	0.03203962	0.12559532
E142S	E142S	142	142	-0.25995243	-0.22309156	-0.40886685	-0.38123667	-0.48946145	-0.3516427	-0.34041202	-0.33799267	-0.2648407	-0.3587179	10	-0.3416215	0.07815211	0.30635628	Binding_K13	-0.20567697	0.04705234	0.18444517
E142T	E142T	142	142	-0.20627032	-0.0026964948	-0.08654723	-0.08806669	-0.1874471	-0.24081846	-0.24272674	-0.30044255	-0.24002233	-0.2075738	10	-0.18026116	0.09181474	0.3599138	Binding_K13	-0.10852821	0.055278074	0.21669005
E142V	E142V	142	142	-0.23237512	0.057626728	0.3082291	-0.18013008	-0.44473884	-0.02743339	-0.1536873	-0.38412488	-0.25854227	-0.46563616	10	-0.17808121	0.2406057	0.94317436	Binding_K13	-0.10721575	0.1448593	0.56784844
E142W	E142W	142	142	-0.13310668	-0.33388254	-0.17170547	-0.42865837	0.077197745	-0.36769602	-0.05274761	-0.29391322	-0.20238042	-0.03080908	10	-0.19377016	0.16302389	0.63905364	Binding_K13	-0.11666145	0.09815032	0.38474926
E142Y	E142Y	142	142	-0.017330665	0.3741866	0.14454785	0.0154166715	0.0307381	0.061826188	0.18951063	0.3199896	-0.15582716	0.5523018	10	0.15153596	0.2119252	0.83074677	Binding_K13	0.09123389	0.1275919	0.5001602
E161A	E161A	161	161	-0.32110298	-0.48013258	-0.30799454	-0.4501195	-0.21933852	-0.16122314	-0.15673308	-0.3474703	-0.12640299	-0.40144885	10	-0.2971967	0.12666062	0.4965096	Binding_K13	-0.17893052	0.076257415	0.29892907
E161C	E161C	161	161	0.0061941994	-0.061796438	-0.23380415	-0.13136269	-0.171447	-0.20558031	-0.085189976	-0.0472209	-0.20608929	-0.04705237	10	-0.11833489	0.08271601	0.32424676	Binding_K13	-0.07124482	0.049800083	0.19521633
E161D	E161D	161	161	-0.33024237	0.013223626	-0.13902335	-0.20421095	-0.08800708	-0.16359483	-0.20789154	-0.32039052	-0.23329443	-0.14632541	10	-0.18197568	0.10291739	0.40343618	Binding_K13	-0.10956045	0.06196254	0.24289316
E161F	E161F	161	161	0.18295196	-0.13534233	0.13697591	0.03839014	0.10282076	0.0068688677	0.11916117	-0.07574718	0.051228408	0.15363036	10	0.05809381	0.10277225	0.40286723	Binding_K13	0.034976017	0.06187516	0.24255064
E161G	E161G	161	161	-0.4140063	-0.5350177	-0.3004902	-0.55779374	-0.54180586	-0.48981783	-0.6684908	-0.72315043	-0.47399366	-0.4474834	10	-0.515205	0.121529385	0.4763952	Binding_K13	-0.31018484	0.0731681	0.28681895
E161H	E161H	161	161	-0.2540588	-0.5558992	-0.368002	-0.32824057	-0.24754372	-0.40431836	-0.21968354	-0.20722817	-0.2379513	-0.20243761	10	-0.3025363	0.11304486	0.44313586	Binding_K13	-0.1821453	0.0680599	0.2667948
E161I	E161I	161	161	-0.07762586	-0.06323684	-0.026815977	0.028267847	-0.18479833	-0.12703392	-0.07528971	0.124875195	-0.017571105	-0.036581058	10	-0.045580976	0.08430362	0.33047017	Binding_K13	-0.027442526	0.050755918	0.1989632
E161K	E161K	161	161	-0.3578392	-0.16432011	-0.33422667	-0.1198035	-0.13270016	-0.004040964	-0.28786	-0.0961446	-0.44064772	-0.28756073	10	-0.22251436	0.13847516	0.54282266	Binding_K13	-0.1339672	0.08337049	0.32681233
E161L	E161L	161	161	-0.3374121	-0.18731214	-0.24408099	-0.2471067	-0.33298486	-0.24836983	-0.29453388	-0.37358975	-0.2818639	-0.27006415	10	-0.28173184	0.054883383	0.21514286	Binding_K13	-0.16961975	0.033043142	0.12952912
E161M	E161M	161	161	-0.3513373	-0.24852623	-0.3565828	-0.3754724	-0.35137883	-0.21823369	-0.64828634	-0.347485	-0.32986695	-0.25055313	10	-0.34777227	0.119061895	0.46672264	Binding_K13	-0.2093801	0.07168252	0.2809955
E161N	E161N	161	161	-0.49684694	-0.4029528	-0.41482803	-0.40434968	-0.29183182	-0.27884993	-0.33688614	-0.4506689	-0.47226346	-0.3835616	10	-0.39330393	0.07272405	0.2850783	Binding_K13	-0.23679295	0.043784313	0.17163451
E161P	E161P	161	161	0.5776768	1.3963796	1.0007489	0.33712414	1.7085098	1.0074639	1.2901428	0.8491704	0.9078615	0.64299303	10	0.9718071	0.40985742	1.6066412	Binding_K13	0.5850871	0.24675916	0.96729594
E161Q	E161Q	161	161	-0.3789688	-0.1704205	-0.42932534	-0.22514915	-0.3508507	-0.7291021	-0.4207509	-0.43690774	-0.32333386	-0.33022723	10	-0.3795036	0.15042289	0.5896577	Binding_K13	-0.22848432	0.09056375	0.3550099
E161R	E161R	161	161	-0.31362706	-0.4232349	-0.5575618	-0.32888302	-0.26670152	-0.38865268	-0.39351925	-0.4641815	-0.4984119	-0.43815634	10	-0.407293	0.08853809	0.34706932	Binding_K13	-0.24521522	0.053305328	0.20895688
E161S	E161S	161	161	-0.37781614	-0.40685922	-0.40978596	-0.41861778	-0.28448316	-0.32843998	-0.45160663	-0.427821	-0.31932065	-0.44565213	10	-0.3870403	0.057539854	0.22555624	Binding_K13	-0.23302186	0.0346425	0.1357986
E161T	E161T	161	161	-0.5850471	-0.5483889	-0.5730343	-0.3749518	-0.41612148	-0.42727	-0.42248666	-0.5089033	-0.4429086	-0.55849797	10	-0.48576102	0.07718114	0.30255008	Binding_K13	-0.29245776	0.04646775	0.18215358
E161V	E161V	161	161	0.19262588	0.17317866	0.20661254	0.03909493	-4.7125726e-05	0.18693477	0.2856691	0.14017639	0.02222148	0.1445841	10	0.13910505	0.09153611	0.35882157	Binding_K13	0.08374973	0.05511032	0.21603246
E161W	E161W	161	161	-0.4941825	-0.31687152	-0.31767526	-0.03698593	-0.22223145	-0.262731	-0.5099985	-0.5349837	-0.2705878	-0.2900603	10	-0.32563078	0.15225287	0.59683126	Binding_K13	-0.19604959	0.09166551	0.3593288
E161Y	E161Y	161	161	0.13086672	0.32994244	0.10378197	0.086491294	0.11757849	-0.19516765	0.012480174	0.15439343	-0.19540532	0.03933169	10	0.05842932	0.15837301	0.62082225	Binding_K13	0.035178013	0.09535021	0.37377283
E167A	E167A	167	167	-0.25652394	-0.37142628	-0.57155395	-0.49766195	-0.41750768	-0.3649228	-0.3047886	-0.39759046	-0.32299858	-0.20978065	10	-0.3714755	0.10798896	0.42331675	Binding_K13	-0.22365089	0.06501594	0.2548625
E167C	E167C	167	167	-0.750849	-0.9210341	-0.78158927	-0.62894624	-0.6053946	-0.78335077	-0.4707458	-0.57607144	-0.5761866	-0.7277854	10	-0.68219537	0.1332884	0.52249056	Binding_K13	-0.4107232	0.080247745	0.31457117
E167D	E167D	167	167	-0.17706797	-0.2807664	-0.34407365	-0.117420435	-0.17527008	-0.22975874	-0.44199577	-0.34874257	-0.46442017	-0.25757474	10	-0.28370905	0.115455605	0.452586	Binding_K13	-0.17081015	0.06951132	0.27248436
E167F	E167F	167	167	-0.18209444	-0.20994794	-0.14751665	-0.14515026	0.018085347	-0.03996413	-0.21803151	-0.065265864	-0.06558484	-0.1379427	10	-0.11934129	0.077955805	0.30558676	Binding_K13	-0.07185073	0.046934146	0.18398185
E167G	E167G	167	167	-0.38812435	-0.46761212	-0.31557745	-0.49187568	-0.38157752	-0.46597254	-0.32738945	-0.37353998	-0.3370511	-0.42563426	10	-0.39743543	0.06280378	0.24619083	Binding_K13	-0.23928036	0.037811708	0.1482219
E167H	E167H	167	167	-0.29619116	-0.39467275	-0.32298884	-0.20013231	-0.4821726	-0.4483829	-0.36770836	-0.21926397	-0.20391092	-0.33141735	10	-0.3266841	0.099379346	0.38956705	Binding_K13	-0.19668373	0.059832424	0.2345431
E167I	E167I	167	167	-0.30143884	-0.25521106	-0.3441242	-0.39910567	-0.2388652	-0.4330618	-0.27191693	-0.4178812	-0.4167681	-0.41199037	10	-0.34903634	0.076037675	0.2980677	Binding_K13	-0.21014115	0.045779318	0.17945492
E167K	E167K	167	167	-0.26356328	-0.25566992	-0.14908762	-0.2622614	-0.3894743	-0.617782	-0.28260246	-0.110872716	0.11182546	-0.049126506	10	-0.22686148	0.1976528	0.774799	Binding_K13	-0.13658445	0.11899904	0.46647626
E167L	E167L	167	167	-0.42497113	-0.39926043	-0.37465164	-0.393666	-0.45753956	-0.47778326	-0.47078267	-0.48440433	-0.4958654	-0.38762745	10	-0.4366552	0.04559399	0.17872843	Binding_K13	-0.26289305	0.02745036	0.10760541
E167M	E167M	167	167	-0.38893116	-0.64268327	-0.4697295	-0.69783384	-0.46479285	-0.51276267	-0.33749515	-0.34340227	-0.45648095	-0.42553073	10	-0.47396427	0.118201055	0.46334815	Binding_K13	-0.2853554	0.07116424	0.27896383
E167N	E167N	167	167	-0.079009786	-0.1271721	0.071334966	0.05291108	-0.1259021	-0.08728033	-0.16815999	-0.091122985	-0.1765936	-0.09836244	10	-0.08293573	0.08328735	0.3264864	Binding_K13	-0.049932364	0.050144065	0.19656473
E167P	E167P	167	167	-0.44343844	-0.39820722	-0.32107112	-0.170804	-0.49927074	-0.32490093	-0.42425707	-0.2823759	-0.53482604	-0.64224285	10	-0.40413943	0.1363237	0.53438896	Binding_K13	-0.24331658	0.082075186	0.32173473
E167Q	E167Q	167	167	-0.45469436	-0.271497	-0.2848894	-0.1584516	-0.32845607	-0.2810497	-0.29482615	-0.31391412	-0.1886922	-0.41831508	10	-0.29947856	0.08992679	0.35251302	Binding_K13	-0.18030435	0.05414141	0.21223433
E167R	E167R	167	167	-0.5562915	-0.58490765	-0.6371622	-0.52113	-0.47312972	-0.45903996	-0.52024144	-0.5959658	-0.6361905	-0.60594267	10	-0.55900013	0.063786454	0.25004292	Binding_K13	-0.33655217	0.038403336	0.15054108
E167S	E167S	167	167	-0.28571075	-0.29963356	-0.34791508	-0.2326225	-0.1714992	-0.24122444	-0.3021192	-0.26424	-0.4005635	-0.21605985	10	-0.2761588	0.06647066	0.26056498	Binding_K13	-0.16626444	0.04001939	0.15687601
E167T	E167T	167	167	-0.34041077	-0.46640378	-0.26819485	-0.28052086	-0.27919665	-0.49954292	-0.50934047	-0.068285376	-0.3672281	-0.40645942	10	-0.3485583	0.13364698	0.52389616	Binding_K13	-0.20985335	0.08046363	0.31541744
E167V	E167V	167	167	-0.3123995	-0.305869	-0.27465084	-0.3453644	-0.31336612	-0.2829527	-0.38526225	-0.47136667	-0.2882257	-0.35862547	10	-0.33380824	0.059758537	0.23425347	Binding_K13	-0.20097291	0.035978284	0.14103487
E167W	E167W	167	167	-0.97762656	-0.7128339	-0.8345586	-0.9522161	-0.8315681	-1.0255417	-0.98505586	-1.0094448	-0.6126918	-0.861925	10	-0.8803462	0.13656722	0.5353435	Binding_K13	-0.5300221	0.08222179	0.32230943
E167Y	E167Y	167	167	-0.70101166	-0.825011	-0.9294035	-0.6740756	-0.7306376	-0.67391455	-0.4871494	-0.6617927	-0.64757025	-0.7933465	10	-0.71239126	0.118901506	0.46609393	Binding_K13	-0.42890298	0.07158595	0.28061694
E2A	E2A	2	2	-0.3234156	-0.28569603	-0.31760582	-0.17705928	-0.3763219	-0.30400068	-0.23123462	-0.3851916	-0.36990082	-0.53510606	10	-0.33055323	0.09708563	0.3805757	Binding_K13	-0.1990132	0.05845147	0.22912976
E2C	E2C	2	2	0.1425625	0.08646869	-0.010708765	-0.0147949895	0.10765124	0.25985897	-0.040022667	0.008833029	0.035145033	-0.046915233	10	0.052807778	0.09688445	0.37978706	Binding_K13	0.0317935	0.058330346	0.22865497
E2D	E2D	2	2	-0.34902012	-0.34411263	-0.30910742	-0.5272656	-0.5269978	-0.4672087	-0.32100508	-0.2552565	-0.37069702	-0.35252538	10	-0.38231963	0.09309686	0.3649397	Binding_K13	-0.23017973	0.056049988	0.21971595
E2F	E2F	2	2	0.104909234	0.037210997	-0.0429069	0.018290186	0.0774889	-0.042677347	-0.18036368	0.050695606	0.116369106	-0.0047508166	10	0.013426527	0.08772099	0.3438663	Binding_K13	0.008083588	0.052813385	0.20702848
E2G	E2G	2	2	-0.018793507	0.050626677	-0.09757898	0.03849808	-0.010813596	-0.1442741	-0.08532896	-0.07366077	-0.06983292	-0.057701275	10	-0.046885937	0.061266333	0.24016403	Binding_K13	-0.028228194	0.036886066	0.14459339
E2H	E2H	2	2	0.0627167	0.0021956603	-0.016068123	-0.1246983	-0.13890165	-0.15247239	-0.17797324	-0.41808668	-0.3139095	-0.013709639	10	-0.12909071	0.14938448	0.5855872	Binding_K13	-0.07772048	0.089938566	0.35255918
E2I	E2I	2	2	-0.06770855	-0.074449494	0.07105311	0.13088973	-0.12392137	-0.09876581	0.05730904	0.02574991	0.11734889	-0.010025202	10	0.0027480237	0.09138573	0.35823208	Binding_K13	0.0016544778	0.05501978	0.21567754
E2K	E2K	2	2	-0.31265762	-0.4984502	-0.49173266	-0.2414441	-0.35883337	-0.04816748	-0.12609534	-0.2939946	-0.5512897	-0.37461877	10	-0.3297284	0.16219655	0.6358105	Binding_K13	-0.19851659	0.09765221	0.38279667
E2L	E2L	2	2	-0.10878775	-0.16711006	0.11660129	-0.0922102	-0.10932115	-0.3316702	-0.19019815	-0.030618006	-0.1846408	-0.21584536	10	-0.13138004	0.119723044	0.46931434	Binding_K13	-0.07909879	0.072080575	0.28255585
E2M	E2M	2	2	-0.38119438	-0.18755752	-0.1571934	-0.2963062	-0.42840198	-0.16315717	-0.37904498	-0.18224488	-0.5384037	-0.20586225	10	-0.29193667	0.1333411	0.52269715	Binding_K13	-0.17576367	0.08027948	0.31469557
E2N	E2N	2	2	-0.38851708	-0.49877575	-0.5973884	-0.6878393	-0.8808786	-0.31556475	-0.6375219	-0.29695714	-0.44221961	-0.6681118	10	-0.5413774	0.18586162	0.72857755	Binding_K13	-0.32594222	0.111900024	0.4386481
E2P	E2P	2	2	-0.54468524	-0.73413783	-0.92915374	-0.7423393	-0.7488828	-0.72750485	-0.52236986	-0.77229995	-0.58821726	-0.6364302	10	-0.69460213	0.12282012	0.48145488	Binding_K13	-0.41819283	0.0739452	0.2898652
E2Q	E2Q	2	2	-0.37171957	-0.33248368	-0.29316592	0.088858485	-0.06391448	-0.3144141	-0.49875733	-0.16435225	-0.24662103	-0.38878664	10	-0.25853565	0.17154361	0.67245096	Binding_K13	-0.15565422	0.10327972	0.4048565
E2R	E2R	2	2	-0.19593924	-0.18370453	-0.36626333	-0.21900055	-0.18202847	-0.19573738	-0.08801127	-0.07570712	-0.35566476	-0.22280052	10	-0.20848572	0.094662674	0.3710777	Binding_K13	-0.12552112	0.056992702	0.2234114
E2S	E2S	2	2	-0.021129875	-0.021034667	-0.110186376	-0.07819794	0.009617263	0.047718126	-0.0020696367	-0.15048397	-0.07704261	-0.026643403	10	-0.042945307	0.05996901	0.23507853	Binding_K13	-0.025855694	0.036105003	0.14153162
E2T	E2T	2	2	-0.22746532	-0.42032075	-0.15158069	-0.3501492	-0.30849493	-0.31561697	-0.10447026	-0.20514055	-0.14188494	-0.10876881	10	-0.23338923	0.110064454	0.43145266	Binding_K13	-0.14051455	0.066265516	0.25976083
E2V	E2V	2	2	-0.14206637	-0.08873645	-0.28221995	-0.059206598	-0.39308283	-0.01366424	0.04662748	-0.15783747	-0.22201665	-0.054428138	10	-0.13666312	0.13270012	0.52018446	Binding_K13	-0.08227953	0.07989356	0.31318277
E2W	E2W	2	2	0.2556298	0.12963136	0.12168112	0.09297664	0.21763536	-0.021200787	0.42132813	0.28862238	0.31047067	-0.072103195	10	0.17446716	0.15327527	0.6008391	Binding_K13	0.10503987	0.09228106	0.36174175
E2Y	E2Y	2	2	0.10495991	-0.004154905	-0.121897854	-0.07902583	-0.053801686	-0.14339451	0.08497153	0.0864632	-0.19704777	-0.20007199	10	-0.052299988	0.116330184	0.45601434	Binding_K13	-0.03148778	0.070037864	0.27454844
E30A	E30A	30	30	-0.23646645	-0.2549439	-0.30940905	-0.16150498	-0.39115575	-0.3252437	-0.24610084	-0.35327855	-0.25421685	-0.24805582	10	-0.2780376	0.06666427	0.26132396	Binding_K13	-0.16739559	0.040135957	0.15733296
E30C	E30C	30	30	-0.23345208	-0.26104647	-0.3039142	-0.15879864	-0.12029651	-0.34113675	-0.34126276	-0.23440816	-0.24187367	-0.028615775	10	-0.22648048	0.0993683	0.38952374	Binding_K13	-0.13635506	0.059825774	0.23451704
E30D	E30D	30	30	-0.079220854	-0.14566632	-0.2230593	-0.27925226	-0.23976558	-0.25214463	-0.26613083	-0.09010858	-0.26025248	-0.27365032	10	-0.21092513	0.07671254	0.30071318	Binding_K13	-0.1269898	0.046185628	0.18104766
E30F	E30F	30	30	0.0053433212	0.033091106	0.006344844	-0.11907148	0.05570457	-0.037840966	0.07849372	0.124593675	0.04821282	0.0097538885	10	0.020462548	0.06649485	0.2606598	Binding_K13	0.012319702	0.040033955	0.15693311
E30G	E30G	30	30	-0.35441324	-0.24918596	-0.26605546	-0.1475825	-0.2480498	-0.26547855	-0.19780678	-0.32060736	-0.19906655	-0.3399123	10	-0.25881585	0.06625211	0.2597083	Binding_K13	-0.15582293	0.039887812	0.15636022
E30H	E30H	30	30	-0.29396483	-0.20745254	-0.04830187	-0.47074106	-0.49561578	-0.43656301	-0.117958404	-0.4728279	-0.9350817	-0.3374865	10	-0.38159937	0.2492609	0.97710276	Binding_K13	-0.22974609	0.15007026	0.58827543
E30I	E30I	30	30	-0.37549034	-0.1276035	-0.19799644	-0.3826512	-0.4880205	-0.34872544	-0.02781022	-0.3576396	-0.32522556	-0.38184696	10	-0.30130097	0.1394868	0.5467883	Binding_K13	-0.18140155	0.08397956	0.32919988
E30K	E30K	30	30	-0.095543325	-0.04264235	-0.15384445	0.028501024	0.11167528	-0.038074356	-0.26929817	-0.06707555	-0.19636816	-0.124051176	10	-0.08467212	0.10986074	0.4306541	Binding_K13	-0.05097778	0.066142865	0.25928003
E30L	E30L	30	30	-0.45688304	-0.22702216	-0.32077488	-0.3672868	-0.28428343	-0.38815483	-0.4102988	-0.41177583	-0.31072932	-0.27551356	10	-0.34527227	0.072872825	0.2856615	Binding_K13	-0.20787495	0.043873884	0.17198563
E30M	E30M	30	30	-0.054390967	-0.13817957	-0.40437037	-0.3988621	-0.4532284	-0.36277917	-0.39400378	-0.81611216	-0.27029672	-0.60852844	10	-0.39007515	0.21724075	0.8515838	Binding_K13	-0.23484902	0.13079217	0.5127053
E30N	E30N	30	30	-0.19893299	-0.22003406	-0.33742043	-0.37226924	-0.1627702	-0.21928829	-0.057188146	-0.08561676	-0.0009046513	-0.27569273	10	-0.19301175	0.11975921	0.4694561	Binding_K13	-0.11620484	0.072102346	0.2826412
E30P	E30P	30	30	-0.47193968	-0.49103257	-0.41550606	-0.14467868	0.10773279	-0.47188807	-0.3358392	-0.15691029	-0.074454546	-0.6576898	10	-0.31122062	0.23537852	0.92268384	Binding_K13	-0.18737379	0.14171222	0.5555119
E30Q	E30Q	30	30	-0.552597	-0.8335638	-0.45022413	-0.33892074	-0.0870549	-0.25229073	-0.43894795	-0.28014812	-0.28121594	-0.16123354	10	-0.3676197	0.21442036	0.84052783	Binding_K13	-0.22132947	0.12909414	0.50604904
E30R	E30R	30	30	-0.36434087	-0.52904934	-0.3749153	-0.38958275	-0.5001211	-0.54543996	-0.49276993	-0.4039974	-0.5555374	-0.28386745	10	-0.44396216	0.09238462	0.36214772	Binding_K13	-0.2672923	0.055621177	0.21803501
E30S	E30S	30	30	-0.48653305	-0.44475293	-0.49292138	-0.44525528	-0.22527218	-0.5201493	-0.32372966	-0.44961694	-0.6931484	-0.32516867	10	-0.44065475	0.12842008	0.50340676	Binding_K13	-0.26530102	0.077316724	0.30308157
E30T	E30T	30	30	-0.4591182	-0.2187576	-0.18655269	-0.1518496	-0.15291329	-0.53062713	-0.28452295	-0.46814528	-0.5321394	-0.58847195	10	-0.35730982	0.17458972	0.68439174	Binding_K13	-0.2151223	0.105113655	0.41204554
E30V	E30V	30	30	-0.23071094	-0.106961444	-0.12806506	-0.13069579	-0.053057127	-0.26224002	-0.286413	-0.17108841	-0.20774636	-0.027728248	10	-0.16047063	0.086575605	0.3393764	Binding_K13	-0.09661311	0.052123792	0.20432527
E30W	E30W	30	30	-0.17259976	-0.0076579936	-0.05001209	-0.2249554	-0.18516994	-0.15571149	0.018372038	-0.2871597	-0.26098832	-0.14909275	10	-0.14749755	0.10385673	0.40711838	Binding_K13	-0.08880252	0.06252808	0.24511008
E30Y	E30Y	30	30	-0.24967441	-0.3169738	-0.009852923	-0.19446306	-0.2307669	-0.117291026	-0.08286	-0.23686387	-0.13818993	-0.5920305	10	-0.21689665	0.15981188	0.6264626	Binding_K13	-0.13058501	0.0962165	0.3771687
E36A	E36A	36	36	-0.22057849	-0.3794803	-0.074573964	-0.3643473	-0.13196896	-0.12978007	-0.26545334	-0.37290618	-0.25794572	-0.1951691	10	-0.23922035	0.109095685	0.4276551	Binding_K13	-0.14402524	0.065682255	0.25747445
E36C	E36C	36	36	-0.40022284	-0.7772795	-0.056066208	-0.23497681	-0.46533367	-0.24687949	-0.45702487	-0.51126087	-0.14540727	-0.6063399	10	-0.39007914	0.22050889	0.86439484	Binding_K13	-0.23485142	0.1327598	0.5204184
E36D	E36D	36	36	0.08967436	-0.13085856	-0.36055493	-0.21257095	-0.01780263	-0.46478218	-0.24166869	-0.06957704	-0.114618465	-0.23378502	10	-0.17565441	0.16302146	0.63904417	Binding_K13	-0.105754666	0.09814886	0.38474354
E36F	E36F	36	36	-0.08821111	0.1422424	0.10620456	-0.13672017	-0.3041984	-0.5728523	-0.07365476	-0.11444851	-0.62368035	-0.5690094	10	-0.22343282	0.28101653	1.1015848	Binding_K13	-0.13452019	0.16918908	0.6632212
E36G	E36G	36	36	-0.3698944	-0.343446	-0.3296043	-0.35104373	-0.36720663	-0.3768944	-0.36166263	-0.32550758	-0.33386976	-0.32873052	10	-0.348786	0.019174423	0.07516374	Binding_K13	-0.20999044	0.011544172	0.045253154
E36H	E36H	36	36	-0.7016521	-1.4002007	-1.4003168	-1.0499005	-0.97740465	-1.3578444	-1.4517727	-0.76835215	-1.3768076	-1.4957017	10	-1.1979953	0.29700744	1.1642692	Binding_K13	-0.7212662	0.17881659	0.70096105
E36I	E36I	36	36	0.060447775	-0.16031538	0.10109592	-0.24781048	0.0073333755	0.4484516	-0.03561974	-0.10326756	-0.31861845	-0.41252986	10	-0.066083275	0.24542697	0.96207374	Binding_K13	-0.03978616	0.147762	0.57922703
E36K	E36K	36	36	-0.08745084	-0.1012138	0.14660032	-0.49884096	0.09786625	-0.6152701	-0.16740991	0.38479185	-0.08335139	-0.46271837	10	-0.13869968	0.31289536	1.2265499	Binding_K13	-0.08350567	0.18838209	0.7384578
E36L	E36L	36	36	0.5476266	0.029214572	0.19944718	-0.19942363	0.020139799	-0.1666865	0.016525533	-0.06989396	0.42608958	-0.21268506	10	0.059035413	0.25939697	1.0168362	Binding_K13	0.035542917	0.1561728	0.6121974
E36M	E36M	36	36	-0.74339175	-0.1847025	-0.70426434	-0.42338952	-0.7457971	-1.2112322	-0.5934273	-0.49700654	-0.83237225	-0.35588387	10	-0.62914675	0.28784683	1.1283596	Binding_K13	-0.37878472	0.17330134	0.67934126
E36N	E36N	36	36	-0.10852317	-0.27307725	-1.0687076	-0.9936097	-0.15927376	-0.9954862	-0.74546874	-0.2977406	-1.2226626	0.19554573	10	-0.5669004	0.4939478	1.9362755	Binding_K13	-0.3413086	0.2973867	1.1657559
E36P	E36P	36	36	-2.0984986	-1.9599035	-1.6982251	-1.3184358	-1.8495014	-2.0139341	-1.7758979	-1.9677904	-2.0977514	-1.6952504	10	-1.8475187	0.23826535	0.9340002	Binding_K13	-1.1123189	0.14345028	0.56232506
E36Q	E36Q	36	36	-0.3975551	-0.41779646	-0.42006275	-0.26463902	-0.6193295	-0.56001055	-0.43634048	-0.4817434	0.0523419	0.3318218	10	-0.32133135	0.2942123	1.1533123	Binding_K13	-0.19346106	0.17713375	0.6943643
E36R	E36R	36	36	-0.3542372	-0.254762	-0.35394168	-0.25016093	-0.35128123	-0.05780493	-0.25443742	-0.35583657	-0.22128518	-0.22093159	10	-0.26746786	0.093528435	0.36663148	Binding_K13	-0.16103196	0.05630982	0.22073449
E36S	E36S	36	36	-0.6355803	-0.40574068	-0.58665097	-0.41677636	-0.6348282	-0.3978595	-0.6378317	-0.700265	-0.7013169	-0.42848182	10	-0.5545331	0.12707001	0.49811444	Binding_K13	-0.33386275	0.076503895	0.2998953
E36T	E36T	36	36	-0.82294595	-1.0997211	-0.40898046	-0.5930968	-0.39062592	-0.7805799	-0.5846558	-0.8549652	-0.28480056	-0.7034679	10	-0.6523839	0.24950328	0.9780529	Binding_K13	-0.3927749	0.15021619	0.58884746
E36V	E36V	36	36	0.11784251	-0.06248337	0.07673214	0.056854412	-0.019099092	0.08220787	-0.020295873	-0.16848463	-0.012542712	-0.1395504	10	-0.0088819135	0.09526334	0.3734323	Binding_K13	-0.0053474535	0.05735434	0.22482902
E36W	E36W	36	36	-0.0332211	-0.1634552	-0.020526893	0.26096022	-0.2354979	0.08056043	0.029083248	-0.2915328	-0.065785415	-0.042586904	10	-0.048200227	0.15882836	0.6226072	Binding_K13	-0.029019475	0.09562436	0.3748475
E48A	E48A	48	48	-0.14403738	-0.17830206	-0.05000804	-0.14894187	-0.016170133	-0.1372656	-0.0951282	-0.12171933	-0.16127954	-0.29459885	10	-0.13474509	0.075592704	0.29632342	Binding_K13	-0.08112476	0.045511417	0.17840476
E48C	E48C	48	48	-0.1328546	-0.19041994	-0.13148668	-0.12549262	0.0681972	-0.31392908	0.10358486	0.109058976	-0.015758805	0.050429814	10	-0.05786709	0.14223562	0.55756366	Binding_K13	-0.03483952	0.085634515	0.3356873
E48D	E48D	48	48	-0.110662855	-0.14592944	-0.041572507	-0.12904063	-0.08997295	-0.14940844	-0.17908426	-0.021606077	-0.08114214	-0.06766867	10	-0.10160879	0.050328977	0.1972896	Binding_K13	-0.061174687	0.030301113	0.11878037
E48F	E48F	48	48	0.3157754	0.17430742	-0.0017354533	0.08514914	0.20142607	-0.01768959	0.06767162	0.011994847	-0.005256868	0.1840736	10	0.101571605	0.112399116	0.44060454	Binding_K13	0.061152298	0.06767112	0.2652708
E48G	E48G	48	48	0.007937168	0.031448696	-0.011840839	-0.044104002	-0.108860694	-0.02495024	-0.07418244	-0.078522004	-0.112691574	-0.046871096	10	-0.046263702	0.048041973	0.18832454	Binding_K13	-0.027853569	0.028924197	0.11338285
E48H	E48H	48	48	-0.3483372	-0.4593124	-0.0608437	-0.250319	-0.42264074	-0.57034045	-0.44015828	-0.012190254	-0.4696678	-0.44825357	10	-0.34820634	0.18424384	0.72223586	Binding_K13	-0.20964144	0.110926025	0.43483004
E48I	E48I	48	48	0.27027982	0.14228885	0.090903945	-0.10952526	0.5524924	0.43662477	0.12218401	0.47983578	0.031778608	0.28757876	10	0.23044416	0.21272914	0.83389825	Binding_K13	0.13874143	0.12807591	0.5020576
E48K	E48K	48	48	-0.29205272	-0.044192117	-0.20601487	-0.250699	-0.17308737	-0.19795865	-0.2654265	-0.329959	-0.30093312	-0.19597614	10	-0.22562996	0.08225268	0.32243052	Binding_K13	-0.135843	0.04952113	0.19412284
E48L	E48L	48	48	0.29295236	0.18609142	0.30833626	0.2474369	0.2987854	0.31353715	0.31131315	0.3292125	0.18719454	0.06411918	10	0.25389788	0.08441569	0.33090952	Binding_K13	0.152862	0.05082339	0.19922769
E48M	E48M	48	48	0.05133132	0.12541322	-0.2076139	-0.23960334	-0.3890856	-0.21189988	-0.17253642	-0.3001443	-0.15942404	-0.30048427	10	-0.18040472	0.15820853	0.62017745	Binding_K13	-0.108614646	0.09525119	0.37338465
E48N	E48N	48	48	-0.28066757	-0.3873024	-0.44185665	-0.3852781	-0.23017026	-0.40640086	-0.27386034	-0.10247826	-0.14902157	-0.15680042	10	-0.28138363	0.12070234	0.47315317	Binding_K13	-0.16941011	0.07267017	0.28486708
E48P	E48P	48	48	-0.25217432	-0.5091255	-0.3154531	-0.314317	-0.0789848	-0.27193514	-0.1739976	-0.5609582	0.08066441	-0.19409779	10	-0.2590379	0.18839009	0.73848915	Binding_K13	-0.15595661	0.11342232	0.4446155
E48Q	E48Q	48	48	-0.27464426	0.015060591	-0.34254125	-0.26166108	-0.04541226	0.038207088	-0.028849244	-0.1308896	0.07153247	0.07123786	10	-0.08879597	0.15430425	0.6048727	Binding_K13	-0.053460587	0.09290057	0.36417022
E48R	E48R	48	48	-0.07389965	-0.08836156	-0.025145117	-0.049150582	0.02366865	0.022624455	-0.09034876	-0.049292177	-0.11559412	-0.05988799	10	-0.05053868	0.046414383	0.18194439	Binding_K13	-0.030427368	0.02794429	0.10954162
E48S	E48S	48	48	-0.26011604	-0.20404157	-0.29218093	-0.34317616	-0.44404545	-0.1626746	-0.27476868	-0.25207525	-0.23985605	-0.15824509	10	-0.26311797	0.08522763	0.33409232	Binding_K13	-0.15841307	0.05131223	0.20114395
E48T	E48T	48	48	-0.1762987	-0.14161214	-0.09308973	-0.1246854	-0.049667936	-0.07471697	-0.09135971	-0.025647635	-0.23827407	-0.27154723	10	-0.12868996	0.079793274	0.31278965	Binding_K13	-0.077479206	0.048040416	0.18831843
E48V	E48V	48	48	-0.031096183	-0.00709276	0.008074305	0.05526275	-0.043098144	-0.029625183	-0.09537711	-0.09691244	-0.08701417	-0.18864267	10	-0.051552165	0.06826552	0.26760083	Binding_K13	-0.031037547	0.041100007	0.16111203
E48W	E48W	48	48	0.02677569	0.1254635	-0.06678806	0.041352995	-0.201474	0.07687922	-0.10739018	-0.09265289	0.022896139	0.07176027	10	-0.010317731	0.10212049	0.40031233	Binding_K13	-0.006211903	0.06148276	0.24101242
E48Y	E48Y	48	48	-0.05107364	-0.2795705	-0.6617049	-0.19957685	-0.015309142	-0.038330328	-0.3629925	-0.2420907	-0.011048178	0.08632491	10	-0.17753719	0.22183754	0.86960316	Binding_K13	-0.10688821	0.13355972	0.5235541
E61A	E61A	61	61	-0.17123947	-0.09264262	-0.08328781	-0.16161051	-0.08308663	-0.16016649	-0.2146715	-0.18614936	-0.18220642	-0.18017448	10	-0.15152353	0.04751699	0.1862666	Binding_K13	-0.09122641	0.028608125	0.11214385
E61C	E61C	61	61	-0.1724025	-0.1602236	-0.23422882	-0.13520256	-0.11475818	-0.14646426	-0.22139248	-0.1201147	-0.20028019	-0.10027465	10	-0.1605342	0.04601373	0.18037383	Binding_K13	-0.096651375	0.027703073	0.10859605
E61D	E61D	61	61	-0.20941412	-0.3818275	-0.25631663	-0.3774136	-0.2585087	-0.29534203	-0.32058927	-0.27196303	-0.3426747	-0.39834914	10	-0.31123987	0.06323342	0.247875	Binding_K13	-0.18738538	0.038070373	0.14923586
E61F	E61F	61	61	-0.23982123	-0.19349307	-0.11242645	-0.20223339	-0.24288154	-0.124512374	-0.31839675	-0.24120922	-0.28250578	-0.18907745	10	-0.21465571	0.06440668	0.2524742	Binding_K13	-0.12923583	0.038776748	0.15200485
E61G	E61G	61	61	-0.20260453	-0.17574506	-0.25292543	-0.25113305	-0.20455384	-0.20656474	-0.1941044	-0.18348293	-0.22552031	-0.21213543	10	-0.21087699	0.025814833	0.10119415	Binding_K13	-0.1269608	0.015542104	0.060925048
E61H	E61H	61	61	-0.27413866	-0.14080793	-0.3718314	-0.2779945	-0.2566096	-0.25527754	-0.3387229	-0.320479	-0.35629916	-0.17999266	10	-0.27721533	0.074413665	0.29170159	Binding_K13	-0.16690053	0.044801563	0.17562214
E61I	E61I	61	61	0.09983139	0.22302672	-0.016888607	0.05855783	0.08018347	0.04188024	0.09396765	0.12613454	0.034543205	0.022134209	10	0.076337054	0.06646163	0.2605296	Binding_K13	0.045959562	0.040013954	0.1568547
E61K	E61K	61	61	0.043990605	-0.0864957	-0.09184568	-0.26494366	-0.4530244	-0.114026815	-0.22388433	-0.22028597	-0.046941735	-0.21805654	10	-0.16755141	0.13902365	0.5449727	Binding_K13	-0.10087617	0.08370071	0.3281068
E61L	E61L	61	61	-0.024222663	-0.18434155	-0.03122118	-0.03292251	-0.042908065	-0.09440834	0.004152057	-0.036150858	-0.055282418	-0.12812465	10	-0.06254302	0.05682443	0.22275177	Binding_K13	-0.037654713	0.034211773	0.13411015
E61M	E61M	61	61	-0.14314143	-0.16189535	-0.26760566	-0.16446748	-0.0030144912	-0.11259223	-0.12839659	0.006899334	-0.12162294	-0.042648837	10	-0.11384855	0.08271598	0.32424664	Binding_K13	-0.06854377	0.049800064	0.19521625
E61N	E61N	61	61	-0.36861208	-0.29222757	-0.25990802	-0.2939952	-0.29638183	-0.27279076	-0.37487024	-0.13773209	-0.2223807	-0.26104954	10	-0.2779948	0.068150915	0.2671516	Binding_K13	-0.16736983	0.041031007	0.16084155
E61P	E61P	61	61	-0.2618911	-0.26521066	-0.3203718	-0.2937834	-0.35948038	-0.37711412	-0.36643288	-0.38093707	-0.32786134	-0.2669457	10	-0.32200283	0.04783359	0.18750769	Binding_K13	-0.19386533	0.028798738	0.112891056
E61Q	E61Q	61	61	-0.308061	-0.14339879	-0.32044226	-0.36135042	-0.40149397	-0.24171908	-0.37697476	-0.34635907	-0.39379084	-0.43357155	10	-0.33271617	0.08594394	0.33690023	Binding_K13	-0.20031542	0.05174349	0.20283449
E61R	E61R	61	61	0.02463471	0.02472603	-0.07923537	0.043593273	0.06527393	0.11702028	0.022862105	-0.013326698	0.0697405	-0.031271107	10	0.024401765	0.055716276	0.21840781	Binding_K13	0.014691351	0.033544596	0.13149482
E61S	E61S	61	61	-0.2324089	-0.20172754	-0.23192845	-0.23917563	-0.24379812	-0.25993323	-0.26262677	-0.11405509	-0.2308434	-0.25215623	10	-0.22686534	0.04330834	0.16976869	Binding_K13	-0.13658677	0.02607426	0.1022111
E61T	E61T	61	61	-0.2983387	-0.26991642	-0.26433524	-0.33155608	-0.32612348	-0.30465156	-0.24411643	-0.35300386	-0.34645912	-0.25917792	10	-0.29976788	0.03892493	0.15258573	Binding_K13	-0.18047854	0.023435181	0.09186591
E61V	E61V	61	61	-0.09017655	-0.010654336	-0.07735929	-0.03919527	-0.03410014	0.0023334261	-0.03836067	-0.019897662	-0.052140955	-0.067418575	10	-0.042697	0.029505894	0.115663104	Binding_K13	-0.025706198	0.017764347	0.06963624
E61W	E61W	61	61	-0.116786115	-0.02285572	-0.17610875	-0.20149888	-0.20171767	0.016041435	0.05444805	-0.03332368	-0.13268648	-0.21982485	10	-0.10343127	0.09986006	0.39145142	Binding_K13	-0.06227193	0.06012184	0.23567763
E61Y	E61Y	61	61	-0.18328002	-0.20736311	-0.28496647	-0.055380892	-0.12559435	-0.18251799	-0.18724547	-0.06531803	-0.14096008	-0.05493333	10	-0.14875597	0.07519016	0.29474542	Binding_K13	-0.089560166	0.045269057	0.17745471
E62A	E62A	62	62	0.27772856	0.30945766	0.2401501	0.36200204	0.25515258	0.30528343	0.16037787	0.3292641	0.34528685	0.30215585	10	0.2886859	0.05885681	0.2307187	Binding_K13	0.1738065	0.03543539	0.13890673
E62C	E62C	62	62	-0.046646047	0.17981246	0.2304489	0.26163033	-0.17001343	0.3518527	-0.22288051	0.3073757	0.2643401	0.21181919	10	0.13677394	0.20564206	0.8061169	Binding_K13	0.08234625	0.12380906	0.48533154
E62D	E62D	62	62	-0.08945656	0.054557327	-0.040427048	0.0708275	0.07739528	0.021862786	-0.036874387	-0.10357742	-0.027022323	-0.059910852	10	-0.01326257	0.06561371	0.25720575	Binding_K13	-0.007984876	0.039503455	0.15485355
E62F	E62F	62	62	0.57082295	0.50403285	0.6131599	0.57999	0.60982096	0.54238945	0.4245983	0.30567217	0.51264906	0.4963216	10	0.5159458	0.093792215	0.3676655	Binding_K13	0.31063083	0.056468632	0.22135705
E62G	E62G	62	62	-0.014459283	-0.03944431	-0.01648174	-0.05730751	-0.0668157	-0.047059443	-0.073150225	-0.03149257	-0.08411728	-0.044884525	10	-0.04752126	0.023214044	0.09099905	Binding_K13	-0.028610695	0.01397627	0.05478698
E62H	E62H	62	62	0.1599923	-0.0060167406	-0.05696743	-0.094749495	0.053221706	0.12393749	0.085032605	0.14254566	0.0929078	0.017836293	10	0.051774014	0.085468546	0.3350367	Binding_K13	0.031171113	0.051457275	0.20171252
E62I	E62I	62	62	0.5369645	0.5179515	0.6129794	0.7844834	0.7230373	0.55118716	0.5595376	0.6050992	0.60673124	0.63053244	10	0.61285037	0.083943315	0.3290578	Binding_K13	0.36897328	0.050538994	0.19811286
E62K	E62K	62	62	0.23193234	0.2290387	0.18994442	0.25807324	0.31171054	0.24668221	0.23708276	0.25716558	0.21199803	0.29974276	10	0.24733706	0.03700247	0.14504969	Binding_K13	0.14891198	0.022277743	0.087328754
E62L	E62L	62	62	0.55521923	0.46369252	0.48472914	0.4705897	0.44003543	0.47249943	0.3761469	0.45708978	0.5838257	0.5297002	10	0.4833528	0.059755083	0.23423994	Binding_K13	0.29100788	0.035976205	0.14102672
E62M	E62M	62	62	0.45141017	0.47653002	0.31502247	0.3540598	0.35274413	0.3879229	0.29470807	0.33984324	0.36238202	0.3574495	10	0.36920723	0.056430332	0.2212069	Binding_K13	0.22228527	0.033974502	0.13318005
E62N	E62N	62	62	-0.028236559	-0.010053347	0.026587209	-0.06707882	-0.1009705	-0.11258776	-0.059210237	0.0041734977	0.043881025	-0.009325206	10	-0.031282067	0.05241497	0.20546669	Binding_K13	-0.018833712	0.03155701	0.12370348
E62P	E62P	62	62	-0.12202745	-0.13216124	-0.10121865	-0.07693254	-0.066908576	-0.050018445	-0.11752167	-0.14637679	-0.18721187	-0.14769861	10	-0.11480758	0.041889515	0.1642069	Binding_K13	-0.06912117	0.025220042	0.098862566
E62Q	E62Q	62	62	0.13292396	0.052571166	0.04723857	-0.0023657714	-0.002861848	0.033705555	0.004994538	0.046138193	0.0048537627	0.04148933	10	0.035868745	0.04061578	0.15921386	Binding_K13	0.021595173	0.024453174	0.09585644
E62R	E62R	62	62	0.08830184	0.08364754	0.09068003	0.13557518	0.030265477	0.05084988	0.030153371	0.08864569	0.07427256	0.12079256	10	0.07931842	0.034736734	0.136168	Binding_K13	0.047754526	0.020913633	0.08198144
E62S	E62S	62	62	-0.018832518	-0.05351382	0.0023832622	0.039821673	0.062848195	-0.04714035	-0.06374841	-0.04579379	-0.08624009	-0.016053038	10	-0.022626888	0.046807133	0.18348396	Binding_K13	-0.013622766	0.028180748	0.11046854
E62T	E62T	62	62	0.17761287	0.1183997	0.17884974	0.23885636	0.18538974	0.13023785	0.13555188	0.13823844	0.1494175	0.0996189	10	0.1552173	0.04047669	0.15866864	Binding_K13	0.09345028	0.024369435	0.095528185
E62V	E62V	62	62	0.34043527	0.3123803	0.30954742	0.3732575	0.32864732	0.3527462	0.37083912	0.35628253	0.3420682	0.30362016	10	0.3389824	0.024991982	0.09796857	Binding_K13	0.20408808	0.015046697	0.058983054
E62W	E62W	62	62	-0.77882624	-0.4035919	0.8455141	-0.4189441				-0.7662485	0.30633396	-0.8859157	7	-0.30023977	0.64481026	2.5276563	Binding_K13	-0.18076265	0.3882151	1.5218033
E62Y	E62Y	62	62	0.56686354	0.48719272	0.43790942	0.5028929	0.44958502	0.3798008	0.42723104	0.39589328	0.3367143	0.4101001	10	0.43941832	0.06638626	0.26023415	Binding_K13	0.26455662	0.039968576	0.15667683
E75A	E75A	75	75	0.13772471	0.027705396	0.04217899	0.13750903	0.2996747	0.32854778	0.24568778	0.12735417	0.19746281	0.19404766	10	0.17378931	0.099650756	0.39063096	Binding_K13	0.10463176	0.05999583	0.23518366
E75C	E75C	75	75	0.16742098	0.043126427	0.21031804	0.2096235	0.0965091	0.28532735	0.11572266	0.09936978	0.085845925	0.09001594	10	0.14032798	0.074989	0.29395688	Binding_K13	0.084486	0.045147948	0.17697996
E75D	E75D	75	75	0.06524189	0.18817319	0.11144704	-0.13681614	0.07017053	0.20443341	-0.01625519	0.15096061	0.17738508	0.12788044	10	0.094262086	0.105166785	0.4122538	Binding_K13	0.056751523	0.063316815	0.24820192
E75F	E75F	75	75	0.26294008	-0.020173753	0.1700165	0.048097063	0.18738207	0.16813365	0.13572516	0.22763339	0.24666491	0.25641063	10	0.16828296	0.09296418	0.36441958	Binding_K13	0.1013166	0.055970106	0.21940282
E75G	E75G	75	75	-0.028132558	0.055146184	0.007806779	-0.020317033	0.04042622	-0.029685521	-0.083111346	-0.032570258	-0.08228824	-0.06991785	10	-0.024264362	0.04779861	0.18737055	Binding_K13	-0.014608625	0.028777678	0.112808496
E75H	E75H	75	75	-0.015848506	0.053123433	0.20850003	0.13022648	0.10199181	-0.11831534	-0.08165646	-0.032243114	0.037687365	-0.051401976	10	0.023206374	0.10235552	0.40123364	Binding_K13	0.013971652	0.061624262	0.24156712
E75I	E75I	75	75	0.4664788	0.55457234	0.60965824	0.081792	0.004862757	0.22661972	0.28877294	0.22532822	0.13499387	0.27253562	10	0.28656143	0.20010918	0.784428	Binding_K13	0.17252745	0.12047793	0.4722735
E75K	E75K	75	75	0.095147945	0.15423916	0.17314473	0.13867182	0.11240005	-0.043557666	0.054128535	-0.16331217	-0.055802695	0.032140236	10	0.049719993	0.10832553	0.4246361	Binding_K13	0.029934468	0.065218575	0.2556568
E75L	E75L	75	75	0.18368194	0.20759358	0.09698995	0.25379655	0.24322051	0.33924133	-0.008887694	0.12298736	0.020787764	0.17500818	10	0.16344194	0.1075107	0.42144194	Binding_K13	0.098402016	0.064728	0.25373375
E75M	E75M	75	75	0.005085417	-0.048429858	-0.025565233	-0.11213431	-0.02737645	-0.09049529	-0.15600526	-0.059978686	-0.055150583	0.018595744	10	-0.05514545	0.053176988	0.20845379	Binding_K13	-0.033200923	0.03201579	0.1255019
E75N	E75N	75	75	-0.023755305	0.023932459	0.14751944	0.087400295	0.042646766	0.02707541	-0.07381616	0.1145397	-0.028576987	0.18624227	10	0.050320785	0.08289141	0.32493433	Binding_K13	0.03029618	0.049905684	0.19563028
E75P	E75P	75	75	0.17734617	0.111394085	0.14494056	0.026749521	0.43301743	0.16439804	-0.027247975	0.05070421	0.36841062	0.37662658	10	0.1826339	0.15897249	0.62317216	Binding_K13	0.10995675	0.09571113	0.37518764
E75Q	E75Q	75	75	-0.21791679	-0.1676455	-0.23946339	-0.36997756	-0.17849003	-0.052502785	-0.2274101	-0.12256987	-0.10555544	-0.15891281	10	-0.18404442	0.0874608	0.34284633	Binding_K13	-0.110805966	0.052656736	0.20641442
E75R	E75R	75	75	0.03619569	0.035129365	0.19361678	0.14769757	0.2058926	0.04113234	-0.058755446	-0.18251863	-0.0628359	-0.03858433	10	0.031697005	0.12386607	0.485555	Binding_K13	0.01908353	0.074574925	0.29233372
E75S	E75S	75	75	0.05255585	0.13009271	0.11347966	0.11138956	0.089613445	0.1224633	0.1048988	0.031466972	0.029900545	0.016455742	10	0.08023167	0.043188088	0.16929731	Binding_K13	0.048304357	0.026001861	0.101927295
E75T	E75T	75	75	-0.24063867	0.08692499	-0.07311736	-0.19353524	-0.04621672	0.04326855	0.08691401	-2.2536136e-05	0.03839491	-0.12917122	10	-0.042719927	0.11534326	0.45214558	Binding_K13	-0.02572	0.06944367	0.2722192
E75V	E75V	75	75	0.11508981	0.22602455	0.18794012	0.26286396	0.17241392	0.07316193	0.012189936	0.27537394	0.31231555	0.26921	10	0.19065838	0.09793378	0.3839004	Binding_K13	0.114787966	0.058962107	0.23113146
E75W	E75W	75	75	0.4947439	0.5546349	0.58542114	0.30858606	0.19492939	0.2535055	0.21257572	0.5659058	0.361139	0.7099598	10	0.42414013	0.18060112	0.70795643	Binding_K13	0.25535822	0.10873289	0.42623293
E75Y	E75Y	75	75	-0.08917271	0.0031539637	0.046766605	0.20871991	-0.12907797	0.0598477	0.039567668	0.06364774	-0.006999709	0.16701846	10	0.036347166	0.102363914	0.40126655	Binding_K13	0.02188321	0.061629318	0.24158692
E90A	E90A	90	90	2.5130754	2.3499672	2.0842943	2.1223927	2.179471	2.1467059	2.1188266	2.1268728	2.3944025	2.275141	10	2.2311149	0.1448649	0.56787044	Binding_K13	1.3432672	0.0872175	0.34189263
E90C	E90C	90	90	1.426162	1.2791259	1.291448	1.1602306	1.3008273	1.3312984	1.1630138	1.2850807	1.2852095	1.3559184	10	1.2878315	0.08013472	0.3141281	Binding_K13	0.77535313	0.04824599	0.18912429
E90D	E90D	90	90	1.0770612	1.1305503	1.1213205	1.1594775	1.250511	1.1601675	1.1750172	1.213656	1.1297462	1.3915988	10	1.1809107	0.08864413	0.347485	Binding_K13	0.71098024	0.053369172	0.20920716
E90F	E90F	90	90	3.5479574	3.456077	3.5390003	3.371639	3.644952	3.44159	3.4314184	3.398316	3.2467792	3.6881857	10	3.4765916	0.1315496	0.5156744	Binding_K13	2.09312	0.07920088	0.31046745
E90G	E90G	90	90	1.46929	1.5292963	1.4100642	1.5004704	1.4325873	1.4266084	1.569687	1.4357582	1.5065488	1.4319801	10	1.4712291	0.05291088	0.20741065	Binding_K13	0.8857696	0.031855576	0.12487386
E90H	E90H	90	90	2.783543	3.2068818	3.0440688	2.758091	2.7815716	3.0047581	2.4864035	2.9708278	2.8633268	3.115903	10	2.9015377	0.2101973	0.8239734	Binding_K13	1.7469026	0.1265516	0.49608228
E90I	E90I	90	90	2.5331771	2.4207678	2.6213982	2.614284	2.5190208	2.3508673	2.6859517	2.1872957	2.44683	2.3908489	10	2.477044	0.14892672	0.58379275	Binding_K13	1.4913316	0.08966297	0.35147884
E90K	E90K	90	90	2.775137	3.0232165	2.5505874	2.5029964	2.5538602	3.5136724	3.2232907	3.247553	3.5698533	3.0399609	10	3.0000126	0.39446977	1.5463215	Binding_K13	1.8061905	0.23749486	0.93097985
E90L	E90L	90	90	3.3549702	3.2681258	3.442108	3.4655871	3.4710393	3.603015	3.4127018	3.487384	3.3110352	3.3842678	10	3.4200234	0.096439436	0.3780426	Binding_K13	2.0590627	0.05806242	0.22760469
E90M	E90M	90	90	1.8680559	1.5851749	1.7965688	1.7876033	1.5829207	1.7670987	1.6128109	1.6981145	1.7492104	1.7022368	10	1.7149795	0.0968536	0.37966612	Binding_K13	1.0325222	0.05831177	0.22858214
E90N	E90N	90	90	1.8163614	1.5686684	1.6150899	1.8883191	1.8753834	1.8404787	1.8658532	1.8896167	1.6664417	1.529099	10	1.755531	0.1441116	0.5649175	Binding_K13	1.0569366	0.08676397	0.34011477
E90P	E90P	90	90	1.0883839	0.94527096	0.8940723	1.0787469	1.2085445	1.3174912	1.2962933	1.2720511	1.1080024	1.2352781	10	1.1444136	0.14635934	0.5737286	Binding_K13	0.68900675	0.08811725	0.34541962
E90Q	E90Q	90	90	0.9133405	0.8438777	0.9975667	0.83922374	0.85210365	0.7484899	0.6075276	0.72071254	0.93559694	0.9375136	10	0.8395953	0.118162446	0.46319678	Binding_K13	0.50548756	0.071141	0.27887273
E90R	E90R	90	90	3.4839103	3.583211	3.2757392	2.9181514	3.270829	3.3639069	3.2241132	3.3713977	3.3874378	3.6159108	10	3.349461	0.19977799	0.78312975	Binding_K13	2.0165799	0.12027853	0.47149184
E90S	E90S	90	90	0.9394211	0.94777185	0.98309016	1.0487424	1.0119945	1.003473	0.9909264	1.071109	0.906984	0.9886764	10	0.9892189	0.049409833	0.19368654	Binding_K13	0.5955701	0.029747732	0.11661111
E90T	E90T	90	90	1.3690795	1.4285445	1.2184607	1.163091	1.1613868	1.2645836	1.3584377	1.3633764	1.284397	1.2847111	10	1.2896068	0.09066722	0.3554155	Binding_K13	0.7764219	0.054587193	0.2139818
E90V	E90V	90	90	1.9180648	1.760534	1.9165177	1.7921066	1.9330437	1.8132012	1.7302021	1.7491747	1.7816545	1.9025483	10	1.8297046	0.0792285	0.31057572	Binding_K13	1.1015937	0.047700386	0.18698552
E90W	E90W	90	90	3.5091805	3.2234342	3.9334693	3.21106	2.9887178	3.571471	3.4862056	3.2369287	3.0773308	3.7102852	10	3.3948083	0.29741207	1.1658553	Binding_K13	2.0438817	0.1790602	0.70191604
E90Y	E90Y	90	90	2.9511054	2.9676816	3.2241697	3.158975	3.2365775	3.3057303	3.5592084	3.3786206	3.4537573	2.9221416	10	3.2157967	0.21877007	0.8575787	Binding_K13	1.9361057	0.13171293	0.5163147
E97A	E97A	97	97	0.5282374	0.43896908	0.57638454	0.571714	0.503018	0.6800002	0.576447	0.7124569	0.5254296	0.52978843	10	0.5642445	0.08107014	0.31779495	Binding_K13	0.3397096	0.048809167	0.19133194
E97C	E97C	97	97	0.16107221	0.26458064	0.2674901	0.39745942	0.46189204	0.37383556	0.40832326	0.3506387	0.14625542	0.41513568	10	0.3246683	0.109482616	0.42917186	Binding_K13	0.19547011	0.06591521	0.25838763
E97D	E97D	97	97	2.1069787	1.9667822	1.9295202	1.9529586	1.8844764	1.9623377	1.8334442	2.1788714	2.0558875	2.0177336	10	1.9888992	0.10351256	0.40576926	Binding_K13	1.1974386	0.062320873	0.24429783
E97F	E97F	97	97	0.45457742	0.30407426	0.15641394	0.046025995	-0.022939447	-0.3130544	0.13819095	0.27427325	0.26840854	0.32984686	10	0.16358174	0.21903566	0.8586198	Binding_K13	0.098486185	0.13187282	0.5169414
E97G	E97G	97	97	0.23752244	0.06012897	0.04717978	0.2584408	0.13906467	0.21455179	0.014913688	0.21208702	0.21255638	0.14664915	10	0.15430947	0.087048404	0.34122974	Binding_K13	0.09290371	0.052408446	0.20544112
E97H	E97H	97	97	0.3023647	0.20398189	0.123203486	0.1663003	0.15831202	0.13374598	-0.076670185	0.14763604	0.10913929	0.14176527	10	0.14097789	0.09413611	0.36901358	Binding_K13	0.08487728	0.05667568	0.22216867
E97I	E97I	97	97	0.489258	0.4669638	0.66688395	0.6667464	0.7759061	0.72967404	0.6128824	0.2590482	0.413867	0.6631093	10	0.5744339	0.16164275	0.6336396	Binding_K13	0.34584424	0.09731879	0.38148966
E97K	E97K	97	97	2.0947425	2.0542367	2.44008	2.023029	2.061973	1.9216074	1.8601664	1.972448	1.8817254	2.1290233	10	2.043903	0.16592436	0.65042347	Binding_K13	1.2305543	0.09989658	0.3915946
E97L	E97L	97	97	0.28683677	0.30653656	0.22449543	0.37681887	0.30644363	0.2253984	0.17151047	0.1744137	0.24744362	0.1308622	10	0.24507599	0.07521062	0.29482564	Binding_K13	0.14755069	0.04528138	0.17750302
E97M	E97M	97	97	-0.2009637	-0.41192523	-0.12742576	-0.3864592	-0.36102632	-0.19051267	-0.20076677	-0.23797508	-0.253232	-0.2437252	10	-0.2614012	0.09395859	0.36831766	Binding_K13	-0.15737946	0.056568798	0.2217497
E97N	E97N	97	97	-0.22805153	-0.26273772	-0.16160242	-0.118756235	0.016412314	-0.15334763	-0.22211117	-0.27102825	-0.3416195	-0.15641104	10	-0.18992533	0.099041834	0.388244	Binding_K13	-0.11434663	0.059629224	0.23374656
E97P	E97P	97	97	2.072031	2.1627266	2.3835688	2.1826065	1.8246005	2.069446	1.9208026	2.6462417	1.810357	1.2348752	10	2.0307255	0.37764868	1.4803829	Binding_K13	1.2226206	0.22736754	0.8912808
E97Q	E97Q	97	97	-0.08693035	-0.2977917	-0.17735402	-0.06664576	-0.19570965	-0.0818499	-0.13085724	-0.022949211	0.059702963	-0.2387889	10	-0.12391736	0.10636116	0.41693574	Binding_K13	-0.07460581	0.0640359	0.25102073
E97R	E97R	97	97	2.463286	2.2965739	2.4179864	2.4659183	2.4986503	2.5119936	2.246191	2.4859061	2.3290741	2.365805	10	2.4081385	0.093225986	0.36544588	Binding_K13	1.4498463	0.056127727	0.2200207
E97S	E97S	97	97	0.36720303	0.22374025	0.41303506	0.48589653	0.48376995	0.49601132	0.35029596	0.44463858	0.29088202	0.3467651	10	0.3902238	0.09078355	0.35587153	Binding_K13	0.23493852	0.054657232	0.21425635
E97T	E97T	97	97	0.35062796	0.40459237	0.2516354	0.32590452	0.38297158	0.26910594	0.31859148	0.39387622	0.20267016	0.435185	10	0.33351606	0.07455413	0.29225218	Binding_K13	0.200797	0.04488613	0.17595364
E97V	E97V	97	97	0.26467943	0.121274374	-0.028223716	0.4580131	0.5097095	0.48716617	0.53546035	0.64162767	0.47839424	0.5331002	10	0.4001201	0.21159957	0.82947034	Binding_K13	0.2408967	0.12739584	0.4993917
E97W	E97W	97	97	0.8677491	0.658434	0.7043771	0.83747256	0.58429205	0.8308557	0.79567295	0.7616736	0.45134252	0.6919766	10	0.7183846	0.12942988	0.5073651	Binding_K13	0.43251136	0.077924676	0.30546474
E97Y	E97Y	97	97	0.016764557	0.1293234	0.48942313	0.27715382	0.36794016	0.39309013	0.27217454	0.25678673	0.40139708	0.21564478	10	0.28196985	0.13977183	0.5479056	Binding_K13	0.16976304	0.08415116	0.32987258
F140A	F140A	140	140	-0.7911779	-0.81060606	-0.5927191	-0.47850218	-0.14563107	-0.1297217	-0.25433436	-0.66691345	-0.42493126	-0.30482355	10	-0.45993605	0.2514166	0.9855531	Binding_K13	-0.27690956	0.15136813	0.59336305
F140C	F140C	140	140	-0.72810465	-0.71594834	-0.89426297	-0.7079721	-0.43341893	-0.5785374	-0.4679738	-0.3515512	-0.5543404	-0.6389145	10	-0.60710245	0.16281065	0.63821775	Binding_K13	-0.3655127	0.09802194	0.38424602
F140D	F140D	140	140	0.34546193	0.2367257	0.4264061	0.1480411	0.457899	0.272703	0.07085683	0.10805043	-0.5059948	-0.31432182	10	0.124582745	0.3126012	1.2253968	Binding_K13	0.07500641	0.18820499	0.7377636
F140E	F140E	140	140	-0.2767066	0.048492722	0.09436895	-0.11697259	-0.2964646	-0.4035426	-0.7044857	-0.58454627	-0.22592117	0.054047935	10	-0.241173	0.27132514	1.0635946	Binding_K13	-0.14520085	0.16335428	0.6403488
F140G	F140G	140	140	-0.09586827	-0.49709392	-0.3095781	-0.2912631	-0.10191654	-0.20535901	-0.33686692	-0.43373394	-0.059513535	0.11161157	10	-0.22195816	0.18692671	0.7327527	Binding_K13	-0.13363235	0.11254127	0.4411618
F140H	F140H	140	140	-0.55091983	-0.5730371	-0.4697765	-0.54886985	-0.5040637	-0.76384515	-0.35537937	-0.39044622	-0.2493613	-0.6769479	10	-0.5082647	0.1517396	0.59481925	Binding_K13	-0.30600634	0.091356486	0.35811743
F140I	F140I	140	140	-0.5718577	-0.4346888	-0.3332602	-0.54317594	-0.39685714	-0.25911668	-0.41434538	-0.473826	-0.41867802	-0.31299472	10	-0.41588005	0.09809463	0.38453093	Binding_K13	-0.25038517	0.059058946	0.23151107
F140K	F140K	140	140	-0.42505202	0.3539393	-0.21159583	-0.07695792	0.584372	0.30785906	0.1271966	-0.62552285	-0.4659495	-0.46989515	10	-0.09016063	0.41593057	1.6304479	Binding_K13	-0.054282196	0.25041556	0.981629
F140L	F140L	140	140	-0.72187036	-0.6321328	-0.57609427	-0.6250541	-0.6912144	-0.63802725	-0.66058666	-0.47157925	-0.6033206	-0.5810503	10	-0.620093	0.06939876	0.27204314	Binding_K13	-0.37333378	0.041782286	0.16378656
F140M	F140M	140	140	-0.717233	-0.82819617	-0.78433883	-0.8106756	-0.46173775	-0.45029366	-0.72135514	-0.9439949	-0.8729679	-0.8253619	10	-0.7416154	0.16449252	0.6448107	Binding_K13	-0.4464977	0.099034525	0.38821533
F140N	F140N	140	140	-0.0051824595	-0.20791382	-0.0644553	-0.53138983	-0.19609745	-0.71944845	-0.14213552	-0.43595502	-0.26164177	-0.3613448	10	-0.29255643	0.22091678	0.8659938	Binding_K13	-0.1761368	0.13300537	0.521381
F140P	F140P	140	140	-0.1633633	-0.001104671	0.2621058	0.5789958	0.79125	0.44610175	0.4455375	0.5554969	0.69533324	-0.20423621	10	0.3406117	0.35399714	1.3876688	Binding_K13	0.205069	0.21312787	0.83546126
F140Q	F140Q	140	140	-0.672258	-0.46768954	-0.4996025	-0.57349116	-0.44126275	-0.41629466	-0.7918825	-0.28848833	-0.59826905	-0.4080894	10	-0.51573277	0.14611118	0.5727558	Binding_K13	-0.31050256	0.087967835	0.3448339
F140R	F140R	140	140	-0.26701945	-0.5170121	-0.28618428	-0.32277212	-0.44208887	-0.3232097	0.0644061	-0.48182598	-0.3229864	-0.5170929	10	-0.34157857	0.17186615	0.6737153	Binding_K13	-0.20565113	0.1034739	0.4056177
F140S	F140S	140	140	-0.37597135	-0.21724628	-0.27350625	-0.3627431	-0.4660256	-0.41529956	-0.3047327	-0.22882919	-0.25105807	-0.46128023	10	-0.33566922	0.093623534	0.36700425	Binding_K13	-0.20209333	0.056367077	0.22095895
F140T	F140T	140	140	-0.32839185	-0.11702131	-0.31064433	-0.324692	-0.47821215	-0.6740486	-0.5090266	-0.36251742	-0.27388847	-0.55848634	10	-0.3936929	0.16124384	0.63207585	Binding_K13	-0.23702714	0.09707862	0.3805482
F140V	F140V	140	140	-0.70157236	-0.8583392	-0.5735383	-0.63950557	-0.66095155	-0.78720343	-0.5792286	-0.8932957	-0.84825385	-0.8956778	10	-0.7437566	0.12777005	0.5008586	Binding_K13	-0.4477868	0.07692536	0.3015474
F140W	F140W	140	140	-0.6580675	-0.44794077	-0.5110824	-0.45703474	-0.463747	-0.99255586	-0.71579367	-0.79534954	-0.7091679	-0.53169364	10	-0.6282433	0.17878616	0.7008418	Binding_K13	-0.3782408	0.10764017	0.42194948
F140Y	F140Y	140	140	-0.2808602	-0.1719209	-0.20698892	-0.06371864	-0.28560546	-0.37960115	-0.5720651	-0.3277922	-0.44266698	-0.37185857	10	-0.3103078	0.14416076	0.5651102	Binding_K13	-0.18682422	0.08679357	0.34023082
F155A	F155A	155	155	-0.44724092	-0.32768556	-0.20843907	-0.3107665	-0.36730406	-0.3700702	-0.6218729	-0.5923127	-0.38583872	-0.32795832	10	-0.3959489	0.12715794	0.49845913	Binding_K13	-0.23838538	0.07655683	0.3001028
F155C	F155C	155	155	-0.48949465	-0.3025853	-0.7127243	-0.31370738	-0.64645064	-0.43159068	-0.4696584	-0.6460383	-0.3723711	-0.24541077	10	-0.46300316	0.16153158	0.6332038	Binding_K13	-0.27875614	0.09725186	0.3812273
F155D	F155D	155	155	0.7138626	0.56853807	-0.06921754	0.6559667	0.25869676	-0.34930906	-0.0004284518	-0.012394447	0.3705707	1.1527542	10	0.32890397	0.45232734	1.7731233	Binding_K13	0.19802025	0.27232864	1.0675284
F155E	F155E	155	155	0.8142313	-0.15198815	-0.36880362	0.47637436	0.7885267	0.04654294	0.08914919	0.28774294	-0.0014196696	0.61369795	10	0.2594054	0.40379056	1.582859	Binding_K13	0.15617786	0.24310654	0.95297766
F155G	F155G	155	155	1.0326164	1.0301192	0.6177491	0.51375675	0.89183223	0.90155184	0.58283126	0.9823015	0.61830086	1.1047124	10	0.8275771	0.22101207	0.86636734	Binding_K13	0.4982519	0.13306274	0.5216059
F155H	F155H	155	155	-0.34584638	-0.5026522	-0.44481698	-0.5677376	-0.5448753	-0.113395944	-0.26031157	-0.15328774	0.039103758	0.06397351	10	-0.28298467	0.23529714	0.92236483	Binding_K13	-0.17037402	0.14166322	0.55531985
F155I	F155I	155	155	-0.47547036	-0.25890192	-0.11715626	-0.0643369	-0.010148386	-0.21215165	-0.33109012	-0.6213433	-0.49531877	-0.30168885	10	-0.2887607	0.1984093	0.7777645	Binding_K13	-0.17385155	0.119454496	0.46826163
F155K	F155K	155	155	0.12861039	-0.41301686	-0.91609496	-0.53107274	-0.81220984	-0.3144531	0.28655353	-0.35461608	0.31821796	0.4641525	10	-0.2143929	0.4866986	1.9078585	Binding_K13	-0.1290776	0.29302225	1.1486472
F155L	F155L	155	155	-0.54669136	-1.0956117	-1.4902335	-0.913921	-0.8779302	-1.0036734	-1.2883763	-1.1010637	-0.47677058	0.2213921	10	-0.857288	0.48677608	1.9081622	Binding_K13	-0.5161396	0.2930689	1.14883
F155M	F155M	155	155	-0.37710544	-0.36529106	-0.57725734	-0.6514961	-0.5704709	-0.6035297	-0.40640283	-0.6832965	-0.52927303	-0.39806208	10	-0.51621854	0.11964288	0.4690001	Binding_K13	-0.31079504	0.07203231	0.28236666
F155N	F155N	155	155	0.57701916	0.8955393	-0.0552212	-0.12327491	0.5941511	-0.18500066	0.25395527	0.3738371	0.16880818	0.40032804	10	0.29001412	0.3483856	1.3656716	Binding_K13	0.17460619	0.20974937	0.8222175
F155P	F155P	155	155	0.60694575	0.563224	0.81181294	0.0025547256	-0.040944986	0.5428433	0.27860415	0.681981	0.464745	0.459018	10	0.4370784	0.27889368	1.0932633	Binding_K13	0.26314783	0.167911	0.6582111
F155Q	F155Q	155	155	0.20087947	-0.017264592	0.1798482	0.2091568	0.069263004	0.15462513	0.94019663	0.61354166	-0.19019438	-0.19208986	10	0.19679622	0.34827143	1.365224	Binding_K13	0.11848333	0.20968063	0.8219481
F155R	F155R	155	155	-0.6156535	-0.78927726	-0.16664065	-1.0425348	-0.45328686	-0.31834638	0.6650605	-0.1391429	-0.8985278	-0.48719782	10	-0.42455474	0.48618263	1.905836	Binding_K13	-0.25560784	0.2927116	1.1474295
F155S	F155S	155	155	0.5871744	0.059077863	0.01985765	0.056328386	0.5469384	0.46935663	-0.050045494	0.25270846	0.007520803	0.6507554	10	0.25996727	0.27595168	1.0817306	Binding_K13	0.15651615	0.16613974	0.65126777
F155T	F155T	155	155	-0.6358246	-0.45747644	-0.46923473	-0.23005582	-0.39868903	-0.88174146	-0.54030454	-0.8228472	-0.73820454	-0.5046213	10	-0.5679	0.20181865	0.7911291	Binding_K13	-0.34191042	0.12150713	0.47630796
F155V	F155V	155	155	-0.4335891	-0.56223124	-0.56093556	-0.4611969	-0.3080749	-0.27876663	-0.1610556	-0.255803	-0.26656646	-0.4534766	10	-0.3741696	0.13829102	0.5421008	Binding_K13	-0.22527291	0.08325963	0.32637775
F155W	F155W	155	155	-0.3386887	-0.3849357	-0.33216125	-0.35029456	-0.25716805	-0.14781275	-0.33537203	-0.6436826	-0.3970823	-0.36143073	10	-0.35486287	0.12460542	0.48845324	Binding_K13	-0.21364908	0.07502006	0.29407865
F155Y	F155Y	155	155	-0.2646319	-0.022357497	-0.08444296	-0.20704712	-0.16153836	-0.092156336	-0.31045955	-0.27595797	-0.173242	-0.06730662	10	-0.16591403	0.09827552	0.38524005	Binding_K13	-0.09989036	0.059167854	0.23193799
F27A	F27A	27	27	0.10099968	-0.025257444	-0.06173253	-0.1116814	-0.0045230095	-0.32337016	0.086323336	-0.13032247	-0.10521272	-0.16308604	10	-0.07378627	0.12444076	0.48780778	Binding_K13	-0.044423837	0.07492092	0.29369003
F27C	F27C	27	27	0.2479449	-0.056949846	0.18876086	-0.041190878	0.01277837	0.06456877	-0.017425023	0.019351445	0.004331171	0.11917787	10	0.054134768	0.10109084	0.39627612	Binding_K13	0.03259243	0.06086285	0.23858237
F27D	F27D	27	27	0.19329603	-0.08287702	-0.20038828	-0.13750607	-0.09480885	0.23128305	0.24815302	-0.17478108	-0.1567921	-0.1838039	10	-0.035822522	0.18361776	0.71978164	Binding_K13	-0.021567343	0.110549085	0.4333524
F27E	F27E	27	27	-0.097157374	-0.61128557	-0.52809125	-0.21595755	-0.2738481	-0.5810697	-0.23539296	0.13625522	-0.26195985	-0.23389463	10	-0.29024017	0.23001783	0.9016699	Binding_K13	-0.17474228	0.13848476	0.54286027
F27G	F27G	27	27	0.17168893	0.10368458	-0.029050805	0.09768525	-0.09465841	-0.0263053	0.07710214	0.1512233	0.16805099	0.15043922	10	0.07698599	0.0946831	0.37115777	Binding_K13	0.046350263	0.057005003	0.22345962
F27H	F27H	27	27	-0.14095877	-0.022821452	-0.075262934	0.31957722	-0.18302302	-0.009386385	-0.047020987	-0.11367649	-0.056056887	-0.29327244	10	-0.062190212	0.15894723	0.62307316	Binding_K13	-0.0374423	0.09569592	0.375128
F27I	F27I	27	27	0.09838906	0.08095677	0.39971665	0.3978848	0.20082605	0.15672964	0.25617382	0.17336653	0.12117456	0.24579665	10	0.21310146	0.11346725	0.44479162	Binding_K13	0.12830007	0.0683142	0.2677917
F27K	F27K	27	27	-0.2816527	-0.6454127	-0.31271678	-0.058559857	-0.13732718	0.05150802	-0.3994638	-0.09888848	-0.107059166	-0.5369593	10	-0.25265318	0.22346252	0.8759731	Binding_K13	-0.15211262	0.13453807	0.5273892
F27L	F27L	27	27	0.056005538	-0.0008627008	-0.033946335	0.049398642	0.22092564	0.044987712	0.1374496	-0.00967246	-0.06281582	0.017496303	10	0.04189662	0.0838296	0.32861203	Binding_K13	0.025224319	0.050470527	0.19784448
F27M	F27M	27	27	-0.25410086	-0.016972799	-0.12826097	-0.11454676	0.032181054	-0.12750916	0.012164791	-0.10814652	-0.14625983	-0.2756709	10	-0.11271219	0.10214967	0.40042672	Binding_K13	-0.06785961	0.061500333	0.24108131
F27N	F27N	27	27	-0.16646953	-0.17928483	-0.45791033	-0.34726393	-0.25862652	0.12314305	-0.15500437	-0.6136646	-0.35806447	-0.32418084	10	-0.27373263	0.199109	0.7805073	Binding_K13	-0.16480373	0.11987576	0.46991298
F27P	F27P	27	27	-0.038001366	0.04396778	0.094304286	0.08323218	0.10227586	0.07423022	0.018095065	-0.010455599	0.0080153225	0.1708931	10	0.054655682	0.062362425	0.24446072	Binding_K13	0.03290605	0.037545983	0.14718026
F27Q	F27Q	27	27	-0.25469953	-0.24736653	-0.051640544	0.012629985	0.04169624	-0.20287853	-0.40353337	-0.3787104	-0.8321585	-0.18136679	10	-0.24980278	0.25373095	0.99462533	Binding_K13	-0.15039651	0.1527615	0.5988251
F27R	F27R	27	27	0.011597259	-0.07745349	-0.17989601	-0.0019647616	0.02232412	0.084990114	0.03460241	0.13952745	-0.018163389	0.09189263	10	0.010745635	0.090986185	0.35666585	Binding_K13	0.0064695277	0.05477923	0.2147346
F27S	F27S	27	27	-0.031229796	0.036412444	-0.004632854	0.051398728	-0.02438384	0.027250225	-0.026753947	0.07356691	-0.03049062	0.068965666	10	0.0140102925	0.0423642	0.16606766	Binding_K13	0.00843505	0.025505831	0.09998286
F27T	F27T	27	27	-0.06269934	0.026982585	-0.15845987	-0.2198839	-0.008272712	-0.30893654	-0.0026685605	-0.23061591	-0.023032464	-0.07265481	10	-0.10602416	0.1155743	0.45305127	Binding_K13	-0.06383301	0.069582775	0.27276447
F27V	F27V	27	27	0.014730819	-0.08746192	-0.00094896444	0.18097335	0.14168495	0.11833141	0.15681694	-0.003788588	-0.052353416	-0.09881003	10	0.036917455	0.10444404	0.40942064	Binding_K13	0.022226559	0.06288168	0.24649619
F27W	F27W	27	27	-0.20215535	-0.2274302	-0.29669455	-0.286817	0.021881284	-0.29893407	-0.007109564	-0.2357243	-0.11537914	-0.3200093	10	-0.19683722	0.123202264	0.4829529	Binding_K13	-0.118508	0.074175276	0.29076707
F27Y	F27Y	27	27	-0.10839943	-0.03894224	-0.08665597	-0.043141216	-0.0034624862	0.018563863	-0.02807627	0.003970603	-0.02722899	-0.07846977	10	-0.03918419	0.041288845	0.16185227	Binding_K13	-0.023591273	0.024858402	0.09744494
F77A	F77A	77	77	-0.17165244	-0.22733071	-0.012533156	-0.18123156	-0.74533135	-0.29247016	-0.2429274	0.105864935	-0.08890016	-0.34863088	10	-0.22051427	0.22818261	0.8944759	Binding_K13	-0.13276303	0.13737984	0.538529
F77C	F77C	77	77	-0.15195945	-0.09463986	-0.11987794	-0.12056124	0.121662825	-0.1881779	-0.32481855	0.025557177	-0.13791868	-0.09933273	10	-0.10900663	0.118973024	0.46637428	Binding_K13	-0.06562864	0.07162902	0.28078577
F77D	F77D	77	77	0.64595366	0.9588685	0.68442494	0.26630253	0.8420061	0.95887864	0.745887	0.75357324	1.1102886	0.85045433	10	0.7816638	0.22966477	0.9002859	Binding_K13	0.47060925	0.1382722	0.542027
F77E	F77E	77	77	1.8743223	1.7867463	2.1845903	1.71193	1.5641742	1.1370969	1.0830824	1.7119652	1.6682326	1.6823379	10	1.6404479	0.32570928	1.2767804	Binding_K13	0.9876496	0.19609685	0.7686997
F77G	F77G	77	77	1.9772011	1.7031096	1.5693276	1.7583972	2.0600388	1.426684	0.77098715	1.839593	1.682013	1.8810776	10	1.6668428	0.36611095	1.4351549	Binding_K13	1.003541	0.22042112	0.8640508
F77H	F77H	77	77	-0.19563851	0.054371014	-0.1283299	0.14318909	-0.05568127	-0.26171666	-0.22756068	0.05483948	-0.05056386	-0.13488577	10	-0.08019771	0.1337592	0.5243361	Binding_K13	-0.04828391	0.080531195	0.3156823
F77I	F77I	77	77	0.070893265	0.3334795	0.10062841	-0.0032428121	0.14393069	0.022658745	0.24974287	0.0832655	0.30856788	0.06258995	10	0.1372514	0.1190972	0.46686104	Binding_K13	0.08263372	0.07170378	0.28107882
F77L	F77L	77	77	0.47013345	0.51088077	0.51398546	0.2798276	0.26287052	0.26127696	0.3225172	0.26566046	0.18721265	0.39811775	10	0.3472483	0.11747395	0.46049792	Binding_K13	0.20906465	0.070726484	0.27724782
F77M	F77M	77	77	0.052069157	-0.06554569	0.02269784	-0.53890437	-0.436069	-0.080799356	-0.2392537	0.009396812	-0.4122031	-0.12421265	10	-0.1812824	0.21308918	0.8353096	Binding_K13	-0.109143056	0.12829268	0.50290734
F77N	F77N	77	77	0.44053602	0.6210544	1.2422916	0.598746	1.1424881	0.88179564	1.2191635	0.8761097	0.28414086	0.33153176	10	0.76378584	0.36137065	1.4165729	Binding_K13	0.45984563	0.21756716	0.8528633
F77P	F77P	77	77	1.1258509	0.4590099	1.3763804	0.532363	0.74804485	0.6238697	0.7197371	0.8836801	0.75991464	0.19507611	10	0.74239266	0.33463356	1.3117635	Binding_K13	0.44696563	0.20146981	0.78976166
F77Q	F77Q	77	77	0.16916564	0.4146127	-0.15407555	0.28307196	0.3755815	0.523267	0.17030221	-0.093710974	0.1147478	0.8441546	10	0.26471168	0.2947853	1.1555583	Binding_K13	0.15937257	0.17747872	0.69571656
F77R	F77R	77	77	1.608658	1.0822915	1.1952465	0.8211255	0.9072577	1.1376213	1.3221382	0.6820826	1.0180131	0.7384602	10	1.0512894	0.28326672	1.1104056	Binding_K13	0.63294035	0.17054383	0.66853184
F77S	F77S	77	77	1.0267034	0.9684533	0.7955473	1.1321971	0.92002517	1.0305929	0.6605395	0.7453067	0.8026693	0.8861882	10	0.89682233	0.14676338	0.5753125	Binding_K13	0.5399417	0.0883605	0.34637317
F77T	F77T	77	77	0.45671552	-0.045351256	-0.057856333	0.14428197	0.0614231	0.1598253	0.3531028	0.28948715	0.33996347	0.3032657	10	0.20048574	0.17581925	0.6892115	Binding_K13	0.120704636	0.10585391	0.41494733
F77V	F77V	77	77	-0.12136974	-0.036989994	-0.05763617	-0.13992749	0.05132881	-0.068991385	0.121175855	0.024992337	-0.21163368	-0.07343488	10	-0.051248632	0.097536564	0.38234335	Binding_K13	-0.0308548	0.058722958	0.230194
F77W	F77W	77	77	0.10610029	0.10394459	0.06333419	0.026208056	0.013564733	0.07404258	-0.00043306238	0.09380375	-0.03657084	-0.057924308	10	0.038606998	0.058701806	0.23011108	Binding_K13	0.023243766	0.035342067	0.13854091
F77Y	F77Y	77	77	0.14983678	-0.12121975	0.12625794	-0.012985173	-0.00057067856	-0.0738537	-0.110034466	-0.053005286	-0.2299347	0.031604752	10	-0.029390424	0.11491913	0.45048302	Binding_K13	-0.017694827	0.06918833	0.27121824
F81A	F81A	81	81	0.51996	0.36201432	0.40294844	0.62133133	0.7154837	0.6139155	0.4057749	0.43100777	0.71494055	0.5467334	10	0.533411	0.13074467	0.5125191	Binding_K13	0.32114595	0.07871626	0.30856776
F81C	F81C	81	81	0.031465147	0.010170159	-0.00711634	0.20440282	-0.014635005	-0.004372569	0.22227739	0.14821735	0.19074677	0.18361129	10	0.0964767	0.100859344	0.39536864	Binding_K13	0.058084853	0.060723476	0.23803604
F81D	F81D	81	81	1.0155618	1.7760032	1.3251983	0.86257344	1.2962196	1.1862708	1.3990921	0.92386943	0.8734431	1.3587893	10	1.2017021	0.28915304	1.13348	Binding_K13	0.7234979	0.17408776	0.68242407
F81E	F81E	81	81	-0.5118337	-0.3765848	0.23163565	-0.019703882	0.40583974	0.45626262	1.039846	0.67427194	0.16358128	0.16060983	10	0.22239247	0.46243402	1.8127414	Binding_K13	0.13389383	0.27841347	1.0913808
F81G	F81G	81	81	0.73077476	0.7666285	0.8041641	0.31793898	0.15261468	0.42495915	0.2329557	0.31186134	0.7013941	0.58338255	10	0.50266737	0.2427773	0.95168704	Binding_K13	0.3026364	0.14616674	0.57297367
F81H	F81H	81	81	-0.13313502	0.31033728	0.11996962	0.12182756	0.2307011	0.06152375	0.12096001	0.06324176	0.25526085	0.5900374	10	0.17407243	0.19125259	0.74971014	Binding_K13	0.10480221	0.11514572	0.45137122
F81I	F81I	81	81	0.59713113	0.2995598	0.6404188	0.3166316	0.28391945	0.305431	0.15628889	-0.065120876	0.018225683	0.22957085	10	0.27820563	0.22068328	0.86507845	Binding_K13	0.16749676	0.13286479	0.52083
F81K	F81K	81	81	1.2326151	0.97462445	1.1665357	0.38979235	0.94984	1.4586015	1.9935508	1.5423355	1.8201745	1.4078171	10	1.2935886	0.46260148	1.8133979	Binding_K13	0.77881926	0.2785143	1.091776
F81L	F81L	81	81	-0.41842186	-0.29107285	-0.3062446	-0.21982087	-0.04761511	-0.13316998	0.15040326	-0.001713565	-0.092131324	-0.06366021	10	-0.14234473	0.16814458	0.65912676	Binding_K13	-0.08570021	0.10123329	0.3968345
F81M	F81M	81	81	0.46533296	0.27775773	0.025298992	-0.013850025	0.049477104	-0.3959403	-0.18116853	-0.31432492	0.14661153	0.35875058	10	0.041794516	0.2824661	1.1072671	Binding_K13	0.025162848	0.17006183	0.66664237
F81N	F81N	81	81	1.4722363	0.6863263	0.72959477	0.4708515	0.53695613	1.1584065	1.4011525	1.3384247	0.57362425	0.7893392	10	0.9156912	0.38651818	1.5151513	Binding_K13	0.55130196	0.23270752	0.9122135
F81P	F81P	81	81	1.6597726	1.5020808	1.6966977	1.2901338	1.0719522	1.7797207	1.1414428	1.6287076	1.3681812	1.1831435	10	1.4321833	0.25530943	1.000813	Binding_K13	0.86226165	0.15371184	0.60255045
F81Q	F81Q	81	81	1.7708898	0.5269819	0.8932235	0.43405887	0.79897356	0.4864533	0.4671748	0.44840184	1.0385032	0.77325875	10	0.7637919	0.4132479	1.6199318	Binding_K13	0.4598493	0.24880044	0.97529775
F81R	F81R	81	81	1.632668	2.3494368	2.2892892	2.5475254	2.0847948	2.0585725	2.2772934	2.3368218	1.8781787	2.2527542	10	2.1707337	0.26430172	1.0360627	Binding_K13	1.3069141	0.15912575	0.6237729
F81S	F81S	81	81	0.9271307	1.1169533	0.9337308	1.0200331	0.92695576	0.99468595	0.91915834	0.6766888	0.7036754	1.0256581	10	0.9244671	0.13809194	0.5413204	Binding_K13	0.55658555	0.08313976	0.3259079
F81T	F81T	81	81	0.32006186	0.5792676	0.7682167	0.8622454	1.074687	0.18101001	0.04541485	0.50455165	0.8393569	-0.14334226	10	0.50314695	0.39573625	1.5512861	Binding_K13	0.30292514	0.23825735	0.93396884
F81V	F81V	81	81	-0.03471134	0.092589654	-0.14543115	-0.021776678	-0.030721284	0.22395761	0.4144762	0.3009013	0.22151445	-0.076672204	10	0.09441265	0.18578508	0.72827756	Binding_K13	0.05684217	0.11185395	0.4384675
F81W	F81W	81	81	-0.101006456	-0.34661368	-0.27240333	-0.1220329	0.024525786	-0.26333258	-0.18542501	-0.17958145	-0.35412568	-0.3561917	10	-0.2156187	0.1262184	0.4947761	Binding_K13	-0.12981561	0.07599117	0.2978854
F81Y	F81Y	81	81	-0.21563578	-0.24704507	-0.16973646	-0.24469855	-0.28452796	-0.14363523	-0.2332	0.02232261	-0.1690916	-0.17809924	10	-0.18633473	0.08549898	0.33515602	Binding_K13	-0.11218487	0.0514756	0.20178436
F89A	F89A	89	89	-0.09667921	-0.0009414373	0.0735828	0.19480471	0.032934234	-0.16429801	-0.19173588	-0.21667169	-0.38425416	-0.34928557	10	-0.11025442	0.18636587	0.7305542	Binding_K13	-0.06637988	0.11220362	0.4398382
F89C	F89C	89	89	-0.012349585	-0.2628779	0.20250003	-0.1771728	0.056152236	0.11526189	0.028185287	0.016699377	0.08599456	-0.1753316	10	-0.01229385	0.14749399	0.57817644	Binding_K13	-0.0074016475	0.08880037	0.34809747
F89D	F89D	89	89	0.89473915	0.8778988	1.0685472	0.3385414	1.5087522	1.9957427	0.9761822	0.66892844	0.16451283	1.0295446	10	0.952339	0.5275645	2.068053	Binding_K13	0.57336617	0.317626	1.245094
F89E	F89E	89	89	0.5275167	0.418512	0.3643871	0.1821734	0.74553955	0.2742132	0.2108127	0.08743625	0.1315111	0.19021043	10	0.31323126	0.20407993	0.79999334	Binding_K13	0.18858431	0.12286856	0.48164478
F89G	F89G	89	89	0.5111113	0.1350692	0.25885797	0.57741755	0.6459346	0.6221597	0.6930436	0.9161901	0.74384195	0.59074897	10	0.5694375	0.22696535	0.8897042	Binding_K13	0.3428361	0.13664699	0.5356562
F89H	F89H	89	89	0.24100314	0.22686663	-0.18178475	-0.26529202	0.017166933	0.007247568	-0.07394968	-0.35042894	0.029698124	-0.08443091	10	-0.04339039	0.19171044	0.75150496	Binding_K13	-0.02612366	0.11542138	0.4524518
F89I	F89I	89	89	-0.30575138	-0.13952933	-0.14151254	-0.028729407	-0.2496316	-0.37696135	-0.40956467	-0.2784738	-0.27904838	-0.3227558	10	-0.25319582	0.11760019	0.46099275	Binding_K13	-0.15243933	0.07080248	0.27754572
F89K	F89K	89	89	0.859874	0.54675627	1.0208056	0.7174838	0.4689227	0.61834687	0.6250343	0.66525483	0.65364975	0.8671248	10	0.7043253	0.16634911	0.6520885	Binding_K13	0.42404678	0.100152306	0.39259705
F89L	F89L	89	89	-0.29706374	-0.28822154	-0.2948542	-0.17148185	-0.26500666	-0.09501683	-0.2679487	-0.09434409	-0.21582492	-0.24311507	10	-0.22328778	0.07798054	0.30568373	Binding_K13	-0.13443285	0.04694904	0.18404025
F89M	F89M	89	89	-0.10019206	-0.20894545	-0.5101825	-0.52352166	-0.73914385	-0.61170685	-0.6701554	-0.5225642	-0.45676196	-0.81205475	10	-0.51552284	0.22140571	0.86791044	Binding_K13	-0.31037617	0.13329974	0.52253497
F89N	F89N	89	89	0.58892953	-0.0011151546	0.6480611	0.056757335	-0.13499136	0.19567442	0.3308411	0.12771279	0.09174684	0.16251077	10	0.20661274	0.24950181	0.97804713	Binding_K13	0.12439346	0.1502153	0.588844
F89P	F89P	89	89	0.49373773	0.03664987	-0.1532651	-0.56201273	0.042470347	0.6101026	0.31139126	-0.2951627	-0.36889133	0.3190629	10	0.04340828	0.38896188	1.5247306	Binding_K13	0.02613443	0.23417877	0.9179808
F89Q	F89Q	89	89	-0.44627863	-0.11719001	-0.4980734	-0.3200965	-0.51162523	-0.44147074	-0.3725021	-0.26303077	-0.32519245	-0.5306948	10	-0.38261545	0.12973389	0.50855684	Binding_K13	-0.23035783	0.078107715	0.30618224
F89R	F89R	89	89	0.72669303	0.2813816	0.55347323	0.41504288	0.48373905	0.7171484	0.544164	0.6160677	0.40124652	0.3914376	10	0.5130394	0.14603601	0.5724612	Binding_K13	0.308881	0.08792259	0.34465656
F89S	F89S	89	89	0.37907645	0.011079302	0.19229294	0.2022079	0.42887598	0.37593022	0.17387006	0.0875809	0.24829915	0.45670065	10	0.25559136	0.14974208	0.586989	Binding_K13	0.15388158	0.090153866	0.35340315
F89T	F89T	89	89	0.10076951	0.263989	-0.058152366	0.03236715	0.18589145	0.19515705	-0.3589987	-0.32372183	-0.4557728	0.026746456	10	-0.039172508	0.2546656	0.9982892	Binding_K13	-0.023584237	0.15332423	0.601031
F89V	F89V	89	89	-0.23117726	-0.09259409	-0.13236733	-0.09167598	-0.12599693	-0.09815273	-0.16323245	-0.09912955	-0.13078824	0.09236826	10	-0.10727463	0.081976876	0.32134935	Binding_K13	-0.064585865	0.04935508	0.19347191
F89W	F89W	89	89	0.2934922	0.41318747	0.37898263	0.4747275	0.58222985	0.39968342	0.19128479	0.40877935	0.25006023	0.3103797	10	0.37028074	0.1135645	0.44517285	Binding_K13	0.22293158	0.068372756	0.2680212
F89Y	F89Y	89	89	-0.15804166	-0.093739085	-0.18492794	-0.16618958	0.087671146	-0.12654476	-0.043263603	-0.13741805	-0.03932931	-0.049728796	10	-0.09115116	0.0823078	0.3226466	Binding_K13	-0.05487856	0.049554314	0.19425292
G114A	G114A	114	114	-0.39098918	-0.4207427	-0.3233617	-0.29353938	-0.2592747	-0.33433875	-0.45462772	-0.4904887	-0.36784816	-0.31705385	10	-0.36522648	0.07365685	0.28873485	Binding_K13	-0.21988861	0.044345915	0.173836
G114C	G114C	114	114	0.030434124	0.017279122	-0.17860442	-0.11654295	-0.17063087	-0.1927462	-0.20204854	-0.10533935	-0.012870821	-0.10472843	10	-0.103579834	0.08739341	0.34258217	Binding_K13	-0.062361374	0.05261616	0.20625535
G114D	G114D	114	114	-0.42381707	-0.06136155	-0.3594589	-0.73262507	0.0838315	-0.37838435	-0.9661644	-0.55043656	0.00065489503	-0.5142833	10	-0.3902045	0.32962692	1.2921375	Binding_K13	-0.2349269	0.1984555	0.7779456
G114E	G114E	114	114	-0.25429454	-0.37051362	-0.34048718	-0.32507303	-0.16727832	-0.28121555	-0.08267718	-0.32499108	-0.30580038	-0.18741219	10	-0.26397434	0.091215156	0.3575634	Binding_K13	-0.15892865	0.054917086	0.21527497
G114F	G114F	114	114	0.09180009	0.28584576	0.10056519	0.052449416	0.46612635	-0.47668296	0.9160726	-0.20334832	0.20157936	0.025786184	10	0.14601937	0.3735895	1.4644709	Binding_K13	0.08791257	0.22492366	0.88170075
G114H	G114H	114	114	-0.41800645	-0.46357945	-0.3572061	-0.6069561	-0.4806903	-0.27662936	-0.26924998	-0.34452072	0.16218808	-0.60047305	10	-0.36551237	0.21992029	0.86208755	Binding_K13	-0.22006074	0.13240543	0.5190293
G114I	G114I	114	114	-0.39439067	-0.4724943	-0.61480355	-0.39857155	-0.267472	0.24438907	0.30957568	0.54656494	0.067052074	0.1724277	10	-0.08077226	0.39587608	1.5518342	Binding_K13	-0.048629824	0.23834154	0.9342989
G114K	G114K	114	114	0.20947255	-0.09462934	-0.15201017	0.042514034	-0.12320633	-0.056255057	0.07513076	0.07521911	0.06969696	0.08854546	10	0.013447797	0.11464171	0.4493955	Binding_K13	0.008096394	0.0690213	0.2705635
G114L	G114L	114	114	-0.17437069	0.04339669	0.01280931	0.0656103	0.053660586	0.2618663	-0.08831196	-0.027128896	-0.15932404	-0.04259203	10	-0.0054384405	0.12633644	0.49523887	Binding_K13	-0.0032742727	0.07606224	0.29816398
G114M	G114M	114	114	-0.06863251	-0.15220149	-0.04744444	0.009142275	0.09317009	0.08961819	-0.4992085	-0.26979816	-0.26377568	-0.20941308	10	-0.13185433	0.18514208	0.725757	Binding_K13	-0.07938434	0.111466825	0.43694997
G114N	G114N	114	114	-0.89439213	-0.56681114	-0.2807535	-0.24220377	-0.2624912	0.09928995	0.17509544	-0.26549864	-0.43201563	-0.39171296	10	-0.30614936	0.30576092	1.1985829	Binding_K13	-0.18432058	0.18408671	0.7216199
G114P	G114P	114	114	-0.2632829	-0.23437174	-0.2133211	-0.40175283	-0.4606958	-0.18496956	-0.41770294	-0.23671018	-0.19044465	-0.2219325	10	-0.28251842	0.1029982	0.40375295	Binding_K13	-0.17009331	0.062011193	0.24308388
G114Q	G114Q	114	114	-0.26056135	-0.29034925	-0.68932694	0.037949625	-0.33414447	-0.033794817	0.075609036	-0.1425584	-0.099732906	-0.19030836	10	-0.19272177	0.22170752	0.8690935	Binding_K13	-0.11603025	0.13348144	0.52324724
G114R	G114R	114	114	0.0024941058	0.45264098	0.41615123	0.090493605	0.16410553	0.28793943	0.110172555	0.017825184	-0.1931172	0.078322	10	0.14270276	0.19673568	0.7712039	Binding_K13	0.08591576	0.11844687	0.46431175
G114S	G114S	114	114	-0.21958119	-0.13684277	-0.25541207	-0.21326949	-0.16918364	-0.18700723	-0.10624938	-0.20849426	-0.22597794	-0.17640333	10	-0.18984213	0.04447029	0.17432354	Binding_K13	-0.11429654	0.026773827	0.1049534
G114T	G114T	114	114	-0.2667468	-0.006866191	-0.20635155	-0.34967813	-0.556389	-0.6439169	-0.71159965	-0.5054515	-0.5555565	-0.3649037	10	-0.416746	0.21785195	0.85397965	Binding_K13	-0.2509065	0.13116015	0.5141478
G114V	G114V	114	114	0.15588447	0.20742163	0.34664217	0.56754273	0.2731279	0.4390994	-0.00899512	-0.04054911	0.12881587	0.20879634	10	0.22777863	0.18858536	0.7392546	Binding_K13	0.13713662	0.11353988	0.44507635
G114W	G114W	114	114	-0.3691526	-0.39552146	-0.20649661	-0.32865784	0.33551696	0.62048054	0.107546836	0.027953168	-0.3316653	-0.24513523	10	-0.07851316	0.34346813	1.3463951	Binding_K13	-0.04726971	0.20678876	0.81061196
G114Y	G114Y	114	114	-0.60163546	-0.9178316	-1.0071658	-0.96886116	-0.8849457	0.10950152	-0.1565824	0.15661126	-0.6401557	-0.70114297	10	-0.56122077	0.4413782	1.7302026	Binding_K13	-0.33788913	0.26573658	1.0416874
G11A	G11A	11	11	-0.12898454	0.09061746	0.0708007	-0.025031624	0.03215349	-0.06371457	-0.043756217	-0.038176496	-0.005489588	-0.17376521	10	-0.02853466	0.08235122	0.3228168	Binding_K13	-0.017179605	0.04958046	0.1943554
G11C	G11C	11	11	0.0003363182	-0.012965192	-0.003226765	0.011700249	-0.021410687	-0.0056143976	-0.01548592	0.0237628	-0.004806594	0.001320817	10	-0.0026389372	0.013187319	0.051694293	Binding_K13	-0.0015888012	0.007939571	0.031123117
G11D	G11D	11	11	-0.1479879	-0.15405098	-0.14167337	-0.13018556	-0.1398469	-0.12897055	-0.12747313	-0.12178944	-0.14484222	-0.12243789	10	-0.1359258	0.011237154	0.044049643	Binding_K13	-0.08183562	0.0067654517	0.02652057
G11E	G11E	11	11	-0.39855996	-0.36335117	-0.52138287	-0.09939345	-0.38193348	-0.015547323	0.03799162	-0.31286052	-0.21752195	-0.1674177	10	-0.24399766	0.18197344	0.71333593	Binding_K13	-0.14690147	0.10955911	0.42947173
G11F	G11F	11	11	-0.047046214	0.0306033	-0.04276233	-0.116103634	-0.026970604	0.05889417	-0.08447637	0.07095037	-0.13301797	0.021361228	10	-0.026856804	0.071306795	0.27952263	Binding_K13	-0.016169434	0.04293104	0.16828968
G11H	G11H	11	11	-0.06775407	-0.13781242	-0.43008244	-0.52194893	-0.23310742	-0.3290461	-0.14624852	-0.33036783	-0.38535407	-0.32347512	10	-0.29051968	0.1426898	0.559344	Binding_K13	-0.17491056	0.08590796	0.3367592
G11I	G11I	11	11	0.2786859	0.24348843	0.11146183	0.2760536	0.29641038	0.0912789	-0.071006425	-0.10175326	-0.08785261	0.10451924	10	0.114128605	0.1583096	0.62057364	Binding_K13	0.068712376	0.09531203	0.37362316
G11K	G11K	11	11	-0.57010007	-0.5212065	-0.37697658	-0.2995256	-0.22047767	-0.4995631	-0.47791687	-0.5653686	-0.44019666	-0.08641839	10	-0.405775	0.15966104	0.6258713	Binding_K13	-0.2443013	0.096125685	0.3768127
G11L	G11L	11	11	0.05569763	-0.09195873	-0.0017615012	0.17585693	-0.061645295	0.058453403	0.18769035	0.048911206	0.096167095	-0.040016767	10	0.042739432	0.09422619	0.36936668	Binding_K13	0.025731744	0.056729913	0.22238126
G11M	G11M	11	11	0.014546138	-0.41349083	-0.33112928	-0.24004231	-0.3015306	-0.15083861	-0.12457983	-0.4038805	-0.30437553	-0.41232553	10	-0.2667647	0.14212224	0.5571192	Binding_K13	-0.16060862	0.08556625	0.3354197
G11N	G11N	11	11	-0.69718707	-0.50487554	-0.4319686	-0.5265819	-0.71205354	-0.6234827	-0.90673834	-0.70035636	-0.44547603	-0.8228824	10	-0.6371602	0.1595589	0.62547094	Binding_K13	-0.38360927	0.09606419	0.37657163
G11P	G11P	11	11	-0.024399564	-0.19645971	-0.035080757	0.07341096	-0.081299424	-0.038167775	-0.0833544	-0.25362295	-0.15727535	0.04487008	10	-0.0751379	0.10297915	0.4036783	Binding_K13	-0.045237597	0.06199973	0.24303895
G11Q	G11Q	11	11	-0.44472718	-0.31161076	-0.21128908	-0.30936188	-0.6261651	-0.42636624	-0.24239421	-0.6532389	-0.7767914	-0.46359825	10	-0.44655433	0.18820766	0.737774	Binding_K13	-0.26885295	0.11331248	0.44418493
G11R	G11R	11	11	-0.2962146	-0.13240677	-0.1865	-0.25782317	-0.1144504	-0.12957262	-0.15878464	-0.20259707	-0.25164893	-0.29380044	10	-0.20237987	0.06891667	0.27015334	Binding_K13	-0.12184502	0.041492037	0.1626488
G11S	G11S	11	11	-0.13451478	-0.28205684	-0.17723761	-0.16584171	-0.16499339	-0.080609195	-0.118863754	-0.11325295	-0.19546485	-0.2245452	10	-0.16573803	0.05885814	0.23072392	Binding_K13	-0.099784404	0.03543619	0.13890988
G11T	G11T	11	11	-0.50476307	-0.4292528	-0.3944965	-0.19724949	-0.123839065	-0.2737175	-0.46157598	-0.23839548	-0.116703786	-0.15517941	10	-0.2895173	0.14652207	0.57436657	Binding_K13	-0.17430708	0.088215224	0.34580368
G11V	G11V	11	11	0.067903005	0.034915563	0.013414798	0.08011675	0.024963453	0.0389578	0.04082789	0.09459737	0.046577618	0.041999247	10	0.04842735	0.025091738	0.098359615	Binding_K13	0.029156217	0.015106756	0.059218485
G11W	G11W	11	11	-0.117009915	-0.08339632	-0.22658643	-0.033667136	-0.20229992	-0.07625684	-0.2824233	0.05126639	-0.088971265	-0.18397626	10	-0.12433211	0.099683456	0.39075917	Binding_K13	-0.07485551	0.06001552	0.23526083
G11Y	G11Y	11	11	0.17143622	-0.045751162	0.17158327	0.11340974	-0.051237028	0.15988877	0.08047345	-0.095008366	0.1627588	0.089113355	10	0.0756667	0.10255376	0.40201077	Binding_K13	0.045555968	0.061743617	0.24203499
G12A	G12A	12	12	-0.46190256	-0.41935685	-0.32651138	-0.15792336	-0.27656248	-0.25165683	-0.38403004	-0.31059462	-0.3225683	-0.38334984	10	-0.32944566	0.088313125	0.34618744	Binding_K13	-0.19834638	0.053169888	0.20842597
G12C	G12C	12	12	-0.056007374	0.036905345	-0.012489685	0.055101838	0.0017785882	0.10835757	0.0074049653	0.06437414	0.01957475	0.24826458	10	0.04732647	0.083835125	0.3286337	Binding_K13	0.028493421	0.050473858	0.19785753
G12D	G12D	12	12	-0.389579	-0.2633517	-0.40566394	-0.31227198	-0.32070732	-0.36770383	-0.21363951	-0.24393837	-0.29601637	-0.30875695	10	-0.31216294	0.062280547	0.24413975	Binding_K13	-0.18794112	0.037496686	0.146987
G12E	G12E	12	12	-0.17351414	-0.12731943	-0.31198755	-0.4711108	-0.17481634	-0.43437377	-0.057727918	-0.23397163	-0.17694245	-0.05042826	10	-0.22121921	0.14429435	0.5656339	Binding_K13	-0.13318746	0.086874	0.3405461
G12F	G12F	12	12	-0.36563522	-0.3451026	-0.26332346	-0.18584336	-0.4006232	-0.43278486	-0.18846802	0.0066075074	-0.17109923	-0.26896676	10	-0.2615239	0.13237065	0.51889294	Binding_K13	-0.15745333	0.0796952	0.3124052
G12H	G12H	12	12	-0.6323653	-0.5856852	-0.5277254	-0.3299493	-0.33304343	-0.33580002	-0.21123071	-0.36417624	-0.4767459	-0.3124958	10	-0.41092172	0.13645089	0.5348875	Binding_K13	-0.24739993	0.082151756	0.3220349
G12I	G12I	12	12	0.05702464	-0.07621898	0.11567265	0.041012306	-0.14081508	0.09856715	-0.13690564	-0.009870705	-0.20827378	0.1273723	10	-0.013243514	0.120349504	0.47177008	Binding_K13	-0.007973403	0.07245774	0.28403434
G12K	G12K	12	12	-0.25478095	-0.33061886	-0.42201748	-0.42132363	-1.0234399	-0.29542664	-0.15930326	-0.40879485	-0.2742512	-0.80223507	10	-0.43921918	0.26805708	1.0507838	Binding_K13	-0.26443672	0.1613867	0.6326359
G12L	G12L	12	12	-0.20105506	-0.10907207	-0.13019758	-0.0769799	-0.33708578	-0.18348919	-0.18971473	-0.044216305	-0.22425683	-0.108637996	10	-0.16047056	0.08499962	0.33319852	Binding_K13	-0.096613064	0.051174954	0.20060582
G12M	G12M	12	12	0.069017224	0.009186149	-0.0617958	-0.118618146	-0.009941136	-0.044829477	-0.27267358	-0.012739546	-0.012462363	0.14058656	10	-0.031427015	0.11025312	0.43219224	Binding_K13	-0.018920979	0.0663791	0.26020607
G12N	G12N	12	12	0.06795165	-0.37905595	-0.24620341	-0.2871925	0.030910226	-0.0132569475	0.035003368	-0.053051673	-0.07738667	0.04418574	10	-0.08780961	0.15895604	0.6231077	Binding_K13	-0.05286674	0.095701225	0.3751488
G12P	G12P	12	12	-0.36852175	-0.21120472	-0.08312771	-0.343432	-0.41479596	-0.17415754	-0.396585	-0.2052183	-0.1073627	-0.37371346	10	-0.26781192	0.12517034	0.49066773	Binding_K13	-0.1612391	0.07536017	0.29541188
G12Q	G12Q	12	12	0.2062118	-0.009501807	-0.11474558	-0.079491675	-0.4135521	-0.024267538	-0.21469048	-0.031935822	-0.19552688	-0.14360084	10	-0.1021101	0.16173108	0.6339858	Binding_K13	-0.061476506	0.09737197	0.38169813
G12R	G12R	12	12	0.041368265	0.0148543	-0.009883226	0.007559537	-0.022036988	0.03931579	0.11140209	0.0011969749	0.04935451	0.0012636161	10	0.023439486	0.03869165	0.15167128	Binding_K13	0.014111999	0.023294734	0.09131536
G12S	G12S	12	12	-0.45062515	-0.39007428	-0.4489832	-0.2550161	-0.32707515	-0.4150971	-0.49193037	-0.23984608	-0.38239706	-0.58005774	10	-0.3981102	0.104574524	0.40993214	Binding_K13	-0.23968662	0.06296024	0.24680413
G12T	G12T	12	12	-0.009229091	-0.15912448	-0.25585622	-0.37721413	-0.2338411	-0.012859487	-0.32148957	-0.17760873	-0.26748008	-0.07423751	10	-0.18889405	0.1261187	0.49438533	Binding_K13	-0.11372574	0.07593115	0.2976501
G12V	G12V	12	12	-0.15685792	-0.15062714	-0.21303524	-0.14352012	-0.19381936	-0.31790873	-0.18660317	-0.17760345	-0.10218342	-0.14670563	10	-0.17888643	0.057956982	0.22719137	Binding_K13	-0.107700534	0.034893636	0.13678305
G12W	G12W	12	12	-0.18603978	-0.16308601	-0.19648956	-0.15271159	-0.013144346	-0.13469024	-0.06378574	-0.04004908	-0.09008773	-0.29600263	10	-0.13360867	0.08455386	0.33145115	Binding_K13	-0.080440566	0.05090658	0.1995538
G12Y	G12Y	12	12	-0.14087951	-0.2150271	-0.28810838	-0.08338702	0.031883225	-0.22904234	-0.21868286	-0.14135256	-0.15155609	-0.21807396	10	-0.16542265	0.090800226	0.35593688	Binding_K13	-0.09959452	0.05466727	0.21429572
G137A	G137A	137	137	-0.3664031	-0.3136889	-0.3073754	-0.076915294	-0.12064098	-0.27763122	-0.2611551	-0.26398805	-0.32653752	0.02711992	10	-0.22872157	0.12771465	0.5006414	Binding_K13	-0.13770433	0.076892	0.30141667
G137C	G137C	137	137	-0.051405698	-0.06568883	0.048307285	-0.083345555	0.18150713	0.13188307	-0.05682196	-0.027719494	0.17033042	0.013143579	10	0.026018992	0.101646475	0.3984542	Binding_K13	0.015665019	0.061197378	0.23989372
G137D	G137D	137	137	-0.5017747	-0.20181832	-0.2235347	-0.34964123	0.015641546	-0.15096533	-0.21997754	-0.4986801	-0.2880184	0.047640175	10	-0.23711288	0.18494189	0.7249722	Binding_K13	-0.14275642	0.11134629	0.43647745
G137E	G137E	137	137	-0.1530128	-0.23479174	0.09002059	-0.123219125	0.34494957	0.23899254	0.021846054	-0.35504812	-0.03031244	0.28120983	10	0.008063437	0.23185685	0.90887886	Binding_K13	0.004854681	0.13959196	0.5472005
G137F	G137F	137	137	0.58333594	0.5930129	0.86539704	0.5111665	0.61351025	0.3013359	0.39872923	0.4845422	0.25922263	0.16690142	10	0.47771543	0.20440838	0.80128086	Binding_K13	0.2876138	0.123066306	0.48241994
G137H	G137H	137	137	-0.27488044	-0.3156211	-0.09318471	-0.19830857	-0.2370748	-0.32855937	-0.44230366	-0.32402223	-0.5954596	-0.33453426	10	-0.31439486	0.13581367	0.5323896	Binding_K13	-0.18928488	0.08176811	0.320531
G137I	G137I	137	137	0.53731006	0.58992594	0.79816276	1.0439761	0.6930024	0.6128628	0.5752982	0.45174143	0.3622794	0.4437438	10	0.61083025	0.19764575	0.7747714	Binding_K13	0.36775705	0.118994795	0.4664596
G137K	G137K	137	137	-0.23933259	-0.13526937	-0.10773858	-0.22099018	-0.024298197	-0.35714376	-0.3363385	-0.44763574	-0.35156995	-0.10139104	10	-0.23217079	0.13844949	0.542722	Binding_K13	-0.13978097	0.08335503	0.32675174
G137L	G137L	137	137	0.5927102	0.45926943	0.45349374	0.30112323	0.20665464	0.24776137	0.27963266	0.35655603	0.24576549	0.18415646	10	0.33271232	0.13137029	0.51497155	Binding_K13	0.2003131	0.07909293	0.3100443
G137M	G137M	137	137	0.26296625	0.56640595	-0.32951093	-0.024154628	0.02683792	0.096984304	-0.22115591	0.16829813	0.21927649	0.1902741	10	0.09562217	0.25371435	0.9945603	Binding_K13	0.057570376	0.1527515	0.59878594
G137N	G137N	137	137	-0.24855462	-0.30521205	-0.30275038	-0.22674078	-0.20726936	-0.23568398	-0.36610976	-0.33801693	-0.38838032	-0.22188777	10	-0.28406063	0.06495429	0.25462082	Binding_K13	-0.17102182	0.039106444	0.15329726
G137P	G137P	137	137	0.29618466	0.3088242	0.1412463	0.040618576	0.22989224	0.3713925	0.15606724	0.81407136	0.6311965	0.65268487	10	0.36421782	0.2539489	0.9954797	Binding_K13	0.21928133	0.15289272	0.5993395
G137Q	G137Q	137	137	0.08081531	0.14885512	0.082177594	0.26295927	0.2965111	0.2638502	0.24080983	0.23505959	-0.02437644	0.057169914	10	0.16438316	0.11005668	0.4314222	Binding_K13	0.098968685	0.06626084	0.2597425
G137R	G137R	137	137	-0.28267917	-0.07507987	-0.36667523	-0.32793495	-0.26858357	-0.4455177	-0.41476268	-0.38308895	-0.5164176	-0.3273138	10	-0.34080535	0.11985339	0.4698253	Binding_K13	-0.2051856	0.07215905	0.2828635
G137S	G137S	137	137	-0.2281488	-0.3647202	-0.24176311	-0.2890815	-0.2767241	-0.13693723	-0.31367102	-0.31873944	-0.21448983	-0.09234529	10	-0.24766207	0.084044434	0.32945418	Binding_K13	-0.14910766	0.050599873	0.1983515
G137T	G137T	137	137	-0.0892209	-0.26556367	-0.3209365	-0.2035354	0.01961658	-0.1434525	-0.08597546	-0.48203716	-0.1931781	-0.19505772	10	-0.19593409	0.13947919	0.5467584	Binding_K13	-0.11796427	0.08397498	0.32918194
G137V	G137V	137	137	0.20463705	0.09337273	-0.050576385	-0.012468774	-0.090294026	0.051470056	0.06917088	0.20359509	0.28019476	0.09803065	10	0.084713206	0.11865067	0.46511063	Binding_K13	0.051002514	0.07143494	0.28002495
G137W	G137W	137	137	0.3338617	0.20537083	0.7346703	-0.056045253	0.26033163	-0.16653068	0.7288332	0.8928788	0.44223708	0.28401312	10	0.3659621	0.34276855	1.3436527	Binding_K13	0.22033149	0.20636757	0.80896086
G137Y	G137Y	137	137	0.21293002	0.4853501	0.29861498	0.54204893	0.43651932	0.4819792	0.39245227	0.44877595	0.10560206	0.51361406	10	0.39178866	0.14225602	0.5576436	Binding_K13	0.23588066	0.0856468	0.33573547
G14A	G14A	14	14	-0.5451191	-0.7510479	-0.46048367	-0.6367731	-0.30471835	-0.13338716	-0.4745094	-0.18171851	-0.45643568	-0.72964084	10	-0.46738338	0.21182181	0.8303415	Binding_K13	-0.2813933	0.12752965	0.49991626
G14C	G14C	14	14	-0.30258498	-0.6161106	-0.23960365	0.08267603	-0.27451158	-0.21473384	0.14367868	-0.53732806	-0.47179466	-0.5726115	10	-0.30029243	0.26139504	1.0246686	Binding_K13	-0.18079436	0.15737575	0.61691296
G14D	G14D	14	14	-0.84974045	-0.98442215	-0.87513703	-0.86614525	-0.8572678	-0.932398	-0.44363004	-0.8240053	-0.684217	-0.9663577	10	-0.82833207	0.15914515	0.623849	Binding_K13	-0.4987064	0.095815085	0.37559515
G14E	G14E	14	14	-0.56548965	-0.4958491	-0.5990814	-0.34727085	-0.5588246	-0.5977671	0.009455436	-0.30553976	0.03128373	-0.58214897	10	-0.4011232	0.24473852	0.959375	Binding_K13	-0.24150062	0.14734751	0.57760227
G14F	G14F	14	14	-1.4092876	-1.4353603	-1.0492587	-0.98791844	-1.0561918	-0.7700817	-0.98028404	-0.7993288	-1.0308799	-0.9609407	10	-1.0479531	0.22004773	0.8625871	Binding_K13	-0.6309317	0.13248216	0.5193301
G14H	G14H	14	14	-0.6229342	-0.15000555	-0.41816816	0.22088602	-0.35572776	-0.08453348	-0.22955343	-0.29651895	-0.3654375	-0.6584961	10	-0.29604894	0.25803155	1.0114837	Binding_K13	-0.17823951	0.15535073	0.6089749
G14I	G14I	14	14	-0.6015162	-0.49621317	-0.3930942	-0.277875	-0.26818883	-0.108351715	-0.017016683	-0.16886818	-0.40258643	-0.31632346	10	-0.30500337	0.17767757	0.69649607	Binding_K13	-0.18363063	0.10697273	0.41933313
G14K	G14K	14	14	-0.5533865	-0.3503013	-0.67682916	-0.1203008	0.00463308	-0.37722307	-0.5954467	-0.17692319	-0.33450097	-0.46446058	10	-0.36447394	0.21830077	0.85573906	Binding_K13	-0.21943553	0.13143037	0.51520705
G14L	G14L	14	14	-0.68668	-0.93733203	-1.1079617	-1.0626527	-0.8982887	-1.3520769	-0.96296835	-0.4371573	-1.0090379	-0.95834506	10	-0.94125	0.24436894	0.9579263	Binding_K13	-0.5666899	0.147125	0.57673
G14M	G14M	14	14	-0.47431877	-0.5741378	-0.26716736	-0.72068125	-0.20332359	-0.04612518	0.0070556668	-0.446819	-0.35289994	-0.5372017	10	-0.3615619	0.23437658	0.9187562	Binding_K13	-0.2176823	0.14110899	0.55314726
G14N	G14N	14	14	-0.5671613	-0.60539055	-0.5090843	-0.27695775	-0.67496824	-0.4175937	-0.48666295	-0.1469445	-0.23091869	-0.23984171	10	-0.41555238	0.18149135	0.7114461	Binding_K13	-0.25018787	0.10926886	0.42833394
G14P	G14P	14	14	-0.3298563	-0.4721389	-0.23459423	-0.65285444	-0.4474311	-0.3086553	-0.3757595	-0.3711308	-0.4289353	-0.0774268	10	-0.36987826	0.15247977	0.5977207	Binding_K13	-0.22268927	0.09180212	0.35986432
G14Q	G14Q	14	14	-0.41027728	-0.4782331	-0.48667625	-0.52275187	-0.5609433	-0.334045	-0.4229979	0.04510032	-0.69136184	-0.4269192	10	-0.42891055	0.19291939	0.756244	Binding_K13	-0.2582303	0.11614923	0.455305
G14R	G14R	14	14	0.06366672	-0.2627414	-0.6060532	-0.29735497	-0.33274776	-0.3873745	-0.15778448	0.048666537	-0.2685319	-0.41823152	10	-0.26184863	0.2050017	0.8036067	Binding_K13	-0.15764885	0.123423524	0.48382023
G14S	G14S	14	14	-0.93952507	-0.9875862	-0.906648	-0.81082755	-1.2539532	-1.071285	-0.6403312	-0.84750026	-1.0930649	-0.99921423	10	-0.9549936	0.16961055	0.66487336	Binding_K13	-0.5749644	0.10211589	0.4002943
G14T	G14T	14	14	-1.0007459	-0.72522604	-0.9455043	-0.8599261	-0.9142151	-0.9585447	-0.80491316	-1.1791075	-0.75467306	-0.9531694	10	-0.9096025	0.13248444	0.519339	Binding_K13	-0.54763615	0.07976371	0.31267375
G14V	G14V	14	14	-0.31488922	-0.15284693	-0.20659737	-0.028664175	0.32180738	0.06839011	0.023323257	0.21674262	-0.17463785	0.15539244	10	-0.009197977	0.20428172	0.80078435	Binding_K13	-0.005537743	0.12299005	0.482121
G14W	G14W	14	14	-0.459628	-0.48979974	-0.8591155	-0.24945728	-0.87740535	-0.442966	-0.39148867	-0.4271096	-0.18391238	-0.5731691	10	-0.49540514	0.22639662	0.8874748	Binding_K13	-0.2982641	0.13630457	0.5343139
G14Y	G14Y	14	14	-0.1423906	-0.79519254	-0.49434853	-0.7020209	-0.81197214	-0.25451198	-0.692113	-0.54757583	-0.5555325	-0.2776572	10	-0.5273315	0.23515466	0.9218063	Binding_K13	-0.3174857	0.14157744	0.55498356
G150A	G150A	150	150	-1.0079249	-1.027523	-1.0545534	-0.94194806	-1.0185395	-0.95655984	-0.9873455	-0.8017553	-1.0503031	-1.0393769	10	-0.98858297	0.07574499	0.29692036	Binding_K13	-0.59518725	0.0456031	0.17876415
G150C	G150C	150	150	-0.6391679	-0.7708089	-0.6329603	-0.74107194	-0.9233211	-0.6008676	-0.44056132	-0.7667783	-0.5788789	-0.63395554	10	-0.67283714	0.13250451	0.5194177	Binding_K13	-0.405089	0.079775795	0.31272113
G150D	G150D	150	150	-0.48331335	-0.6663436	-0.49299332	-0.28813887	-0.60369515	-0.8351745	-0.7211039	-0.82900184	-0.7368925	-0.6585466	10	-0.6315204	0.17041963	0.668045	Binding_K13	-0.38021377	0.10260301	0.4022038
G150E	G150E	150	150	-0.2296118	-0.1282027	0.23605897	-0.24332453	-0.19117984	-0.7950655	-0.11338372	-0.28836647	-0.51510334	-0.6728716	10	-0.29410505	0.29849398	1.1700964	Binding_K13	-0.17706917	0.17971158	0.7044694
G150F	G150F	150	150	-0.9333215	-0.90519196	-1.1265614	-0.6962487	-0.6101928	-0.82998	-0.92426854	-0.88786787	-0.9902205	-0.74641037	10	-0.86502635	0.15022467	0.5888807	Binding_K13	-0.5207986	0.09044441	0.35454208
G150H	G150H	150	150	-0.7926635	-0.94754225	-0.8531903	-0.8557579	-0.64418656	-0.74113816	-1.0073922	-0.81877804	-0.89117485	-0.86885667	10	-0.842068	0.1023199	0.40109402	Binding_K13	-0.5069763	0.06160282	0.24148306
G150I	G150I	150	150	-0.99714893	-0.843657	-0.79515976	-0.9626964	-1.3117545	-1.0357124	-1.1404762	-0.7106167	-0.95392245	-0.7218651	10	-0.9473009	0.18899003	0.7408409	Binding_K13	-0.5703329	0.113783516	0.4460314
G150K	G150K	150	150	-0.9513348	-1.37956	-0.93636996	-1.0087903	-0.84634644	-1.0030764	-1.1492387	-0.7530537	-0.8041744	-0.8506699	10	-0.9682614	0.18499473	0.7251794	Binding_K13	-0.58295244	0.1113781	0.43660218
G150L	G150L	150	150	-0.6330735	-0.6996666	-0.98484194	-1.2163565	-1.2789947	-1.0470059	-1.0262119	-0.9678606	-0.6975348	-0.4954878	10	-0.90470344	0.2600953	1.0195736	Binding_K13	-0.5446866	0.15659323	0.61384547
G150M	G150M	150	150	-1.3204312	-1.1363238	-0.8248587	-1.0711492	-1.215913	-0.96487725	-1.1155624	-1.4347948	-1.3686222	-1.1683103	10	-1.1620843	0.18521692	0.7260503	Binding_K13	-0.69964564	0.11151188	0.43712658
G150N	G150N	150	150	-0.8950691	-1.1328784	-1.2312349	-1.223867	-0.9525935	-1.0906681	-0.8653792	-1.0576473	-1.2024235	-1.04889	10	-1.070065	0.13268238	0.52011496	Binding_K13	-0.6442444	0.07988288	0.3131409
G150P	G150P	150	150	-1.0751352	-1.3061005	-1.4866151	-1.3292478	-1.2873805	-1.5760818	-1.4447997	-1.509636	-1.342761	-1.425139	10	-1.3782896	0.14289552	0.56015044	Binding_K13	-0.8298144	0.08603182	0.33724472
G150Q	G150Q	150	150	-0.7887757	-1.0841165	-1.2301881	-0.77452224	-1.3245281	-1.126968	-1.0612588	-0.6908641	-0.9302905	-0.9437988	10	-0.9955311	0.20658423	0.8098102	Binding_K13	-0.5993704	0.124376304	0.48755512
G150R	G150R	150	150	-0.5149001	-0.6587007	-0.6055693	-0.64705706	-0.57948065	-0.6434953	-0.5591979	-0.4639828	-0.5338571	-0.3627596	10	-0.5569	0.0927921	0.36374503	Binding_K13	-0.33528778	0.055866502	0.21899669
G150S	G150S	150	150	-0.6809889	-0.7819013	-1.0577452	-0.9728797	-0.85067946	-0.9268919	-0.8246875	-0.99581563	-0.8389343	-0.7993397	10	-0.8729863	0.113861814	0.44633833	Binding_K13	-0.525591	0.06855176	0.2687229
G150T	G150T	150	150	-1.1588119	-1.1089967	-0.94182783	-0.96183777	-0.867279	-0.81505865	-1.0244964	-0.9673173	-0.98976403	-1.0347501	10	-0.987014	0.10276957	0.4028567	Binding_K13	-0.59424263	0.061873548	0.24254431
G150V	G150V	150	150	-0.5311061	-0.613126	-0.6045959	-0.63588995	-0.6246058	-0.76728296	-0.6431503	-0.5138367	-0.47706592	-0.5706387	10	-0.59812987	0.08167882	0.32018098	Binding_K13	-0.36011064	0.04917563	0.19276848
G150W	G150W	150	150	-0.94417566	-1.1197506	-1.1358911	-1.1843345	-1.1457034	-1.174625	-1.16207	-1.2005072	-1.1083035	-1.127698	10	-1.130306	0.07175229	0.28126898	Binding_K13	-0.68051314	0.043199252	0.16934107
G150Y	G150Y	150	150	-0.6254726	-0.8412316	-0.5232766	-0.79365766	-1.2714014	-1.2003787	-0.8099491	-0.7375311	-1.0217756	-0.6429385	10	-0.84676135	0.24659598	0.96665627	Binding_K13	-0.509802	0.14846581	0.581986
G173A	G173A	173	173	-0.5913356	-0.4701985	-0.45582077	-0.41497013	-0.6223104	-0.5718545	-0.6166124	-0.7242362	-0.46339434	-0.70121497	10	-0.56319475	0.10765535	0.42200896	Binding_K13	-0.3390776	0.06481508	0.25407514
G173C	G173C	173	173	-0.2533715	-0.2131564	-0.21763545	-0.22351635	-0.16027491	-0.2149178	-0.26423886	-0.23401548	-0.30825478	-0.39912218	10	-0.24885038	0.06538357	0.25630358	Binding_K13	-0.1498231	0.039364897	0.1543104
G173D	G173D	173	173	-0.34492177	-0.1928924	-0.22527775	-0.33539018	-0.3969303	-0.37745288	-0.329657	-0.42747974	-0.53142285	-0.3233513	10	-0.34847763	0.09629351	0.37747055	Binding_K13	-0.20980479	0.057974562	0.22726029
G173E	G173E	173	173	-0.55181754	-0.53551394	-0.4892633	-0.41297925	-0.19715117	-0.48286262	-0.50968504	-0.5425287	-0.46563905	-0.7284423	10	-0.49158826	0.13258405	0.5197295	Binding_K13	-0.29596612	0.07982368	0.31290883
G173F	G173F	173	173	1.1553149	0.8301543	0.995962	0.94492066	0.79881245	0.98510224	0.9688294	1.1053418	0.9362752	1.1038734	10	0.9824586	0.115739524	0.45369893	Binding_K13	0.5915	0.06968225	0.2731544
G173H	G173H	173	173	0.56100786	1.2237113	0.8059942	0.7399031	0.4685134	1.3327899	0.62469923	0.16959918	1.1279515	0.91825336	10	0.7972423	0.36265075	1.4215909	Binding_K13	0.47998846	0.21833786	0.85588443
G173I	G173I	173	173	-0.41706428	-0.2062563	-0.24755454	-0.20558232	-0.10734703	-0.14480397	-0.23856175	-0.286839	-0.021153208	-0.3495998	10	-0.22247621	0.11519177	0.45155177	Binding_K13	-0.13394424	0.06935247	0.2718617
G173K	G173K	173	173	-0.09432814	-0.025530241	-0.035625946	-0.04925983	-0.07488149	-0.005480984	0.061157085	-0.25835142	-0.22732519	0.1464791	10	-0.056314707	0.12054859	0.47255048	Binding_K13	-0.033904888	0.0725776	0.2845042
G173L	G173L	173	173	-0.48156798	-0.1950776	-0.28931832	-0.22029467	-0.5143866	-0.4061578	-0.34860465	-0.26938275	-0.5538536	-0.48124194	10	-0.37598857	0.12932356	0.50694835	Binding_K13	-0.22636804	0.07786067	0.30521384
G173M	G173M	173	173	-0.5329152	-0.40983543	-1.1969216	-0.40817115	-0.6170207	-0.48514384	-0.38738632	-0.37222436	-0.3673127	-0.39359704	10	-0.5170528	0.2521657	0.98848957	Binding_K13	-0.31129733	0.15181912	0.595131
G173N	G173N	173	173	-0.011841063	0.32857028	-0.08649645	0.1448408	-0.018538361	-0.13343635	0.14326045	-0.23605879	-0.08867802	-0.057989154	10	-0.0016366635	0.16403086	0.643001	Binding_K13	-0.0009853712	0.09875658	0.38712582
G173P	G173P	173	173	-0.20467882	-0.43960118	-0.33341157	-0.5685346	-0.6758608	-0.48442504	-0.20276135	-0.15987669	-0.31861147	-0.3593881	10	-0.37471497	0.16806933	0.6588318	Binding_K13	-0.22560126	0.10118799	0.39665693
G173Q	G173Q	173	173	-0.48429754	-0.6158149	-0.44831905	-0.4349959	-0.30242532	-0.24273293	-0.4693491	-0.3413369	-0.18703628	-0.5559109	10	-0.40822187	0.13692324	0.5367391	Binding_K13	-0.24577446	0.08243614	0.32314965
G173R	G173R	173	173	-0.4423664	-0.32448557	-0.39503136	-0.40196475	-0.44914028	-0.44625297	-0.62466216	-0.48628268	-0.47060552	-0.50624627	10	-0.45470375	0.07912447	0.31016794	Binding_K13	-0.2737594	0.047637757	0.18674001
G173S	G173S	173	173	-0.10488008	-0.1287718	-0.10514493	-0.022071574	-0.091272645	-0.08129237	-0.12514819	-0.18760778	-0.24665412	-0.27819985	10	-0.13710435	0.07830137	0.3069414	Binding_K13	-0.082545176	0.0471422	0.18479742
G173T	G173T	173	173	-0.4579043	-0.3709298	-0.23051485	-0.30595237	-0.12374364	-0.3080761	-0.43295577	-0.5526242	-0.39738324	-0.3381515	10	-0.35182357	0.120894074	0.4739048	Binding_K13	-0.21181925	0.0727856	0.28531957
G173V	G173V	173	173	-0.38414773	-0.18273649	-0.32437193	-0.3544565	-0.4304	-0.41466737	-0.38425648	-0.3051197	-0.49097973	-0.4351965	10	-0.37063324	0.08597804	0.33703393	Binding_K13	-0.22314382	0.051764023	0.20291497
G173W	G173W	173	173	1.8831543	1.9763877	1.6386207	1.7723535	1.1621971	1.6073153	2.3028219	1.6424203	1.8589195	2.3459692	10	1.8190159	0.3471077	1.3606622	Binding_K13	1.0951585	0.20898001	0.81920165
G173Y	G173Y	173	173	1.1637496	1.3789805	1.0965606	0.7796119	0.8557796	1.0186708	1.0112327	1.1422515	1.2839348	1.3451328	10	1.1075904	0.19827683	0.7772452	Binding_K13	0.666837	0.119374745	0.467949
G47A	G47A	47	47	-0.02251699	-0.012238488	-0.06336599	-0.036721192	0.0607952	0.017324395	-0.006917005	0.019992825	-0.07267395	-0.05705774	10	-0.017337894	0.042157512	0.16525745	Binding_K13	-0.010438469	0.025381394	0.09949507
G47C	G47C	47	47	0.16318753	-0.08227775	-0.024840921	0.08035769	0.14591633	0.07137504	0.14302188	0.14434554	0.030603128	0.06267313	10	0.073436156	0.08102597	0.31762183	Binding_K13	0.044213045	0.048782576	0.1912277
G47D	G47D	47	47	-0.0023971056	-0.031948898	-0.046365593	-0.033503383	-0.033433467	0.03970872	-0.0105511695	0.084768474	-0.0037125538	0.061741237	10	0.0024306267	0.044792123	0.17558512	Binding_K13	0.0014633854	0.026967589	0.10571295
G47E	G47E	47	47	-0.048248332	-0.04762731	-0.026057966	0.008555073	-0.03456596	-0.004112592	-0.0758277	-0.04815806	-0.09189975	0.028693773	10	-0.033924885	0.03710218	0.14544055	Binding_K13	-0.020424848	0.022337776	0.08756408
G47F	G47F	47	47	0.075782456	0.23320909	0.21756516	0.23360068	0.1796877	0.24329256	0.2391925	0.29449975	0.22547692	0.11440999	10	0.20567167	0.06529975	0.255975	Binding_K13	0.123826884	0.03931443	0.15411256
G47H	G47H	47	47	-0.056102064	0.090216376	0.0043521593	-0.16873975	-0.078334	-0.11757217	-0.18793465	-0.11002497	-0.23219384	-0.17031725	10	-0.10266502	0.09700156	0.38024613	Binding_K13	-0.0618106	0.058400854	0.22893135
G47I	G47I	47	47	0.12403508	0.32433793	0.09843643	0.20047797	0.16438264	0.18913303	0.19336179	0.20696354	0.11268356	0.03257924	10	0.16463912	0.07900434	0.30969703	Binding_K13	0.099122785	0.04756543	0.18645649
G47K	G47K	47	47	0.013966429	-0.06544418	-0.012363059	-0.050909672	-0.060405288	0.05075171	-0.06815056	-0.048552606	-0.06507164	-0.09081138	10	-0.039699025	0.043678027	0.17121787	Binding_K13	-0.023901233	0.026296835	0.103083596
G47L	G47L	47	47	0.032401342	0.11001579	0.039036013	0.13418347	0.12663758	0.072477825	0.06486795	0.12476322	0.11854387	0.10341082	10	0.092633784	0.03753875	0.1471519	Binding_K13	0.055771187	0.022600615	0.088594414
G47M	G47M	47	47	0.06166795	0.22703159	0.1912235	0.13100155	-0.0044692126	-0.051067337	-0.075088315	0.026899146	-0.035361897	-0.027109839	10	0.044472717	0.10555197	0.41376373	Binding_K13	0.026775287	0.06354872	0.249111
G47N	G47N	47	47	-0.26747507	-0.283957	-0.1108793	-0.15714087	-0.073874176	-0.034566745	-0.073461376	-0.051503245	-0.10878235	-0.22412792	10	-0.1385768	0.09061211	0.3551995	Binding_K13	-0.08343168	0.05455402	0.21385176
G47P	G47P	47	47	-0.19486265	-0.022237616	-0.18931901	-0.15484227	-0.08848111	-0.112398565	-0.12058872	-0.03887814	-0.3731625	-0.16313775	10	-0.14579085	0.09894656	0.38787052	Binding_K13	-0.08777498	0.05957186	0.23352169
G47Q	G47Q	47	47	-0.09102536	-0.085949734	-0.21093442	-0.13762651	-0.22832935	-0.07471336	-0.22669345	-0.17343813	-0.17159697	-0.118775725	10	-0.15190831	0.05877104	0.23038249	Binding_K13	-0.09145807	0.03538375	0.1387043
G47R	G47R	47	47	-0.16272217	-0.020448089	-0.029295094	-0.005335971	-0.036427893	-0.020093478	-0.06408102	-0.020660833	-0.108033344	-0.03270085	10	-0.049979873	0.049225066	0.19296226	Binding_K13	-0.030090932	0.029636491	0.11617505
G47S	G47S	47	47	-0.11076614	-0.15300901	-0.1309399	-0.07102361	-0.07075607	-0.13270922	-0.13088371	-0.05376046	-0.12629233	-0.14003545	10	-0.11201759	0.034302045	0.13446401	Binding_K13	-0.06744142	0.020651922	0.080955535
G47T	G47T	47	47	0.009159464	0.0064018783	-0.1035601	-0.049848016	-0.05594122	-0.07071048	-0.043255158	-0.04938201	-0.044049397	-0.10130946	10	-0.05024945	0.037605062	0.14741185	Binding_K13	-0.030253233	0.022640541	0.08875092
G47V	G47V	47	47	0.104020104	0.073734306	0.039583236	0.13665774	0.17446999	0.15932116	0.13056599	0.07496294	0.10369771	0.041335896	10	0.103834905	0.04670715	0.18309203	Binding_K13	0.062514946	0.028120551	0.11023256
G47W	G47W	47	47	0.13392092	0.16219519	0.043832593	0.2652977	0.20971897	0.16514438	0.19222417	0.14818913	0.13371603	0.124086596	10	0.15783256	0.058573212	0.229607	Binding_K13	0.095024824	0.035264645	0.13823742
G47Y	G47Y	47	47	0.016274473	0.08106015	0.15966627	0.13463464	0.031801395	0.08424085	0.035053544	0.14522702	-0.002344808	-0.11826586	10	0.05673477	0.08345782	0.32715467	Binding_K13	0.03415779	0.050246697	0.19696705
G59A	G59A	59	59	-0.09046255	0.014521655	-0.13514481	0.06895338	-0.079256274	-0.05290538	0.011076783	0.011227155	-0.11810261	-0.050491985	10	-0.04205846	0.06629131	0.25986195	Binding_K13	-0.025321757	0.03991141	0.15645273
G59C	G59C	59	59	-0.16311923	-0.09013842	-0.032595523	-0.1562687	-0.19446096	-0.06311096	-0.10695919	-0.17101927	-0.09654264	-0.17956336	10	-0.12537782	0.054841794	0.21497984	Binding_K13	-0.075485095	0.033018105	0.12943098
G59D	G59D	59	59	-0.30381906	-0.31382874	-0.27704176	-0.28431386	-0.28021178	-0.31677872	-0.3612375	-0.29995057	-0.34223878	-0.26409358	10	-0.30435145	0.030342717	0.11894345	Binding_K13	-0.18323813	0.018268166	0.07161121
G59E	G59E	59	59	-0.27434516	-0.23171386	-0.22752097	-0.39192188	-0.20483218	-0.30109528	-0.2398029	-0.20461029	-0.27073562	-0.38037428	10	-0.27269524	0.06721933	0.2634998	Binding_K13	-0.16417916	0.04047014	0.15864295
G59F	G59F	59	59	0.07070922	-0.17238331	-0.0028013147	-0.027146082	-0.103913404	0.15127817	-0.027972594	-0.05543488	0.03153315	-0.02121648	10	-0.015734753	0.0894227	0.350537	Binding_K13	-0.00947328	0.053837918	0.21104464
G59H	G59H	59	59	-0.23682143	-0.1134076	-0.35793686	-0.3635206	-0.3036588	-0.09619768	-0.25585613	-0.27217087	-0.25402004	-0.33125195	10	-0.25848418	0.0920911	0.3609971	Binding_K13	-0.15562324	0.055444457	0.21734227
G59I	G59I	59	59	-0.49287283	-0.29769415	-0.2657269	-0.22874786	-0.15434982	-0.055677332	-0.3361921	-0.43341306	-0.28508466	-0.40332082	10	-0.29530796	0.13087344	0.5130239	Binding_K13	-0.1777934	0.078793794	0.3088717
G59K	G59K	59	59	-0.2430558	-0.112266496	-0.225839	-0.27875865	-0.23311397	-0.24954474	-0.14254436	-0.1794458	-0.28304523	-0.09525355	10	-0.20428677	0.0678077	0.26580617	Binding_K13	-0.12299309	0.04082437	0.16003153
G59L	G59L	59	59	0.13442485	0.002523044	0.0807497	0.006290391	0.045046326	0.07532762	0.03462027	0.10118418	0.010726341	0.0141164595	10	0.05050092	0.04544547	0.17814624	Binding_K13	0.030404631	0.027360942	0.10725489
G59M	G59M	59	59	0.2414634	0.09077806	0.31672445	0.28677568	0.3458922	0.10037453	0.10144146	-0.07408957	-0.1109665	0.052690156	10	0.13510838	0.15886508	0.6227511	Binding_K13	0.08134349	0.09564646	0.37493414
G59N	G59N	59	59	-0.31616095	-0.52742773	-0.4125366	-0.32868502	-0.35665175	-0.40774626	-0.59589666	-0.3349469	-0.35117546	-0.29760686	10	-0.39288342	0.09742121	0.38189113	Binding_K13	-0.23653978	0.058653507	0.22992176
G59P	G59P	59	59	-0.3110072	-0.45554125	-0.29146516	-0.39541498	-0.5565784	-0.46290407	-0.38847148	-0.4157574	-0.504303	-0.4746644	10	-0.42561072	0.08270099	0.32418787	Binding_K13	-0.25624362	0.049791038	0.19518088
G59Q	G59Q	59	59	-0.4746511	-0.15212886	-0.20886204	-0.23382816	-0.20882094	-0.255823	-0.13300508	-0.04093689	-0.38491035	-0.15075009	10	-0.22437167	0.12587859	0.4934441	Binding_K13	-0.13508543	0.07578658	0.2970834
G59R	G59R	59	59	-0.30021074	-0.28973818	-0.2848413	-0.2546366	-0.25352317	-0.32371414	-0.33738244	-0.33249354	-0.3733976	-0.31603104	10	-0.30659685	0.037679527	0.14770375	Binding_K13	-0.18459	0.022685373	0.088926665
G59S	G59S	59	59	-0.079390556	-0.13145553	-0.05742741	-0.18725197	-0.1875209	-0.22514671	-0.07956933	-0.20121568	-0.1762679	-0.16264407	10	-0.148789	0.058462303	0.22917223	Binding_K13	-0.08958005	0.035197873	0.13797566
G59T	G59T	59	59	-0.39101267	-0.24805269	-0.3344456	-0.23939621	-0.118428394	-0.20453645	-0.2728571	-0.10370789	-0.22512694	-0.29857242	10	-0.24361363	0.0888218	0.34818146	Binding_K13	-0.14667027	0.05347614	0.20962647
G59V	G59V	59	59	-0.08532165	-0.03619277	-0.0037346492	-0.12023679	-0.06571152	-0.145916	-0.12382179	-0.07632544	-0.09456021	-0.2722134	10	-0.102403425	0.07303316	0.28629	Binding_K13	-0.061653107	0.043970417	0.17236404
G59W	G59W	59	59	0.22741944	0.2295071	0.06874413	0.11781508	0.026665512	0.21935052	0.22156785	0.19322172	0.12632033	0.19707906	10	0.16276906	0.073114194	0.28660765	Binding_K13	0.0979969	0.044019204	0.17255528
G59Y	G59Y	59	59	-0.0457288	-0.2806875	-0.2320903	-0.06862912	-0.2512288	-0.14231946	0.10690917	-0.16882743	-0.06821129	-0.051674955	10	-0.120248854	0.11807752	0.46286386	Binding_K13	-0.07239714	0.071089864	0.27867228
G74A	G74A	74	74	-0.042980857	-0.30223295	-0.11533893	-0.05421062	-0.16451126	-0.10899869	-0.14511602	-0.08174265	-0.052636866	-0.1600939	10	-0.12278627	0.07728387	0.30295277	Binding_K13	-0.07392482	0.0465296	0.18239602
G74C	G74C	74	74	-0.08868813	0.12455795	0.067382626	0.086574726	-0.010537788	0.10141149	0.06257874	0.008901936	-0.21903333	0.0022125687	10	0.013536079	0.103255235	0.40476054	Binding_K13	0.008149545	0.062165946	0.2436905
G74D	G74D	74	74	-0.28405872	-0.2547797	-0.27882418	-0.3836268	-0.5228653	-0.42602435	-0.36844036	-0.3124149	-0.5040083	-0.37084538	10	-0.37058878	0.092460684	0.3624459	Binding_K13	-0.22311704	0.05566697	0.21821453
G74E	G74E	74	74	0.11325081	0.1447909	0.21752621	0.1169876	0.43790513	0.27527335	-0.023060977	0.21841176	0.20219344	0.23309538	10	0.19363737	0.12056676	0.4726217	Binding_K13	0.11658151	0.07258854	0.2845471
G74F	G74F	74	74	-0.03273781	-0.055205002	-0.06632172	-0.08215908	0.06372358	-0.062149398	-0.061263364	-0.11877531	-0.13596682	-0.030938765	10	-0.058179367	0.0544139	0.2133025	Binding_K13	-0.035027526	0.032760486	0.12842111
G74H	G74H	74	74	-0.23794396	-0.112316936	-0.22868825	-0.185996	-0.19652556	-0.31258175	-0.33266357	-0.3688382	-0.29685554	-0.19429654	10	-0.24667063	0.07928284	0.31078875	Binding_K13	-0.14851077	0.047733106	0.18711378
G74I	G74I	74	74	0.043037355	0.10605312	0.055564065	0.10351166	0.2350846	0.40511423	0.51560456	0.43006483	0.07788178	-0.027415508	10	0.19445007	0.19026196	0.7458269	Binding_K13	0.117070794	0.1145493	0.44903326
G74K	G74K	74	74	0.027656388	0.027039746	-0.037689824	-0.23287117	-0.13946405	-0.18583739	-0.3068651	-0.10451354	-0.027472194	0.021703672	10	-0.09583135	0.11813827	0.463102	Binding_K13	-0.057696316	0.07112644	0.27881566
G74L	G74L	74	74	0.1311753	-0.0070209913	0.024276655	0.09861632	0.10747731	0.2659454	0.053528868	0.1609359	0.1497478	0.028787114	10	0.101346955	0.08107325	0.31780714	Binding_K13	0.061017048	0.048811037	0.19133927
G74M	G74M	74	74	-0.07051176	-0.13826649	0.08967534	-0.09311643	-0.067561835	-0.05348954	-0.02774484	-0.17067185	-0.13084894	-0.044417936	10	-0.07069543	0.07245091	0.28400758	Binding_K13	-0.042562958	0.043619867	0.17098989
G74N	G74N	74	74	-0.15777224	-0.11183936	-0.22177355	-0.1281833	-0.08722813	-0.06452602	-0.12095961	-0.15635024	-0.05227705	-0.16978094	10	-0.12706904	0.05159307	0.20224483	Binding_K13	-0.076503314	0.031062173	0.12176372
G74P	G74P	74	74	-0.025034077	-0.0072154133	-0.14322236	-0.1526432	0.07414273	0.010419376	-0.11286104	-0.08507624	-0.13504969	-0.03113808	10	-0.0607678	0.076269545	0.29897663	Binding_K13	-0.03658592	0.045918915	0.18000215
G74Q	G74Q	74	74	-0.16633081	-0.0741057	0.15646006	-0.01839095	0.034258272	0.15008666	-0.2398046	-0.09709085	-0.06910472	0.14786057	10	-0.017616209	0.13830039	0.54213756	Binding_K13	-0.010606032	0.08326527	0.32639986
G74R	G74R	74	74	-0.103198126	-0.13679467	-0.09849414	-0.104184054	-0.09902674	-0.1121006	-0.19942921	-0.1529781	-0.16198286	-0.006846465	10	-0.1175035	0.051294144	0.20107305	Binding_K13	-0.070744276	0.030882202	0.12105823
G74S	G74S	74	74	-0.12962581	-0.17694099	-0.06256368	-0.0468934	-0.12318698	-0.19175461	-0.21355505	-0.16656117	-0.16529164	-0.08760437	10	-0.13639778	0.05624327	0.22047363	Binding_K13	-0.08211978	0.03386188	0.13273858
G74T	G74T	74	74	-0.013969789	-0.12667538	-0.16117488	0.02954641	-0.23695348	-0.18000141	-0.2531248	-0.23719868	-0.19857979	-0.08951012	10	-0.14676419	0.0966228	0.37876138	Binding_K13	-0.08836099	0.05817282	0.22803745
G74V	G74V	74	74	-0.0058594067	0.14004098	0.23992752	-0.012684698	0.06591225	-0.010790021	0.124102846	0.10136108	0.13427617	0.15715331	10	0.093344	0.08373542	0.32824287	Binding_K13	0.05619878	0.05041383	0.19762221
G74W	G74W	74	74	0.12042442	0.1298417	0.19201058	0.1152805	0.1864057	0.18293361	0.12871821	0.12801877	0.10204547	0.14923328	10	0.14349122	0.032444954	0.12718423	Binding_K13	0.086390465	0.019533841	0.07657266
G74Y	G74Y	74	74	0.07917164	0.011095071	-0.018800123	0.043240853	0.035862032	0.074010134	0.063942105	0.05065077	-0.05346757	0.04784669	10	0.033355158	0.042235535	0.1655633	Binding_K13	0.020081839	0.025428368	0.0996792
G76A	G76A	76	76	0.03362687	-0.021942765	-0.08053187	-0.07694319	-0.09053562	-0.03824999	-0.01283338	-0.24568881	-0.087285616	-0.013496177	10	-0.06338806	0.075884275	0.29746637	Binding_K13	-0.038163476	0.04568696	0.17909288
G76C	G76C	76	76	0.13910156	-0.044217806	0.40616524	-0.09605435	0.3759592	-0.0032127819	0.7120445	0.17374358	-0.16870506	0.07287107	10	0.15676951	0.27122268	1.063193	Binding_K13	0.094384804	0.16329259	0.640107
G76D	G76D	76	76	0.2415	0.1849497	0.4475397	0.47189867	0.9508793	0.3156897	1.2739562	0.6480131	0.57943183	0.30419242	10	0.54180515	0.34237286	1.3421017	Binding_K13	0.32619974	0.20612934	0.808027
G76E	G76E	76	76	1.3309162	1.7664924	2.3133492	2.0718737	1.2572594	1.0821447	1.3586521	1.6721512	1.5091213	1.2146201	10	1.557658	0.39715734	1.5568568	Binding_K13	0.93780506	0.23911293	0.9373227
G76F	G76F	76	76	0.28898925	0.10557144	0.12514538	-0.3988693	-0.34300697	-0.5799276	-0.29834718	-0.26146773	-0.122614674	0.107414246	10	-0.13771132	0.28238913	1.1069654	Binding_K13	-0.08291061	0.17001548	0.6664607
G76H	G76H	76	76	1.3557	1.2230266	0.6995349	1.1986095	0.32258946	1.1385342	1.2404372	1.0633363	1.0276085	0.94856536	10	1.0217942	0.30633035	1.200815	Binding_K13	0.6151824	0.18442956	0.72296387
G76I	G76I	76	76	0.43438646	0.19813223	0.439477	0.2480762	0.39194012	0.6083302	0.537531	0.546712	0.67259413	0.8440051	10	0.49211845	0.19352518	0.7586187	Binding_K13	0.2962853	0.11651396	0.45673475
G76K	G76K	76	76	0.8111296	1.1796751	0.86293817	1.1306611	0.71004134	0.49980026	1.4200348	0.47518474	0.9205804	0.31884775	10	0.8328894	0.34656498	1.3585347	Binding_K13	0.5014502	0.20865324	0.81792074
G76L	G76L	76	76	0.99958044	0.40670925	0.61192226	0.928991	0.7030169	0.8147887	0.7511368	0.6743655	0.78308904	1.2675968	10	0.7941197	0.23402397	0.917374	Binding_K13	0.4781085	0.14089671	0.5523151
G76M	G76M	76	76	0.3935344	0.75133693	0.4526748	0.4223749	0.67422235	0.45244455	0.49949184	0.29318708	0.26447564	0.38077527	10	0.4584518	0.15296368	0.59961766	Binding_K13	0.27601594	0.09209346	0.36100638
G76N	G76N	76	76	0.21046984	1.0530227	0.16010715	0.532468	0.13465314	-0.102596276	0.10459249	0.20429328	0.2852706	-0.06556499	10	0.2516716	0.33265528	1.3040087	Binding_K13	0.15152165	0.20027876	0.7850928
G76P	G76P	76	76	1.1047047	1.2628739	0.96431655	1.5648733	1.8871492	1.3220199	1.1495186	0.6462314	0.922683	0.7850314	10	1.1609402	0.36995968	1.4502419	Binding_K13	0.6989568	0.22273828	0.8731341
G76Q	G76Q	76	76	1.283967	2.064611	2.0507698	1.0447246	2.09002	1.0429242	1.1415739	1.0518093	1.6845887	2.0597034	10	1.5514691	0.4811231	1.8860025	Binding_K13	0.934079	0.28966543	1.1354885
G76R	G76R	76	76	1.3592243	1.2295897	1.1916226	1.437242	0.8107185	0.977581	0.3752096	1.8394977	1.166352	1.1672423	10	1.155428	0.38803884	1.5211123	Binding_K13	0.6956381	0.23362304	0.91580236
G76S	G76S	76	76	-0.1836788	-0.3494918	-0.023646694	-0.27191156	-0.44677678	-0.17938541	-0.03414164	-0.16884716	0.017803842	-0.3293451	10	-0.19694212	0.15375462	0.6027181	Binding_K13	-0.11857116	0.09256966	0.36287305
G76T	G76T	76	76	0.07267781	0.68913084	0.3567299	0.30651358	0.0016011434	-0.051597226	0.23681298	0.8222063	0.4725697	0.17129296	10	0.3077938	0.28702533	1.1251394	Binding_K13	0.18531063	0.17280675	0.6774025
G76V	G76V	76	76	0.15018997	0.32359672	0.38393566	0.6150917	0.0980941	-0.06594223	-0.12457207	-0.09693709	0.253172	0.28070047	10	0.18173292	0.23676579	0.9281219	Binding_K13	0.1094143	0.14254744	0.558786
G76W	G76W	76	76	0.53815687	0.387882	0.6611351	0.69472456	1.1113554	0.579112	1.0184695	0.33147392	0.077047125	0.48218715	10	0.58815444	0.30851415	1.2093755	Binding_K13	0.35410485	0.18574433	0.72811776
G76Y	G76Y	76	76	0.10951409	0.17557445	0.0325071	0.17795147	-0.05021699	0.49685776	0.6648487	0.40935126	0.30808365	0.19088523	10	0.25153568	0.2193869	0.8599967	Binding_K13	0.15143982	0.1320843	0.51777047
G9A	G9A	9	9	-0.42327783	-0.7909083	-0.633161	-0.5364626	-0.5374489	-0.6809834	-0.787254	-0.22338776	-0.32343867	-0.6583089	10	-0.55946314	0.18963088	0.74335307	Binding_K13	-0.3368309	0.11416935	0.44754386
G9C	G9C	9	9	-0.9517718	-0.67933154	-0.79301155	-1.1310105	-0.5594097	-0.60970384	-0.80032957	-0.8933633	-0.56591654	-1.2809786	10	-0.82648265	0.24247512	0.9505025	Binding_K13	-0.49759296	0.14598481	0.5722605
G9D	G9D	9	9	-1.2425127	-1.1571892	-0.8404656	-1.0234458	-0.86655843	-1.4366375	-1.168064	-1.2412976	-1.0756018	-1.299884	10	-1.1351657	0.18779399	0.7361524	Binding_K13	-0.68343896	0.11306343	0.44320866
G9E	G9E	9	9	-1.3605168	-1.5797384	-1.3987906	-1.3529798	-1.1234132	-1.1123815	-1.0946215	-1.1402348	-1.3933494	-1.2734762	10	-1.2829502	0.16161744	0.6335404	Binding_K13	-0.7724142	0.097303554	0.38142994
G9F	G9F	9	9	-0.57180893	-0.6612288	-1.1748024	-0.82794523	-0.7331566	-0.8858024	-0.49854654	-0.82776976	-0.86105514	-0.47514704	10	-0.7517263	0.21134897	0.82848793	Binding_K13	-0.45258507	0.12724496	0.49880028
G9H	G9H	9	9	-1.3839723	-1.4174306	-1.6049448	-1.1806847	-1.5438884	-1.5985981	-1.2406714	-1.1559933	-1.0059121	-1.3831118	10	-1.3515208	0.20216067	0.79246986	Binding_K13	-0.81369793	0.12171305	0.47711515
G9I	G9I	9	9	-0.7492186	-0.5085674	-0.7008425	-1.1210992	-1.1149778	-0.98577106	-0.6256067	-0.22246362	-0.7990577	-1.0672648	10	-0.789487	0.29220578	1.1454467	Binding_K13	-0.47531933	0.1759257	0.6896288
G9K	G9K	9	9	0.19514935	0.37553313	0.42143214	0.44379354	0.666139	0.53217274	1.6194514	0.15953384	1.1189	0.066011675	10	0.5598117	0.47738785	1.8713604	Binding_K13	0.33704078	0.28741658	1.126673
G9L	G9L	9	9	-0.8846594	-0.2915692	-0.7151538	-0.32795727	-0.22601455	-0.5681436	-0.077767365	-0.09435642	-0.0836804	-0.3249507	10	-0.35942528	0.27812597	1.0902538	Binding_K13	-0.21639593	0.16744879	0.65639925
G9M	G9M	9	9	-0.86998606	-0.46448523	-0.6669088	-0.6347644	-0.25410104	-0.4028931	-0.62523174	-0.41515315	-0.67735004	-0.6447477	10	-0.5655621	0.1783785	0.6992437	Binding_K13	-0.3405029	0.10739473	0.42098737
G9N	G9N	9	9	-0.45371938	-0.57030535	-1.3397363	-0.2627282	-0.87473154	-1.0907698	-0.39044803	-0.7896714	-0.49690905	-0.004548823	10	-0.6273568	0.3996064	1.5664572	Binding_K13	-0.37770706	0.24058743	0.9431027
G9P	G9P	9	9	0.2827606	0.108432	0.6937827	-0.14418001	0.30115342	0.4997779	0.5776979	0.5098778	0.16362637	0.17325997	10	0.31661886	0.25436902	0.9971266	Binding_K13	0.19062386	0.15314566	0.600331
G9Q	G9Q	9	9	-0.3739858	-0.35882995	-0.15703341	-0.39523563	-0.58059454	-0.48598573	-0.52854985	-0.25208086	-0.10593944	-0.37775648	10	-0.36159915	0.15350005	0.6017202	Binding_K13	-0.21770473	0.09241639	0.36227226
G9R	G9R	9	9	-0.75877666	-1.1029761	-0.97965133	-0.094329536	-0.46016124	-0.34158018	-0.7489041	-0.4309405	-1.0672233	-0.5442845	10	-0.6528827	0.3347566	1.312246	Binding_K13	-0.3930752	0.2015439	0.7900521
G9S	G9S	9	9	-0.54930556	-0.76355046	-1.0513655	-0.89895576	-0.5180175	-0.6258353	-0.96035624	-0.594422	-0.54855746	-0.7823159	10	-0.72926813	0.19104485	0.7488958	Binding_K13	-0.43906388	0.11502065	0.45088094
G9T	G9T	9	9	-0.8755312	-0.59500164	-0.91155946	-0.756079	-0.3660399	-0.71637666	-0.7975995	-0.5793094	-1.1704934	-1.1571684	10	-0.7925159	0.25175002	0.9868601	Binding_K13	-0.47714287	0.15156886	0.59414995
G9V	G9V	9	9	-0.9713199	-0.87784606	-0.58454895	-0.38211274	-0.58134115	-0.93566453	-1.1611264	-0.93680656	-0.8372952	-0.94950485	10	-0.82175654	0.23352692	0.91542554	Binding_K13	-0.49474755	0.14059745	0.551142
G9W	G9W	9	9	-1.3484088	-1.4442842	-1.2267963	-1.3039854	-1.2827377	-1.4599271	-1.3031156	-1.2217791	-1.249358	-1.4591026	10	-1.3299495	0.093954735	0.36830255	Binding_K13	-0.8007107	0.05656648	0.2217406
G9Y	G9Y	9	9	-0.94693244	-1.1976861	-1.4713466	-1.5925921	-1.6296927	-1.256628	-1.3306814	-1.0880882	-0.932466	-1.0941641	10	-1.2540276	0.2500747	0.9802929	Binding_K13	-0.75500107	0.15056023	0.59019613
H165A	H165A	165	165	-0.28510666	-0.14664756	-0.2952178	-0.28046077	-0.4293028	-0.2625827	-0.3537769	-0.2608684	-0.25570104	-0.2629242	10	-0.28325886	0.07243411	0.28394172	Binding_K13	-0.1705391	0.043609753	0.17095023
H165C	H165C	165	165	-0.41477588	-0.3274065	-0.048689023	-0.18463506	-0.3485673	-0.30457962	-0.2488248	-0.2516727	-0.31222278	-0.31552586	10	-0.27568993	0.101218	0.39677456	Binding_K13	-0.16598214	0.06093941	0.23888248
H165D	H165D	165	165	-0.2889006	-0.21084014	-0.25953582	0.0071867025	-0.032684226	-0.19023293	-0.30493227	-0.19887827	-0.0901045	-0.29982877	10	-0.18687508	0.11250375	0.4410147	Binding_K13	-0.11251019	0.067734115	0.26551774
H165E	H165E	165	165	-0.28086686	0.051489435	0.15643734	-0.14982422	-0.1553978	-0.097884424	-0.17469689	0.11171793	-0.12317298	0.09768356	10	-0.056451492	0.14833632	0.5814784	Binding_K13	-0.03398724	0.08930751	0.35008544
H165F	H165F	165	165	-0.16227674	-0.15596132	-0.053495396	-0.11787974	-0.11187665	-0.1361643	-0.21105166	-0.27093944	-0.11362863	-0.3076649	10	-0.16409388	0.07797742	0.30567148	Binding_K13	-0.09879452	0.046947163	0.18403289
H165G	H165G	165	165	-0.23543154	-0.09255085	-0.18467271	-0.26330793	-0.5085581	-0.34188908	-0.27660275	-0.08450301	-0.27020815	-0.2716591	10	-0.25293833	0.12185202	0.4776599	Binding_K13	-0.1522843	0.07336234	0.2875804
H165I	H165I	165	165	-0.2384962	-0.2439325	-0.27610686	-0.23420268	-0.13853045	-0.1670956	-0.32770374	-0.2897844	-0.054370716	0.007922734	10	-0.19623004	0.10744633	0.4211896	Binding_K13	-0.11814245	0.06468924	0.25358182
H165K	H165K	165	165	-0.74416316	-0.7267886	-0.52525085	-0.6708365	-0.32809404	-0.47060567	-0.7709227	-0.47640494	-0.7204341	-0.4820039	10	-0.59155047	0.15287729	0.599279	Binding_K13	-0.35614946	0.09204145	0.36080247
H165L	H165L	165	165	-0.3523977	-0.35539663	-0.29777834	-0.37529668	-0.35757947	-0.30532643	-0.37244752	-0.38437983	-0.384203	-0.29831612	10	-0.3483122	0.03488635	0.1367545	Binding_K13	-0.20970519	0.02100371	0.08233455
H165M	H165M	165	165	-0.29285342	-0.2169093	-0.5876343	-0.25594103	-0.11795609	-0.3159026	-0.32917136	-0.3688187	-0.3158975	-0.27594525	10	-0.30770296	0.120576255	0.47265893	Binding_K13	-0.18525594	0.072594255	0.28456947
H165N	H165N	165	165	-0.5353681	-0.32871908	-0.28672463	-0.25693402	-0.3885363	-0.14105523	-0.3265199	-0.39620784	-0.36383718	-0.41820407	10	-0.34421065	0.10531265	0.4128256	Binding_K13	-0.2072358	0.06340464	0.2485462
H165P	H165P	165	165	-0.25978944	0.03757505	-0.38282108	-0.19120616	-0.16439024	-0.4440251	-0.22087498	-0.25484735	-0.19765116	-0.11743634	10	-0.2195467	0.1336577	0.5239382	Binding_K13	-0.1321805	0.08047008	0.3154427
H165Q	H165Q	165	165	-0.30887103	-0.44859546	-0.40731	-0.49991506	-0.65864235	-0.54990476	-0.26763207	-0.29824328	-0.44905445	-0.32694188	10	-0.42151102	0.12519409	0.49076083	Binding_K13	-0.25377533	0.07537448	0.29546794
H165R	H165R	165	165	-0.41483235	-0.26348364	-0.4803712	-0.50876784	-0.44794968	-0.3692163	-0.3110688	-0.33517468	-0.47417134	-0.37522742	10	-0.39802635	0.08067816	0.31625837	Binding_K13	-0.23963612	0.04857317	0.19040683
H165S	H165S	165	165	-0.36745077	-0.26891798	-0.4224589	-0.31490323	-0.29521185	-0.16520989	-0.35515675	-0.3553209	-0.3603504	-0.20482728	10	-0.3109808	0.07924799	0.31065214	Binding_K13	-0.1872294	0.04771212	0.18703152
H165T	H165T	165	165	-0.3977029	-0.28950465	-0.24446881	-0.27881485	-0.378986	-0.33626208	-0.42626888	-0.24881142	-0.52701837	-0.50706404	10	-0.3634902	0.10187638	0.3993554	Binding_K13	-0.21884327	0.06133579	0.2404363
H165V	H165V	165	165	-0.2511821	-0.19725938	-0.16634037	-0.17061776	-0.32436225	-0.32262182	-0.28051186	-0.21075998	-0.31846762	-0.24977167	10	-0.24918947	0.061499022	0.24107617	Binding_K13	-0.15002725	0.03702616	0.14514256
H165W	H165W	165	165	-0.062949486	-0.18663995	-0.14753518	-0.114563696	-0.017585812	-0.03261689	-0.31419772	-0.20611835	-0.23986101	-0.10044412	10	-0.14225122	0.095181055	0.37310976	Binding_K13	-0.08564391	0.0573048	0.22463481
H165Y	H165Y	165	165	-0.024726607	-0.08860125	0.038227502	0.051636912	-0.10639934	0.053891398	-0.090624996	0.0053555164	-0.035763178	-0.11054881	10	-0.030755281	0.06590999	0.25836715	Binding_K13	-0.018516555	0.039681833	0.15555279
H26A	H26A	26	26	-0.448667	-0.40178743	-0.350027	-0.42757624	-0.5248517	-0.32843682	-0.3981158	-0.2883474	-0.30603996	-0.12721717	10	-0.36010665	0.10859337	0.425686	Binding_K13	-0.21680616	0.06537983	0.25628895
H26C	H26C	26	26	-0.042757157	-0.1331606	-0.10544081	-0.28221804	-0.2750393	-0.17440973	-0.10672636	-0.28406528	-0.17741714	-0.100513615	10	-0.16817479	0.0864265	0.33879188	Binding_K13	-0.101251476	0.05203402	0.20397337
H26D	H26D	26	26	-0.34290147	-0.14617805	-0.32697922	-0.28092465	-0.20133156	-0.22803518	-0.35746264	-0.21944039	-0.49045175	-0.2454213	10	-0.28391266	0.09886149	0.38753706	Binding_K13	-0.17093273	0.059520647	0.23332094
H26E	H26E	26	26	-0.23946553	-0.30477017	-0.27615118	-0.32833228	-0.27728748	-0.27891824	-0.21490726	-0.14111586	-0.14897653	-0.18373111	10	-0.23936558	0.06503426	0.2549343	Binding_K13	-0.14411268	0.039154593	0.15348601
H26F	H26F	26	26	-0.13206016	-0.1623348	-0.25638506	-0.1830721	-0.17795405	-0.24071352	-0.26566067	-0.21591884	-0.13308668	-0.29735082	10	-0.20645368	0.057490814	0.225364	Binding_K13	-0.1242977	0.034612976	0.13568287
H26G	H26G	26	26	-0.12456809	-0.113808475	-0.18627942	-0.18129522	-0.17406477	-0.2009809	-0.05689028	-0.3195993	-0.22816113	-0.11388192	10	-0.16995296	0.07325464	0.2871582	Binding_K13	-0.10232204	0.044103757	0.17288673
H26I	H26I	26	26	-0.13896304	-0.31307805	-0.036278795	-0.08269009	-0.04088227	-0.1658227	-0.11565127	-0.22357513	-0.10480127	-0.3492442	10	-0.15709868	0.10758296	0.42172518	Binding_K13	-0.09458298	0.0647715	0.25390428
H26K	H26K	26	26	-0.64411616	-0.38349903	-0.37789086	0.083373375	-0.2083101	-0.2215325	-0.3298491	-0.22308609	-0.4247496	-0.51067334	10	-0.32403332	0.19831814	0.7774071	Binding_K13	-0.19508782	0.119399615	0.4680465
H26L	H26L	26	26	-0.2326659	-0.23106128	-0.25918195	-0.22508821	-0.19140354	-0.20576899	-0.36926845	-0.21065661	-0.36785215	-0.2851617	10	-0.2578109	0.06415452	0.25148574	Binding_K13	-0.15521787	0.038624935	0.15140975
H26M	H26M	26	26	-0.05823316	-0.2692404	-0.11392538	-0.5493941	0.07810673	0.07765014	-0.07066833	0.007448197	-0.39240822	-0.2386653	10	-0.15293299	0.20681028	0.8106963	Binding_K13	-0.09207498	0.1245124	0.4880886
H26N	H26N	26	26	-0.18956622	-0.13434859	-0.3686435	-0.21576796	-0.32883632	-0.27622235	-0.32214195	-0.40043163	-0.2418949	-0.10808319	10	-0.25859368	0.09802499	0.38425794	Binding_K13	-0.15568916	0.059017017	0.23134671
H26P	H26P	26	26	0.10760642	0.29421228	0.102141425	0.33291176	0.28340203	0.37197018	0.107923925	0.31110832	0.050667208	0.31004632	10	0.22719899	0.11973104	0.4693457	Binding_K13	0.13678764	0.07208539	0.2825747
H26Q	H26Q	26	26	-0.20484364	-0.3803873	-0.23285973	-0.09288263	-0.2008763	-0.33282477	-0.20119508	-0.21918601	-0.2632811	-0.3258857	10	-0.24542221	0.08323299	0.32627332	Binding_K13	-0.14775914	0.050111335	0.19643643
H26R	H26R	26	26	-0.26100737	-0.17306215	-0.2795416	-0.30088422	-0.25851807	-0.2250922	-0.24303576	-0.3032208	-0.29532123	-0.38068393	10	-0.27203673	0.055128682	0.21610443	Binding_K13	-0.1637827	0.033190828	0.13010804
H26S	H26S	26	26	-0.30543527	-0.22917928	-0.19332927	-0.17640795	-0.15146461	-0.2358644	-0.27805567	-0.361598	-0.26096284	-0.2731326	10	-0.246543	0.06308724	0.24730198	Binding_K13	-0.14843392	0.037982363	0.14889087
H26T	H26T	26	26	-0.11682029	-0.26041207	-0.31193036	-0.1397561	-0.29099745	-0.14754361	-0.19233668	-0.16272412	-0.119254485	-0.34000164	10	-0.20817769	0.08475992	0.3322589	Binding_K13	-0.12533566	0.05103064	0.20004012
H26V	H26V	26	26	-0.08198575	-0.057705577	-0.08711364	-0.14861412	0.052618194	0.021976251	0.018952379	0.02259475	0.0018885968	-0.04720477	10	-0.030459369	0.063946165	0.25066897	Binding_K13	-0.018338397	0.03849949	0.150918
H26W	H26W	26	26	-0.12015645	-0.1525917	-0.2060176	-0.16621791	-0.091385484	-0.02355318	-0.10540478	-0.07648552	-0.024365427	-0.015931189	10	-0.09821092	0.065024205	0.25489488	Binding_K13	-0.059128962	0.039148536	0.15346226
H26Y	H26Y	26	26	-0.06922111	-0.2768361	-0.29542604	-0.23813131	-0.24546157	-0.20830142	-0.06101479	-0.15661617	-0.29917628	-0.2616493	10	-0.21118343	0.08774181	0.3439479	Binding_K13	-0.1271453	0.052825917	0.2070776
H93A	H93A	93	93	1.6934676	1.3035294	1.7141292	1.5802575	1.6245369	1.5676271	1.3428335	1.4872274	1.394083	1.5475352	10	1.5255226	0.14151335	0.5547323	Binding_K13	0.9184576	0.08519966	0.33398268
H93C	H93C	93	93	1.0631987	1.2892638	1.1137736	1.2831281	1.3348817	1.2700561	1.0612228	1.1517147	1.235859	1.1581221	10	1.1961219	0.09922403	0.38895822	Binding_K13	0.7201383	0.059738915	0.23417655
H93D	H93D	93	93	2.9233742	2.8314736	3.1569114	3.3282394	2.9526527	3.1368897	2.761247	3.4202511	2.6352613	2.94369	10	3.0089989	0.248691	0.9748687	Binding_K13	1.8116008	0.14972714	0.5869304
H93E	H93E	93	93	3.2056396	3.2406206	3.204689	2.9428902	2.9818704	3.2600923	2.6362622	2.6322923	3.2539637	2.7577431	10	3.0116065	0.25877377	1.0143932	Binding_K13	1.8131707	0.15579759	0.61072654
H93F	H93F	93	93	0.88602114	0.73668975	0.9029502	0.84977865	0.9808687	0.8380817	0.86408603	0.9572568	0.79979736	0.93654436	10	0.8752074	0.07421266	0.29091364	Binding_K13	0.52692825	0.044680547	0.17514774
H93G	H93G	93	93	2.8468828	2.7624004	2.8604143	2.7539608	2.7357426	2.8664296	2.7518694	2.7881513	2.8447354	3.1522055	10	2.8362794	0.12168639	0.47701067	Binding_K13	1.7076131	0.073262624	0.28718948
H93I	H93I	93	93	2.248684	2.2567697	2.0823848	2.1411822	2.1176991	2.0388904	2.1332977	2.1960793	1.9809105	2.0622056	10	2.1258106	0.08945918	0.35068	Binding_K13	1.2798676	0.053859882	0.21113074
H93K	H93K	93	93	2.7117622	3.0585754	3.2864532	3.0531833	3.2212162	3.0282283	3.0019846	2.993267	2.8397918	3.1313612	10	3.0325823	0.16782436	0.6578715	Binding_K13	1.8257995	0.1010405	0.39607877
H93L	H93L	93	93	1.9357135	2.0504396	1.9192657	2.0821524	1.8810441	1.9256306	1.8276292	1.8760523	2.0173037	1.898067	10	1.9413297	0.08230554	0.32263774	Binding_K13	1.1687988	0.049552955	0.19424759
H93M	H93M	93	93	2.0135949	2.3512235	2.2400997	1.9245661	1.7751331	2.008569	1.8627702	2.0303974	1.7988161	1.9179363	10	1.9923105	0.18375514	0.72032017	Binding_K13	1.1994925	0.1106318	0.43367666
H93N	H93N	93	93	1.111105	0.8902753	1.3249632	1.3408406	1.1732055	1.2475057	1.2445472	1.3529594	1.2327129	1.0136123	10	1.1931727	0.15017906	0.5887019	Binding_K13	0.7183627	0.09041695	0.35443446
H93P	H93P	93	93	3.8116183	3.3042445	3.8111897	3.3215952	3.3295896	3.3284757	3.7300105	3.0613546	3.490706	3.4820633	10	3.4670844	0.24887353	0.97558427	Binding_K13	2.0873961	0.14983705	0.5873612
H93Q	H93Q	93	93	0.6927973	0.80763626	0.9992676	0.68968546	0.6523682	0.57403356	1.0090095	0.856074	0.7377995	0.9787263	10	0.7997398	0.15596443	0.6113806	Binding_K13	0.4814921	0.0939001	0.3680884
H93R	H93R	93	93	3.1777284	2.9990835	3.1755946	3.1304278	3.1377947	3.1555195	3.3831935	3.111636	2.89654	2.9097946	10	3.107731	0.14325091	0.5615436	Binding_K13	1.8710436	0.08624578	0.33808348
H93S	H93S	93	93	2.1050258	2.1120677	2.0102057	1.9331484	2.0252786	2.0106652	1.9055946	1.9472106	1.7687637	1.7602236	10	1.9578186	0.121922016	0.4779343	Binding_K13	1.1787262	0.07340449	0.28774562
H93T	H93T	93	93	1.441189	1.639019	1.4520344	1.7518637	1.7226087	1.7692125	1.7278335	1.7937397	1.7982563	1.715996	10	1.6811752	0.13170186	0.5162713	Binding_K13	1.01217	0.07929255	0.3108268
H93V	H93V	93	93	1.4641769	1.3427824	1.3841382	1.3853853	1.2913271	1.3984878	1.3018676	1.2894512	1.3593522	1.4755439	10	1.3692513	0.06618582	0.2594484	Binding_K13	0.82437277	0.0398479	0.15620376
H93W	H93W	93	93	1.3909364	1.3029269	1.365629	1.6578743	1.5474108	1.0717633	1.0950571	1.4234957	1.3528221	1.5889798	10	1.3796895	0.19264571	0.75517124	Binding_K13	0.8306572	0.11598447	0.45465913
H93Y	H93Y	93	93	-0.10115048	-0.45806515	-0.48995435	0.002620799	-0.02436295	-0.17324267	-0.15830822	0.06764676	-0.2199432	-0.39558938	10	-0.19503488	0.19574396	0.76731634	Binding_K13	-0.117422886	0.117849804	0.46197125
H94A	H94A	94	94	3.073982	3.0801585	3.0054436	3.1289961	3.0610645	3.4657373	3.1874807	3.555164	3.2515333	3.283811	10	3.2093372	0.18201408	0.7134952	Binding_K13	1.9322166	0.10958357	0.4295676
H94C	H94C	94	94	2.3945575	2.4244032	2.2666044	2.5558617	2.325101	2.3763678	2.252102	2.2840958	2.081856	2.1454613	10	2.310641	0.13757572	0.5392968	Binding_K13	1.3911468	0.08282897	0.32468957
H94D	H94D	94	94	3.2647552	3.332455	3.055379	3.0538237	3.2445245	3.167841	3.0395405	3.3236167	3.363139	3.3901334	10	3.2235208	0.13552286	0.5312496	Binding_K13	1.9407561	0.08159302	0.31984466
H94E	H94E	94	94	4.0742583	3.768673	3.967645	3.8196254	3.6344118	3.5803938	3.8771772	3.7869017	3.8352263	4.048492	10	3.8392806	0.16125302	0.63211185	Binding_K13	2.311481	0.09708415	0.38056988
H94F	H94F	94	94	0.75155056	0.63038605	0.6510019	0.738593	0.7911028	0.6361381	0.7159504	0.71481174	0.61439383	0.66180557	10	0.6905734	0.059762765	0.23427004	Binding_K13	0.41576728	0.035980828	0.14104486
H94G	H94G	94	94	2.680296	2.590277	3.0042233	2.943279	2.8320637	2.7196772	2.734042	2.8310091	2.8129475	2.8986213	10	2.8046434	0.12605947	0.49415314	Binding_K13	1.6885663	0.07589549	0.29751033
H94I	H94I	94	94	1.9707458	2.1344545	2.2354863	2.1362238	2.315145	2.2523694	2.0658576	2.1844616	2.1720712	2.0882003	10	2.1555014	0.09994164	0.39177123	Binding_K13	1.2977432	0.060170963	0.23587018
H94K	H94K	94	94	1.1484892	0.9786518	0.9842273	0.91418564	0.8392822	0.9458357	0.7681716	0.89647585	0.82542366	1.0347782	10	0.9335521	0.110993765	0.43509558	Binding_K13	0.5620553	0.06682502	0.26195407
H94L	H94L	94	94	2.6495295	2.5767043	2.5905266	2.5000694	2.5577056	2.4664793	2.4820583	2.7757545	2.6464906	2.5426676	10	2.5787985	0.09335807	0.36596364	Binding_K13	1.552594	0.05620725	0.22033243
H94M	H94M	94	94	2.8698587	2.5958197	2.587123	2.3628802	2.5276902	2.5835636	2.4810145	3.0804248	2.8172905	2.962479	10	2.6868145	0.23164533	0.9080497	Binding_K13	1.6176262	0.13946462	0.5467013
H94N	H94N	94	94	2.2268403	2.1356823	2.156867	2.1658762	2.130823	2.137874	2.093504	2.1117177	2.0641763	2.2764208	10	2.1499782	0.0622974	0.24420582	Binding_K13	1.294418	0.037506834	0.14702679
H94P	H94P	94	94	1.8021096	2.0786994	1.9619594	2.2281623	2.5570958	1.9929487	2.082612	1.7779438	1.8307503	2.268009	10	2.058029	0.24317323	0.9532391	Binding_K13	1.2390589	0.14640512	0.5739081
H94Q	H94Q	94	94	2.880513	2.9019077	2.9489255	2.767795	2.8614495	2.734743	2.739145	3.2185023	2.7984648	2.6365447	10	2.8487992	0.15981655	0.6264809	Binding_K13	1.7151508	0.09621931	0.3771797
H94R	H94R	94	94	1.3195608	1.4426986	1.3987064	1.4256024	1.3587898	1.3803136	1.3431123	1.4764566	1.4612087	1.4049599	10	1.4011409	0.051506788	0.2019066	Binding_K13	0.84357226	0.031010227	0.1215601
H94S	H94S	94	94	3.445513	3.176056	3.510861	3.727421	3.3717294	3.354557	3.1514344	3.4722714	3.3026485	3.3714232	10	3.3883915	0.16684516	0.654033	Binding_K13	2.0400183	0.100450955	0.39376774
H94T	H94T	94	94	3.235057	3.5013514	3.4122276	3.3081133	3.0597506	3.579289	3.191262	3.4512212	3.3219335	3.2826812	10	3.3342888	0.15522693	0.6084896	Binding_K13	2.007445	0.093456075	0.36634782
H94V	H94V	94	94	2.584168	2.673722	2.989567	2.6967337	3.1164796	3.0480008	3.0854716	2.8894088	2.9364023	2.9077234	10	2.8927677	0.18391795	0.7209584	Binding_K13	1.7416226	0.11072982	0.4340609
H94W	H94W	94	94	1.4039564	1.2762753	1.3463026	1.2826866	1.1406168	1.2974578	1.2251956	1.2348295	1.2069407	1.3794879	10	1.279375	0.081506826	0.31950676	Binding_K13	0.7702617	0.04907208	0.19236256
H94Y	H94Y	94	94	0.87848955	0.7462321	0.71348494	0.78985304	0.7886897	0.6666164	0.7862584	0.73116505	0.5844348	0.88556474	10	0.7570789	0.09119762	0.35749465	Binding_K13	0.45580766	0.054906525	0.21523358
I138A	I138A	138	138	-0.8468538	-0.8544925	-0.8788105	-0.83449703	-0.85332835	-0.8633222	-0.86048216	-0.7589824	-0.8584735	-0.8112361	10	-0.8420478	0.0343595	0.13468924	Binding_K13	-0.50696415	0.020686515	0.081091136
I138C	I138C	138	138	-0.5307782	-0.27442828	-0.3122124	-0.5861987	-0.7277632	-0.78213376	-0.51478106	-0.66735196	-0.6802495	-0.4663772	10	-0.5542275	0.16945639	0.6642691	Binding_K13	-0.33367872	0.10202308	0.39993048
I138D	I138D	138	138	-0.45242646	0.05750483	-0.3556478	-0.40865624	-0.37480053	-0.15394346	0.013384248	-0.31627947	-0.28026313	-0.1400594	10	-0.24111874	0.17721589	0.6946863	Binding_K13	-0.14516819	0.10669477	0.41824353
I138E	I138E	138	138	-0.012052641	-0.34193397	-0.43886986	-0.45327786	-0.13961874	-0.30191773	-0.24697828	-0.52738065	-0.24909884	0.013286532	10	-0.26978418	0.18236093	0.7148549	Binding_K13	-0.16242653	0.109792404	0.43038625
I138F	I138F	138	138	-0.502178	-0.7062845	-0.4398447	-0.39321512	-0.7117499	-0.53755105	-0.4543442	-0.49543864	-0.60562646	-0.35866442	10	-0.52048975	0.121503316	0.476293	Binding_K13	-0.31336656	0.07315241	0.28675744
I138G	I138G	138	138	-0.45595497	-0.7551069	-0.40753695	-0.51463526	-0.45476392	-0.5634443	-0.5032334	-0.43552035	-0.4200468	-0.34425193	10	-0.4854495	0.11282015	0.442255	Binding_K13	-0.29227018	0.06792461	0.26626447
I138H	I138H	138	138	-0.79776996	-0.53545827	-0.17854135	-0.11086567	-0.669928	-0.82351965	-0.71364886	-0.6536673	-0.87341595	-0.52967703	10	-0.58864915	0.2601749	1.0198857	Binding_K13	-0.3544027	0.15664116	0.61403334
I138K	I138K	138	138	-0.41416436	-0.5106911	-0.5462717	-0.7936607	-0.47508585	-1.0726182	-0.6885677	-0.89229286	-0.39504185	-0.276604	10	-0.60649985	0.2497384	0.9789745	Binding_K13	-0.3651499	0.15035774	0.5894023
I138L	I138L	138	138	-0.74999964	-0.8580531	-0.7431298	-0.82427084	-0.9419877	-0.5579278	-0.55727667	-0.5610021	-0.90446115	-0.8567669	10	-0.75548756	0.14862654	0.58261603	Binding_K13	-0.45484957	0.08948224	0.35077038
I138M	I138M	138	138	-0.59582305	-0.38756275	-0.528954	-0.54967993	-0.34873724	-0.37943995	-0.46606562	-0.49516666	-0.48493147	-0.51151556	10	-0.47478762	0.08008586	0.31393656	Binding_K13	-0.2858511	0.04821657	0.18900897
I138N	I138N	138	138	-0.3973538	-0.20384651	-0.09862946	-0.57505363	-0.4203805	-0.49597463	-0.4207875	-0.4481569	-0.5900862	-0.4079707	10	-0.405824	0.15209134	0.5961981	Binding_K13	-0.2443308	0.09156826	0.3589476
I138P	I138P	138	138	0.48054847	0.05481081	-0.23231462	0.1346336	0.09060292	0.53380185	0.13040732	0.41328022	0.94752604	0.433747	10	0.29870436	0.3300987	1.2939869	Binding_K13	0.17983824	0.19873954	0.77905905
I138Q	I138Q	138	138	-0.70258296	-0.35423407	-0.54933053	-0.31781277	-0.28733033	-0.46445805	-0.18155672	-0.60835296	-0.30626038	-0.7590225	10	-0.4530941	0.19441578	0.7621099	Binding_K13	-0.27279028	0.117050156	0.45883662
I138R	I138R	138	138	-0.72747767	-0.8944893	-0.52435833	-0.5991736	-0.9568372	-0.76303947	-0.5299301	-0.8520768	-0.5471665	-0.4328249	10	-0.6827374	0.18053874	0.7077119	Binding_K13	-0.41104954	0.10869533	0.42608568
I138S	I138S	138	138	-0.5198703	-0.5642181	-0.43448856	-0.63424474	-0.64320725	-0.5961498	-0.59776884	-0.46585366	-0.4306415	-0.34112847	10	-0.5227571	0.10120491	0.39672324	Binding_K13	-0.31473166	0.060931526	0.23885159
I138T	I138T	138	138	-0.3192899	-0.5092775	-0.3986002	-0.35463586	-0.28832054	-0.44601148	-0.49501783	-0.3919672	-0.25862783	-0.5183479	10	-0.39800966	0.093184724	0.36528412	Binding_K13	-0.23962608	0.056102887	0.21992332
I138V	I138V	138	138	-0.5434401	-0.5528841	-0.46427834	-0.67866	-0.66746175	-0.4783342	-0.42070463	-0.5764547	-0.60845286	-0.5327754	10	-0.5523446	0.084302224	0.33046472	Binding_K13	-0.33254513	0.05075508	0.19895992
I138W	I138W	138	138	0.04863028	-0.08742914	-0.16494474	-0.39494884	-0.2861576	-0.5781984	-0.26206413	-0.23057508	-0.332873	-0.16113694	10	-0.24496977	0.17253336	0.6763308	Binding_K13	-0.14748673	0.10387561	0.40719238
I138Y	I138Y	138	138	-0.53820544	-0.38580287	-0.51731974	-0.6104219	-0.542205	-0.41216582	-0.29996786	-0.30512285	-0.78675187	-0.45118427	10	-0.48491478	0.14787894	0.57968545	Binding_K13	-0.29194826	0.08903214	0.349006
I141A	I141A	141	141	-0.97754157	-1.059961	-0.8689526	-0.88020694	-1.0706383	-1.0819312	-1.0657208	-0.834945	-1.0530041	-1.1926923	10	-1.0085595	0.114550084	0.44903633	Binding_K13	-0.6072143	0.068966135	0.27034727
I141C	I141C	141	141	-0.6528799	-0.66101235	-0.6493945	-0.57097864	-0.42199385	-0.6013959	-0.64529115	-0.7945425	-0.6236374	-0.8463324	10	-0.64674586	0.11584169	0.45409942	Binding_K13	-0.38938046	0.06974376	0.27339554
I141D	I141D	141	141	-0.47081807	-0.13088699	0.4466793	-0.37627083	-0.21343058	0.109553695	-0.44380754	-0.0995761	-0.2836326	0.15055913	10	-0.13116308	0.29352576	1.1506209	Binding_K13	-0.07896817	0.1767204	0.69274396
I141E	I141E	141	141	-0.7128652	-0.8821046	-0.67518026	-0.90453476	-0.7645186	-1.009577	-0.875852	-0.92533475	-1.1019148	-1.1812314	10	-0.9033114	0.16235848	0.6364452	Binding_K13	-0.5438485	0.0977497	0.38317883
I141F	I141F	141	141	0.052227054	0.21035339	0.27737796	0.10305752	0.11268983	0.06290159	-0.13596374	0.039515927	0.145554	0.17368318	10	0.10413967	0.11261535	0.44145218	Binding_K13	0.06269843	0.067801304	0.2657811
I141G	I141G	141	141	-0.47341034	-0.368278	-0.36962277	-0.32844314	-0.30757013	-0.48487145	-0.689182	-0.4390234	-0.61376184	-0.5446929	10	-0.4618856	0.12546177	0.49181014	Binding_K13	-0.2780833	0.07553564	0.29609972
I141H	I141H	141	141	-0.255294	-0.6554669	-0.61622775	-0.61257917	-0.8901442	-0.7951282	-0.67416793	-0.568326	-0.6126496	-0.45722207	10	-0.61372054	0.17312366	0.6786448	Binding_K13	-0.36949718	0.104231	0.40858552
I141K	I141K	141	141	-0.6153379	-0.75520384	-0.5936876	-0.87751555	-0.9684285	-0.72718817	-0.85618925	-0.7230719	-0.7162244	-0.98759294	10	-0.78204405	0.13597812	0.5330342	Binding_K13	-0.47083822	0.08186712	0.32091913
I141L	I141L	141	141	-0.490523	-0.3986977	-0.36910206	-0.4288427	-0.54959387	-0.44412938	-0.4800945	-0.42675388	-0.422999	-0.50130284	10	-0.45120388	0.053760946	0.2107429	Binding_K13	-0.27165225	0.032367367	0.12688008
I141M	I141M	141	141	-0.5261271	-0.71020883	-0.6278762	-0.6173549	-0.6471174	-0.7742109	-0.43423742	-0.6113808	-0.50093144	-0.5251506	10	-0.5974596	0.10231225	0.40106404	Binding_K13	-0.35970712	0.061598215	0.241465
I141N	I141N	141	141	-0.26709837	-0.27286467	-0.37584004	-0.4384088	-0.3824174	-0.1885324	-0.5158764	-0.479615	-0.70650184	-0.37588525	10	-0.40030402	0.14727251	0.57730824	Binding_K13	-0.24100743	0.088667035	0.34757477
I141P	I141P	141	141	0.6087115	1.287753	2.2801225	1.2263763	0.82550824	0.82636863	2.2433612	2.1651695	1.4936703	0.6481479	10	1.3605189	0.66314083	2.599512	Binding_K13	0.81911534	0.39925122	1.5650648
I141Q	I141Q	141	141	-0.48699296	-0.5571403	-0.57715684	-0.73574466	-0.73935384	-0.72524136	-0.7933344	-0.51557064	-0.7023602	-0.5073035	10	-0.63401985	0.11578914	0.45389342	Binding_K13	-0.3817186	0.06971212	0.2732715
I141R	I141R	141	141	-0.7085203	-0.57703096	-0.65767175	-0.7433037	-0.5410732	-0.5026367	-0.7157985	-0.6431972	-0.62093765	-0.6181579	10	-0.6328328	0.07773293	0.30471307	Binding_K13	-0.38100395	0.04679996	0.18345585
I141S	I141S	141	141	-0.5438958	-0.6087758	-0.6565438	-0.42024916	-0.45584384	-0.4481421	-0.6811693	-0.5862247	-0.7173651	-0.6388044	10	-0.5757014	0.104736924	0.41056874	Binding_K13	-0.34660736	0.06305801	0.2471874
I141T	I141T	141	141	-0.5790562	-0.53826994	-0.4037149	-0.36855677	-0.3388828	-0.49565503	-0.6794333	-0.549853	-0.69310015	-0.5026192	10	-0.51491416	0.12018139	0.47111106	Binding_K13	-0.31000972	0.07235652	0.28363758
I141V	I141V	141	141	-0.5966509	-0.55157435	-0.41551203	-0.67498004	-0.477549	-0.60009396	-0.56234723	-0.53637004	-0.5987012	-0.6254816	10	-0.563926	0.07461943	0.29250816	Binding_K13	-0.33951783	0.044925444	0.17610775
I141W	I141W	141	141	-0.47908825	-0.41531646	-0.4336163	-0.39906326	-0.49092266	-0.43835217	-0.043804463	-0.30867904	-0.37683877	-0.31782603	10	-0.37035072	0.12955964	0.5078738	Binding_K13	-0.22297372	0.0780028	0.305771
I141Y	I141Y	141	141	-0.09610551	-0.24487758	0.027185827	-0.29504424	-0.12061469	-0.1520937	-0.14606011	-0.39449444	-0.3441051	-0.114116795	10	-0.18803264	0.1288839	0.5052249	Binding_K13	-0.11320712	0.077595964	0.30417618
I162A	I162A	162	162	-0.07138753	-0.2658244	-0.06974509	-0.46823597	-0.33426914	-0.123625435	-0.026204022	-0.1511975	-0.004140583	0.07200229	10	-0.14426275	0.16583748	0.65008295	Binding_K13	-0.08685497	0.09984428	0.39138958
I162C	I162C	162	162	-0.48913243	-0.41534472	-0.21048413	-0.13791627	-0.1688738	-0.16413441	-0.06358637	-0.23725866	-0.29729912	-0.5889475	10	-0.27729774	0.16904475	0.6626554	Binding_K13	-0.16695015	0.101775244	0.39895895
I162D	I162D	162	162	1.5110816	1.7313546	0.9603621	1.2442708	0.68325764	0.49175397	0.4211571	0.445621	0.9519898	1.3857857	10	0.9826635	0.47216856	1.8509008	Binding_K13	0.59162337	0.28427428	1.1143552
I162E	I162E	162	162	0.9427531	1.0790461	1.3325578	0.9270731	1.2870822	0.40782353	1.9109069	0.510164	1.1009722	0.66804576	10	1.0166426	0.44043383	1.7265006	Binding_K13	0.6120808	0.265168	1.0394586
I162F	I162F	162	162	0.31331992	0.12190008	0.4083195	0.49407157	0.3552443	0.29153672	0.21663386	0.36163655	0.4665647	0.5054881	10	0.35347155	0.12317266	0.48283684	Binding_K13	0.21281143	0.074157454	0.29069722
I162G	I162G	162	162	-0.0601999	0.5946721	0.8888802	0.7944017	0.8001106	0.35180968	0.5242683	0.5110191	0.19975454	0.3634538	10	0.49681702	0.29479086	1.1555802	Binding_K13	0.29911414	0.17748207	0.69572973
I162H	I162H	162	162	0.013200403	-0.047722943	0.03915841	0.11235162	0.59783024	0.98202205	0.51480776	0.46635568	0.3071517	0.24199148	10	0.32271466	0.32186013	1.2616918	Binding_K13	0.1942939	0.19377942	0.75961536
I162K	I162K	162	162	0.8756476	0.83893174	0.19720082	1.637318	0.85773677	1.160151	0.42080754	0.32338887	0.367421	0.95360726	10	0.763221	0.44383264	1.7398239	Binding_K13	0.4595056	0.2672143	1.0474801
I162L	I162L	162	162	0.15652013	-0.010365161	-0.018054532	0.0107327225	0.0011986411	-0.017127657	-0.13244188	0.06217257	-0.06469587	-0.034542598	10	-0.004660363	0.07594572	0.29770723	Binding_K13	-0.0028058225	0.045723952	0.1792379
I162M	I162M	162	162	0.16834371	0.27827537	0.18453653	0.22317587	0.28641006	0.27390164	0.17808206	0.025849095	0.021924412	0.17084788	10	0.18113467	0.09465976	0.37106627	Binding_K13	0.10905412	0.056990948	0.22340451
I162N	I162N	162	162	1.3212348	1.5365627	0.7604318	0.94472986	0.92114794	1.1708865	0.56392765	0.6649291	0.57871395	1.1048746	10	0.9567439	0.32645574	1.2797065	Binding_K13	0.57601815	0.19654626	0.7704613
I162P	I162P	162	162	1.4432304	1.4023049	1.3312607	2.1167872	1.7828263	0.96779746	1.200824	1.9104661	2.0475392	1.5011972	10	1.5704232	0.37904727	1.4858654	Binding_K13	0.94549054	0.22820957	0.89458156
I162Q	I162Q	162	162	0.100835234	0.83300364	0.6138328	0.5518782	1.0193828	0.68837905	0.1343616	0.6112686	0.12532946	0.7254758	10	0.5403747	0.3183476	1.2479227	Binding_K13	0.3253385	0.19166467	0.7513255
I162R	I162R	162	162	0.9035102	0.9896557	0.87781304	0.5062143	0.9506103	0.76787156	0.748375	1.0663462	0.78476965	0.60666287	10	0.8201829	0.17317536	0.67884743	Binding_K13	0.49380013	0.10426213	0.40870756
I162S	I162S	162	162	0.35829738	0.31252223	0.4999299	0.18715473	0.2252749	0.3752575	0.16219223	0.25804216	0.39985767	0.51051027	10	0.32890388	0.12210749	0.4786614	Binding_K13	0.19802019	0.07351615	0.28818333
I162T	I162T	162	162	0.13891391	0.110376164	0.099323764	0.20106718	0.13453658	0.080508	0.2061192	0.1875872	0.19260426	0.11451058	10	0.14655468	0.046493996	0.18225646	Binding_K13	0.08823485	0.02799222	0.109729506
I162V	I162V	162	162	-0.3848695	-0.36757752	-0.41174054	-0.5758498	-0.37911332	-0.38525113	-0.34598118	-0.51068777	-0.44088078	-0.40395394	10	-0.42059055	0.071189806	0.27906406	Binding_K13	-0.25322115	0.042860605	0.16801357
I162W	I162W	162	162	0.9048323	0.9022461	0.8887374	0.78258514	0.52431655	0.26831695	0.88633645	0.8102259	0.46945262	0.69886994	10	0.71359193	0.22128257	0.8674277	Binding_K13	0.42962587	0.1332256	0.5222444
I162Y	I162Y	162	162	0.86629766	0.7581316	0.5952957	0.7726892	0.07454945	0.5607037	0.34806985	0.91245425	0.8794926	0.6303841	10	0.6398068	0.26409093	1.0352365	Binding_K13	0.3852027	0.15899885	0.6232755
I186A	I186A	186	186	0.37396252	0.32984567	0.5831159	0.31103614	0.006425843	-0.12337863	-0.60670125	-0.5280274	0.08273199	0.13609505	10	0.05651058	0.3860064	1.5131452	Binding_K13	0.034022816	0.2323994	0.9110057
I186C	I186C	186	186	-0.15541852	-0.3177567	-0.076214366	-0.5975967	-0.49468237	-0.24250449	-0.118875064	0.0077520786	-0.1638569	0.06691047	10	-0.20922425	0.21064539	0.82572997	Binding_K13	-0.12596576	0.12682137	0.49713978
I186D	I186D	186	186	-0.59595615	-0.29528236	-0.3087271	-0.3216473	-0.12788104	-0.035701625	-0.07382285	0.027560486	0.057046343	-0.05692832	10	-0.173134	0.20322502	0.79664207	Binding_K13	-0.10423722	0.12235385	0.4796271
I186E	I186E	186	186	-0.1852874	-0.2206234	-0.6783776	-0.30556813	-0.5612976	0.0769113	0.50116605	-0.20405146	0.26774472	-0.955621	10	-0.22650047	0.43744498	1.7147844	Binding_K13	-0.1363671	0.26336855	1.0324048
I186F	I186F	186	186	-0.12738098	-0.051936906	0.0499468	0.122047774	0.04401341	-0.0042946874	-0.21579188	-0.20258169	-0.13013418	0.032430768	10	-0.048368163	0.11569437	0.45352194	Binding_K13	-0.029120583	0.06965506	0.27304783
I186G	I186G	186	186	0.10191326	0.18412687	0.12622756	0.026675599	-0.14939518	0.22457798	-0.00031057204	-0.19247182	0.09767647	-0.16359898	10	0.025542114	0.14926301	0.585111	Binding_K13	0.01537791	0.08986543	0.3522725
I186H	I186H	186	186	0.17910834	0.2558502	-0.05301172	-0.23564112	0.43252587	0.2641154	0.4586315	-0.08670378	-0.1990128	0.18072937	10	0.119659126	0.24936768	0.97752136	Binding_K13	0.07204209	0.15013455	0.58852744
I186K	I186K	186	186	-0.52587706	0.03541833	0.0583058	-0.17838663	0.11937332	0.27729863	0.07727533	-0.37587467	-0.44249913	-0.59784853	10	-0.15528145	0.30975354	1.2142339	Binding_K13	-0.0934889	0.18649052	0.73104286
I186L	I186L	186	186	-0.18290365	-0.06297615	-0.42715997	-0.42635825	-0.26325843	-0.3983865	-0.2745722	-0.38862807	-0.2841347	-0.3129152	10	-0.30212933	0.11639609	0.4562727	Binding_K13	-0.18190028	0.070077546	0.27470398
I186M	I186M	186	186	-0.035570092	-0.07011969	0.06459241	0.30442736	0.048747264	0.030916333	0.091900885	0.2351459	0.1439613	-0.011351848	10	0.080264986	0.11857052	0.46479645	Binding_K13	0.048324414	0.07138668	0.2798358
I186N	I186N	186	186	0.52009284	0.08108536	0.23345388	0.39487565	0.49670285	0.4980577	0.25974473	0.2906281	0.5054923	0.42133704	10	0.37014705	0.14801094	0.5802029	Binding_K13	0.2228511	0.08911161	0.34931752
I186P	I186P	186	186	0.6632233	0.16854079	0.4083327	0.50778854	-0.34973404	0.40919164	-0.41750404	0.20698595	0.17413616	-0.07639672	10	0.16945644	0.35726827	1.4004917	Binding_K13	0.10202311	0.21509728	0.8431814
I186Q	I186Q	186	186	-0.3956368	0.3501044	0.09342141	0.12003439	0.42626953	0.271029	-0.06214671	0.95854586	-0.21183085	-0.61168814	10	0.0938102	0.4485908	1.7584759	Binding_K13	0.05647946	0.27007902	1.0587097
I186R	I186R	186	186	0.2553556	0.2938787	0.28084317	0.15371652	0.1841289	0.031774957	0.10368405	0.030051917	0.052891474	0.20938621	10	0.15957116	0.101461545	0.39772925	Binding_K13	0.09607156	0.061086036	0.23945726
I186S	I186S	186	186	-0.25361118	-0.15245529	0.28244066	-0.27106604	0.010271549	-0.23472007	0.059654564	0.052069575	0.0031527877	-0.25544342	10	-0.07597069	0.1855399	0.72731644	Binding_K13	-0.045738988	0.11170633	0.43788883
I186T	I186T	186	186	-0.14281048	0.19772865	-0.15106896	0.032477204	0.2355079	0.27379298	-0.051723443	0.046834048	-0.10852173	-0.2859139	10	0.004630229	0.18618172	0.72983235	Binding_K13	0.0027876801	0.11209275	0.4394036
I186V	I186V	186	186	-0.22426619	-0.18532917	-0.005639544	-0.10815283	-0.0093868915	-0.12226004	-0.07465674	-0.0801024	-0.1299091	-0.102532625	10	-0.104223564	0.06844344	0.2682983	Binding_K13	-0.06274894	0.041207124	0.16153193
I186W	I186W	186	186	-0.0034183029	-0.29062238	-0.13970637	-0.1631456	0.12589943	-0.37234902	-0.17239302	-0.01579126	-0.17398034	-0.20952664	10	-0.14150336	0.1449173	0.5680758	Binding_K13	-0.08519366	0.08724905	0.34201628
I186Y	I186Y	186	186	0.0134727135	-0.21929188	0.17683029	-0.16333999	-0.24981424	-0.4102736	-0.3743347	-0.36682236	-0.47227758	-0.19012053	10	-0.22559717	0.2005235	0.7860521	Binding_K13	-0.13582325	0.12072737	0.47325128
I20A	I20A	20	20	-1.0703849	-1.178238	-0.69906527	-0.8339873	-1.1206775	-0.97527355	-1.1417446	-1.0659671	-1.206568	-0.9924165	10	-1.0284323	0.15955018	0.6254367	Binding_K13	-0.61917895	0.096058935	0.37655103
I20C	I20C	20	20	-0.64039326	-0.547184	-0.68775403	-0.67412484	-0.6279358	-0.5225787	-0.5140882	-0.78413707	-0.67478275	-0.59389293	10	-0.62668717	0.084449776	0.33104312	Binding_K13	-0.3773039	0.050843913	0.19930814
I20D	I20D	20	20	-0.5185266	-0.85146827	-0.99556947	-0.8869593	-0.7080207	-0.9429065	-1.2166017	-1.2669277	-1.5004123	-1.4103318	10	-1.0297724	0.31327572	1.2280408	Binding_K13	-0.61998576	0.18861109	0.7393555
I20E	I20E	20	20	-1.4477193	-0.84884226	-0.76387566	-1.0024236	-0.47837925	-0.6854987	-0.38967294	-1.043208	-1.2538414	-1.2169079	10	-0.91303694	0.34323394	1.3454771	Binding_K13	-0.5497039	0.20664777	0.81005925
I20F	I20F	20	20	-0.28802362	-0.38321754	-0.4192221	-0.47110236	-0.28634015	-0.4196501	-0.41938412	-0.30651686	-0.36831936	-0.35953856	10	-0.37213147	0.06283945	0.24633065	Binding_K13	-0.22404583	0.03783318	0.14830607
I20G	I20G	20	20	-0.98759776	-1.1512957	-1.0964298	-0.6680142	-1.1705786	-1.0034031	-0.9089145	-0.9297782	-0.8312858	-0.8202105	10	-0.95675075	0.15880722	0.6225243	Binding_K13	-0.57602227	0.09561163	0.3747976
I20H	I20H	20	20	-0.61330473	-0.79694027	-1.0219129	-0.84374905	-0.82330036	-1.01488	-0.93644726	-0.9377004	-0.67085814	-0.89442253	10	-0.85535157	0.13551328	0.53121203	Binding_K13	-0.5149738	0.081587255	0.31982204
I20K	I20K	20	20	-0.9467167	-0.8100531	-0.9555865	-0.7294085	-0.8098096	-0.63340825	-0.75828576	-1.3909601	-0.95847666	-1.3982152	10	-0.939092	0.26228702	1.0281651	Binding_K13	-0.56539065	0.15791278	0.6190181
I20L	I20L	20	20	-0.42376867	-0.31560156	-0.31104302	-0.51512766	-0.46443766	-0.39784423	-0.5145489	-0.39502802	-0.436218	-0.42538604	10	-0.41990036	0.07004343	0.27457026	Binding_K13	-0.25280562	0.042170417	0.16530804
I20M	I20M	20	20	-0.47454706	-0.5340417	-0.46665505	-0.49464056	-0.39371133	-0.5009305	-0.42458007	-0.48625603	-0.39294663	-0.3714963	10	-0.4539805	0.054689236	0.21438181	Binding_K13	-0.27332395	0.032926254	0.12907092
I20N	I20N	20	20	-1.0701722	-1.4855617	-1.2870086	-1.2875907	-1.077577	-0.76775247	-0.83817947	-0.89159477	-0.8080859	-0.9008912	10	-1.0414414	0.24339065	0.95409137	Binding_K13	-0.62701124	0.14653601	0.57442117
I20P	I20P	20	20	-0.87811697	-0.8150064	-0.73715174	-1.0174441	-0.925007	-0.85963356	-0.9975048	-0.85718125	-1.0050635	-0.8111261	10	-0.8903235	0.094051674	0.36868256	Binding_K13	-0.53602904	0.05662484	0.22196938
I20Q	I20Q	20	20	-1.0281487	-0.7505598	-1.15363	-0.96625984	-1.0613205	-1.1040971	-1.3110745	-1.2909337	-1.0574628	-1.2945309	10	-1.1018018	0.17326085	0.6791825	Binding_K13	-0.66335183	0.1043136	0.40890932
I20R	I20R	20	20	-1.1622496	-1.1123192	-1.1449556	-0.8460339	-0.7341755	-1.0792997	-1.0174023	-1.058153	-0.8739834	-1.187122	10	-1.0215695	0.15294747	0.5995541	Binding_K13	-0.6150471	0.0920837	0.3609681
I20S	I20S	20	20	-1.0477654	-0.93882984	-0.97589254	-0.82467633	-1.1666974	-0.98206073	-1.1240745	-0.91591996	-0.7811836	-0.9295429	10	-0.9686643	0.12061979	0.47282958	Binding_K13	-0.583195	0.07262047	0.28467223
I20T	I20T	20	20	-0.89587665	-1.1523544	-1.0985202	-1.0659127	-0.95532954	-0.9841275	-1.1517047	-1.0595595	-0.9405211	-0.8416087	10	-1.0145515	0.10719729	0.4202134	Binding_K13	-0.6108219	0.064539306	0.2529941
I20V	I20V	20	20	-0.26854512	-0.29364085	-0.19502786	-0.26205608	-0.27579492	-0.29645354	-0.3893728	-0.33558795	-0.24806887	-0.28874743	10	-0.28532952	0.05165316	0.20248039	Binding_K13	-0.17178577	0.031098353	0.12190554
I20W	I20W	20	20	-0.26052412	-0.29392064	-0.2689599	-0.31873092	-0.22053	-0.30698392	-0.4081906	-0.18112795	-0.23922384	-0.25434762	10	-0.27525395	0.062150247	0.24362898	Binding_K13	-0.16571966	0.03741824	0.1466795
I20Y	I20Y	20	20	-0.44311684	-0.34339026	-0.40993124	-0.3223842	-0.30946144	-0.27709296	-0.2501809	-0.557104	-0.39148712	-0.2840787	10	-0.35882276	0.09319748	0.36533412	Binding_K13	-0.21603318	0.056110565	0.21995342
I23C	I23C	23	23	-0.32878628	-0.4261781	-0.5420509	-0.40481055	-0.49391243	-0.4928147	-0.34890854	-0.46575922	-0.32276592	-0.34258553	10	-0.41685718	0.079405345	0.31126896	Binding_K13	-0.25097343	0.04780686	0.18740289
I23D	I23D	23	23	-0.44094476	-0.5664959	-0.29378808	-0.41535982	-0.5984208	-0.7226292	-0.37817386	-0.63559216	-0.9059445	-0.8242651	10	-0.57816136	0.19969992	0.78282374	Binding_K13	-0.34808838	0.12023153	0.4713076
I23E	I23E	23	23	-0.32307735	-0.6483886	-0.470668	-0.523306	-0.22863299	-0.78469604	-0.7334573	-0.7514103	-0.25909156	-0.4691266	10	-0.5191854	0.20613775	0.80806	Binding_K13	-0.31258127	0.124107495	0.4865014
I23F	I23F	23	23	-0.22753444	-0.27219644	-0.17235579	-0.1454861	-0.24392411	-0.29825446	-0.15687256	-0.335571	-0.26056802	-0.30121154	10	-0.24139746	0.065237984	0.2557329	Binding_K13	-0.14533599	0.039277244	0.1539668
I23G	I23G	23	23	-0.8854441	-0.48044622	-0.59656477	-0.82193035	-0.6817958	-0.7980976	-0.73351175	-0.6670392	-0.8505916	-0.8305065	10	-0.7345928	0.12826465	0.5027974	Binding_K13	-0.44226965	0.07722314	0.3027147
I23H	I23H	23	23	-0.6623452	-0.7198883	-0.4994046	-0.45908374	-0.8209749	-0.6984516	-0.5361746	-0.5427974	-0.988225	-0.8042996	10	-0.6731645	0.16767427	0.6572832	Binding_K13	-0.40528607	0.10095014	0.39572453
I23K	I23K	23	23	-0.46864685	-0.52795815	-0.5804968	-0.6707642	-0.49350277	-1.1376264	-0.73095506	-0.64671487	-0.24415903	-0.929012	10	-0.6429836	0.2503204	0.981256	Binding_K13	-0.38711533	0.15070815	0.59077597
I23L	I23L	23	23	-0.22859591	-0.31523398	-0.22270048	-0.21345586	-0.23239909	-0.29624373	-0.14562169	-0.19544992	-0.21204785	-0.39131746	10	-0.24530658	0.07016162	0.27503356	Binding_K13	-0.14768952	0.042241573	0.16558696
I23M	I23M	23	23	-0.39185506	-0.24030416	-0.331697	-0.22592898	-0.641622	-0.29656994	-0.39758137	-0.20108631	-0.5913631	-0.425497	10	-0.3743505	0.14902556	0.5841802	Binding_K13	-0.22538182	0.08972248	0.3517121
I23N	I23N	23	23	-0.44668522	-0.44293457	-0.50847286	-0.6964533	-0.43507174	-0.49252206	-0.6314046	-0.48170125	-0.45875394	-0.27388743	10	-0.4867887	0.1143683	0.44832373	Binding_K13	-0.2930765	0.06885669	0.2699182
I23P	I23P	23	23	-0.76476073	-0.64160436	-0.8364303	-0.016652878	-0.17804727	-0.6027892	-0.64692855	-0.9811154	-0.51039714	-0.48089665	10	-0.5659622	0.29082295	1.140026	Binding_K13	-0.34074375	0.17509314	0.6863651
I23Q	I23Q	23	23	-0.38106567	-0.51775736	-0.3965361	-0.4929856	-0.5621441	-0.5531669	-0.08380413	-0.37163585	-0.15503824	-0.21712418	10	-0.37312582	0.1698517	0.6658187	Binding_K13	-0.2246445	0.10226108	0.40086344
I23R	I23R	23	23	-0.42985705	-0.4042806	-0.4129071	-0.4244023	-0.62931174	-0.35075742	-0.4367119	-0.5007969	-0.53581905	-0.41513065	10	-0.45399746	0.08007413	0.3138906	Binding_K13	-0.27333415	0.04820951	0.18898128
I23S	I23S	23	23	-0.52917105	-0.6229186	-0.49508914	-0.6284784	-0.66517943	-0.69105536	-0.57535505	-0.48254752	-0.4838281	-0.53583	10	-0.57094526	0.07708085	0.30215696	Binding_K13	-0.34374386	0.04640737	0.1819169
I23T	I23T	23	23	-0.5373481	-0.30695915	-0.49038064	-0.5412882	-0.43802807	-0.30713296	-0.4975312	-0.10213112	-0.43711463	-0.34018466	10	-0.3998099	0.13699788	0.5370317	Binding_K13	-0.24070993	0.08248108	0.32332584
I23V	I23V	23	23	-0.21540661	-0.2918973	-0.34635848	-0.29585502	-0.42024547	-0.27612397	-0.2558478	-0.21220005	-0.2336848	-0.2761756	10	-0.28237948	0.063189104	0.24770129	Binding_K13	-0.17000966	0.038043693	0.14913128
I23W	I23W	23	23	-0.09023881	-0.13362236	-0.34061325	-0.11672659	-0.23608036	-0.18060479	-0.059342198	-0.0929586	-0.28595197	-0.2743513	10	-0.18104902	0.097413756	0.38186193	Binding_K13	-0.109002545	0.058649022	0.22990417
I23Y	I23Y	23	23	-0.31072775	-0.4010649	-0.5156604	-0.15528925	-0.13285215	-0.499354	-0.40580317	-0.28147167	-0.5382425	-0.08546187	10	-0.3325928	0.16638678	0.6522362	Binding_K13	-0.20024113	0.100174986	0.39268595
I35A	I35A	35	35	-0.64514166	-0.25776193	-0.5505976	-0.48736638	-0.4120278	-0.5092622	-0.41563886	-0.48233247	-0.35977265	-0.7880242	10	-0.49079257	0.14888206	0.5836177	Binding_K13	-0.29548705	0.08963608	0.35137343
I35C	I35C	35	35	-0.25469318	-0.32945284	-0.6528211	-0.046502307	-0.142324	-0.12880264	-0.083400585	-0.24551731	-0.11148028	-0.34925193	10	-0.23442462	0.17971645	0.7044885	Binding_K13	-0.14113791	0.10820026	0.424145
I35D	I35D	35	35	-0.38899505	-0.3956948	-0.47535342	-0.36525878	-0.4415901	-0.63707197	-0.37527198	-0.28429863	-0.6224222	-0.59002703	10	-0.4575984	0.120813005	0.47358698	Binding_K13	-0.27550215	0.07273679	0.28512824
I35E	I35E	35	35	-0.24462329	-0.4569415	-0.6874862	-0.12464093	-0.05419361	0.003495309	-0.5787451	-0.50903827	-0.1645502	-0.17552522	10	-0.2992249	0.23952597	0.93894184	Binding_K13	-0.18015164	0.14420924	0.5653002
I35F	I35F	35	35	-0.3454382	-0.21042795	-0.42816907	-0.43828806	-0.24685977	-0.3204625	-0.3693825	-0.7123818	-0.46381685	-0.41107553	10	-0.39463022	0.13879597	0.5440802	Binding_K13	-0.23759146	0.08356364	0.32756948
I35G	I35G	35	35	-0.5328997	-0.54052013	-0.45392072	-0.33957765	-0.71403486	-0.53385055	-0.45877606	-0.4700951	-0.48667443	-0.6154619	10	-0.5145811	0.100838885	0.39528844	Binding_K13	-0.30980918	0.060711157	0.23798774
I35H	I35H	35	35	-0.14951146	-0.34476617	-0.274608	-0.20952131	-0.283378	-0.20672958	-0.3792827	-0.50818574	-0.2395385	-0.49984673	10	-0.3095368	0.12236987	0.4796899	Binding_K13	-0.18636003	0.07367412	0.28880256
I35K	I35K	35	35	-0.44270703	-0.27517718	-0.14552578	-0.6798154	-0.05877773	-0.08439675	-0.21951975	-0.2886269	-0.15218958	-0.84919393	10	-0.319593	0.2624682	1.0288754	Binding_K13	-0.19241448	0.15802185	0.6194457
I35L	I35L	35	35	-0.28767738	0.0024028867	-0.29547143	-0.24901466	-0.10312519	-0.31490806	-0.19989613	-0.26580322	-0.12043584	-0.14693297	10	-0.19808619	0.103387125	0.40527755	Binding_K13	-0.11925996	0.062245354	0.24400179
I35M	I35M	35	35	-0.36037642	-0.19959588	-0.20352717	-0.11370449	-0.3229485	-0.5120345	-0.23550762	-0.14386517	-0.24538603	-0.3467953	10	-0.26837412	0.1187586	0.4655337	Binding_K13	-0.16157758	0.071499914	0.28027967
I35N	I35N	35	35	-0.20309176	-0.11279895	-0.24108723	-0.33846954	-0.34186044	0.06086057	-0.24886768	-0.27651408	-0.2047648	-0.31042525	10	-0.2217019	0.12128815	0.47544956	Binding_K13	-0.13347806	0.073022865	0.28624964
I35P	I35P	35	35	-0.43133122	-1.4961737	-0.56300235	-0.47724253	-0.74404913	-0.35176766	-0.69563276	-0.3201273	-1.6562771	-0.4987392	10	-0.7234343	0.47039858	1.8439624	Binding_K13	-0.43555158	0.28320864	1.1101779
I35Q	I35Q	35	35	-0.37335372	-0.7269298	-0.34293365	-0.3653884	-0.4902479	-0.36372635	-0.7155519	-0.27519467	-0.44855392	-0.81225014	10	-0.49141306	0.19014663	0.7453748	Binding_K13	-0.29586062	0.11447986	0.44876108
I35R	I35R	35	35	-0.28472286	-0.31072506	-0.45732644	-0.35020825	-0.37306777	-0.5600835	-0.33979368	-0.4657019	-0.34854177	-0.45555347	10	-0.39457247	0.08612494	0.33760977	Binding_K13	-0.23755668	0.051852465	0.20326166
I35S	I35S	35	35	-0.42765683	-0.538952	-0.19807908	-0.4952277	-0.3274987	-0.37035036	-0.41980648	-0.23847713	-0.36327928	-0.5689098	10	-0.39482376	0.12117086	0.4749898	Binding_K13	-0.23770797	0.07295225	0.2859728
I35T	I35T	35	35	-0.22188488	-0.2785483	-0.1384968	-0.2970356	-0.11377278	-0.53117144	-0.24151959	-0.86677575	-0.39893377	-0.1760132	10	-0.32641524	0.22696371	0.8896978	Binding_K13	-0.19652188	0.13664599	0.5356523
I35V	I35V	35	35	-0.50014645	-0.27998453	-0.25530347	-0.2677002	-0.34681344	-0.31182137	-0.3196602	-0.2666769	-0.20833907	-0.3596504	10	-0.3116096	0.08023614	0.31452566	Binding_K13	-0.18760797	0.048307046	0.18936363
I35W	I35W	35	35	-0.2110571	-0.32682222	-0.5167774	-0.3618882	-0.4344397	-0.26531446	-0.51793224	-0.15081199	-0.19846976	-0.09341727	10	-0.307693	0.14939675	0.58563524	Binding_K13	-0.18524995	0.08994595	0.35258812
I35Y	I35Y	35	35	-0.41021448	-0.4698293	-0.7437299	-0.25784642	-0.36951104	-0.5411096	-0.6559309	-0.330045	-0.54360956	-0.43682417	10	-0.47586504	0.14869763	0.58289474	Binding_K13	-0.28649977	0.08952504	0.35093814
I45A	I45A	45	45	-0.1078902	-0.18637113	-0.16308673	-0.040322542	-0.07064997	-0.17019048	-0.45008203	-0.14045359	-0.23514368	-0.22480303	10	-0.17889933	0.11383915	0.44624949	Binding_K13	-0.107708305	0.06853811	0.2686694
I45C	I45C	45	45	-0.0076891505	0.21317545	0.106496885	-0.09199822	0.086052254	-0.099481694	0.046441607	-0.085440174	0.21983077	-0.2444296	10	0.014295812	0.14835928	0.5815684	Binding_K13	0.008606951	0.08932134	0.35013965
I45D	I45D	45	45	-0.08248812	-0.028545666	-0.14161378	-0.26321346	-0.19327252	0.25824744	-0.067796506	0.0151604405	-0.35883093	0.06589431	10	-0.07964588	0.17495847	0.6858372	Binding_K13	-0.047951676	0.10533567	0.41291583
I45E	I45E	45	45	-0.030324532	0.01639163	-0.18399249	-0.32376143	-0.32270497	-0.16789405	0.049800374	-0.15468344	-0.17330065	-0.35483512	10	-0.16453047	0.14292005	0.5602466	Binding_K13	-0.09905738	0.086046584	0.33730263
I45F	I45F	45	45	-0.012472502	-0.34159884	-0.18512222	-0.021189101	-0.22140604	-0.13360254	0.065045655	-0.075762376	-0.21543963	-0.1690365	10	-0.13105842	0.12093625	0.47407013	Binding_K13	-0.078905165	0.072811	0.28541914
I45G	I45G	45	45	-0.18702745	-0.18737961	-0.15204062	-0.13875279	-0.2767514	-0.28212395	-0.27192357	-0.25986633	-0.18436661	-0.09448462	10	-0.20347169	0.06585199	0.2581398	Binding_K13	-0.122502364	0.039646912	0.1554159
I45H	I45H	45	45	-0.13517238	-0.25813535	-0.19884774	-0.20141879	-0.3350988	-0.37376413	-0.10528465	-0.086766034	-0.46541247	-0.047755424	10	-0.22076556	0.13627356	0.5341924	Binding_K13	-0.13291433	0.082045	0.32161638
I45K	I45K	45	45	-0.19313645	0.06593265	-0.4353652	-0.25460488	-0.21420334	-0.62463635	-0.44011667	-0.2715842	-0.19851305	-0.27039883	10	-0.28366265	0.18481453	0.72447294	Binding_K13	-0.17078221	0.111269616	0.4361769
I45L	I45L	45	45	-0.025744302	-0.09173826	0.012214627	-0.09697245	-0.013659633	-0.040655825	-0.06486661	0.09507369	-0.03631055	-0.03957478	10	-0.030223409	0.05524468	0.21655916	Binding_K13	-0.018196335	0.033260666	0.13038181
I45M	I45M	45	45	-0.24706578	-0.26522812	-0.080833964	-0.105372034	-0.19546492	-0.19813068	-0.26280332	-0.17803092	-0.108412474	-0.3397546	10	-0.19810969	0.082972385	0.32525176	Binding_K13	-0.11927411	0.049954437	0.19582139
I45N	I45N	45	45	-0.06749613	-0.16052344	-0.085381754	-0.09215572	-0.13628522	0.07065529	-0.25062457	-0.2208955	-0.1554158	-0.12789321	10	-0.122601606	0.08911837	0.34934402	Binding_K13	-0.07381364	0.053654693	0.2103264
I45P	I45P	45	45	0.060342554	0.15642473	0.13165689	0.036248434	0.03847685	-0.010295819	0.20046812	-0.07607847	0.09449239	-0.009325989	10	0.062240966	0.084718935	0.33209825	Binding_K13	0.037472855	0.051005963	0.19994338
I45Q	I45Q	45	45	-0.31357655	-0.20820358	-0.06638181	-0.14873596	-0.28808072	-0.41432205	-0.2405173	-0.611161	-0.35414913	-0.4414261	10	-0.3086554	0.15699413	0.615417	Binding_K13	-0.18582937	0.09452004	0.37051857
I45R	I45R	45	45	-0.09269221	-0.49736944	-0.289702	-0.293738	-0.29633015	-0.27474436	-0.27572176	-0.3371106	-0.4005276	-0.3338973	10	-0.30918333	0.102797486	0.40296614	Binding_K13	-0.18614721	0.061890356	0.2426102
I45S	I45S	45	45	-0.29836908	-0.37341654	-0.2930784	-0.4191059	-0.4161719	-0.33118963	-0.29881066	-0.25785327	-0.31503263	-0.28118834	10	-0.32842165	0.056149803	0.22010723	Binding_K13	-0.19772986	0.033805605	0.13251798
I45T	I45T	45	45	-0.29169497	-0.4039009	-0.5114489	-0.38058162	-0.28293222	-0.5316703	-0.27335396	-0.17712608	-0.3324512	-0.30743444	10	-0.34925947	0.10988997	0.4307687	Binding_K13	-0.2102755	0.06616046	0.25934902
I45V	I45V	45	45	-0.23787588	-0.20031707	-0.14134668	-0.19182304	-0.23401427	-0.2975083	-0.26775882	-0.07375674	-0.2093144	-0.24987057	10	-0.21035857	0.0646667	0.2534935	Binding_K13	-0.1266487	0.0389333	0.15261854
I45W	I45W	45	45	-0.5643675	-0.36472645	-0.01379683	-0.20956422	-0.3572826	-0.21890663	-0.5515963	-0.08820207	-0.28555083	-0.3627637	10	-0.3016757	0.17835888	0.69916683	Binding_K13	-0.18162717	0.10738292	0.42094105
I45Y	I45Y	45	45	-0.26339453	-0.36050493	-0.17290087	-0.35006982	-0.35974017	-0.23176953	-0.23233043	-0.23179097	-0.39396018	-0.31692022	10	-0.29133818	0.074148834	0.29066342	Binding_K13	-0.17540334	0.04464212	0.17499712
I54A	I54A	54	54	-0.54754853	-0.6288344	-0.44972277	-0.33535385	-0.35275313	-0.47155145	-0.45181835	-0.24932662	-0.4126964	-0.46624744	10	-0.43658528	0.10785372	0.4227866	Binding_K13	-0.26285097	0.064934514	0.2545433
I54C	I54C	54	54	-0.25899732	-0.15113638	-0.20878215	-0.11324309	-0.28060254	-0.40199846	-0.25965965	-0.20818013	-0.22734182	-0.27053228	10	-0.23804739	0.078630574	0.30823186	Binding_K13	-0.14331904	0.0473404	0.18557437
I54D	I54D	54	54	-0.6806344	-0.6265054	-1.0002743	-0.5830722	-0.56063455	-0.48510194	-0.8763894	-0.42395547	-0.89145863	-0.7829416	10	-0.6910968	0.19010933	0.7452286	Binding_K13	-0.4160824	0.114457406	0.44867304
I54E	I54E	54	54	-1.0040495	-0.80123556	-0.7032534	-0.6694493	-0.82048357	-0.75321096	-0.5837954	-0.8397372	-0.63062346	-0.618154	10	-0.7423992	0.12804136	0.50192213	Binding_K13	-0.4469696	0.077088706	0.30218774
I54F	I54F	54	54	-0.1904898	-0.018172497	-0.27386516	-0.012679425	-0.15993999	-0.20057525	-0.37985945	-0.31887984	-0.28248277	-0.22117129	10	-0.20581155	0.1195815	0.46875948	Binding_K13	-0.1239111	0.071995355	0.2822218
I54G	I54G	54	54	-0.72053725	-0.77220166	-1.0164962	-0.558066	-0.79867315	-0.7132158	-0.7103473	-0.610987	-0.7138916	-0.65695465	10	-0.7271371	0.124084674	0.48641193	Binding_K13	-0.43778086	0.07470654	0.29284963
I54H	I54H	54	54	-0.6501951	-0.78120714	-0.7538281	-0.81034315	-0.931931	-0.7884415	-0.7398428	-0.7840752	-0.70666087	-0.7162221	10	-0.7662747	0.07513125	0.2945145	Binding_K13	-0.4613441	0.045233596	0.1773157
I54K	I54K	54	54	-0.8996734	-0.97223175	-1.3196474	-0.81780916	-1.1443639	-0.9248955	-1.2697611	-0.85756063	-1.177268	-1.3847071	10	-1.0767918	0.20714992	0.8120277	Binding_K13	-0.64829427	0.124716885	0.4888902
I54L	I54L	54	54	-0.23815039	-0.22298792	-0.22797598	-0.08914674	-0.111932576	-0.14042915	-0.12299725	-0.050646745	-0.1088732	-0.023038441	10	-0.13361785	0.07464653	0.2926144	Binding_K13	-0.080446094	0.044941764	0.17617172
I54M	I54M	54	54	0.04670349	-0.03130368	-0.102727704	-0.13866305	0.012947891	-0.012743194	-0.11822903	-0.13133894	0.023740679	-0.08994331	10	-0.054155685	0.06978113	0.27354205	Binding_K13	-0.032605026	0.042012498	0.16468899
I54N	I54N	54	54	-0.6131161	-0.6097038	-0.6411442	-0.6471864	-0.41027004	-0.51708424	-0.76726794	-0.63536453	-0.5647213	-0.7488749	10	-0.6154733	0.103977226	0.40759075	Binding_K13	-0.37055245	0.06260063	0.24539447
I54P	I54P	54	54	-0.7123578	-0.4340042	-0.5523005	-0.9369876	-0.64977956	-0.8440689	-0.744439	-0.7464317	-0.6681016	-0.8560394	10	-0.7144511	0.1489112	0.5837319	Binding_K13	-0.43014312	0.08965362	0.3514422
I54Q	I54Q	54	54	-0.76614857	-0.9717687	-0.99929225	-1.0019511	-1.1224753	-0.91223234	-0.86074454	-0.90262556	-1.0507383	-1.0916873	10	-0.9679664	0.10943514	0.42898577	Binding_K13	-0.58277476	0.065886624	0.25827557
I54R	I54R	54	54	-0.86268944	-0.75803566	-0.939428	-0.964613	-0.93866086	-0.91703695	-1.173772	-1.0998838	-0.9672563	-0.94849664	10	-0.95698726	0.1146806	0.44954798	Binding_K13	-0.57616466	0.06904472	0.2706553
I54S	I54S	54	54	-0.7243275	-0.6280424	-0.49428996	-0.52978444	-0.68127555	-0.6262525	-0.6142782	-0.5525771	-0.6941224	-0.5478609	10	-0.6092811	0.07660314	0.3002843	Binding_K13	-0.3668244	0.04611976	0.18078947
I54T	I54T	54	54	-0.3320291	-0.40975377	-0.41871485	-0.4085886	-0.37140736	-0.21255155	-0.35737693	-0.35731038	-0.31133828	-0.4103892	10	-0.358946	0.06311128	0.24739623	Binding_K13	-0.21610737	0.03799684	0.14894761
I54V	I54V	54	54	-0.24825934	-0.22473495	-0.24937975	-0.28119904	-0.23005606	-0.2572678	-0.25102288	-0.30030924	-0.41978213	-0.2376101	10	-0.26996213	0.057341453	0.2247785	Binding_K13	-0.16253367	0.03452305	0.13533036
I54W	I54W	54	54	-0.22271968	-0.07626489	-0.4561463	-0.075210094	-0.12601316	-0.19901398	-0.21460411	-0.17849758	-0.15737374	-0.17592755	10	-0.18817711	0.10757908	0.42171	Binding_K13	-0.113294095	0.064769164	0.25389513
I54Y	I54Y	54	54	-0.20555274	-0.5945904	-0.5874565	-0.49827608	-0.54583246	-0.5230924	-0.508831	-0.58012295	-0.51879674	-0.4836718	10	-0.50462234	0.111970216	0.43892327	Binding_K13	-0.30381343	0.0674129	0.26425856
I83A	I83A	83	83	0.20398183	-0.0055672387	0.03883331	0.0073783514	0.09982101	-0.100748844	0.12263006	0.025043268	0.0030090492	0.06236072	10	0.045674153	0.08301174	0.32540601	Binding_K13	0.027498625	0.04997813	0.19591427
I83C	I83C	83	83	0.008412802	-0.06045808	-0.1268566	-0.27625996	-0.06144865	-0.06809111	-0.27337334	-0.21708232	-0.19797944	0.00465893	10	-0.12684777	0.10786934	0.42284784	Binding_K13	-0.0763701	0.064943925	0.2545802
I83D	I83D	83	83	-0.077701144	0.24121165	-0.19073144	-0.19226691	0.1968545	-0.15937212	-0.018595388	0.060787324	-0.22957493	0.07841193	10	-0.029097652	0.16870223	0.66131276	Binding_K13	-0.017518561	0.10156903	0.3981506
I83E	I83E	83	83	-0.06309432	-0.1239075	-0.050746	-0.10601051	0.041722022	-0.22441247	0.3189076	0.16263723	-0.008635042	0.13661271	10	0.00830737	0.16036397	0.62862676	Binding_K13	0.0050015436	0.09654889	0.37847167
I83F	I83F	83	83	-0.22612841	-0.3654663	-0.3447213	-0.32967144	-0.19112901	-0.2576049	-0.1588925	-0.13027598	-0.15151313	-0.28533003	10	-0.2440733	0.08561973	0.33562934	Binding_K13	-0.14694701	0.0515483	0.20206933
I83G	I83G	83	83	-0.09146731	-0.121175386	-0.020848218	-0.00992673	0.045982964	-0.15313263	-0.009390462	-0.10696698	-0.09307902	-0.0076201386	10	-0.05676239	0.064273	0.25195017	Binding_K13	-0.03417442	0.038696263	0.15168935
I83H	I83H	83	83	0.056489214	0.09796083	0.19195038	-0.04944122	0.027991628	-0.09757078	-0.23692387	-0.094966896	0.0539665	0.07614972	10	0.0025605522	0.12300748	0.48218933	Binding_K13	0.0015416086	0.074058	0.29030737
I83K	I83K	83	83	-0.15128142	-0.18710127	-0.3041589	-0.10302878	-0.30633125	-0.25437197	-0.4252995	-0.37845838	-0.24772388	-0.1330606	10	-0.24908161	0.106630564	0.41799182	Binding_K13	-0.14996232	0.0641981	0.25165656
I83L	I83L	83	83	-0.05035807	-0.09873032	0.027728172	-0.13012089	-0.0724416	0.021385012	-0.085290186	0.048757978	0.04751908	0.0024265763	10	-0.028912425	0.06603487	0.25885668	Binding_K13	-0.017407043	0.039757017	0.1558475
I83M	I83M	83	83	-0.3627495	0.030952232	0.10382279	0.20449369	0.13011074	0.290921	-0.09124554	-0.05361725	-0.0106475875	0.16224541	10	0.040428597	0.1849921	0.72516906	Binding_K13	0.02434048	0.111376524	0.43659598
I83N	I83N	83	83	0.08437729	-0.23156787	0.038018726	-0.024831628	-0.09232429	0.102351926	-0.18383546	-0.0019227188	0.1231348	-0.011959323	10	-0.019855855	0.11877465	0.46559665	Binding_K13	-0.011954435	0.071509585	0.28031757
I83P	I83P	83	83	-0.11698524	-0.4170059	-0.11281913	-0.30016893	-0.24083291	-0.32423297	-0.14542952	-0.6195834	-0.2174319	-0.3613326	10	-0.28558227	0.15664381	0.6140437	Binding_K13	-0.17193794	0.09430912	0.36969176
I83Q	I83Q	83	83	0.07951059	0.0603954	-0.115311265	-0.04649189	-0.20026173	0.13749841	-0.13125762	-0.04212075	-0.07474024	-0.093825206	10	-0.042660434	0.105214685	0.41244158	Binding_K13	-0.025684182	0.063345656	0.24831498
I83R	I83R	83	83	0.054989308	-0.1139251	-0.10587	-0.104325965	-0.05771603	-0.009347338	0.18536659	0.12804802	0.05468653	-0.12045502	10	-0.0088549	0.11004375	0.4313715	Binding_K13	-0.0053311894	0.06625304	0.25971195
I83S	I83S	83	83	-0.12972248	-0.26077116	-0.14567907	0.023046935	-0.12054916	-0.12949477	-0.13125804	-0.09067703	-0.23001586	-0.16892998	10	-0.13840505	0.07689826	0.3014412	Binding_K13	-0.083328284	0.046297442	0.18148598
I83T	I83T	83	83	-0.14386071	-0.16265616	0.0042860494	-0.11754739	-0.26846355	-0.25295746	-0.18402977	-0.25205228	-0.31697536	-0.03280028	10	-0.1727057	0.10420217	0.40847254	Binding_K13	-0.10397936	0.062736064	0.24592538
I83V	I83V	83	83	-0.24097441	-0.17716269	-0.09179595	-0.20480606	-0.054952312	-0.1934477	-0.088780925	-0.10251015	-0.21601574	-0.12550779	10	-0.14959536	0.064365886	0.25231427	Binding_K13	-0.09006553	0.038752187	0.15190858
I83W	I83W	83	83	-0.17839178	-0.18126832	-0.28627408	-0.29664204	-0.28719035	-0.29507715	-0.30992115	-0.20135257	-0.27519938	-0.2589759	10	-0.2570293	0.050482918	0.19789304	Binding_K13	-0.1547473	0.030393794	0.11914367
I83Y	I83Y	83	83	-0.4391714	-0.40524498	-0.13686135	-0.168178	-0.10848847	-0.25702992	-0.15579754	-0.19107364	-0.52759993	-0.3899609	10	-0.27794063	0.14931226	0.5853041	Binding_K13	-0.16733721	0.089895085	0.35238874
I92A	I92A	92	92	-0.1361637	-0.025089685	-0.0958125	-0.10554312	-0.14748365	-0.19599666	-0.19213082	-0.36614197	-0.17465995	-0.031895045	10	-0.14709172	0.097635046	0.38272938	Binding_K13	-0.08855818	0.05878225	0.23042643
I92C	I92C	92	92	-0.20666167	-0.39988533	-0.21799466	-0.05139357	-0.1527183	-0.043761626	-0.001733252	-0.08131888	-0.078390926	-0.14779654	10	-0.13816547	0.116297506	0.45588624	Binding_K13	-0.08318404	0.07001819	0.2744713
I92D	I92D	92	92	1.3821641	1.5298245	1.0081111	0.8867675	0.58676237	1.2306794	0.9581293	0.45601082	0.7855496	1.1141357	10	0.9938134	0.3366402	1.3196297	Binding_K13	0.5983363	0.20267794	0.79449755
I92E	I92E	92	92	0.97715557	1.0969343	1.5916189	1.4774126	0.92568696	0.24950473	0.111228965	0.016921617	0.56896675	0.80960655	10	0.7825037	0.54385144	2.1318977	Binding_K13	0.47111496	0.32743174	1.2835324
I92F	I92F	92	92	-0.00029149532	0.093335986	-0.14255232	0.095052764	0.096373804	0.105103604	0.112011045	0.04264664	-0.055860303	-0.024373582	10	0.032144614	0.08573178	0.3360686	Binding_K13	0.019353017	0.05161576	0.20233378
I92G	I92G	92	92	0.42162696	0.19979711	0.5657727	0.43495423	0.36926833	0.53215224	0.43913645	0.1629701	-0.020600641	0.28249526	10	0.33875728	0.18214169	0.71399546	Binding_K13	0.20395254	0.1096604	0.4298688
I92H	I92H	92	92	0.52239907	1.145288	0.539944	0.9043976	0.104833	0.8174637	0.4208752	0.63467056	-0.03245652	1.1140925	10	0.6171507	0.39253378	1.5387324	Binding_K13	0.37156236	0.23632927	0.9264108
I92K	I92K	92	92	0.03143949	0.8714212	0.1810784	1.0284833	0.31317306	1.4493663	1.073684	0.6575458	0.19118685	0.3886718	10	0.618605	0.47090116	1.8459326	Binding_K13	0.37243795	0.28351122	1.111364
I92L	I92L	92	92	-0.030978637	-0.09883494	-0.14200029	-0.17631665	0.14455453	0.012452945	-0.021035459	-0.08959222	-0.11522824	-0.08556897	10	-0.060254794	0.09176855	0.35973272	Binding_K13	-0.03627706	0.05525026	0.21658103
I92M	I92M	92	92	-0.37424147	-0.3733835	-0.5176275	-0.056683697	-0.042426072	0.21797843	0.29815084	-0.23978467	-0.27264005	-0.12807438	10	-0.14887321	0.26149818	1.0250729	Binding_K13	-0.08963075	0.15743785	0.6171564
I92N	I92N	92	92	0.9206952	0.6316636	0.92779565	0.7967631	0.92976934	0.6997443	0.47412264	0.6337655	0.7275966	0.40696102	10	0.71488774	0.18476674	0.72428566	Binding_K13	0.430406	0.11124084	0.4360641
I92P	I92P	92	92	1.1057293	0.3378912	0.9542849	0.57181954	0.9404291	1.1268129	1.0435256	0.9989824	0.8268769	0.6980827	10	0.8604435	0.25448996	0.9976007	Binding_K13	0.5180394	0.15321848	0.60061646
I92Q	I92Q	92	92	0.10129446	-0.059173923	0.2456908	0.22837822	0.41911557	-0.21567373	0.07692561	-0.26364237	-0.06790538	0.18157363	10	0.064658284	0.21593563	0.8464677	Binding_K13	0.03892823	0.13000642	0.5096252
I92R	I92R	92	92	1.7973619	2.29901	2.0594952	2.284898	1.6896346	2.3433673	2.0727503	2.4933972	1.7901769	2.0668814	10	2.0896974	0.26795104	1.0503681	Binding_K13	1.2581252	0.16132286	0.6323856
I92S	I92S	92	92	-0.03232112	-0.22901966	-0.20773746	0.07387941	-0.030960413	-0.050643124	0.03735157	0.3170061	0.018305598	0.043395482	10	-0.006074358	0.1525226	0.5978886	Binding_K13	-0.0036571338	0.0918279	0.35996538
I92T	I92T	92	92	0.15057917	0.052850164	0.18275833	0.31898433	0.42060125	0.32801077	0.4230103	0.057854857	0.13224125	0.230359	10	0.22972496	0.13752484	0.53909737	Binding_K13	0.13830844	0.08279834	0.3245695
I92V	I92V	92	92	-0.07421548	-0.2433729	-0.07204213	0.020255715	-0.042800665	0.0391146	-0.01842353	-0.017850883	-0.055665262	-0.054809187	10	-0.051980972	0.077057734	0.30206633	Binding_K13	-0.031295713	0.046393454	0.18186234
I92W	I92W	92	92	0.8328505	0.7883737	0.63122654	0.535674	0.61011946	0.60924083	0.3859015	0.2846289	0.5962589	0.5739418	10	0.5848216	0.16285339	0.6383853	Binding_K13	0.35209826	0.09804767	0.3843469
I92Y	I92Y	92	92	0.70763373	0.80100006	0.71486694	0.17278497	0.6213393	0.5608811	0.60633314	0.9154246	1.1449672	0.99269027	10	0.7237921	0.2681545	1.0511657	Binding_K13	0.43576697	0.16144536	0.63286585
I99A	I99A	99	99	-0.14665234	0.0015903255	-0.010323398	-0.18411979	-0.17128521	-0.107784785	-0.26669988	-0.24011931	-0.2396257	-0.16740182	10	-0.15324219	0.09181537	0.35991624	Binding_K13	-0.09226114	0.05527845	0.21669152
I99C	I99C	99	99	-0.33469415	-0.15840855	-0.3506725	-0.08394258	-0.27970713	-0.042556543	-0.0409115	-0.074661896	-0.30645004	-0.15720192	10	-0.18292066	0.12402984	0.48619696	Binding_K13	-0.11012939	0.074673526	0.29272023
I99D	I99D	99	99	1.2204727	1.3511611	1.4331453	1.0405365	0.8174739	1.4841151	1.2273612	0.76479375	0.81095	1.0826498	10	1.123266	0.26384017	1.0342535	Binding_K13	0.6762746	0.15884787	0.62268364
I99E	I99E	99	99	0.71686715	0.9574336	1.2358862	1.1780001	1.0935272	1.2774627	0.64193285	1.0904099	1.0481647	1.3427	10	1.0582384	0.2302818	0.90270466	Binding_K13	0.63712406	0.13864368	0.54348326
I99F	I99F	99	99	-0.17146103	-0.10854015	-0.21655516	-0.3316995	-0.17994109	-0.22953935	-0.2906504	-0.18493792	-0.1807144	-0.0972003	10	-0.19912392	0.072609715	0.2846301	Binding_K13	-0.11988474	0.043715477	0.17136468
I99G	I99G	99	99	0.5683815	0.5457244	0.451843	0.46110934	0.56925046	0.25634924	0.43671292	0.48877522	0.66344196	0.27310485	10	0.47146925	0.12864488	0.50428796	Binding_K13	0.28385323	0.07745206	0.30361208
I99H	I99H	99	99	0.26779556	-0.13132551	-0.012958099	0.23024139	-0.22584382	-0.3564319	-0.3274457	-0.16833934	1.1679043	0.37331337	10	0.08169102	0.45854563	1.797499	Binding_K13	0.049182974	0.2760724	1.0822039
I99K	I99K	99	99	0.6123508	0.3072252	-0.23191682	0.82205313	-0.1039946	0.41641453	0.03469193	-0.16948473	-0.4637387	0.3737225	10	0.15973231	0.40996477	1.607062	Binding_K13	0.09616859	0.24682379	0.96754926
I99L	I99L	99	99	-0.33862135	-0.38708225	-0.43800813	-0.41577864	-0.33685407	-0.3609336	-0.31448016	-0.368478	-0.49207473	-0.51069635	10	-0.39630073	0.0667027	0.26147458	Binding_K13	-0.2385972	0.04015909	0.15742365
I99M	I99M	99	99	-0.082733296	-0.00048325487	0.089383624	0.01331015	0.07230996	-0.015938276	-0.13908207	-0.1148524	0.042791583	-0.06861065	10	-0.020390464	0.07846451	0.3075809	Binding_K13	-0.012276303	0.047240417	0.18518244
I99N	I99N	99	99	0.30842417	0.68030006	0.84868544	0.8450418	0.98033595	0.8829524	0.65542495	0.97052926	0.48056516	0.7097442	10	0.73620033	0.2158289	0.8460493	Binding_K13	0.44323748	0.12994215	0.50937325
I99P	I99P	99	99	1.2688382	1.9582182	1.3067925	1.6086457	1.8793852	2.2448378	1.43325	1.3327919	0.9640155	1.3105593	10	1.5307333	0.38835624	1.5223565	Binding_K13	0.9215948	0.23381414	0.9165514
I99Q	I99Q	99	99	0.49205944	0.40056333	0.12621659	0.053501565	0.062611036	0.34706524	0.5242164	0.22156715	0.11597067	0.17850733	10	0.25222787	0.1759927	0.6898914	Binding_K13	0.15185656	0.105958335	0.4153567
I99R	I99R	99	99	0.44824573	1.0981729	0.9074878	0.5895868	0.36561465	0.5602778	0.15527621	0.67684823	0.23813048	0.70079184	10	0.5740433	0.29067603	1.1394501	Binding_K13	0.34560904	0.17500469	0.6860184
I99S	I99S	99	99	0.41358584	0.45359573	0.41849056	0.32974902	0.32909006	0.18851613	0.32703808	0.43958184	0.22078593	0.068505764	10	0.31889388	0.12525623	0.4910044	Binding_K13	0.19199356	0.075411886	0.2956146
I99T	I99T	99	99	0.49303755	0.23485903	0.5308739	0.46072033	0.50508666	0.4144556	0.5089285	0.30782422	0.6235429	0.5474338	10	0.46267623	0.11584542	0.45411405	Binding_K13	0.2785593	0.069746	0.27340433
I99V	I99V	99	99	-0.03348691	-0.08821947	-0.09316601	0.014165725	-0.039447777	-0.24525751	-0.14113797	-0.20506616	-0.05881436	0.011530803	10	-0.08788996	0.08680097	0.34025982	Binding_K13	-0.052915115	0.052259475	0.20485714
I99W	I99W	99	99	-0.090870164	-0.05741605	-0.06804693	-0.25255865	0.12879741	-0.1607348	0.22289164	0.041453697	-0.12123248	0.2650292	10	-0.009268713	0.16927049	0.6635403	Binding_K13	-0.0055803303	0.10191115	0.39949173
I99Y	I99Y	99	99	-0.123230435	-0.11218541	0.33422533	-0.052585125	-0.24718055	-0.28885412	-0.27400285	-0.568398	-0.19881135	-0.41503274	10	-0.19460553	0.23990667	0.94043416	Binding_K13	-0.117164396	0.14443845	0.5661987
K100A	K100A	100	100	0.68405986	0.79817444	0.8779473	0.68101466	0.7333129	0.9340214	0.6786607	0.8473399	0.6185668	0.59698474	10	0.74500835	0.11399037	0.44684225	Binding_K13	0.44854045	0.06862915	0.26902628
K100C	K100C	100	100	1.3191711	1.2302701	1.3931638	1.4552511	1.307647	1.4266769	1.4555873	1.4932467	1.3290071	1.2839643	10	1.3693986	0.08730938	0.3422528	Binding_K13	0.82446146	0.05256557	0.20605704
K100D	K100D	100	100	1.4439179	1.1507722	1.559563	1.3045764	1.1015476	1.0646924	1.2482058	1.0691167	1.0390792	1.4343684	10	1.2415841	0.18652618	0.73118263	Binding_K13	0.7475093	0.112300135	0.44021654
K100E	K100E	100	100	1.5037806	1.4352453	1.4803843	1.5227085	1.6025116	1.7105247	1.4390228	1.2218971	1.561974	1.7546202	10	1.5232669	0.15064873	0.59054303	Binding_K13	0.91709954	0.09069972	0.3555429
K100F	K100F	100	100	0.46406344	0.41703844	0.3131655	0.45339352	0.47994897	0.5425396	0.35579425	0.34966296	0.42839023	0.42363024	10	0.4227627	0.068447754	0.2683152	Binding_K13	0.2545289	0.04120972	0.1615421
K100G	K100G	100	100	0.8782858	0.7118409	0.7589266	0.7662406	0.57078046	0.5824868	0.7774873	0.70548475	0.62449205	0.76192445	10	0.713795	0.09658656	0.37861934	Binding_K13	0.42974812	0.058151	0.22795191
K100H	K100H	100	100	-0.018086052	0.26379383	0.25534657	0.45527738	0.66404235	0.40949282	0.1784503	0.27647406	0.39722478	0.28918672	10	0.31712028	0.1810698	0.7097936	Binding_K13	0.19092575	0.10901506	0.42733905
K100I	K100I	100	100	0.38966867	0.29298818	0.5054007	0.46144515	0.22837438	0.3758548	0.37958124	0.3831466	0.363792	0.3338577	10	0.37141094	0.07795645	0.3055893	Binding_K13	0.22361203	0.046934538	0.18398339
K100L	K100L	100	100	0.5026822	0.40103415	0.36514798	0.30924007	0.3444627	0.28160515	0.32698983	0.34367815	0.36385518	0.341065	10	0.35797602	0.06029626	0.23636134	Binding_K13	0.21552339	0.036302026	0.14230394
K100M	K100M	100	100	0.34739864	-0.11372243	0.36729512	0.22106826	0.2122437	0.3504049	0.46097547	0.27673918	0.20072955	0.23360229	10	0.25567347	0.15473367	0.606556	Binding_K13	0.15393102	0.09315911	0.3651837
K100N	K100N	100	100	0.5932304	0.55708927	0.6346633	0.71111095	0.81389964	0.60452044	0.4882566	0.59119684	0.4997636	0.68123394	10	0.61749643	0.09852068	0.38620108	Binding_K13	0.3717705	0.059315458	0.2325166
K100P	K100P	100	100	0.25409514	0.2157872	0.45705867	0.78200674	0.47483632	0.6208972	0.6206529	0.6309049	0.37609935	0.4009433	10	0.4833282	0.18010631	0.7060168	Binding_K13	0.29099303	0.10843498	0.42506513
K100Q	K100Q	100	100	0.4075244	0.8158528	0.86281353	0.74535954	0.5765476	0.51660156	0.5851823	0.8126045	0.70045465	0.8452087	10	0.68681496	0.1569201	0.61512685	Binding_K13	0.41350448	0.09447547	0.37034386
K100R	K100R	100	100	-0.018879643	0.019510131	-0.011593786	-0.0049618823	-0.034611337	-0.0679306	-0.14449584	-0.08434935	-0.10242832	-0.14526317	10	-0.059500378	0.058587532	0.22966313	Binding_K13	-0.035822853	0.035273265	0.1382712
K100S	K100S	100	100	0.7483968	0.81577116	0.7214741	0.72649336	0.717041	0.7789003	0.64204675	0.7358612	0.613707	0.62960553	10	0.7129297	0.06565786	0.25737882	Binding_K13	0.42922717	0.039530035	0.15495774
K100T	K100T	100	100	1.4270467	1.2790021	1.2412694	1.1621988	1.1829555	1.1525427	0.8904018	1.0388348	1.1145564	1.3140013	10	1.1802809	0.14970344	0.58683753	Binding_K13	0.7106011	0.0901306	0.35331196
K100V	K100V	100	100	1.0611832	0.9371494	0.91148245	0.9503482	1.0099797	1.0662336	0.8290151	0.9713825	0.93824154	0.9527571	10	0.9627773	0.070495255	0.2763414	Binding_K13	0.57965064	0.04244244	0.16637437
K100W	K100W	100	100	0.6417703	0.78082716	0.7104829	0.8891989	0.8621722	0.8903019	0.9512966	0.76048416	0.64681464	0.9518211	10	0.808517	0.117206365	0.45944896	Binding_K13	0.48677653	0.07056538	0.2766163
K100Y	K100Y	100	100	0.48370323	0.24971582	0.35585356	0.70753825	0.55687404	0.3602259	0.4000379	0.3270103	0.36309606	0.26494128	10	0.40689963	0.14014512	0.5493689	Binding_K13	0.24497838	0.08437591	0.33075356
K103A	K103A	103	103	-0.20519876	-0.12759607	-0.14991808	-0.19720376	-0.43043408	-0.13677548	-0.34177837	-0.2995673	-0.29484388	-0.16003594	10	-0.23433515	0.10203528	0.39997828	Binding_K13	-0.14108405	0.061431456	0.24081132
K103C	K103C	103	103	-0.5769222	-0.3741992	-0.15468161	-0.2539628	-0.45457327	-0.41465473	-0.5180917	-0.34792978	-0.3534229	-0.4441703	10	-0.38926083	0.12305925	0.48239228	Binding_K13	-0.23435876	0.07408917	0.29042956
K103D	K103D	103	103	-0.37862796	-0.46968856	-0.47437632	-0.53264207	-0.71316606	-0.658557	-0.7635405	-0.48637637	-0.36387652	-0.64251506	10	-0.5483366	0.13867113	0.54359084	Binding_K13	-0.3301321	0.08348847	0.32727483
K103E	K103E	103	103	0.11102518	-0.0358534	-0.0055463705	0.13507006	0.44665575	0.29967642	0.26651314	0.10693031	0.030892313	0.23909977	10	0.15944631	0.15185854	0.5952855	Binding_K13	0.0959964	0.0914281	0.35839817
K103F	K103F	103	103	-0.2861532	-0.38482058	-0.47286597	-0.3141367	-0.0968942	-0.05593808	0.07075443	-0.23154396	-0.30406785	-0.54919493	10	-0.26248607	0.1910421	0.74888504	Binding_K13	-0.15803263	0.11501899	0.45087448
K103G	K103G	103	103	-0.37126648	-0.14595585	-0.34747	-0.32033938	-0.25044158	-0.21023057	-0.30519053	-0.1389387	-0.32790256	-0.29876247	10	-0.2716498	0.08212499	0.32193	Binding_K13	-0.16354975	0.049444254	0.19382147
K103H	K103H	103	103	-0.20113361	-0.0960609	-0.19707352	-0.056410838	-0.22927688	-0.23234324	-0.33405674	-0.21289866	-0.21564396	-0.14887692	10	-0.19237754	0.07727952	0.30293575	Binding_K13	-0.11582301	0.046526983	0.18238577
K103I	K103I	103	103	-0.21829797	-0.33757186	-0.22331296	-0.30729222	-0.38279352	-0.3476804	-0.2739819	-0.4536895	-0.19509941	-0.08012158	10	-0.28198412	0.10726471	0.4204777	Binding_K13	-0.16977164	0.0645799	0.2531532
K103L	K103L	103	103	-0.2671407	-0.23392695	-0.22521956	-0.24143039	-0.09971958	-0.17149682	-0.3220047	-0.29148546	-0.26505935	-0.29717278	10	-0.24146564	0.06550321	0.25677258	Binding_K13	-0.14537704	0.039436925	0.15459275
K103M	K103M	103	103	-0.18687716	-0.1564448	-0.18750526	-0.14236349	-0.05308671	-0.20537882	-0.15517777	-0.1410834	0.053800724	-0.12229013	10	-0.12964068	0.07716454	0.302485	Binding_K13	-0.0780516	0.046457756	0.1821144
K103N	K103N	103	103	-0.37123516	-0.43713087	-0.48457378	-0.22225863	-0.37349263	-0.3530835	-0.35185266	-0.3060343	-0.41313076	-0.40879813	10	-0.37215906	0.07264908	0.28478438	Binding_K13	-0.22406244	0.043739174	0.17145756
K103P	K103P	103	103	-0.07958925	-0.07224102	0.07773808	-0.30491266	-0.26428574	-0.21732213	-0.036623012	-0.35475135	-0.30667877	-0.391538	10	-0.19502038	0.15700607	0.6154638	Binding_K13	-0.11741416	0.09452723	0.37054676
K103Q	K103Q	103	103	-0.33561975	-0.42081374	-0.38966718	-0.2261443	-0.27701378	-0.33562383	-0.44322982	-0.48247328	-0.53024316	-0.45423946	10	-0.38950685	0.0952513	0.3733851	Binding_K13	-0.23450688	0.05734709	0.22480059
K103R	K103R	103	103	-0.41832688	-0.48880288	-0.35941604	-0.23593369	-0.26750922	-0.3969792	-0.4844995	-0.35748115	-0.49877408	-0.40858236	10	-0.39163053	0.0897076	0.35165378	Binding_K13	-0.23578545	0.054009445	0.21171702
K103S	K103S	103	103	-0.4415874	-0.3549982	-0.4094767	-0.54411006	-0.45096353	-0.41094336	-0.41599932	-0.3719698	-0.18994674	-0.3194367	10	-0.39094317	0.09319243	0.36531433	Binding_K13	-0.23537162	0.056107525	0.2199415
K103T	K103T	103	103	-0.39465407	-0.36362377	-0.37206432	-0.41561443	-0.17597508	-0.39036608	-0.46131933	-0.2144961	-0.21643293	-0.29247305	10	-0.32970193	0.098131694	0.38467625	Binding_K13	-0.19850066	0.059081264	0.23159856
K103V	K103V	103	103	-0.30924183	-0.28891233	-0.3307203	-0.29042906	-0.43897164	-0.31801847	-0.28967232	-0.24565373	-0.2504264	-0.33044145	10	-0.30924878	0.0542325	0.21259141	Binding_K13	-0.18618661	0.03265127	0.12799299
K103W	K103W	103	103	-0.38779056	-0.16739368	-0.19541861	-0.21407296	-0.13213271	-0.2988882	-0.23476563	-0.3892174	-0.38296437	-0.36857328	10	-0.27712172	0.10019953	0.39278215	Binding_K13	-0.16684417	0.060326226	0.2364788
K103Y	K103Y	103	103	-0.55566967	-0.31062287	-0.37134594	-0.26782522	-0.51521075	-0.29396805	-0.40025693	-0.30186263	-0.59086466	-0.62842363	10	-0.42360502	0.13650174	0.53508687	Binding_K13	-0.25503606	0.08218237	0.3221549
K116A	K116A	116	116	-0.47024965	-0.4059744	-0.33153188	-0.13294575	-0.55399036	-0.44342342	-0.22364944	-0.37285483	-0.3383966	-0.4279416	10	-0.3700958	0.12204037	0.47839826	Binding_K13	-0.22282024	0.07347574	0.2880249
K116C	K116C	116	116	-0.032868274	0.23539396	0.17390923	-0.16456683	-0.28976226	-0.36170584	-0.2323638	-0.15488674	0.03605334	-0.051069845	10	-0.08418672	0.19425853	0.76149344	Binding_K13	-0.050685536	0.116955474	0.45846546
K116D	K116D	116	116	-0.60856265	-0.9351442	0.021979304	-0.28300095	-0.65241766	-0.04499657	0.038239557	-0.16976422	-0.6478324	-0.5075113	10	-0.37890112	0.3374686	1.3228769	Binding_K13	-0.22812158	0.20317668	0.7964526
K116E	K116E	116	116	-0.38360062	-0.6055323	-0.6757591	-0.6104976	-0.20397727	-0.2012504	-0.67160803	-0.29993084	-0.17806046	-0.957211	10	-0.47874278	0.26295605	1.0307877	Binding_K13	-0.28823236	0.15831558	0.6205971
K116F	K116F	116	116	-0.25286344	-0.20759465	-0.60415995	-0.42840296	-0.33707085	-0.35148495	-0.39997384	-0.48414633	-0.34689856	-0.16689122	10	-0.3579487	0.13082121	0.5128192	Binding_K13	-0.21550694	0.078762345	0.3087484
K116G	K116G	116	116	-0.4707018	-0.3397764	-0.3602589	-0.4300927	-0.26355097	-0.3499847	-0.2979382	-0.2880306	-0.3530937	-0.32674506	10	-0.34801728	0.06300676	0.2469865	Binding_K13	-0.20952763	0.037933912	0.14870094
K116H	K116H	116	116	-0.3918796	-0.3687054	-0.3931568	-0.3949305	-0.3060767	-0.41349763	-0.7942471	-0.6144638	-0.25597432	-0.120305315	10	-0.40532374	0.18566282	0.7277983	Binding_K13	-0.24402961	0.11178034	0.43817893
K116I	K116I	116	116	-0.85990375	-0.511036	-0.47978202	-0.6714532	-0.41883034	-0.5157552	-0.70146716	-0.59999156	-0.7062128	-0.83013654	10	-0.6294568	0.14937076	0.5855334	Binding_K13	-0.3789714	0.0899303	0.35252678
K116L	K116L	116	116	-0.6915577	-0.6379852	-0.48966205	-0.5257615	-0.40081695	-0.84568834	-0.9783045	-0.9074891	-0.46555504	-0.82378036	10	-0.6766601	0.20401455	0.7997371	Binding_K13	-0.40739065	0.1228292	0.48149046
K116M	K116M	116	116	-0.23241733	-0.1523124	-0.16885516	-0.18598785	-0.09084738	-0.05988028	-0.36625287	-0.64431727	-0.5715954	-0.31393963	10	-0.27864057	0.1972925	0.77338666	Binding_K13	-0.16775861	0.11878212	0.4656259
K116N	K116N	116	116	-0.24711753	0.09873258	0.0073700156	-0.07236304	-0.13311113	-0.4693886	-0.30334333	-0.2340669	-0.2880614	-0.2315609	10	-0.18729103	0.16558824	0.6491059	Binding_K13	-0.11276062	0.09969422	0.39080137
K116P	K116P	116	116	-0.062965475	-0.44620958	-0.67152846	-0.77343565	-0.81086636	-0.47739527	-0.8620817	-0.6397767	-0.7358302	-0.58233553	10	-0.60624254	0.23461352	0.919685	Binding_K13	-0.36499497	0.14125165	0.55370647
K116Q	K116Q	116	116	-0.25821447	-0.46268877	-0.35537022	-0.22404821	-0.33132648	-0.036044706	-0.31827754	-0.16758795	-0.16413862	-0.27289817	10	-0.2590595	0.11925722	0.46748832	Binding_K13	-0.1559696	0.07180012	0.28145647
K116R	K116R	116	116	-0.5543733	-0.36128774	-0.35371625	-0.23548771	-0.22860458	-0.36557683	-0.45196837	-0.3631061	-0.38036022	-0.6313237	10	-0.39258045	0.12583293	0.4932651	Binding_K13	-0.23635736	0.0757591	0.29697567
K116S	K116S	116	116	-0.5326346	-0.7129024	-0.82658476	-0.7409462	-0.64231414	-0.44704103	-0.4641061	-0.29139245	-0.66871643	-0.750757	10	-0.60773957	0.16807236	0.65884364	Binding_K13	-0.36589628	0.10118981	0.39666405
K116T	K116T	116	116	-1.1286587	-0.7784351	-0.79921407	-0.8493569	-0.50875574	-0.7892485	-0.30662856	-0.8940209	-0.4345428	-0.9976631	10	-0.7486524	0.25698602	1.0073853	Binding_K13	-0.4507344	0.15472126	0.60650736
K116V	K116V	116	116	-0.7560531	-0.6860824	-0.83066887	-0.5230157	-0.36867267	-0.4202216	-0.43879887	-0.43994498	-0.8530174	-1.012053	10	-0.6328529	0.22394094	0.8778485	Binding_K13	-0.38101605	0.1348261	0.5285183
K116W	K116W	116	116	-0.65287507	-0.21836966	-0.47712147	-0.25340953	-0.54047424	-0.04454277	-0.18730229	-0.07757614	-0.69799536	-0.66222984	10	-0.38118964	0.25247213	0.9896908	Binding_K13	-0.22949941	0.15200362	0.59585416
K116Y	K116Y	116	116	-0.12766287	-0.17147186	-0.67470837	-0.22441645	0.05991945	-0.34062585	-0.26876566	-0.33198506	-0.08765328	-0.14982021	10	-0.23171902	0.1962289	0.7692173	Binding_K13	-0.13950898	0.11814176	0.46311572
K127A	K127A	127	127	-0.40759724	-0.30788964	-0.21827176	-0.28725025	-0.34399328	-0.30425444	-0.44529903	-0.3803519	-0.34684995	-0.45699635	10	-0.3498754	0.07451357	0.2920932	Binding_K13	-0.21064632	0.04486171	0.17585792
K127C	K127C	127	127	-0.3514235	-0.4511419	-0.45164326	-0.57151693	-0.5772948	-0.41966215	-0.45620996	-0.43966562	-0.52578354	-0.7419705	10	-0.49863124	0.110099636	0.4315906	Binding_K13	-0.30020642	0.06628669	0.25984383
K127D	K127D	127	127	-0.31524482	-0.35245237	-0.2878878	-0.4061145	-0.40949342	-0.40698156	-0.48242673	-0.3577818	-0.35058153	-0.51895314	10	-0.38879177	0.071571216	0.28055918	Binding_K13	-0.23407635	0.043090235	0.16891372
K127E	K127E	127	127	-0.33833224	-0.41562596	-0.34139377	-0.2508644	-0.36080685	-0.48256043	-0.47161004	-0.3156957	-0.35226497	-0.36113602	10	-0.36902902	0.07032289	0.27566576	Binding_K13	-0.22217797	0.04233867	0.16596758
K127F	K127F	127	127	-0.46787733	-0.30474588	-0.26448077	-0.29401326	-0.3372995	-0.32486248	-0.3715858	-0.30541262	-0.40299344	-0.28798348	10	-0.33612543	0.061794963	0.24223626	Binding_K13	-0.202368	0.037204336	0.145841
K127G	K127G	127	127	-0.40544885	-0.44491515	-0.29566178	-0.38092655	-0.39320117	-0.4323874	-0.42133307	-0.31834438	-0.2737788	-0.35081613	10	-0.37168136	0.059485387	0.23318273	Binding_K13	-0.22377485	0.03581383	0.14039022
K127H	K127H	127	127	-0.42082512	-0.48901865	-0.24053802	-0.52331245	-0.33768028	-0.5152735	-0.42262614	-0.32905182	-0.3700752	-0.30265766	10	-0.3951059	0.095359504	0.37380928	Binding_K13	-0.23787785	0.057412237	0.22505598
K127I	K127I	127	127	-0.34301957	-0.42424256	-0.5362089	-0.47763723	-0.33358684	-0.52710336	-0.34548742	-0.28528076	-0.49159876	-0.37089935	10	-0.4135065	0.08976878	0.35189363	Binding_K13	-0.24895613	0.05404628	0.21186143
K127L	K127L	127	127	-0.35269833	-0.30978188	-0.3249418	-0.34457228	-0.353406	-0.28579915	-0.35044488	-0.26530778	-0.35119253	-0.29006115	10	-0.3228206	0.03299049	0.12932272	Binding_K13	-0.1943577	0.019862287	0.07786017
K127M	K127M	127	127	-0.3053524	-0.34593117	-0.4544154	-0.36155733	-0.28847808	-0.39763084	-0.44375968	-0.539408	-0.3423697	-0.45373508	10	-0.3932638	0.07878782	0.30884826	Binding_K13	-0.23676878	0.04743507	0.18594548
K127N	K127N	127	127	-0.29382005	-0.32704887	-0.3777622	-0.45051104	-0.435194	-0.48837775	-0.24046104	-0.34235284	-0.32147273	-0.34668216	10	-0.36236826	0.0762415	0.2988667	Binding_K13	-0.21816778	0.045902032	0.17993598
K127P	K127P	127	127	-0.56314856	-0.50625294	-0.4742045	-0.43492326	-0.3704698	-0.35504797	-0.43931344	-0.440707	-0.66066575	-0.5881925	10	-0.48329252	0.097019434	0.3803162	Binding_K13	-0.29097158	0.058411613	0.22897352
K127Q	K127Q	127	127	-0.26381603	-0.3040635	-0.23590423	-0.21825188	-0.22885053	-0.263392	-0.18265446	-0.100466356	-0.20227586	-0.23833254	10	-0.22380073	0.0551689	0.2162621	Binding_K13	-0.1347417	0.033215042	0.13020296
K127R	K127R	127	127	-0.43749258	-0.48215443	-0.3350535	-0.42385727	-0.512359	-0.48188207	-0.4931702	-0.5943521	-0.4620617	-0.40643576	10	-0.4628819	0.06918309	0.2711977	Binding_K13	-0.27868313	0.041652437	0.16327755
K127S	K127S	127	127	-0.47603112	-0.33825278	-0.36432487	-0.3611412	-0.36807045	-0.34334144	-0.3698968	-0.24448696	-0.43631423	-0.47879943	10	-0.3780659	0.0702483	0.27537334	Binding_K13	-0.22761874	0.042293757	0.16579153
K127T	K127T	127	127	-0.297021	-0.5124661	-0.45375514	-0.3724123	-0.36446145	-0.3663203	-0.33262935	-0.33275822	-0.46087766	-0.4121887	10	-0.39048904	0.06775087	0.26558343	Binding_K13	-0.23509821	0.040790156	0.15989742
K127V	K127V	127	127	-0.32057744	-0.41628048	-0.30460486	-0.28946996	-0.40058893	-0.25310066	-0.30029184	-0.374297	-0.4157024	-0.4136601	10	-0.34885734	0.061778925	0.24217339	Binding_K13	-0.21003339	0.03719468	0.14580315
K127W	K127W	127	127	-0.3312518	-0.135843	-0.21842408	-0.13348699	-0.08564949	-0.19307972	-0.3574338	-0.30310553	-0.35502073	-0.18696243	10	-0.23002574	0.099906966	0.39163533	Binding_K13	-0.13848951	0.060150087	0.23578835
K127Y	K127Y	127	127	0.001954733	-0.13620111	-0.106597126	-0.043358184	-0.08981857	-0.035675216	-0.070237346	-0.032416433	-0.08398539	-0.12595412	10	-0.07222887	0.044558987	0.17467123	Binding_K13	-0.043486185	0.026827227	0.10516273
K146A	K146A	146	146	-0.21317294	-0.11700446	-0.17415293	-0.22878172	-0.32312214	-0.16522044	-0.15403393	-0.23035116	-0.36452708	-0.23242523	10	-0.22027922	0.0759891	0.29787728	Binding_K13	-0.13262153	0.04575007	0.17934027
K146C	K146C	146	146	-0.25482434	-0.16714285	-0.19663095	-0.21240671	-0.053171083	-0.2379206	-0.16484116	-0.21075656	-0.26930484	-0.02673443	10	-0.17937335	0.08108203	0.31784156	Binding_K13	-0.1079937	0.048816327	0.19136001
K146D	K146D	146	146	0.24422427	0.1511932	0.07441462	0.10676536	-0.0051274397	0.10759375	-0.18867037	0.10696431	-0.3244993	-0.25438553	10	0.0018472851	0.1909216	0.7484127	Binding_K13	0.0011121782	0.11494645	0.45059007
K146E	K146E	146	146	-0.014899394	-0.09697374	-0.083340324	-0.1568174	-0.02481687	0.19675264	0.16833611	0.026833488	0.030305326	-0.035087015	10	0.0010292802	0.111398526	0.43668222	Binding_K13	0.00061968947	0.0670687	0.26290932
K146F	K146F	146	146	-0.097250305	0.26954296	0.2216549	0.14245406	0.0605356	0.19999184	0.054086663	0.092557766	-0.012178932	0.19267006	10	0.112406455	0.11431275	0.448106	Binding_K13	0.06767554	0.06882325	0.26978713
K146G	K146G	146	146	-0.012180169	-0.2584167	0.0088674035	-0.0890258	0.12963152	-0.11520535	-0.001708056	0.06966274	0.11723388	0.038357943	10	-0.01127826	0.11728755	0.4597672	Binding_K13	-0.0067902	0.070614256	0.27680787
K146H	K146H	146	146	0.19844651	-0.13569486	-0.15707041	-0.3051995	-0.25862956	-0.12691261	0.16670774	-0.086296536	0.15853108	0.051568925	10	-0.04945492	0.1817141	0.7123193	Binding_K13	-0.029774878	0.10940297	0.42885965
K146I	K146I	146	146	-0.26601303	-0.24074265	0.14227994	-0.3162051	-0.43143967	-0.17951725	-0.27995443	-0.19407624	-0.37317622	-0.2772452	10	-0.241609	0.1548233	0.60690737	Binding_K13	-0.14546335	0.09321307	0.36539522
K146L	K146L	146	146	-0.6066245	-0.2315616	-0.2622736	-0.2143179	-0.47137627	-0.36400953	-0.3488522	-0.1840465	-0.47539452	-0.32738668	10	-0.34858432	0.13526714	0.5302472	Binding_K13	-0.20986901	0.08143906	0.31924114
K146M	K146M	146	146	0.0075770007	-0.061251692	-0.16442855	-0.09624676	-0.084735855	0.044648726	0.018192241	-0.01225233	-0.04350211	0.14663453	10	-0.02453648	0.08636991	0.33857006	Binding_K13	-0.014772456	0.051999953	0.20383982
K146N	K146N	146	146	-0.046034995	0.03385927	0.005786601	-0.09438392	0.073697954	0.024632242	-0.056069557	0.02789567	-0.052999597	0.025412768	10	-0.0058203563	0.053002704	0.2077706	Binding_K13	-0.0035042095	0.03191086	0.12509057
K146P	K146P	146	146	-0.8132784	-0.70991385	-0.72807515	-0.62469804	-0.71955913	-0.4363765	-0.638004	-0.7351513	-0.7127637	-0.5616782	10	-0.6679498	0.10717151	0.42011234	Binding_K13	-0.40214652	0.06452379	0.25293323
K146Q	K146Q	146	146	-0.059021357	-0.07149504	-0.05148568	-0.1834515	-0.21332246	-0.15245982	-0.28049	-0.18688045	-0.1377579	-0.09724682	10	-0.14336109	0.07465464	0.2926462	Binding_K13	-0.086312115	0.044946644	0.17619085
K146R	K146R	146	146	-0.44061637	-0.4218653	-0.4584989	-0.5388366	-0.374712	-0.3934246	-0.4992767	-0.43041313	-0.45468858	-0.27375582	10	-0.42860883	0.07229019	0.28337756	Binding_K13	-0.25804865	0.043523103	0.17061056
K146S	K146S	146	146	-0.16291103	-0.04028293	-0.112708345	-0.10377592	-0.20734511	-0.1254884	-0.14526223	-0.2268137	-0.14041601	-0.21130748	10	-0.14763112	0.057094734	0.22381136	Binding_K13	-0.08888294	0.034374513	0.13474809
K146T	K146T	146	146	-0.072059296	-0.3462788	-0.3239467	-0.0062565897	0.044012535	0.06723391	-0.24796575	-0.24706665	-0.3620787	-0.39507625	10	-0.18894823	0.17927028	0.70273954	Binding_K13	-0.113758355	0.10793164	0.42309204
K146V	K146V	146	146	-0.41775134	-0.12260778	-0.13929409	-0.221374	-0.2971575	-0.33398455	-0.32963872	-0.34043115	-0.3747366	-0.31056282	10	-0.28875384	0.09743964	0.3819634	Binding_K13	-0.17384742	0.058664605	0.22996525
K146W	K146W	146	146	-0.41238517	-0.289795	-0.12887749	-0.3565798	-0.20613813	-0.24915928	-0.35803255	-0.5167685	-0.79113185	-0.29043624	10	-0.35993043	0.18629588	0.73027986	Binding_K13	-0.21670006	0.11216148	0.439673
K146Y	K146Y	146	146	0.19583376	0.16247778	0.2544019	-0.005433051	0.17692086	0.33131596	0.46149814	0.38047445	0.4470919	0.12749857	10	0.25320804	0.15030204	0.589184	Binding_K13	0.15244669	0.09049099	0.35472468
K15A	K15A	15	15	-0.23684807	-0.20322509	-0.29260695	-0.16521977	-0.20960394	-0.3713643	-0.19472533	-0.25857756	-0.39196423	-0.2992659	10	-0.26234013	0.07594742	0.29771388	Binding_K13	-0.15794475	0.045724977	0.17924191
K15C	K15C	15	15	-0.31836864	-0.3611601	-0.064999	-0.34013334	-0.3868656	-0.25126052	-0.3240102	-0.28283083	-0.20024964	-0.33329743	10	-0.28631753	0.09480583	0.37163886	Binding_K13	-0.17238061	0.05707889	0.22374925
K15D	K15D	15	15	-1.2319652	-1.1780337	-0.6467785	-0.35064304	-1.232281	-0.6162058	-0.6328555	-0.6038053	-1.0756301	-0.7600104	10	-0.8328209	0.31776613	1.2456433	Binding_K13	-0.50140893	0.1913146	0.7499532
K15E	K15E	15	15	-0.12871283	0.17003971	0.36624932	0.3898237	0.37833712	0.28987888	0.39910272	0.18126358	0.14141048	-0.028745921	10	0.2158647	0.18431178	0.7225022	Binding_K13	0.12996371	0.11096693	0.43499038
K15F	K15F	15	15	-0.93853104	-0.82576215	-0.64518815	-0.79217005	-0.9843055	-0.5190743	-0.5712973	-0.64576995	-0.7502113	-0.70228964	10	-0.7374599	0.15120839	0.5927369	Binding_K13	-0.44399583	0.09103667	0.35686377
K15G	K15G	15	15	-0.4118972	-0.22311333	-0.27123135	-0.40130356	-0.47776425	-0.351611	-0.4570544	-0.3192407	-0.32025266	-0.3115352	10	-0.35450035	0.081420064	0.31916666	Binding_K13	-0.21343082	0.049019843	0.19215779
K15H	K15H	15	15	-0.2310811	-0.5823999	-1.1438913	-0.578209	-0.24424677	-1.2833844	-0.6547948	0.084082134	-0.66562355	-0.5160098	10	-0.58155584	0.40895638	1.603109	Binding_K13	-0.35013208	0.24621667	0.96516937
K15I	K15I	15	15	-0.50572884	-0.7589319	-0.52616143	-0.9989652	-1.2778836	-0.2626926	-0.18071763	-0.37552026	-0.062582485	-0.7909102	10	-0.5740094	0.38250235	1.4994092	Binding_K13	-0.34558868	0.23028974	0.9027358
K15L	K15L	15	15	-0.8212856	-0.79866487	-0.6472719	-1.0243442	-0.71591365	-0.96830684	-0.8026482	-0.9154843	-1.0351818	-0.93158793	10	-0.86606896	0.12988338	0.5091429	Binding_K13	-0.5214263	0.07819771	0.30653504
K15M	K15M	15	15	-0.57764953	-0.66449577	-0.71596307	-0.5913512	-0.37593633	-0.51972115	-0.68032616	-0.6475725	-0.6817131	-0.574979	10	-0.6029708	0.10042187	0.39365372	Binding_K13	-0.3630252	0.060460087	0.23700355
K15N	K15N	15	15	-0.73747724	-0.8443328	-1.0955127	-0.7924472	-0.6991844	-1.0425746	-0.9543866	-0.5902302	-0.7275979	-0.5692935	10	-0.80530375	0.1789756	0.70158434	Binding_K13	-0.48484197	0.10775422	0.42239657
K15P	K15P	15	15	-1.093581	-1.6116205	-1.6550522	-1.2895879	-1.1142664	-1.188667	-1.0738877	-1.1844897	-1.1398913	-1.172059	10	-1.2523104	0.20989645	0.8227941	Binding_K13	-0.7539672	0.12637046	0.4953722
K15Q	K15Q	15	15	-0.9779765	-0.84361327	-0.97175723	-1.0064533	-0.30475667	-0.669743	-0.81956995	-0.3665297	-0.59061235	-0.8333895	10	-0.73844016	0.2501723	0.9806754	Binding_K13	-0.444586	0.15061897	0.5904264
K15R	K15R	15	15	-0.036790576	0.017654682	-0.1255788	-0.04258228	-0.13144721	0.051485773	-0.08157276	-0.08281336	-0.123350225	0.038251907	10	-0.051674284	0.06885251	0.26990184	Binding_K13	-0.031111069	0.041453406	0.16249736
K15S	K15S	15	15	-0.27312055	-0.43665203	-0.33919826	-0.46397355	-0.43326357	-0.26438713	-0.38651553	-0.40376604	-0.40725788	-0.5137399	10	-0.39218742	0.07979393	0.3127922	Binding_K13	-0.23612073	0.04804081	0.18831998
K15T	K15T	15	15	-0.34163263	0.016139498	0.084786125	0.013704198	-0.02137462	0.11527764	-0.010923111	-0.28543925	-0.35927665	0.041512124	10	-0.07472266	0.1809416	0.7092911	Binding_K13	-0.0449876	0.108937874	0.42703646
K15V	K15V	15	15	-0.49341542	-0.39392304	-0.58198094	-0.58590937	-0.68117315	-0.55926836	-0.7516064	-0.6010731	-0.76195157	-0.60025346	10	-0.6010555	0.11145615	0.4369081	Binding_K13	-0.36187205	0.0671034	0.26304534
K15W	K15W	15	15	-0.7585048	-1.1159099	-0.99950475	-0.636988	-1.1254824	-0.57243687	-0.24863543	-1.0050111	-0.9443401	-1.1768732	10	-0.8583687	0.29822636	1.1690474	Binding_K13	-0.5167903	0.17955045	0.7038378
K15Y	K15Y	15	15	-0.7240448	-0.7477225	-0.7240446	-0.64886695	-0.46062136	-0.25200722	-0.36913303	-0.47322765	-0.24095482	-0.12824972	10	-0.4768873	0.22724792	0.89081186	Binding_K13	-0.28711522	0.13681711	0.5363231
K164A	K164A	164	164	-0.33917972	-0.48582715	-0.31618047	-0.45094275	-0.20666976	-0.51671416	-0.4449283	-0.50893056	-0.53284335	-0.44580165	10	-0.42480177	0.10496737	0.4114721	Binding_K13	-0.25575656	0.063196756	0.24773128
K164C	K164C	164	164	-0.10253446	-0.21588446	-0.1407817	-0.058344908	-0.3956787	-0.10167351	-0.10873627	-0.11463685	-0.15801045	-0.011517145	10	-0.14077984	0.104943186	0.4113773	Binding_K13	-0.08475804	0.0631822	0.24767421
K164D	K164D	164	164	-0.53006375	-0.3722651	-0.6440091	-0.348516	-0.3063884	-0.5114899	-0.3717076	-0.4962483	-0.27627382	-0.3087049	10	-0.4165667	0.12112097	0.4747942	Binding_K13	-0.25079855	0.07292221	0.28585505
K164E	K164E	164	164	-0.14532855	-0.57123405	-0.32586142	-0.29617664	-0.16850585	-0.3512854	-0.45410067	-0.1513681	-0.24536742	-0.2178922	10	-0.29271203	0.138696	0.54368836	Binding_K13	-0.17623049	0.08350345	0.3273335
K164F	K164F	164	164	-0.2800291	-0.41200215	-0.30743748	-0.21786433	-0.25317863	-0.048339054	-0.07035077	-0.1010972	-0.48463532	-0.35377714	10	-0.2528711	0.1461895	0.57306284	Binding_K13	-0.15224382	0.08801499	0.34501877
K164G	K164G	164	164	-0.2809357	-0.2734008	-0.22603269	-0.21375398	-0.26794624	-0.21104518	-0.2188787	-0.27431807	-0.31984544	-0.25962818	10	-0.2545785	0.03582943	0.14045136	Binding_K13	-0.15327178	0.0215715	0.08456028
K164H	K164H	164	164	-0.6075707	-0.48359329	-0.38451353	-0.4539659	-0.35612997	-0.62689203	-0.26026323	-0.1233496	-0.36371338	-0.5585519	10	-0.42185435	0.15789281	0.6189398	Binding_K13	-0.25398204	0.0950611	0.37263954
K164I	K164I	164	164	-0.20677803	-0.14344661	-0.10734368	-0.28500536	-0.35026863	-0.2924917	-0.24311383	-0.2183862	-0.45567706	-0.31068563	10	-0.2613197	0.10132928	0.3972108	Binding_K13	-0.1573304	0.061006404	0.23914512
K164L	K164L	164	164	-0.55991524	-0.53420854	-0.39695555	-0.40432915	-0.555228	-0.5288942	-0.5647445	-0.4234324	-0.50813496	-0.41674107	10	-0.48925835	0.07017041	0.275068	Binding_K13	-0.29456335	0.042246867	0.16560772
K164M	K164M	164	164	-0.41687605	-0.30552128	-0.2696746	-0.29792795	-0.53502285	-0.3147707	-0.5232087	-0.5343699	-0.5837722	-0.24964355	10	-0.40307873	0.1297989	0.5088117	Binding_K13	-0.24267797	0.07814685	0.30633566
K164N	K164N	164	164	-0.0037653784	-0.15262038	0.05218799	0.115834214	-0.114202574	-0.104570635	0.046656117	0.13115753	0.059419688	0.016782705	10	0.0046879277	0.097978026	0.38407385	Binding_K13	0.0028224182	0.058988746	0.23123589
K164P	K164P	164	164	0.6225665	0.57355124	0.42715693	0.7556903	0.7398898	0.45714048	0.9288077	0.7348737	0.63890326	1.0058861	10	0.6884466	0.18548296	0.7270932	Binding_K13	0.41448683	0.11167205	0.43775445
K164Q	K164Q	164	164	-0.22766122	-0.18950681	-0.51476413	-0.42777732	-0.3313703	-0.37590885	-0.42871103	-0.5003082	-0.5106597	-0.19917385	10	-0.37058416	0.12825784	0.5027707	Binding_K13	-0.22311427	0.07721904	0.30269864
K164R	K164R	164	164	-0.5212941	-0.6804388	-0.33501458	-0.5164494	-0.66441005	-0.5684369	-0.5728842	-0.5516544	-0.66326517	-0.44206494	10	-0.5515913	0.10728588	0.42056066	Binding_K13	-0.33209157	0.064592645	0.25320318
K164S	K164S	164	164	-0.34022674	-0.36497152	-0.26842955	-0.432118	-0.36954957	-0.35078478	-0.4866104	-0.28754818	-0.29336545	-0.35864544	10	-0.355225	0.06639228	0.26025775	Binding_K13	-0.21386711	0.0399722	0.15669103
K164T	K164T	164	164	-0.5500904	-0.6454904	-0.43239555	-0.5374615	-0.8465392	-0.5427285	-0.5916614	-0.5186578	-0.6297963	-0.53183633	10	-0.5826658	0.11047357	0.4330564	Binding_K13	-0.35080034	0.066511825	0.26072636
K164V	K164V	164	164	-0.30918518	-0.16243592	-0.265107	-0.17444794	-0.20097163	-0.13606416	-0.29467905	-0.35305837	-0.19004811	-0.0321602	10	-0.21181576	0.0952057	0.37320635	Binding_K13	-0.127526	0.057319637	0.22469299
K164W	K164W	164	164	-0.056831855	0.29123348	-0.010488722	0.051679973	0.26196504	0.094540596	0.34756023	-0.32523042	0.122599065	-0.28877822	10	0.048824914	0.22841212	0.89537555	Binding_K13	0.029395575	0.13751802	0.53907067
K164Y	K164Y	164	164	-0.20369025	-0.36731124	-0.21907447	-0.32392716	-0.2826475	-0.27626273	-0.37156522	-0.17990685	-0.8174633	-0.18322116	10	-0.32250696	0.18787591	0.73647356	Binding_K13	-0.19416885	0.113112755	0.44340202
K166A	K166A	166	166	-0.21921568	-0.31116542	-0.41146573	-0.38145718	-0.19154117	-0.11469636	-0.2841056	-0.44662613	-0.44533324	-0.29238272	10	-0.3097989	0.112439044	0.44076106	Binding_K13	-0.18651782	0.06769516	0.26536503
K166C	K166C	166	166	-0.6749134	-0.40536147	-0.48497126	-0.26623052	-0.39440477	-0.06987556	-0.36282972	-0.23228432	-0.21013688	-0.29224607	10	-0.3393254	0.16669632	0.6534496	Binding_K13	-0.20429458	0.100361355	0.39341652
K166D	K166D	166	166	-0.3719854	-0.3908356	-0.2366202	-0.3948235	-0.3654015	-0.47962373	-0.41594702	-0.2079576	-0.50903374	-0.30466968	10	-0.3676898	0.095914826	0.37598613	Binding_K13	-0.22137167	0.057746574	0.22636658
K166E	K166E	166	166	-0.604791	-0.6037892	-0.44782105	-0.3925966	-0.28672278	-0.25477463	-0.4839227	-0.37687218	-0.40358442	-0.6161743	10	-0.44710487	0.1299002	0.5092088	Binding_K13	-0.26918438	0.07820784	0.30657476
K166F	K166F	166	166	-0.4163695	-0.08298208	-0.37338528	-0.39860755	0.114099376	-0.1966089	-0.6506644	-0.4114347	-0.5583852	0.13522787	10	-0.28391105	0.26809958	1.0509504	Binding_K13	-0.17093176	0.1614123	0.6327362
K166G	K166G	166	166	-0.21349975	-0.06317278	-0.19159998	-0.07255169	-0.078979425	-0.19768803	-0.0644983	-0.03884771	-0.09492065	-0.09911151	10	-0.11148699	0.064182274	0.2515945	Binding_K13	-0.06712196	0.038641643	0.15147524
K166H	K166H	166	166	-0.5270699	-0.26507053	-0.29420143	-0.37220263	-0.3924461	-0.308604	-0.24370933	-0.29742417	-0.42752042	-0.4117315	10	-0.353998	0.08781976	0.34425348	Binding_K13	-0.21312839	0.05287285	0.20726158
K166I	K166I	166	166	-0.2512632	-0.14057565	-0.5383872	-0.38329744	-0.3184639	-0.21059191	-0.32171538	-0.10868981	-0.13441297	-0.0441197	10	-0.24515171	0.14898719	0.5840298	Binding_K13	-0.14759628	0.08969937	0.35162154
K166L	K166L	166	166	-0.24711083	-0.13610254	-0.31215268	-0.019078882	-0.17449719	-0.42494974	-0.45090786	-0.06902011	-0.2612875	-0.08761268	10	-0.218272	0.14758223	0.5785224	Binding_K13	-0.13141306	0.0888535	0.34830573
K166M	K166M	166	166	-0.26391682	-0.18468241	-0.32019907	-0.23202954	-0.33262664	-0.3184323	-0.24752685	-0.13572451	-0.47707343	-0.34140676	10	-0.28536183	0.095276795	0.37348506	Binding_K13	-0.17180522	0.05736244	0.22486077
K166N	K166N	166	166	-0.35039568	-0.06251454	-0.08255275	-0.22183385	-0.05182997	-0.34625053	-0.25886458	-0.1627106	-0.23193577	-0.29450843	10	-0.20633967	0.1123193	0.44029164	Binding_K13	-0.124229066	0.067623064	0.26508242
K166P	K166P	166	166	-0.5567182	-0.30062667	-0.09145405	-0.16997488	-0.042903863	-0.039026886	0.05018767	0.00083299796	-0.06397565	0.1884913	10	-0.10251683	0.20493224	0.8033344	Binding_K13	-0.06172138	0.123381704	0.4836563
K166Q	K166Q	166	166	-0.38547722	-0.15829079	-0.49458247	-0.3143604	-0.42855975	-0.4762667	-0.4132165	-0.23415755	-0.31267947	-0.5182028	10	-0.37357938	0.11730359	0.45983008	Binding_K13	-0.22491756	0.07062391	0.27684575
K166R	K166R	166	166	-0.26865718	-0.31031385	-0.18945129	-0.10033372	-0.13088655	-0.06409578	-0.16646063	-0.1819444	-0.21810767	-0.24318795	10	-0.18734391	0.076169714	0.2985853	Binding_K13	-0.112792455	0.04585881	0.17976655
K166S	K166S	166	166	-0.43946028	-0.37703308	-0.46441934	-0.24704398	-0.25249058	-0.33996138	-0.4180059	-0.4497902	-0.4262582	-0.4305381	10	-0.38450012	0.07959378	0.3120076	Binding_K13	-0.23149252	0.04792031	0.18784761
K166T	K166T	166	166	-0.29347408	-0.27331954	-0.41607237	-0.23751272	-0.18022867	-0.3192884	-0.4215495	-0.37651828	-0.1886495	-0.20494425	10	-0.29115573	0.09075654	0.35576564	Binding_K13	-0.1752935	0.05464097	0.21419261
K166V	K166V	166	166	-0.4213332	-0.5205627	-0.26977244	-0.18538578	-0.38282385	-0.37454352	-0.23514925	-0.28037292	-0.4088172	-0.8102037	10	-0.38889647	0.17874573	0.7006833	Binding_K13	-0.23413938	0.10761583	0.42185405
K166W	K166W	166	166	0.015096361	-0.5046294	-0.33620048	-0.5849509	-0.2735161	-0.25742373	-0.44161704	-0.053887222	-0.018897582	-0.2127402	10	-0.26687664	0.20614684	0.80809563	Binding_K13	-0.160676	0.12411296	0.48652282
K166Y	K166Y	166	166	-0.1969808	-0.14877968	-0.5908611	-0.41056675	-0.061282407	-0.24380763	-0.20758231	-0.17355406	-0.5783038	-0.031506553	10	-0.26432252	0.19770682	0.77501076	Binding_K13	-0.15913828	0.11903156	0.46660373
K168A	K168A	168	168	-0.3280349	-0.3137954	-0.4180655	-0.32042655	-0.38749945	-0.34771502	-0.37378392	-0.36815277	-0.33475226	-0.38986316	10	-0.3582089	0.034568887	0.13551004	Binding_K13	-0.2156636	0.020812578	0.08158531
K168C	K168C	168	168	-0.5248133	-0.2445875	-0.395623	-0.29758796	-0.33337846	-0.19656801	-0.32350004	-0.34646794	-0.3898454	-0.50540495	10	-0.35577765	0.10351429	0.40577602	Binding_K13	-0.21419984	0.062321916	0.24430192
K168D	K168D	168	168	-0.3310202	-0.43833867	-0.27021348	-0.43962756	-0.50074613	-0.5039993	-0.34798077	-0.35116354	-0.36121392	-0.3431889	10	-0.38874927	0.07757839	0.30410728	Binding_K13	-0.23405077	0.04670692	0.18309112
K168E	K168E	168	168	-0.33011883	-0.32288808	-0.39017096	-0.2572281	-0.24621758	-0.20689988	-0.39734498	-0.32892102	-0.39221606	-0.3988083	10	-0.32708138	0.070076756	0.27470088	Binding_K13	-0.19692293	0.04219048	0.16538669
K168F	K168F	168	168	-0.13449314	-0.1530794	-0.14613698	-0.13108242	-0.13610822	-0.27683687	-0.25146738	-0.36967412	-0.16735956	-0.293465	10	-0.20597032	0.084991805	0.33316788	Binding_K13	-0.12400669	0.05117025	0.20058738
K168G	K168G	168	168	-0.60091305	-0.6142967	-0.60327846	-0.5263268	-0.4835884	-0.45612636	-0.49172485	-0.4719209	-0.41526127	-0.5036536	10	-0.516709	0.06836174	0.267978	Binding_K13	-0.31109035	0.041157935	0.1613391
K168H	K168H	168	168	-0.051711265	-0.10147672	-0.13537158	-0.30568752	-0.12499617	-0.4486407	-0.1614203	-0.3604022	-0.2033268	-0.0643083	10	-0.19573417	0.13331226	0.522584	Binding_K13	-0.1178439	0.08026211	0.31462747
K168I	K168I	168	168	-0.25244334	-0.15931308	-0.2322391	-0.06396167	-0.14280349	-0.19931227	-0.3181063	-0.102677114	-0.34056476	-0.2322429	10	-0.2043664	0.088976696	0.34878865	Binding_K13	-0.123041034	0.053569395	0.20999204
K168L	K168L	168	168	-0.4851511	-0.46004838	-0.35247228	-0.3359676	-0.43661705	-0.35196084	-0.44045898	-0.5435788	-0.40826687	-0.5101419	10	-0.43246636	0.07053356	0.27649155	Binding_K13	-0.26037112	0.042465504	0.16646478
K168M	K168M	168	168	-0.3712479	-0.3952215	-0.33114228	-0.36506885	-0.46145606	-0.35524535	-0.3339707	-0.12892891	-0.29740933	-0.29015562	10	-0.33298463	0.08699322	0.34101343	Binding_K13	-0.20047705	0.05237522	0.20531087
K168N	K168N	168	168	-0.33139244	-0.18996572	-0.26090267	-0.48499855	-0.35500622	-0.3779933	-0.3686743	-0.34215924	-0.3875526	-0.2708721	10	-0.3369517	0.08117737	0.31821528	Binding_K13	-0.20286547	0.048873726	0.191585
K168P	K168P	168	168	-0.60418034	-0.58885866	-0.47663692	-0.58442193	-0.68639666	-0.54223025	-0.42204463	-0.39547154	-0.31033045	-0.5848469	10	-0.51954186	0.115136325	0.45133442	Binding_K13	-0.31279588	0.06931909	0.27173084
K168Q	K168Q	168	168	-0.5846378	-0.589863	-0.54928875	-0.3524919	-0.5727316	-0.40832683	-0.40004414	-0.60248715	-0.3477564	-0.5609582	10	-0.4968586	0.10562561	0.4140524	Binding_K13	-0.29913917	0.06359305	0.24928477
K168R	K168R	168	168	-0.464103	-0.38851967	-0.348235	-0.39151397	-0.32970595	-0.3464602	-0.3798818	-0.37560663	-0.36961192	-0.41040584	10	-0.3804044	0.03799416	0.14893712	Binding_K13	-0.22902665	0.022874802	0.08966923
K168S	K168S	168	168	-0.31902757	-0.2630552	-0.23080736	-0.2158617	-0.32425132	-0.20657532	-0.31791586	-0.19254945	-0.36161336	-0.27078852	10	-0.27024454	0.058283214	0.2284702	Binding_K13	-0.1627037	0.035090048	0.13755299
K168T	K168T	168	168	-0.51880777	-0.29038644	-0.22583358	-0.27740607	-0.28023925	-0.25761017	-0.31826064	-0.35298127	-0.4412853	-0.50119174	10	-0.3464002	0.104465894	0.40950632	Binding_K13	-0.20855404	0.062894836	0.24654776
K168V	K168V	168	168	-0.25548446	-0.38046035	-0.20453928	-0.35567352	-0.35367632	-0.40340126	-0.27847117	-0.30330253	-0.3234188	-0.3230753	10	-0.3181503	0.06009412	0.23556896	Binding_K13	-0.19154589	0.036180325	0.14182688
K168W	K168W	168	168	-0.032530636	-0.017196378	0.03374338	-0.15229753	0.09948486	-0.11282646	0.028843293	0.006484861	-0.08638102	0.0103956135	10	-0.022228	0.07587787	0.29744124	Binding_K13	-0.013382612	0.045683105	0.17907777
K168Y	K168Y	168	168	-0.33869302	-0.14708598	-0.11853721	-0.37567005	-0.5080915	-0.05696369	-0.25925216	-0.44958025	-0.19496329	-0.29541218	10	-0.27442494	0.1469886	0.5761953	Binding_K13	-0.16522054	0.0884961	0.3469047
K171A	K171A	171	171	-0.24744391	-0.37099543	-0.21303715	-0.4105084	-0.36810908	-0.33619398	-0.44049603	-0.45415846	-0.42798096	-0.5094566	10	-0.377838	0.09231203	0.36186317	Binding_K13	-0.2274815	0.05557747	0.2178637
K171C	K171C	171	171	-0.5754486	-0.47724524	-0.50360054	-0.57142127	-0.57225925	-0.4706459	-0.62342256	-0.55521244	-0.45778298	-0.617237	10	-0.54242754	0.0607496	0.23813844	Binding_K13	-0.32657444	0.036574963	0.14337386
K171D	K171D	171	171	-0.254868	-0.27705613	-0.18510531	-0.36074454	-0.6617706	-0.29448098	-0.2991279	-0.36944324	-0.30562758	-0.49828494	10	-0.35065094	0.13698296	0.53697324	Binding_K13	-0.21111324	0.08247209	0.32329062
K171E	K171E	171	171	-0.57646936	-0.48469704	-0.5854542	-0.42317575	-0.42848018	-0.6592781	-0.6643869	-0.60566205	-0.66907793	-0.6241203	10	-0.5720802	0.0942785	0.36957172	Binding_K13	-0.34442717	0.056761406	0.22250472
K171F	K171F	171	171	-0.40922564	-0.2972084	-0.33111578	-0.39340928	-0.3934628	-0.2939719	-0.3388293	-0.33766925	-0.35641405	-0.40402704	10	-0.35553333	0.042810287	0.16781633	Binding_K13	-0.21405274	0.025774403	0.10103566
K171G	K171G	171	171	-0.445685	-0.49622265	-0.5755632	-0.26084617	-0.25743854	-0.47061813	-0.3543837	-0.40062913	-0.43960297	-0.4377525	10	-0.41387415	0.09999599	0.3919843	Binding_K13	-0.24917747	0.060203686	0.23599845
K171H	K171H	171	171	-0.17930599	-0.2281668	-0.2948898	-0.24307367	-0.22954161	-0.21674833	-0.22618781	-0.23104401	-0.23801419	-0.023808459	10	-0.21107808	0.071604684	0.28069037	Binding_K13	-0.12708187	0.043110386	0.16899271
K171I	K171I	171	171	-0.5626736	-0.44078052	-0.50043076	-0.5654913	-0.49781138	-0.42158866	-0.49306506	-0.44523248	-0.60803	-0.5873956	10	-0.51224995	0.06560217	0.2571605	Binding_K13	-0.3084057	0.039496504	0.1548263
K171L	K171L	171	171	-0.47132033	-0.42280158	-0.52281386	-0.47757858	-0.4004732	-0.4690716	-0.41446307	-0.48960462	-0.47744948	-0.55156577	10	-0.46971422	0.047243286	0.18519369	Binding_K13	-0.2827966	0.028443338	0.11149789
K171M	K171M	171	171	-0.2631962	-0.34161106	-0.2643908	-0.3495925	-0.41005185	-0.4238779	-0.56439984	-0.48322377	-0.37546322	-0.5371272	10	-0.40129343	0.10385311	0.4071042	Binding_K13	-0.2416031	0.062525906	0.24510156
K171N	K171N	171	171	-0.657256	-0.32137802	-0.5424129	-0.4237055	-0.56078374	-0.616277	-0.53426117	-0.43648595	-0.5213724	-0.38934112	10	-0.5003274	0.10508141	0.41191915	Binding_K13	-0.3012276	0.06326541	0.24800043
K171P	K171P	171	171	-0.5460334	-0.4120338	-0.5682353	-0.4265051	-0.30577374	-0.15573475	-0.25206193	-0.19945975	-0.194762	-0.47956377	10	-0.35401633	0.1521806	0.59654796	Binding_K13	-0.21313941	0.091621995	0.35915822
K171Q	K171Q	171	171	-0.45122594	-0.65135896	-0.5723566	-0.48848844	-0.45035052	-0.5517822	-0.46217215	-0.59343886	-0.7876306	-0.4314536	10	-0.5440258	0.11255219	0.44120458	Binding_K13	-0.3275367	0.06776328	0.26563206
K171R	K171R	171	171	-0.53330797	-0.42091915	-0.33459997	-0.52655417	-0.24454056	-0.49804574	-0.5053505	-0.44279918	-0.49777707	-0.39240658	10	-0.4396301	0.09376414	0.36755544	Binding_K13	-0.2646841	0.05645173	0.22129078
K171S	K171S	171	171	-0.48555627	-0.40854424	-0.40256947	-0.41201636	-0.48556027	-0.28580856	-0.48352975	-0.36591125	-0.47806782	-0.5201235	10	-0.43276873	0.07135958	0.27972957	Binding_K13	-0.26055315	0.04296282	0.16841425
K171T	K171T	171	171	-0.43543184	-0.46209395	-0.36361703	-0.52651215	-0.3298521	-0.6046009	-0.5752336	-0.57939047	-0.4775944	-0.5096201	10	-0.48639464	0.091595255	0.3590534	Binding_K13	-0.29283923	0.055145927	0.21617204
K171V	K171V	171	171	-0.5647123	-0.4695781	-0.4530336	-0.55011773	-0.50439787	-0.4283459	-0.57016754	-0.45989022	-0.5707002	-0.48888457	10	-0.50598276	0.05403792	0.21182865	Binding_K13	-0.30463248	0.032534122	0.12753376
K171W	K171W	171	171	-0.20240699	-0.28035	-0.085233405	-0.16666654	0.025463708	-0.11452635	-0.24849446	-0.20667984	-0.19893704	-0.1667913	10	-0.16446224	0.08803722	0.34510592	Binding_K13	-0.099016294	0.053003777	0.2077748
K171Y	K171Y	171	171	-0.6122213	-0.7976871	-0.56991166	-0.77414864	-0.54240763	-0.5952827	-0.665763	-0.6019929	-0.7325502	-0.7040191	10	-0.65959847	0.08881961	0.34817287	Binding_K13	-0.3971185	0.05347482	0.20962131
K174A	K174A	174	174	-0.4034222	-0.34701028	-0.31667778	-0.42227793	-0.47351155	-0.3633517	-0.43052116	-0.3297166	-0.6818238	-0.38186386	10	-0.4150177	0.10560678	0.41397858	Binding_K13	-0.24986596	0.06358172	0.24924035
K174C	K174C	174	174	-0.46623778	-0.47244868	-0.5050169	-0.55129725	-0.55754435	-0.5045448	-0.5753756	-0.4489371	-0.41671917	-0.45324755	10	-0.49513692	0.052769355	0.20685588	Binding_K13	-0.29810262	0.03177037	0.12453986
K174D	K174D	174	174	-0.4815158	-0.43408284	-0.4056818	-0.64278525	-0.3150902	-0.30241755	-0.43645146	-0.36225823	-0.4099074	-0.53254193	10	-0.43227324	0.10193597	0.399589	Binding_K13	-0.26025486	0.06137167	0.24057695
K174E	K174E	174	174	-0.5577427	-0.5673031	-0.8418888	-0.8740079	-0.7067681	-0.4682925	-0.6458976	-0.49901566	-0.8758019	-0.5605393	10	-0.6597258	0.15615098	0.61211187	Binding_K13	-0.39719516	0.09401241	0.36852866
K174F	K174F	174	174	-0.31792235	-0.102193095	-0.119366474	-0.16833824	-0.1880179	-0.091387	-0.44771135	-0.24373908	-0.354463	-0.18821968	10	-0.22213583	0.11798688	0.4625086	Binding_K13	-0.13373931	0.071035296	0.27845836
K174G	K174G	174	174	-0.42380944	-0.45934996	-0.40755102	-0.4051405	-0.4977817	-0.5806045	-0.47439152	-0.5837081	-0.59300625	-0.5336723	10	-0.49590153	0.07362323	0.28860307	Binding_K13	-0.29856294	0.044325676	0.17375666
K174H	K174H	174	174	-0.5577581	-0.27086663	-0.6494238	-0.50499636	-0.473967	-0.62944216	-0.9546112	-0.73199123	-0.76011014	-0.3349648	10	-0.5868131	0.2042992	0.8008529	Binding_K13	-0.35329726	0.12300057	0.48216224
K174I	K174I	174	174	-0.20501375	-0.17255513	-0.18923338	-0.16754109	-0.16193223	-0.14013487	-0.20468067	-0.2202831	-0.49313748	-0.13300258	10	-0.20875144	0.10385167	0.40709856	Binding_K13	-0.1256811	0.062525034	0.24509814
K174L	K174L	174	174	-0.26148656	-0.31683078	-0.19929181	-0.27626437	-0.20110111	-0.22289893	-0.21648891	-0.23099062	-0.24838361	-0.39220047	10	-0.2565937	0.05986853	0.23468465	Binding_K13	-0.15448506	0.036044504	0.14129446
K174M	K174M	174	174	-0.3239597	-0.563996	-0.47650793	-0.58379763	-0.5357142	-0.3334512	-0.52784836	-0.46953174	-0.5882504	-0.41775864	10	-0.48208156	0.09702148	0.3803242	Binding_K13	-0.2902425	0.05841285	0.22897838
K174N	K174N	174	174	-0.1766575	-0.23165908	-0.23304874	-0.43387175	-0.25777733	-0.48511693	-0.36783534	-0.46796754	-0.20039211	-0.29782343	10	-0.31521496	0.114874445	0.45030785	Binding_K13	-0.18977863	0.06916142	0.27111277
K174P	K174P	174	174	-0.44529754	-0.40187138	-0.28171724	-0.3875363	-0.55626833	-0.2738323	-0.33331287	-0.32213795	-0.4007105	-0.42992827	10	-0.3832613	0.0850775	0.3335038	Binding_K13	-0.23074667	0.051221844	0.20078963
K174Q	K174Q	174	174	-0.6723491	-0.9463614	-0.86577874	-0.5976379	-0.8720654	-0.6589016	-0.56705374	-0.71466035	-0.59683686	-0.7725533	10	-0.72641987	0.13230053	0.51861805	Binding_K13	-0.43734905	0.07965298	0.31223968
K174R	K174R	174	174	-0.26515847	-0.29682055	-0.44095936	-0.5842748	-0.5243857	-0.35831016	-0.42229134	-0.36108586	-0.472452	-0.3174773	10	-0.40432158	0.10304082	0.40392002	Binding_K13	-0.24342625	0.062036857	0.24318448
K174S	K174S	174	174	-0.5745446	-0.43537053	-0.46956894	-0.4944582	-0.47414052	-0.45354456	-0.6215739	-0.4608019	-0.48050606	-0.4640649	10	-0.4928574	0.05868498	0.23004512	Binding_K13	-0.2967302	0.035331935	0.13850118
K174T	K174T	174	174	-0.12600274	-0.06847658	-0.13846566	-0.34142643	-0.2156003	-0.24708429	-0.35916013	-0.22436358	0.029361758	-0.24563517	10	-0.19368531	0.11983246	0.46974325	Binding_K13	-0.11661036	0.07214645	0.28281412
K174V	K174V	174	174	-0.26640442	-0.20072183	-0.25391567	-0.2204371	-0.2253806	-0.18941301	-0.22428216	-0.20547584	-0.11585145	-0.2677723	10	-0.21696544	0.044604823	0.17485091	Binding_K13	-0.13062643	0.026854822	0.10527091
K174W	K174W	174	174	-0.42948124	-0.38100985	0.059266884	-0.2009483	-0.21638203	-0.22907256	-0.29151627	-0.11553991	-0.2234663	-0.18852496	10	-0.22166745	0.13550577	0.5311826	Binding_K13	-0.13345732	0.08158273	0.3198043
K174Y	K174Y	174	174	-0.14736155	-0.28691414	-0.21595204	-0.21952267	-0.25367528	-0.34379402	-0.23187757	-0.23162392	-0.1419034	-0.24768803	10	-0.23203127	0.05955747	0.2334653	Binding_K13	-0.13969697	0.03585723	0.14056034
K175A	K175A	175	175	-0.586538	-0.45132455	-0.36136255	-0.47144273	-0.5245498	-0.5155742	-0.48493382	-0.42106307	-0.63859886	-0.3672764	10	-0.48226637	0.08874286	0.34787202	Binding_K13	-0.29035375	0.053428613	0.20944017
K175C	K175C	175	175	-0.303074	-0.3917661	-0.31321928	-0.32479113	-0.25616646	-0.34179232	-0.25526863	-0.27474996	-0.29334265	-0.25710535	10	-0.30112758	0.04396692	0.17235033	Binding_K13	-0.18129717	0.026470765	0.103765406
K175D	K175D	175	175	-0.25781786	-0.21615723	-0.32903907	-0.19018015	-0.08288166	-0.24748771	-0.37577742	-0.22085808	-0.18106806	-0.114612	10	-0.22158794	0.08859719	0.347301	Binding_K13	-0.13340946	0.053340912	0.20909637
K175E	K175E	175	175	-0.42921227	-0.43488953	-0.49848917	-0.27898294	-0.47734857	-0.44135934	-0.51203537	-0.5599785	-0.5385941	-0.50129545	10	-0.46721855	0.07926055	0.31070137	Binding_K13	-0.28129405	0.047719683	0.18706116
K175F	K175F	175	175	-0.042493064	-0.01582207	0.12879632	-0.06621138	0.05198133	0.08103149	0.023489974	0.14202885	0.009905221	0.07688045	10	0.038958713	0.06980248	0.27362573	Binding_K13	0.023455521	0.042025346	0.16473936
K175G	K175G	175	175	-0.5507355	-0.47403735	-0.426769	-0.49363554	-0.49226028	-0.42948145	-0.4908048	-0.3849972	-0.42774692	-0.5361232	10	-0.4706591	0.05261065	0.20623375	Binding_K13	-0.2833655	0.03167482	0.124165304
K175H	K175H	175	175	-0.3223057	-0.32702452	-0.5043808	-0.18652652	-0.11211093	-0.23884812	-0.5495628	-0.5893258	-0.3587328	-0.38171375	10	-0.3570532	0.15580776	0.6107665	Binding_K13	-0.21496779	0.093805775	0.36771864
K175I	K175I	175	175	0.004602486	0.12174029	0.35708058	0.048927642	0.12093395	0.08960802	0.03526784	-0.026098961	-0.23087546	-0.32086682	10	0.020031953	0.18902326	0.7409712	Binding_K13	0.012060457	0.11380353	0.44610983
K175L	K175L	175	175	-0.43997338	-0.46398377	-0.49119258	-0.31938714	-0.31515858	-0.40167907	-0.4894097	-0.34920263	-0.40227732	-0.5251698	10	-0.4197434	0.07457756	0.29234406	Binding_K13	-0.25271112	0.04490024	0.17600894
K175M	K175M	175	175	-0.5178853	-0.3265815	-0.3348567	-0.705901	-0.7503201	-0.7173223	-0.6696512	-0.67062885	-0.90839994	-0.77833045	10	-0.63798773	0.18906155	0.7411213	Binding_K13	-0.38410753	0.11382658	0.4462002
K175N	K175N	175	175	-0.13542849	-0.14746952	-0.12800898	-0.08531646	-0.15854527	-0.1074681	-0.16739954	-0.20261325	-0.27537525	-0.13026717	10	-0.15378919	0.053545345	0.20989776	Binding_K13	-0.09259047	0.032237563	0.12637125
K175P	K175P	175	175	-0.5983125	-0.5564761	-0.38611984	-0.30027896	-0.49848586	-0.34400418	-0.2435857	-0.24848028	-0.3681165	-0.29754138	10	-0.38414013	0.12614243	0.49447832	Binding_K13	-0.23127578	0.07594543	0.2977061
K175Q	K175Q	175	175	-0.4066743	-0.45177856	-0.49587542	-0.48834774	-0.382336	-0.32966036	-0.37065366	-0.86565465	-0.47920156	-0.6974414	10	-0.49676237	0.1645846	0.64517164	Binding_K13	-0.29908124	0.099089965	0.38843268
K175R	K175R	175	175	-0.384138	-0.5208652	-0.45789552	-0.44425553	-0.42135072	-0.4670639	-0.3336873	-0.44028267	-0.4551225	-0.34812397	10	-0.42727852	0.05718621	0.22416994	Binding_K13	-0.25724772	0.034429584	0.13496397
K175S	K175S	175	175	-0.41146284	-0.19698694	-0.3757852	-0.38255906	-0.3801361	-0.34674266	-0.38791728	-0.45833397	-0.4269734	-0.4871701	10	-0.3854068	0.07832452	0.3070321	Binding_K13	-0.2320384	0.047156136	0.18485206
K175T	K175T	175	175	-0.43138352	-0.49985993	-0.5216155	-0.4860101	-0.31290346	-0.40534076	-0.44804502	-0.6099762	-0.6269944	-0.5198243	10	-0.48619533	0.09353884	0.36667228	Binding_K13	-0.29271924	0.056316085	0.22075906
K175V	K175V	175	175	-0.16791977	-0.08889858	-0.33506057	-0.13695836	0.00067109894	-0.04001954	0.0038889355	0.04203874	-0.09383382	-0.10273817	10	-0.091883	0.10823977	0.4242999	Binding_K13	-0.05531917	0.06516694	0.25545442
K175W	K175W	175	175	-0.23084907	-0.4150021	-0.32742617	-0.26341173	-0.12732649	-0.31488165	-0.29299587	-0.35867885	-0.31103346	-0.5978102	10	-0.3239416	0.12324717	0.4831289	Binding_K13	-0.19503258	0.074202314	0.29087308
K175Y	K175Y	175	175	-0.18446518	-0.21725473	-0.15544035	-0.096322745	-0.20366277	-0.078781016	-0.28436935	-0.1341951	-0.23817094	-0.2992479	10	-0.18919101	0.07421316	0.2909156	Binding_K13	-0.11390453	0.04468085	0.17514893
K176A	K176A	176	176	-0.5545574	-0.5421922	-0.526747	-0.47643352	-0.5267818	-0.3646338	-0.40878224	-0.34161246	-0.4004463	-0.47220472	10	-0.46143913	0.0776675	0.3044566	Binding_K13	-0.2778145	0.04676057	0.18330143
K176C	K176C	176	176	-0.45454717	-0.6053804	-0.5311428	-0.4995749	-0.48333782	-0.41232643	-0.433783	-0.39482704	-0.354881	-0.66812074	10	-0.48379213	0.09675199	0.3792678	Binding_K13	-0.29127237	0.058250595	0.22834234
K176D	K176D	176	176	-0.3428809	-0.2515702	-0.3436207	-0.37031335	-0.38692132	-0.17017429	-0.21633175	-0.30318785	-0.48330146	-0.32780063	10	-0.3196102	0.09004826	0.3529892	Binding_K13	-0.19242483	0.054214545	0.21252102
K176E	K176E	176	176	-0.49134338	-0.43100092	-0.34599808	-0.4217112	-0.3980675	-0.34016353	-0.28766137	-0.5113592	-0.3752288	-0.5893652	10	-0.41918993	0.090730056	0.35566184	Binding_K13	-0.2523779	0.054625027	0.2141301
K176F	K176F	176	176	-0.12851663	-0.09738532	-0.2345785	-0.21375485	-0.23759691	-0.4541002	-0.28519595	-0.2495358	-0.16388196	-0.16962893	10	-0.22341749	0.09969967	0.3908227	Binding_K13	-0.13451095	0.06002528	0.2352991
K176G	K176G	176	176	-0.43573886	-0.45517802	-0.46250793	-0.4096826	-0.30579868	-0.33266842	-0.38843554	-0.48788276	-0.40563846	-0.3857387	10	-0.40692702	0.0570991	0.22382848	Binding_K13	-0.24499488	0.03437714	0.13475838
K176H	K176H	176	176	-0.27420977	-0.3320665	-0.47089925	-0.60773414	-0.578863	-0.24234195	-0.4302239	-0.38743395	-0.4820239	-0.43482536	10	-0.42406216	0.1195773	0.46874303	Binding_K13	-0.25531128	0.07199283	0.2822119
K176I	K176I	176	176	-0.25395104	-0.11144223	-0.15844373	-0.26196823	-0.21811375	-0.33377877	-0.15951096	-0.12461995	-0.1596646	-0.31277585	10	-0.20942692	0.078402966	0.30733964	Binding_K13	-0.12608778	0.047203366	0.1850372
K176L	K176L	176	176	-0.49259463	-0.29036903	-0.2722792	-0.34009326	-0.34421965	-0.32617852	-0.3135212	-0.22549306	-0.32301512	-0.4537005	10	-0.33814645	0.079957075	0.31343174	Binding_K13	-0.20358478	0.048139036	0.18870503
K176M	K176M	176	176	-0.25425375	-0.21759534	-0.40605706	-0.22896878	-0.45814994	-0.23837303	-0.41707736	-0.29232243	-0.2511245	-0.23010503	10	-0.2994027	0.09130089	0.3578995	Binding_K13	-0.18025869	0.054968704	0.21547732
K176N	K176N	176	176	-0.34294325	-0.4130617	-0.31736612	-0.28989217	-0.26852116	-0.14918551	-0.17066269	-0.119841576	-0.48955637	-0.1904795	10	-0.27515098	0.12004794	0.47058794	Binding_K13	-0.16565767	0.07227618	0.28332263
K176P	K176P	176	176	-0.63602173	-0.49827385	-0.16969652	-0.39200065	-0.32017702	-0.31881952	-0.5344494	-0.5815389	-0.5159757	-0.67155695	10	-0.46385103	0.15947369	0.62513685	Binding_K13	-0.2792666	0.09601288	0.37637052
K176Q	K176Q	176	176	-0.22381255	-0.36569425	-0.2445108	-0.37462643	-0.29560366	-0.37517747	-0.38533998	-0.51851267	-0.3390204	-0.23366807	10	-0.33559665	0.08988969	0.35236758	Binding_K13	-0.20204964	0.054119073	0.21214677
K176R	K176R	176	176	-0.35131028	-0.31680292	-0.35941055	-0.32863894	-0.29555696	-0.3234168	-0.39959443	-0.37151042	-0.4056471	-0.40588775	10	-0.35577762	0.03962023	0.15531132	Binding_K13	-0.21419983	0.023853796	0.09350688
K176S	K176S	176	176	-0.55830353	-0.3996656	-0.44795948	-0.43022233	-0.42517436	-0.31596255	-0.4166127	-0.3004108	-0.29953524	-0.35757366	10	-0.39514202	0.0801532	0.31420055	Binding_K13	-0.23789959	0.048257113	0.18916789
K176T	K176T	176	176	-0.5012052	-0.4564845	-0.5339016	-0.456702	-0.4726067	-0.3622867	-0.47935438	-0.5536318	-0.5973639	-0.65286034	10	-0.50663966	0.081882164	0.32097808	Binding_K13	-0.30502796	0.049298055	0.19324838
K176V	K176V	176	176	-0.46708363	-0.32831874	-0.39508468	-0.30298805	-0.30191532	-0.29257366	-0.30125022	-0.37977278	-0.42437896	-0.29731992	10	-0.34906858	0.06288705	0.24651724	Binding_K13	-0.21016057	0.03786184	0.14841841
K176W	K176W	176	176	-0.43113002	-0.57194346	-0.4222238	-0.34436324	-0.2834812	-0.5286126	-0.44922525	-0.3480241	-0.47324315	-0.3071309	10	-0.41593775	0.09475966	0.37145787	Binding_K13	-0.25041988	0.057051092	0.2236403
K176Y	K176Y	176	176	-0.005635685	0.015111626	-0.0661277	0.062384207	-0.09260999	-0.1156371	-0.15663445	0.008008947	-0.10242039	-0.0374017	10	-0.049096227	0.06900585	0.27050292	Binding_K13	-0.029558921	0.041545726	0.16285925
K177A	K177A	177	177	-0.59850514	-0.6012955	-0.52045006	-0.5447052	-0.66175294	-0.5546103	-0.7254689	-0.5329234	-0.60112	-0.5255062	10	-0.5866338	0.06605469	0.25893438	Binding_K13	-0.35318932	0.03976895	0.15589428
K177C	K177C	177	177	-0.61485505	-0.49712533	-0.6111765	-0.5678711	-0.51246065	-0.5359911	-0.56139433	-0.46974355	-0.47980195	-0.59750324	10	-0.5447923	0.053906657	0.2113141	Binding_K13	-0.3279982	0.032455094	0.12722397
K177D	K177D	177	177	-0.67827225	-0.7263432	-0.43473864	-0.5175032	-0.5210404	-0.47963762	-0.5311279	-0.5363371	-0.62079465	-0.6829569	10	-0.57287514	0.09757102	0.38247842	Binding_K13	-0.34490576	0.058743704	0.23027532
K177E	K177E	177	177	-1.2567441	-0.8145611	-0.91172945	-0.83928555	-0.7598404	-0.8871127	-0.7279474	-0.79722124	-1.1524209	-1.0946871	10	-0.92415506	0.18078566	0.7086798	Binding_K13	-0.5563977	0.10884399	0.42666844
K177F	K177F	177	177	-0.4581352	-0.45373276	-0.43932617	-0.5875312	-0.45329294	-0.4380896	-0.4212055	-0.31155646	-0.48687273	-0.43307814	10	-0.4482821	0.06739086	0.26417217	Binding_K13	-0.26989314	0.040573407	0.15904775
K177G	K177G	177	177	-0.5127905	-0.4775813	-0.53802824	-0.5310541	-0.49580038	-0.5236905	-0.4968055	-0.39934772	-0.5069443	-0.5409055	10	-0.5022948	0.04145343	0.16249745	Binding_K13	-0.3024121	0.024957491	0.097833365
K177H	K177H	177	177	-0.36050564	-0.39493218	-0.38320908	-0.47950134	-0.5497269	-0.5676776	-0.5720646	-0.41678852	-0.570859	-0.58950675	10	-0.48847714	0.091550484	0.3588779	Binding_K13	-0.294093	0.055118974	0.21606639
K177I	K177I	177	177	-0.1977473	-0.2885752	-0.25468284	-0.31188428	-0.30528778	-0.38192672	-0.3453341	-0.24373187	-0.35277733	-0.35959047	10	-0.30415377	0.058600515	0.22971402	Binding_K13	-0.18311912	0.035281084	0.13830185
K177L	K177L	177	177	-0.5699641	-0.50488496	-0.47119334	-0.6816835	-0.71744126	-0.34479058	-0.49688748	-0.47347745	-0.4661148	-0.65899235	10	-0.538543	0.116625	0.45717	Binding_K13	-0.3242357	0.07021537	0.27524424
K177M	K177M	177	177	-0.8054137	-0.77020776	-0.6376757	-0.7369354	-0.6338303	-0.7192656	-0.80254805	-0.7100937	-0.8283031	-0.79987335	10	-0.7444146	0.06941585	0.27211013	Binding_K13	-0.448183	0.041792575	0.1638269
K177N	K177N	177	177	-0.32175064	-0.120259844	-0.31471676	-0.29332042	-0.28954718	-0.27540874	-0.25231063	-0.2857763	-0.32863122	-0.41768607	10	-0.28994077	0.074453026	0.29185587	Binding_K13	-0.17456202	0.04482526	0.17571501
K177P	K177P	177	177	-0.4499782	-0.48102582	-0.44591224	-0.44588184	-0.38732263	-0.42774028	-0.24375404	-0.45220375	-0.39986604	-0.5043407	10	-0.42380255	0.07193032	0.28196687	Binding_K13	-0.25515497	0.043306436	0.16976124
K177Q	K177Q	177	177	-0.36662126	-0.38706356	-0.44159892	-0.5310428	-0.6079455	-0.31397462	-0.52845114	-0.42203045	-0.6321307	-0.4105558	10	-0.46414146	0.10575953	0.41457736	Binding_K13	-0.27944145	0.06367369	0.24960087
K177R	K177R	177	177	-0.68776923	-0.44012207	-0.5038577	-0.573523	-0.53941506	-0.50303423	-0.5070207	-0.46829823	-0.53106505	-0.65286994	10	-0.54069746	0.07792559	0.30546832	Binding_K13	-0.32553282	0.04691596	0.18391056
K177S	K177S	177	177	-0.48554307	-0.49263957	-0.32535368	-0.42916304	-0.49156845	-0.50706965	-0.5484852	-0.518277	-0.44293624	-0.4721978	10	-0.4713234	0.061818793	0.24232967	Binding_K13	-0.28376544	0.037218682	0.14589724
K177T	K177T	177	177	-0.60358286	-0.5307201	-0.55718786	-0.5528023	-0.6137601	-0.5433733	-0.563264	-0.44045857	-0.80842793	-0.62073106	10	-0.58343077	0.09439784	0.37003955	Binding_K13	-0.3512609	0.056833256	0.22278637
K177V	K177V	177	177	-0.60518503	-0.56092036	-0.5250778	-0.68098116	-0.5724907	-0.65499663	-0.55796844	-0.4955885	-0.61818826	-0.61995935	10	-0.58913565	0.05746886	0.22527795	Binding_K13	-0.3546956	0.03459976	0.13563105
K177W	K177W	177	177	-0.6283411	-0.36511412	-0.5026828	-0.75608134	-0.5643392	-0.5807414	-0.6547702	-0.7231311	-0.72437495	-0.49709842	10	-0.59966743	0.12277667	0.48128456	Binding_K13	-0.36103636	0.07391904	0.28976265
K177Y	K177Y	177	177	-0.2244654	-0.35568923	-0.28329435	-0.37530208	-0.1463214	-0.39046162	-0.31703192	-0.37367773	-0.423107	-0.28304353	10	-0.31723943	0.08481748	0.3324845	Binding_K13	-0.19099748	0.051065292	0.20017596
K178A	K178A	178	178	-0.61301076	-0.45600662	-0.4451568	-0.4385844	-0.46798354	-0.45531392	-0.542483	-0.35904488	-0.39267832	-0.38042006	10	-0.45506826	0.07587286	0.29742163	Binding_K13	-0.27397883	0.045680087	0.17906594
K178C	K178C	178	178	-0.5050606	-0.3609436	-0.5274563	-0.38281173	-0.28589758	-0.3992891	-0.65572226	-0.5151623	-0.5413674	-0.6573046	10	-0.48310155	0.123788126	0.48524946	Binding_K13	-0.2908566	0.074528	0.29214978
K178D	K178D	178	178	-0.4415352	-0.17821199	-0.3371351	-0.41547573	-0.27302888	-0.35006797	-0.4084342	-0.32560587	-0.4498906	-0.23754548	10	-0.3416931	0.09080546	0.35595742	Binding_K13	-0.20572008	0.054670427	0.21430808
K178E	K178E	178	178	-0.55237544	-0.5644784	-0.5221678	-0.39341354	-0.54401064	-0.55098194	-0.43483907	-0.4948577	-0.49219438	-0.48667085	10	-0.503599	0.05544796	0.217356	Binding_K13	-0.3031973	0.033383053	0.13086157
K178F	K178F	178	178	-0.3603198	-0.37135434	-0.36850706	-0.22712429	-0.38131762	-0.37203798	-0.31506398	-0.3048978	-0.31429017	-0.14962216	10	-0.31645352	0.075201556	0.29479012	Binding_K13	-0.19052431	0.045275923	0.17748162
K178G	K178G	178	178	-0.46443638	-0.36611882	-0.448532	-0.5165982	-0.35583016	-0.38254228	-0.53137445	-0.33431235	-0.43060127	-0.4680066	10	-0.42983523	0.06810144	0.26695767	Binding_K13	-0.258787	0.041001223	0.1607248
K178H	K178H	178	178	-0.24799773	-0.23003511	-0.28543618	-0.3156109	-0.22164185	-0.48155096	-0.5130892	-0.2511818	-0.31836018	-0.3854739	10	-0.32503778	0.10345158	0.4055302	Binding_K13	-0.19569255	0.06228416	0.24415392
K178I	K178I	178	178	-0.37970373	-0.31230453	-0.27065495	-0.42933547	-0.28442565	-0.416444	-0.37183285	-0.34417602	-0.4312809	-0.5135726	10	-0.37537307	0.07530904	0.29521143	Binding_K13	-0.22599748	0.04534063	0.17773528
K178L	K178L	178	178	-0.4723782	-0.4017019	-0.38082108	-0.41506222	-0.4043326	-0.44453052	-0.34552255	-0.5569586	-0.40141216	-0.42478913	10	-0.4247509	0.057669714	0.22606528	Binding_K13	-0.25572595	0.034720685	0.13610509
K178M	K178M	178	178	-0.49201077	-0.56172043	-0.41237953	-0.33943626	-0.4516362	-0.54619974	-0.44471142	-0.2995628	-0.657705	-0.5377981	10	-0.47431603	0.10787831	0.422883	Binding_K13	-0.28556716	0.06494932	0.25460133
K178N	K178N	178	178	-0.3908308	-0.23621093	-0.12771586	-0.23239477	-0.1674277	-0.196199	-0.084083274	-0.113637865	-0.21856031	-0.33861908	10	-0.21056798	0.0968478	0.37964338	Binding_K13	-0.12677476	0.05830828	0.22856846
K178P	K178P	178	178	-0.4193847	-0.43328345	-0.5378467	-0.32131398	-0.4693153	-0.44010758	-0.31123105	-0.3212573	-0.29564482	-0.31583005	10	-0.3865215	0.08388365	0.32882392	Binding_K13	-0.2327095	0.05050307	0.19797204
K178Q	K178Q	178	178	-0.16318394	-0.26979992	-0.27085972	-0.42919415	-0.4610539	-0.16788779	-0.31021854	-0.32786345	-0.39215964	-0.51252896	10	-0.33047503	0.118236326	0.4634864	Binding_K13	-0.19896612	0.07118548	0.27904707
K178R	K178R	178	178	-0.47995815	-0.40625727	-0.27588502	-0.3144426	-0.2797745	-0.41066644	-0.40908247	-0.3921962	-0.41663808	-0.42545193	10	-0.38103527	0.06765633	0.26521283	Binding_K13	-0.22940646	0.040733237	0.15967429
K178S	K178S	178	178	-0.3127087	-0.38294354	-0.4105722	-0.33103612	-0.29944107	-0.34620628	-0.43856144	-0.33467457	-0.30997846	-0.28740525	10	-0.34535277	0.04995219	0.19581258	Binding_K13	-0.20792343	0.030074265	0.11789112
K178T	K178T	178	178	-0.4349159	-0.33760706	-0.47534606	-0.25903016	-0.21581809	-0.22931062	-0.35326353	-0.21837054	-0.40057886	-0.48357815	10	-0.34078187	0.10583568	0.4148759	Binding_K13	-0.20517147	0.06371953	0.24978058
K178V	K178V	178	178	-0.508131	-0.4377181	-0.43074867	-0.4457865	-0.40633768	-0.54196346	-0.4938857	-0.45463946	-0.50628877	-0.6049442	10	-0.48304433	0.060079973	0.2355135	Binding_K13	-0.29082215	0.03617181	0.14179349
K178W	K178W	178	178	-0.7011846	-0.9889889	-0.48449826	-0.91301155	-0.87922794	-0.45934606	-0.66235447	-0.7830759	-0.7971426	-0.72073007	10	-0.738956	0.17268384	0.67692065	Binding_K13	-0.44489655	0.1039662	0.4075475
K178Y	K178Y	178	178	-0.3421589	-0.1976876	-0.17457186	-0.37762588	-0.1452471	-0.10817614	-0.23352087	-0.2871502	-0.24559665	-0.3532005	10	-0.24649358	0.0921914	0.3613903	Binding_K13	-0.14840417	0.055504844	0.21757899
K179A	K179A	179	179	-0.47608867	-0.34836248	-0.41572642	-0.32621813	-0.4005046	-0.45468408	-0.42947918	-0.38096008	-0.3037237	-0.40211824	10	-0.39378658	0.055032004	0.21572545	Binding_K13	-0.23708352	0.03313262	0.12987988
K179C	K179C	179	179	-0.55381316	-0.39045188	-0.43080702	-0.57859373	-0.36324093	-0.43852782	-0.40993842	-0.5751714	-0.34787738	-0.52078176	10	-0.46092033	0.08844708	0.34671256	Binding_K13	-0.27750215	0.053250536	0.20874211
K179D	K179D	179	179	-0.42311105	-0.44405106	-0.42667148	-0.16219524	-0.17443128	-0.53969353	-0.29734886	-0.6107095	-0.3103292	-0.3183666	10	-0.37069076	0.14574823	0.57133305	Binding_K13	-0.22317845	0.08774932	0.34397733
K179E	K179E	179	179	-0.48235685	-0.49313137	-0.2562309	-0.3958116	-0.22000895	-0.3886036	-0.36619484	-0.5655524	-0.5918964	-0.4495023	10	-0.42092896	0.121158645	0.4749419	Binding_K13	-0.25342488	0.072944894	0.28594398
K179F	K179F	179	179	-0.3296577	-0.5537724	-0.37295157	-0.41880068	-0.37827876	-0.38497567	-0.36166394	-0.41679886	-0.41525722	-0.43136922	10	-0.40635258	0.060499515	0.2371581	Binding_K13	-0.24464902	0.0364244	0.14278364
K179G	K179G	179	179	-0.3302286	-0.40159667	-0.42787883	-0.40674025	-0.3343168	-0.28907973	-0.3264179	-0.32884717	-0.30437502	-0.33641914	10	-0.34859	0.046600774	0.18267503	Binding_K13	-0.20987242	0.028056508	0.109981515
K179H	K179H	179	179	-0.3143659	-0.45137632	-0.3199103	-0.420427	-0.19269225	-0.37530953	-0.40499705	-0.24320108	-0.34017164	-0.45932227	10	-0.35217732	0.08770521	0.34380442	Binding_K13	-0.21203223	0.052803885	0.20699124
K179I	K179I	179	179	-0.25455204	-0.20374206	-0.1868552	-0.1353923	-0.36890197	-0.2980619	-0.24702318	-0.3300901	-0.28573844	-0.22875135	10	-0.25391087	0.06970526	0.27324465	Binding_K13	-0.15286982	0.04196682	0.16450994
K179L	K179L	179	179	-0.6344155	-0.58033586	-0.45508522	-0.5256559	-0.6044921	-0.34019887	-0.4058848	-0.463421	-0.47260794	-0.40303946	10	-0.48851365	0.09584708	0.37572056	Binding_K13	-0.294115	0.057705786	0.22620669
K179M	K179M	179	179	-0.28276363	-0.25401795	-0.27274302	-0.29195777	-0.29852977	-0.2526404	-0.41887745	-0.22628967	-0.28449833	-0.21067464	10	-0.27929926	0.056728724	0.2223766	Binding_K13	-0.16815518	0.03415415	0.13388427
K179N	K179N	179	179	-0.16001211	-0.19558513	-0.09858645	-0.24381723	-0.12595104	-0.22723702	-0.37492806	-0.3167995	-0.14881442	-0.12474466	10	-0.20164756	0.08978147	0.35194337	Binding_K13	-0.12140413	0.05405392	0.21189137
K179P	K179P	179	179	-0.5230382	-0.4530805	-0.22544983	-0.3122063	-0.39337647	-0.24821596	-0.16534522	-0.42584038	-0.22516651	-0.47604254	10	-0.3447762	0.12507634	0.49029925	Binding_K13	-0.2075763	0.075303584	0.29519007
K179Q	K179Q	179	179	-0.49791288	-0.44315252	-0.39210337	-0.5453891	-0.8011645	-0.6044978	-0.5294715	-0.41247702	-0.5158991	-0.5721171	10	-0.5314185	0.1167471	0.45764866	Binding_K13	-0.31994635	0.070288874	0.2755324
K179R	K179R	179	179	-0.42937997	-0.32588884	-0.31691596	-0.32241645	-0.29885393	-0.3153972	-0.37711385	-0.33332312	-0.34449127	-0.3605862	10	-0.34243667	0.038202476	0.1497537	Binding_K13	-0.20616776	0.02300022	0.09016086
K179S	K179S	179	179	-0.45306718	-0.2746307	-0.32784528	-0.25713968	-0.288271	-0.19116431	-0.31374875	-0.1980164	-0.3509443	-0.32242146	10	-0.2977249	0.07623376	0.29883635	Binding_K13	-0.17924854	0.045897372	0.17991771
K179T	K179T	179	179	-0.045979857	-0.13028705	-0.120411895	-0.27154848	-0.26054078	-0.29750717	-0.2375214	-0.11606054	-0.18334535	-0.27141604	10	-0.19346187	0.086031154	0.33724213	Binding_K13	-0.116475835	0.051796	0.20304033
K179V	K179V	179	179	-0.48720744	-0.3911908	-0.4887967	-0.4387473	-0.4463938	-0.37720355	-0.24224496	-0.25998652	-0.34383342	-0.3687473	10	-0.38443518	0.08559609	0.3355367	Binding_K13	-0.23145342	0.051534068	0.20201355
K179W	K179W	179	179	-0.5037107	-0.44027653	-0.48769385	-0.5532621	-0.50728434	-0.5619599	-0.49184713	-0.40284076	-0.44212154	-0.59983057	10	-0.49908274	0.060804863	0.23835507	Binding_K13	-0.30047825	0.036608234	0.14350428
K179Y	K179Y	179	179	-0.2850078	-0.21916308	-0.11895058	-0.22096479	-0.2931216	-0.21244188	-0.27038473	-0.17854588	-0.3189925	-0.0976299	10	-0.22152026	0.073673785	0.28880125	Binding_K13	-0.1333687	0.04435611	0.17387596
K181A	K181A	181	181	-0.2818752	-0.29861942	-0.586617	-0.31688982	-0.39511037	-0.5864682	-0.3763097	-0.46889284	-0.5692956	-0.28570083	10	-0.4165779	0.12694858	0.49763843	Binding_K13	-0.2508053	0.07643078	0.29960868
K181C	K181C	181	181	-0.56318516	-0.31804043	-0.251044	-0.28463325	-0.7212606	-0.42758155	-0.5400076	-0.5534205	-0.6621179	-0.453389	10	-0.477468	0.15898864	0.62323546	Binding_K13	-0.28746486	0.09572086	0.37522578
K181D	K181D	181	181	-0.2785794	-0.27578926	-0.33083126	-0.23384792	-0.15829891	-0.24088341	-0.38740242	-0.23765062	-0.35040408	-0.30795032	10	-0.28016376	0.06678429	0.26179442	Binding_K13	-0.16867568	0.040208217	0.15761621
K181E	K181E	181	181	-0.3068719	-0.4420958	-0.40493852	-0.2722239	-0.33456576	-0.24829201	-0.29093352	-0.3368542	-0.33091754	-0.372733	10	-0.3340426	0.05961727	0.23369971	Binding_K13	-0.20111401	0.03589323	0.14070147
K181F	K181F	181	181	-0.49048024	-0.3244361	-0.33272323	-0.27534655	-0.23477753	-0.47759202	-0.5946735	-0.42899698	-0.59808695	-0.27511805	10	-0.4032231	0.133645	0.5238884	Binding_K13	-0.24276489	0.08046244	0.31541276
K181G	K181G	181	181	-0.34891823	-0.2817699	-0.5599487	-0.38181558	-0.47327474	-0.28544563	-0.4921265	-0.3491229	-0.39909202	-0.3595124	10	-0.39310265	0.09020591	0.35360718	Binding_K13	-0.23667176	0.054309458	0.21289308
K181H	K181H	181	181	-0.7262153	-0.41985402	-0.51320904	-0.5705237	-0.41450745	-0.71291536	-0.6613623	-0.45052278	-0.5245873	-0.30966598	10	-0.5303363	0.13804233	0.54112595	Binding_K13	-0.3192948	0.0831099	0.32579082
K181I	K181I	181	181	-0.5699096	-0.7275785	-0.4190132	-0.52775645	-0.6971259	-0.6802677	-0.586419	-0.9154803	-0.7373561	-0.59475064	10	-0.6455657	0.1369824	0.53697103	Binding_K13	-0.3886699	0.08247176	0.3232893
K181L	K181L	181	181	-0.69251114	-0.5882174	-0.5145642	-0.45903695	-0.6297281	-0.4135412	-0.54197043	-0.61949617	-0.63586015	-0.6138788	10	-0.5708804	0.08709143	0.34139842	Binding_K13	-0.34370482	0.05243435	0.20554265
K181M	K181M	181	181	-0.4381342	-0.33204097	-0.54059315	-0.47388005	-0.40220088	-0.4055143	-0.6856782	-0.46624345	-0.69223624	-0.5859297	10	-0.5022451	0.121456005	0.47610754	Binding_K13	-0.3023822	0.07312392	0.28664577
K181N	K181N	181	181	-0.49357352	-0.3466412	-0.3079324	-0.2522193	-0.3246173	-0.34486803	-0.45416844	-0.27681792	-0.3993294	-0.2910042	10	-0.34911716	0.07798774	0.30571193	Binding_K13	-0.21018982	0.046953373	0.18405722
K181P	K181P	181	181	-0.41566384	-0.45305383	-0.51358986	-0.5020628	-0.3852275	-0.27352244	-0.37522057	-0.08795363	-0.1891062	-0.6166072	10	-0.3812008	0.15931872	0.62452936	Binding_K13	-0.22950612	0.09591958	0.37600476
K181Q	K181Q	181	181	-0.5773651	-0.6281631	-0.5729793	-0.44713223	-0.60225695	-0.58662564	-0.51744306	-0.6798329	-0.6363224	-0.5261448	10	-0.57742655	0.06704507	0.26281667	Binding_K13	-0.347646	0.04036522	0.15823166
K181R	K181R	181	181	-0.23255621	-0.40462202	-0.2771932	-0.5707722	-0.21927147	-0.29570767	-0.25476304	-0.24696168	-0.24690929	-0.3316257	10	-0.30803826	0.10744497	0.4211843	Binding_K13	-0.18545781	0.06468842	0.25357863
K181S	K181S	181	181	-0.45542738	-0.33479452	-0.42539555	-0.41605395	-0.46794337	-0.29368672	-0.43902585	-0.27150825	-0.47723284	-0.5371893	10	-0.4118258	0.0853528	0.33458298	Binding_K13	-0.24794425	0.05138759	0.20143935
K181T	K181T	181	181	-0.26424128	-0.43000093	-0.4652429	-0.6055407	-0.5989938	-0.22961614	-0.5082644	-0.36573422	-0.3845657	-0.41026765	10	-0.4262468	0.12508367	0.49032798	Binding_K13	-0.25662655	0.075307995	0.29520735
K181V	K181V	181	181	-0.4617483	-0.4670453	-0.47873807	-0.48439273	-0.38822833	-0.45986235	-0.42793226	-0.47464198	-0.43543258	-0.53364825	10	-0.46116704	0.03859582	0.15129562	Binding_K13	-0.27765068	0.023237038	0.09108919
K181W	K181W	181	181	-0.27130592	-0.30510858	-0.038869835	-0.24091059	-0.28301615	-0.78166425	-0.5002284	-0.49006414	-0.49719736	-0.42105597	10	-0.3829421	0.20159973	0.790271	Binding_K13	-0.2305545	0.12137533	0.4757913
K181Y	K181Y	181	181	-0.43574774	-0.020194089	-0.47857806	-0.40222263	-0.29698637	-0.43489632	-0.3660989	-0.2134591	-0.2629508	-0.36326098	10	-0.32743952	0.1362058	0.5339268	Binding_K13	-0.19713855	0.082004204	0.3214565
K183A	K183A	183	183	-0.82246023	-0.6574717	-0.71679914	-0.5094901	-0.5940756	-0.65283555	-0.63020486	-0.6178784	-0.77227575	-0.823246	10	-0.6796738	0.10259033	0.4021541	Binding_K13	-0.40920508	0.061765634	0.2421213
K183C	K183C	183	183	-0.41288653	-0.8494241	-0.47219732	-0.485548	-0.7728747	-0.35106355	-0.7293917	-0.28833002	-0.45128113	-0.74799407	10	-0.5560991	0.19920361	0.7808782	Binding_K13	-0.33480558	0.11993272	0.47013626
K183D	K183D	183	183	-0.52441674	-0.28141695	-0.26774964	-0.15840472	-0.18684942	-0.23708573	-0.33067855	-0.2362036	-0.21393773	-0.48515487	10	-0.2921898	0.12231515	0.4794754	Binding_K13	-0.17591608	0.07364118	0.28867343
K183E	K183E	183	183	-0.014128429	-0.30808645	-0.15316518	-0.17132172	-0.2589707	-0.1248112	-0.13621108	-0.17249666	-0.402757	-0.31630856	10	-0.20582569	0.11426184	0.44790643	Binding_K13	-0.12391961	0.0687926	0.26966697
K183F	K183F	183	183	0.99697465	1.2019079	1.186622	1.1670327	1.215355	0.94402677	0.9885295	1.0979985	1.1845077	1.2028735	10	1.1185827	0.10399338	0.40765405	Binding_K13	0.673455	0.06261036	0.24543262
K183G	K183G	183	183	-0.42673114	-0.25787732	-0.3858967	-0.4370226	-0.30533132	-0.3751882	-0.4898014	-0.44192952	-0.3172568	-0.5114871	10	-0.39485222	0.08225568	0.32244226	Binding_K13	-0.23772511	0.049522933	0.1941299
K183H	K183H	183	183	-0.5364174	-0.3289394	-0.39846683	-0.24866498	-0.37351942	-0.4649927	-0.14983834	-0.28623593	-0.4503676	-0.28456232	10	-0.3522005	0.11548313	0.45269388	Binding_K13	-0.21204618	0.06952789	0.27254933
K183I	K183I	183	183	0.39225277	0.4714877	0.5914071	0.82549417	0.65033776	-0.04629342	0.56781274	0.64401585	0.5061732	0.74153	10	0.5344218	0.24028397	0.9419132	Binding_K13	0.32175452	0.1446656	0.56708914
K183L	K183L	183	183	0.43244207	0.1878031	0.1758958	0.23640232	0.09725873	0.057938725	0.00074752397	0.11325476	0.24694575	0.14676647	10	0.16954552	0.12009748	0.47078213	Binding_K13	0.10207674	0.07230601	0.28343955
K183M	K183M	183	183	-0.37726396	-0.30490813	-0.14328532	-0.29052964	-0.121123224	-0.19908762	0.08517461	0.12198988	0.0072755367	-0.45671022	10	-0.16784681	0.19538845	0.7659227	Binding_K13	-0.10105401	0.117635764	0.4611322
K183N	K183N	183	183	-0.07410615	-0.21205333	-0.12136369	-0.08420977	-0.05531729	-0.17476813	-0.14645103	-0.060222555	-0.17101133	-0.25632495	10	-0.13558283	0.06837614	0.26803446	Binding_K13	-0.081629135	0.041166604	0.1613731
K183P	K183P	183	183	-0.47386238	-0.53529865	-0.5129442	-0.6508673	-0.5126083	-0.5613357	-0.4960416	-0.45927492	-0.47986934	-0.4731437	10	-0.5155246	0.056930043	0.22316577	Binding_K13	-0.31037727	0.034275357	0.1343594
K183Q	K183Q	183	183	-0.71736264	-0.65740573	-0.42549652	-0.6643308	-0.7205447	-0.62644243	-0.55008	-0.8614141	-0.5414348	-0.6740863	10	-0.64385974	0.11897746	0.46639165	Binding_K13	-0.38764283	0.071631685	0.2807962
K183R	K183R	183	183	-0.36978304	-0.43507466	-0.41620573	-0.35645592	-0.40011498	-0.5775806	-0.43519577	-0.47487283	-0.34545	-0.4815188	10	-0.42922527	0.06973078	0.27334467	Binding_K13	-0.25841978	0.04198218	0.16457015
K183S	K183S	183	183	-0.6254037	-0.37676093	-0.23732847	-0.30477476	-0.43884513	-0.33557227	-0.40833881	-0.33415377	-0.44943094	-0.6066437	10	-0.41172522	0.12503871	0.49015176	Binding_K13	-0.24788369	0.07528093	0.29510123
K183T	K183T	183	183	-0.4932438	-0.67340845	-0.6307609	-0.78480047	-0.70204234	-0.59998274	-0.8772135	-0.73941505	-0.8472174	-0.6635272	10	-0.70116115	0.116139725	0.45526773	Binding_K13	-0.42214176	0.06992319	0.27409893
K183V	K183V	183	183	-0.09374876	0.15351798	-0.01905443	0.25774062	0.07622077	0.11480911	-0.24330443	-0.04816485	0.058500744	0.18119612	10	0.04377129	0.14785603	0.5795956	Binding_K13	0.026352985	0.089018345	0.3489519
K183W	K183W	183	183	0.8287951	0.992698	0.7800205	0.79361004	0.8905516	0.8969802	0.8766957	0.85406286	0.93787813	1.073087	10	0.89243793	0.09003128	0.35292262	Binding_K13	0.5373021	0.054204322	0.21248095
K183Y	K183Y	183	183	0.6056883	0.51901317	0.6825003	0.7692532	0.586261	0.79386145	0.67256236	0.45094174	0.7566734	0.47275868	10	0.6309514	0.12403221	0.48620626	Binding_K13	0.37987122	0.07467495	0.2927258
K41A	K41A	41	41	-0.09318169	-0.061278313	-0.107375905	0.02008068	-0.07421561	-0.03785039	-0.06528344	-0.009222712	-0.12445655	-0.1074795	10	-0.066026345	0.046073332	0.18060747	Binding_K13	-0.039751887	0.027738955	0.10873671
K41C	K41C	41	41	-0.24989079	0.08922973	-0.16265343	-0.043733582	0.0004487924	0.09956953	-0.036354315	0.043983325	-0.07535802	-0.2297952	10	-0.056455396	0.12407844	0.4863875	Binding_K13	-0.03398959	0.074702784	0.2928349
K41D	K41D	41	41	-0.22977366	-0.07184178	0.029817339	-0.100582674	-0.05487275	-0.15659453	-0.1841063	-0.2085835	-0.08277673	-0.24480847	10	-0.13041231	0.08857369	0.34720886	Binding_K13	-0.07851616	0.05332676	0.2090409
K41E	K41E	41	41	-0.023367938	-0.10592333	-0.10533937	-0.101585016	-0.22185525	-0.11277434	-0.2861657	-0.08704717	-0.26143375	-0.1879588	10	-0.14934507	0.08513007	0.3337099	Binding_K13	-0.089914836	0.051253494	0.2009137
K41F	K41F	41	41	0.015149941	0.08166017	0.089872435	-0.0032297433	0.02510153	-0.070942745	-0.06267781	-0.13157754	-0.18270612	-0.095049836	10	-0.03343997	0.09013767	0.35333967	Binding_K13	-0.020132901	0.05426837	0.21273202
K41G	K41G	41	41	-0.09982192	-0.15750015	-0.14049152	-0.08686666	-0.20933965	-0.18609506	-0.11506242	-0.17854033	-0.18967248	-0.19058973	10	-0.15539798	0.042739004	0.1675369	Binding_K13	-0.09355906	0.025731487	0.100867435
K41H	K41H	41	41	-0.10413763	-0.35776225	-0.3730733	-0.48803014	-0.35045454	-0.33918	-0.36597303	-0.4176881	-0.55422825	-0.43331462	10	-0.37838417	0.11815302	0.46315986	Binding_K13	-0.22781034	0.07113532	0.27885047
K41I	K41I	41	41	0.051622033	-0.12168988	-0.015521967	0.068173185	0.095129244	0.12827727	-0.0079345135	-0.009402156	0.115661554	0.051129453	10	0.035544425	0.075553894	0.29617128	Binding_K13	0.021399911	0.045488052	0.17831317
K41L	K41L	41	41	0.06913695	0.0803777	0.030249726	-0.014192372	0.056530457	0.094259754	0.05954514	-0.007869861	0.05774504	0.004188466	10	0.0429971	0.037873533	0.14846425	Binding_K13	0.025886875	0.022802176	0.08938453
K41M	K41M	41	41	0.094289914	-0.1050366	-0.052117907	-0.08275388	0.03944656	-0.0035010348	-0.1116164	-0.031692524	-0.074148566	-0.12936147	10	-0.04564919	0.07142408	0.27998242	Binding_K13	-0.027483596	0.04300165	0.16856648
K41N	K41N	41	41	-0.32461026	-0.37010846	-0.18293375	-0.50581855	-0.35970038	-0.33475593	-0.2025266	-0.2575893	-0.11777329	-0.42313614	10	-0.30789527	0.11804153	0.4627228	Binding_K13	-0.18537173	0.0710682	0.27858734
K41P	K41P	41	41	0.08588122	-0.009874592	0.015914937	-0.06578145	-0.05831214	-0.060591467	-0.067895316	-0.10569597	-0.16090333	0.050138507	10	-0.03771196	0.073853046	0.28950393	Binding_K13	-0.0227049	0.044464037	0.17429903
K41Q	K41Q	41	41	-0.18242963	-0.096596576	-0.26455498	-0.114176065	-0.1872291	-0.28670675	-0.20239606	-0.14312485	-0.124967836	-0.26942086	10	-0.18716028	0.06852109	0.26860267	Binding_K13	-0.1126819	0.041253872	0.16171518
K41R	K41R	41	41	-0.35867572	-0.3101066	-0.32016858	-0.22613618	-0.29837728	-0.34787992	-0.30498797	-0.21854717	-0.26864827	-0.3646287	10	-0.30181566	0.051087093	0.20026141	Binding_K13	-0.18171144	0.030757545	0.12056958
K41S	K41S	41	41	-0.14957306	-0.12735927	-0.19951381	-0.14195618	-0.13924298	-0.03306708	-0.07669126	-0.12352886	-0.14961782	-0.12802528	10	-0.12685756	0.044746604	0.1754067	Binding_K13	-0.07637599	0.026940184	0.10560552
K41T	K41T	41	41	-0.114130184	-0.029139683	-0.096150145	-0.028564608	-0.05859617	-0.05116463	-0.012849055	-0.08737813	-0.07468534	-0.02326902	10	-0.057592697	0.034540046	0.13539699	Binding_K13	-0.034674317	0.020795213	0.081517234
K41V	K41V	41	41	-0.09299378	0.01596503	0.108332135	0.015928522	0.069607206	-0.10840551	-0.03723194	0.04030817	-0.00041661592	-0.037448283	10	-0.0026355067	0.068177275	0.26725492	Binding_K13	-0.0015867357	0.041046876	0.16090375
K41W	K41W	41	41	0.014563743	0.02324357	-0.06794839	-0.04291971	0.0425082	-0.07816612	-0.07631104	-0.08756427	-0.08685385	-0.0027843397	10	-0.036223218	0.0506067	0.19837828	Binding_K13	-0.021808585	0.03046832	0.11943582
K41Y	K41Y	41	41	-0.111573964	-0.1353388	-0.07947011	-0.102738164	-0.19139083	-0.047869526	-0.018476857	-0.09219761	-0.14938658	-0.18865247	10	-0.11170949	0.056288645	0.22065149	Binding_K13	-0.06725592	0.033889197	0.13284566
K4A	K4A	4	4	-0.18067914	0.33026132	0.16604531	0.04181553	0.099798545	0.3617373	0.32094926	0.1700272	0.44026566	0.27253118	10	0.20227523	0.18340084	0.7189313	Binding_K13	0.12178202	0.11041849	0.4328405
K4C	K4C	4	4	0.37216088	0.21964855	0.07368711	0.3959665	0.2973132	0.16941503	0.16990185	0.47813258	-0.18359807	0.13039674	10	0.21230245	0.18959922	0.7432289	Binding_K13	0.12781902	0.114150286	0.44746912
K4D	K4D	4	4	0.20945348	0.20078303	-0.028638028	0.118951045	-0.14406697	0.40986127	0.07042109	0.25341684	-0.25853458	0.22087447	10	0.10525217	0.20053272	0.7860883	Binding_K13	0.06336822	0.120732926	0.47327307
K4E	K4E	4	4	-0.20359014	-0.73051834	0.043083712	-0.27101508	-0.00074890914	-0.015807295	-0.058123436	-0.082364574	-0.24264906	-0.24177411	10	-0.18035072	0.22432454	0.8793522	Binding_K13	-0.10858213	0.13505705	0.52942365
K4F	K4F	4	4	0.47505137	0.13825439	0.21103375	0.5674292	0.3805601	0.310703	0.5016305	0.5757905	0.79644287	0.34234753	10	0.42992434	0.19407997	0.7607935	Binding_K13	0.25884068	0.11684797	0.45804405
K4G	K4G	4	4	0.02972645	-0.02326418	-0.06273607	0.11008338	0.025973268	0.105872646	0.05862171	0.093537405	0.21813144	0.15419033	10	0.071013644	0.08331669	0.32660145	Binding_K13	0.042754542	0.050161727	0.19663398
K4H	K4H	4	4	0.29999498	0.50780547	0.4618023	0.09772228	0.22705436	0.59958184	0.1614166	0.20083836	-0.24859953	0.3250881	10	0.26327047	0.24094452	0.94450253	Binding_K13	0.15850487	0.1450633	0.56864816
K4I	K4I	4	4	1.0151881	0.42494407	1.0419446	1.0529351	0.8067363	1.6135795	1.2421117	0.7578981	0.9249119	0.7624418	10	0.96426904	0.31899995	1.2504798	Binding_K13	0.58054876	0.19205742	0.7528651
K4L	K4L	4	4	1.1047723	0.8252338	0.95749867	1.1609037	1.238345	1.2307478	1.5394973	1.5079448	0.94816256	1.2152586	10	1.1728364	0.23061125	0.9039961	Binding_K13	0.70611906	0.13884203	0.5442608
K4M	K4M	4	4	0.14274213	-0.11476268	0.3729523	0.21278569	0.21515961	0.14477134	0.1748558	0.3702846	0.30856824	0.06656882	10	0.1893926	0.14674424	0.5752374	Binding_K13	0.11402589	0.08834898	0.346328
K4N	K4N	4	4	0.09179981	0.08306081	-0.09253048	0.0024649692	0.019207789	0.027327724	0.15730669	0.06827814	-0.12921298	-0.08573962	10	0.014196289	0.09216485	0.36128622	Binding_K13	0.008547031	0.055488862	0.21751635
K4P	K4P	4	4	-0.11058512	-0.28989908	-0.4369941	-0.29135683	-0.08894526	-0.021900577	-0.23005076	-0.18464194	-0.16578196	-0.2397298	10	-0.20598856	0.11933675	0.46780005	Binding_K13	-0.12401767	0.071848	0.28164417
K4Q	K4Q	4	4	0.028962214	0.4095125	0.43524277	0.38263667	-0.0009333938	0.22621475	0.1605214	-0.13525501	0.018601822	0.2535622	10	0.17790659	0.1965688	0.7705497	Binding_K13	0.10711061	0.11834641	0.46391794
K4R	K4R	4	4	-0.070989825	-0.059748247	-0.123620264	-0.07014631	-0.36084574	-0.24029005	-0.166789	-0.08402951	-0.1057	-0.17918937	10	-0.14613482	0.095083475	0.37272722	Binding_K13	-0.08798207	0.057246048	0.22440451
K4S	K4S	4	4	0.23708946	0.32170558	0.017905857	0.12890345	0.1529958	0.25252157	0.19468617	0.13377748	0.18361354	0.012680517	10	0.16358794	0.097684965	0.38292506	Binding_K13	0.09848992	0.058812305	0.23054424
K4T	K4T	4	4	0.19772588	0.19636706	-0.010512445	0.09592816	0.32163063	-0.037475027	-0.033351883	0.049498104	0.045357876	0.07242118	10	0.08975895	0.11648404	0.45661744	Binding_K13	0.054040357	0.0701305	0.27491155
K4V	K4V	4	4	0.29043886	0.6108337	0.39428794	0.73281485	0.42856252	-0.081154555	0.40932894	0.68576676	0.67943674	0.27087754	10	0.4421193	0.249075	0.97637403	Binding_K13	0.26618278	0.14995833	0.5878367
K4W	K4W	4	4	0.77144337	0.30475888	0.3584035	0.5258654	0.38018772	0.5265164	0.48872983	0.58509904	0.34684092	0.8433171	10	0.51311624	0.18090825	0.7091603	Binding_K13	0.30892727	0.108917795	0.42695776
K4Y	K4Y	4	4	0.9262025	0.45188892	0.2344835	0.28961492	0.8497371	0.605039	0.67372704	0.3547463	0.47068536	0.35622534	10	0.521235	0.23579048	0.9242987	Binding_K13	0.31381524	0.14196025	0.55648416
K87A	K87A	87	87	-0.18150352	0.017447658	0.1506763	-0.0026284757	0.005893357	0.15029232	-0.0039597237	-0.24304438	0.058021463	-0.03186915	10	-0.008067414	0.1253432	0.49134538	Binding_K13	-0.0048570754	0.07546425	0.29581985
K87C	K87C	87	87	-0.17745821	-0.064889826	-0.27697384	-0.082701944	0.06654267	-0.13669354	-0.27743715	-0.3047819	-0.31726587	-0.14952411	10	-0.17211838	0.12427586	0.4871614	Binding_K13	-0.10362576	0.07482164	0.29330084
K87D	K87D	87	87	0.30069798	0.40997866	0.45186174	0.23070964	0.31894952	0.40366027	0.14501154	0.34166119	0.33517206	0.25795972	10	0.31956625	0.091891624	0.3602152	Binding_K13	0.19239837	0.05532436	0.2168715
K87E	K87E	87	87	-0.22688445	0.019608919	0.08374434	-0.03929079	-0.17346476	-0.14649807	-0.20556544	0.15154786	-0.12639494	0.0144606605	10	-0.064873666	0.12965442	0.50824535	Binding_K13	-0.039057903	0.07805987	0.3059947
K87F	K87F	87	87	-0.000109752815	0.22016355	0.2010946	-0.07590043	0.04885534	0.05269587	0.14317901	0.07967019	-0.23774087	-0.11319972	10	0.031870782	0.14370519	0.56332433	Binding_K13	0.019188154	0.086519286	0.3391556
K87G	K87G	87	87	0.19802065	0.13128342	0.026094068	0.19656128	0.19772254	0.19074291	0.10256271	0.19899115	0.025489105	0.16017714	10	0.14276448	0.06979955	0.27361423	Binding_K13	0.08595292	0.042023584	0.16473246
K87H	K87H	87	87	-0.15564786	-0.05726936	-0.008831901	-0.04812807	0.16082996	-0.094421364	-0.018912857	-0.1813332	-0.19102436	-0.107628144	10	-0.07023672	0.10363591	0.40625277	Binding_K13	-0.042286787	0.062395137	0.24458894
K87I	K87I	87	87	-0.3237583	-0.41935638	-0.60274726	-0.28854406	-0.23746328	-0.46676907	-0.3158676	-0.52577496	-0.3853866	-0.4843366	10	-0.4050004	0.115742244	0.4537096	Binding_K13	-0.24383493	0.06968389	0.27316085
K87L	K87L	87	87	-0.16428523	-0.09837	-0.21164802	-0.22883853	-0.14778048	0.023162145	-0.13575174	-0.25338915	-0.12995173	-0.16812503	10	-0.15149778	0.0778004	0.30497757	Binding_K13	-0.0912109	0.046840586	0.1836151
K87M	K87M	87	87	-0.13785098	-0.104501404	-0.012008393	0.05149858	0.1480368	0.06533483	-0.06709263	-0.12709314	0.097064786	-0.027049601	10	-0.011366116	0.09911762	0.38854107	Binding_K13	-0.0068430947	0.05967485	0.23392542
K87N	K87N	87	87	-0.044737346	0.012679069	0.021029111	0.033165675	0.16485354	-0.080984294	0.12036393	0.06921849	-0.09481504	0.13090332	10	0.03316764	0.089345045	0.35023257	Binding_K13	0.019968942	0.053791165	0.21086137
K87P	K87P	87	87	0.025573473	-0.06761116	-0.21898092	0.015176316	0.047914755	-0.04759165	-0.07685052	-0.26318935	-0.085644275	-0.060056526	10	-0.07312597	0.10033903	0.39332902	Binding_K13	-0.044026293	0.060410216	0.23680805
K87Q	K87Q	87	87	-0.6404166	0.04086111	0.15926978	-0.080635004	0.04855682	0.16561571	-0.14885357	0.05135384	0.1723631	-0.18925363	10	-0.04211384	0.24631576	0.9655578	Binding_K13	-0.0253551	0.1482971	0.58132464
K87R	K87R	87	87	-0.04834565	-0.22995673	-0.15500179	-0.050623253	-0.04660442	-0.029208476	0.009410623	-0.013543512	-0.07259888	-0.09670686	10	-0.0733179	0.07146906	0.28015873	Binding_K13	-0.044141848	0.04302873	0.16867262
K87S	K87S	87	87	-0.092029676	-0.17509371	-0.11920095	-0.15269701	-0.22072645	-0.2581958	-0.19971806	-0.079373725	-0.14571226	-0.0026920876	10	-0.14454398	0.07493326	0.2937384	Binding_K13	-0.08702429	0.04511439	0.17684841
K87T	K87T	87	87	-0.037400573	-0.0731037	-0.0328168	-0.12440768	-0.06229734	-0.027081547	0.09502103	-0.13329215	-0.10655646	-0.073700756	10	-0.057563603	0.06528377	0.25591236	Binding_K13	-0.0346568	0.039304808	0.15407485
K87V	K87V	87	87	-0.13355649	-0.1664135	-0.16397241	-0.13842784	-0.09605673	-0.11648758	-0.13959537	-0.15648444	-0.24491662	0.053195033	10	-0.1302716	0.07561414	0.29640743	Binding_K13	-0.07843144	0.04552432	0.17845534
K87W	K87W	87	87	0.079595655	0.08139519	0.0411743	0.25078657	0.12210771	0.03937726	-0.019649476	-0.07073951	0.06573716	0.18474749	10	0.07745323	0.09301367	0.3646136	Binding_K13	0.04663157	0.055999897	0.2195196
K87Y	K87Y	87	87	-0.2334183	-0.09759933	-0.24594663	-0.17111297	-0.3531082	-0.17104636	-0.12158322	-0.31595385	-0.16259985	-0.27035794	10	-0.21427265	0.0834899	0.32728043	Binding_K13	-0.1290052	0.050266013	0.19704278
L112A	L112A	112	112	-0.7528699	-0.97177666	-0.83814144	-0.7015961	-0.45853654	-0.4615862	-0.45985007	-0.3937912	-0.2510035	-0.4875568	10	-0.5776708	0.2259328	0.8856566	Binding_K13	-0.34779304	0.13602532	0.5332193
L112C	L112C	112	112	-0.42169812	-0.4141963	-0.45105216	-0.6560627	-0.43527094	-0.46953467	-0.4551728	-0.49722353	-0.47189403	-0.6137853	10	-0.48858905	0.08152372	0.319573	Binding_K13	-0.2941604	0.04908225	0.19240242
L112D	L112D	112	112	1.277082	0.94344705	0.89819777	1.080398	0.8042868	0.5716367	1.3343462	0.9732965	1.5755906	0.9770685	10	1.043535	0.28751364	1.1270535	Binding_K13	0.6282717	0.17310074	0.6785549
L112E	L112E	112	112	0.58122134	0.69858056	0.62533754	0.7767269	0.46275562	0.8533741	0.5532993	-0.024686867	0.85265565	-0.23604445	10	0.5143219	0.36618033	1.435427	Binding_K13	0.30965316	0.22046289	0.86421454
L112F	L112F	112	112	0.12906818	0.057918523	0.06923777	0.071078725	0.30627856	0.37953117	0.25126427	-0.058386397	0.035448663	0.16792728	10	0.14093667	0.13543227	0.5308945	Binding_K13	0.08485247	0.08153848	0.31963086
L112G	L112G	112	112	-0.5477543	-0.40918574	-0.33922532	-0.5375504	-0.7442882	-0.82840085	-0.7810769	-0.8267441	-0.6118341	-0.4962081	10	-0.61222684	0.17564127	0.6885138	Binding_K13	-0.3685979	0.10574675	0.41452727
L112H	L112H	112	112	0.36570102	0.6417595	0.43291277	0.8728268	0.2349447	0.40342414	-0.001957111	0.49623305	-0.049956545	-0.042496607	10	0.3353392	0.30528888	1.1967324	Binding_K13	0.20189464	0.18380252	0.7205059
L112I	L112I	112	112	-0.31860727	-0.3832818	-0.39432126	-0.36461347	-0.5915012	-0.5074494	-0.24901296	-0.3715861	-0.36440945	-0.37444356	10	-0.39192265	0.09503135	0.3725229	Binding_K13	-0.23596133	0.057214666	0.22428149
L112K	L112K	112	112	0.90645474	0.6384571	0.95650685	1.1946346	1.1355528	0.40402895	0.8958624	0.6201991	0.7584083	0.49086693	10	0.80009717	0.26370424	1.0337206	Binding_K13	0.48170727	0.15876603	0.62236285
L112M	L112M	112	112	-0.5267554	-0.45338002	-0.46562868	-0.18156016	-0.4636837	-0.57930297	-0.66026086	-0.71814424	-0.5610539	-0.38619924	10	-0.4995969	0.15019596	0.5887682	Binding_K13	-0.3007878	0.09042712	0.35447434
L112N	L112N	112	112	0.22071563	-0.3989725	0.0839933	-0.25465348	-0.16816066	0.00024060452	0.2473795	-0.13560821	-0.15870777	0.51703644	10	-0.0046737194	0.2748653	1.077472	Binding_K13	-0.002813864	0.16548567	0.6487038
L112P	L112P	112	112	2.0183175	1.3249179	1.556863	0.89853674	0.37093487	0.4686189	1.0804002	1.1553053	0.7242975	1.3568101	10	1.0955002	0.5037337	1.9746361	Binding_K13	0.65955794	0.3032784	1.1888514
L112Q	L112Q	112	112	-0.19318768	-0.3121769	0.01976394	-0.46187648	-0.25390577	-0.29425558	-0.31198236	-0.16539562	0.086826436	-0.20223773	10	-0.20884278	0.16211295	0.6354828	Binding_K13	-0.12573609	0.09760188	0.38259938
L112R	L112R	112	112	1.3818089	1.4553033	1.2073174	2.2742982	1.7468477	1.2845292	0.7459288	1.8942697	1.5022762	2.1617367	10	1.5654316	0.4628041	1.8141922	Binding_K13	0.9424853	0.2786363	1.0922544
L112S	L112S	112	112	-0.24128737	-0.45050225	-0.16890518	-0.48433444	-0.42828676	-0.78526133	-0.4841314	-0.74238575	-0.29537818	-0.35323343	10	-0.44337064	0.19891723	0.77975553	Binding_K13	-0.26693615	0.1197603	0.46946037
L112T	L112T	112	112	-0.5060157	-0.5860176	-0.18057483	-0.7411079	-0.4622018	-0.3354365	-0.62691987	-0.07860295	-0.7884321	-0.38403994	10	-0.46893492	0.23016518	0.90224755	Binding_K13	-0.2823274	0.13857347	0.543208
L112V	L112V	112	112	-0.17812952	-0.207576	-0.26156005	-0.33970982	-0.45034194	-0.6713844	-0.5601539	-0.36474496	-0.43841064	-0.26001832	10	-0.37320295	0.15847167	0.62120897	Binding_K13	-0.22469093	0.09540961	0.37400568
L112W	L112W	112	112	-0.12560287	-0.05212577	-0.27485886	-0.19024116	-0.10510564	-0.3950154	-0.38031718	-0.33118296	-0.3046436	-0.07878157	10	-0.2237875	0.12903304	0.50580955	Binding_K13	-0.13473372	0.07768576	0.30452818
L112Y	L112Y	112	112	-0.13942459	-0.15278417	-0.008040974	0.18687654	-0.0978039	0.05828183	-0.16270137	-0.015751448	0.12662676	-0.22518705	10	-0.04299084	0.13569301	0.5319166	Binding_K13	-0.025883108	0.08169547	0.32024625
L119A	L119A	119	119	-0.30118722	-0.35626328	-0.26232937	-0.2560312	-0.32280907	-0.2658333	-0.3110155	-0.5354481	-0.26052007	-0.26644573	10	-0.31378826	0.0846873	0.3319742	Binding_K13	-0.18891966	0.05098692	0.19986872
L119C	L119C	119	119	-0.34947225	-0.24641372	-0.32783717	-0.33304143	-0.3971552	-0.54811156	-0.5521651	-0.50881743	-0.2507197	-0.54488343	10	-0.4058617	0.1227941	0.48135287	Binding_K13	-0.24435349	0.07392953	0.28980377
L119D	L119D	119	119	-0.29967195	-0.38770884	-0.36624944	-0.50103414	-0.6288783	-0.59287	-0.56858426	-0.54151833	-0.43326625	-0.39690927	10	-0.4716691	0.11022584	0.4320853	Binding_K13	-0.28397357	0.06636268	0.2601417
L119E	L119E	119	119	-0.32447696	-0.39532614	-0.6370418	-0.0853514	-0.120396025	-0.45765004	-0.35925817	-0.28384843	-0.12047934	-0.43093055	10	-0.32147592	0.17480125	0.6852209	Binding_K13	-0.19354811	0.10524101	0.41254476
L119F	L119F	119	119	-0.42811754	-0.44870546	-0.33555666	-0.28734276	-0.3065599	0.13162248	-0.07572609	-0.22588845	-0.25388587	-0.262648	10	-0.24928084	0.1699286	0.6661201	Binding_K13	-0.15008226	0.10230738	0.40104493
L119G	L119G	119	119	-0.16959628	-0.5443896	-0.24243689	-0.49531683	-0.31940824	-0.4550121	-0.46771055	-0.6066061	-0.6606603	-0.49946845	10	-0.44606057	0.15679424	0.61463344	Binding_K13	-0.26855567	0.09439969	0.3700468
L119H	L119H	119	119	-0.73860127	-0.7170755	-0.64809865	-0.4778039	-0.71582985	-0.73734295	-0.6814849	-0.6000603	-0.7723795	-0.67466825	10	-0.6763345	0.085701205	0.33594874	Binding_K13	-0.4071946	0.05159735	0.20226161
L119I	L119I	119	119	-0.23804995	-0.26334476	-0.58085334	-0.64964956	-0.54194444	-0.642517	-0.57716894	-0.41838977	-0.4521079	-0.34332952	10	-0.4707355	0.15148035	0.593803	Binding_K13	-0.28341147	0.091200404	0.3575056
L119K	L119K	119	119	-0.6445811	-0.48326278	-0.6886348	-0.68370473	-0.7740909	-0.51710385	-0.47300547	-0.4807856	-0.47384167	-0.745962	10	-0.5964973	0.122517526	0.48026872	Binding_K13	-0.35912773	0.07376302	0.28915104
L119M	L119M	119	119	-0.056930795	-0.18319237	0.07095652	-0.04255095	-0.40700218	-0.04353396	-0.10349305	-0.06523062	-0.057260238	-0.22377953	10	-0.11120172	0.13159516	0.51585305	Binding_K13	-0.06695022	0.07922831	0.31057498
L119N	L119N	119	119	-1.4403893	-1.1991887	-0.44282922	-0.45658407	-0.55836177	-0.57020634	-0.50862175	-0.87805223	-0.6807881	-0.6849586	10	-0.741998	0.33515283	1.3137991	Binding_K13	-0.44672805	0.20178244	0.79098713
L119P	L119P	119	119	-1.1430252	-1.3514272	-0.94744325	-0.4944728	-0.33564773	-0.4410234	-0.41277072	-1.0896716	-0.42150584	-0.59723634	10	-0.7234224	0.3713186	1.455569	Binding_K13	-0.4355444	0.22355644	0.8763413
L119Q	L119Q	119	119	-0.3320951	-0.5115113	-0.36742818	-0.12368538	-0.3530353	-0.34533918	-0.28713965	-0.2699853	-0.44263843	-0.44127676	10	-0.34741348	0.10809444	0.4237302	Binding_K13	-0.2091641	0.06507944	0.25511143
L119R	L119R	119	119	-0.7692628	-0.5345061	-0.67463744	-0.47861338	-0.48126835	-0.63822377	-0.76005465	-0.6224523	-0.5866228	-0.71021736	10	-0.6255859	0.10578023	0.41465852	Binding_K13	-0.37664086	0.06368615	0.2496497
L119S	L119S	119	119	-0.43804562	-0.2573849	-0.29856655	-0.28594705	-0.23251118	-0.37704945	-0.38651964	-0.43085763	-0.41283926	-0.39453164	10	-0.3514253	0.07556912	0.29623097	Binding_K13	-0.21157946	0.04549722	0.17834911
L119T	L119T	119	119	-0.51265043	-0.4471958	-0.55788887	-0.40201214	-0.5940019	-0.6336438	-0.5040721	-0.05352048	-0.17720273	-0.3062652	10	-0.41884536	0.1879211	0.73665076	Binding_K13	-0.25217044	0.113139965	0.44350868
L119V	L119V	119	119	-0.21249092	-0.4535476	-0.3779316	-0.49919623	-0.350067	-0.34018517	-0.4756181	-0.38366568	-0.25228617	-0.45831913	10	-0.38033077	0.09531331	0.3736282	Binding_K13	-0.22898231	0.057384424	0.22494695
L119W	L119W	119	119	-0.5792808	-0.34080195	-0.42142144	-0.34820852	-0.4011682	-0.30450368	-0.47554177	-0.16358905	-0.057693135	-0.30982873	10	-0.34020373	0.14871813	0.5829751	Binding_K13	-0.20482339	0.08953738	0.35098654
L119Y	L119Y	119	119	-0.42176428	-0.5282914	-0.44863042	-0.43090135	-0.274356	-0.3760278	-0.4014279	-0.5272054	-0.6636745	-0.79602313	10	-0.48683023	0.15046601	0.58982676	Binding_K13	-0.2931015	0.09058971	0.35511166
L132A	L132A	132	132	0.29472753	0.41000563	0.41201752	0.34573123	0.399875	0.32676753	0.39117873	0.3788358	0.2379299	0.4369841	10	0.3634053	0.06182726	0.24236287	Binding_K13	0.21879214	0.037223782	0.14591724
L132C	L132C	132	132	-0.05800298	-0.0012244595	0.098831065	0.18396015	0.06268798	0.29828486	-0.025257502	0.22946657	0.032653306	0.075059764	10	0.08964588	0.115232915	0.45171303	Binding_K13	0.053972285	0.06937724	0.2719588
L132D	L132D	132	132	2.1170967	2.2354681	2.213289	1.7461947	2.4130683	1.8956696	2.138668	2.3128605	2.1583292	2.1647007	10	2.1395345	0.19298321	0.7564942	Binding_K13	1.2881302	0.11618766	0.45545563
L132E	L132E	132	132	2.8744202	2.361025	2.1141396	2.3875945	2.656187	2.4094374	2.7908938	2.96467	2.716787	2.2753358	10	2.555049	0.2831034	1.1097654	Binding_K13	1.5382953	0.17044552	0.66814643
L132F	L132F	132	132	-0.46456695	0.013149687	-0.070809945	-0.19653174	-0.115214355	-0.27475387	-0.20960702	-0.09721182	-0.4599447	-0.0648282	10	-0.19403188	0.16365665	0.6415341	Binding_K13	-0.116819024	0.09853128	0.38624263
L132G	L132G	132	132	0.42170665	0.55031955	0.56779903	0.22208892	0.7912315	0.30988353	0.697396	0.7136581	0.6278581	0.44092584	10	0.5342867	0.18383262	0.72062385	Binding_K13	0.32167315	0.11067844	0.4338595
L132H	L132H	132	132	-0.2503141	-0.37012082	-0.26231292	-0.63607883	-0.11149539	-0.27539045	-0.04066643	-0.44376513	-0.5585336	-0.075500876	10	-0.30241784	0.20083101	0.78725755	Binding_K13	-0.18207398	0.120912515	0.47397706
L132I	L132I	132	132	-0.73825735	-0.70839024	-0.5634226	-0.5596664	-0.61842364	-0.5798512	-0.6605738	-0.38633597	-0.49494722	-0.65812916	10	-0.5967998	0.10446042	0.40948483	Binding_K13	-0.35930985	0.06289154	0.24653485
L132K	L132K	132	132	-0.24828324	-0.5050121	-0.39009666	-0.5262873	-0.4659772	-0.27148396	-0.41707665	-0.44765294	-0.33546185	-0.33978692	10	-0.3947119	0.09488882	0.3719642	Binding_K13	-0.23764063	0.057128858	0.22394513
L132M	L132M	132	132	-0.3374257	-0.28537792	-0.26019236	-0.23871125	-0.48874298	-0.24833888	-0.25018883	-0.3756178	-0.22710684	-0.35911494	10	-0.30708176	0.08283445	0.32471105	Binding_K13	-0.18488194	0.049871393	0.19549586
L132N	L132N	132	132	-0.25200987	-0.11503642	-0.21076827	-0.35208538	-0.23217738	-0.41447467	-0.71837795	-0.34487095	-0.3635415	-0.3766678	10	-0.338001	0.16242	0.63668644	Binding_K13	-0.20349722	0.09778675	0.38332406
L132P	L132P	132	132	1.2302254	1.2075032	1.0116372	0.7203603	1.2119495	0.9568253	1.4014338	0.89009124	0.95379364	1.2337241	10	1.0817543	0.2066492	0.81006485	Binding_K13	0.6512821	0.12441542	0.48770845
L132Q	L132Q	132	132	0.44733953	0.36816272	0.550137	0.36284104	0.41515356	0.4169982	0.21654938	0.2873689	0.60865694	0.51631206	10	0.41895193	0.119028226	0.46659064	Binding_K13	0.2522346	0.07166225	0.280916
L132R	L132R	132	132	-0.007114792	0.081334695	-0.0466089	0.04178892	0.16356176	0.17441908	0.013289251	0.07543531	0.049809318	0.13850297	10	0.06844176	0.07336932	0.28760773	Binding_K13	0.041206114	0.0441728	0.17315738
L132S	L132S	132	132	0.39988115	0.51234955	0.5270204	0.45974112	0.5628192	0.5053425	0.4037192	0.53688514	0.5764808	0.48211125	10	0.49663505	0.060725763	0.23804499	Binding_K13	0.29900458	0.036560614	0.14331761
L132T	L132T	132	132	-0.30499506	-0.07056304	-0.20057768	-0.12193766	-0.20731382	-0.22107993	0.06934622	-0.1915143	-0.22183652	-0.12355884	10	-0.15940307	0.103724085	0.40659842	Binding_K13	-0.09597037	0.062448222	0.24479704
L132V	L132V	132	132	-0.4801934	-0.5579461	-0.51141316	-0.52141416	-0.49569735	-0.3948163	-0.46300077	-0.5429393	-0.35334837	-0.4896514	10	-0.481042	0.06381699	0.2501626	Binding_K13	-0.2896166	0.038421717	0.15061313
L132W	L132W	132	132	0.69780076	0.4378046	0.51547116	0.5135605	0.6591023	0.79557455	0.74247175	0.7874682	0.8155301	0.58572835	10	0.65505123	0.13499992	0.52919966	Binding_K13	0.39438078	0.08127818	0.3186105
L132Y	L132Y	132	132	-0.19575386	-0.2699104	-0.10486898	-0.1623693	-0.15547258	0.14452071	-0.086691335	-0.031215068	0.054708254	-0.13163143	10	-0.0938684	0.122150764	0.478831	Binding_K13	-0.056514498	0.07354221	0.28828546
L158A	L158A	158	158	-0.18607183	-0.13452186	-0.029172393	-0.09448958	-0.15471658	-0.16056968	-0.19968346	-0.1484105	-0.18155931	-0.15562326	10	-0.14448185	0.050054986	0.19621556	Binding_K13	-0.086986884	0.030136153	0.118133724
L158C	L158C	158	158	-0.7081836	-0.60716736	-0.63596773	-0.5814768	-0.7325774	-0.6939262	-0.8582896	-0.6461636	-0.7068554	-0.55380756	10	-0.67244154	0.08800847	0.3449932	Binding_K13	-0.4048508	0.052986465	0.20770694
L158D	L158D	158	158	2.521045	1.9034004	1.7189127	1.9047958	2.0901852	1.8820474	1.9504879	2.0798044	1.4444972	1.9950485	10	1.9490225	0.2753544	1.0793892	Binding_K13	1.1734304	0.16578013	0.6498581
L158E	L158E	158	158	1.7431593	1.5146972	1.5720855	2.1553462	1.7807856	1.6357301	2.3081527	2.372441	1.8157346	1.9497848	10	1.8847917	0.30311215	1.1881996	Binding_K13	1.1347595	0.182492	0.7153687
L158F	L158F	158	158	1.0279896	1.5619459	1.8944062	1.4273132	1.7069849	1.7142303	1.5211617	1.4518579	1.5755308	1.2644504	10	1.514587	0.24450271	0.9584506	Binding_K13	0.91187376	0.14720553	0.5770457
L158G	L158G	158	158	-0.1527851	-0.09508486	0.23242599	0.15418853	0.07360153	-0.15861939	0.016750837	0.063808456	-0.103654124	-0.05260716	10	-0.0021975297	0.13273749	0.52033097	Binding_K13	-0.0013230469	0.07991606	0.31327096
L158H	L158H	158	158	1.5343236	1.4703003	1.2691487	1.2927402	1.6077015	1.0880935	1.0513831	0.8502926	1.4015889	1.0583316	10	1.2623904	0.24565673	0.96297437	Binding_K13	0.760036	0.14790033	0.5797693
L158I	L158I	158	158	-0.62232894	-0.86274993	-0.5384894	-0.48048815	-0.4890436	-0.57588816	-0.5589249	-0.50402117	-0.7250312	-0.70277876	10	-0.60597444	0.12348364	0.48405588	Binding_K13	-0.36483356	0.07434468	0.29143116
L158K	L158K	158	158	2.1774788	1.5832901	1.8147285	0.8677454	0.9873391	0.665307	1.140495	1.1170433	1.7183745	1.9600532	10	1.4031856	0.51270026	2.0097852	Binding_K13	0.8448033	0.3086768	1.2100132
L158M	L158M	158	158	-0.23080803	-0.57318795	-0.49429575	-0.7166118	-0.42843133	-0.52776957	-0.68388665	-0.45543522	-0.3889917	-0.2787187	10	-0.47781363	0.1573508	0.61681515	Binding_K13	-0.28767294	0.09473477	0.37136033
L158N	L158N	158	158	1.4090731	0.9937643	1.0958102	0.76325154	1.3028115	1.0472094	1.1180212	0.9515861	0.6564836	0.1207641	10	0.94587743	0.3658434	1.4341061	Binding_K13	0.5694759	0.22026002	0.8634193
L158P	L158P	158	158	0.85160726	1.2454191	0.38324875	0.7639561	0.30690163	1.0531195	0.61372113	1.0885575	1.0890584	0.93134135	10	0.8326931	0.3147027	1.2336346	Binding_K13	0.50133204	0.1894702	0.7427232
L158Q	L158Q	158	158	0.764573	0.5550788	0.5910912	-0.058048878	0.3600076	-0.035488676	0.7648797	1.0786929	0.97382486	0.65892303	10	0.5653534	0.38169175	1.4962317	Binding_K13	0.3403772	0.22980171	0.90082276
L158R	L158R	158	158	1.3028685	1.8750395	1.9118938	1.833342	1.5433373	0.7441818	1.7035977	2.629784	1.7402207	2.1367512	10	1.7421017	0.49758506	1.9505335	Binding_K13	1.0488514	0.29957655	1.1743401
L158S	L158S	158	158	0.5736649	0.34807372	0.28981405	0.46005434	0.36083266	0.26973987	0.18147032	0.4003553	0.2100824	0.0388821	10	0.31329694	0.15134989	0.5932916	Binding_K13	0.18862386	0.09112186	0.3571977
L158T	L158T	158	158	-0.0064474586	-0.27172583	-0.07238875	-0.070407994	-0.04847959	-0.14455219	-0.28169066	-0.55326396	-0.14597736	-0.030924486	10	-0.16258582	0.16689795	0.65424	Binding_K13	-0.09788658	0.10048275	0.39389238
L158V	L158V	158	158	-0.7054536	-0.5284977	-0.55650055	-0.72758764	-0.55891985	-0.41089472	-0.48298776	-0.5422039	-0.64429015	-0.66668016	10	-0.58240163	0.10121226	0.3967521	Binding_K13	-0.35064128	0.060935955	0.23886895
L158W	L158W	158	158	1.0403244	1.020882	1.0779978	0.6578904	0.20307873	1.2126713	0.91084355	0.9413593	0.76420164	1.1763833	10	0.90056324	0.29902065	1.172161	Binding_K13	0.542194	0.18002866	0.7057124
L158Y	L158Y	158	158	0.91805476	0.5969653	0.67916477	0.67751986	0.4716492	0.25853962	0.7639305	0.5340576	1.075652	0.29169554	10	0.62672293	0.25644806	1.0052764	Binding_K13	0.37732542	0.15439737	0.6052377
L18A	L18A	18	18	-0.4842054	-0.42855126	-0.5222039	-0.55775326	-0.55276525	-0.6548298	-0.70934427	-0.47523493	-0.5239502	-0.35083252	10	-0.52596706	0.10352631	0.40582314	Binding_K13	-0.31666425	0.06232915	0.24433027
L18C	L18C	18	18	-0.28226018	-0.36480704	-0.43556753	-0.3217777	-0.5055996	-0.41502565	-0.23043469	-0.3428392	-0.2751792	-0.4831943	10	-0.3656685	0.09225375	0.3616347	Binding_K13	-0.22015473	0.055542383	0.21772614
L18D	L18D	18	18	-1.0540606	-1.2677566	-1.1987033	-1.1862776	-1.4155703	-1.2696974	-1.3245578	-1.3392179	-1.6037244	-1.2557672	10	-1.2915332	0.14705391	0.57645136	Binding_K13	-0.77758175	0.08853542	0.34705886
L18E	L18E	18	18	-1.1042446	-0.90128523	-0.97738826	-1.128747	-0.6589481	-0.90118265	-0.8787567	-1.0731999	-1.0173804	-0.86773145	10	-0.9508864	0.14044122	0.5505296	Binding_K13	-0.5724916	0.08455418	0.3314524
L18F	L18F	18	18	-0.098134555	0.097455375	-0.16365047	-0.092265695	-0.15092887	-0.26679868	-0.094293065	0.0043733874	-0.038393535	-0.07593887	10	-0.0878575	0.09851402	0.38617498	Binding_K13	-0.052895572	0.059311446	0.23250087
L18G	L18G	18	18	-0.60697126	-0.60116255	-0.6339068	-0.60658276	-0.6309195	-0.6168863	-0.6310616	-0.62131363	-0.693722	-0.73512155	10	-0.6377648	0.043054305	0.16877288	Binding_K13	-0.3839733	0.025921317	0.10161156
L18H	L18H	18	18	-0.25644115	-0.19809486	-0.45752764	-0.65186995	-0.37862784	-0.3402372	-0.33885524	-0.23833027	-0.3543145	-0.49269083	10	-0.37069896	0.13503914	0.52935344	Binding_K13	-0.22318338	0.08130179	0.31870303
L18I	L18I	18	18	-0.31547078	-0.47568277	-0.29135427	-0.1994477	-0.19018392	-0.36538696	-0.2730815	-0.36961198	-0.25479493	-0.09733989	10	-0.28323546	0.10723747	0.4203709	Binding_K13	-0.17052501	0.0645635	0.25308892
L18K	L18K	18	18	-0.8591149	-0.6675211	-0.71379626	-0.61745363	-0.76484764	-0.76570684	-0.34374654	-0.3744838	-0.4320202	-0.6447391	10	-0.618343	0.1773148	0.695074	Binding_K13	-0.37228018	0.106754325	0.41847697
L18M	L18M	18	18	-0.35132694	-0.15134099	-0.18987593	-0.3827019	-0.3866193	-0.4640311	-0.35099605	-0.31670573	-0.33331108	-0.1878552	10	-0.3114764	0.10184883	0.39924744	Binding_K13	-0.18752779	0.061319206	0.24037129
L18N	L18N	18	18	-0.8233404	-0.535111	-0.6454186	-0.78966916	-0.7367869	-0.98359483	-0.7230964	-0.7551209	-0.84814763	-0.63644236	10	-0.74767274	0.12562391	0.49244574	Binding_K13	-0.4501446	0.07563326	0.29648238
L18P	L18P	18	18	-0.63868284	-0.67850965	-0.65436196	-0.41906705	-0.6902441	-0.5305954	-0.6139914	-0.46343765	-0.6170899	-0.78187096	10	-0.6087851	0.10942041	0.42892802	Binding_K13	-0.36652574	0.06587776	0.25824082
L18Q	L18Q	18	18	-0.56670153	-0.6202274	-0.60620326	-0.60846925	-0.74043196	-0.67166424	-0.6687173	-0.5828049	-0.49899888	-0.71969885	10	-0.62839174	0.07300754	0.28618956	Binding_K13	-0.37833014	0.04395499	0.17230357
L18R	L18R	18	18	-1.504018	-0.85928106	-1.1610876	-0.6094217	-0.9198818	-1.2394109	-0.60491675	-2.085734	-1.7474974	-1.3779014	10	-1.210915	0.48392975	1.8970047	Binding_K13	-0.7290446	0.29135522	1.1421125
L18S	L18S	18	18	-0.58885247	-0.6188997	-0.44696516	-0.48620278	-0.5573686	-0.41441867	-0.4730178	-0.3613993	-0.61404204	-0.52508044	10	-0.50862473	0.087228455	0.34193555	Binding_K13	-0.3062231	0.052516848	0.20586605
L18T	L18T	18	18	-0.5554367	-0.44317487	-0.44680417	-0.5687657	-0.2096839	-0.4673559	-0.67165005	-0.5690994	-0.69941664	-0.47868118	10	-0.5110069	0.13842702	0.54263395	Binding_K13	-0.3076573	0.08334151	0.32669872
L18V	L18V	18	18	-0.27393398	-0.21866266	-0.23259488	-0.2903874	-0.31928444	-0.38841194	-0.2171535	-0.29086262	-0.27660376	-0.20764361	10	-0.27155384	0.05582902	0.21884976	Binding_K13	-0.16349198	0.033612475	0.13176091
L18W	L18W	18	18	-0.29809943	-0.23849471	-0.16740398	-0.40068042	-0.4306945	-0.3408354	-0.5064691	-0.3738471	-0.40881693	-0.3911346	10	-0.3556476	0.098610505	0.3865532	Binding_K13	-0.21412154	0.059369538	0.2327286
L18Y	L18Y	18	18	-0.38102004	-0.2551306	-0.13315813	0.05788262	-0.25482646	-0.37769967	-0.11204568	-0.058166903	-0.14584519	-0.20584103	10	-0.18658511	0.13759114	0.53935724	Binding_K13	-0.112335615	0.08283825	0.32472596
L22A	L22A	22	22	-0.4187603	-0.4981664	-0.33406496	-0.2902215	-0.3742901	-0.4189191	-0.46078077	-0.28973544	-0.38085964	-0.47651383	10	-0.3942312	0.07389691	0.2896759	Binding_K13	-0.23735122	0.044490445	0.17440255
L22C	L22C	22	22	-0.10451885	-0.032976117	-0.11495503	-0.08169355	-0.033851467	-0.1908538	-0.2318647	-0.11275857	-0.20498446	-0.01113813	10	-0.11195946	0.07655093	0.30007964	Binding_K13	-0.06740642	0.046088327	0.18066624
L22D	L22D	22	22	-0.6856192	-0.6861281	-0.3923045	-0.3021609	-0.32131627	-0.384404	-0.5603491	-0.8224728	-0.4543637	-0.77206975	10	-0.53811884	0.19273816	0.7555336	Binding_K13	-0.32398036	0.116040125	0.4548773
L22E	L22E	22	22	-0.74878144	-0.4087824	-0.61629665	-0.5355169	-0.7056852	-0.80448914	-0.5005131	-0.6826075	-0.7437596	-0.54873943	10	-0.62951714	0.12798107	0.5016858	Binding_K13	-0.3790077	0.07705241	0.30204543
L22F	L22F	22	22	-0.3575804	-0.34075293	-0.3394888	-0.15781873	-0.24457696	-0.30885828	-0.38844028	-0.24516001	-0.31977963	-0.15300564	10	-0.28554615	0.08208391	0.32176894	Binding_K13	-0.1719162	0.04941952	0.19372451
L22G	L22G	22	22	-0.42626768	-0.3089606	-0.4235588	-0.3981616	-0.4565475	-0.4080753	-0.4464012	-0.39627048	-0.42906734	-0.40064907	10	-0.409396	0.040727913	0.15965343	Binding_K13	-0.24648134	0.024520688	0.096121095
L22H	L22H	22	22	-0.40301976	-0.32642743	-0.4795485	-0.2988591	-0.2759563	-0.38821796	-0.39502746	-0.5568096	-0.40782535	-0.3527653	10	-0.38844568	0.08371675	0.32816967	Binding_K13	-0.23386799	0.05040259	0.19757815
L22I	L22I	22	22	-0.04470344	-0.07880873	-0.0697741	-0.03881277	-0.041544333	-0.10222159	-0.0953177	-0.16236715	-0.23063928	-0.03316316	10	-0.089735225	0.0632262	0.24784671	Binding_K13	-0.05402608	0.03806603	0.14921884
L22K	L22K	22	22	-0.36256415	-0.4575225	-0.49899778	-0.4420279	-0.68638605	-0.4634883	-0.43905336	-0.59687746	-0.4280746	-0.6569022	10	-0.50318944	0.10693568	0.41918787	Binding_K13	-0.30295074	0.0643818	0.25237668
L22M	L22M	22	22	-0.3703374	-0.26125818	-0.3774564	-0.20713829	-0.26661238	-0.26217332	-0.20804937	-0.17858078	-0.2283151	-0.3062708	10	-0.2666192	0.06737085	0.26409373	Binding_K13	-0.16052102	0.04056136	0.15900053
L22N	L22N	22	22	-0.58816206	-0.4303543	-0.48849535	-0.57970065	-0.45863047	-0.41073614	-0.48967764	-0.43634742	-0.56537145	-0.57623184	10	-0.5023707	0.069100425	0.27087367	Binding_K13	-0.3024578	0.041602667	0.16308247
L22P	L22P	22	22	-0.48858932	-0.39598003	-0.6549622	-0.55358297	-0.674123	-0.48308572	-0.50999796	-0.54816496	-0.5959039	-0.5668472	10	-0.54712373	0.08321268	0.32619372	Binding_K13	-0.32940185	0.05009911	0.19638851
L22Q	L22Q	22	22	-0.5171316	-0.4412444	-0.41465038	-0.4338286	-0.46119896	-0.5580745	-0.46892026	-0.45184487	-0.38138023	-0.4168605	10	-0.4545134	0.0514938	0.2018557	Binding_K13	-0.27364478	0.031002408	0.12152944
L22R	L22R	22	22	-0.19140609	-0.24195701	-0.20749177	-0.17681265	-0.19100145	-0.19751772	-0.2577285	-0.28440642	-0.24117847	-0.2757447	10	-0.22652447	0.038542375	0.1510861	Binding_K13	-0.13638155	0.02320486	0.09096305
L22S	L22S	22	22	-0.6338088	-0.5059617	-0.46175587	-0.54050905	-0.41013578	-0.39320436	-0.48512873	-0.6478768	-0.642673	-0.4821045	10	-0.5203158	0.093785815	0.3676404	Binding_K13	-0.31326187	0.05646478	0.22134194
L22T	L22T	22	22	-0.3869542	-0.4283539	-0.43853283	-0.43346304	-0.28493574	-0.48563665	-0.5455831	-0.6237105	-0.5059431	-0.5531462	10	-0.46862596	0.09601821	0.37639138	Binding_K13	-0.28214142	0.057808816	0.22661057
L22V	L22V	22	22	-0.051517896	0.061222423	-0.052759036	0.07186879	0.028127521	0.012337756	-0.0743653	-0.05570755	0.029076254	-0.0343335	10	-0.0066050543	0.053245526	0.20872247	Binding_K13	-0.0039766454	0.032057054	0.12566365
L22W	L22W	22	22	-0.35765392	-0.075182706	-0.24197547	-0.26039645	-0.21615323	-0.290245	-0.24704078	-0.13867109	-0.09618139	-0.2845555	10	-0.22080556	0.090567455	0.35502443	Binding_K13	-0.13293841	0.05452713	0.21374635
L22Y	L22Y	22	22	-0.6548522	-0.24444918	-0.4562207	-0.14862958	-0.26120517	-0.1497637	-0.25809875	-0.23949714	-0.34846458	-0.3504125	10	-0.3111593	0.1525564	0.5980211	Binding_K13	-0.18733688	0.091848254	0.36004516
L51A	L51A	51	51	-0.5036017	-0.42219457	-0.5696242	-0.39462417	-0.48433882	-0.6398432	-0.5831869	-0.537432	-0.48632732	-0.44650638	10	-0.5067679	0.076544344	0.30005383	Binding_K13	-0.30510518	0.046084363	0.18065071
L51C	L51C	51	51	-0.35726336	-0.3756179	-0.34527075	-0.3533671	-0.46084443	-0.35878566	-0.33317626	-0.5107769	-0.44535473	-0.49799562	10	-0.40384525	0.067692734	0.26535553	Binding_K13	-0.24313946	0.040755153	0.1597602
L51D	L51D	51	51	-0.7767579	-0.90535915	-0.6128757	-0.47322163	-0.6025708	-0.6518012	-0.765968	-0.5562882	-0.73040193	-0.7268152	10	-0.68020594	0.12544541	0.491746	Binding_K13	-0.40952545	0.07552578	0.29606107
L51E	L51E	51	51	-0.1610096	-0.49166876	-0.57559913	-0.5729722	-0.35276425	-0.45328537	-0.539845	-0.59596187	-0.5137058	-0.553434	10	-0.48102456	0.13338473	0.52286816	Binding_K13	-0.28960612	0.08030574	0.3147985
L51F	L51F	51	51	-0.1629544	-0.1825638	-0.14971049	-0.24090032	-0.21461047	-0.08762672	-0.10896226	-0.22427572	-0.24804097	-0.12595713	10	-0.17456022	0.0566815	0.22219148	Binding_K13	-0.10509589	0.03412572	0.13377282
L51G	L51G	51	51	-0.40329653	-0.4100467	-0.42488092	-0.32832262	-0.37369227	-0.30658805	-0.42759615	-0.47194272	-0.4585689	-0.34945363	10	-0.39543885	0.05477318	0.21471088	Binding_K13	-0.2380783	0.032976795	0.12926903
L51H	L51H	51	51	-0.32950297	-0.27497137	-0.30053186	-0.2881486	-0.542148	-0.4848695	-0.39225268	-0.36623257	-0.29058743	-0.28160292	10	-0.35508478	0.09275475	0.36359864	Binding_K13	-0.21378268	0.055844016	0.21890855
L51I	L51I	51	51	-0.1808024	-0.26539966	-0.37251046	-0.19126073	-0.23935394	-0.35595506	-0.26761687	-0.23580362	-0.24313252	-0.24683684	10	-0.25986722	0.06184194	0.2424204	Binding_K13	-0.15645592	0.03723262	0.14595187
L51K	L51K	51	51	-0.44311893	-0.4184881	-0.42243236	-0.27644324	-0.4202504	-0.124855	-0.42870614	-0.46761826	-0.4121131	-0.07195359	10	-0.34859794	0.14174354	0.5556347	Binding_K13	-0.20987722	0.08533826	0.33452597
L51M	L51M	51	51	-0.44027957	-0.39682716	-0.27960917	-0.37916368	-0.34049523	-0.39913386	-0.5111189	-0.35966274	-0.37428445	-0.22362685	10	-0.37042016	0.07964908	0.31222442	Binding_K13	-0.22301552	0.047953606	0.18797813
L51N	L51N	51	51	-0.4751352	-0.4645288	-0.32450882	-0.5710943	-0.4470054	-0.37829843	-0.48118147	-0.45942825	-0.45142987	-0.50086665	10	-0.45534772	0.066474274	0.26057917	Binding_K13	-0.2741471	0.040021565	0.15688454
L51P	L51P	51	51	-0.34255242	-0.21402995	-0.31458968	-0.29832786	-0.3972022	-0.2479872	-0.31686777	-0.40943584	-0.17006452	-0.3128236	10	-0.30238807	0.075145915	0.294572	Binding_K13	-0.18205605	0.04524242	0.1773503
L51Q	L51Q	51	51	-0.557049	-0.40635204	-0.6399221	-0.35795143	-0.53875375	-0.46348238	-0.29547018	-0.36863893	-0.42920527	-0.3541971	10	-0.4411022	0.10815881	0.42398256	Binding_K13	-0.26557043	0.0651182	0.25526336
L51R	L51R	51	51	-0.33153343	-0.38020605	-0.38851863	-0.42503825	-0.45374572	-0.31966823	-0.4750051	-0.42236102	-0.6017517	-0.4351691	10	-0.42329973	0.080150984	0.31419188	Binding_K13	-0.25485224	0.04825578	0.18916266
L51S	L51S	51	51	-0.42519364	-0.30572492	-0.43613362	-0.42485473	-0.40271187	-0.359772	-0.4567954	-0.4123393	-0.46488795	-0.5203786	10	-0.4208792	0.058491755	0.22928768	Binding_K13	-0.25339493	0.0352156	0.13804516
L51T	L51T	51	51	-0.51476634	-0.47566098	-0.5142725	-0.4868483	-0.42146996	-0.29389423	-0.5323164	-0.3489105	-0.5899716	-0.34177256	10	-0.4519883	0.09648584	0.3782245	Binding_K13	-0.27212453	0.05809036	0.22771421
L51V	L51V	51	51	-0.28832546	-0.44974798	-0.40228662	-0.34842908	-0.50758857	-0.5112103	-0.4138015	-0.42619997	-0.4577772	-0.44665116	10	-0.4252018	0.067982055	0.26648965	Binding_K13	-0.25599742	0.040929344	0.16044302
L51W	L51W	51	51	-0.2295066	-0.12742078	-0.35312843	-0.25230545	-0.40129927	-0.42394167	-0.17709363	-0.21506433	-0.22082184	-0.23585086	10	-0.2636433	0.097159445	0.38086504	Binding_K13	-0.15872934	0.05849591	0.22930397
L51Y	L51Y	51	51	-0.39204234	-0.30061075	-0.39149168	-0.26174483	-0.4447558	-0.3547426	-0.39807782	-0.30460396	-0.43807745	-0.28372365	10	-0.35698706	0.06561912	0.25722694	Binding_K13	-0.21492797	0.03950671	0.15486631
L52A	L52A	52	52	-0.19138189	-0.33892098	-0.12554821	-0.16315544	-0.22862075	-0.27116248	-0.28764597	-0.21649575	-0.18356429	-0.18443373	10	-0.21909294	0.06409898	0.251268	Binding_K13	-0.1319073	0.038591493	0.15127866
L52C	L52C	52	52	-0.2180191	-0.28248838	-0.19453897	-0.113988414	-0.34684262	-0.29432902	-0.05632979	-0.23711911	-0.31814584	-0.17270425	10	-0.22345054	0.09203908	0.3607932	Binding_K13	-0.13453086	0.055413138	0.2172195
L52D	L52D	52	52	-1.4616444	-1.249698	-1.238065	-1.2208676	-1.7774119	-1.4255414	-1.4275439	-1.1434503	-1.0030636	-1.5772293	10	-1.3524516	0.22625719	0.8869282	Binding_K13	-0.8142583	0.13622062	0.53398484
L52E	L52E	52	52	-0.09116526	-0.3616806	-0.32225716	-0.45150378	-0.24504842	-0.5814556	-0.32986662	-0.08660676	-0.3285019	-0.40956646	10	-0.32076526	0.15203656	0.5959833	Binding_K13	-0.19312024	0.09153528	0.3588183
L52F	L52F	52	52	-0.18916176	-0.09650843	-0.20294069	-0.15535302	-0.13007578	-0.0037781983	-0.074206166	-0.10730791	0.055189546	-0.056147657	10	-0.096029006	0.08052177	0.31564534	Binding_K13	-0.057815317	0.048479017	0.19003776
L52G	L52G	52	52	-0.33400616	-0.18112679	-0.3975452	-0.3340532	-0.43730885	-0.34593022	-0.38893914	-0.26199466	-0.31013495	-0.5718027	10	-0.35628417	0.104658246	0.41026032	Binding_K13	-0.2145048	0.06301065	0.24700174
L52H	L52H	52	52	-0.64916253	-0.46647415	-0.6277709	-0.08806055	-0.55850065	-0.83872	-0.3927741	-0.33170342	-0.9513516	-0.42786333	10	-0.53323805	0.25060856	0.9823856	Binding_K13	-0.32104182	0.15088163	0.591456
L52I	L52I	52	52	-0.50052434	-0.54825515	-0.38180783	-0.6386188	-0.2982724	-0.37741947	-0.36470765	-0.6529981	-0.39058596	-0.48621675	10	-0.46394062	0.121153936	0.47492343	Binding_K13	-0.27932054	0.072942056	0.28593287
L52K	L52K	52	52	-0.7359381	-1.0643646	-0.91642106	-0.70490676	-1.0963142	-0.71596706	-0.9737375	-0.7533674	-0.7317191	-0.9301297	10	-0.86228657	0.15151529	0.59393996	Binding_K13	-0.51914907	0.091221444	0.35758808
L52M	L52M	52	52	-0.10987674	0.062195934	-0.020210369	0.17015126	0.11552749	-0.08916495	-0.16574927	0.08674214	-0.0313275	-0.20481619	10	-0.01865282	0.1251874	0.4907346	Binding_K13	-0.011230134	0.075370446	0.29545215
L52N	L52N	52	52	-0.5677951	-0.31825224	-0.42444	-0.7376578	-0.5733363	-0.33330056	-0.5090694	-0.9106445	-0.5848151	-0.72424245	10	-0.5683554	0.18632431	0.7303913	Binding_K13	-0.3421846	0.112178594	0.4397401
L52P	L52P	52	52	-0.9073779	-0.9996348	-1.0288785	-0.8314883	-0.9295748	-0.8956631	-1.1112335	-0.871158	-0.8919264	-1.077143	10	-0.9544078	0.09396965	0.36836103	Binding_K13	-0.5746117	0.05657546	0.2217758
L52Q	L52Q	52	52	-0.17144793	-0.27754012	-0.575259	-0.16825934	-0.23103651	-0.22704361	-0.11960229	-0.08284199	-0.1814708	0.042413007	10	-0.19920886	0.15973589	0.6261647	Binding_K13	-0.11993588	0.096170746	0.37698933
L52R	L52R	52	52	-1.1178284	-1.0631912	-1.0376856	-1.0420178	-1.21517	-0.9871707	-1.0125172	-0.85161316	-0.94706357	-1.3322747	10	-1.0606532	0.1358598	0.5325704	Binding_K13	-0.6385779	0.081795886	0.32063988
L52S	L52S	52	52	-0.36675668	-0.349474	-0.47516686	-0.36616635	-0.54298496	-0.39207724	-0.35222235	-0.51220536	-0.42943162	-0.47404623	10	-0.42605314	0.07101985	0.27839783	Binding_K13	-0.25650996	0.042758282	0.16761246
L52T	L52T	52	52	-0.4478383	-0.12448985	-0.27546942	-0.17434035	-0.33661214	-0.21086209	-0.31327182	-0.11621299	-0.11183603	-0.23078212	10	-0.23417148	0.11012861	0.43170416	Binding_K13	-0.1409855	0.06630414	0.25991222
L52V	L52V	52	52	-0.43184027	-0.36003786	-0.5004655	-0.48465842	-0.49120903	-0.5865775	-0.54697686	-0.5363317	-0.41810519	-0.530233	10	-0.48864356	0.068232924	0.26747307	Binding_K13	-0.2941932	0.04108038	0.1610351
L52W	L52W	52	52	0.14254561	0.08235974	0.1257608	0.09675558	0.21215306	0.12013254	0.13198332	0.27004763	0.059084352	0.17431135	10	0.1415134	0.06296459	0.2468212	Binding_K13	0.0851997	0.03790852	0.1486014
L52Y	L52Y	52	52	-0.330428	-0.7864729	-0.58427584	-0.2928729	-0.27802753	-0.295066	-0.60714597	-0.5164078	-0.39421812	-0.5693975	10	-0.46543127	0.17253034	0.67631894	Binding_K13	-0.280218	0.10387378	0.40718523
L55A	L55A	55	55	-0.5930725	-0.49594268	-0.6012932	-0.49265227	-0.41987258	-0.5463326	-0.6921948	-0.51929915	-0.7176405	-0.6257478	10	-0.57040477	0.09338285	0.3660608	Binding_K13	-0.34341845	0.05622217	0.22039092
L55C	L55C	55	55	-0.5358974	-0.55591637	-0.4990892	-0.4246792	-0.45951393	-0.546647	-0.565631	-0.5703226	-0.47826082	-0.56600153	10	-0.5201959	0.05153976	0.20203586	Binding_K13	-0.31318966	0.031030077	0.1216379
L55D	L55D	55	55	-0.6591885	-0.54876333	-0.72876096	-0.50624925	-0.59208643	-0.42175907	-0.36703235	-0.375377	-0.57853043	-0.55440515	10	-0.5332152	0.11832006	0.46381465	Binding_K13	-0.32102808	0.071235895	0.27924472
L55E	L55E	55	55	-0.37041008	-0.44025284	-0.4449772	-0.18127596	-0.40711614	-0.3525017	-0.32527885	-0.30436224	-0.4830417	-0.39219168	10	-0.37014085	0.08656196	0.3393229	Binding_K13	-0.22284736	0.05211558	0.20429307
L55F	L55F	55	55	-0.71482235	-0.64407283	-0.57759905	-0.564147	-1.1353601	-0.88958377	-1.5862437	-0.7518561	-0.75424147	-0.36690858	10	-0.7984835	0.34436497	1.3499107	Binding_K13	-0.48073575	0.2073287	0.8127285
L55G	L55G	55	55	-0.3118517	-0.3607953	-0.40956903	-0.4771745	-0.265739	-0.36444992	-0.32474026	-0.26249176	-0.2855847	-0.30609646	10	-0.33684927	0.06769667	0.26537094	Binding_K13	-0.2028038	0.040757522	0.15976949
L55H	L55H	55	55	-0.628622	-0.4721526	-0.5930114	-0.63910246	-0.5801646	-0.6852114	-0.7060283	-0.61475	-0.622055	-0.4944816	10	-0.60355794	0.07404952	0.2902741	Binding_K13	-0.36337867	0.044582326	0.17476273
L55I	L55I	55	55		-0.86734134	0.20381984	-0.66067463	-0.60079914	0.379106	-0.91608584	-0.98448396			7	-0.4923513	0.5547595	2.1746573	Binding_K13	-0.2964255	0.33399904	1.3092762
L55K	L55K	55	55	-0.95659757	-1.2736052	-0.8726198	-1.1471602	-1.193987	-1.1912777	-1.0942534	-1.0483049	-0.9492227	-0.9977578	10	-1.0724787	0.12914784	0.50625956	Binding_K13	-0.64569753	0.07775488	0.30479914
L55M	L55M	55	55	-0.48543122	-0.45277432	-0.40954098	-0.62338865	-0.6728172	-0.65717036	-0.8009985	-0.5333021	-0.58719075	-0.46639192	10	-0.5689006	0.12174031	0.47722203	Binding_K13	-0.34251285	0.073295094	0.28731677
L55N	L55N	55	55	0.41343436	0.35710937	0.42272636	0.2905006	0.41791564	0.43351904	0.39731002	0.3454496	0.28032133	0.46983528	10	0.38281214	0.06253879	0.24515206	Binding_K13	0.23047625	0.037652165	0.1475965
L55P	L55P	55	55	-0.45114687	-0.4985524	-0.49258375	-0.39938313	-0.4093913	-0.5371472	-0.5144496	-0.42931336	-0.4466039	-0.52273154	10	-0.47013035	0.04922579	0.19296509	Binding_K13	-0.28304714	0.029636927	0.116176754
L55Q	L55Q	55	55	-0.6756253	-0.5391871	-0.56783634	-0.80994445	-0.6852686	-0.82796985	-0.6438448	-0.7141962	-0.80321264	-0.72041816	10	-0.6987504	0.09832616	0.38543856	Binding_K13	-0.42069033	0.059198346	0.23205753
L55R	L55R	55	55	-0.6481266	-0.675753	-0.6761392	-0.7428232	-0.57884544	-0.58673716	-0.5672763	-0.64832026	-0.67403936	-0.6552753	10	-0.64533365	0.05402189	0.21176581	Binding_K13	-0.3885302	0.032524474	0.12749594
L55S	L55S	55	55	-0.43972802	-0.3772938	-0.5024526	-0.51048994	-0.55666804	-0.565686	-0.6041472	-0.55261254	-0.48422062	-0.42594528	10	-0.5019244	0.071213506	0.27915695	Binding_K13	-0.30218908	0.042874873	0.1680695
L55T	L55T	55	55	-0.5377304	-0.5063648	-0.5382803	-0.6374798	-0.6697902	-0.5063818	-0.5745154	-0.43605912	-0.42974868	-0.42881355	10	-0.5265164	0.08387302	0.32878223	Binding_K13	-0.31699497	0.05049667	0.19794695
L55V	L55V	55	55	-0.78005195	-0.5564772	-0.6723479	-0.7466097	-0.6793193	-0.5791952	-0.7926205	-0.63103265	-0.86551887	-1.0540059	10	-0.73571795	0.14842121	0.5818112	Binding_K13	-0.44294706	0.08935862	0.3502858
L55W	L55W	55	55	-0.42957327	-0.36359325	-0.28129002	-0.39299285	-0.5047369	-0.4863355	-0.3845451	-0.39079985	-0.48253027	-0.33881032	10	-0.40552074	0.07097649	0.27822784	Binding_K13	-0.24414821	0.042732175	0.16751014
L55Y	L55Y	55	55	-0.5594735	-0.6490127	-0.5891378	-0.5858741	-0.6073955	-0.6537256	-0.6176222	-0.6295343	-0.54188067	-0.5886219	10	-0.60222787	0.03642924	0.14280263	Binding_K13	-0.3625779	0.021932624	0.085975885
L5A	L5A	5	5	-0.14480571	-0.025908338	-0.31712002	-0.5999032	-0.2205282	-0.32321793	-0.26644838	-0.7419422	-0.15471408	-0.4214609	10	-0.3216049	0.2170338	0.8507725	Binding_K13	-0.19362576	0.13066758	0.5122169
L5C	L5C	5	5	-0.074238166	-0.08877719	-0.07906884	-0.3051378	-0.16367051	-0.29248965	-0.18555795	-0.32902995	-0.09988805	-0.34293523	10	-0.19607934	0.11100325	0.43513274	Binding_K13	-0.11805172	0.066830724	0.26197645
L5D	L5D	5	5	-0.50601083	-0.2623079	0.26733252	-0.043061256	-0.15124162	0.012716839	-0.04467584	-0.37849912	-0.005989927	-0.37973678	10	-0.14914739	0.23291703	0.91303474	Binding_K13	-0.08979582	0.14023025	0.5497026
L5E	L5E	5	5	-0.038565423	-0.5423339	-0.6358919	-0.5748811	-0.56711066	-0.046570174	-0.21058303	-0.079177864	-0.029290339	-0.2171382	10	-0.29415426	0.25551635	1.0016241	Binding_K13	-0.1770988	0.15383643	0.6030388
L5F	L5F	5	5	-0.14511238	0.024809983	-0.13615425	-0.15500708	-0.04754975	-0.38294452	-0.32942712	-0.32619065	-0.17073855	-0.058589485	10	-0.17269038	0.13434328	0.5266257	Binding_K13	-0.10397013	0.08088285	0.31706077
L5G	L5G	5	5	0.0512612	-0.40129545	-0.1985521	-0.2904129	-0.075477615	-0.2777772	-0.17326413	-0.3724193	-0.19179262	0.004905675	10	-0.19248244	0.1510392	0.5920737	Binding_K13	-0.11588617	0.090934806	0.35646445
L5H	L5H	5	5	0.2122762	0.14053938	0.16462046	0.29046708	0.23783189	0.3166963	0.30020276	0.36472222	0.23052402	0.07207541	10	0.23299555	0.08929034	0.35001814	Binding_K13	0.14027753	0.05375823	0.21073227
L5I	L5I	5	5	-0.3553085	-0.3288814	-0.34441867	-0.5529629	-0.3901729	-0.36571807	-0.61257696	-0.35217515	-0.5941299	-0.5309481	10	-0.4427293	0.114923194	0.45049894	Binding_K13	-0.26655003	0.06919077	0.27122784
L5K	L5K	5	5	0.2647393	-0.39404193	0.19273682	0.2160756	-0.02288917	0.001536348	-0.2085565	0.36152807	0.24474946	-0.051950976	10	0.060392696	0.23805815	0.93318796	Binding_K13	0.036360085	0.14332552	0.56183606
L5M	L5M	5	5	-0.081118986	-0.006439397	-0.19979632	-0.09672805	-0.15806763	-0.3948626	0.0011137793	-0.43471617	-0.271849	-0.23898569	10	-0.18814501	0.15011421	0.5884477	Binding_K13	-0.11327477	0.090377904	0.3542814
L5N	L5N	5	5	-0.8484852	-0.6219015	-0.5540785	-0.8434175	-0.8337382	-0.855839	-0.7560261	-0.5590481	-0.7553401	-0.8247796	10	-0.74526536	0.12171455	0.47712103	Binding_K13	-0.44869518	0.07327958	0.28725597
L5P	L5P	5	5	0.26821005	0.16585808	0.28977174	0.35551846	-0.07843745	0.48834231	0.33421713	0.20525278	0.2900279	0.08687686	10	0.2405638	0.1567806	0.61458	Binding_K13	0.14483407	0.09439148	0.3700146
L5Q	L5Q	5	5	-0.49150217	-0.3715325	-0.6691404	0.113834694	-0.31786364	-0.4793337	-0.3735409	-0.46659967	-0.56139797	-0.38974634	10	-0.40068227	0.20815894	0.81598306	Binding_K13	-0.24123515	0.12532437	0.49127153
L5R	L5R	5	5	0.77626336	0.41870362	0.79812336	0.8488528	0.89473474	0.98745215	0.7964057	1.6826895	0.6120526	0.35139474	10	0.81666726	0.36596906	1.4345988	Binding_K13	0.49168348	0.22033569	0.86371595
L5S	L5S	5	5	-0.7144443	-0.41460863	-0.62036693	-0.63561904	-0.473285	-0.4222704	-0.5384597	-0.69950116	-0.5210233	-0.9496549	10	-0.5989233	0.16294765	0.63875484	Binding_K13	-0.36058837	0.098104425	0.38456935
L5T	L5T	5	5	-0.15139423	-0.24557881	-0.33811924	-0.22620372	0.1814399	-0.27544305	-0.3047941	-0.23763345	-0.3243464	-0.41741818	10	-0.23394911	0.1629577	0.6387942	Binding_K13	-0.14085163	0.09811047	0.38459304
L5V	L5V	5	5	-0.3391155	-0.20600629	-0.27919176	-0.3814098	-0.29904953	-0.43046245	-0.26648214	-0.32427275	-0.28773904	-0.32525176	10	-0.3138981	0.06237499	0.24450997	Binding_K13	-0.1889858	0.03755355	0.14720991
L5W	L5W	5	5	-0.17510103	-0.380405	-0.44566962	-0.58976173	-0.3750484	-0.7613561	-0.4309781	-0.53386647	-0.7740337	-0.57494307	10	-0.50411636	0.18295223	0.71717274	Binding_K13	-0.3035088	0.11014839	0.4317817
L5Y	L5Y	5	5	0.1316269	-0.11122205	-0.28793257	-0.18797056	-0.08522525	0.043470804	-0.30889565	-0.18174921	-0.21189971	-0.07518215	10	-0.12749796	0.13885765	0.544322	Binding_K13	-0.076761544	0.08360077	0.327715
L78A	L78A	78	78	-0.08246848	0.055484097	-0.17620164	-0.035320595	-0.03534424	-0.0038743415	0.057670094	-0.12217384	-0.1297185	-0.007759141	10	-0.04797066	0.07857471	0.30801287	Binding_K13	-0.028881263	0.047306765	0.18544252
L78C	L78C	78	78	0.043094438	-0.06862902	0.122984	-0.15838242	0.16205885	-0.07997809	0.17674868	0.087386854	-0.0134422025	0.14626333	10	0.041810445	0.11662179	0.45715743	Binding_K13	0.025172437	0.07021343	0.27523664
L78D	L78D	78	78	1.3152672	1.3128297	1.8049436	1.2495538	0.9059108	1.2347835	1.7246225	1.5284694	1.1084182	0.71639544	10	1.2901194	0.33768725	1.323734	Binding_K13	0.77673054	0.20330831	0.7969686
L78E	L78E	78	78	1.163115	1.9010502	1.8023444	0.9009088	1.2722683	1.6906602	1.5857626	1.0384861	2.0011532	1.4338812	10	1.4789629	0.37775937	1.4808167	Binding_K13	0.89042586	0.22743417	0.89154196
L78F	L78F	78	78	0.3486876	0.1796872	0.22638163	0.15296994	0.33342814	0.16995211	0.17910698	0.21875393	0.16013658	0.25282353	10	0.22219276	0.07021936	0.2752599	Binding_K13	0.1337736	0.042276338	0.16572325
L78G	L78G	78	78	0.25413725	0.95739484	0.98031217	1.1370412	0.6731368	0.57809216	0.4830291	0.39006546	0.4478526	0.10742714	10	0.60084885	0.3349554	1.3130251	Binding_K13	0.36174765	0.20166357	0.7905212
L78H	L78H	78	78	1.6269788	1.0562475	2.053801	1.8045906	1.5084689	1.3481972	1.2374768	1.6689183	1.0418957	1.2849764	10	1.463155	0.32924116	1.2906253	Binding_K13	0.88090855	0.19822325	0.7770352
L78I	L78I	78	78	-0.12558363	-0.26661482	-0.18081579	-0.15423913	-0.25798076	-0.14642015	-0.20000672	-0.21822128	-0.2586417	-0.1063729	10	-0.1914897	0.058197588	0.22813454	Binding_K13	-0.11528847	0.035038497	0.13735092
L78K	L78K	78	78	1.3965895	1.0514468	1.148588	1.154241	1.8255155	0.30265492	1.3340107	1.0731969	0.20368864	0.77526563	10	1.0265198	0.49081224	1.923984	Binding_K13	0.6180275	0.2954989	1.1583557
L78M	L78M	78	78	0.00778172	0.09537005	0.044233646	0.18738413	0.17385854	-0.006201865	0.14381057	0.14946023	0.02814385	-0.15497193	10	0.06688689	0.10518783	0.41233632	Binding_K13	0.040269986	0.06332949	0.2482516
L78N	L78N	78	78	0.8775399	0.49578485	1.1736438	0.59879404	1.1323737	0.42687458	0.022191938	0.16243675	0.8854843	0.35060635	10	0.612573	0.39409438	1.54485	Binding_K13	0.3688063	0.23726885	0.9300939
L78P	L78P	78	78	1.596692	1.8801401	1.8468049	1.8634502	1.6520487	1.9519551	1.7959474	1.7052914	1.4602114	1.7518225	10	1.7504364	0.14949958	0.58603835	Binding_K13	1.0538695	0.090007864	0.35283083
L78Q	L78Q	78	78	0.5137539	0.53210497	0.5095048	1.3693794	0.03444995	0.50906044	0.30594718	1.0345384	1.0286689	0.94609904	10	0.67835075	0.40245676	1.5776305	Binding_K13	0.40840852	0.2423035	0.94982976
L78R	L78R	78	78	1.6132028	2.1131952	1.5862756	2.1377623	2.701192	2.4434419	1.7790616	1.7130884	1.6789114	0.7965552	10	1.8562685	0.5288147	2.0729535	Binding_K13	1.1175869	0.3183787	1.2480445
L78S	L78S	78	78	0.70710886	0.60587543	0.7562939	1.2224466	1.0664139	1.25282	1.3731996	0.91218865	0.8686234	1.0123087	10	0.9777279	0.25336906	0.99320674	Binding_K13	0.5886518	0.15254362	0.597971
L78T	L78T	78	78	0.45214725	0.55548936	0.31643093	0.29187807	0.6439307	0.32103518	0.60126364	0.6808334	0.32278192	0.5554604	10	0.4741251	0.15124218	0.59286934	Binding_K13	0.28545222	0.09105702	0.35694352
L78V	L78V	78	78	-0.2495412	-0.17829907	-0.15433787	-0.16126771	-0.22248249	-0.20397742	-0.29347172	-0.1331712	-0.17419738	-0.2702565	10	-0.20410025	0.05340458	0.20934597	Binding_K13	-0.122880794	0.032152813	0.12603903
L78W	L78W	78	78	-0.1102267	0.4901475	0.23652613	0.39450043	-0.112433545	-0.07283586	0.1587109	-0.16335313	-0.1617819	0.44177392	10	0.11010277	0.26539296	1.0403404	Binding_K13	0.06628858	0.15978274	0.6263483
L78Y	L78Y	78	78	0.49172315	0.5883574	0.12501228	0.33743978	0.29998136	0.33033085	0.10844266	0.12249508	0.03053563	0.30982807	10	0.2744146	0.17864114	0.7002733	Binding_K13	0.16521432	0.107552856	0.4216072
M110A	M110A	110	110	-0.22907317	-0.07206639	-0.24573798	-0.16039158	-0.13692626	-0.20304851	-0.014820515	0.15083314	-0.107559815	-0.13132839	10	-0.115011945	0.117031455	0.4587633	Binding_K13	-0.069244206	0.07046007	0.27620348
M110C	M110C	110	110	-0.19065394	-0.100621104	-0.17127885	-0.09935891	-0.21215363	0.0020043813	-0.22166663	-0.1655203	-0.2530741	-0.13539198	10	-0.15477149	0.074583076	0.29236567	Binding_K13	-0.09318188	0.044903558	0.17602195
M110D	M110D	110	110	-0.019062478	0.97659403	0.33424753	0.60561043	0.64022523	0.21507622	0.6772466	0.7911219	0.54650015	0.37286136	10	0.5140421	0.29222572	1.1455249	Binding_K13	0.30948466	0.1759377	0.6896758
M110E	M110E	110	110	-0.14501758	0.113123775	-0.64309126	-0.013859793	-0.09286984	0.039953474	0.40533054	0.10569945	-0.012369023	0.074447215	10	-0.01686531	0.2658577	1.0421622	Binding_K13	-0.010153945	0.16006254	0.62744516
M110F	M110F	110	110	-0.26838398	-0.17268474	-0.16851617	-0.2712278	-0.17992696	-0.39788464	-0.18231168	-0.29569912	-0.3030017	-0.22956133	10	-0.2469198	0.074526735	0.2921448	Binding_K13	-0.14866078	0.04486964	0.17588899
M110G	M110G	110	110	-0.45120546	-0.05118993	0.43874508	0.22877201	0.21987557	0.10582616	0.025085876	0.117927074	-0.40613896	0.25252807	10	0.04802255	0.284952	1.1170119	Binding_K13	0.028912503	0.17155848	0.67250925
M110H	M110H	110	110	-0.5174452	-0.39589766	-0.7618429	-0.4799225	-0.75456774	-0.16119716	-0.32022902	-0.15081352	-0.49714276	-0.25098974	10	-0.42900482	0.21744947	0.852402	Binding_K13	-0.25828707	0.13091785	0.51319796
M110I	M110I	110	110	-0.3873488	-0.3331252	-0.20427406	-0.2277801	-0.3208474	-0.34076068	-0.30006874	-0.08579827	-0.016805101	-0.33064196	10	-0.25474504	0.12098799	0.47427294	Binding_K13	-0.15337205	0.07284214	0.2855412
M110K	M110K	110	110	1.1837701	1.3493702	0.997608	1.2091204	1.0696822	0.8626829	1.0240657	1.0401539	0.8398926	1.1053483	10	1.0681694	0.15482359	0.60690844	Binding_K13	0.64310306	0.09321324	0.3653959
M110L	M110L	110	110	-0.1953542	-0.26577878	-0.26113147	-0.3287832	-0.4631588	-0.44788906	-0.37383214	-0.34301198	-0.4044921	-0.33392137	10	-0.3417353	0.08492163	0.33289278	Binding_K13	-0.20574549	0.051128	0.20042177
M110N	M110N	110	110	-0.8101733	-0.1589302	-0.14593852	0.11491491	-0.22988343	0.2508095	0.4029252	-0.081559666	-0.44729814	-0.267885	10	-0.13730186	0.34708557	1.3605754	Binding_K13	-0.082664095	0.20896667	0.8191494
M110P	M110P	110	110	1.0312244	0.27416465	0.5187155	0.4511832	1.2496945	1.7586818	0.8490954	0.23787786	0.94424844	0.7761451	10	0.809103	0.47034234	1.843742	Binding_K13	0.48712936	0.28317475	1.1100451
M110Q	M110Q	110	110	-0.32706645	-0.27244538	-0.16270672	-0.06828133	-0.06570685	-0.04641075	-0.09844425	0.07513996	-0.2496972	-0.20008074	10	-0.14156997	0.12297417	0.48205876	Binding_K13	-0.085233755	0.07403795	0.29022875
M110R	M110R	110	110	0.8666937	0.8661689	0.52377766	0.543179	0.5435927	0.43753755	0.090980165	1.1322206	0.9796607	0.5160741	10	0.64998853	0.30716318	1.2040796	Binding_K13	0.39133272	0.18493097	0.7249294
M110S	M110S	110	110	-0.5231481	-0.02552593	0.0035332064	0.16056886	0.42804268	0.21550007	0.2093516	0.107961684	-0.35926422	-0.39833444	10	-0.018131455	0.31086415	1.2185875	Binding_K13	-0.010916241	0.18715917	0.7336639
M110T	M110T	110	110	0.09350804	0.20001748	0.04461212	-0.03053957	0.05286016	-0.09454501	0.06992182	0.08976507	0.08576307	-0.02090523	10	0.049045794	0.08171146	0.32030895	Binding_K13	0.029528558	0.049195282	0.19284551
M110V	M110V	110	110	-0.19481245	-0.19586015	-0.44688943	-0.30599803	-0.42158452	-0.27038842	-0.34491095	-0.36315766	-0.4710954	-0.2546764	10	-0.32693732	0.09958759	0.39038336	Binding_K13	-0.1968362	0.059957802	0.23503458
M110W	M110W	110	110	-0.02014669	0.10702521	-0.0943574	0.07325494	0.12585884	-0.06545613	-0.016819041	0.098310515	0.030100692	0.16308424	10	0.040085517	0.0866902	0.3398256	Binding_K13	0.024133924	0.05219279	0.20459573
M110Y	M110Y	110	110	-0.11777657	-0.16652858	-0.26605514	-0.40636498	-0.3175664	-0.37324733	-0.5789391	-0.7748286	-0.5766641	-0.50417054	10	-0.40821415	0.20373031	0.79862285	Binding_K13	-0.24576981	0.122658074	0.48081967
M169A	M169A	169	169	-0.4723641	-0.8195116	-0.43101183	-0.7118717	-0.29569942	-0.36824057	-0.7087773	-0.70471346	-0.58293706	-0.72463727	10	-0.5819764	0.17864749	0.7002982	Binding_K13	-0.35038528	0.10755668	0.4216222
M169C	M169C	169	169	-0.24654707	-0.2156462	-0.36253282	-0.506897	-0.1990795	-0.3369038	-0.30426243	-0.41180086	-0.3026278	-0.27987045	10	-0.3166168	0.093336225	0.36587802	Binding_K13	-0.19062263	0.056194097	0.22028087
M169D	M169D	169	169	-0.39240542	-0.116864584	-0.22654052	-0.0858073	-0.07797921	-0.054622523	-0.22346714	-0.21346773	-0.14742944	-0.31087098	10	-0.1849455	0.10914879	0.42786327	Binding_K13	-0.111348465	0.065714225	0.25759977
M169E	M169E	169	169	-0.41968527	-0.63855046	-0.8925092	-0.7257113	-0.2548456	-0.3278602	-0.6896502	-0.36076856	-0.87864584	-0.6392789	10	-0.58275056	0.22853054	0.89583975	Binding_K13	-0.35085136	0.13758932	0.53935015
M169F	M169F	169	169	-0.24077511	-0.28191355	-0.2924438	-0.33473855	-0.47624367	-0.42893425	-0.30692795	-0.40409818	-0.38233018	-0.13474937	10	-0.32831547	0.09985392	0.39142737	Binding_K13	-0.19766593	0.060118146	0.23566313
M169G	M169G	169	169	-0.54700786	-0.25380632	-0.33944255	-0.35510883	-0.22444978	-0.45678732	-0.3400393	-0.4125407	-0.19386633	-0.38572484	10	-0.35087734	0.108025774	0.42346105	Binding_K13	-0.21124956	0.0650381	0.25494936
M169H	M169H	169	169	0.11146731	-0.03625047	-0.15433761	-0.114620686	-0.14280179	-0.08011699	-0.098014034	-0.15258338	-0.18722378	-0.06991469	10	-0.092439614	0.08490948	0.33284515	Binding_K13	-0.055654284	0.051120684	0.20039308
M169I	M169I	169	169	-0.34382206	-0.060097624	-0.2108882	-0.16157785	-0.1741685	-0.16056655	-0.30815065	-0.04503803	-0.18055025	-0.06907035	10	-0.171393	0.0995108	0.39008233	Binding_K13	-0.10318904	0.059911568	0.23485336
M169K	M169K	169	169	-0.17141515	-0.24201243	-0.44252503	-0.76414555	-0.16481777	-0.61694634	-0.28673697	-0.20602986	-0.4186336	-0.21782817	10	-0.3531091	0.20439532	0.8012297	Binding_K13	-0.2125932	0.123058446	0.48238912
M169L	M169L	169	169	-0.33706498	-0.2186066	-0.31172082	-0.33113885	-0.39498568	-0.29868758	-0.31252488	-0.36683613	-0.25996524	-0.28322634	10	-0.3114757	0.050903898	0.19954328	Binding_K13	-0.18752736	0.03064725	0.12013722
M169N	M169N	169	169	-0.2750295	-0.019068742	-0.25475553	-0.20417377	-0.098740764	-0.06954109	-0.3418665	-0.5108438	-0.10549045	-0.12859964	10	-0.20081098	0.14885771	0.58352226	Binding_K13	-0.12090046	0.08962142	0.35131598
M169P	M169P	169	169	-0.6280096	-0.49969518	-0.31230113	-0.42477232	-0.4393916	-0.5359566	-0.5969988	-0.3700743	-0.8023194	-0.5406228	10	-0.5150142	0.14115606	0.5533318	Binding_K13	-0.31006995	0.084984556	0.33313948
M169Q	M169Q	169	169	-0.37862706	-0.38453287	-0.24141356	-0.3099914	-0.67476857	-0.2818973	-0.536037	-0.15994254	-0.33515716	-0.31020504	10	-0.36125726	0.14786805	0.5796428	Binding_K13	-0.2174989	0.08902559	0.3489803
M169R	M169R	169	169	-0.53557754	-0.49401614	-0.47247508	-0.4851004	-0.17039412	-0.24386147	-0.27102008	-0.35839292	-0.48591676	-0.39914885	10	-0.39159036	0.1255456	0.49213877	Binding_K13	-0.23576127	0.07558611	0.29629755
M169S	M169S	169	169	-0.3734708	-0.33902568	-0.3358983	-0.3201496	-0.38290974	-0.34977284	-0.3847291	-0.48140052	-0.5036506	-0.54984385	10	-0.40208513	0.08009301	0.3139646	Binding_K13	-0.24207976	0.048220877	0.18902583
M169T	M169T	169	169	-0.45943654	-0.38690057	-0.41400382	-0.3116874	-0.5474034	-0.5398811	-0.4628648	-0.29844567	-0.4782383	-0.3821492	10	-0.42810106	0.085506625	0.33518597	Binding_K13	-0.25774294	0.051480204	0.2018024
M169V	M169V	169	169	-0.3628761	-0.32189453	-0.29186243	-0.28844637	-0.40531966	-0.28031704	-0.3517945	-0.41355053	-0.3540664	-0.5461165	10	-0.3616244	0.07972825	0.31253475	Binding_K13	-0.21771993	0.04800127	0.18816498
M169W	M169W	169	169	-0.59390116	-0.4639988	-0.34600094	-0.5638638	-0.48896846	-0.4703801	-0.50091696	-0.5243897	-0.43188557	-0.39291748	10	-0.47772232	0.075015426	0.29406047	Binding_K13	-0.28761795	0.04516386	0.17704234
M169Y	M169Y	169	169	-0.15787175	-0.3881047	-0.17159532	-0.2393206	-0.3270568	-0.22505438	-0.3776095	-0.16696672	-0.40593064	-0.5602737	10	-0.3019784	0.1321309	0.51795316	Binding_K13	-0.18180941	0.07955086	0.31183937
M187A	M187A	187	187	-0.29268184	-0.085572615	-0.06492725	0.028893318	0.16330156	0.15466338	0.045430396	0.053664234	-0.11592339	0.13366127	10	0.002050905	0.14330587	0.561759	Binding_K13	0.0012347698	0.08627887	0.33821318
M187C	M187C	187	187	0.1685341	0.1361681	0.017010933	0.35168734	0.17645706	0.2216454	0.26561615	0.25450876	0.03532402	0.08861578	10	0.17155676	0.10608832	0.41586623	Binding_K13	0.10328763	0.06387164	0.25037682
M187D	M187D	187	187	0.19620618	-0.041163735	-0.068083234	0.10703409	-0.12594573	-0.41759917	-0.15897861	-0.31534964	-0.014721258	-0.041203883	10	-0.087980494	0.18128024	0.71061856	Binding_K13	-0.052969623	0.10914176	0.4278357
M187E	M187E	187	187	-0.09542104	-0.2093737	-0.3035728	0.03130274	-0.21370018	-0.0021270483	-0.30215833	-0.33692527	-0.10955767	-0.6262058	10	-0.2167739	0.19171643	0.75152844	Binding_K13	-0.1305111	0.11542498	0.45246595
M187F	M187F	187	187	-0.31633726	-0.32922572	-0.37158972	-0.3648711	-0.2328221	-0.029395	-0.61397946	-0.34054148	-0.30343303	-0.36865824	10	-0.32708532	0.14368586	0.5632486	Binding_K13	-0.1969253	0.08650765	0.33911
M187G	M187G	187	187	0.32284263	0.23255882	-0.02896011	0.08151388	0.08060812	0.07657471	0.190808	0.17218938	0.13026416	0.075969465	10	0.1334369	0.09938613	0.38959366	Binding_K13	0.08033715	0.05983651	0.23455912
M187H	M187H	187	187	0.35432038	0.032387804	-0.006756635	0.24742144	0.36314425	0.2912133	0.28406212	0.38921282	0.09173573	-0.048505865	10	0.19982353	0.16606076	0.6509582	Binding_K13	0.12030595	0.0999787	0.3919165
M187I	M187I	187	187	0.0761627	-0.26222953	-0.06316413	-0.10856945	-0.16347224	-0.23785429	-0.11173914	-0.043064486	0.055051498	-0.03949863	10	-0.089837775	0.11148627	0.4370262	Binding_K13	-0.054087818	0.067121536	0.26311642
M187K	M187K	187	187	0.18572395	0.3901476	0.15500708	0.069287196	0.29006281	0.27504402	0.15195444	0.311959	0.085991085	0.09395111	10	0.20091283	0.10969265	0.42999518	Binding_K13	0.12096178	0.06604166	0.25888333
M187L	M187L	187	187	-0.3952266	-0.42409658	-0.39960444	-0.54414773	-0.30220997	-0.42878443	-0.62971777	-0.60709536	-0.61586136	-0.5088965	10	-0.48556405	0.11189023	0.4386097	Binding_K13	-0.29233918	0.06736474	0.26406977
M187N	M187N	187	187	0.38937044	0.4861374	0.43127346	0.4279628	0.36532512	0.22024044	0.26022062	0.41851673	0.62414974	0.5439675	10	0.41671643	0.12058419	0.47269005	Binding_K13	0.2508887	0.07259904	0.28458825
M187P	M187P	187	187	-0.13804643	-0.111808866	-0.047195498	0.19500534	0.14164472	-0.117951356	0.25079042	0.02382593	-0.3047525	-0.18151	10	-0.028999824	0.17846937	0.6996	Binding_K13	-0.017459663	0.10744944	0.42120183
M187Q	M187Q	187	187	0.33370906	-0.009936729	-0.019100472	-0.16944814	0.092653714	-0.16087316	-0.03216056	0.29839504	-0.091027744	-0.14322188	10	0.009898916	0.18039939	0.7071656	Binding_K13	0.005959751	0.108611435	0.42575684
M187R	M187R	187	187	0.048670903	0.05429587	0.049845837	-0.049954016	0.008601592	-0.044999473	-0.06963917	-0.05117943	-0.2455701	0.078829825	10	-0.022109818	0.09515787	0.37301886	Binding_K13	-0.013311459	0.05729084	0.2245801
M187S	M187S	187	187	0.1718185	0.28777105	0.37716305	0.380447	0.42918757	0.45114467	0.24778321	0.48327303	0.44686598	0.1267665	10	0.34022206	0.12483632	0.48935837	Binding_K13	0.20483443	0.07515907	0.29462358
M187T	M187T	187	187	0.31346816	0.19930863	0.1212088	0.15723142	0.08084259	0.019836694	0.06912936	0.13671617	0.16638133	0.12046258	10	0.13845858	0.080474235	0.315459	Binding_K13	0.08336051	0.048450395	0.18992555
M187V	M187V	187	187	-0.5743335	-0.5973095	-0.586584	-0.5533146	-0.6469235	-0.6170576	-0.5810323	-0.62122965	-0.56243145	-0.57264596	10	-0.5912862	0.029305113	0.11487605	Binding_K13	-0.35599032	0.017643465	0.06916238
M187W	M187W	187	187	-0.40282112	-0.10112935	-0.35936728	-0.15209903	-0.2774982	-0.22532834	-0.25034612	-0.35623205	-0.18419708	-0.19252694	10	-0.25015458	0.09851436	0.38617632	Binding_K13	-0.15060832	0.059311654	0.23250169
M187Y	M187Y	187	187	-0.25913233	-0.20891245	-0.37981936	-0.281793	-0.27821815	-0.25700322	-0.22609946	-0.14937977	-0.11498586	-0.40911785	10	-0.25644615	0.090865105	0.35619122	Binding_K13	-0.15439622	0.054706335	0.21444884
M66A	M66A	66	66	-0.6554202	-0.5332851	-0.46091267	-0.52872765	-0.4407976	-0.50541824	-0.6829631	-0.46375477	-0.54861265	-0.48554838	10	-0.53054404	0.08109156	0.31787893	Binding_K13	-0.31941986	0.048822064	0.1913825
M66C	M66C	66	66	-0.27517787	-0.51862085	-0.27622783	-0.3455591	-0.2995666	-0.5014233	-0.4685737	-0.43144163	-0.18413758	-0.41158003	10	-0.37123087	0.11178022	0.43817848	Binding_K13	-0.22350362	0.06729851	0.26381016
M66D	M66D	66	66	-0.4299949	-0.55799454	-0.54719037	-0.468335	-0.3566012	-0.52466255	-0.3625833	-0.6745403	-0.633769	-0.5239971	10	-0.5079669	0.10532916	0.41289032	Binding_K13	-0.30582702	0.06341458	0.24858516
M66E	M66E	66	66	-0.49121216	-0.5900504	-0.53298265	-0.6225244	-0.56635004	-0.7992844	-0.62414694	-0.25294825	-0.688608	-0.4249224	10	-0.559303	0.14934973	0.58545095	Binding_K13	-0.3367345	0.089917645	0.35247716
M66F	M66F	66	66	-0.13557923	-0.26841486	-0.19860913	-0.16618352	-0.07625689	-0.10806196	-0.099610865	-0.1274858	-0.16069783	-0.18590857	10	-0.15268086	0.056203585	0.22031806	Binding_K13	-0.091923185	0.033837985	0.1326449
M66G	M66G	66	66	-0.60211957	-0.5288571	-0.47511595	-0.45971334	-0.52583843	-0.559613	-0.40707836	-0.51005673	-0.4732098	-0.44836324	10	-0.49899656	0.057575334	0.22569531	Binding_K13	-0.30042636	0.03466386	0.13588233
M66H	M66H	66	66	-0.49684295	-0.28668118	-0.65809155	-0.40450194	-0.31450695	-0.26471132	-0.4713466	-0.29190665	-0.34973374	-0.34044862	10	-0.38787717	0.12285549	0.48159355	Binding_K13	-0.23352571	0.073966496	0.28994867
M66I	M66I	66	66	-0.29239058	-0.1903244	-0.2590225	-0.14187558	-0.11059937	-0.101783514	0.030962223	-0.18085	-0.17357963	-0.2535545	10	-0.16730179	0.09411302	0.36892307	Binding_K13	-0.100725874	0.056661777	0.22211418
M66K	M66K	66	66	-0.507705	-0.7009434	-0.35007137	-0.7194669	-0.60647917	-0.38433495	-0.54972225	-0.42988524	-0.5279431	-0.43871334	10	-0.5215265	0.12609059	0.4942751	Binding_K13	-0.31399077	0.07591422	0.29758376
M66L	M66L	66	66	-0.2540243	-0.388457	-0.28831527	-0.24707773	-0.33309552	-0.28188267	-0.16361602	-0.12870033	-0.22324696	-0.20857307	10	-0.2516989	0.07685727	0.3012805	Binding_K13	-0.15153809	0.046272762	0.18138923
M66N	M66N	66	66	-0.21212025	-0.27995354	-0.23175299	-0.2997369	-0.3015591	-0.44262674	-0.42727384	-0.24920797	-0.4486144	-0.42172658	10	-0.33145723	0.09363863	0.36706343	Binding_K13	-0.19955747	0.056376163	0.22099456
M66P	M66P	66	66	-0.38411084	-0.42555952	-0.3498949	-0.4054484	-0.35340858	-0.37952676	-0.35906288	-0.37684348	-0.35302392	-0.27406237	10	-0.36609417	0.040577676	0.15906449	Binding_K13	-0.22041102	0.024430236	0.09576653
M66Q	M66Q	66	66	-0.6822353	-0.6186391	-0.666429	-0.5045575	-0.5952994	-0.5821782	-0.8375675	-0.51968217	-0.46079686	-0.85645556	10	-0.632384	0.13271558	0.5202451	Binding_K13	-0.38073373	0.07990287	0.31321928
M66R	M66R	66	66	-0.5755463	-0.47338942	-0.46390837	-0.4589283	-0.5216665	-0.45154506	-0.5387783	-0.5563556	-0.7002613	-0.55398077	10	-0.529436	0.07546568	0.29582548	Binding_K13	-0.31875274	0.04543494	0.17810497
M66S	M66S	66	66	-0.58684987	-0.5254296	-0.495076	-0.4084831	-0.58815295	-0.51860636	-0.49925143	-0.5166308	-0.5188951	-0.5272356	10	-0.5184611	0.0501931	0.19675696	Binding_K13	-0.3121452	0.030219307	0.11845969
M66T	M66T	66	66	-0.33551523	-0.27949476	-0.48509508	-0.33419573	-0.2211842	-0.44332638	-0.43141237	-0.507142	-0.3859361	-0.5480705	10	-0.39713722	0.10467426	0.41032308	Binding_K13	-0.23910083	0.06302029	0.24703954
M66V	M66V	66	66	-0.46800366	-0.4478115	-0.42539838	-0.43093473	-0.45886996	-0.33177614	-0.47376797	-0.36248624	-0.35738173	-0.40542984	10	-0.41618603	0.050230097	0.19690198	Binding_K13	-0.25056937	0.03024158	0.118547
M66W	M66W	66	66	-0.543781	-0.20532691	-0.34984696	-0.1361176	-0.28677544	-0.23236442	-0.51815677	-0.18616718	-0.23980275	-0.26813927	10	-0.29664785	0.13644719	0.534873	Binding_K13	-0.17860009	0.08214953	0.32202616
M66Y	M66Y	66	66	-0.37203988	-0.33586717	-0.30132505	-0.14970818	-0.053675603	-0.2267627	-0.30546498	-0.2259921	-0.077891536	-0.22968489	10	-0.22784121	0.106884934	0.41898894	Binding_K13	-0.13717431	0.064351246	0.2522569
M71A	M71A	71	71	0.059443217	0.23033357	0.10068984	0.1283449	0.024701431	0.012466468	0.039225847	-0.017330725	-0.13168025	0.04028121	10	0.04864755	0.09492624	0.37211087	Binding_K13	0.029288791	0.057151385	0.22403343
M71C	M71C	71	71	0.15047489	0.09668209	0.06655988	0.21287145	0.12800834	0.14702041	0.0863993	0.12651964	-0.0050311442	0.07992116	10	0.108942606	0.05862838	0.22982326	Binding_K13	0.06559009	0.03529786	0.13836761
M71D	M71D	71	71	-0.2571931	-0.26603323	0.03255078	-0.013547127	-0.025740778	0.0013499339	0.014292285	-0.055439327	0.012498654	-0.043359615	10	-0.06006215	0.109579444	0.42955142	Binding_K13	-0.036161076	0.065973505	0.25861615
M71E	M71E	71	71	-0.12952724	-0.17675422	-0.09988889	-0.3805435	-0.12528113	-0.08334954	0.06978783	-0.11687974	-0.109622456	-0.06246549	10	-0.12145243	0.11175186	0.43806732	Binding_K13	-0.073121764	0.06728143	0.26374322
M71F	M71F	71	71	-0.023779146	-0.10606252	-0.002734144	-0.15951946	-0.088066645	0.09702174	-0.1402799	-0.012391791	-0.061792612	-0.14920254	10	-0.0646807	0.08063181	0.3160767	Binding_K13	-0.038941726	0.048545264	0.19029744
M71G	M71G	71	71	0.1044228	0.028385665	0.10592073	-0.004512322	0.054205485	0.07196038	-0.01783672	0.012622451	0.003844571	0.07318867	10	0.04322017	0.045012303	0.17644823	Binding_K13	0.026021177	0.027100151	0.1062326
M71H	M71H	71	71	0.18733473	0.27541092	0.10120605	0.14297102	0.1650235	0.09883106	0.017736891	0.07660516	0.1371788	0.097371005	10	0.12996691	0.070077166	0.2747025	Binding_K13	0.07824801	0.042190727	0.16538765
M71I	M71I	71	71	-0.13168094	-0.079128005	0.016070027	-0.1095311	-0.087009035	-0.21819526	-0.19087964	-0.19513236	-0.30143765	-0.03044324	10	-0.13273671	0.0949555	0.37222555	Binding_K13	-0.0799156	0.057168998	0.22410248
M71K	M71K	71	71	0.00016880897	-0.34300622	-0.049494416	-0.2768227	-0.008813755	0.06232079	-0.16695017	-0.4111047	-0.34496564	-0.16484593	10	-0.17035142	0.16784725	0.6579612	Binding_K13	-0.102561936	0.10105427	0.39613277
M71L	M71L	71	71	0.009622159	-0.060522895	0.07205194	0.023874853	-0.0162047	0.023263024	-0.02184144	0.074266754	0.024919055	0.07482144	10	0.020425018	0.045167405	0.17705624	Binding_K13	0.012297106	0.027193531	0.106598645
M71N	M71N	71	71	0.4278079	0.3453747	0.3781006	0.28780985	0.34866488	0.13199815	0.08868813	0.033393882	0.24805957	0.102875635	10	0.23927733	0.13970199	0.5476318	Binding_K13	0.14405954	0.08410912	0.32970777
M71P	M71P	71	71	-0.24972104	-0.20909038	-0.20571873	-0.2784824	-0.1410083	-0.20550708	-0.18568195	-0.33583537	-0.21621244	-0.29805842	10	-0.23253162	0.057935644	0.22710773	Binding_K13	-0.13999821	0.03488079	0.1367327
M71Q	M71Q	71	71	-0.042464856	0.012700523	-0.038207937	0.100889415	-0.044024047	-0.032354884	-0.205298	-0.01195107	-0.19139364	-0.0122813415	10	-0.046438582	0.090734705	0.35568005	Binding_K13	-0.027958859	0.054627825	0.21414107
M71R	M71R	71	71	-0.15502526	-0.22673951	-0.14037654	-0.14630705	-0.20718527	-0.15882365	-0.21943514	-0.26657632	-0.22875392	-0.21266402	10	-0.19618866	0.04291435	0.16822426	Binding_K13	-0.11811753	0.025837054	0.101281255
M71S	M71S	71	71	0.05098878	0.06112388	0.047434427	0.15878579	0.022190984	0.054462016	0.04623449	0.0074719456	0.04275639	0.012231121	10	0.05036798	0.04224179	0.16558781	Binding_K13	0.030324595	0.025432132	0.09969396
M71T	M71T	71	71	0.066996954	0.025349334	-0.022045325	0.16604242	0.12736244	0.05032079	-0.017512029	0.12933387	0.27179855	0.10839207	10	0.0906039	0.08975718	0.35184816	Binding_K13	0.054549076	0.054039296	0.21183404
M71V	M71V	71	71	0.120134264	-0.08371087	0.0083340695	-0.011122566	-0.10010798	0.05253995	-0.1269143	0.11441569	-0.02534955	0.041894637	10	-0.0009886653	0.085635625	0.33569166	Binding_K13	-0.0005952368	0.05155787	0.20210685
M71W	M71W	71	71	0.16509047	0.16533116	0.15823874	0.15035786	0.13234814	0.06405908	0.009860155	0.23727252	0.1193678	0.12529452	10	0.13272205	0.061506353	0.24110492	Binding_K13	0.07990677	0.037030574	0.14515986
M71Y	M71Y	71	71	-0.18920971	-0.14217372	-0.08801938	-0.04236218	-0.09609656	-0.296907	-0.17489557	-0.026565721	-0.21857549	-0.12919433	10	-0.14039996	0.082719795	0.3242616	Binding_K13	-0.08452934	0.04980236	0.19522525
N115A	N115A	115	115	-0.25744143	-0.24308278	-0.26330292	-0.30889603	-0.24983124	-0.27158242	-0.25763208	-0.24906577	-0.275707	-0.25295594	10	-0.26294976	0.019051125	0.07468041	Binding_K13	-0.15831178	0.011469939	0.04496216
N115C	N115C	115	115	-0.26395133	-0.21549498	-0.22949773	-0.26257524	-0.2458688	-0.254891	-0.22842659	-0.25229162	-0.2599548	-0.23165233	10	-0.24446043	0.017010573	0.06668145	Binding_K13	-0.14718008	0.010241402	0.0401463
N115D	N115D	115	115	-0.47284025	-0.4342178	-0.4780405	-0.51763237	-0.46198723	-0.46059272	-0.46476558	-0.5207271	-0.49323905	-0.42620447	10	-0.47302476	0.031166	0.122170724	Binding_K13	-0.28478974	0.018763833	0.073554225
N115E	N115E	115	115	-0.5850363	-0.5076369	-0.46671534	-0.5686914	-0.57860863	-0.55364096	-0.57008404	-0.5876103	-0.5950499	-0.5131966	10	-0.552627	0.042521186	0.16668305	Binding_K13	-0.33271515	0.025600348	0.10035337
N115F	N115F	115	115	-0.37437958	-0.3094219	-0.29558828	-0.3266014	-0.34941593	-0.36924678	-0.37738717	-0.40146396	-0.37532184	-0.30884817	10	-0.3487675	0.036267415	0.14216827	Binding_K13	-0.2099793	0.021835195	0.08559397
N115G	N115G	115	115	-0.019406343	0.036904667	0.020580525	-0.031373598	-0.012528915	-0.029651433	-0.0076480787	-0.0596779	-0.030931484	-0.015458576	10	-0.014919114	0.027431676	0.10753217	Binding_K13	-0.008982217	0.016515542	0.064740926
N115H	N115H	115	115	-0.20638466	-0.1568234	-0.17416431	-0.21934657	-0.19756666	-0.20434311	-0.18124834	-0.22996879	-0.21940394	-0.21150918	10	-0.20007591	0.022925504	0.08986798	Binding_K13	-0.120457895	0.013802551	0.054106
N115I	N115I	115	115	-0.45795503	-0.36907962	-0.36717176	-0.4467382	-0.43683755	-0.45838618	-0.4528756	-0.48404735	-0.46053606	-0.40334374	10	-0.43369713	0.040171284	0.15747143	Binding_K13	-0.26111212	0.024185563	0.09480741
N115K	N115K	115	115	0.2498779	0.40617725	0.3166122	0.2782224	0.26687872	0.2937736	0.25604695	0.25518113	0.25786987	0.3204158	10	0.29010558	0.048103143	0.18856432	Binding_K13	0.17466125	0.028961025	0.11352722
N115L	N115L	115	115	-0.28179216	-0.26357526	-0.26382896	-0.32068282	-0.31156045	-0.3008617	-0.2785006	-0.32794455	-0.2796751	-0.3042554	10	-0.2932677	0.02297315	0.09005475	Binding_K13	-0.17656504	0.013831237	0.054218452
N115M	N115M	115	115	-0.45278847	-0.41538996	-0.42598113	-0.4634546	-0.42671758	-0.4615142	-0.46479034	-0.48937187	-0.45705512	-0.42002612	10	-0.44770893	0.024273505	0.09515214	Binding_K13	-0.2695481	0.01461413	0.05728739
N115P	N115P	115	115	1.3890984	1.4367752	1.475467	1.3713932	1.3908755	1.4056218	1.392516	1.2409157	1.2680497	1.3715522	10	1.3742265	0.07074286	0.277312	Binding_K13	0.82736814	0.042591516	0.16695875
N115Q	N115Q	115	115	-0.20475703	-0.15848102	-0.16762759	-0.21884337	-0.20462325	-0.2302986	-0.21739778	-0.2089046	-0.19278117	-0.19140369	10	-0.19951181	0.022594197	0.08856925	Binding_K13	-0.120118275	0.013603084	0.05332409
N115R	N115R	115	115	-0.29183465	-0.18775856	-0.19745347	-0.2622796	-0.23532581	-0.24968326	-0.31408912	-0.3664033	-0.3240965	-0.26455313	10	-0.26934773	0.056142054	0.22007686	Binding_K13	-0.16216375	0.03380094	0.1324997
N115S	N115S	115	115	-0.11129295	-0.08201506	-0.091172315	-0.13987096	-0.10730868	-0.1155403	-0.081588544	-0.109971285	-0.08263614	-0.09713968	10	-0.10185359	0.018640647	0.07307134	Binding_K13	-0.06132207	0.011222806	0.0439934
N115T	N115T	115	115	-0.2709517	-0.25351533	-0.2818532	-0.32454786	-0.2976392	-0.30043343	-0.2777863	-0.3039072	-0.30052218	-0.2691634	10	-0.28803197	0.021002224	0.08232872	Binding_K13	-0.1734128	0.01264462	0.04956691
N115V	N115V	115	115	-0.43221012	-0.39785805	-0.3771774	-0.46311533	-0.42163157	-0.43901914	-0.42898756	-0.44911882	-0.43244082	-0.40967584	10	-0.42512345	0.024997769	0.09799126	Binding_K13	-0.25595024	0.015050181	0.05899671
N115W	N115W	115	115	-0.28017867	-0.30370855	-0.26967025	-0.38517663	-0.35816073	-0.33438355	-0.3436931	-0.44667757	-0.3845518	-0.2993003	10	-0.34055012	0.055051755	0.21580288	Binding_K13	-0.20503195	0.033144515	0.1299265
N115Y	N115Y	115	115	-0.28208536	-0.16935295	-0.15141973	-0.28454798	-0.2641465	-0.24141687	-0.29157662	-0.33323815	-0.28586602	-0.3474266	10	-0.2651077	0.063132964	0.24748123	Binding_K13	-0.159611	0.038009893	0.14899878
N25A	N25A	25	25	-0.36038253	-0.24554712	-0.18652388	-0.32915857	-0.29231855	-0.6361887	-0.5945205	-0.34738964	-0.28846928	-0.4658293	10	-0.3746328	0.14694667	0.57603097	Binding_K13	-0.2255518	0.088470854	0.34680575
N25C	N25C	25	25	-0.16849823	-0.37929505	-0.3214189	-0.3577046	-0.17872293	-0.49460393	-0.30060935	-0.3219502	-0.4136502	-0.39493436	10	-0.3331388	0.100762166	0.3949877	Binding_K13	-0.20056987	0.060664967	0.23780668
N25D	N25D	25	25	-0.30185375	-0.12256101	-0.058773372	-0.10119998	-0.2350944	-0.15852027	-0.20425454	-0.16468082	-0.2215962	-0.018010488	10	-0.15865448	0.08614405	0.3376847	Binding_K13	-0.09551967	0.051863972	0.20330678
N25E	N25E	25	25	-0.40379345	-0.26558065	-0.4271786	-0.07570875	-0.36679095	-0.4299487	-0.45266488	-0.35375652	-0.2030935	-0.18702698	10	-0.3165543	0.12710279	0.49824294	Binding_K13	-0.19058499	0.07652363	0.29997265
N25F	N25F	25	25	-0.04464898	-0.14571229	-0.25782734	-0.31864604	-0.17489505	-0.2142063	-0.11825363	-0.35285902	-0.21386997	-0.27049544	10	-0.2111414	0.09386934	0.36796784	Binding_K13	-0.12711999	0.056515068	0.22153907
N25G	N25G	25	25	-0.17705503	-0.16845907	-0.22139572	-0.19828291	-0.15744898	-0.10357117	-0.29519725	-0.31689188	-0.412331	-0.26465434	10	-0.23152876	0.09137311	0.35818258	Binding_K13	-0.13939443	0.05501218	0.21564776
N25H	N25H	25	25	-0.29060853	0.12564617	-0.1227779	-0.15254727	-0.25806358	-0.062040884	-0.40245312	0.03377488	-0.26011348	-0.14806291	10	-0.15372467	0.15825768	0.6203701	Binding_K13	-0.092551626	0.095280774	0.37350065
N25I	N25I	25	25	0.49335256	0.6494715	0.42810884	0.40811133	0.5120266	0.42726097	0.5234821	0.44417545	0.45700726	0.47627133	10	0.48192677	0.07011594	0.27485448	Binding_K13	0.2901493	0.04221407	0.16547915
N25K	N25K	25	25	-0.48584688	-0.40876898	-0.36469758	-0.31347954	-0.16005868	-0.24685444	-0.28613394	-0.30342844	-0.19088556	-0.21857816	10	-0.2978732	0.10101678	0.39598578	Binding_K13	-0.17933783	0.060818262	0.2384076
N25L	N25L	25	25	-0.13123731	-0.161638	-0.31545883	-0.07223471	-0.112105764	0.029886506	-0.2750245	-0.02074349	-0.23112206	-0.22959691	10	-0.1519275	0.11201406	0.43909514	Binding_K13	-0.091469616	0.067439295	0.26436204
N25M	N25M	25	25	-0.28515273	-0.14310002	-0.20386516	0.07655048	-0.40516475	-0.32030562	-0.21925797	0.26461354	-0.070061214	-0.1412547	10	-0.14469981	0.19707312	0.7725266	Binding_K13	-0.08711811	0.118650034	0.46510816
N25P	N25P	25	25	0.21598436	0.14877015	0.09436858	0.3606237	0.1452583	0.22765923	0.30321056	-0.17785534	-0.23808344	0.08830425	10	0.11682403	0.19213344	0.7531631	Binding_K13	0.07033519	0.115676045	0.4534501
N25Q	N25Q	25	25	-0.69311315	-0.72701967	-0.55363876	-0.29805818	-0.46551904	-0.3952212	-0.42841485	-0.45025808	-0.442834	-0.3364984	10	-0.4790575	0.14058185	0.5510808	Binding_K13	-0.2884218	0.08463884	0.33178428
N25R	N25R	25	25	-0.15393458	-0.003926196	-0.2815258	-0.19985159	-0.30943778	0.013511712	-0.062358588	-0.3485384	-0.4985723	-0.17291205	10	-0.20175457	0.16180733	0.63428473	Binding_K13	-0.12146855	0.097417876	0.38187808
N25S	N25S	25	25	-0.22876562	-0.2769007	-0.28309312	-0.25774944	-0.29810983	-0.24644415	-0.35625446	-0.3039458	-0.18424459	-0.24173681	10	-0.26772445	0.047267098	0.18528703	Binding_K13	-0.16118644	0.028457675	0.111554086
N25T	N25T	25	25	0.05670563	-0.18985076	-0.090086654	-0.11091195	-0.05495248	0.010146966	-0.3175376	-0.036075946	-0.2353832	-0.1496504	10	-0.11175964	0.114420556	0.4485286	Binding_K13	-0.06728612	0.06888815	0.27004156
N25V	N25V	25	25	-0.09113555	0.123319544	-0.30932006	-0.19081672	-0.04084734	-0.18649036	-0.13110144	0.10117813	-0.1952041	-0.17538908	10	-0.109580696	0.13673241	0.5359911	Binding_K13	-0.06597426	0.08232125	0.3226993
N25W	N25W	25	25	-0.02667184	0.09385692	-0.10557482	-0.08192834	0.08505092	-0.025832178	-0.09404726	-0.08242673	0.05852716	-0.18208998	10	-0.036113612	0.0909573	0.35655263	Binding_K13	-0.021742597	0.05476184	0.21466641
N25Y	N25Y	25	25	0.17949867	0.19868502	0.18938701	0.102375425	0.098408245	0.29517952	0.2999256	0.3612397	0.027949357	0.2744114	10	0.20270601	0.10566923	0.4142234	Binding_K13	0.122041374	0.06361932	0.24938776
N84A	N84A	84	84	0.18647999	0.17433812	0.1871921	0.11018921	0.37474573	-0.09788965	-0.051721364	0.0055414904	0.03832415	-0.18132615	10	0.07458736	0.16458325	0.64516634	Binding_K13	0.04490614	0.09908915	0.3884295
N84C	N84C	84	84	-0.071085446	-0.0097333975	0.22040947	-0.050796743	0.0112863425	-0.0032520588	-0.15322793	0.24472064	-0.056613903	0.067128584	10	0.019883554	0.12630267	0.4951065	Binding_K13	0.011971112	0.076041915	0.29808432
N84D	N84D	84	84	0.035972275	-0.13240463	-0.12439448	0.012348325	0.017480737	-0.0804496	-0.075546704	-0.19977427	-0.19721568	-0.13210787	10	-0.08760919	0.085919246	0.33680344	Binding_K13	-0.052746072	0.051728625	0.20277621
N84E	N84E	84	84	-0.5064168	-0.21114689	-0.37024507	-0.2446704	-0.19667214	-0.22524059	-0.27821648	-0.2153006	-0.4619626	-0.5559101	10	-0.3265782	0.13624753	0.53409034	Binding_K13	-0.19661999	0.08202932	0.32155493
N84F	N84F	84	84	0.50353163	0.5084043	0.5999729	0.39958104	-0.087218896	-0.2064037	0.00534864	-0.019657226	0.45223257	0.560486	10	0.27162772	0.30968064	1.2139481	Binding_K13	0.16353646	0.18644662	0.7308708
N84G	N84G	84	84	-0.010027689	0.104898624	-0.009309103	0.052274883	0.0031527888	0.12134778	0.11417793	-0.013408322	-0.1839132	0.12235771	10	0.03015514	0.09520583	0.37320685	Binding_K13	0.018155234	0.057319716	0.22469328
N84H	N84H	84	84	0.06854938	0.211959	0.26923862	0.25929615	0.11401467	0.38776678	0.45390347	0.422956	0.5764002	0.0422113	10	0.28062958	0.17767687	0.6964933	Binding_K13	0.16895612	0.10697231	0.41933146
N84I	N84I	84	84	0.04940494	0.021449054	0.19533557	0.3664359	0.12356908	0.085856356	-0.16967037	0.06377611	0.12145819	0.06495353	10	0.09225683	0.13527176	0.5302653	Binding_K13	0.055544235	0.08144185	0.31925204
N84K	N84K	84	84	0.088245906	-0.07790202	0.14007355	-0.01918401	-0.26498032	0.58201295	-0.012408137	0.3606634	0.08316074	-0.033324417	10	0.084635764	0.23791327	0.93262005	Binding_K13	0.05095589	0.14323829	0.5614941
N84L	N84L	84	84	-0.050262272	-0.015145885	0.049403183	0.06541583	-0.15197161	-0.028442139	0.0026572114	0.06870596	-0.02196043	0.13710491	10	0.0055504763	0.07963768	0.31217968	Binding_K13	0.003341725	0.047946736	0.1879512
N84M	N84M	84	84	0.6620111	0.2212317	0.32856902	0.49515367	0.3869712	0.19128017	0.18428136	0.33406177	0.3311974	0.30964708	10	0.34444046	0.14583455	0.5716714	Binding_K13	0.20737416	0.08780129	0.34418106
N84P	N84P	84	84	-0.19014384	-0.08303911	0.015569178	0.3260058	0.19540417	0.25372735	-0.15812886	0.13706891	0.3308403	-0.18325898	10	0.06440449	0.21015473	0.8238065	Binding_K13	0.03877543	0.12652595	0.49598175
N84Q	N84Q	84	84	-0.059394434	0.07604864	0.15831797	-0.26869565	-0.06109765	-0.11096717	0.30769494	0.25307938	0.036467478	0.04655864	10	0.037801214	0.17338246	0.67965925	Binding_K13	0.022758635	0.104386814	0.40919632
N84R	N84R	84	84	-0.15450968	-0.08244051	-0.0064859386	-0.06555585	-0.10367504	0.055398643	-0.039966572	0.049334634	-0.13050671	0.016914628	10	-0.04614924	0.073695056	0.28888464	Binding_K13	-0.027784655	0.04436892	0.17392616
N84S	N84S	84	84	0.21782163	0.17095469	0.05313273	0.122812465	0.15339918	0.11650388	0.13238901	0.0549207	0.07723143	0.11072805	10	0.12098937	0.051711224	0.202708	Binding_K13	0.07284298	0.031133309	0.122042574
N84T	N84T	84	84	0.14543048	-0.09490568	0.17340833	0.18716188	0.24007206	0.09977411	0.20796339	-0.008682196	0.032625377	0.121084675	10	0.11039324	0.10542506	0.41326624	Binding_K13	0.06646346	0.063472316	0.24881148
N84V	N84V	84	84	0.14139691	0.24366912	0.3783274	0.39115813	0.5502386	0.46387526	0.39691398	0.3039453	0.16557695	0.19310594	10	0.32282075	0.13578719	0.5322858	Binding_K13	0.19435778	0.081752166	0.3204685
N84W	N84W	84	84	-0.4189334	-0.083283916	0.15940441	-0.0685631	-0.48116675	0.19387336	-0.24880354	-0.12631692	-0.07488841	0.09283434	10	-0.1055844	0.22663368	0.8884041	Binding_K13	-0.06356824	0.1364473	0.5348734
N84Y	N84Y	84	84	0.10289986	0.3792396	0.27501303	0.057509124	0.2612385	0.17197096	0.25832823	0.20478438	-0.22347543	0.365935	10	0.18534431	0.17643529	0.69162637	Binding_K13	0.111588575	0.106224805	0.41640124
N85A	N85A	85	85	-0.040645838	-0.294626	-0.17268512	-0.2609715	-0.079087615	-0.09582707	0.043082032	-0.3792468	-0.032661166	-0.30205306	10	-0.16147222	0.14105742	0.5529451	Binding_K13	-0.09721612	0.08492517	0.33290666
N85C	N85C	85	85	-0.027097538	-0.017577285	0.0035703853	-0.071197025	-0.24729815	0.017390227	0.28952333	0.073471226	-0.031729665	-0.006465872	10	-0.0017410375	0.13242349	0.51910007	Binding_K13	-0.0010482107	0.07972702	0.31252992
N85D	N85D	85	85	-0.15461703	-0.021179652	-0.35536072	-0.2893651	-0.1457819	0.012869381	0.002637812	-0.093183346	-0.0047330777	-0.13247369	10	-0.11811874	0.12584285	0.49330398	Binding_K13	-0.07111468	0.07576507	0.2969991
N85E	N85E	85	85	-0.42319643	-0.081240684	-0.5031998	-0.020064143	-0.14200616	-0.028573615	-0.47725517	-0.02671394	-0.33040905	-0.17438424	10	-0.22070432	0.19472265	0.7633128	Binding_K13	-0.13287745	0.11723491	0.45956084
N85F	N85F	85	85	0.33525386	-0.040941432	-0.009753807	0.10171908	0.07037088	0.14129342	0.1129023	-0.15921243	-0.028561277	0.046571176	10	0.056964178	0.13252258	0.5194885	Binding_K13	0.03429591	0.07978667	0.31276375
N85G	N85G	85	85	0.301914	0.30954894	0.40966785	0.37621853	0.2951316	0.1526308	0.21828303	0.2163599	0.19709277	0.2948083	10	0.2771656	0.0807937	0.3167113	Binding_K13	0.16687058	0.048642736	0.19067954
N85H	N85H	85	85	0.02184775	0.13019514	0.19056118	0.08745472	0.11599972	-0.0938274	-0.0024025186	-0.01159161	0.11555208	0.024580048	10	0.057836913	0.08452155	0.33132446	Binding_K13	0.034821346	0.050887126	0.19947754
N85I	N85I	85	85	0.78606546	0.79067904	0.6656497	0.6751109	0.806829	0.80868703	0.67056847	0.8764163	0.7098597	0.6052336	10	0.73950994	0.08570696	0.33597127	Binding_K13	0.44523007	0.051600814	0.2022752
N85K	N85K	85	85	0.07997824	-0.14426114	-0.039223887	0.14947182	0.076647304	0.22829813	0.12796354	0.22679837	0.007886208	0.08710707	10	0.08006656	0.1156808	0.45346874	Binding_K13	0.04820495	0.069646895	0.27301583
N85L	N85L	85	85	0.2859924	0.25872552	0.30019385	0.25229856	0.24736217	0.22750199	0.05127443	0.19241756	0.21821927	0.37230256	10	0.24062881	0.083204396	0.32616124	Binding_K13	0.14487322	0.05009412	0.19636895
N85M	N85M	85	85	0.23011403	-0.40070388	-0.1781958	0.2482772	0.09328578	0.19430378	0.17399289	-0.009911955	0.01180799	0.18374076	10	0.05467107	0.2075653	0.813656	Binding_K13	0.03291532	0.124966964	0.48987052
N85P	N85P	85	85	1.5293281	1.5844619	1.8547299	1.0063761	1.2044555	0.8826239	1.4242978	0.7398582	1.1838764	0.99907386	10	1.2409081	0.35104817	1.3761089	Binding_K13	0.7471024	0.21135241	0.82850146
N85Q	N85Q	85	85	-0.15820888	0.073776916	0.015304257	-0.14313698	-0.26759434	-0.13006002	-0.49146512	-0.11478619	-0.19566451	-0.06984928	10	-0.14816841	0.15565503	0.61016774	Binding_K13	-0.08920642	0.09371382	0.36735818
N85R	N85R	85	85	0.01384677	-0.056126162	0.010636755	0.057492036	0.04984779	-0.064920165	0.05800674	0.019450195	0.08455014	0.13672285	10	0.030950695	0.060978398	0.23903532	Binding_K13	0.018634206	0.036712714	0.14391384
N85S	N85S	85	85	-0.030219788	0.00330119	-0.12875783	-0.030431822	0.005525511	-0.026261805	-0.026889721	0.026409922	-0.016242621	-0.046101257	10	-0.026966821	0.041748744	0.16365507	Binding_K13	-0.01623567	0.02513529	0.09853034
N85T	N85T	85	85	0.18067862	0.06850638	-0.06787525	0.0677582	0.13451876	0.15188316	0.071384385	0.17410684	-0.021592246	0.2144058	10	0.097377464	0.091117255	0.35717964	Binding_K13	0.05862717	0.054858144	0.21504393
N85V	N85V	85	85	0.056841955	-0.063570015	0.2932603	0.2011568	0.13438067	0.14179295	0.12042531	0.12900288	0.275141	-0.048304502	10	0.12401273	0.11892553	0.46618807	Binding_K13	0.07466323	0.071600415	0.28067362
N85W	N85W	85	85	0.10706332	-0.012149899	0.07975713	-0.1149136	0.26544893	0.32831886	0.2569253	0.203892	-0.14235748	0.10523583	10	0.107722044	0.16066368	0.62980163	Binding_K13	0.06485524	0.09672933	0.37917897
N85Y	N85Y	85	85	0.52440006	0.38161993	0.39748973	0.23945425	0.24918464	0.23935957	0.44132042	0.47121936	0.63336	0.24486594	10	0.38222736	0.13835922	0.5423682	Binding_K13	0.23012418	0.08330069	0.3265387
P109A	P109A	109	109	-0.53782415	-0.26023224	-0.4078301	-0.32216752	-0.16641712	-0.36663756	-0.040779583	-0.3491942	-0.3397015	-0.6262283	10	-0.3417012	0.1675881	0.65694535	Binding_K13	-0.20572497	0.10089825	0.39552116
P109C	P109C	109	109	-0.22606324	-0.19838515	-0.23047735	-0.3544626	-0.13087599	-0.32186356	-0.24838033	-0.113019556	-0.19220887	-0.08812759	10	-0.21038643	0.0859599	0.3369628	Binding_K13	-0.12666546	0.0517531	0.20287216
P109D	P109D	109	109	-0.3476021	-0.4250529	-0.38193327	0.07568583	0.18030435	-0.23546469	-0.20047112	0.06968644	-0.3314762	0.1903966	10	-0.14059272	0.24371226	0.95535207	Binding_K13	-0.08464539	0.14672965	0.57518023
P109E	P109E	109	109	0.35923868	0.23085266	-0.0977856	0.118479796	-0.2072755	0.06305366	-0.0050673364	-0.4249387	0.03909817	-0.42353565	10	-0.034787986	0.25869146	1.0140705	Binding_K13	-0.02094449	0.15574804	0.61053234
P109F	P109F	109	109	0.19943888	0.07363649	0.39507407	0.05316289	-0.041158766	0.006373173	-0.110699564	-0.025181362	-0.27904442	0.14131176	10	0.04129132	0.18242693	0.7151136	Binding_K13	0.024859892	0.10983214	0.430542
P109G	P109G	109	109	-0.060015462	-0.18629001	-0.24375217	0.027954321	0.09312924	0.12984464	-0.07057459	-0.40478614	-0.3533627	-0.109750874	10	-0.117760375	0.17984655	0.7049985	Binding_K13	-0.07089893	0.108278595	0.4244521
P109H	P109H	109	109	0.3024938	0.34769326	0.40959892	0.19201125	0.49201435	0.21608175	0.328966	0.31587642	0.38599598	0.11751454	10	0.31082463	0.11079599	0.4343203	Binding_K13	0.18713538	0.06670594	0.2614873
P109I	P109I	109	109	-0.36260954	-0.21486568	-0.0067840056	-0.3011009	-0.32245862	-0.21387006	0.0037585718	-0.31926864	-0.1005392	-0.21137413	10	-0.2049112	0.13120313	0.51431626	Binding_K13	-0.12336904	0.078992285	0.30964977
P109K	P109K	109	109	-0.44033006	-0.8998152	-0.6532793	-0.43427867	-0.79580915	-0.6359417	-0.40663248	-0.6522754	-0.61468774	-0.5684244	10	-0.6101474	0.15833357	0.6206676	Binding_K13	-0.36734596	0.09532646	0.37367973
P109L	P109L	109	109	-0.40952048	0.0058882004	-0.09875816	-0.07418198	-0.074855715	-0.118182175	-0.23550884	-0.35503647	-0.27865806	-0.16533206	10	-0.18041457	0.13481443	0.52847254	Binding_K13	-0.10862058	0.081166506	0.31817272
P109M	P109M	109	109	-0.34437048	-0.35290965	-0.30311713	-0.03394292	-0.25899586	-0.008963481	-0.24378385	-0.13213098	-0.3115119	0.15586492	10	-0.18338612	0.17167331	0.6729594	Binding_K13	-0.110409625	0.1033578	0.40516257
P109N	P109N	109	109	-0.44298834	-0.4924237	-0.4907712	-0.33013174	-0.6612684	-0.69807273	-0.77231294	-0.49153805	-0.2534897	-0.32078397	10	-0.49537808	0.17139508	0.67186874	Binding_K13	-0.2982478	0.10319029	0.40450594
P109Q	P109Q	109	109	-0.74128056	-0.52095985	-0.60716534	-0.42199534	-0.35489506	-0.7192193	-0.6360384	-0.75646484	-0.46219128	-0.7420716	10	-0.5962281	0.1479668	0.5800299	Binding_K13	-0.3589657	0.089085035	0.34921333
P109R	P109R	109	109	0.12870036	-0.021850184	-0.18084282	-0.025952969	0.15962343	-0.15964279	-0.22750185	-0.092140086	-0.03273061	-0.023212703	10	-0.047555022	0.12500069	0.4900027	Binding_K13	-0.028631022	0.07525803	0.2950115
P109S	P109S	109	109	-0.23861845	-0.27748808	-0.20460498	-0.062323865	-0.25567254	0.10396023	-0.21838985	-0.26802242	-0.3217803	-0.20083638	10	-0.19437768	0.12536314	0.49142352	Binding_K13	-0.117027216	0.07547625	0.2958669
P109T	P109T	109	109	-0.088776454	0.11702497	-0.06705032	-0.07030518	0.07481694	0.061968938	0.040117044	-0.021232005	-0.13221462	0.08699458	10	0.00013438836	0.08664176	0.3396357	Binding_K13	8.090999e-05	0.052163623	0.20448141
P109V	P109V	109	109	-0.31295756	-0.33226538	-0.30928195	-0.5353255	-0.47310343	-0.44765306	-0.1436751	-0.13950333	-0.25855798	-0.26755	10	-0.32198733	0.13189732	0.5170375	Binding_K13	-0.193856	0.079410225	0.3112881
P109W	P109W	109	109	0.12460854	0.76032645	0.48807976	1.05553	0.6155607	0.68975484	0.41266716	0.40656525	-0.1318353	0.14296548	10	0.45642227	0.34814775	1.3647392	Binding_K13	0.27479404	0.20960617	0.8216562
P109Y	P109Y	109	109	-0.05377526	0.16859192	0.3033314	0.1551274	0.29585522	0.11458539	0.1730299	-0.062510766	-0.22852622	0.09131334	10	0.09570223	0.16695632	0.6544688	Binding_K13	0.057618577	0.100517884	0.39403012
P120A	P120A	120	120	-0.12883122	-0.24118006	-0.41155717	-0.16252638	-0.13475329	-0.2640789	-0.23997045	-0.21087612	-0.26015586	-0.13698462	10	-0.21909142	0.0862461	0.33808473	Binding_K13	-0.13190639	0.051925413	0.20354763
P120C	P120C	120	120	-0.07768256	-0.5262206	-0.4100888	-0.48633575	-0.5366703	-0.32815817	-0.6016495	-0.7533363	-0.49485862	-0.45883933	10	-0.467384	0.17756975	0.6960734	Binding_K13	-0.28139368	0.106907815	0.41907865
P120D	P120D	120	120	-0.2514948	-0.18204318	-0.27953696	-0.43343616	-0.4249181	-0.36425942	-0.42848793	-0.33020115	-0.46203506	-0.30909973	10	-0.34655124	0.09208302	0.36096546	Binding_K13	-0.20864497	0.055439595	0.21732321
P120E	P120E	120	120	-0.19894083	-0.2964105	-0.3019305	-0.49600503	-0.24695075	-0.50237346	-0.25770134	-0.35242343	-0.42892346	-0.3144093	10	-0.33960682	0.104400955	0.40925175	Binding_K13	-0.20446402	0.06285574	0.24639452
P120F	P120F	120	120	-0.12281804	-0.12433924	-0.2530175	-0.17421755	-0.061722733	-0.21855901	-0.23123847	-0.32698965	-0.20160149	-0.18055648	10	-0.18950602	0.07528009	0.29509798	Binding_K13	-0.11409418	0.045323204	0.17766696
P120G	P120G	120	120	-0.17411314	-0.21861409	-0.25577316	-0.1916854	-0.13902986	-0.2584547	-0.34912893	-0.4077839	-0.22463173	-0.21634407	10	-0.2435559	0.08072379	0.31643727	Binding_K13	-0.1466355	0.048600644	0.19051453
P120H	P120H	120	120	-0.16935042	-0.28873038	-0.15951642	-0.1561574	-0.22503595	-0.4476573	-0.3056637	-0.22375126	-0.3356892	-0.3445814	10	-0.26561335	0.09564266	0.37491924	Binding_K13	-0.15991543	0.057582714	0.22572424
P120I	P120I	120	120	-0.28874692	-0.2483411	-0.22627169	-0.236151	-0.25999686	-0.12032294	-0.18876001	-0.2726127	-0.28284892	-0.27038896	10	-0.2394441	0.05144268	0.2016553	Binding_K13	-0.14415996	0.03097163	0.12140879
P120K	P120K	120	120	-0.1175382	-0.31438228	-0.08585242	-0.119070575	-0.46617323	-0.2435285	-0.213312	-0.23247701	-0.29859534	-0.086353414	10	-0.21772829	0.121532366	0.47640687	Binding_K13	-0.13108571	0.073169895	0.28682598
P120L	P120L	120	120	-0.25994834	-0.23625483	-0.2605653	-0.27095652	-0.29318878	-0.16153586	-0.12358156	-0.20156276	-0.1908352	-0.176664	10	-0.21750931	0.054954387	0.2154212	Binding_K13	-0.13095386	0.03308589	0.1296967
P120M	P120M	120	120	-0.57348615	-0.7244879	-0.4430457	-0.2990872	-0.36636895	-0.29136932	-0.5893594	-0.53509986	-0.69961756	-0.32149822	10	-0.48434204	0.16304882	0.6391514	Binding_K13	-0.29160345	0.09816533	0.38480812
P120N	P120N	120	120	-0.39070484	-0.2800708	-0.41181552	-0.35317862	-0.23120457	-0.3826645	-0.40161428	-0.5110679	-0.45247394	-0.4069119	10	-0.38217068	0.07996862	0.31347698	Binding_K13	-0.23009005	0.048145983	0.18873225
P120Q	P120Q	120	120	-0.17770392	-0.38857973	-0.13391198	-0.19891682	0.049285438	-0.18384193	-0.121531926	-0.12079077	-0.14636542	-0.11600818	10	-0.15383652	0.10743707	0.4211533	Binding_K13	-0.092618965	0.06468367	0.25355998
P120R	P120R	120	120	-0.16172454	-0.24482784	-0.29851627	-0.2846432	-0.28759763	-0.34820464	-0.3561331	-0.29982433	-0.27656808	-0.2485489	10	-0.28065887	0.055263046	0.21663114	Binding_K13	-0.16897376	0.033271722	0.13042516
P120S	P120S	120	120	-0.15945144	-0.25330526	-0.12908341	-0.11795971	-0.24362597	-0.10190149	-0.23558012	-0.21446767	-0.15716822	-0.19149019	10	-0.18040335	0.055089727	0.21595174	Binding_K13	-0.10861382	0.033167373	0.1300161
P120T	P120T	120	120	0.034848243	-0.03419471	-0.39159435	-0.073100105	-0.25128943	-0.14548545	-0.27042294	-0.3205247	-0.2668459	-0.27182105	10	-0.19904304	0.13750257	0.53901005	Binding_K13	-0.11983605	0.08278493	0.32451692
P120V	P120V	120	120	-0.33497405	-0.2138044	-0.09828897	-0.072427295	-0.09435226	-0.20274813	-0.104816034	-0.2623598	-0.27630165	-0.22790205	10	-0.18879746	0.09097723	0.35663074	Binding_K13	-0.113667585	0.054773837	0.21471344
P120W	P120W	120	120	-0.092040375	-0.31153643	-0.13440856	-0.34916535	-0.25688532	-0.21862586	-0.25860426	-0.14477664	-0.37224883	-0.25707442	10	-0.2395366	0.09310141	0.36495754	Binding_K13	-0.14421564	0.056052726	0.2197267
P120Y	P120Y	120	120	-0.26015604	-0.17927828	-0.16302729	-0.21916333	-0.19216996	-0.20816937	-0.20594081	0.05617749	-0.09913564	-0.22506674	10	-0.169593	0.090141065	0.353353	Binding_K13	-0.10210533	0.054270416	0.21274003
P139A	P139A	139	139	-0.54181194	-0.37930515	-0.517952	-0.23266648	-0.5202712	-0.19268657	0.035261694	-0.1885376	-0.38213333	-0.2652714	10	-0.31853738	0.1844435	0.7230185	Binding_K13	-0.19177893	0.11104623	0.43530124
P139C	P139C	139	139	0.047614798	-0.51325434	-0.18597843	-0.22678041	0.02407627	0.3545974	-0.16033025	0.2477584	0.28743285	0.11365035	10	-0.0011213332	0.27093357	1.0620596	Binding_K13	-0.00067511096	0.16311853	0.6394246
P139D	P139D	139	139	-0.2718108	-0.64475733	-0.75613815	-0.5437229	-0.5244422	-0.50280076	-0.62633294	-0.4854614	-0.7832344	-0.6405064	10	-0.57792073	0.14778644	0.5793229	Binding_K13	-0.3479435	0.08897645	0.3487877
P139E	P139E	139	139	-0.86593765	-0.6909348	-0.58691716	-0.6763363	-0.4903723	-0.81406426	-1.0149021	-0.65449435	-1.0700179	-0.5824923	10	-0.7446469	0.19146848	0.75055647	Binding_K13	-0.44832283	0.115275696	0.45188072
P139F	P139F	139	139	0.73140264	0.8396921	0.9542293	0.60318655	0.7521574	0.53660965	0.5180452	0.5825458	0.21409202	0.1807012	10	0.59126616	0.24908112	0.976398	Binding_K13	0.35597828	0.14996202	0.58785117
P139G	P139G	139	139	-0.36806512	-0.62784535	-0.62304527	-0.5530615	-0.49648616	-0.41735166	-0.49461666	-0.49457663	-0.32714736	-0.45375994	10	-0.4855956	0.099191	0.38882872	Binding_K13	-0.29235816	0.05971903	0.2340986
P139H	P139H	139	139	-0.76912594	-0.4598357	-0.13884458	-0.4365322	-0.5550867	-0.12744738	-0.2253999	-0.15093514	-0.15176596	-0.30138603	10	-0.33163598	0.2172645	0.8516769	Binding_K13	-0.19966508	0.13080648	0.5127614
P139I	P139I	139	139	-0.11641967	0.6481976	0.32645273	0.09559837	0.014690775	0.22407222	0.3266105	0.31624112	0.33779624	0.0624833	10	0.22357233	0.21722896	0.8515375	Binding_K13	0.13460417	0.13078508	0.5126775
P139K	P139K	139	139	-0.2962845	-0.25988856	-0.40830404	-0.11418351	-0.12301222	-0.09981684	-0.26944587	-0.093047924	-0.35657886	-0.12543292	10	-0.21459953	0.1172762	0.4597227	Binding_K13	-0.12920201	0.070607424	0.2767811
P139L	P139L	139	139	0.39791813	0.7873284	0.4857227	0.5016405	0.4076908	0.37992203	0.50207734	0.36949903	0.07371652	0.19009797	10	0.40956134	0.19123131	0.74962676	Binding_K13	0.2465809	0.115132906	0.451321
P139M	P139M	139	139	-0.071549095	0.0852172	0.73054	0.38057396	0.5603141	0.6690962	0.09247111	0.17982924	0.26416135	0.50840944	10	0.33990633	0.27209795	1.0666239	Binding_K13	0.20464434	0.16381955	0.64217263
P139N	P139N	139	139	-0.13019773	-0.32831025	-0.3017676	-0.5067089	-0.062475797	-0.29740718	-0.23806731	-0.21343921	-0.3961415	-0.14489879	10	-0.26194143	0.13288839	0.5209225	Binding_K13	-0.15770471	0.08000691	0.3136271
P139Q	P139Q	139	139	-0.5006295	-0.39617428	0.16161156	-0.069539525	-0.55447507	-0.64789325	-0.777395	-0.5434091	-0.22224301	-0.3081532	10	-0.38583004	0.28305572	1.1095785	Binding_K13	-0.23229322	0.1704168	0.6680339
P139R	P139R	139	139	-0.6003568	-0.3824795	-0.34882444	-0.43515095	-0.3261295	-0.46736836	-0.35840094	-0.41431013	-0.48733398	-0.41216207	10	-0.42325163	0.080694005	0.3163205	Binding_K13	-0.2548233	0.04858271	0.19044423
P139S	P139S	139	139	-0.24834163	-0.2663361	-0.10956498	-0.16021769	-0.29166374	-0.20507818	-0.3248035	-0.11194534	-0.19962911	0.0581101	10	-0.18594702	0.112003066	0.43905202	Binding_K13	-0.11195144	0.06743267	0.26433608
P139T	P139T	139	139	-0.17078719	-0.35437107	-0.39266175	-0.21860668	-0.38096213	-0.39638072	-0.45012653	-0.29939508	-0.36634448	-0.20747977	10	-0.32371154	0.09462493	0.37092972	Binding_K13	-0.19489409	0.056969978	0.22332232
P139V	P139V	139	139	0.035750173	0.23515809	-0.0985175	-0.40108842	-0.012287822	-0.2173731	-0.08478756	0.011237177	-0.049064007	0.14507909	10	-0.04358939	0.17836516	0.69919145	Binding_K13	-0.02624347	0.1073867	0.42095587
P139W	P139W	139	139	0.8323902	-0.040387675	0.5203264	0.5127549	0.4079053	0.40419626	0.18251301	0.48891583	0.73168087	0.394232	10	0.4434527	0.24822605	0.9730461	Binding_K13	0.26698557	0.14944722	0.58583313
P139Y	P139Y	139	139	0.36379808	0.5145277	0.25483477	0.31433696	0.29938298	0.23076126	-0.10027108	0.37256882	0.36205545	0.7130001	10	0.3324995	0.2072232	0.812315	Binding_K13	0.20018497	0.12476101	0.48906317
P33A	P33A	33	33	-0.071587615	0.052242473	-0.19385444	0.02712533	-0.10392902	-0.079517186	-0.10538445	0.16184285	0.045158878	-0.46625173	10	-0.07341549	0.17195745	0.6740732	Binding_K13	-0.0442006	0.10352887	0.40583318
P33C	P33C	33	33	0.04290674	-0.116280705	-0.26830396	-0.0043983157	-0.22201811	-0.24385442	-0.03179387	0.0042705773	-0.15531003	-0.16777015	10	-0.116255224	0.112679444	0.44170344	Binding_K13	-0.069992736	0.0678399	0.2659324
P33D	P33D	33	33	-0.16728106	-0.31618044	-0.3211301	-0.27983487	-0.55422235	-0.35237697	-0.21435569	-0.13026817	-0.39854243	-0.69575155	10	-0.34299436	0.173234	0.67907727	Binding_K13	-0.20650353	0.10429743	0.40884593
P33E	P33E	33	33	-0.14198434	-0.39031526	-0.21287352	-0.023380073	-0.12843868	-0.1082423	-0.07366823	-0.21977507	0.14804646	0.08872851	10	-0.10619025	0.15539737	0.6091577	Binding_K13	-0.06393301	0.09355869	0.3667501
P33F	P33F	33	33	0.24337962	0.29855242	0.23808284	0.07623321	0.37736136	0.29721072	0.15885109	0.1630427	0.37392923	0.324322	10	0.25509652	0.09870271	0.3869146	Binding_K13	0.15358366	0.05942505	0.2329462
P33G	P33G	33	33	-0.4349178	-0.54845214	-0.585884	-0.4420773	-0.43468398	-0.46009225	-0.48764303	-0.4739256	-0.62635547	-0.5380327	10	-0.5032064	0.06775377	0.26559478	Binding_K13	-0.30296093	0.0407919	0.15990424
P33H	P33H	33	33	-0.8174401	-0.13965969	-0.18668005	-0.28010145	-0.38343477	-0.121650495	-0.49758846	-0.38345402	-0.19381452	0.038182843	10	-0.29656407	0.23967367	0.93952084	Binding_K13	-0.17854965	0.14429817	0.5656488
P33I	P33I	33	33	0.094230086	-0.024640488	-0.18415298	-0.24224868	-0.29907358	-0.20526606	-0.23215711	-0.36600992	-0.30463976	-0.12681414	10	-0.18907726	0.13860722	0.5433403	Binding_K13	-0.113836035	0.08345	0.327124
P33K	P33K	33	33	-0.40349734	-0.24217758	-0.22241399	-1.1125553	-1.0052072	-0.69682187	-0.67355764	-0.5860743	-0.5818065	-0.3377182	10	-0.58618295	0.3015368	1.1820242	Binding_K13	-0.35291788	0.18154354	0.7116507
P33L	P33L	33	33	-0.27617514	-0.10832323	-0.24971765	-0.21229725	-0.146998	-0.18790588	-0.16657756	-0.20423175	-0.054614052	-0.3653314	10	-0.1972172	0.08775908	0.3440156	Binding_K13	-0.118736774	0.052836314	0.20711835
P33M	P33M	33	33	0.09984913	0.036070682	0.420698	0.31431758	0.043221697	0.22838649	-0.014417601	-0.008330941	-0.02091071	0.40425694	10	0.15031412	0.17615543	0.6905293	Binding_K13	0.09049827	0.10605631	0.41574076
P33N	P33N	33	33	-0.15313531	-0.2088651	-0.18562649	-0.039665423	0.035809595	-0.33178252	-0.19785877	-0.13882774	0.0683262	-0.1115391	10	-0.12631646	0.12038814	0.47192153	Binding_K13	-0.07605021	0.072481	0.2841255
P33Q	P33Q	33	33	-0.11716913	-0.28901732	-0.09217642	-0.456984	0.08042903	-0.035864618	-0.31135955	-0.27827486	-0.15456776	-0.13252497	10	-0.17875096	0.15587112	0.61101484	Binding_K13	-0.10761898	0.09384392	0.36786819
P33R	P33R	33	33	-0.2529261	-0.22275907	-0.25348717	-0.24452868	-0.25287166	-0.29898277	-0.236098	-0.22711143	-0.2276793	-0.2086139	10	-0.24250582	0.0248704	0.097491965	Binding_K13	-0.14600329	0.014973497	0.05869611
P33S	P33S	33	33	-0.2813745	-0.06338839	-0.17287631	-0.18467732	-0.2262424	-0.15811756	-0.23160759	-0.22429518	-0.18327159	-0.23103048	10	-0.19568813	0.059014056	0.2313351	Binding_K13	-0.11781619	0.03553006	0.13927785
P33T	P33T	33	33	-0.9195207	-0.5097231	-0.80469805	-0.8354918	-0.6118341	-0.8011182	-0.7570434	-0.6062253	-0.71151763	-0.8557099	10	-0.74128824	0.12956814	0.50790715	Binding_K13	-0.44630072	0.07800792	0.30579105
P33V	P33V	33	33	-0.25140044	-0.27371952	-0.33872506	-0.22785577	-0.40386096	-0.21412878	-0.24090151	-0.32768884	-0.2664023	-0.38769683	10	-0.29323798	0.06711479	0.26308998	Binding_K13	-0.17654714	0.040407196	0.15839621
P33W	P33W	33	33	0.2515141	0.8251732	-0.16808745	-0.30506578	0.08188426	0.4171815	-0.04405583	-0.13146417	-0.1885058	-0.18904424	10	0.05495298	0.35063937	1.3745064	Binding_K13	0.033085044	0.21110629	0.82753664
P33Y	P33Y	33	33	-0.47919533	-0.26535282	0.029499572	-0.37860233	-0.19628556	-0.48274413	-0.14808398	-0.14235215	-0.21198682	-0.2625374	10	-0.2537641	0.15913491	0.62380886	Binding_K13	-0.15278146	0.095808916	0.37557095
Q128A	Q128A	128	128	-0.39291552	-0.36414596	-0.6140914	-0.58293974	-0.5433321	-0.5074396	-0.4551196	-0.33565435	-0.5133804	-0.51794195	10	-0.48269606	0.093263485	0.36559287	Binding_K13	-0.29061246	0.056150306	0.22010921
Q128C	Q128C	128	128	-0.40207398	-0.54743046	-0.47557864	-0.504025	-0.5649004	-0.6174265	-0.42581478	-0.49810785	-0.59056145	-0.7275975	10	-0.53535163	0.0963007	0.37749875	Binding_K13	-0.32231432	0.05797889	0.22727725
Q128D	Q128D	128	128	-0.09877715	0.0034008292	-0.19518371	-0.22965086	-0.10820592	-0.16706334	-0.22338834	-0.21848372	-0.2542534	-0.16071336	10	-0.16523188	0.07839971	0.30732688	Binding_K13	-0.09947967	0.047201406	0.18502952
Q128E	Q128E	128	128	-0.13455723	-0.09676544	-0.1818772	-0.12041558	-0.15935054	-0.27541718	-0.084037945	-0.13362618	-0.10419975	-0.24281819	10	-0.15330653	0.06324848	0.24793404	Binding_K13	-0.09229988	0.03807944	0.14927141
Q128F	Q128F	128	128	-0.6148898	-0.62572175	-0.45924807	-0.6273385	-0.6085464	-0.5444786	-0.6036798	-0.6697573	-0.7084387	-0.6355546	10	-0.6097654	0.06794325	0.26633754	Binding_K13	-0.36711594	0.040905982	0.16035146
Q128G	Q128G	128	128	-0.51044965	-0.5238701	-0.4438286	-0.47017828	-0.6078094	-0.6011214	-0.5947769	-0.62903845	-0.6809768	-0.58968353	10	-0.5651733	0.074926384	0.29371142	Binding_K13	-0.3402688	0.04511025	0.17683218
Q128H	Q128H	128	128	-0.41845277	-0.23356959	-0.499178	-0.3635681	-0.42428085	-0.35102522	-0.29404324	-0.39031813	-0.34681883	-0.57550853	10	-0.38967633	0.09779656	0.38336253	Binding_K13	-0.23460892	0.05887949	0.2308076
Q128I	Q128I	128	128	-0.480957	-0.38486516	-0.33181462	-0.34314603	-0.4387814	-0.4626547	-0.47986746	-0.43577793	-0.6507251	-0.4515732	10	-0.4460163	0.08950551	0.3508616	Binding_K13	-0.26852903	0.053887773	0.21124007
Q128K	Q128K	128	128	-0.4476453	-0.4734163	-0.46722844	-0.44052413	-0.43174177	-0.33445427	-0.46011657	-0.44279367	-0.42335242	-0.40683225	10	-0.43281054	0.039996803	0.15678747	Binding_K13	-0.26057833	0.024080515	0.09439562
Q128L	Q128L	128	128	-0.51830584	-0.4258997	-0.41947272	-0.4596939	-0.5106482	-0.49084073	-0.48049292	-0.55179566	-0.509964	-0.5132432	10	-0.48803568	0.04221504	0.16548297	Binding_K13	-0.29382724	0.02541603	0.09963084
Q128M	Q128M	128	128	-0.34312928	-0.4179707	-0.34914935	-0.34934247	-0.32486358	-0.1789628	-0.28071347	-0.34606716	-0.38542807	-0.38464716	10	-0.3360274	0.066560976	0.26091903	Binding_K13	-0.202309	0.040073767	0.15708917
Q128N	Q128N	128	128	-0.25270522	-0.19346085	-0.2105079	-0.3444085	-0.31465533	-0.30602562	-0.3793863	-0.5195779	-0.37724635	-0.27309462	10	-0.31710687	0.09551063	0.3744017	Binding_K13	-0.19091767	0.057503223	0.22541264
Q128P	Q128P	128	128	-0.6044394	-0.65066665	-0.5356291	-0.5207566	-0.47988313	-0.6850263	-0.46399328	-0.6017767	-0.6591404	-0.44676527	10	-0.5648078	0.086770415	0.34014004	Binding_K13	-0.34004873	0.05224108	0.20478503
Q128R	Q128R	128	128	-0.4644911	-0.52644974	-0.45386532	-0.60606235	-0.47475544	-0.49538502	-0.578598	-0.42643028	-0.52510566	-0.6228587	10	-0.51740015	0.0669027	0.2622586	Binding_K13	-0.31150645	0.040279504	0.15789565
Q128S	Q128S	128	128	-0.43594232	-0.35218877	-0.31132331	-0.450549	-0.39048034	-0.48617536	-0.36904296	-0.53494847	-0.4769958	-0.45706546	10	-0.42647117	0.06900914	0.27051583	Binding_K13	-0.25676164	0.041547712	0.16286704
Q128T	Q128T	128	128	-0.44109845	-0.5488385	-0.34592792	-0.2777084	-0.37461674	-0.17468205	-0.4663856	-0.43103066	-0.30469114	-0.28887096	10	-0.36538506	0.10952165	0.42932487	Binding_K13	-0.21998408	0.06593871	0.25847974
Q128V	Q128V	128	128	-0.40425307	-0.4845318	-0.4651447	-0.44899756	-0.40675387	-0.30633375	-0.46944	-0.5939284	-0.54651296	-0.60834646	10	-0.4734243	0.091906056	0.36027175	Binding_K13	-0.28503028	0.055333048	0.21690555
Q128W	Q128W	128	128	-0.81075203	-0.6927738	-0.67072135	-0.69228333	-0.71114516	-0.829081	-0.66420186	-0.5946684	-0.8764227	-0.68976814	10	-0.72318184	0.087084316	0.34137052	Binding_K13	-0.43539956	0.052430067	0.20552586
Q128Y	Q128Y	128	128	-0.3301754	-0.32088524	-0.2830044	-0.3516498	-0.42326942	-0.30212033	-0.27967897	-0.38132608	-0.3548206	-0.45393032	10	-0.34808606	0.057838064	0.22672522	Binding_K13	-0.20956904	0.03482204	0.1365024
Q130A	Q130A	130	130	-0.40531114	-0.44254768	-0.38393968	-0.49360326	-0.50958174	-0.3070701	-0.5068795	-0.3842274	-0.38907903	-0.38758203	10	-0.42098212	0.06586612	0.2581952	Binding_K13	-0.25345692	0.03965542	0.15544926
Q130C	Q130C	130	130	-0.3713616	-0.51483244	-0.41718596	-0.46018723	-0.3908546	-0.41303074	-0.5140758	-0.5478912	-0.637374	-0.46308604	10	-0.47298798	0.081729144	0.32037824	Binding_K13	-0.2847676	0.04920593	0.19288725
Q130D	Q130D	130	130	-0.4826978	-0.43934053	-0.36551136	-0.35315692	-0.588862	-0.40464467	-0.35965815	-0.4068516	-0.42463526	-0.41991094	10	-0.42452693	0.07001811	0.274471	Binding_K13	-0.2555911	0.042155173	0.16524827
Q130E	Q130E	130	130	-0.48459506	-0.5289455	-0.5912779	-0.62384456	-0.4953235	-0.43752444	-0.74041903	-0.47976148	-0.42505655	-0.4686828	10	-0.52754307	0.097690746	0.38294774	Binding_K13	-0.3176131	0.058815785	0.23055787
Q130F	Q130F	130	130	-0.19813266	-0.19425382	-0.3432439	-0.23158237	-0.28847697	-0.27826157	-0.34661636	-0.17605157	-0.39210877	-0.23522913	10	-0.26839572	0.073743425	0.28907424	Binding_K13	-0.16159059	0.04439804	0.17404032
Q130G	Q130G	130	130	-0.47930405	-0.60133445	-0.56992036	-0.6799482	-0.6289863	-0.5748945	-0.555464	-0.47382933	-0.483133	-0.5443524	10	-0.5591167	0.067724	0.26547807	Binding_K13	-0.33662236	0.040773977	0.159834
Q130H	Q130H	130	130	-0.24407642	-0.32453254	-0.26806214	-0.43049964	-0.4231132	-0.19037515	-0.36013812	-0.36040583	-0.3404468	-0.3531358	10	-0.32947856	0.07600358	0.29793406	Binding_K13	-0.19836618	0.04575879	0.17937447
Q130I	Q130I	130	130	-0.3769365	-0.3663524	-0.22452411	-0.10942736	-0.19277687	-0.15017928	-0.12060374	-0.120069854	-0.23686011	-0.15990151	10	-0.20576318	0.097550996	0.38239992	Binding_K13	-0.12388198	0.05873165	0.23022807
Q130K	Q130K	130	130	-0.42543375	-0.35402697	-0.44786254	-0.39573106	-0.38693422	-0.25505993	-0.36539862	-0.34147003	-0.48238418	-0.42964533	10	-0.38839465	0.06428232	0.2519867	Binding_K13	-0.23383726	0.038701877	0.15171136
Q130L	Q130L	130	130	-0.32386693	-0.42154074	-0.25010088	-0.309937	-0.21086356	-0.35577112	-0.34591845	-0.26361188	-0.32163012	-0.22768399	10	-0.30309248	0.06499624	0.25478527	Binding_K13	-0.18248016	0.0391317	0.15339626
Q130M	Q130M	130	130	-0.26884586	-0.17249876	-0.41474438	-0.27606854	-0.40830883	-0.20571987	-0.26265857	-0.3510832	-0.31301472	-0.5540243	10	-0.32269672	0.11310559	0.44337392	Binding_K13	-0.1942831	0.06809646	0.26693812
Q130N	Q130N	130	130	-0.31731194	-0.46044257	-0.32683715	-0.5966263	-0.44893488	-0.4231166	-0.38282427	-0.49506178	-0.384635	-0.38591576	10	-0.42217064	0.08318997	0.3261047	Binding_K13	-0.25417247	0.050085437	0.19633491
Q130P	Q130P	130	130	-0.4644464	-0.27225927	-0.003700956	-0.38488075	-0.31903994	-0.40401244	-0.25498044	-0.18511635	-0.19881615	-0.4772849	10	-0.29645374	0.14558636	0.5706985	Binding_K13	-0.17848323	0.08765186	0.34359533
Q130R	Q130R	130	130	-0.46316263	-0.48802552	-0.43852898	-0.49270156	-0.32509917	-0.4396496	-0.4805374	-0.38618562	-0.51843977	-0.42330608	10	-0.44556364	0.057238404	0.22437455	Binding_K13	-0.2682565	0.03446101	0.13508716
Q130S	Q130S	130	130	-0.59947157	-0.56503713	-0.51042205	-0.5457337	-0.5230726	-0.4500335	-0.5318517	-0.5149427	-0.594257	-0.4543688	10	-0.5289191	0.050766222	0.19900359	Binding_K13	-0.31844154	0.03056436	0.119812295
Q130T	Q130T	130	130	-0.43761483	-0.45319054	-0.5799338	-0.48059663	-0.4262067	-0.5405468	-0.57674676	-0.46723422	-0.51130974	-0.6127694	10	-0.50861496	0.065832086	0.2580618	Binding_K13	-0.30621722	0.039634928	0.15536892
Q130V	Q130V	130	130	-0.4965171	-0.39429495	-0.5306409	-0.4627153	-0.41605335	-0.50422233	-0.4715922	-0.44655326	-0.43983662	-0.4066442	10	-0.45690703	0.044731315	0.17534676	Binding_K13	-0.2750859	0.026930979	0.10556944
Q130W	Q130W	130	130	-0.06077495	-0.30591878	-0.28279048	-0.37125793	-0.35710952	-0.31379563	-0.36630833	-0.25506276	-0.3171362	-0.32966894	10	-0.29598236	0.090380654	0.35429218	Binding_K13	-0.17819943	0.054414663	0.21330549
Q130Y	Q130Y	130	130	-0.3195499	-0.40282467	-0.3312546	-0.3827684	-0.35030437	-0.1791787	-0.31837544	-0.3176246	-0.26552254	-0.42291462	10	-0.32903177	0.07025938	0.27541676	Binding_K13	-0.19809718	0.04230043	0.1658177
Q149A	Q149A	149	149	-0.5031034	-0.39022124	-0.4934117	-0.5145077	-0.66004103	-0.7735608	-0.63471466	-0.73400056	-0.83197063	-0.7435623	10	-0.6279094	0.1459021	0.57193625	Binding_K13	-0.37803975	0.08784196	0.34434047
Q149C	Q149C	149	149	-0.42311913	-0.6032326	-0.5614795	-0.46137187	-0.3931823	-0.50919294	-0.42124555	-0.54411465	-0.34750715	-0.40191785	10	-0.46663633	0.08381544	0.32855654	Binding_K13	-0.2809435	0.050462008	0.19781107
Q149D	Q149D	149	149	-0.82772326	-0.580127	-0.60836387	-0.58818793	-0.5102261	-0.8168737	-0.63959473	-0.6207917	-0.7788248	-0.7516714	10	-0.67223847	0.111731075	0.4379858	Binding_K13	-0.40472856	0.06726892	0.2636942
Q149E	Q149E	149	149	-0.5278265	-0.5558399	-0.5185697	-0.5721312	-0.54430884	-0.6472251	-0.43846583	-0.5013824	-0.5041429	-0.43647522	10	-0.52463675	0.062227078	0.24393015	Binding_K13	-0.3158633	0.037464496	0.14686082
Q149F	Q149F	149	149	-0.3740473	-0.25328344	-0.33417147	-0.25352252	-0.3154001	-0.29082155	-0.41832036	-0.61195666	-0.7149897	-0.28355855	10	-0.38500717	0.15735874	0.61684626	Binding_K13	-0.2317978	0.09473956	0.37137908
Q149G	Q149G	149	149	-0.27283457	-0.2830863	-0.21112858	-0.18629721	-0.46908164	-0.11912004	-0.47873753	-0.38779765	-0.4386353	-0.3903021	10	-0.3237021	0.12674055	0.49682295	Binding_K13	-0.1948884	0.07630554	0.2991177
Q149H	Q149H	149	149	-0.3626735	-0.5646356	-0.438724	-0.60069305	-0.550627	-0.4352532	-0.49447462	-0.41332495	-0.55429703	-0.39930078	10	-0.48140034	0.08223107	0.3223458	Binding_K13	-0.28983235	0.049508117	0.19407183
Q149I	Q149I	149	149	-0.41547248	-0.29732233	-0.4045754	-0.48902306	-0.4075025	-0.5125019	-0.3264666	-0.42999005	-0.33844084	-0.1905049	10	-0.38118	0.09538429	0.37390643	Binding_K13	-0.22949359	0.05742716	0.22511448
Q149K	Q149K	149	149	0.029188318	0.05525292	-0.079656415	-0.10010535	0.11714532	-0.02364013	-0.118043326	-0.1853843	-0.13814253	0.074856535	10	-0.036852896	0.10217633	0.40053123	Binding_K13	-0.022187691	0.06151638	0.24114423
Q149L	Q149L	149	149	-0.34539726	-0.23626903	-0.2603583	-0.37386432	-0.38405806	-0.29193678	-0.35941106	-0.3831759	-0.39473164	-0.33868477	10	-0.3367887	0.05544279	0.21733575	Binding_K13	-0.20276734	0.033379942	0.13084938
Q149M	Q149M	149	149	-0.32756355	-0.4233076	-0.4448104	-0.4605439	-0.4553145	-0.30327207	-0.28505522	-0.41289282	-0.3376083	-0.22715983	10	-0.36775282	0.08207447	0.32173193	Binding_K13	-0.22140962	0.049413837	0.19370225
Q149N	Q149N	149	149	-0.5132544	-0.74426466	-0.32633096	-0.4165882	-0.52075046	-0.6535991	-0.538325	-0.45186073	-0.46952817	-0.5858725	10	-0.5220374	0.11935706	0.46787968	Binding_K13	-0.31429833	0.071860224	0.2816921
Q149P	Q149P	149	149	-1.1728367	-1.1263925	-0.67445976	-1.0987079	-0.66820085	-0.9114372	-0.86345094	-0.9425748	-0.8628076	-0.82565254	10	-0.914652	0.17569567	0.688727	Binding_K13	-0.5506763	0.105779506	0.4146557
Q149R	Q149R	149	149	-0.34146333	-0.264476	-0.24165943	-0.3669386	-0.20565262	-0.27811387	-0.4347047	-0.32030684	-0.2780259	-0.1926915	10	-0.29240328	0.07470281	0.292835	Binding_K13	-0.1760446	0.044975646	0.17630453
Q149S	Q149S	149	149	-0.48586097	-0.57107335	-0.5428778	-0.5278652	-0.45533684	-0.47138995	-0.5971678	-0.6098008	-0.5094203	-0.3242525	10	-0.50950456	0.0831665	0.3260127	Binding_K13	-0.3067528	0.050071307	0.19627953
Q149T	Q149T	149	149	-0.70992774	-0.44517654	-0.5752653	-0.64040816	-0.5408077	-0.640296	-0.7286176	-0.6003113	-0.6657046	-0.7030418	10	-0.62495565	0.08735366	0.34242636	Binding_K13	-0.3762614	0.05259223	0.20616154
Q149V	Q149V	149	149	-0.5923605	-0.3601517	-0.64648044	-0.47772777	-0.6113188	-0.50802463	-0.5987189	-0.5538422	-0.6075461	-0.7085565	10	-0.56647277	0.09776215	0.38322765	Binding_K13	-0.34105116	0.05885878	0.23072642
Q149W	Q149W	149	149	-0.36298653	-0.2487863	-0.34491435	-0.3204128	-0.7304154	-0.23949678	-0.2971751	-0.44376332	-0.30076545	-0.387971	10	-0.36766872	0.14164391	0.55524415	Binding_K13	-0.22135898	0.08527827	0.33429083
Q149Y	Q149Y	149	149	-0.6797756	-0.6670533	-0.44343865	-0.7000375	-0.93743575	-1.2284368	-0.80177236	-0.7983552	-0.48485804	-0.9008342	10	-0.76419973	0.22812647	0.89425576	Binding_K13	-0.46009484	0.13734604	0.5383965
Q21A	Q21A	21	21	-0.07589589	-0.059371237	-0.020334817	-0.2984082	-0.11895074	0.055443864	-0.04384553	-0.059944168	-0.103349864	-0.011929526	10	-0.07365861	0.093126394	0.36505547	Binding_K13	-0.044346973	0.05606777	0.21978566
Q21C	Q21C	21	21	0.40684837	0.28575826	0.21780813	0.3038711	0.47736254	0.2928507	0.4389578	0.4853549	0.4006915	0.24824531	10	0.35577485	0.09733856	0.38156715	Binding_K13	0.21419816	0.058603745	0.22972669
Q21D	Q21D	21	21	-0.22987749	-0.14288104	-0.22796898	-0.37209028	-0.2138238	-0.3366121	-0.15378162	-0.28170723	-0.2664554	-0.26262376	10	-0.24878216	0.072080046	0.2825538	Binding_K13	-0.14978203	0.04339658	0.1701146
Q21E	Q21E	21	21	-0.14122857	-0.11586404	-0.024187695	-0.046479475	-0.16240361	-0.05638434	-0.085284665	-0.09705819	-0.10084916	-0.06789755	10	-0.08976372	0.04290639	0.16819304	Binding_K13	-0.054043233	0.025832262	0.101262465
Q21F	Q21F	21	21	0.2638486	0.52931565	0.40763015	0.0768979	0.46597055	0.07339028	0.43144858	0.23991697	0.3786121	0.41733447	10	0.32843652	0.15877977	0.62241673	Binding_K13	0.19773881	0.09559511	0.37473282
Q21G	Q21G	21	21	0.042183537	0.12779811	0.055396643	0.015935773	-0.014811555	-0.025087742	0.0708906	0.08957779	0.10700164	0.06753191	10	0.053641666	0.050076164	0.19629857	Binding_K13	0.032295555	0.030148905	0.11818371
Q21H	Q21H	21	21	0.091914654	-0.19287005	0.16323897	0.031895548	0.10554992	0.036968518	-0.1500792	0.053885285	0.021312382	0.059709124	10	0.022152513	0.1107341	0.43407768	Binding_K13	0.013337163	0.06666868	0.26134124
Q21I	Q21I	21	21	0.89749146	0.4239685	0.35378033	0.25857413	0.85638297	0.7378312	0.66669273	0.69695145	0.3394102	0.57606816	10	0.5807152	0.22608304	0.88624555	Binding_K13	0.34962595	0.13611577	0.53357387
Q21K	Q21K	21	21	-0.07393916	-0.004092204	-0.03758921	-0.046378467	-0.0501029	-0.081594214	-0.0373117	-0.09028988	-0.054762594	-0.064834565	10	-0.054089487	0.025178766	0.09870076	Binding_K13	-0.03256517	0.015159152	0.05942388
Q21L	Q21L	21	21	0.6715321	0.65971315	0.58779716	0.7310332	0.68460166	0.66468334	0.70102406	0.7864296	0.6706042	0.75750774	10	0.6914926	0.056163434	0.22016066	Binding_K13	0.4163207	0.03381381	0.13255015
Q21M	Q21M	21	21	0.27654818	0.397116	0.28896496	0.41558164	0.34766102	0.42034936	0.31715596	0.12850586	0.26282692	0.28500903	10	0.3139719	0.0879248	0.34466523	Binding_K13	0.18903023	0.052936092	0.20750949
Q21N	Q21N	21	21	0.14868005	0.10420711	-0.09303136	0.10173962	0.007885734	-0.16149645	-0.15296908	-0.1634414	-0.29391557	-0.2233504	10	-0.07256918	0.15341863	0.60140103	Binding_K13	-0.04369107	0.09236737	0.3620801
Q21P	Q21P	21	21	-0.48950726	-0.32090133	-0.37527615	-0.30647013	-0.30866006	-0.386635	-0.42634645	-0.3244754	-0.340887	-0.4019498	10	-0.36811087	0.059512775	0.23329009	Binding_K13	-0.22162518	0.03583032	0.14045486
Q21R	Q21R	21	21	-0.1861116	-0.17812333	-0.14890294	-0.16758795	-0.14901467	-0.080221094	-0.13444133	-0.13398732	-0.15078755	-0.13470922	10	-0.14638871	0.029586157	0.115977734	Binding_K13	-0.08813493	0.017812671	0.06982567
Q21S	Q21S	21	21	-0.1673244	-0.12878649	-0.21391885	-0.18915452	-0.20399696	-0.26501298	-0.30483913	-0.22224209	-0.20319721	-0.20286559	10	-0.21013382	0.048500318	0.19012125	Binding_K13	-0.12651338	0.029200148	0.11446458
Q21T	Q21T	21	21	-0.03891619	-0.12674414	-0.19653477	0.005313908	-0.47057578	-0.26956454	-0.20804898	-0.10126021	0.00035256587	-0.08139554	10	-0.14873734	0.14501901	0.56847453	Binding_K13	-0.089548945	0.087310284	0.3422563
Q21V	Q21V	21	21	0.64504296	0.53261244	0.5661652	0.62207174	0.62964505	0.5495625	0.54876816	0.59797055	0.46382907	0.4807911	10	0.5636459	0.06127403	0.2401942	Binding_K13	0.3393492	0.0368907	0.14461155
Q21W	Q21W	21	21	-0.014162397	0.086551584	0.07290673	0.08181999	0.11619823	0.20194776	0.07474649	0.04462555	0.09744591	0.09765411	10	0.0859734	0.05444961	0.21344247	Binding_K13	0.05176123	0.032781985	0.12850538
Q21Y	Q21Y	21	21	0.6429802	0.57991594	0.4461932	0.23541988	0.3408544	0.47989178	0.754946	0.46175078	0.49925345	0.5339035	10	0.4975109	0.1464422	0.57405347	Binding_K13	0.2995319	0.08816714	0.34561518
Q24A	Q24A	24	24	0.002278083	-0.21190564	-0.38848212	-0.28382456	-0.20382556	-0.11090235	-0.20983323	-0.25093532	-0.31990036	0.040289875	10	-0.19370411	0.13579941	0.5323337	Binding_K13	-0.11662169	0.08175953	0.32049736
Q24C	Q24C	24	24	0.024596564	-0.027442168	0.026388621	0.13563451	0.06605952	0.12009308	-0.033879943	-0.41035122	0.1618618	-0.22056955	10	-0.015760876	0.17674194	0.6928284	Binding_K13	-0.009489008	0.10640942	0.41712496
Q24D	Q24D	24	24	-0.5994759	-0.3613534	-0.81445235	-0.23132126	-0.43554115	-0.307058	-1.1188557	-0.5758569	-0.84154147	-0.83663255	10	-0.61220884	0.2856511	1.1197523	Binding_K13	-0.36858705	0.17197937	0.6741591
Q24E	Q24E	24	24	-0.26727024	-0.23322988	-0.36700705	-0.08135222	-0.27631193	-0.6316826	-0.43804127	-0.27852055	-0.4926055	-0.53893167	10	-0.36049527	0.16516185	0.6474345	Binding_K13	-0.21704014	0.099437505	0.38979504
Q24F	Q24F	24	24	-0.02364726	-0.24548733	-0.0970157	0.038281176	0.25316975	0.043448	0.61687666	-0.385077	0.39754495	-0.16249253	10	0.043560077	0.3040423	1.1918459	Binding_K13	0.026225822	0.183052	0.71756387
Q24G	Q24G	24	24	-0.33355787	-0.21555203	-0.32853898	-0.31886196	-0.33266345	-0.19384846	-0.29983532	-0.33956367	-0.42970556	-0.24203973	10	-0.30341673	0.069437735	0.27219594	Binding_K13	-0.18267538	0.04180575	0.16387855
Q24H	Q24H	24	24	-0.17502205	-0.08956312	-0.26303244	0.14842092	0.1237599	0.24235919	-0.16590707	-0.08573987	-0.037453722	0.13415515	10	-0.016802311	0.16844955	0.66032225	Binding_K13	-0.010116016	0.1014169	0.39755425
Q24I	Q24I	24	24	0.37937638	0.15785992	-0.092549376	0.109030046	0.40063158	0.11728797	0.16311549	0.27070245	0.25114366	-0.115192294	10	0.1641406	0.17332335	0.67942756	Binding_K13	0.098822646	0.10435122	0.4090568
Q24K	Q24K	24	24	-0.3364847	-0.2525986	-0.5503976	-0.2638112	0.11763132	-0.2862378	-0.18677263	-0.51269704	-0.36450148	-0.98613036	10	-0.36220002	0.2860651	1.1213752	Binding_K13	-0.2180665	0.17222863	0.67513627
Q24L	Q24L	24	24	0.1151065	0.23605222	0.15477587	0.18960384	0.036356617	-0.03179028	0.325242	0.1396923	0.03872577	0.14617151	10	0.13499363	0.10388939	0.4072464	Binding_K13	0.0812744	0.06254775	0.2451872
Q24M	Q24M	24	24	-0.23531611	-0.06165106	-0.22479413	0.23459531	-0.07598932	0.2660969	0.30687416	0.3238204	0.076008186	-0.0716616	10	0.053798277	0.21662188	0.84915775	Binding_K13	0.032389842	0.13041958	0.5112448
Q24N	Q24N	24	24	-0.43888813	-0.40865886	-0.66968244	-0.75938374	-0.5897361	-0.4460459	-0.6382837	-0.24212396	-0.629234	-0.12576154	10	-0.49477983	0.20033841	0.7853266	Binding_K13	-0.29788762	0.12061594	0.47281447
Q24P	Q24P	24	24	0.041293167	-0.79121387	-0.10461495	-0.55802554	-0.051431276	-0.023904877	-0.27157247	0.034641583	-0.29769272	-0.79290575	10	-0.2815427	0.3253865	1.2755151	Binding_K13	-0.16950586	0.19590251	0.76793784
Q24R	Q24R	24	24	-0.23753384	-0.28395087	-0.09088988	-0.31223446	-0.28191316	-0.22592382	-0.26589152	-0.3040437	-0.32137313	-0.07106934	10	-0.23948237	0.08898983	0.34884015	Binding_K13	-0.144183	0.053577304	0.21002303
Q24S	Q24S	24	24	-0.20308328	-0.3111921	-0.08632287	-0.13694912	-0.13281548	-0.30446836	-0.32370666	-0.28072092	-0.25093368	-0.46199307	10	-0.24921855	0.112312876	0.4402665	Binding_K13	-0.15004477	0.0676192	0.26506725
Q24T	Q24T	24	24	-0.14659077	-0.27760682	0.0022224453	0.17913546	-0.078682244	-0.1256512	-0.23372658	0.044355217	0.2782392	-0.33818594	10	-0.06964912	0.19790576	0.77579063	Binding_K13	-0.04193302	0.11915134	0.46707326
Q24V	Q24V	24	24	0.058383685	0.30145466	-0.36998364	-0.24722108	-0.13541268	0.073245935	0.06773854	-0.054400794	0.060062718	0.017858943	10	-0.022827372	0.18922499	0.741762	Binding_K13	-0.0137434695	0.11392498	0.44658592
Q24W	Q24W	24	24	-0.058290098	-0.14962931	0.19799137	-0.039283514	-0.35286826	-0.07011431	0.124184325	0.28022978	-0.030683067	-0.11598001	10	-0.02144431	0.18248506	0.71534145	Binding_K13	-0.012910781	0.10986713	0.43067917
Q24Y	Q24Y	24	24	-0.341521	-0.42016914	0.23913078	0.37151283	-0.29979196	-0.5544508	-0.32482582	0.073627725	-0.13085043	-0.14617178	10	-0.15335096	0.29812947	1.1686676	Binding_K13	-0.09232663	0.17949212	0.7036091
Q42A	Q42A	42	42	-0.20667478	-0.0807067	-0.18722016	-0.29706398	-0.18119195	-0.19049981	-0.19207485	-0.09499043	-0.12165774	-0.19634163	10	-0.1748422	0.06255286	0.24520722	Binding_K13	-0.10526566	0.037660636	0.1476297
Q42C	Q42C	42	42	0.031126669	0.17614354	0.06903937	0.06595864	0.14720353	0.026404323	0.103127174	-0.016695753	0.09746412	0.1387687	10	0.083854035	0.060400005	0.23676802	Binding_K13	0.050485242	0.036364485	0.14254878
Q42D	Q42D	42	42	-0.09868811	0.037150133	-0.10012172	-0.10003577	-0.046770565	-0.086309515	-0.21498322	-0.13597347	-0.00684304	-0.19360073	10	-0.09461759	0.07709845	0.30222595	Binding_K13	-0.05696556	0.04641797	0.18195845
Q42E	Q42E	42	42	-0.36123878	-0.35538384	-0.46207607	-0.22562718	-0.45394856	-0.6065617	-0.41657755	-0.16487668	-0.355079	-0.26181477	10	-0.3663184	0.12852016	0.503799	Binding_K13	-0.22054602	0.07737698	0.30331776
Q42F	Q42F	42	42	0.02149519	-0.25663438	-0.14778654	0.029584037	-0.041165616	0.106751464	-0.2245145	-0.18159336	0.15088214	-0.13781849	10	-0.06808001	0.14178357	0.5557916	Binding_K13	-0.040988315	0.08536235	0.33462042
Q42G	Q42G	42	42	-0.1095054	-0.15831558	-0.11099195	-0.29082623	-0.21642931	-0.1645026	-0.16751541	-0.14834261	-0.16684806	-0.19603936	10	-0.17293164	0.05285221	0.20718066	Binding_K13	-0.10411539	0.031820253	0.12473539
Q42H	Q42H	42	42	-0.095754884	-0.07247592	-0.10481335	-0.035701845	-0.14150524	-0.0710084	-0.13748741	-0.2736077	-0.14317946	-0.023484679	10	-0.10990189	0.07132067	0.27957702	Binding_K13	-0.06616764	0.04293939	0.16832241
Q42I	Q42I	42	42	-0.08521685	-0.12242378	-0.12397063	0.09326862	0.091475375	0.034649305	0.13740854	-0.04794834	-0.21680748	-0.06990393	10	-0.03094692	0.11517168	0.451473	Binding_K13	-0.018631933	0.06934037	0.27181426
Q42K	Q42K	42	42	-0.28235775	-0.25561607	-0.03539512	-0.17749846	-0.31449786	-0.14258315	-0.21911661	-0.29959756	-0.26782212	-0.15433915	10	-0.2148824	0.087329835	0.34233296	Binding_K13	-0.12937231	0.052577887	0.20610532
Q42L	Q42L	42	42	0.07283714	0.054704774	-0.06242772	0.032590188	-0.045572586	-0.10835072	-0.0934992	0.035841554	0.027308727	-0.04062406	10	-0.01271919	0.06487506	0.25431025	Binding_K13	-0.0076577277	0.03905874	0.15311027
Q42M	Q42M	42	42	0.034538716	-0.00016280435	-0.13893797	-0.005580334	-0.13614607	-0.083948724	0.107252635	-0.06205468	-0.07567819	-0.12020439	10	-0.04809218	0.08063126	0.31607455	Binding_K13	-0.028954424	0.048544936	0.19029616
Q42N	Q42N	42	42	-0.26157442	-0.15021098	-0.31287193	-0.09926224	-0.20684955	-0.23065282	-0.13791135	-0.2623459	-0.22004396	-0.21586598	10	-0.20975892	0.06462557	0.25333223	Binding_K13	-0.12628765	0.038908534	0.15252146
Q42P	Q42P	42	42	-0.34218645	-0.066780224	-0.024423303	-0.042847335	-0.1333063	-0.037046555	-0.18900311	-0.06790194	0.047577634	-0.17346945	10	-0.1029387	0.11047923	0.4330786	Binding_K13	-0.06197537	0.06651523	0.2607397
Q42R	Q42R	42	42	-0.5076664	-0.2841156	-0.47530136	-0.37031427	-0.476867	-0.3937407	-0.48841217	-0.45673257	-0.46096078	-0.43274185	10	-0.4346853	0.067752294	0.265589	Binding_K13	-0.26170704	0.040791012	0.15990077
Q42S	Q42S	42	42	-0.28315705	-0.33907494	-0.3391603	-0.24070394	-0.25325552	-0.1283475	-0.27034733	-0.32826063	-0.2680572	-0.37974	10	-0.28301042	0.07045883	0.27619863	Binding_K13	-0.17038953	0.04242051	0.1662884
Q42T	Q42T	42	42	-0.1820059	-0.26045558	-0.1819043	-0.15522228	-0.286403	-0.10919362	-0.24223025	-0.55793357	-0.2982483	-0.28211182	10	-0.25557086	0.12357461	0.48441246	Binding_K13	-0.15386924	0.07439945	0.29164585
Q42V	Q42V	42	42	0.007988904	-0.15708612	-0.03308497	0.08282953	-0.033440273	0.0013328511	-0.04621169	0.01226486	-0.07498932	0.004064517	10	-0.02363317	0.0633823	0.24845861	Binding_K13	-0.01422861	0.038160007	0.14958723
Q42W	Q42W	42	42	0.5661072	0.35195854	0.47644055	0.45403925	0.453091	0.30212933	0.32238203	0.18618335	0.4277969	0.35861832	10	0.38987464	0.10763224	0.4219184	Binding_K13	0.2347283	0.06480117	0.2540206
Q42Y	Q42Y	42	42	0.038905937	0.059962463	-0.19616845	0.11229202	0.13542831	-0.17208733	0.0021446312	-0.025110932	0.053167086	0.12584127	10	0.0134375	0.11626018	0.45573992	Binding_K13	0.008090194	0.069995716	0.27438322
Q60A	Q60A	60	60	-0.24802236	-0.27471778	-0.2235587	-0.21766534	-0.31887236	-0.25177693	-0.29550388	-0.27980813	-0.2646443	-0.25056586	10	-0.26251358	0.03111649	0.121976644	Binding_K13	-0.15804918	0.018734023	0.07343737
Q60C	Q60C	60	60	-0.18191248	-0.13486487	-0.014732561	-0.20202455	-0.060514368	-0.2616285	-0.107914776	-0.25155485	-0.16527218	-0.2902911	10	-0.16707103	0.089321576	0.35014057	Binding_K13	-0.10058694	0.053777035	0.21080598
Q60D	Q60D	60	60	-0.24924307	-0.59831166	-0.39490998	-0.4658187	-0.51046246	-0.3117794	-0.3459767	-0.3278637	-0.23437479	-0.27264002	10	-0.37113804	0.12011213	0.47083956	Binding_K13	-0.22344773	0.07231483	0.28347415
Q60E	Q60E	60	60	-0.37922135	-0.5806708	-0.33592802	-0.51558423	-0.48168173	-0.28432143	-0.39293477	-0.45822707	-0.54369956	-0.3739538	10	-0.43462223	0.09624813	0.37729266	Binding_K13	-0.26166907	0.05794724	0.22715318
Q60F	Q60F	60	60	0.012861754	0.053044625	-0.11846379	-0.050452314	-0.028957905	-0.13078691	0.082494654	0.014592461	-0.12376582	-0.04544282	10	-0.033487607	0.07504752	0.2941863	Binding_K13	-0.02016158	0.045183185	0.1771181
Q60G	Q60G	60	60	-0.27650636	-0.2891802	-0.31477743	-0.39223975	-0.31242248	-0.2667729	-0.38536173	-0.21210955	-0.35864887	-0.38355553	10	-0.31915745	0.060015187	0.23525953	Binding_K13	-0.19215225	0.0361328	0.14164059
Q60H	Q60H	60	60	-0.1865269	-0.38271976	-0.3028758	-0.19274727	-0.15555555	-0.34038243	-0.43433604	-0.2326638	-0.34465393	-0.3225254	10	-0.2894987	0.09291812	0.36423904	Binding_K13	-0.17429586	0.055942375	0.21929412
Q60I	Q60I	60	60	-0.25773066	-0.058368478	-0.32827654	-0.080688156	-0.23750041	-0.00078462716	-0.045359265	0.013988438	-0.06616344	-0.0970728	10	-0.11579559	0.116658464	0.4573012	Binding_K13	-0.06971601	0.070235506	0.27532318
Q60K	Q60K	60	60	-0.19484265	-0.29121915	-0.4049297	-0.4839062	-0.28627568	-0.3569741	-0.4055481	-0.24857292	-0.32521352	-0.3405562	10	-0.3338038	0.08435375	0.33066672	Binding_K13	-0.20097025	0.050786104	0.19908153
Q60L	Q60L	60	60	-0.016330283	-0.0063410243	-0.009228486	-0.00060080015	-0.0036578993	0.013326044	0.0054712007	0.019696217	-0.001056708	-0.011862457	10	-0.0010584198	0.011214491	0.043960806	Binding_K13	-0.00063723326	0.0067518074	0.026467085
Q60M	Q60M	60	60	-0.10437467	-0.09639805	-0.26643497	0.083714604	0.019952485	-0.11989151	-0.039624963	-0.12321857	-0.005630703	0.09257603	10	-0.055933036	0.10904861	0.42747056	Binding_K13	-0.033675097	0.06565391	0.25736335
Q60N	Q60N	60	60	-0.34072855	-0.3255879	-0.22080961	-0.4518267	-0.22040887	-0.29381275	-0.46267515	-0.2733401	-0.2712677	-0.26553687	10	-0.3125994	0.08538072	0.33469242	Binding_K13	-0.18820389	0.051404398	0.20150524
Q60P	Q60P	60	60	-0.29175696	-0.31921613	-0.28777713	-0.2772027	-0.4487184	-0.31646943	-0.328513	-0.31514227	-0.40056488	-0.34002307	10	-0.3325384	0.05340066	0.2093306	Binding_K13	-0.2002084	0.032150455	0.12602979
Q60R	Q60R	60	60	-0.13428086	-0.1122582	-0.18046819	-0.17720845	-0.16140777	-0.14762609	-0.19074488	-0.15074301	-0.14486702	-0.18861529	10	-0.15882197	0.025551321	0.10016118	Binding_K13	-0.09562051	0.015383453	0.060303137
Q60S	Q60S	60	60	-0.3384983	-0.39204475	-0.39801636	-0.44235665	-0.32871506	-0.3745826	-0.4463646	-0.3875205	-0.38899824	-0.36573327	10	-0.386283	0.038137857	0.1495004	Binding_K13	-0.23256592	0.022961315	0.090008356
Q60T	Q60T	60	60	-0.3991197	-0.28521234	-0.35596308	-0.3947391	-0.48688716	-0.42697218	-0.3824148	-0.3940506	-0.42755368	-0.40115932	10	-0.3954072	0.051977593	0.20375217	Binding_K13	-0.23805924	0.03129368	0.122671224
Q60V	Q60V	60	60	-0.27898675	-0.25024006	-0.23570395	-0.027655937	-0.20391205	-0.23055354	-0.22504501	-0.26468897	-0.2392604	-0.22160606	10	-0.21776529	0.07020059	0.27518633	Binding_K13	-0.13110799	0.042265035	0.16567895
Q60W	Q60W	60	60	0.12961292	0.069769785	0.006480898	0.22413154	0.097064964	0.103627644	-0.018291634	0.11439425	0.03110385	0.0914601	10	0.084935434	0.0688939	0.27006412	Binding_K13	0.05113631	0.04147833	0.16259505
Q60Y	Q60Y	60	60	-0.3363477	-0.08375681	-0.31641066	-0.25633904	-0.28943762	-0.24455814	-0.08216471	-0.23635834	-0.25453112	-0.22248079	10	-0.23223849	0.0863495	0.33849007	Binding_K13	-0.13982172	0.051987667	0.20379166
Q69A	Q69A	69	69	0.11770166	-0.0098289205	0.08113788	-0.20574102	0.17919414	-0.027090862	-0.0047522676	0.094791114	0.034449484	0.11719545	10	0.037705667	0.108228035	0.4242539	Binding_K13	0.02270111	0.06515988	0.25542673
Q69C	Q69C	69	69	-0.25960892	0.075578295	0.058178887	-0.05099499	-0.043749943	-0.14319414	0.014463149	-0.019012507	0.06479726	-0.15359402	10	-0.045713693	0.11003828	0.43135008	Binding_K13	-0.02752243	0.06624976	0.25969905
Q69D	Q69D	69	69	-0.5513708	-0.6346585	-0.5598404	-0.33365417	-0.502987	-0.44452724	-0.2968649	-0.48030323	-0.49560797	-0.728105	10	-0.50279194	0.12855388	0.5039312	Binding_K13	-0.3027114	0.07739727	0.3033973
Q69E	Q69E	69	69	-0.6020804	-0.88809836	-0.68579406	-0.6756091	-0.48529664	-0.5184757	-0.7118097	-0.663448	-0.4960013	-0.8225733	10	-0.6549187	0.13441499	0.5269067	Binding_K13	-0.39430097	0.080926016	0.31723
Q69F	Q69F	69	69	0.58043504	0.52961534	0.47877517	0.13986397	0.3311048	0.304222	0.5193537	0.16170348	0.67923945	0.39643046	10	0.41207433	0.17786175	0.69721806	Binding_K13	0.24809387	0.10708362	0.4197678
Q69G	Q69G	69	69	-0.21169515	-0.28517833	-0.16627009	0.046023965	-0.06473793	-0.02219415	-0.05339928	-0.05195944	-0.10496002	-0.09743039	10	-0.10118008	0.096767485	0.37932855	Binding_K13	-0.060916577	0.058259927	0.22837892
Q69H	Q69H	69	69	0.037557583	0.058902998	-0.11501482	-0.11429473	-0.07128505	-0.10918809	0.06656678	-0.004050464	-0.043182943	-0.0542809	10	-0.034826964	0.07094989	0.2781236	Binding_K13	-0.020967957	0.04271616	0.16744736
Q69I	Q69I	69	69	0.3948885	0.082567684	0.14338422	0.12869124	0.048383057	0.17368916	0.11908306	0.26196435	0.14895768	0.2631886	10	0.17647976	0.10284581	0.4031556	Binding_K13	0.106251575	0.061919447	0.24272424
Q69K	Q69K	69	69	0.08120573	-0.026428979	0.011566659	0.24502572	-0.052072447	0.0402909	0.011425938	0.103205025	-0.040593475	0.08996075	10	0.046358585	0.08871338	0.34775645	Binding_K13	0.027910694	0.05341086	0.20937058
Q69L	Q69L	69	69	0.35120368	0.32039773	0.25577566	0.20549372	0.38702407	0.27513757	0.23249653	0.40563038	0.2922186	0.40042347	10	0.31258017	0.07179737	0.2814457	Binding_K13	0.18819232	0.043226395	0.16944747
Q69M	Q69M	69	69	0.12744893	0.040527374	0.17497317	0.30339018	0.28761876	0.019341463	0.11349516	0.15773712	0.30366233	0.28146085	10	0.18096553	0.108194	0.4241205	Binding_K13	0.108952284	0.06513938	0.2553464
Q69N	Q69N	69	69	0.07150849	-0.020625992	0.29299074	-0.0608413	-0.06010207	-0.0017808966	-0.037056055	0.042010374	0.054902803	0.09630394	10	0.037731003	0.1053513	0.4129771	Binding_K13	0.022716364	0.0634279	0.24863738
Q69P	Q69P	69	69	-0.108840436	0.019581735	0.16937217	0.017779637	0.06596475	-0.0034489045	-0.0038590282	-0.11343355	0.050780933	-0.05949711	10	0.0034400201	0.08464193	0.33179638	Binding_K13	0.002071102	0.050959606	0.19976166
Q69R	Q69R	69	69	0.0021452652	-0.03898663	-0.039165724	-0.024630474	0.13686009	-0.03301444	0.02623416	0.099678196	-0.0036282449	0.012059819	10	0.0137552	0.05997808	0.23511407	Binding_K13	0.008281469	0.03611046	0.14155301
Q69S	Q69S	69	69	0.07473511	-0.21754661	-0.03062791	0.014267248	-0.121997796	-0.0871803	-0.08500191	-0.07674314	-0.16097994	-0.007023441	10	-0.06980987	0.08620511	0.33792403	Binding_K13	-0.042029798	0.051900733	0.20345087
Q69T	Q69T	69	69	-0.16260508	-0.16617985	-0.14239894	-0.0037584447	0.3794078	0.056642093	-0.019517314	0.17905349	0.12286417	0.007347212	10	0.025085513	0.17088144	0.66985524	Binding_K13	0.015103008	0.102881044	0.4032937
Q69V	Q69V	69	69	0.03643948	0.087691374	-0.035941843	-0.016852545	0.05841515	0.07678562	-0.17650592	0.1749076	0.11379019	0.028831113	10	0.034756023	0.09623376	0.37723637	Binding_K13	0.020925246	0.057938594	0.2271193
Q69W	Q69W	69	69	0.31119373	0.39216214	0.4569961	0.5115118	0.3020665	0.6638941	0.5980402	0.668948	0.65500146	0.54364145	10	0.5103456	0.14075695	0.55176723	Binding_K13	0.30725914	0.08474427	0.33219755
Q69Y	Q69Y	69	69	-0.36645854	0.024867129	-0.308295	-0.24219997	-0.22804235	-0.29857957	-0.15373792	-0.073655225	-0.04031417	-0.21488596	10	-0.19013016	0.12698942	0.49779856	Binding_K13	-0.114469945	0.07645538	0.2997051
Q98A	Q98A	98	98	-0.011601409	-0.14485598	-0.07349203	-0.21147625	-0.17420428	-0.06476192	-0.022048386	-0.033304874	-0.07409259	-0.06748918	10	-0.08773269	0.06704225	0.2628056	Binding_K13	-0.052820425	0.04036352	0.158225
Q98C	Q98C	98	98	-0.35995832	-0.23520325	-0.42156205	-0.2663574	-0.28390667	-0.29039174	-0.17538077	9.037068e-05	-0.16535442	-0.3164386	10	-0.2514463	0.117597856	0.4609836	Binding_K13	-0.15138601	0.07080108	0.27754024
Q98D	Q98D	98	98	-0.2540982	-0.52452385	-0.3668844	-0.51357615	-0.16749658	-0.24404375	-0.46263033	-0.076800674	-0.069471374	-0.15630844	10	-0.28358337	0.1734156	0.6797892	Binding_K13	-0.17073448	0.10440677	0.40927452
Q98E	Q98E	98	98	-0.281043	-0.32385394	-0.21323845	-0.12616473	-0.23194332	-0.43405786	-0.25031644	-0.33198616	-0.47213447	-0.33870834	10	-0.30034465	0.10322406	0.40463832	Binding_K13	-0.18082578	0.062147178	0.24361694
Q98F	Q98F	98	98	-0.32163045	-0.24402645	-0.007199796	-0.3018335	-0.36675236	-0.47118437	-0.54651666	-0.4884504	-0.5046937	-0.24628648	10	-0.3498574	0.16306347	0.6392088	Binding_K13	-0.21063548	0.09817415	0.38484266
Q98G	Q98G	98	98	0.23761041	0.20604518	0.1313366	0.0998338	0.053063497	0.0090301065	0.07987673	0.09402677	0.07344328	0.15429525	10	0.11385616	0.0697748	0.27351722	Binding_K13	0.06854835	0.042008683	0.16467404
Q98H	Q98H	98	98	-0.07703591	-0.16903186	-0.5247395	-0.113067776	-0.1783481	-0.39663002	-0.50123477	-0.28437093	-0.29093167	-0.06814966	10	-0.26035398	0.16842808	0.6602381	Binding_K13	-0.15674897	0.101403974	0.39750358
Q98I	Q98I	98	98	-0.39480034	-0.39132345	-0.39920995	-0.5165588	-0.4961038	-0.48659024	-0.37028423	-0.33876935	-0.34809527	-0.36533776	10	-0.4107073	0.06481087	0.25405863	Binding_K13	-0.24727084	0.039020095	0.15295878
Q98K	Q98K	98	98	0.06216947	0.10742136	0.18406835	-0.028552217	0.0050203092	0.05209865	0.09672427	-0.06992602	0.1061111	0.13241106	10	0.064754635	0.07742101	0.30349037	Binding_K13	0.03898624	0.04661217	0.18271971
Q98L	Q98L	98	98	-0.18145643	-0.26570654	-0.16690516	-0.087590165	-0.039887346	-0.14530277	-0.21710595	-0.12315519	-0.15365924	-0.23229389	10	-0.16130628	0.06785307	0.26598403	Binding_K13	-0.09711622	0.040851686	0.1601386
Q98M	Q98M	98	98	-0.46366405	-0.61275357	-0.3146887	-0.46990836	-0.43493482	-0.52762896	-0.42717892	-0.3473256	-0.49931398	-0.40739018	10	-0.4504787	0.08624393	0.3380762	Binding_K13	-0.27121565	0.051924102	0.20354249
Q98N	Q98N	98	98	-0.024441127	-0.07619867	-0.32268855	-0.36929753	-0.16251838	-0.049609765	-0.097797245	-0.20279862	-0.11741735	-0.058690637	10	-0.1481458	0.1174908	0.46056393	Binding_K13	-0.0891928	0.070736624	0.27728757
Q98P	Q98P	98	98	2.2074263	1.9432791	2.4895232	2.21515	1.5255287	2.0202384	1.8811783	2.7290587	2.555372	2.6587002	10	2.2225456	0.38735604	1.5184357	Binding_K13	1.338108	0.23321195	0.9141909
Q98R	Q98R	98	98	0.032681867	-0.0083538955	0.0052010515	0.14947031	0.16827902	-0.007860821	-0.05378274	0.008156202	0.13453792	0.17312434	10	0.06014533	0.08611551	0.3375728	Binding_K13	0.036211155	0.051846787	0.20323941
Q98S	Q98S	98	98	-0.07807502	-0.17307815	-0.12257393	-0.07061072	-0.23765244	-0.061207257	-0.13708943	-0.19910423	-0.12004747	-0.23049828	10	-0.1429937	0.06480047	0.25401786	Binding_K13	-0.08609093	0.039013837	0.15293424
Q98T	Q98T	98	98	-0.3648631	-0.2925031	-0.2925337	0.039371762	-0.062093884	-0.21271078	-0.25981775	-0.21335293	-0.28462997	-0.47254995	10	-0.24156833	0.14479892	0.56761175	Binding_K13	-0.14543886	0.087177776	0.34173688
Q98V	Q98V	98	98	-0.37047216	-0.24796563	-0.24854937	-0.25735408	-0.3477246	-0.2675405	-0.24245493	-0.25622326	-0.30666372	-0.3635448	10	-0.2908493	0.05157931	0.2021909	Binding_K13	-0.17510901	0.031053891	0.12173126
Q98W	Q98W	98	98	-0.2821857	-0.2173603	-0.28587115	-0.32629085	-0.35639787	-0.25703916	-0.39371675	-0.27986193	-0.50880563	-0.39853483	10	-0.3306064	0.08576039	0.33618075	Binding_K13	-0.19904521	0.051632985	0.20240131
Q98Y	Q98Y	98	98	-0.2925017	-0.268228	-0.19895214	-0.34245655	-0.26239374	-0.3502014	-0.20861585	-0.23792447	-0.3914679	-0.3208883	10	-0.287363	0.06361649	0.24937665	Binding_K13	-0.17301004	0.038301006	0.15013994
R101A	R101A	101	101	0.35246727	0.48814273	0.37453005	0.63339037	0.5929572	0.4937545	0.22475603	0.37074476	0.3664533	0.33612373	10	0.42333204	0.12583001	0.49325365	Binding_K13	0.2548717	0.07575734	0.2969688
R101C	R101C	101	101	0.28143784	0.092908	0.20239124	0.13953274	0.33143786	0.4071144	0.37753925	0.17387499	0.1442086	0.35986662	10	0.25103116	0.113903485	0.44650167	Binding_K13	0.15113607	0.06857684	0.26882124
R101D	R101D	101	101	0.9666866	1.0076474	0.92971826	0.7666509	0.8472931	0.97512954	0.94622153	1.0039471	0.8860181	0.8892819	10	0.92185944	0.075715944	0.2968065	Binding_K13	0.5550156	0.045585614	0.1786956
R101E	R101E	101	101	0.24272119	0.6782842	0.61048704	0.35242474	0.6379204	0.6401789	0.5071272	0.501463	0.89386237	0.5714295	10	0.5635899	0.1796545	0.7042456	Binding_K13	0.33931547	0.10816296	0.42399883
R101F	R101F	101	101	0.18485768	0.039294127	0.20283902	0.1879402	0.15212119	0.2024701	0.40628767	0.13689014	0.19282472	0.21756655	10	0.19230914	0.091173634	0.35740066	Binding_K13	0.11578183	0.054892085	0.21517698
R101G	R101G	101	101	0.31649092	0.36629185	0.46901137	0.29223874	0.33569363	0.3575308	0.4070578	0.39539626	0.39071515	0.10186647	10	0.3432293	0.0984523	0.385933	Binding_K13	0.20664497	0.059274286	0.2323552
R101H	R101H	101	101	0.12916349	0.105619274	-0.012482642	0.072633766	0.14284433	0.3095752	0.098961584	0.24171184	0.36898455	-0.009782488	10	0.14472291	0.1267226	0.49675262	Binding_K13	0.087132014	0.076294735	0.29907537
R101I	R101I	101	101	0.2368379	0.16490795	0.2029779	0.10565063	0.11209513	0.34662533	0.2682521	0.39145234	0.2973418	0.23495924	10	0.23611002	0.09410159	0.36887825	Binding_K13	0.14215262	0.056654897	0.2220872
R101K	R101K	101	101	0.406451	0.30927923	0.473471	0.42969367	0.33677188	0.36994344	0.3324181	0.43983757	0.2668214	0.39186782	10	0.3756555	0.06453529	0.25297835	Binding_K13	0.22616751	0.038854178	0.15230837
R101L	R101L	101	101	0.27100176	0.28634527	0.31457493	0.28170797	0.28375322	0.35415116	0.30930215	0.28419793	0.20816857	0.19739373	10	0.27905968	0.046765372	0.18332027	Binding_K13	0.16801094	0.028155606	0.11036998
R101M	R101M	101	101	0.47196952	0.6461822	0.48467422	0.49085474	0.2504546	0.21817666	0.18480949	0.34716293	0.3542679	0.30179995	10	0.37503523	0.14576775	0.5714096	Binding_K13	0.22579408	0.087761074	0.3440234
R101N	R101N	101	101	-0.055304535	-0.077027455	-0.05893326	0.1337518	-0.11239665	-0.065651	-0.13704944	-0.17639421	-0.058031287	-0.16374332	10	-0.07707794	0.086899966	0.34064788	Binding_K13	-0.04640562	0.05231908	0.20509079
R101P	R101P	101	101	1.5978664	1.1311309	1.7603588	1.4597208	1.0360469	0.7073264	0.7202745	0.77644277	0.8330035	0.99930924	10	1.102148	0.3804757	1.4914647	Binding_K13	0.66356033	0.22906958	0.89795274
R101Q	R101Q	101	101	0.34771398	-0.03249124	0.17699458	0.21479459	0.30603853	0.14117649	0.15012111	0.30847472	0.17798676	0.29714242	10	0.20879519	0.11290431	0.4425849	Binding_K13	0.12570743	0.067975275	0.26646307
R101S	R101S	101	101	0.37079024	0.4372543	0.3987383	0.42907333	0.4667192	0.38905653	0.39821273	0.33732176	0.47693875	0.38988456	10	0.40939897	0.04311406	0.16900711	Binding_K13	0.24648315	0.025957292	0.10175259
R101T	R101T	101	101	0.619117	0.19058132	0.44461918	0.45789585	0.57937866	0.34720194	0.23129643	0.15309948	0.2996961	0.37112346	10	0.36940095	0.15745477	0.6172227	Binding_K13	0.22240189	0.09479737	0.3716057
R101V	R101V	101	101	0.1628107	0.24769656	0.03852772	0.15179946	0.16444801	0.14620037	0.1719144	0.29680142	0.16608691	0.043980397	10	0.1590266	0.07822778	0.3066529	Binding_K13	0.09574371	0.047097895	0.18462375
R101W	R101W	101	101	0.25572526	0.14978603	0.12709947	0.36846384	0.31570846	0.17922927	0.1888107	0.1444366	-0.20077868	0.13340974	10	0.16618907	0.15274513	0.5987609	Binding_K13	0.100055955	0.09196188	0.3604906
R101Y	R101Y	101	101	0.50095236	0.37270913	0.2960568	0.18611448	0.32149953	0.39159873	0.15316562	0.30011	0.12814552	0.2986475	10	0.29489997	0.11466983	0.44950575	Binding_K13	0.17754777	0.06903823	0.27062985
R122A	R122A	122	122	-0.12532365	-0.18489927	-0.12033325	-0.16224734	-0.47959584	0.041912753	-0.14229144	-0.16165204	-0.026566014	0.03153608	10	-0.13294598	0.14674203	0.57522875	Binding_K13	-0.08004159	0.08834765	0.3463228
R122C	R122C	122	122	-0.12339897	-0.17434745	-0.23849802	-0.2759906	-0.26473865	-0.2212649	-0.06871009	0.03861541	-0.4067265	-0.30005056	10	-0.20351103	0.12702702	0.49794593	Binding_K13	-0.12252605	0.07647801	0.2997938
R122D	R122D	122	122	0.16793044	0.068667516	0.041705023	0.28739792	0.08650731	-0.02650426	-0.11649389	0.25396043	-0.065019466	0.09711818	10	0.079526916	0.1307753	0.5126392	Binding_K13	0.047880054	0.0787347	0.30864003
R122E	R122E	122	122	0.16764519	0.20989901	0.10631401	-0.17684782	0.16490547	0.048840277	0.18259455	0.4007301	0.39666808	0.42300102	10	0.19237499	0.18391997	0.7209663	Binding_K13	0.11582147	0.110731035	0.43406567
R122F	R122F	122	122	0.06274836	-0.15326676	-0.12720804	0.008401936	-0.13889666	-0.12487791	-0.25599095	-0.061111625	-0.089417666	0.15924776	10	-0.07203716	0.11985879	0.46984646	Binding_K13	-0.043370765	0.0721623	0.28287622
R122G	R122G	122	122	0.027721088	-0.24156542	-0.10784792	-0.16937162	-0.081475794	-0.1730608	-0.053739704	-0.12665421	-0.21374415	-0.08802312	10	-0.122776166	0.08003651	0.31374314	Binding_K13	-0.07391874	0.04818686	0.1888925
R122H	R122H	122	122	-0.22319451	-0.5092098	-0.37046763	-0.1649571	-0.4467178	-0.34937477	-0.45799744	-0.5720958	-0.1826375	-0.37799948	10	-0.36546516	0.13857785	0.54322517	Binding_K13	-0.22003232	0.08343232	0.32705468
R122I	R122I	122	122	-0.28572392	-0.35467276	-0.16445982	-0.24041852	-0.12751035	-0.12683411	-0.32677013	-0.35885417	-0.53701943	-0.26512468	10	-0.2787388	0.12556879	0.49222967	Binding_K13	-0.16781776	0.07560007	0.2963523
R122K	R122K	122	122	-0.15244834	-0.06401049	-0.12160531	-0.013848487	-0.050584484	-0.18370023	-0.1939368	-0.20147203	-0.09938972	0.09520377	10	-0.098579206	0.093445145	0.36630496	Binding_K13	-0.05935069	0.056259673	0.22053792
R122L	R122L	122	122	-0.044602703	-0.10882909	-0.0621659	-0.22244538	-0.034743242	-0.013739651	-0.1806414	-0.18900912	-0.16064784	-0.07036303	10	-0.10871874	0.07415629	0.29069266	Binding_K13	-0.06545531	0.04464661	0.17501472
R122M	R122M	122	122	-0.022929456	-0.24713334	-0.19320372	-0.12589277	-0.31891254	-0.32919982	-0.5728613	-0.114817105	0.04673017	0.025242344	10	-0.18529776	0.19022688	0.7456894	Binding_K13	-0.111560546	0.11452818	0.44895047
R122N	R122N	122	122	-0.25933892	-0.24297456	-0.104134366	-0.10752561	-0.28628275	-0.22376798	-0.18330209	0.051074505	-0.1897621	-0.17624539	10	-0.17222592	0.09854025	0.38627777	Binding_K13	-0.103690505	0.059327237	0.23256278
R122P	R122P	122	122	-0.17882726	-0.2661752	-0.28042743	-0.2911988	-0.18719314	-0.41485325	-0.4552946	-0.24895307	-0.4510801	-0.26856062	10	-0.30425635	0.1014116	0.3975335	Binding_K13	-0.18318087	0.06105597	0.23933941
R122Q	R122Q	122	122	-0.026420694	0.08999969	0.053260267	0.2096298	0.2560845	-0.1378275	-0.037463706	0.13006465	0.21506129	0.039422147	10	0.079181045	0.12630846	0.49512917	Binding_K13	0.047671817	0.076045394	0.29809794
R122S	R122S	122	122	0.05842443	-0.17109427	-0.15445188	-0.05310975	-0.12919626	-0.0014821085	0.010759468	-0.10670824	-0.09136073	-0.092938535	10	-0.07311579	0.07533934	0.29533023	Binding_K13	-0.04402016	0.045358878	0.17780681
R122T	R122T	122	122	-0.1978768	-0.20867974	-0.023048606	0.047419377	-0.36081573	0.011097249	-0.30699927	-0.1385732	-0.090303175	-0.22649744	10	-0.14942774	0.13557032	0.53143567	Binding_K13	-0.08996461	0.081621595	0.31995666
R122V	R122V	122	122	-0.17888637	-0.068291955	0.005030406	0.055627998	0.023599427	-0.16944921	-0.1475996	-0.13151899	-0.27306	-0.20122388	10	-0.108577214	0.108166255	0.42401174	Binding_K13	-0.065370105	0.06512268	0.2552809
R122W	R122W	122	122	-0.12168264	-0.29500875	-0.2126498	0.01683867	-0.38661966	-0.07712263	-0.19764343	-0.06445879	-0.10388801	-0.21706541	10	-0.16593005	0.11951901	0.46851453	Binding_K13	-0.09990001	0.07195773	0.2820743
R122Y	R122Y	122	122	-0.23316832	-0.28592926	-0.29491344	-0.32572842	-0.23671924	-0.21317548	-0.43509907	-0.27865693	-0.16669777	-0.29360315	10	-0.2763691	0.07289927	0.28576514	Binding_K13	-0.16639104	0.043889802	0.17204803
R134A	R134A	134	134	-0.7709811	-0.6508633	-0.3581805	-0.4525058	-0.7711762	-0.5070389	-0.43312004	-0.44273338	-0.42416215	-0.4441053	10	-0.52548665	0.14991751	0.58767664	Binding_K13	-0.31637502	0.090259485	0.3538172
R134C	R134C	134	134	-0.84307367	-0.60856014	-0.74618495	-0.4709267	-0.4001681	-0.6074849	-0.3163188	-0.44274533	-0.46372753	-0.5782812	10	-0.5477472	0.1612862	0.63224196	Binding_K13	-0.3297772	0.09710413	0.3806482
R134D	R134D	134	134	-0.2085741	-0.23022495	-0.28932026	-0.45461643	-0.40757045	-0.4007398	-0.45809186	-0.13848315	-0.36700198	-0.42896903	10	-0.3383592	0.11375225	0.44590884	Binding_K13	-0.20371288	0.06848579	0.2684643
R134E	R134E	134	134	-0.58738405	-0.46620804	-0.54597235	-0.53067183	-0.29333848	-0.4433087	-0.53777164	-0.7450541	-0.5854597	-0.5441456	10	-0.5279314	0.11579855	0.45393032	Binding_K13	-0.3178469	0.06971779	0.27329373
R134F	R134F	134	134	-0.074757814	-0.08157434	-0.032813195	-0.06107647	-0.31740543	-0.3065063	-0.3599758	-0.35386968	-0.28422692	-0.2032446	10	-0.20754507	0.13245234	0.5192132	Binding_K13	-0.12495479	0.07974438	0.312598
R134G	R134G	134	134	-0.516355	-0.58316016	-0.4239732	-0.56580985	-0.45387533	-0.45554906	-0.39800715	-0.29122823	-0.3926592	-0.548645	10	-0.4629262	0.09160871	0.35910615	Binding_K13	-0.2787098	0.05515403	0.2162038
R134H	R134H	134	134	-0.21337762	-0.24987073	-0.32277825	-0.3370248	-0.21331632	-0.35375217	-0.5652777	-0.53935885	-0.4063331	-0.4703561	10	-0.36714453	0.12702508	0.49793833	Binding_K13	-0.2210434	0.07647684	0.29978922
R134I	R134I	134	134	-0.36466688	-0.16836716	-0.12636276	-0.17169134	-0.22194535	-0.06548603	-0.30174512	-0.13571826	-0.31626832	-0.27801952	10	-0.21502706	0.09703762	0.38038749	Binding_K13	-0.12945941	0.058422565	0.22901647
R134K	R134K	134	134	-0.6009179	-0.6731561	-0.49356124	-0.53347737	-0.30982813	-0.607461	-0.96004117	-0.53176045	-0.43182105	-0.67532015	10	-0.5817344	0.17329158	0.679303	Binding_K13	-0.3502396	0.1043321	0.40898183
R134L	R134L	134	134	-0.29426956	-0.24885313	-0.116801634	-0.2291238	-0.28110355	-0.22373505	-0.35092553	-0.19851075	-0.18651044	-0.19674839	10	-0.23265818	0.06539825	0.25636116	Binding_K13	-0.1400744	0.039373737	0.15434505
R134M	R134M	134	134	-0.28236714	-0.37916604	-0.4108905	-0.10840997	-0.2761896	-0.16420639	-0.1690083	-0.1287619	-0.111199215	-0.38628656	10	-0.24164855	0.12023679	0.47132823	Binding_K13	-0.14548716	0.07238988	0.28376833
R134N	R134N	134	134	-0.2975607	-0.371568	-0.38785732	-0.47421026	-0.32707912	-0.12123934	-0.45377514	-0.5730245	-0.29545307	-0.40784383	10	-0.37096113	0.12264222	0.4807575	Binding_K13	-0.22334121	0.07383809	0.28944534
R134P	R134P	134	134	0.2607748	0.40467125	0.51695967	0.42377886	0.6106048	0.58218265	0.27107307	0.91720164	0.4202418	0.5863052	10	0.49937934	0.19196986	0.7525219	Binding_K13	0.3006568	0.115577556	0.45306402
R134Q	R134Q	134	134	-0.5796768	-0.20123099	-0.47984424	-0.33936685	-0.4385887	-0.3551926	-0.41623253	-0.21038538	-0.6519254	-0.5774055	10	-0.42498487	0.15284525	0.5991534	Binding_K13	-0.2558668	0.09202216	0.36072686
R134S	R134S	134	134	-0.54842645	-0.48872736	-0.5450911	-0.59028614	-0.40749735	-0.49309155	-0.4417744	-0.38451135	-0.38300428	-0.43735027	10	-0.47197604	0.07283837	0.28552642	Binding_K13	-0.28415835	0.04385314	0.17190431
R134T	R134T	134	134	-0.75585073	-0.44988826	-0.318055	-0.37103337	-0.3566151	-0.46363327	-0.35866854	-0.3894012	-0.747911	-0.5808756	10	-0.4791932	0.16174984	0.63405937	Binding_K13	-0.28850353	0.09738327	0.38174242
R134V	R134V	134	134	-0.2515828	-0.26748195	-0.15910882	-0.15542774	-0.24716409	-0.21917646	-0.17333928	-0.26908365	-0.23789358	-0.37120298	10	-0.23514614	0.06441427	0.25250393	Binding_K13	-0.14157231	0.03878132	0.15202278
R134W	R134W	134	134	-0.70281583	-0.71680605	-0.515393	-0.80132437	-0.6061515	-0.5802983	-0.67644596	-0.5373644	-0.70486665	-0.53613853	10	-0.63776046	0.09598296	0.37625322	Binding_K13	-0.38397068	0.057787593	0.22652738
R134Y	R134Y	134	134	-0.46952948	-0.4506114	-0.4818321	-0.34843108	-0.2677944	-0.40326548	-0.49479935	-0.7946765	-0.5036802	-0.3916172	10	-0.46062368	0.13867013	0.5435869	Binding_K13	-0.27732354	0.083487876	0.32727247
R148A	R148A	148	148	-0.93533957	-0.7946615	-0.73676723	-0.7599869	-0.7805655	-0.8774518	-0.874583	-0.83276904	-0.9078864	-0.9139035	10	-0.84139144	0.07026822	0.27545142	Binding_K13	-0.50656897	0.042305753	0.16583855
R148C	R148C	148	148	-0.13247626	-0.1707761	-0.009733719	-0.04509656	-0.0979768	-0.3794293	-0.15525289	-0.03197868	-0.06298245	-0.104894094	10	-0.11905968	0.105805114	0.41475606	Binding_K13	-0.07168119	0.06370113	0.24970843
R148D	R148D	148	148	-0.8202843	-0.778201	-0.93437445	-0.84344566	-0.7900365	-0.64584863	-0.7088237	-0.68461025	-0.9541466	-1.0419881	10	-0.82017595	0.12674087	0.49682423	Binding_K13	-0.49379593	0.07630573	0.2991185
R148E	R148E	148	148	-0.39015526	-0.49841115	-0.3167894	-0.29452714	-0.33386725	-0.43075293	-0.6544094	-0.4887751	-0.52352226	-0.57847035	10	-0.45096803	0.11873718	0.46544978	Binding_K13	-0.27151024	0.071487024	0.28022915
R148F	R148F	148	148	-0.052062225	-0.20249313	0.14274508	0.23647805	0.15193999	0.10916176	-0.06699645	-0.21851963	-0.25405613	-0.19398537	10	-0.034778807	0.1817607	0.71250194	Binding_K13	-0.020938963	0.10943102	0.42896962
R148G	R148G	148	148	-0.8778442	-0.895089	-1.1414347	-0.9981271	-1.0021479	-0.92500293	-1.0066584	-1.0982705	-0.9629282	-1.0221027	10	-0.99296045	0.08342232	0.3270155	Binding_K13	-0.5978227	0.05022532	0.19688326
R148H	R148H	148	148	-0.50447017	-0.38807163	-0.38303617	-0.44496375	-0.32451573	-0.47384962	-0.35266876	-0.48977038	-0.41438073	-0.3306782	10	-0.41064054	0.06557145	0.25704008	Binding_K13	-0.24723065	0.03947801	0.1547538
R148I	R148I	148	148	-0.2882711	-0.16654249	-0.32718125	-0.096811205	-0.13395931	-0.26482195	-0.31680086	-0.32539874	-0.2884731	-0.11762887	10	-0.23258889	0.09288994	0.3641286	Binding_K13	-0.1400327	0.05592541	0.21922761
R148K	R148K	148	148	-0.5134455	-0.50765455	-0.3132838	-0.3481167	-0.64343345	-0.60708576	-0.47947526	-0.49087936	-0.3765402	-0.5023502	10	-0.4782265	0.106051765	0.41572294	Binding_K13	-0.28792152	0.06384963	0.25029054
R148L	R148L	148	148	-0.47200182	-0.39279923	-0.5226787	-0.38595945	-0.35779375	-0.0047078426	-0.11703252	0.20690224	-0.5645895	-0.26726753	10	-0.2877928	0.24624391	0.9652761	Binding_K13	-0.17326881	0.14825384	0.58115506
R148M	R148M	148	148	-0.045735013	-0.2488966	-0.23288947	0.12788378	0.063042305	-0.1043976	-0.13278581	-0.05882819	0.11397068	0.0996769	10	-0.041895896	0.13982971	0.5481325	Binding_K13	-0.025223885	0.08418601	0.33000916
R148N	R148N	148	148	-0.23270746	-0.24902593	-0.16301304	-0.48888433	-0.12055336	-0.18568999	-0.2344772	-0.31055722	-0.2536197	-0.5752323	10	-0.28137606	0.14363432	0.5630465	Binding_K13	-0.16940555	0.08647662	0.33898833
R148P	R148P	148	148	-1.0039196	-1.4540514	-1.2216765	-1.0560308	-0.8176939	-0.95466936	-0.9052453	-1.0265592	-0.892051	-0.9115822	10	-1.0243479	0.18766834	0.7356599	Binding_K13	-0.6167199	0.11298778	0.4429121
R148Q	R148Q	148	148	-0.6022315	-0.5643646	-0.6533314	-0.79584295	-0.67246956	-0.7132975	-0.6436435	-0.21549088	-0.55336636	-0.6090783	10	-0.6023117	0.15366536	0.60236824	Binding_K13	-0.36262834	0.092515916	0.3626624
R148S	R148S	148	148	-0.7711447	-0.622757	-0.39778057	-0.4377777	-0.4080181	-0.42783508	-0.54792506	-0.5826547	-0.71823835	-1.0385622	10	-0.5952693	0.20347561	0.7976244	Binding_K13	-0.35838842	0.122504726	0.48021853
R148T	R148T	148	148	-0.45238057	-0.42001122	-0.7320088	-0.502236	-0.5928024	-0.59669787	-0.7305602	-0.6493599	-0.8056605	-0.6413212	10	-0.61230385	0.1261421	0.49447703	Binding_K13	-0.36864427	0.075945236	0.29770532
R148V	R148V	148	148	-0.23032364	-0.22483988	-0.08996659	-0.122468	-0.10684726	-0.10220551	-0.1783075	-0.07982517	-0.13526042	-0.1989943	10	-0.14690383	0.05657742	0.2217835	Binding_K13	-0.08844506	0.034063056	0.13352719
R148W	R148W	148	148	-0.16834179	-0.26273304	-0.4083834	-0.21100062	-0.38450414	0.0631814	-0.15719587	-0.62719536	-0.3305319	-0.20249745	10	-0.2689202	0.18428887	0.7224124	Binding_K13	-0.16190636	0.11095314	0.4349363
R148Y	R148Y	148	148	0.025719158	-0.05212866	0.13346063	0.071841374	-0.22364277	-0.23519227	-0.24557391	-0.16770504	-0.12387604	-0.10993222	10	-0.09270297	0.13400115	0.5252845	Binding_K13	-0.05581284	0.08067686	0.3162533
R160A	R160A	160	160	-0.23461385	-0.5567685	-0.2995676	-0.31727067	-0.42108366	-0.51592934	-0.546493	-0.5202211	-0.4450554	-0.22521274	10	-0.40822157	0.12934099	0.5070167	Binding_K13	-0.24577428	0.077871166	0.30525497
R160C	R160C	160	160	-0.07169442	-0.45306858	-0.038296938	-0.08186194	-0.24349742	-0.23218726	-0.2965274	-0.43284124	-0.39947703	-0.5275367	10	-0.2776989	0.17441054	0.6836893	Binding_K13	-0.16719167	0.10500578	0.41162267
R160D	R160D	160	160	-0.37529004	-0.58854324	-0.50154835	-0.62673026	-0.17673679	-0.35429358	-0.35342428	-0.5123781	-0.7590109	-0.7578279	10	-0.5005783	0.18867405	0.73960227	Binding_K13	-0.30137864	0.11359328	0.44528568
R160E	R160E	160	160	-0.37687102	-0.2784878	-0.117115445	-0.5123464	-0.39326862	-0.4061656	-0.40239137	-0.7603547	-0.32563856	-0.65794617	10	-0.42305857	0.18398036	0.721203	Binding_K13	-0.25470707	0.110767394	0.43420818
R160F	R160F	160	160	0.29156393	0.38719934	0.56085014	0.6251344	0.44231847	0.41239473	0.05707201	0.5802366	0.22032705	0.34487405	10	0.39219707	0.17487209	0.6854986	Binding_K13	0.23612656	0.105283655	0.41271195
R160G	R160G	160	160	-0.5868272	-0.5440562	-0.6204604	-0.7430138	-0.7096588	-0.62748307	-0.6474842	-0.63197625	-0.72704476	-0.6991632	10	-0.65371674	0.06442152	0.25253236	Binding_K13	-0.39357734	0.03878568	0.15203987
R160H	R160H	160	160	-0.4112005	-0.61454886	-0.26756525	-0.12553318	-0.33329782	-0.1581612	-0.26552024	-0.2712439	-0.49987555	-0.19948068	10	-0.31464273	0.15418252	0.6043955	Binding_K13	-0.18943411	0.09282728	0.36388296
R160I	R160I	160	160	0.90250075	0.87867755	1.180055	0.83175135	1.0022694	1.0723212	0.9309318	1.2576408	0.9647838	1.0425303	10	1.0063462	0.13498299	0.5291333	Binding_K13	0.6058818	0.08126799	0.31857052
R160K	R160K	160	160	-0.329198	-0.13639747	-0.48300654	-0.43090883	-0.1856063	-0.22311057	-0.4012407	-0.4982782	-0.32108593	-0.3696597	10	-0.3378492	0.12372914	0.48501822	Binding_K13	-0.20340581	0.074492484	0.29201055
R160L	R160L	160	160	-0.2767035	-0.09779679	-0.0059744515	-0.14259894	-0.27896947	-0.009111849	-0.097791426	-0.17591141	-0.31206807	-0.23741364	10	-0.16343395	0.11133499	0.43643317	Binding_K13	-0.0983972	0.06703045	0.2627594
R160M	R160M	160	160	-0.61324936	-0.4405539	-0.4267305	-0.43411094	-0.3803719	-0.34736308	-0.20112577	-0.2247471	-0.22972599	-0.3709492	10	-0.36689278	0.12529731	0.49116546	Binding_K13	-0.22089183	0.07543662	0.29571158
R160N	R160N	160	160	-0.39276266	-0.27303115	-0.115164585	-0.18602002	-0.051767603	-0.0894772	-0.32589427	-0.23369053	-0.33167413	-0.38863894	10	-0.23881212	0.12423766	0.4870116	Binding_K13	-0.14377946	0.07479864	0.2932107
R160P	R160P	160	160	0.8447019	0.47046572	1.2005388	0.9438713	0.50066966	0.2120564	-0.12806161	0.34431574	0.16752055	0.1984589	10	0.4754537	0.40886337	1.6027445	Binding_K13	0.2862521	0.24616067	0.96494985
R160Q	R160Q	160	160	-0.5966993	-0.4580355	-0.34594545	-0.75578517	-0.6326676	-0.56359583	-0.50449395	-0.72680163	-0.4490298	-0.5531558	10	-0.55862105	0.12668167	0.49659216	Binding_K13	-0.33632395	0.07627009	0.29897875
R160S	R160S	160	160	-0.40758052	-0.38562074	-0.27041999	-0.21694237	-0.31265557	-0.25562623	-0.4714716	-0.49578807	-0.4015728	-0.375889	10	-0.35935667	0.09272822	0.36349463	Binding_K13	-0.21635462	0.055828042	0.21884593
R160T	R160T	160	160	-0.59963477	-0.5475548	-0.5701981	-0.5012284	-0.5199581	-0.46767527	-0.59528714	-0.3880203	-0.5898155	-0.6514454	10	-0.5430818	0.07646515	0.2997434	Binding_K13	-0.32696837	0.046036683	0.1804638
R160V	R160V	160	160	-0.16712405	-0.19761054	-0.036147144	0.06390161	-0.025295518	-0.13854238	0.014876497	-0.02012596	-0.06962169	0.03990552	10	-0.053578366	0.08854619	0.34710106	Binding_K13	-0.03225744	0.053310204	0.208976
R160W	R160W	160	160	-0.123960234	-0.10080249	0.06866483	0.04593955	-0.106232755	-0.03839114	-0.08265642	-0.24459901	0.018542798	-0.24087346	10	-0.080436826	0.10823618	0.42428583	Binding_K13	-0.048427872	0.06516478	0.25544596
R160Y	R160Y	160	160	0.0011237862	0.18150924	0.121235386	0.11992265	-0.11050196	0.06905067	0.036731116	-0.0013337069	0.030739449	0.18007888	10	0.06285556	0.09081182	0.35598233	Binding_K13	0.037842877	0.054674253	0.21432307
R163A	R163A	163	163	-0.82203203	-0.76459014	-0.49808306	-0.72159445	-0.57004184	-0.5705268	-0.5931067	-0.51167303	-0.5494958	-0.61418825	10	-0.6215332	0.11019727	0.4319733	Binding_K13	-0.37420088	0.066345476	0.26007426
R163C	R163C	163	163	-0.50021523	-0.46839792	-0.35680676	-0.45232758	-0.29487354	-0.45672542	-0.29563513	-0.31867045	-0.21366131	-0.4880876	10	-0.38454008	0.100660324	0.39458847	Binding_K13	-0.23151657	0.060603652	0.23756632
R163D	R163D	163	163	-0.3384245	-0.15285435	-0.19872081	-0.41902193	-0.35932875	-0.3521244	-0.33578804	-0.40409485	-0.28071144	-0.24157621	10	-0.30826452	0.0875644	0.34325245	Binding_K13	-0.18559404	0.05271911	0.20665891
R163E	R163E	163	163	-0.65107286	-0.7250376	-0.56711537	-0.52481574	-0.48586148	-0.5841201	-0.70098317	-0.60962856	-0.6000142	-0.65200436	10	-0.61006534	0.07471303	0.29287508	Binding_K13	-0.36729655	0.0449818	0.17632866
R163F	R163F	163	163	-0.12605695	-0.23910743	-0.33384284	-0.1642623	-0.3138866	-0.48370984	-0.30677116	-0.34337738	-0.28139028	-0.08874907	10	-0.2681154	0.117478475	0.46051562	Binding_K13	-0.16142182	0.0707292	0.2772585
R163G	R163G	163	163	-0.56878203	-0.5143547	-0.35153547	-0.3430174	-0.3769254	-0.3482143	-0.37044442	-0.4990061	-0.51212144	-0.4778722	10	-0.43622738	0.08599821	0.337113	Binding_K13	-0.26263547	0.051776163	0.20296256
R163H	R163H	163	163	-0.44150645	-0.3982278	-0.3759068	-0.31123146	-0.12820403	-0.26205477	-0.4291693	-0.2665948	-0.5242128	-0.5262822	10	-0.36633906	0.1255129	0.49201056	Binding_K13	-0.22055845	0.07556642	0.29622036
R163I	R163I	163	163	-0.54945076	-0.55413634	-0.44605553	-0.3241166	-0.42495435	-0.25439474	-0.34055954	-0.23442306	-0.652493	-0.35139272	10	-0.41319767	0.13788846	0.54052275	Binding_K13	-0.24877019	0.08301726	0.32542765
R163K	R163K	163	163	-0.16906616	-0.17588133	-0.11886262	-0.076524265	-0.10196201	-0.093553506	-0.27688482	-0.16439681	-0.14395237	-0.21903907	10	-0.1540123	0.061322864	0.24038564	Binding_K13	-0.09272479	0.036920104	0.14472681
R163L	R163L	163	163	-0.42077142	-0.18108179	-0.44715193	-0.40918443	-0.4589348	-0.4777889	-0.5909463	-0.538267	-0.4949763	-0.48455656	10	-0.45036596	0.10881687	0.42656213	Binding_K13	-0.27114776	0.06551439	0.25681642
R163M	R163M	163	163	-0.6759772	-0.72705084	-0.6528863	-0.48722184	-0.40243724	-0.42329666	-0.5060351	-0.3977969	-0.49047306	-0.5191543	10	-0.52823293	0.117581174	0.46091822	Binding_K13	-0.31802842	0.070791036	0.27750087
R163N	R163N	163	163	-0.34054795	-0.1447444	-0.26141202	-0.43168244	-0.46126658	-0.5020068	-0.5402971	-0.55100566	-0.47289032	-0.38248584	10	-0.40883392	0.12926489	0.5067184	Binding_K13	-0.24614295	0.077825345	0.30507535
R163P	R163P	163	163	0.14529805	-0.24925746	0.33512262	0.16579649	0.7453026	0.47088817	0.23621756	0.46120897	0.40141198	0.17141214	10	0.28834015	0.26412833	1.0353831	Binding_K13	0.17359835	0.15902136	0.62336373
R163Q	R163Q	163	163	-0.6308437	-0.76668644	-0.6869064	-0.85407007	-0.4920468	-0.615564	-0.6017908	-0.74238586	-0.6413335	-0.87914854	10	-0.6910776	0.12004358	0.47057086	Binding_K13	-0.41607085	0.07227356	0.28331235
R163S	R163S	163	163	-0.43011862	-0.4894831	-0.27447128	-0.39821464	-0.46364823	-0.4378966	-0.31330323	-0.36264104	-0.43260038	-0.40183997	10	-0.4004217	0.06678212	0.2617859	Binding_K13	-0.24107829	0.040206905	0.15761107
R163T	R163T	163	163	-0.33368194	-0.34019592	-0.26109675	-0.5146342	-0.42618042	-0.4104914	-0.24581419	-0.24995406	-0.50866693	-0.2629604	10	-0.35536763	0.10443505	0.4093854	Binding_K13	-0.21395299	0.06287627	0.24647498
R163V	R163V	163	163	-0.53587645	-0.5604822	-0.50283337	-0.5751045	-0.55676156	-0.5037043	-0.688937	-0.5840654	-0.47448716	-0.60709536	10	-0.55893475	0.061446458	0.24087012	Binding_K13	-0.3365128	0.036994513	0.14501849
R163W	R163W	163	163	-0.43864697	-0.49940106	-0.47809935	-0.43807083	-0.48265648	-0.6086535	-0.41377187	-0.4536213	-0.40314	-0.45017	10	-0.46662316	0.05821111	0.22818756	Binding_K13	-0.2809356	0.035046637	0.13738282
R163Y	R163Y	163	163	0.07180598	-0.09782452	0.08734247	-0.109182924	-0.21787237	-0.2838126	0.0012832013	0.081138186	-0.004197637	0.072891615	10	-0.039842855	0.13263762	0.5199395	Binding_K13	-0.023987828	0.079855934	0.31303528
R40A	R40A	40	40	-0.14887822	-0.23033437	-0.122893974	-0.13578056	-0.08419218	-0.19018658	-0.15961029	-0.11263255	-0.1553215	-0.20353259	10	-0.15433627	0.044136327	0.1730144	Binding_K13	-0.09291985	0.02657276	0.10416522
R40C	R40C	40	40	-0.18481766	-0.10332836	-0.09876101	-0.07674775	-0.09519994	-0.14394818	-0.11496802	-0.08566022	-0.29578933	-0.07680035	10	-0.12760209	0.06781053	0.26581728	Binding_K13	-0.07682423	0.04082607	0.1600382
R40D	R40D	40	40	-0.17923374	-0.21623692	-0.14818294	-0.17143972	-0.2633798	-0.17713028	-0.25278944	-0.15965036	-0.121976525	-0.18476173	10	-0.18747815	0.044599842	0.17483139	Binding_K13	-0.11287328	0.026851824	0.10525915
R40E	R40E	40	40	-0.355216	-0.43935868	-0.30534735	-0.21133909	-0.18921417	-0.22249739	-0.24028228	-0.21358635	-0.23562701	-0.25106546	10	-0.26635337	0.078095526	0.30613446	Binding_K13	-0.16036096	0.047018267	0.18431161
R40F	R40F	40	40	0.12640545	-0.084730215	-0.029686846	0.07568363	0.03841873	-0.050174184	0.01107698	-0.053558715	-0.08604489	-0.15836504	10	-0.021097511	0.084842145	0.33258122	Binding_K13	-0.012701988	0.051080145	0.20023417
R40G	R40G	40	40	-0.09953323	-0.07202706	-0.12317085	-0.10244965	-0.2290421	-0.1395749	-0.14697495	-0.111457035	-0.15132102	-0.13706538	10	-0.13126162	0.042316716	0.16588153	Binding_K13	-0.0790275	0.025477244	0.09987079
R40H	R40H	40	40	-0.25925246	-0.21320133	-0.3158505	-0.33064523	-0.3290597	-0.28217873	-0.43288022	-0.36434123	-0.46342537	-0.3328299	10	-0.33236647	0.075021125	0.29408282	Binding_K13	-0.20010488	0.045167293	0.17705579
R40I	R40I	40	40	-0.009728031	-0.048419587	-0.027286086	0.070554994	-0.05990366	0.04148113	-0.036901638	-0.040853206	0.00038388718	-0.067829594	10	-0.01785018	0.04461712	0.17489912	Binding_K13	-0.010746896	0.026862226	0.10529993
R40K	R40K	40	40	-0.38036633	-0.3051068	-0.36436677	-0.37545562	-0.260136	-0.30125627	-0.38743222	-0.3371869	-0.33582667	-0.28912356	10	-0.33362573	0.04350529	0.17054074	Binding_K13	-0.20086303	0.026192836	0.10267592
R40L	R40L	40	40	-0.027257778	-0.051209424	-0.044642888	-0.04273355	-0.0033140308	-0.06581563	-0.10202526	-0.05727857	-0.04067177	-0.07930527	10	-0.051425416	0.02731501	0.10707484	Binding_K13	-0.030961236	0.016445301	0.06446558
R40M	R40M	40	40	-0.012045941	-0.23454282	-0.004906488	-0.046780407	-0.00011722617	0.058690283	0.023692807	-0.10037315	-0.053206835	-0.1563717	10	-0.052596144	0.088862024	0.34833914	Binding_K13	-0.031666085	0.053500358	0.2097214
R40N	R40N	40	40	-0.30871826	-0.24704123	-0.27702308	-0.26219717	-0.23012054	-0.2738746	-0.3290389	-0.28798366	-0.325335	-0.38042626	10	-0.29217586	0.044583295	0.17476651	Binding_K13	-0.17590769	0.026841862	0.1052201
R40P	R40P	40	40	-0.5400568	-0.5358593	-0.3865452	-0.32318786	-0.3571185	-0.34999523	-0.3232779	-0.44236258	-0.42258227	-0.41021445	10	-0.40912	0.07885114	0.3090965	Binding_K13	-0.24631518	0.047473196	0.18609492
R40Q	R40Q	40	40	-0.15508631	-0.12192256	-0.1030121	-0.19470152	-0.16936712	-0.16789238	-0.15419161	-0.23166375	-0.12516361	-0.21520251	10	-0.16382036	0.041312166	0.16194369	Binding_K13	-0.09862984	0.024872443	0.097499974
R40S	R40S	40	40	-0.25528562	-0.14136635	-0.29157248	-0.21237196	-0.16880679	-0.20570512	-0.20373785	-0.20076545	-0.24046664	-0.27340403	10	-0.21934824	0.046350446	0.18169375	Binding_K13	-0.13206102	0.027905794	0.10939071
R40T	R40T	40	40	-0.26392147	-0.3135508	-0.19894126	-0.14371857	-0.18662287	-0.1513437	-0.16855222	-0.22227383	-0.23617822	-0.06640121	10	-0.19515042	0.0692036	0.2712781	Binding_K13	-0.11749245	0.041664787	0.16332597
R40V	R40V	40	40	-0.05778239	-0.090208404	-0.20234454	-0.13176419	-0.122042574	-0.13344692	-0.1241486	-0.1029716	-0.12882732	-0.1051442	10	-0.11986806	0.037220366	0.14590384	Binding_K13	-0.07216788	0.02240893	0.08784301
R40W	R40W	40	40	0.19731675	0.16921206	0.030573338	0.14008391	0.11915054	0.1789171	0.15164532	0.24029472	0.20552267	0.19236197	10	0.16250783	0.057951715	0.22717072	Binding_K13	0.09783962	0.034890465	0.13677062
R40Y	R40Y	40	40	-0.08712492	0.06591581	-0.07991554	-0.0044407216	0.008583419	0.035259925	-0.02321806	-0.03861826	-0.056259856	-0.12399138	10	-0.030380959	0.058687735	0.23005593	Binding_K13	-0.01829119	0.035333596	0.1385077
R67A	R67A	67	67	-0.21326339	-0.3346728	-0.19955009	-0.17302501	-0.21387833	-0.3212415	-0.33844164	-0.30115142	-0.36116192	-0.37425944	10	-0.28306454	0.07503529	0.29413834	Binding_K13	-0.17042212	0.04517582	0.17708921
R67C	R67C	67	67	0.0496259	-0.0322524	-0.06598667	0.13555379	-0.036038764	-0.069660984	0.063269444	-0.05723967	-0.0028386535	0.063708596	10	0.004814058	0.06952055	0.27252054	Binding_K13	0.0028983564	0.041855607	0.16407399
R67D	R67D	67	67	-0.13435996	-0.26638326	-0.17614956	-0.32367203	-0.23276724	-0.1770769	-0.072127156	-0.2831054	-0.27688468	-0.26409137	10	-0.22066176	0.07830565	0.30695814	Binding_K13	-0.13285184	0.047144774	0.18480752
R67E	R67E	67	67	-0.32830808	-0.10638115	-0.08935459	-0.38997677	-0.11430499	-0.19021319	-0.30081442	-0.17049906	-0.22964795	-0.2751438	10	-0.21946439	0.102616474	0.40225658	Binding_K13	-0.13213095	0.061781373	0.24218298
R67F	R67F	67	67	0.17974664	0.05102903	0.16550857	0.11631756	0.19712928	0.098757766	0.04812141	0.08242848	0.11440647	0.14134035	10	0.11947856	0.051503543	0.2018939	Binding_K13	0.07193338	0.031008273	0.12155244
R67G	R67G	67	67	-0.4112029	-0.43035308	-0.38592055	-0.30723515	-0.40024087	-0.3996805	-0.2774957	-0.4286627	-0.32961333	-0.3695179	10	-0.37399226	0.05249211	0.20576906	Binding_K13	-0.22516614	0.031603448	0.12388552
R67H	R67H	67	67	-0.22867562	-0.18166633	-0.15790829	-0.23884873	-0.19313532	-0.23144543	-0.24392805	-0.14359856	-0.23239121	-0.27349958	10	-0.2125097	0.041462883	0.1625345	Binding_K13	-0.1279438	0.024963183	0.09785568
R67I	R67I	67	67	0.17183983	-0.18205859	-0.005080204	-0.09700062	0.03533125	0.00943838	-0.07910582	-0.22247921	-0.046281803	-0.028857904	10	-0.044425465	0.111773506	0.43815216	Binding_K13	-0.02674684	0.06729446	0.2637943
R67K	R67K	67	67	-0.13199875	-0.19515577	-0.07949847	0.032264765	-0.24728465	-0.11511472	-0.12409868	-0.09269463	-0.15025654	-0.27786586	10	-0.13817033	0.08828011	0.34605804	Binding_K13	-0.08318696	0.05315001	0.20834804
R67L	R67L	67	67	0.07400984	-0.008725705	0.032203525	0.02989311	0.054756373	0.067004845	0.007907334	0.0804019	0.12697192	-0.0063449903	10	0.045807812	0.043047424	0.1687459	Binding_K13	0.027579095	0.025917174	0.10159533
R67M	R67M	67	67	0.092181765	-0.094307736	0.06297503	-0.08325112	0.19916017	-0.20559295	-0.12455051	0.074870646	-0.033878967	0.058288664	10	-0.0054105	0.12274288	0.4811521	Binding_K13	-0.0032574509	0.073898695	0.2896829
R67N	R67N	67	67	-0.33191183	-0.28271416	-0.28594032	-0.43913206	-0.20968638	-0.1109995	-0.09914588	-0.21502243	-0.36232227	-0.09284062	10	-0.24297154	0.11859853	0.46490625	Binding_K13	-0.14628369	0.07140355	0.27990192
R67P	R67P	67	67	-0.27672508	-0.41593772	-0.39610335	-0.45031333	-0.40021268	-0.4916471	-0.3969084	-0.3519016	-0.44150075	-0.36005715	10	-0.3981307	0.0596307	0.23375234	Binding_K13	-0.23969896	0.035901316	0.14073315
R67Q	R67Q	67	67	-0.18347111	-0.23998919	-0.35715887	-0.29237592	-0.04476612	-0.035583995	-0.19185854	0.051002294	0.055709336	-0.093693145	10	-0.13321854	0.1419679	0.55651414	Binding_K13	-0.08020569	0.08547333	0.33505544
R67S	R67S	67	67	-0.07831629	-0.2322015	-0.20418449	-0.2161712	-0.18581252	-0.20968443	-0.22033489	-0.16917478	-0.12314442	-0.15355673	10	-0.17925812	0.04892529	0.19178715	Binding_K13	-0.10792432	0.029456008	0.115467556
R67T	R67T	67	67	-0.26188272	-0.1022971	-0.32150513	-0.17754969	-0.17069621	-0.19993256	-0.2384296	-0.23347872	-0.2918343	-0.15933365	10	-0.21569398	0.06643585	0.26042855	Binding_K13	-0.12986092	0.039998434	0.15679386
R67V	R67V	67	67	0.0053391764	0.1011536	-0.050011605	0.01755781	-0.0103561655	0.026152095	-0.06861975	0.04782316	0.24906719	-0.117909975	10	0.020019555	0.10153615	0.3980217	Binding_K13	0.012052993	0.061130952	0.23963334
R67W	R67W	67	67	0.10706127	0.108221434	0.24981345	0.2239808	0.28509498	0.31983927	0.250845	0.18904711	0.17792764	0.19603883	10	0.21078697	0.06973318	0.27335408	Binding_K13	0.1269066	0.041983627	0.16457582
R67Y	R67Y	67	67	-0.26704985	-0.4014156	-0.48543796	-0.16614392	-0.20110585	-0.19583032	-0.2564252	-0.36588618	-0.09130978	-0.09938691	10	-0.25299916	0.1300654	0.50985634	Binding_K13	-0.15232092	0.0783073	0.30696464
R72A	R72A	72	72	-0.48193106	-0.5124332	-0.54488456	-0.47181043	-0.37261665	-0.5535571	-0.42715773	-0.44691706	-0.53026843	-0.37907887	10	-0.47206554	0.06518671	0.2555319	Binding_K13	-0.28421223	0.039246373	0.15384579
R72C	R72C	72	72	-0.24315067	-0.3815273	-0.5154933	-0.47551715	-0.4412686	-0.45058283	-0.48689842	-0.28663078	-0.39829743	-0.39277744	10	-0.40721434	0.08704068	0.34119946	Binding_K13	-0.24516787	0.052403796	0.2054229
R72D	R72D	72	72	-0.21404062	-0.29942212	-0.0017269336	-0.04302111	-0.17249957	-0.39354977	-0.38832965	-0.2917096	-0.3247439	-0.18929301	10	-0.23183362	0.13402937	0.52539515	Binding_K13	-0.13957797	0.080693856	0.3163199
R72E	R72E	72	72	-0.5872811	-0.36811993	-0.30834627	-0.56630504	-0.20215864	-0.6094449	-0.3614473	-0.6845775	-0.43921363	-0.5312663	10	-0.46581608	0.15386805	0.60316277	Binding_K13	-0.2804497	0.09263795	0.36314076
R72F	R72F	72	72	-0.09373045	-0.13777353	-0.12755059	0.049080275	-0.11188405	0.078859046	-0.07018728	-0.06332218	-0.095061615	-0.11639978	10	-0.06879701	0.07406682	0.29034194	Binding_K13	-0.041419994	0.044592742	0.17480356
R72G	R72G	72	72	-0.26187778	-0.28532296	-0.4343263	-0.21548612	-0.28263116	-0.30224112	-0.41149616	-0.25753883	-0.32295185	-0.20073721	10	-0.29746094	0.07580042	0.29713765	Binding_K13	-0.17908962	0.045636475	0.17889498
R72H	R72H	72	72	-0.41436434	-0.5008891	-0.35103586	-0.42433923	-0.27894866	-0.3363116	-0.3659182	-0.2957031	-0.26783675	-0.48612043	10	-0.37214676	0.082495585	0.3233827	Binding_K13	-0.22405504	0.049667373	0.19469611
R72I	R72I	72	72	-0.28272602	-0.2355979	-0.2609459	-0.162743	-0.17178644	-0.25337642	-0.38139012	-0.1771611	-0.40975085	-0.38052514	10	-0.2716003	0.091652155	0.35927644	Binding_K13	-0.16351995	0.055180185	0.21630633
R72K	R72K	72	72	-0.35791844	-0.3272998	-0.27567217	-0.22159816	-0.29072604	-0.32875758	-0.2002616	-0.43422186	-0.47879654	-0.37352517	10	-0.32887775	0.08740055	0.34261015	Binding_K13	-0.19800445	0.05262046	0.2062722
R72L	R72L	72	72	-0.23855367	-0.2287539	-0.27862448	-0.3089224	-0.12123118	-0.20246029	-0.09333897	-0.028841116	-0.29692855	-0.24029064	10	-0.20379452	0.09316418	0.36520362	Binding_K13	-0.12269673	0.05609052	0.21987484
R72M	R72M	72	72	-0.08606461	-0.14495894	-0.04616571	-0.020445105	-0.14271663	0.059684776	-0.10106876	-0.08968995	-0.04865151	-0.17483741	10	-0.07949139	0.06904529	0.27065754	Binding_K13	-0.047858663	0.041569475	0.16295235
R72N	R72N	72	72	-0.3188539	-0.50981027	-0.4243948	-0.3139813	-0.3633638	-0.7254034	-0.5413292	-0.45547315	-0.51893896	-0.46815073	10	-0.46396995	0.12237809	0.4797221	Binding_K13	-0.2793382	0.073679075	0.28882197
R72P	R72P	72	72	-0.0476781	-0.04223681	-0.031832445	0.064134575	-0.034800656	0.009801766	-0.068947025	0.1453264	0.04840517	0.058030967	10	0.010020385	0.06755318	0.26480845	Binding_K13	0.0060328823	0.040671133	0.15943085
R72Q	R72Q	72	72	-0.46433198	-0.2909594	-0.37216148	-0.58511317	-0.5293762	-0.46835622	-0.4567535	-0.51417124	-0.3912177	-0.70854795	10	-0.47809893	0.11691485	0.45830622	Binding_K13	-0.28784472	0.07038987	0.2759283
R72S	R72S	72	72	-0.3328812	-0.35831213	-0.2809682	-0.17625138	-0.27846605	-0.3521323	-0.33556923	-0.34619346	-0.29600522	-0.31536263	10	-0.3072142	0.054231428	0.21258721	Binding_K13	-0.18496168	0.032650627	0.12799045
R72T	R72T	72	72	-0.3231004	-0.37543598	-0.39900547	-0.2985963	-0.22722681	-0.27643403	-0.40500584	-0.15975273	-0.19707897	-0.25793496	10	-0.29195717	0.084518515	0.3313126	Binding_K13	-0.17577602	0.050885297	0.19947037
R72V	R72V	72	72	-0.39526376	-0.26006225	-0.32200292	-0.2505732	-0.3977235	-0.22629714	-0.28821117	-0.28469658	-0.38235444	-0.4571508	10	-0.32643357	0.077059716	0.3020741	Binding_K13	-0.1965329	0.046394646	0.18186702
R72W	R72W	72	72	-0.27189514	-0.2634143	-0.15864335	-0.20123538	-0.12798862	-0.25939026	-0.1578152	0.0569346	-0.12566577	-0.18502264	10	-0.1694136	0.096496746	0.37826726	Binding_K13	-0.101997316	0.058096927	0.22773996
R72Y	R72Y	72	72	-0.5027304	-0.6470529	-0.48790562	-0.5178046	-0.27882707	-0.19165438	-0.32474217	-0.41761696	-0.48812047	-0.6611174	10	-0.45175725	0.15144427	0.59366155	Binding_K13	-0.2719854	0.091178685	0.35742044
R96A	R96A	96	96	1.0540293	1.0031867	0.9921205	1.1293955	1.2955751	1.3735921	1.1058781	1.1689925	1.0451974	0.948511	10	1.1116478	0.13600676	0.5331465	Binding_K13	0.66927975	0.08188436	0.32098672
R96C	R96C	96	96	1.3352927	1.3990529	1.298637	1.2785242	1.4085665	1.3347791	1.1810672	1.2688738	1.4454492	1.3082951	10	1.3258537	0.07758174	0.30412042	Binding_K13	0.7982448	0.046708938	0.18309905
R96D	R96D	96	96	2.2490075	2.0352952	2.2741728	3.4046078	2.0724711	2.4139602	2.0992665	2.3761797	2.238971	1.9702991	10	2.3134232	0.41028082	1.6083008	Binding_K13	1.3928218	0.24701408	0.9682952
R96E	R96E	96	96	0.49444035	0.6403982	0.6898868	0.8776917	0.70007515	0.78595775	0.5875056	0.64891684	0.42373922	0.82463515	10	0.66732466	0.14193666	0.5563917	Binding_K13	0.40177014	0.08545452	0.33498174
R96F	R96F	96	96	1.2723459	1.337025	1.2389205	1.4403836	1.2923965	1.231799	1.3897059	1.3200781	1.1058995	1.0655226	10	1.2694077	0.11644221	0.45645347	Binding_K13	0.7642609	0.070105314	0.27481285
R96G	R96G	96	96	0.6798095	0.8040106	0.8339943	0.94230783	1.0146252	0.86143374	0.6043579	0.8077808	0.6737007	0.86231977	10	0.808434	0.12612487	0.4944095	Binding_K13	0.48672655	0.075934865	0.29766467
R96H	R96H	96	96	0.40077502	0.44735703	0.4569373	0.2867738	0.46812546	0.3581883	0.7517669	0.29368475	0.1657563	0.5481744	10	0.41775388	0.16104218	0.63128537	Binding_K13	0.2515133	0.096957214	0.3800723
R96I	R96I	96	96	1.3067952	1.3838202	1.2426876	1.2030828	1.0116565	0.9614448	1.1387968	1.2693619	1.1714607	1.1848195	10	1.1873926	0.12798482	0.5017005	Binding_K13	0.71488273	0.077054664	0.3020543
R96K	R96K	96	96	-0.11611933	0.061045013	-0.0849295	0.11558788	0.009691549	-0.0012758335	-0.060087036	-0.17709307	-0.104097985	-0.24883898	10	-0.060611732	0.109985426	0.43114287	Binding_K13	-0.03649196	0.06621793	0.2595743
R96L	R96L	96	96	1.7296594	1.7452636	1.7618679	1.8457886	1.8522818	1.7300899	1.733209	1.6890512	1.7340783	1.7676677	10	1.7588956	0.052048545	0.2040303	Binding_K13	1.0589625	0.031336397	0.122838676
R96M	R96M	96	96	1.4665934	1.3917812	1.2596318	1.3846157	1.4256387	1.4042959	1.3649251	1.3417861	1.3172725	1.2553654	10	1.3611906	0.06866856	0.26918074	Binding_K13	0.8195197	0.04134266	0.16206323
R96N	R96N	96	96	0.55329126	0.5082731	0.6842858	0.6200275	0.47577268	0.4364974	0.6548586	0.36040232	0.601875	0.21051797	10	0.5105801	0.14622033	0.5731837	Binding_K13	0.30740038	0.08803355	0.34509152
R96P	R96P	96	96	2.7825317	3.3771977	2.7790697	2.7720957	3.3059304	2.6270294	3.5280566	3.18881	2.6351893	2.8520892	10	2.9847999	0.33169073	1.3002276	Binding_K13	1.7970315	0.19969805	0.78281635
R96Q	R96Q	96	96	0.6020427	0.6426832	0.7083182	0.6077501	0.56401634	0.6096151	0.9141341	0.6081136	0.6163652	0.50554395	10	0.6378582	0.10985321	0.43062457	Binding_K13	0.38402954	0.06613833	0.25926223
R96S	R96S	96	96	0.60690355	0.66123164	0.70037395	0.7261438	0.5776891	0.6584983	0.5682545	0.62477124	0.5720944	0.52707547	10	0.6223036	0.0636375	0.24945901	Binding_K13	0.37466472	0.038313657	0.15018953
R96T	R96T	96	96	0.79650396	0.8242786	0.7863765	0.8163348	0.96717674	1.054976	0.8950996	0.8752373	0.9854859	0.9717266	10	0.8973196	0.09303734	0.36470637	Binding_K13	0.5402411	0.05601415	0.21957548
R96V	R96V	96	96	1.4224072	1.5122181	1.5073893	1.5890259	1.2975384	1.4132819	1.2817459	1.3891954	1.4921472	1.318628	10	1.4223578	0.10287405	0.40326628	Binding_K13	0.85634613	0.06193645	0.2427909
R96W	R96W	96	96	0.90960085	0.91570055	1.0368179	1.0774742	0.9982982	0.8716929	0.7283867	0.7942537	0.87019897	0.9407391	10	0.9143163	0.106536575	0.41762337	Binding_K13	0.55047417	0.06414151	0.25143474
R96Y	R96Y	96	96	0.3889265	0.39020926	0.4723206	0.50631696	0.30567366	0.61504394	0.56725925	0.27285352	0.43391252	0.4375129	10	0.43900293	0.10717602	0.42013	Binding_K13	0.26430655	0.0645265	0.25294387
S105A	S105A	105	105	-0.3416482	-0.54531884	-0.5239343	-0.24088381	-0.214875	-0.061920475	-0.2911629	-0.235078	-0.384403	-0.3619021	10	-0.32011265	0.14555977	0.5705943	Binding_K13	-0.19272733	0.08763586	0.3435326
S105C	S105C	105	105	-0.300416	-0.297312	-0.19176747	-0.43799973	-0.24721399	-0.25719267	-0.15554643	-0.119589046	-0.19139747	-0.2088991	10	-0.24073339	0.09053419	0.354894	Binding_K13	-0.14493617	0.054507103	0.21366784
S105D	S105D	105	105	-0.006091591	-0.17626905	-0.091836244	0.1629785	0.009697766	0.20892814	-0.07439795	-0.0894114	-0.111094594	-0.016626615	10	-0.018412305	0.12138394	0.47582507	Binding_K13	-0.0110853305	0.07308053	0.2864757
S105E	S105E	105	105	-0.18416376	-0.18981221	-0.18695107	-0.24104518	-0.30605364	-0.27916294	-0.33974284	-0.29876095	-0.345138	-0.13232768	10	-0.25031582	0.07403696	0.2902249	Binding_K13	-0.15070538	0.044574767	0.17473309
S105F	S105F	105	105	-0.018026	0.10742518	-0.061720442	-0.091389	-0.041948516	0.07461834	-0.010615808	-0.042903308	-0.10557637	0.026523981	10	-0.016361196	0.06870261	0.26931423	Binding_K13	-0.009850438	0.04136316	0.16214359
S105G	S105G	105	105	-0.24239616	-0.21297917	-0.1670081	-0.143979	-0.18521349	-0.25294393	-0.1723993	-0.10431906	-0.12718566	-0.13023275	10	-0.17386568	0.049967118	0.1958711	Binding_K13	-0.10467774	0.030083252	0.11792635
S105H	S105H	105	105	0.038464244	-0.16310121	-0.064536385	0.026950447	0.10016094	-0.044965904	0.016882254	0.03476359	-0.22378165	-0.27235684	10	-0.055152047	0.124881916	0.48953712	Binding_K13	-0.033204895	0.07518653	0.2947312
S105I	S105I	105	105	-0.40551296	-0.30391556	-0.10599529	-0.26173538	-0.5680583	-0.32684588	-0.12801936	-0.3098603	-0.24892537	-0.15344413	10	-0.28123125	0.13867044	0.54358816	Binding_K13	-0.16931836	0.08348806	0.32727322
S105K	S105K	105	105	-0.11122332	0.06607195	-0.08741904	-0.07058264	-0.05921811	-0.08017674	-0.30445936	-0.24940948	-0.16680649	0.04942116	10	-0.10138021	0.11627707	0.4558061	Binding_K13	-0.061037067	0.070005886	0.2744231
S105L	S105L	105	105	-0.3215256	-0.39161813	-0.3520626	-0.37102038	-0.34087235	-0.35012656	-0.30156675	-0.3025038	-0.35448703	-0.3612595	10	-0.34470424	0.02894522	0.113465264	Binding_K13	-0.20753297	0.017426787	0.068313
S105M	S105M	105	105	-0.33756083	-0.26188678	-0.505017	-0.35719246	-0.26420373	-0.29806176	-0.31125933	-0.26426747	-0.18333174	-0.26996696	10	-0.3052748	0.08504268	0.33336732	Binding_K13	-0.18379405	0.051200878	0.20070745
S105N	S105N	105	105	-0.043122433	-0.20846497	-0.06217562	-0.07658154	0.05118419	-0.11938997	0.057389416	0.030566934	0.12067024	-0.0694227	10	-0.031934645	0.09737214	0.3816988	Binding_K13	-0.019226603	0.058623962	0.22980593
S105P	S105P	105	105	0.1531273	0.058117926	0.29135802	0.3366636	0.16556506	0.13121675	0.016060835	0.08264232	0.038423497	0.26734734	10	0.15405227	0.1117561	0.43808392	Binding_K13	0.09274886	0.06728399	0.26375324
S105Q	S105Q	105	105	-0.3641688	-0.41525382	-0.112027265	-0.21078023	-0.21639954	-0.31104797	-0.39522946	-0.15493342	-0.51771146	-0.23765716	10	-0.2935209	0.12857518	0.5040147	Binding_K13	-0.17671748	0.077410094	0.30344757
S105R	S105R	105	105	-0.16669305	-0.38084683	-0.43243447	-0.3010974	-0.13418435	-0.24365252	-0.2355083	-0.29562905	-0.35798243	-0.22673672	10	-0.2774765	0.09448786	0.3703924	Binding_K13	-0.16705777	0.056887455	0.22299883
S105T	S105T	105	105	-0.11959144	-0.34048837	-0.09712192	-0.05901598	-0.08841731	-0.09189033	-0.15017925	-0.2937618	-0.28116706	-0.17513682	10	-0.16967702	0.10004784	0.39218754	Binding_K13	-0.10215591	0.0602349	0.23612082
S105V	S105V	105	105	-0.35117278	-0.37409756	-0.36173263	-0.40032762	-0.29583412	-0.31264025	-0.4225478	-0.42884904	-0.35334474	-0.39066768	10	-0.3691214	0.04355252	0.17072588	Binding_K13	-0.2222336	0.026221273	0.10278739
S105W	S105W	105	105	-0.40122804	-0.25681582	-0.20382148	-0.27870584	-0.27300584	-0.32671738	-0.32481906	-0.29965872	-0.3063817	-0.25790638	10	-0.29290602	0.052897908	0.2073598	Binding_K13	-0.17634729	0.031847768	0.124843255
S105Y	S105Y	105	105	-0.04727461	-0.22474425	-0.02369791	-0.123744614	0.012819949	-0.10828247	0.025444113	-0.09344723	-0.21459937	0.0041834726	10	-0.07933429	0.09007374	0.35308906	Binding_K13	-0.047764078	0.054229885	0.21258116
S121A	S121A	121	121	-0.22720994	-0.10282366	-0.060420867	-0.18611728	-0.28831464	-0.36116278	-0.23393026	-0.17480728	-0.12830214	-0.21629928	10	-0.1979388	0.088682525	0.3476355	Binding_K13	-0.119171225	0.053392287	0.20929778
S121C	S121C	121	121	-0.15195277	-0.20354462	-0.14579599	-0.0871546	-0.15744616	-0.039273467	-0.14646153	-0.19370066	-0.13765223	-0.14772598	10	-0.1410708	0.04765206	0.18679607	Binding_K13	-0.08493322	0.028689444	0.112462625
S121D	S121D	121	121	-0.40126464	-0.41767922	-0.21454467	-0.26016358	-0.21851294	-0.18232988	-0.38136598	-0.2579168	-0.3541736	-0.07445994	10	-0.27624112	0.11056851	0.43342856	Binding_K13	-0.166314	0.066568986	0.26095042
S121E	S121E	121	121	-0.41613698	-0.3618821	-0.2376285	-0.1434545	-0.33306152	-0.35838318	-0.20411587	-0.19510926	-0.27051002	-0.42493552	10	-0.29452175	0.098087154	0.38450167	Binding_K13	-0.17732005	0.05905445	0.23149344
S121F	S121F	121	121	-0.043199033	-0.06720022	-0.25386956	-0.023961885	-0.06759345	-0.0271904	-0.13331698	-0.19495036	-0.03430439	-0.22239344	10	-0.10679797	0.087604396	0.34340924	Binding_K13	-0.06429889	0.05274319	0.2067533
S121G	S121G	121	121	-0.067436144	-0.16888681	-0.39433947	-0.1383485	-0.109342426	-0.22249746	-0.20796567	-0.0059157647	-0.064662665	-0.15095972	10	-0.15303546	0.10813134	0.42387486	Binding_K13	-0.09213668	0.06510166	0.2551985
S121H	S121H	121	121	-0.20148256	-0.10298472	-0.24157478	-0.16632155	0.04753049	-0.13350001	-0.5363845	-0.1971051	-0.28766257	-0.1921263	10	-0.20116115	0.14864822	0.582701	Binding_K13	-0.121111274	0.089495294	0.35082155
S121I	S121I	121	121	-0.20556039	-0.1868991	-0.1851591	-0.08808608	-0.03685534	-0.04994171	-0.042574815	-0.15782197	-0.09286497	-0.2285793	10	-0.12743428	0.07324216	0.28710926	Binding_K13	-0.07672321	0.044096246	0.17285728
S121K	S121K	121	121	-0.49113196	-0.2822413	-0.46754497	-0.168552	-0.24237214	-0.25001895	-0.21942611	-0.18153024	-0.2507773	-0.2532868	10	-0.28068817	0.110261574	0.43222538	Binding_K13	-0.16899139	0.06638419	0.260226
S121L	S121L	121	121	-0.3101215	-0.2036993	-0.15698752	-0.14015903	0.010173005	0.010933195	-0.22958688	-0.21924861	-0.21402161	-0.13653305	10	-0.15892513	0.102651544	0.40239406	Binding_K13	-0.09568262	0.061802488	0.24226576
S121M	S121M	121	121	-0.25670046	-0.63492167	-0.46589607	-0.45494434	-0.2061244	-0.03055123	-0.16386503	-0.24761389	-0.53001827	-0.46164742	10	-0.34522828	0.19056968	0.7470332	Binding_K13	-0.20784847	0.11473457	0.4497595
S121N	S121N	121	121	-0.29351407	-0.4484623	-0.3698926	-0.23499765	-0.11137689	-0.37943915	-0.105031505	-0.08947018	-0.3216643	-0.4763381	10	-0.28301868	0.14302254	0.5606484	Binding_K13	-0.1703945	0.08610829	0.3375445
S121P	S121P	121	121	-0.15600152	0.13512473	0.15598387	0.30855203	0.17317073	0.24910404	0.06599673	0.1533777	0.16461304	0.12622568	10	0.1376147	0.12279341	0.48135018	Binding_K13	0.08285244	0.07392912	0.28980216
S121Q	S121Q	121	121	-0.2976368	-0.6237212	-1.1341609	-0.90157264	-0.6394644	-0.36124155	-0.5733648	-0.6892076	-0.73501724	-0.5709415	10	-0.65263283	0.24195096	0.94844776	Binding_K13	-0.39292476	0.14566924	0.5710234
S121R	S121R	121	121	-0.2712469	-0.2973847	-0.17577504	-0.38158774	-0.20262079	-0.19883545	-0.118369594	-0.089697465	-0.30407107	-0.30348718	10	-0.23430762	0.09233365	0.36194792	Binding_K13	-0.14106748	0.055590488	0.21791472
S121T	S121T	121	121	-0.3368292	-0.427392	-0.122323416	-0.2788883	-0.30023783	-0.43634507	-0.39038906	-0.43190843	-0.34997773	-0.10018649	10	-0.31744775	0.1216273	0.47677904	Binding_K13	-0.1911229	0.07322705	0.28705004
S121V	S121V	121	121	-0.23794712	-0.25542414	-0.2422629	-0.2967539	-0.12681477	-0.13163632	-0.22593018	-0.089903645	-0.23362254	-0.22353339	10	-0.2063829	0.066465884	0.26054627	Binding_K13	-0.12425509	0.040016513	0.15686473
S121W	S121W	121	121	-0.1497145	-0.29801375	-0.35925514	-0.15551582	-0.15820964	-0.13085859	-0.26055813	-0.042823058	-0.23388344	-0.28540415	10	-0.20742364	0.09560687	0.37477896	Binding_K13	-0.12488168	0.057561167	0.22563978
S121Y	S121Y	121	121	-0.2761111	-0.46099758	-0.37714908	-0.23482697	-0.3946869	-0.3444051	-0.31773475	-0.25120193	-0.15303342	-0.28738353	10	-0.30975306	0.088901155	0.34849253	Binding_K13	-0.18649022	0.053523917	0.20981376
S135A	S135A	135	135	-0.56977695	-0.21486111	-0.6071608	-0.47290555	-0.52449745	-0.4357236	-0.6156393	-0.45824164	-0.5061745	-0.6020163	10	-0.5006997	0.11957281	0.4687254	Binding_K13	-0.30145174	0.071990125	0.2822013
S135C	S135C	135	135	-0.23931378	-0.30300808	-0.37447476	-0.4773764	-0.4607884	-0.48313078	-0.46379703	-0.3654392	-0.21870966	-0.44855914	10	-0.38345972	0.10012491	0.39248964	Binding_K13	-0.23086613	0.060281303	0.23630272
S135D	S135D	135	135	-0.3979073	-0.06375301	-0.22786486	0.010569956	-0.267196	-0.09056306	0.013707654	-0.09504219	-0.20828032	-0.040929336	10	-0.13672584	0.13389938	0.52488554	Binding_K13	-0.08231729	0.08061559	0.3160131
S135E	S135E	135	135	0.9658479	1.1435658	1.0127914	1.1963267	1.0204318	1.2319131	1.0131232	1.0622704	0.9606566	1.0740179	10	1.0680945	0.093923286	0.3681793	Binding_K13	0.643058	0.056547545	0.22166638
S135F	S135F	135	135	-0.409328	-0.3396601	-0.47241974	-0.3442009	-0.49294955	-0.4520583	-0.5281076	-0.3774972	-0.54510164	-0.42267233	10	-0.43839955	0.07240086	0.2838114	Binding_K13	-0.26394325	0.043589734	0.17087176
S135G	S135G	135	135	-0.5003999	-0.35725835	-0.44058692	-0.45107555	-0.54354537	-0.4214553	-0.4690562	-0.59885275	-0.50502026	-0.4672317	10	-0.47544822	0.06680384	0.26187107	Binding_K13	-0.28624883	0.040219985	0.15766235
S135H	S135H	135	135	-0.27972314	-0.5576928	-0.43419355	-0.4520498	-0.44223368	-0.35090566	-0.4501656	-0.5081749	-0.35729092	-0.43900526	10	-0.4271435	0.08000141	0.31360552	Binding_K13	-0.25716645	0.048165724	0.18880963
S135I	S135I	135	135	-0.3228933	-0.24120902	-0.28377086	-0.47477472	-0.30857927	-0.182953	-0.22926779	-0.36583075	-0.46658033	-0.11286981	10	-0.2988729	0.11578448	0.45387518	Binding_K13	-0.1799397	0.069709316	0.27326053
S135K	S135K	135	135	-0.15770924	-0.112324625	-0.15928507	-0.21750174	-0.18457446	-0.3956018	-0.08793638	-0.07973965	-0.24524082	-0.17878474	10	-0.18186983	0.09199524	0.36062133	Binding_K13	-0.10949673	0.055386744	0.21711604
S135L	S135L	135	135	-0.7268845	-0.6054031	-0.619032	-0.5759622	-0.6032464	-0.5762686	-0.5872389	-0.5683698	-0.6001594	-0.6971517	10	-0.6159716	0.053430613	0.20944801	Binding_K13	-0.37085247	0.032168485	0.12610047
S135M	S135M	135	135	-0.82193655	-0.69470716	-0.7632696	-0.9251683	-0.7164928	-0.72905767	-0.81565034	-0.6118425	-0.7489958	-0.6515964	10	-0.74787176	0.09048629	0.35470626	Binding_K13	-0.4502644	0.05447826	0.21355478
S135N	S135N	135	135	-0.51660913	-0.13088612	-0.35742882	-0.53203213	-0.31772465	-0.17712583	-0.31828383	-0.34820247	-0.28014293	-0.21868834	10	-0.3197124	0.13074407	0.51251674	Binding_K13	-0.19248636	0.078715906	0.30856636
S135P	S135P	135	135	-0.4983868	-0.46741325	0.034589943	-0.10797726	0.166442	-0.3081089	-0.40734863	-0.20013963	0.009574109	0.47886688	10	-0.12999018	0.31069344	1.2179183	Binding_K13	-0.07826201	0.18705639	0.73326105
S135Q	S135Q	135	135	-0.11480248	-0.21882184	-0.1757468	-0.5342907	-0.31022483	-0.31573606	-0.2524442	-0.19053057	-0.111105435	-0.3015982	10	-0.2525301	0.124260515	0.48710123	Binding_K13	-0.15203851	0.074812405	0.29326463
S135R	S135R	135	135	-0.25118276	-0.42406654	-0.35802197	-0.3384874	-0.2193899	-0.18468666	-0.2978872	-0.27051008	-0.13863015	-0.30365893	10	-0.27865216	0.08484564	0.3325949	Binding_K13	-0.16776559	0.05108225	0.20024243
S135T	S135T	135	135	-0.4596935	-0.44870922	-0.53991884	-0.6372705	-0.74396396	-0.86066663	-0.50072604	-0.39591163	-0.4061485	-0.55992144	10	-0.555293	0.15163967	0.5944275	Binding_K13	-0.33432025	0.09129633	0.35788164
S135V	S135V	135	135	-0.34884754	-0.39033586	-0.23933965	-0.37627113	-0.45703188	-0.40155658	-0.18262292	-0.2820073	-0.31051382	-0.44427198	10	-0.34327987	0.0890137	0.34893373	Binding_K13	-0.20667541	0.053591676	0.21007937
S135W	S135W	135	135	-0.75089526	-0.6826208	-0.5093914	-0.91695386	-0.5983685	-0.7878688	-0.328113	-0.6718722	-0.7247996	-0.5522839	10	-0.65231675	0.16436143	0.6442968	Binding_K13	-0.39273447	0.0989556	0.38790596
S135Y	S135Y	135	135	-0.22174281	-0.3470293	-0.45348188	-0.3614968	-0.29192862	-0.31089553	-0.22083075	-0.26117584	-0.4242861	-0.2146575	10	-0.31075254	0.08511929	0.33366764	Binding_K13	-0.18709198	0.051247004	0.20088826
S144A	S144A	144	144	-1.5306308	-1.4904238	-1.4578323	-1.5430076	-1.5178595	-1.490316	-1.5518507	-1.5669228	-1.5390333	-1.5443425	10	-1.523222	0.033886876	0.13283655	Binding_K13	-0.9170725	0.020401966	0.07997571
S144C	S144C	144	144	-1.893343	-1.8765218	-1.8475682	-1.8792295	-1.9160796	-1.8812358	-1.9121648	-1.9643781	-1.9080673	-1.9359212	10	-1.9014509	0.03335597	0.13075541	Binding_K13	-1.1447893	0.020082328	0.07872273
S144D	S144D	144	144	-0.80833834	-0.77270955	-0.7711494	-0.8152679	-0.80510837	-0.82500803	-0.8283234	-0.85052586	-0.81037706	-0.8411274	10	-0.81279355	0.025924549	0.101624236	Binding_K13	-0.48935127	0.015608159	0.061183985
S144E	S144E	144	144	-1.2943794	-1.2587413	-1.2162234	-1.3181511	-1.2738447	-1.3085027	-1.341537	-1.3804713	-1.332868	-1.319024	10	-1.3043742	0.046296258	0.18148133	Binding_K13	-0.78531283	0.02787317	0.109262824
S144F	S144F	144	144	-0.33760217	-0.2766236	-0.2656632	-0.29060522	-0.30085164	-0.3049896	-0.3522744	-0.40613887	-0.35012013	-0.3103756	10	-0.31952444	0.042241357	0.16558613	Binding_K13	-0.19237319	0.025431873	0.09969295
S144G	S144G	144	144	-0.8437201	-0.79620904	-0.782497	-0.837833	-0.818109	-0.82030547	-0.86189336	-0.8975091	-0.8563084	-0.8581129	10	-0.83724976	0.034017783	0.13334972	Binding_K13	-0.5040754	0.02048078	0.08028466
S144H	S144H	144	144	-0.63114125	-0.56977594	-0.58919036	-0.6277168	-0.62268233	-0.6023862	-0.6508197	-0.676628	-0.6568119	-0.62079	10	-0.62479424	0.03206813	0.12570707	Binding_K13	-0.37616423	0.019306969	0.07568332
S144I	S144I	144	144	-1.3349093	-1.2605367	-1.2049438	-1.2990022	-1.3174542	-1.3091283	-1.2878488	-1.3639452	-1.3277414	-1.3123419	10	-1.3017852	0.043877807	0.172001	Binding_K13	-0.7837541	0.026417116	0.1035551
S144K	S144K	144	144	-1.5182041	-1.4840529	-1.4204838	-1.4948257	-1.4818753	-1.4840838	-1.4716169	-1.5457525	-1.5487602	-1.4920607	10	-1.4941715	0.03729299	0.14618853	Binding_K13	-0.8995823	0.022452654	0.08801441
S144L	S144L	144	144	-0.9598179	-0.89057726	-0.8694544	-0.942331	-0.92104936	-0.93280715	-0.9530172	-1.0380108	-0.9645585	-0.9369614	10	-0.9408585	0.045471467	0.17824815	Binding_K13	-0.5664542	0.027376596	0.107316256
S144M	S144M	144	144	-1.3137722	-1.2226908	-1.2205591	-1.3027942	-1.3092939	-1.3075615	-1.2990395	-1.3544719	-1.3097924	-1.2973597	10	-1.2937335	0.04124033	0.1616621	Binding_K13	-0.77890646	0.024829194	0.09733044
S144N	S144N	144	144	-0.68421364	-0.62240535	-0.6262777	-0.6688622	-0.6742994	-0.639043	-0.70662516	-0.7311358	-0.70168555	-0.7231141	10	-0.6777662	0.038955767	0.15270661	Binding_K13	-0.4080566	0.023453746	0.09193869
S144P	S144P	144	144	-0.9658882	-0.9469002	-0.8048324	-1.0116345	-0.9909551	-0.96086293	-0.8723756	-1.0383697	-0.99110097	-0.83858377	10	-0.9421503	0.077639654	0.30434746	Binding_K13	-0.56723195	0.046743806	0.18323572
S144Q	S144Q	144	144	-1.5477986	-1.5302639	-1.5068551	-1.552496	-1.5792252	-1.5964614	-1.5596282	-1.6538234	-1.6040461	-1.5536548	10	-1.5684253	0.04174828	0.16365327	Binding_K13	-0.94428766	0.02513501	0.09852924
S144R	S144R	144	144	-1.3188474	-1.2859206	-1.2437861	-1.3358405	-1.3277293	-1.3563385	-1.3569278	-1.3949143	-1.3227798	-1.308063	10	-1.3251146	0.04145528	0.1625047	Binding_K13	-0.79779977	0.024958607	0.09783774
S144T	S144T	144	144	-1.6377555	-1.6004609	-1.5803179	-1.6753554	-1.6631317	-1.660608	-1.6655302	-1.7291521	-1.6965127	-1.6959037	10	-1.6604729	0.044805188	0.17563634	Binding_K13	-0.9997059	0.026975455	0.10574379
S144V	S144V	144	144	-1.3853544	-1.3586186	-1.3020124	-1.3779049	-1.3594898	-1.402525	-1.3958163	-1.4602714	-1.4360565	-1.4310318	10	-1.390908	0.045644373	0.17892595	Binding_K13	-0.8374114	0.027480695	0.10772433
S144W	S144W	144	144	-0.76931083	-0.7147191	-0.68026674	-0.75436836	-0.76035535	-0.7419996	-0.7952917	-0.8521144	-0.77640915	-0.7718528	10	-0.7616688	0.045901783	0.179935	Binding_K13	-0.45857105	0.027635671	0.10833184
S144Y	S144Y	144	144	-0.31934884	-0.2650567	-0.24969426	-0.31384563	-0.30275577	-0.30932385	-0.35211623	-0.39850685	-0.32853857	-0.3196498	10	-0.31588367	0.041512612	0.16272944	Binding_K13	-0.19018123	0.024993123	0.09797305
S16A	S16A	16	16	-0.11615696	-0.26329333	-0.35695773	-0.53964233	-0.2873256	-1.5045947	-1.7312438	-0.4720188	-0.5764233	-0.3771309	10	-0.6224788	0.54441714	2.1341152	Binding_K13	-0.3747702	0.32777232	1.2848675
S16C	S16C	16	16	0.0032057748	-0.32133293	-0.0606907	0.042018194	-0.080611035	0.07503511	0.14150171	0.15601197	-0.3120225	-0.41938317	10	-0.07762676	0.20498945	0.80355865	Binding_K13	-0.046736043	0.12341615	0.48379132
S16D	S16D	16	16	-0.21206965	-0.2872852	-0.38335103	-0.2431235	-0.50274247	-1.6465472	-0.2902796	-0.63334656	-0.15494442	-0.5146045	10	-0.48682943	0.43482155	1.7045004	Binding_K13	-0.293101	0.26178908	1.0262132
S16E	S16E	16	16	-1.6029729	-0.017021958	-1.7672623	0.056735117	-0.98865336	-0.78890204	-1.6006327	-0.45877	-1.2373412	-0.7216716	10	-0.91264933	0.6490231	2.5441706	Binding_K13	-0.54947054	0.39075148	1.5317458
S16F	S16F	16	16	-0.7375723	-0.4675291	-0.23874821	0.033150777	-0.8822708	-0.07738699	-0.91249394	-1.2341053	-0.12418792	-0.8387224	10	-0.5479866	0.431629	1.6919857	Binding_K13	-0.32992136	0.25986698	1.0186785
S16G	S16G	16	16	-0.36974227	-0.34399948	-0.23078819	-0.32724053	-0.34466812	-0.22976416	-0.01649882	-0.18900804	-0.22541411	-0.31847814	10	-0.25956017	0.10619867	0.41629878	Binding_K13	-0.15627104	0.063938074	0.25063726
S16H	S16H	16	16	-0.61948895	-1.2342502	-1.8621024	-0.21888632	-1.7135233	-0.42284676	-0.718482	-0.21730642	-0.91738	-0.702127	10	-0.86263925	0.5767706	2.2609408	Binding_K13	-0.51936144	0.34725106	1.3612242
S16I	S16I	16	16	-0.16275118	-0.20684579	-0.35397357	-0.02579983	-0.118805334	-0.21674708	0.0030822854	-0.2652974	-0.26066062	-0.012972531	10	-0.1620771	0.12117234	0.47499558	Binding_K13	-0.0975803	0.072953135	0.2859763
S16K	S16K	16	16	-0.8200389	0.024973135	-0.43509853	-0.38867462	-0.2287617	0.251666	-0.029301547	-0.8720653	-0.7308499	-1.3569467	10	-0.45850983	0.49030873	1.9220103	Binding_K13	-0.27605087	0.29519576	1.1571674
S16L	S16L	16	16	-0.9223594	-0.54459107	-0.1880544	-0.014033276	-0.33648476	-0.06692173	-0.0032764787	-0.0057309186	-0.07409175	-1.0974079	10	-0.32529515	0.40169862	1.5746586	Binding_K13	-0.19584751	0.24184707	0.94804054
S16M	S16M	16	16	-0.55790114	0.05985463	-1.5293591	-1.372043	-1.4720203	-1.0887522	-0.1585448	-0.6071269	-0.66049653	-0.37996385	10	-0.7766353	0.5608769	2.1986375	Binding_K13	-0.4675818	0.3376821	1.3237139
S16N	S16N	16	16	-0.30910203	-0.32261837	-0.3157683	-0.30319175	-0.3260652	-0.2989669	-0.30828696	-0.29701474	-0.28892794	-0.29911804	10	-0.30690604	0.011821583	0.046340607	Binding_K13	-0.18477616	0.007117314	0.02789987
S16P	S16P	16	16	-0.5728892	-0.62263924	-0.6545888	-0.3731647	-0.37247205	-0.65429866	-0.4125607	-0.49128917	-0.6509804	-0.52598053	10	-0.53308636	0.115784325	0.45387456	Binding_K13	-0.32095048	0.06970923	0.27326018
S16Q	S16Q	16	16	0.07558478	-0.3494919	0.23797342	0.10215009	0.0063742194	-2.2425663	-2.2211857	-1.651832	0.11087487	0.09082001	10	-0.5841299	1.0271183	4.026304	Binding_K13	-0.35168183	0.6183879	2.4240806
S16R	S16R	16	16	-0.21903728	-0.10700156	-0.24277814	-0.22378016	-0.09356662	-0.15181562	-0.16216882	0.009123639	-0.1610536	-0.11001821	10	-0.14620964	0.07520328	0.29479685	Binding_K13	-0.08802712	0.04527696	0.17748567
S16T	S16T	16	16	-0.2662274	-0.018937007	-0.11835552	-0.08299572	-0.09261497	-0.14819854	-0.21498641	-0.018875338	-0.31333068	-0.23048438	10	-0.1505006	0.10222122	0.4007072	Binding_K13	-0.090610534	0.06154341	0.24125017
S16V	S16V	16	16	-0.5021972	-0.8801135	-0.42461345	-0.9662982	-1.4665202	-0.45029607	-1.4432241	-0.35387704	-1.5009342	-0.54299444	10	-0.8531068	0.46810934	1.8349886	Binding_K13	-0.5136223	0.28183037	1.1047751
S16W	S16W	16	16	-0.3384732	-0.9502732	-0.97639793	-0.11493762	0.03095411	0.23707275	-1.2027848	-0.10190913	-0.17643322	-0.15319271	10	-0.3746375	0.4887	1.915704	Binding_K13	-0.22555463	0.2942272	1.1533707
S16Y	S16Y	16	16	0.07784394	-1.0241778	-0.9368916	-0.84794396	-1.194496	-0.2322343	0.102738224	-1.6538031	-1.231461	-1.3060714	10	-0.8246497	0.60552967	2.3736763	Binding_K13	-0.4964894	0.3645658	1.4290979
S170A	S170A	170	170	-0.3051263	-0.32313582	-0.25925422	-0.29995617	-0.34467328	-0.11123463	-0.24581948	-0.28995296	-0.36878002	-0.39187503	10	-0.2939808	0.07866646	0.30837256	Binding_K13	-0.17699437	0.047362007	0.18565907
S170C	S170C	170	170	-0.13387918	-0.14455046	-0.23529807	-0.26162672	-0.18296185	-0.22653672	-0.20180708	-0.22927861	-0.15713474	-0.10836768	10	-0.18814412	0.050743043	0.19891274	Binding_K13	-0.11327423	0.030550405	0.11975759
S170D	S170D	170	170	-0.3601402	-0.4500377	-0.2737446	-0.33752316	-0.32486424	-0.20906742	-0.30149508	-0.41813377	-0.5588303	-0.3953361	10	-0.36291727	0.098638825	0.3866642	Binding_K13	-0.21849833	0.05938659	0.23279543
S170E	S170E	170	170	-0.35995337	-0.51610225	-0.5114961	-0.22038761	-0.22849494	-0.27509093	-0.4232606	-0.44040105	-0.4372179	-0.5496756	10	-0.39620805	0.12046631	0.47222793	Binding_K13	-0.23854141	0.072528064	0.28431
S170F	S170F	170	170	-0.19249848	-0.09891552	-0.095419094	-0.1317854	-0.038362846	-0.16133387	-0.09787582	-0.2765891	-0.05229357	-0.12138513	10	-0.12664588	0.06989741	0.27399787	Binding_K13	-0.07624854	0.042082503	0.16496341
S170G	S170G	170	170	-0.47808608	-0.48759818	-0.48136628	-0.49168625	-0.40052748	-0.35827115	-0.5184206	-0.4140973	-0.46746674	-0.43018922	10	-0.4527709	0.049863037	0.1954631	Binding_K13	-0.27259567	0.030020589	0.11768071
S170H	S170H	170	170	-0.4517495	-0.24497974	-0.19713758	-0.2194122	-0.57963336	-0.3968947	-0.3105428	-0.5199469	-0.4076844	-0.2504417	10	-0.35784227	0.13324833	0.52233344	Binding_K13	-0.21544287	0.08022362	0.3144766
S170I	S170I	170	170	-0.19240724	-0.05005848	-0.20324573	-0.17650066	0.036000885	-0.23391025	-0.04016476	-0.123855405	-0.14039193	-0.00069894816	10	-0.11252324	0.0931228	0.3650414	Binding_K13	-0.06774585	0.056065604	0.21977717
S170K	S170K	170	170	-0.29017314	-0.13226043	-0.1904665	-0.14735967	-0.27737468	-0.28362268	-0.059274334	-0.15287258	-0.052034616	-0.36490268	10	-0.19503412	0.10510634	0.41201687	Binding_K13	-0.11742243	0.063280426	0.24805927
S170L	S170L	170	170	-0.44380888	-0.25790718	-0.30459443	-0.28897232	-0.29516208	-0.15529393	-0.3111281	-0.20555498	-0.31350324	-0.32226363	10	-0.2898189	0.076189764	0.29866388	Binding_K13	-0.17448866	0.045870885	0.17981388
S170M	S170M	170	170	-0.5930691	-0.20311707	-0.48483488	-0.169225	-0.33778307	-0.39267743	-0.31111753	-0.22985767	-0.3700582	-0.47303632	10	-0.35647765	0.13521774	0.53005356	Binding_K13	-0.21462128	0.08140933	0.31912458
S170N	S170N	170	170	-0.37657803	-0.2562943	-0.120410964	-0.14368404	-0.19945286	-0.076596074	-0.15018693	-0.267825	-0.14811073	-0.2741831	10	-0.20133221	0.0908864	0.3562747	Binding_K13	-0.12121427	0.054719154	0.21449909
S170P	S170P	170	170	-0.29229325	-0.34588078	-0.17784697	-0.25755692	-0.44325238	-0.4428667	-0.3183015	-0.29150763	-0.14249958	-0.18956399	10	-0.290157	0.103419356	0.40540388	Binding_K13	-0.1746922	0.06226476	0.24407786
S170Q	S170Q	170	170	-0.53715813	-0.4310015	-0.47975865	-0.4172853	-0.32527378	-0.28970566	-0.41413876	-0.721919	-0.43739855	-0.5350873	10	-0.45887265	0.121564604	0.47653326	Binding_K13	-0.27626932	0.0731893	0.28690207
S170R	S170R	170	170	-0.5548121	-0.2919376	-0.22819965	-0.2386358	-0.2559957	-0.28454027	-0.31971082	-0.23506498	-0.2690227	-0.30740643	10	-0.2985326	0.09527062	0.37346083	Binding_K13	-0.17973483	0.057358723	0.2248462
S170T	S170T	170	170	-0.2752191	-0.34248778	-0.35285836	-0.48434228	-0.3471369	-0.33548653	-0.4560466	-0.3230015	-0.39311102	-0.44521672	10	-0.3754907	0.06693721	0.26239386	Binding_K13	-0.22606829	0.04030028	0.1579771
S170V	S170V	170	170	-0.26604936	-0.27142528	-0.2027138	-0.24576889	-0.26181817	-0.39913258	-0.4313279	-0.2998492	-0.25414386	-0.37476876	10	-0.30069977	0.07497792	0.29391345	Binding_K13	-0.1810396	0.04514128	0.17695382
S170W	S170W	170	170	-0.36217567	-0.36172694	-0.41582373	-0.33752328	-0.15937546	-0.3065327	-0.28056717	-0.16811675	-0.39956877	-0.33729443	10	-0.31287047	0.088025406	0.3450596	Binding_K13	-0.1883671	0.05299666	0.20774692
S170Y	S170Y	170	170	-0.06743922	-0.038504463	-0.02950962	-0.08423959	-0.031847104	-0.008803361	-0.015131529	-0.16195914	-0.065158315	-0.22235599	10	-0.07249483	0.06886542	0.26995245	Binding_K13	-0.043646306	0.04146118	0.16252783
S180A	S180A	180	180	-0.54482585	-0.46182778	-0.47783458	-0.51833296	-0.46577206	-0.57534176	-0.64044344	-0.28405994	-0.28515673	-0.47320002	10	-0.47267953	0.11397274	0.44677314	Binding_K13	-0.2845819	0.068618536	0.26898468
S180C	S180C	180	180	-0.37156513	-0.3385208	-0.48467186	-0.43707222	-0.5780173	-0.5717337	-0.29290915	-0.4885522	-0.4719834	-0.25991035	10	-0.4294936	0.11041964	0.432845	Binding_K13	-0.25858134	0.066479355	0.26059908
S180D	S180D	180	180	-0.21372311	-0.43021426	-0.2870069	-0.3055921	-0.4205914	-0.3174117	-0.356105	-0.35923058	-0.27990493	-0.2375293	10	-0.32073092	0.07157725	0.28058282	Binding_K13	-0.19309957	0.043093868	0.16892797
S180E	S180E	180	180	-0.8199757	-0.7937572	-0.72976726	-0.74173594	-0.87336236	-1.0364358	-0.83499086	-0.6126228	-0.90076965	-0.7880468	10	-0.8131464	0.11301572	0.44302163	Binding_K13	-0.48956373	0.06804235	0.26672602
S180F	S180F	180	180	-0.41382223	-0.1408095	-0.15510911	0.056303795	-0.33032513	-0.22463907	-0.12906808	-0.12068042	-0.42736095	0.01628038	10	-0.18692303	0.16418318	0.6435981	Binding_K13	-0.11253906	0.09884829	0.3874853
S180G	S180G	180	180	-0.4487944	-0.4024738	-0.3320832	-0.34231538	-0.35534516	-0.4359582	-0.32575735	-0.45430624	-0.42182946	-0.3278231	10	-0.38466865	0.053136017	0.20829318	Binding_K13	-0.23159398	0.03199112	0.12540519
S180H	S180H	180	180	-0.038675703	0.005235545	-0.1861375	-0.19735272	-0.3488902	-0.065920144	-0.04123605	-0.0853187	-0.13105696	-0.035415333	10	-0.112476766	0.106504	0.4174957	Binding_K13	-0.06771787	0.0641219	0.25135785
S180I	S180I	180	180	-0.26983216	-0.6217129	-0.38704488	-0.51186985	-0.31597155	-0.30822912	-0.34949774	-0.4348587	-0.38490552	-0.43793947	10	-0.40218621	0.105225004	0.41248202	Binding_K13	-0.24214062	0.06335187	0.24833934
S180K	S180K	180	180	-0.7880418	-0.5832415	-0.5978776	-0.77099687	-0.46383965	-0.8449163	-0.80851203	-0.58425885	-0.4880506	-0.9339963	10	-0.6863731	0.1621442	0.6356053	Binding_K13	-0.41323847	0.097620696	0.38267314
S180L	S180L	180	180	-0.5019878	-0.5206981	-0.43666637	-0.44148773	-0.51597196	-0.50501686	-0.40891767	-0.6725795	-0.27747265	-0.52579415	10	-0.4806593	0.101472646	0.3977728	Binding_K13	-0.2893862	0.06109272	0.23948346
S180M	S180M	180	180	-0.6288473	-0.9550946	-0.67878175	-0.6995329	-0.7050736	-0.64064735	-0.5168435	-0.57590216	-0.66936255	-0.76846045	10	-0.68385464	0.11836863	0.46400505	Binding_K13	-0.41172218	0.07126513	0.2793593
S180N	S180N	180	180	-0.13348642	-0.12880298	-0.18290043	-0.020665063	-0.04326808	-0.14619175	-0.099561356	-0.107561745	-0.1387744	-0.2549232	10	-0.12561354	0.066224486	0.25959998	Binding_K13	-0.075627014	0.03987118	0.15629502
S180P	S180P	180	180	-0.39651	-0.3050165	-0.13691333	-0.18997584	-0.42091185	-0.37590903	-0.52185225	-0.24045904	-0.3440548	-0.494349	10	-0.34259516	0.12594365	0.4936991	Binding_K13	-0.20626317	0.07582575	0.29723695
S180Q	S180Q	180	180	-0.12396392	-0.099242084	-0.20929532	-0.19321935	-0.24232191	-0.12660149	-0.092030644	-0.020154	-0.053590983	-0.16736822	10	-0.1327788	0.07036413	0.2758274	Binding_K13	-0.07994093	0.0423635	0.16606492
S180R	S180R	180	180	-0.55585486	-0.48578402	-0.30502212	-0.5074967	-0.3853037	-0.55205643	-0.4811072	-0.7172686	-0.5180808	-0.4396455	10	-0.494762	0.10980656	0.43044174	Binding_K13	-0.2978769	0.066110246	0.25915217
S180T	S180T	180	180	-0.5817216	-0.61947423	-0.46568772	-0.4620099	-0.47563446	-0.40765363	-0.62196463	-0.37808895	-0.57514095	-0.38313207	10	-0.49705082	0.095247984	0.3733721	Binding_K13	-0.2992549	0.057345092	0.22479276
S180V	S180V	180	180	-0.9125877	-0.6746494	-0.82576436	-0.88591766	-1.0372721	-0.79288995	-0.7156168	-0.7824371	-0.8829229	-0.76244134	10	-0.82725	0.1059734	0.41541573	Binding_K13	-0.49805495	0.06380245	0.25010562
S180W	S180W	180	180	-0.12782449	0.0065110466	0.21474442	0.14915209	0.116829984	0.09202301	0.14346683	0.049791668	-0.22420786	0.14189184	10	0.056237847	0.13690951	0.5366853	Binding_K13	0.033858612	0.082427874	0.3231173
S180Y	S180Y	180	180	-0.34215215	-0.32557416	-0.14221558	-0.14607807	-0.06708183	-0.10160867	-0.33785442	-0.020311303	-0.16024657	-0.08361267	10	-0.17267354	0.11949973	0.46843895	Binding_K13	-0.10396	0.07194612	0.2820288
S38A	S38A	38	38	-0.20573011	-0.2800355	-0.15825438	-0.32603875	-0.23893344	-0.24634936	-0.28869206	-0.11412639	-0.2862941	-0.28818634	10	-0.24326403	0.066229686	0.25962037	Binding_K13	-0.14645979	0.039874308	0.1563073
S38C	S38C	38	38	-0.25219136	-0.39779654	-0.2728043	-0.2579457	-0.3465169	-0.3626307	-0.30916813	-0.15422055	-0.3299274	-0.42282817	10	-0.310603	0.07932935	0.31097105	Binding_K13	-0.18700194	0.047761105	0.18722354
S38D	S38D	38	38	-0.24376258	-0.21897624	-0.28163558	-0.23684059	-0.30531397	-0.35567495	-0.23601353	-0.33671135	-0.19997406	-0.12043615	10	-0.2535339	0.06934709	0.2718406	Binding_K13	-0.15264286	0.041751176	0.16366461
S38E	S38E	38	38	-0.12371584	-0.20390548	-0.18174107	-0.23789415	-0.21024674	-0.28091648	-0.19940922	-0.16569196	-0.19559316	-0.15473634	10	-0.19538502	0.043829195	0.17181045	Binding_K13	-0.1176337	0.026387848	0.10344037
S38F	S38F	38	38	-0.15913104	-0.11244411	-0.19322427	-0.1476619	-0.13143842	-0.15858704	-0.1569641	-0.08164976	-0.19414292	-0.19690882	10	-0.15321524	0.037344947	0.1463922	Binding_K13	-0.092244916	0.022483936	0.08813703
S38G	S38G	38	38	-0.22316763	-0.3122959	-0.30200624	-0.18595919	-0.2894931	-0.2701002	-0.277768	-0.29175302	-0.33011672	-0.34448537	10	-0.28271455	0.04775923	0.18721619	Binding_K13	-0.17021139	0.02875397	0.112715565
S38H	S38H	38	38	-0.3700218	-0.41620395	-0.34527418	-0.39972007	-0.36906436	-0.57285255	-0.4278648	-0.35777488	-0.51301223	-0.393789	10	-0.4165578	0.07273958	0.28513914	Binding_K13	-0.2507932	0.043793663	0.17167117
S38I	S38I	38	38	-0.26090652	-0.27859336	-0.22490697	-0.48219398	-0.114933096	-0.23790175	-0.29250512	-0.21211696	-0.3613928	-0.29085413	10	-0.27563047	0.09696488	0.38010234	Binding_K13	-0.16594635	0.05837877	0.22884479
S38K	S38K	38	38	-0.2890198	-0.15924731	-0.36139503	-0.2552572	-0.042380027	-0.16603017	-0.32657105	-0.36380267	-0.25092605	-0.2751094	10	-0.24897389	0.100987926	0.39587268	Binding_K13	-0.14989746	0.060800888	0.23833948
S38L	S38L	38	38	-0.23086755	-0.20030099	-0.24695183	-0.34880623	-0.22804599	-0.15470032	-0.18953721	-0.15132095	-0.2594315	-0.2203135	10	-0.22302762	0.05701896	0.22351433	Binding_K13	-0.13427623	0.034328893	0.13456926
S38M	S38M	38	38	-0.1728228	-0.19652086	-0.103107676	-0.024687009	-0.06609484	-0.05813246	-0.31243208	0.030781457	-0.12946688	-0.16001132	10	-0.11924945	0.09786556	0.383633	Binding_K13	-0.07179544	0.058921035	0.23097046
S38N	S38N	38	38	-0.2716532	-0.27652028	-0.3300116	-0.26684377	-0.36161053	-0.22621399	-0.3440013	-0.3362754	-0.37305936	-0.29838333	10	-0.30845726	0.04769364	0.18695907	Binding_K13	-0.18571007	0.02871448	0.112560764
S38P	S38P	38	38	-0.29110125	-0.28301454	-0.28842	-0.41899705	-0.39333102	-0.5815497	-0.24602488	-0.34693432	-0.34241977	-0.29342133	10	-0.34852138	0.09778583	0.38332045	Binding_K13	-0.20983112	0.05887303	0.23078229
S38Q	S38Q	38	38	-0.45626763	-0.43944532	-0.64504695	-0.5795618	-0.37389097	-0.491915	-0.29369253	-0.43022352	-0.6001053	-0.3327102	10	-0.46428594	0.11623753	0.45565113	Binding_K13	-0.27952844	0.06998208	0.27432975
S38R	S38R	38	38	-0.39968425	-0.32493562	-0.34643203	-0.30707118	-0.35963383	-0.37446126	-0.44248423	-0.24335955	-0.40231988	-0.38123947	10	-0.3581621	0.056387663	0.22103964	Binding_K13	-0.21563542	0.033948813	0.13307935
S38T	S38T	38	38	-0.47686252	-0.33237877	-0.22270952	-0.2569657	-0.2935241	-0.38653207	-0.34467152	-0.19381271	-0.29934222	-0.45341504	10	-0.32602143	0.09292828	0.36427888	Binding_K13	-0.19628479	0.055948492	0.21931809
S38V	S38V	38	38	-0.2508844	-0.2038023	-0.2100574	-0.2870181	-0.2151865	-0.27197185	-0.305209	-0.15719342	-0.24363914	-0.17754333	10	-0.23225054	0.047838382	0.18752646	Binding_K13	-0.13982898	0.028801624	0.112902366
S38W	S38W	38	38	-0.14571995	-0.085186586	-0.15544435	-0.07914067	-0.11855692	-0.013349915	-0.19826151	0.06351234	-0.05457591	-0.16077143	10	-0.094749495	0.078559235	0.3079522	Binding_K13	-0.05704497	0.047297448	0.185406
S38Y	S38Y	38	38	-0.1143047	-0.118296385	-0.18693611	-0.08889393	-0.15444526	-0.15078598	-0.20575929	-0.0750656	-0.2950166	-0.35095435	10	-0.1740458	0.08928891	0.35001254	Binding_K13	-0.10478619	0.05375737	0.2107289
S64A	S64A	64	64	-0.17669494	-0.19165173	-0.22483128	-0.19531757	-0.11235333	-0.12860115	-0.17386223	-0.17910899	-0.16482377	-0.1477389	10	-0.1694984	0.0330249	0.12945761	Binding_K13	-0.102048375	0.019883003	0.07794137
S64C	S64C	64	64	-0.026591187	0.119641446	0.005112692	0.060278397	0.03833644	0.13209352	0.13145311	0.035581443	0.014503319	0.078173004	10	0.058858216	0.05560136	0.21795733	Binding_K13	0.035436235	0.033475406	0.13122359
S64D	S64D	64	64	-0.10594674	-0.3526683	-0.22772783	-0.27167422	-0.20200343	-0.034654938	-0.4236742	-0.25854823	-0.4908311	-0.31134862	10	-0.26790777	0.13732658	0.53832024	Binding_K13	-0.16129681	0.08267897	0.3241016
S64E	S64E	64	64	0.041477796	0.0018634936	-0.12017329	-0.07186592	0.04014709	-0.019336775	0.010988523	0.07200553	0.09723919	-0.030709561	10	0.0021636072	0.06580542	0.25795725	Binding_K13	0.0013026234	0.039618876	0.155306
S64F	S64F	64	64	0.24861144	0.15689214	0.19639078	0.24974224	0.21975632	0.15662698	0.07137257	0.1990817	0.23298664	0.13341038	10	0.18648711	0.05698185	0.22336885	Binding_K13	0.11227661	0.03430655	0.13448167
S64G	S64G	64	64	-0.23291554	-0.31740093	-0.3488058	-0.22506627	-0.24522623	-0.17811163	-0.291007	-0.20857126	-0.25154048	-0.19613075	10	-0.2494776	0.054476522	0.21354797	Binding_K13	-0.15020072	0.03279819	0.1285689
S64H	S64H	64	64	-0.44328803	-0.6000479	-0.5671387	-0.43278483	0.108062014	-0.06306574	-0.09265189	-0.69224435	-0.5353624	0.018797968	10	-0.3299724	0.2919476	1.1444346	Binding_K13	-0.1986635	0.17577025	0.6890194
S64I	S64I	64	64	0.29905778	0.26576003	0.09989623	0.16622901	0.08119477	0.011498031	0.118919805	0.21133044	0.15858965	0.29691124	10	0.17093869	0.09678679	0.37940422	Binding_K13	0.10291551	0.05827155	0.22842447
S64K	S64K	64	64	0.02616555	0.14771798	0.092520274	0.14919503	0.2303374	0.1336672	0.04456344	0.038974673	0.095634684	0.03233853	10	0.099111475	0.06642664	0.26039246	Binding_K13	0.059671152	0.039992888	0.15677212
S64L	S64L	64	64	0.09457657	0.070409834	0.07711166	0.06830976	0.18464915	0.041541386	0.053384878	0.09605516	0.107693724	0.0968273	10	0.08905594	0.039547574	0.1550265	Binding_K13	0.053617105	0.023810051	0.093335405
S64M	S64M	64	64	0.06471347	-0.0021523996	0.018966649	0.096215814	0.006880813	-0.012676049	-0.011911591	-0.0071476744	0.089055344	0.009547122	10	0.025149148	0.042042162	0.16480528	Binding_K13	0.01514132	0.025311945	0.099222824
S64P	S64P	64	64	-0.57254726	-0.6066545	-0.61407334	-0.5420044	-0.4738958	-0.39969587	-0.50231093	-0.3846796	-0.5683937	-0.5918553	10	-0.52561104	0.08301117	0.3254038	Binding_K13	-0.3164499	0.049977787	0.19591293
S64Q	S64Q	64	64	-0.038045514	0.0516348	0.0078944005	-0.0018923219	-0.019570792	0.01581934	-0.03349188	-0.009303184	-0.14103885	0.0148850065	10	-0.015310898	0.051413707	0.20154174	Binding_K13	-0.009218095	0.030954186	0.12134041
S64R	S64R	64	64	0.11744808	0.19918078	0.21928936	0.16813663	0.15568392	0.15116288	0.16906247	0.17948797	0.12935908	0.09939714	10	0.15882084	0.03664171	0.14363551	Binding_K13	0.09561983	0.022060543	0.08647733
S64T	S64T	64	64	0.007158525	-0.08592634	-0.012672048	0.031217964	0.032715723	0.0018982886	-0.051146653	0.008285645	0.0050070346	0.036199775	10	-0.002726208	0.03885793	0.15232308	Binding_K13	-0.0016413435	0.023394844	0.09170779
S64V	S64V	64	64	0.11222022	0.03809288	0.050139185	0.10806626	0.09614357	0.08904586	0.004009262	0.044291146	0.07804593	0.061127976	10	0.06811823	0.034663618	0.13588138	Binding_K13	0.041011326	0.02086961	0.08180887
S64W	S64W	64	64	-0.04660914	-0.031806983	0.08459924	-0.0033023013	-0.022981772	-0.009101352	-0.018595295	0.08110497	0.07510335	-0.028885117	10	0.007952561	0.051347684	0.20128292	Binding_K13	0.0047879266	0.030914437	0.121184595
S64Y	S64Y	64	64	0.7326756	0.7542737	0.09247242	0.7696121	0.37425268	0.10255819	0.81311196				7	0.5198509	0.32316548	1.2668087	Binding_K13	0.31298193	0.19456533	0.7626961
S88A	S88A	88	88	-0.91151786	-0.8518202	-0.9749352	-0.6389347	-0.43116525	-0.45675275	-0.39901844	-0.36015236	-0.39853677	-0.45902222	10	-0.58818555	0.2377115	0.9318291	Binding_K13	-0.35412356	0.14311682	0.56101793
S88C	S88C	88	88	-0.16950186	-0.2809311	-0.21535198	-0.2863577	-0.29646042	-0.15579145	0.22667679	-0.0731965	-0.17010023	-0.44365466	10	-0.1864669	0.17732415	0.6951107	Binding_K13	-0.11226445	0.10675995	0.41849902
S88D	S88D	88	88	-0.67491007	-0.910581	-0.39961174	-0.5674491	-0.23352967	-0.92411405	-0.8533734	-0.8484143	-1.3057625	-0.8316061	10	-0.75493515	0.30189002	1.1834089	Binding_K13	-0.45451698	0.1817562	0.7124843
S88E	S88E	88	88	-0.50592035	-0.71956277	-0.46417308	-0.05511766	-0.6523197	-0.4007377	-0.51505756	-0.4532492	-0.20439807	-0.4626204	10	-0.44331565	0.19423926	0.7614179	Binding_K13	-0.26690304	0.11694388	0.45842
S88F	S88F	88	88	0.25617576	0.3205832	-0.14662819	0.21715054	0.1900765	0.09305066	-0.2616833	-0.16097191	-0.34275448	0.01730938	10	0.018230822	0.23349708	0.9153086	Binding_K13	0.010976067	0.14057948	0.5510716
S88G	S88G	88	88	-0.25220394	-0.27465877	-0.24624509	-0.18234016	-0.37702227	-0.44014782	-0.42842755	-0.21047503	-0.4416537	-0.4506767	10	-0.3303851	0.10712348	0.41992405	Binding_K13	-0.19891196	0.06449486	0.25281987
S88H	S88H	88	88	-0.1420264	0.4970248	0.033142786	-0.016774097	-0.07531077	0.14430892	-0.38136622	-0.17583115	-0.25391966	0.6238529	10	0.02531011	0.31949615	1.252425	Binding_K13	0.015238229	0.19235617	0.7540362
S88I	S88I	88	88	0.11850531	0.29154274	0.35916197	0.1225393	0.5078337	0.81787497	0.89738053	1.0911156	0.43841475	0.50129783	10	0.51456666	0.32683873	1.2812078	Binding_K13	0.3098005	0.19677685	0.7713653
S88K	S88K	88	88	0.337776	0.40854812	0.6759512	-0.037651766	0.5895494	0.43513444	0.4111945	0.29973066	0.72390276	0.5752839	10	0.44194192	0.22035876	0.86380637	Binding_K13	0.26607597	0.1326694	0.52006406
S88L	S88L	88	88	0.539926	0.8130489	0.88804996	0.8327885	0.75775063	0.33980325	0.6203683	0.38804913	0.7817507	0.70882875	10	0.6670364	0.18974422	0.74379736	Binding_K13	0.4015966	0.11423759	0.44781137
S88M	S88M	88	88	0.4246748	0.30315328	0.2093623	-0.19798708	0.39289066	0.46123356	-0.17102252	0.1295048	0.15003935	0.33801377	10	0.20398629	0.23311007	0.9137915	Binding_K13	0.12281218	0.14034648	0.5501582
S88N	S88N	88	88	0.8135154	-0.18731026	0.21923263			0.00012033155	-0.35061046	0.5957167	0.52316934	0.3365456	8	0.2437974	0.40253362	1.5779319	Binding_K13	0.14678091	0.24234979	0.9500112
S88P	S88P	88	88	0.47180182	1.3557682	0.912257	0.86823416	0.609377	0.9486886	1.2967256	1.1944363	0.35644764	0.77358156	10	0.8787317	0.33830646	1.3261614	Binding_K13	0.52905005	0.20368111	0.79842997
S88Q	S88Q	88	88	-0.20433432	0.17256916	-0.09451719	-0.017535087	0.056812912	0.25909337	0.49531102	-0.34340024	-0.7208382	0.08058565	10	-0.03162529	0.33837646	1.3264358	Binding_K13	-0.019040352	0.20372327	0.79859525
S88R	S88R	88	88	0.16304207	0.39852923	-0.098248534	0.73697084	0.12035607	0.481716	-0.068275996	0.011077384	-0.26799095	0.5746423	10	0.20518184	0.32838735	1.2872784	Binding_K13	0.123531975	0.1977092	0.77502006
S88T	S88T	88	88	0.15110654	-0.6184483	-0.65436244	-0.86281174	-0.69268256	0.5172062	-0.49089304	-1.0528525	-0.6175189	-0.37972298	10	-0.47009796	0.47026348	1.8434329	Binding_K13	-0.28302765	0.28312728	1.109859
S88V	S88V	88	88	0.3190437	0.028242994	-0.012252926	-0.08641078	-0.076534465	0.1238897	-0.2729644	-0.2849387	-0.05392693	0.17234688	10	-0.014350487	0.18787156	0.7364565	Binding_K13	-0.008639868	0.11311013	0.44339174
S88W	S88W	88	88	1.1475228	0.98014885	1.3260434	0.99961543	0.710759	1.0165584	0.87244976	0.9449922	0.8573649	0.9403302	10	0.9795785	0.16714126	0.65519375	Binding_K13	0.58976597	0.100629225	0.39446658
S88Y	S88Y	88	88	0.6365895	0.03345624	0.4771855	0.7867766	0.43564028	0.44318858	0.1748647	0.4788576	0.38437265	0.4257384	10	0.427667	0.2106009	0.82555556	Binding_K13	0.2574816	0.12679458	0.49703476
T123A	T123A	123	123	-0.0022492625	-0.16656159	-0.21145317	-0.07961886	-0.20594816	-0.041086484	-0.24120276	-0.101374775	-0.24011727	-0.26648858	10	-0.15561008	0.09302643	0.3646636	Binding_K13	-0.09368676	0.056007583	0.21954973
T123C	T123C	123	123	-0.36048678	-0.1241927	-0.083098896	-0.0937936	-0.037352458	-0.17062013	-0.096805	-0.019535009	-0.36881348	-0.3897393	10	-0.17444374	0.14335287	0.56194323	Binding_K13	-0.10502577	0.08630717	0.3383241
T123D	T123D	123	123	-0.36876515	-0.11285027	-0.17663044	-0.21554781	-0.22716357	-0.26545212	-0.3446911	-0.3331365	-0.04561184	-0.37020898	10	-0.24600577	0.11164865	0.43766272	Binding_K13	-0.14811048	0.067219295	0.26349965
T123E	T123E	123	123	-0.02273229	-0.21590704	-0.14095671	-0.06402808	-0.06492086	-0.29828158	-0.18693897	-0.010846686	0.09169404	-0.11948391	10	-0.10324021	0.1132599	0.44397882	Binding_K13	-0.0621569	0.06818936	0.2673023
T123F	T123F	123	123	-0.16195963	-0.2598958	-0.10532487	-0.09114605	-0.14069475	-0.07449483	-0.1316377	-0.0829453	-0.21152532	-0.09753178	10	-0.1357156	0.060368072	0.23664285	Binding_K13	-0.08170907	0.036345262	0.14247343
T123G	T123G	123	123	-0.32200986	-0.3065807	-0.20225926	-0.22009397	0.029248478	-0.059935514	-0.15435944	-0.22635534	-0.22384042	-0.2957513	10	-0.19819374	0.11121019	0.43594396	Binding_K13	-0.11932472	0.06695531	0.26246482
T123H	T123H	123	123	-0.209104	-0.07973621	0.014407111	0.08885886	-0.3527952	-0.13391025	-0.117277466	-0.09680598	-0.2956952	-0.07928249	10	-0.12613408	0.13263606	0.51993334	Binding_K13	-0.07594041	0.079854995	0.31303158
T123I	T123I	123	123	-0.28665087	-0.29978397	-0.22992705	-0.34218603	-0.22827941	-0.27249458	-0.33162424	-0.18301557	-0.22988391	-0.053961042	10	-0.24578066	0.08400267	0.32929048	Binding_K13	-0.14797494	0.05057473	0.19825295
T123K	T123K	123	123	-0.33955863	-0.22279197	-0.48821718	-0.47309288	-0.4172552	-0.15721063	-0.36996263	-0.3833431	-0.4789722	-0.5424099	10	-0.38728145	0.121794164	0.47743315	Binding_K13	-0.23316705	0.07332751	0.28744385
T123L	T123L	123	123	-0.24288365	-0.29816034	-0.31339797	-0.27634728	-0.3641536	-0.23715903	-0.39366937	-0.42290342	-0.32736194	-0.39872223	10	-0.32747588	0.065738544	0.2576951	Binding_K13	-0.19716044	0.039578613	0.15514816
T123M	T123M	123	123	-0.03537392	-0.16754578	-0.35669696	-0.25197336	-0.16765708	-0.2114117	-0.286898	-0.017656228	-0.17002398	-0.19870773	10	-0.18639447	0.10351389	0.40577444	Binding_K13	-0.11222083	0.062321674	0.24430096
T123N	T123N	123	123	-0.318707	-0.22857885	-0.25863782	-0.30275226	-0.10965012	-0.15486966	-0.20955344	-0.17602475	-0.15167789	-0.2743485	10	-0.21848002	0.07009364	0.27476707	Binding_K13	-0.13153829	0.042200644	0.16542652
T123P	T123P	123	123	-0.22774695	0.015747327	-0.13629858	0.017384935	-0.08676515	-0.09188333	-0.080927745	-0.111385316	-0.38778946	-0.22952564	10	-0.131919	0.12245607	0.4800278	Binding_K13	-0.07942328	0.07372602	0.289006
T123Q	T123Q	123	123	0.022872522	-0.15207662	-0.109384865	-0.12223076	-0.056326106	-0.28133538	-0.14617057	-0.0881305	-0.0378964	-0.1582206	10	-0.11288993	0.082353875	0.3228272	Binding_K13	-0.067966625	0.049582053	0.19436166
T123R	T123R	123	123	-0.4202278	-0.31053472	-0.3582525	-0.41730618	-0.34958398	-0.33415994	-0.30395776	-0.27211332	-0.3603091	-0.37773657	10	-0.35041818	0.047608152	0.18662396	Binding_K13	-0.21097311	0.028663011	0.11235901
T123S	T123S	123	123	-0.08841843	-0.26789954	-0.26334494	-0.21498524	-0.19215845	-0.24395147	-0.15823112	-0.15948585	-0.25126362	-0.16789192	10	-0.20076306	0.058051948	0.22756363	Binding_K13	-0.1208716	0.03495081	0.13700718
T123V	T123V	123	123	-0.25897685	-0.25931945	-0.2082188	-0.19854724	-0.19503906	-0.2674338	-0.2619184	-0.22803897	-0.1979628	-0.13560724	10	-0.22110626	0.042103786	0.16504684	Binding_K13	-0.13311945	0.025349047	0.09936827
T123W	T123W	123	123	-0.32653967	-0.31068993	-0.43925396	-0.19354421	-0.21158233	-0.062497783	-0.14430286	-0.10797905	-0.20001209	-0.23865874	10	-0.22350606	0.11161883	0.43754584	Binding_K13	-0.13456428	0.067201346	0.26342928
T123Y	T123Y	123	123	-0.066166	-0.14041373	-0.09430768	0.065108985	-0.1928448	-0.11583336	-0.12864614	-0.22518478	-0.16874124	-0.168887	10	-0.12359158	0.08119881	0.31829935	Binding_K13	-0.07440966	0.048886634	0.19163561
T126A	T126A	126	126	-0.37062392	-0.32158127	-0.3368749	-0.3786998	-0.3183991	-0.3802659	-0.46606386	-0.36590326	-0.46168676	-0.49799567	10	-0.38980946	0.06359247	0.2492825	Binding_K13	-0.23468906	0.038286544	0.15008326
T126C	T126C	126	126	-0.29382327	-0.34206247	-0.39187497	-0.4729297	-0.3871793	-0.36566213	-0.32092607	-0.32659796	-0.32770118	-0.46075377	10	-0.36895105	0.05988582	0.23475242	Binding_K13	-0.22213103	0.036054913	0.14133526
T126D	T126D	126	126	-0.63549614	-0.5331902	-0.47642905	-0.67265576	-0.64900196	-0.68672675	-0.51586735	-0.5413631	-0.551971	-0.518491	10	-0.5781193	0.075184435	0.294723	Binding_K13	-0.34806305	0.045265615	0.17744121
T126E	T126E	126	126	-0.39073798	-0.44250423	-0.34759802	-0.3997178	-0.36423594	-0.32187712	-0.28914255	-0.21245828	-0.4373138	-0.30561164	10	-0.35111973	0.071407005	0.27991545	Binding_K13	-0.21139549	0.04299137	0.16852617
T126F	T126F	126	126	-0.27606863	-0.22072326	-0.25831145	-0.21173343	-0.24490888	-0.20642345	-0.25480974	-0.16101803	-0.19517651	-0.1962202	10	-0.22253935	0.03542266	0.13885683	Binding_K13	-0.13398226	0.021326602	0.08360028
T126G	T126G	126	126	-0.40778974	-0.5327525	-0.35631928	-0.44266975	-0.48462868	-0.32407624	-0.38270998	-0.3956457	-0.4663384	-0.48526415	10	-0.42781943	0.06547985	0.25668103	Binding_K13	-0.2575734	0.039422862	0.15453762
T126H	T126H	126	126	-0.41482386	-0.26713923	-0.30873188	-0.36484507	-0.33165509	-0.24619322	-0.34442303	-0.29107854	-0.45289987	-0.38594887	10	-0.34077388	0.0655203	0.25683957	Binding_K13	-0.20516665	0.03944722	0.1546331
T126I	T126I	126	126	-0.36278242	-0.35857165	-0.2776974	-0.39240125	-0.3547494	-0.3343932	-0.47130778	-0.31572846	-0.4174677	-0.3492401	10	-0.36343396	0.053920105	0.21136682	Binding_K13	-0.2188094	0.03246319	0.12725571
T126K	T126K	126	126	-0.15057833	-0.20440178	-0.08921479	-0.19451918	-0.13557349	-0.2406729	-0.33630258	-0.16236138	-0.18327112	-0.16492954	10	-0.18618251	0.06680482	0.26187488	Binding_K13	-0.112093225	0.040220574	0.15766466
T126L	T126L	126	126	-0.27425	-0.26878974	-0.26634014	-0.33614942	-0.38412353	-0.3449373	-0.3683293	-0.4006338	-0.30830127	-0.46815	10	-0.34200042	0.0655507	0.25695875	Binding_K13	-0.20590511	0.039465517	0.15470482
T126M	T126M	126	126	-0.3251659	-0.19911659	-0.23289044	-0.2780544	-0.37372106	-0.3377558	-0.43861848	-0.39591652	-0.464803	-0.39492428	10	-0.34409666	0.08679283	0.3402279	Binding_K13	-0.20716716	0.052254573	0.20483793
T126N	T126N	126	126	-0.5240681	-0.6268916	-0.38586417	-0.41699058	-0.40924573	-0.44986427	-0.46644935	-0.52157104	-0.60402334	-0.56929505	10	-0.49742633	0.08465329	0.3318409	Binding_K13	-0.29948097	0.05096644	0.19978845
T126P	T126P	126	126	-0.35598826	-0.25662646	-0.27385235	-0.3695848	-0.3917294	-0.2711079	-0.3647844	-0.35872382	-0.4690003	-0.40874007	10	-0.35201377	0.06730314	0.26382834	Binding_K13	-0.21193375	0.040520597	0.15884075
T126Q	T126Q	126	126	-0.5532884	-0.5062295	-0.42606717	-0.47695833	-0.4707075	-0.33963126	-0.43902296	-0.36146322	-0.4620981	-0.5185678	10	-0.45540342	0.06687886	0.26216516	Binding_K13	-0.27418062	0.040265154	0.1578394
T126R	T126R	126	126	-0.30164805	-0.29964012	-0.3221771	-0.25237256	-0.35120383	-0.25056437	-0.16704494	-0.20299247	-0.4436534	-0.46558854	10	-0.30568856	0.09582886	0.37564915	Binding_K13	-0.18404315	0.05769482	0.2261637
T126S	T126S	126	126	-0.45596	-0.46761855	-0.369661	-0.37241185	-0.5400945	-0.45129174	-0.46399692	-0.3937749	-0.501066	-0.4153453	10	-0.44312206	0.055409286	0.2172044	Binding_K13	-0.2667865	0.03335977	0.1307703
T126V	T126V	126	126	-0.39087495	-0.31141308	-0.39834636	-0.4769718	-0.4373681	-0.30736017	-0.3833646	-0.49303156	-0.5109449	-0.29415828	10	-0.40038338	0.07907675	0.30998087	Binding_K13	-0.2410552	0.047609027	0.18662739
T126W	T126W	126	126	-0.39179575	-0.32066488	-0.34625572	-0.37843144	-0.37898713	-0.4283661	-0.27996713	-0.28491938	-0.48408434	-0.36337787	10	-0.365685	0.062582195	0.24532221	Binding_K13	-0.22016466	0.037678298	0.14769892
T126Y	T126Y	126	126	-0.35366192	-0.41034636	-0.36934346	-0.28104472	-0.40221548	-0.3980635	-0.49386466	-0.29794702	-0.33736846	-0.28573522	10	-0.3629591	0.06653098	0.26080143	Binding_K13	-0.2185235	0.040055707	0.15701838
T143A	T143A	143	143	-0.4666271	-0.47922367	-0.5783603	-0.36706436	-0.5004129	-0.3077953	-0.5514633	-0.43501443	-0.5222016	-0.56140774	10	-0.47695702	0.08700326	0.3410528	Binding_K13	-0.2871572	0.05238127	0.20533457
T143C	T143C	143	143	-0.012889578	-0.07967308	0.07171415	-0.05755488	-0.14299843	-0.18444447	-0.17314573	-0.045106083	-0.016366707	0.033359952	10	-0.06071049	0.08561858	0.33562484	Binding_K13	-0.036551416	0.051547606	0.20206662
T143D	T143D	143	143	-0.37708244	-0.5371842	-0.14633502	0.18653883	0.33724788	-0.086196184	-1.0419996	-0.5853577	-0.7585041	-0.030475818	10	-0.30393484	0.43320957	1.6981815	Binding_K13	-0.1829873	0.26081857	1.0224088
T143E	T143E	143	143	-0.26806527	-0.39922288	0.11060343	0.10401915	-0.44723654	-0.46951658	-0.37200242	-1.2454787	-0.75712854	-0.8029133	10	-0.45469418	0.41025817	1.6082121	Binding_K13	-0.2737536	0.24700044	0.96824175
T143F	T143F	143	143	0.63512415	0.61504424	0.7185989	0.27679458	0.3585591	-0.29474917	0.06949825	0.40458277	0.48469794	0.31471583	10	0.35828668	0.29979724	1.1752052	Binding_K13	0.21571043	0.18049622	0.70754516
T143G	T143G	143	143	-1.2925894	-1.2518616	-1.359232	-1.2061605	-1.1829228	-1.3580925	-1.5311247	-1.300554	-1.3115532	-1.0471233	10	-1.2841213	0.12769148	0.5005506	Binding_K13	-0.77311933	0.076878056	0.30136198
T143H	T143H	143	143	-0.1928208	-0.68292516	-0.51350474	-0.5024172	0.03216233	-0.1781032	-0.27155992	0.016575674	0.23876072	0.19940548	10	-0.18544269	0.31257546	1.2252958	Binding_K13	-0.11164781	0.18818949	0.73770285
T143I	T143I	143	143	-0.009755491	-0.17773172	-0.026652232	-0.27770022	0.059992917	0.15313913	0.14798121	-0.010054544	-0.014968584	-0.028011475	10	-0.0183761	0.13173781	0.51641226	Binding_K13	-0.011063533	0.079314195	0.31091166
T143K	T143K	143	143	0.26199272	0.071567886	-0.3648765	-0.54193574	-0.32601324	-0.80529994	-0.21938938	-0.49440965	-0.08584842	-0.36627892	10	-0.2870491	0.31011018	1.215632	Binding_K13	-0.17282107	0.18670523	0.73188454
T143L	T143L	143	143	-0.35982144	0.049084887	-0.08939521	0.006942018	0.0960664	0.08197357	-0.25543153	0.010361007	0.046719834	0.18500091	10	-0.022849951	0.16746755	0.6564728	Binding_K13	-0.013757064	0.100825675	0.39523664
T143M	T143M	143	143	-0.10169551	-0.75409514	-0.91544175	-0.5087678	-0.68684685	-0.23222323	-0.39470947	-0.43042395	-0.4836156	-0.50679916	10	-0.50146186	0.24007311	0.94108665	Binding_K13	-0.3019106	0.14453866	0.56659156
T143N	T143N	143	143	-0.01850311	0.46061242	-0.11233516	-0.45485497	0.14990485	-0.027121602	-0.10675669	-0.462046	-0.0130475685	-0.0060950583	10	-0.059024286	0.2678054	1.0497972	Binding_K13	-0.03553622	0.16123518	0.63204193
T143P	T143P	143	143	0.41428384	0.39119238	0.19717543	0.43701622	0.008753196	0.28804526	-0.6639267	-0.008326062	0.5207711	-0.045789953	10	0.15391946	0.35195103	1.3796481	Binding_K13	0.0926689	0.21189599	0.83063227
T143Q	T143Q	143	143	-0.3182618	-0.8025417	-0.740055	-0.5959297	-0.5135403	-0.927814	-0.7269518	-0.61136734	-0.88283813	-0.13554999	10	-0.625485	0.24953984	0.9781962	Binding_K13	-0.37658012	0.1502382	0.58893377
T143R	T143R	143	143	-0.56924236	-0.5832437	-0.1866091	-0.6021532	-0.057077	0.13889052	-0.055007387	0.2454726	0.15597656	-0.24010104	10	-0.17530942	0.32008606	1.2547374	Binding_K13	-0.10554696	0.19271132	0.7554284
T143S	T143S	143	143	-0.6123772	-0.6231061	-0.51320654	-0.516794	-0.46643922	-0.6224968	-0.642203	-0.48826328	-0.6583054	-0.5007094	10	-0.56439006	0.073281564	0.28726372	Binding_K13	-0.33979723	0.04411997	0.17295028
T143V	T143V	143	143	0.18227808	-0.08093902	-0.27035314	-0.28561863	0.019540422	-0.23867188	0.054821767	0.1773078	0.4318832	0.33641243	10	0.032666106	0.25281975	0.9910534	Binding_K13	0.019666987	0.1522129	0.59667456
T143W	T143W	143	143	-1.0535724	-0.9294746	-0.6389515	-0.99085516	-0.83115363	-1.1370487	-1.1498269	-0.9519146	-1.0350484	-0.8596346	10	-0.95774806	0.1539891	0.60363734	Binding_K13	-0.5766227	0.09271083	0.36342645
T143Y	T143Y	143	143	0.036987122	-0.58253175	0.34941196	-0.04654425	-0.33125257	-0.11865396	0.22203162	0.056216214	0.5431319	-0.251009	10	-0.012221271	0.33295578	1.3051866	Binding_K13	-0.0073579503	0.20045967	0.78580195
T147A	T147A	147	147	-0.7051881	-0.5417855	-0.9909319	-0.8054018	-0.72352517	-0.6214639	-0.43743	-0.61327136	-0.652467	-0.77365446	10	-0.68651193	0.15270196	0.5985917	Binding_K13	-0.41332203	0.09193589	0.3603887
T147C	T147C	147	147	-0.34362185	-0.4817634	-0.3815779	-0.2422002	-0.391055	-0.39740196	-0.56725734	-0.5211062	-0.45570385	-0.28657582	10	-0.40682635	0.10183558	0.39919546	Binding_K13	-0.24493426	0.061311226	0.24034001
T147D	T147D	147	147	-0.32888743	-0.34109434	-0.36261618	-0.2800079	-0.40616432	-0.38998038	-0.4984021	-0.1709165	-0.3234625	-0.53492105	10	-0.36364526	0.104066305	0.4079399	Binding_K13	-0.21893662	0.062654264	0.24560472
T147E	T147E	147	147	-0.40631655	-0.40419433	-0.2746612	-0.4867839	-0.27723515	-0.33205518	-0.5310716	-0.44625697	-0.5955613	-0.19440094	10	-0.3948537	0.12585543	0.4933533	Binding_K13	-0.237726	0.07577264	0.29702878
T147F	T147F	147	147	-0.27921766	-0.41612482	-0.3043029	-0.50737154	-0.45280188	-0.30265152	-0.2725206	-0.2581809	-0.27484712	-0.5595599	10	-0.36275786	0.11126357	0.4361532	Binding_K13	-0.21840236	0.066987455	0.26259083
T147G	T147G	147	147	-0.5636513	-0.5727229	-0.3292441	-0.39904866	-0.40734282	-0.6108394	-0.015398181	-0.15565012	-0.15590115	-0.6473267	10	-0.38571253	0.21920773	0.85929435	Binding_K13	-0.23222247	0.13197643	0.5173476
T147H	T147H	147	147	-0.3974028	-0.3265561	-0.56549466	-0.7107309	-0.4403982	-0.632141	-0.46872124	-0.1410169	-0.14658234	-0.15481533	10	-0.39838594	0.20574234	0.80651003	Binding_K13	-0.23985262	0.123869434	0.4855682
T147I	T147I	147	147	-0.2205226	-0.33821326	0.010734664	0.00039679	-0.20889781	0.008588131	-0.048587862	-0.106910005	0.2189612	-0.046048816	10	-0.073049955	0.15539838	0.6091617	Binding_K13	-0.043980528	0.0935593	0.36675248
T147K	T147K	147	147	-0.4976614	-0.24854815	-0.3701172	-0.33455718	-0.35506162	-0.22931708	-0.42669642	-0.32469386	-0.32115713	-0.5509259	10	-0.3658736	0.10139894	0.39748386	Binding_K13	-0.22027822	0.061048344	0.23930952
T147L	T147L	147	147	-0.4225111	-0.38552356	-0.34909502	-0.28584018	-0.25619358	-0.22992113	-0.31752276	-0.19641984	-0.21831302	-0.16903439	10	-0.28303745	0.08416089	0.3299107	Binding_K13	-0.1704058	0.050669987	0.19862635
T147M	T147M	147	147	-0.35971123	-0.26695412	-0.16292463	-0.08707611	-0.28452057	-0.38416308	-0.2617121	-0.31322372	-0.52260685	-0.21131507	10	-0.28542075	0.121582545	0.4766036	Binding_K13	-0.1718407	0.07320011	0.28694442
T147N	T147N	147	147	-0.21142086	-0.16969636	-0.33308443	-0.36445272	-0.25152445	-0.3435441	-0.509497	-0.51122427	-0.28955886	-0.30794775	10	-0.32919508	0.11277969	0.4420964	Binding_K13	-0.19819552	0.06790025	0.26616898
T147P	T147P	147	147	-0.6258517	-0.14690888	-0.63062525	-0.5679714	-0.45800018	-1.0128514	-0.81280655	-0.43761128	-0.36083537	-0.61159533	10	-0.5665058	0.2395148	0.938898	Binding_K13	-0.34107104	0.14420252	0.5652739
T147Q	T147Q	147	147	-0.27431569	-0.38995197	-0.23919109	-0.42072168	-0.43144035	-0.1403153	-0.29945314	-0.36294332	-0.3566336	-0.15899463	10	-0.30739608	0.103442565	0.40549487	Binding_K13	-0.18507119	0.062278733	0.24413264
T147R	T147R	147	147	-0.45439053	-0.41738555	-0.32529005	-0.5096127	-0.26441288	-0.40663925	-0.41923782	-0.38711548	-0.5653427	-0.3491248	10	-0.4098552	0.08741752	0.3426767	Binding_K13	-0.24675782	0.052630678	0.20631225
T147S	T147S	147	147	-0.2203953	-0.23504032	-0.3463912	-0.2547042	-0.34414133	-0.21748435	-0.23349549	-0.23737277	-0.508091	-0.5088604	10	-0.31059763	0.114340745	0.44821572	Binding_K13	-0.18699871	0.0688401	0.2698532
T147V	T147V	147	147	-0.4871008	-0.5301884	-0.3746159	-0.5884433	-0.4471069	-0.43615928	-0.61535895	-0.5440953	-0.71516675	-0.5973104	10	-0.53355455	0.10069395	0.3947203	Binding_K13	-0.32123238	0.060623895	0.23764567
T147W	T147W	147	147	-0.13326384	-0.1687956	-0.29392606	-0.2690783	-0.0049006734	0.03738284	-0.08747388	-0.14394495	-0.08796574	-0.27955317	10	-0.14315192	0.11343298	0.4446573	Binding_K13	-0.086186185	0.06829357	0.2677108
T147Y	T147Y	147	147	-1.0058285	-0.65852517	-0.7869982	-0.840353	-0.56848925	-0.6994092	-0.5883282	-0.46922517	-0.75347704	-0.93802476	10	-0.73086584	0.16850008	0.6605203	Binding_K13	-0.4400258	0.10144732	0.39767352
T157A	T157A	157	157	-0.48607677	-0.48433274	-0.34655762	-0.38515618	-0.52086365	-0.38756078	-0.4527418	-0.42889735	-0.40658054	-0.43623975	10	-0.4335007	0.05386279	0.21114215	Binding_K13	-0.26099387	0.032428686	0.12712045
T157C	T157C	157	157	-0.56415915	-0.4845978	-0.4266956	-0.4690003	-0.41166705	-0.46434548	-0.45991132	-0.43468782	-0.4947195	-0.37061954	10	-0.45804033	0.052489102	0.20575729	Binding_K13	-0.2757682	0.03160164	0.123878434
T157D	T157D	157	157	-0.7539343	-0.52709544	-0.4543552	-0.36639115	-0.6420813	-0.507211	-0.78850025	-0.50686276	-0.49150163	-0.5728645	10	-0.5610798	0.1319698	0.5173216	Binding_K13	-0.33780426	0.07945386	0.31145915
T157E	T157E	157	157	-0.3245733	-0.36643392	-0.2523682	-0.32848907	-0.45257148	-0.27993122	-0.38774747	-0.37599763	-0.40124586	-0.47641912	10	-0.3645777	0.070652045	0.27695602	Binding_K13	-0.21949801	0.04253684	0.16674441
T157F	T157F	157	157	-0.069268666	0.055467185	0.0029596528	0.07071927	0.008522173	-0.19112031	-0.31940696	-0.18310298	-0.09447799	-0.07043371	10	-0.079014234	0.12314686	0.4827357	Binding_K13	-0.047571387	0.07414192	0.29063633
T157G	T157G	157	157	-0.35715935	-0.30710253	-0.4513489	-0.20663778	-0.57279646	-0.41829458	-0.35036078	-0.23931079	-0.2810276	-0.28354296	10	-0.3467582	0.10971633	0.43008804	Binding_K13	-0.20876957	0.06605592	0.25893924
T157H	T157H	157	157	-0.37780777	-0.5806378	-0.55925703	-0.3856169	-0.54867977	-0.41136962	-0.32200634	-0.7686189	-0.54193443	-0.41882476	10	-0.49147534	0.13321346	0.52219677	Binding_K13	-0.2958981	0.080202624	0.3143943
T157I	T157I	157	157	0.016371042	0.006202462	-0.14446805	-0.2857863	-0.121754915	-0.20212011	-0.2952243	-0.21620604	-0.08820099	-0.33218268	10	-0.16633698	0.12196327	0.47809604	Binding_K13	-0.100145005	0.073429324	0.28784296
T157K	T157K	157	157	-0.47393757	-0.51011074	-0.25904357	-0.78722817	-0.36286786	-0.49137267	-0.63624483	-0.50656474	-0.31504926	-0.6881148	10	-0.5030534	0.16610828	0.65114444	Binding_K13	-0.30286884	0.10000731	0.39202866
T157L	T157L	157	157	-0.54669785	-0.48501268	-0.4585436	-0.19649243	-0.2742198	-0.3083438	-0.48830837	-0.36355457	-0.47311237	-0.43269178	10	-0.4026977	0.112190135	0.43978533	Binding_K13	-0.24244858	0.0675453	0.2647776
T157M	T157M	157	157	-0.3438623	-0.45031792	-0.5500002	-0.643714	-0.42245403	-0.4220312	-0.5489683	-0.22141434	-0.5465625	-0.35297084	10	-0.45022956	0.12521806	0.49085483	Binding_K13	-0.27106565	0.07538891	0.29552454
T157N	T157N	157	157	-0.16936965	-0.30286133	-0.17202792	-0.3684362	-0.287012	-0.46582696	-0.24693206	-0.20194797	-0.12087557	-0.19552284	10	-0.25308126	0.10499623	0.4115852	Binding_K13	-0.15237035	0.06321413	0.2477994
T157P	T157P	157	157	0.43579862	-0.18408094	-0.14297715	-0.2680549	-0.09618509	-0.15538858	-0.5693848	0.1795003	-0.19947821	-0.20767528	10	-0.120792605	0.26727656	1.0477241	Binding_K13	-0.07272451	0.16091679	0.6307938
T157Q	T157Q	157	157	-0.43801397	-0.48334676	-0.34069687	-0.26070103	-0.35782734	-0.40295365	-0.32231948	-0.27145776	-0.41188383	-0.7693554	10	-0.4058556	0.1460134	0.5723725	Binding_K13	-0.24434982	0.08790897	0.34460315
T157R	T157R	157	157	-0.67020357	-0.7139432	-0.56011796	-0.5819669	-0.52581537	-0.77954763	-0.6068318	-0.658285	-0.66409206	-0.7225367	10	-0.64833397	0.079423726	0.31134102	Binding_K13	-0.39033657	0.047817927	0.18744628
T157S	T157S	157	157	-0.41438323	-0.33340305	-0.37686843	-0.54613	-0.4130429	-0.42030856	-0.47138494	-0.47335726	-0.45699805	-0.4874247	10	-0.4393301	0.06056586	0.23741817	Binding_K13	-0.2645035	0.03646434	0.14294022
T157V	T157V	157	157	-0.422013	-0.36595795	-0.5937899	-0.4491193	-0.38184175	-0.46111515	-0.41109976	-0.51374674	-0.6169896	-0.36744657	10	-0.45831198	0.089986615	0.35274753	Binding_K13	-0.27593175	0.05417743	0.21237552
T157W	T157W	157	157	-0.41669735	-0.355391	-0.15083532	-0.3892157	-0.28958103	-0.28262272	-0.24018115	-0.38524526	-0.4702804	-0.44014668	10	-0.34201965	0.099516355	0.39010412	Binding_K13	-0.20591669	0.059914913	0.23486647
T157Y	T157Y	157	157	-0.15224442	-0.32170066	-0.15465228	-0.20251669	-0.44213292	-0.1304697	-0.29140446	-0.18203314	-0.26392466	-0.26929605	10	-0.24103752	0.096230246	0.37722257	Binding_K13	-0.14511928	0.057936475	0.22711098
T182A	T182A	182	182	-0.42834368	-0.47449997	-0.37487516	-0.6544195	-0.36937636	-0.33387524	-0.47651407	-0.41229016	-0.3786073	-0.40657118	10	-0.43093723	0.09065169	0.35535464	Binding_K13	-0.2594505	0.054577846	0.21394517
T182C	T182C	182	182	-0.49249834	-0.4297727	-0.20946479	-0.2717674	-0.25881758	-0.16305625	-0.3837611	-0.27307928	-0.30036965	-0.31959286	10	-0.310218	0.10023331	0.3929146	Binding_K13	-0.18677016	0.060346562	0.23655853
T182D	T182D	182	182	-0.5416664	-0.4281989	-0.4582572	-0.5448499	-0.4239384	-0.52800465	-0.24236387	-0.5203859	-0.5319303	-0.6794389	10	-0.48990345	0.113629766	0.4454287	Binding_K13	-0.29495174	0.06841205	0.26817524
T182E	T182E	182	182	-0.63823116	-0.95772326	-0.6235526	-0.59237623	-0.5285474	-0.41723326	-0.59888625	-0.560192	-0.682434	-0.7023924	10	-0.6301569	0.14076011	0.5517796	Binding_K13	-0.37939286	0.08474617	0.33220497
T182F	T182F	182	182	-0.39209348	-0.384816	-0.28128394	-0.20499152	-0.28825688	-0.015143205	-0.32253838	-0.26554564	-0.22693641	-0.19134575	10	-0.2572951	0.109003164	0.4272924	Binding_K13	-0.15490735	0.065626554	0.2572561
T182G	T182G	182	182	-0.1519258	-0.15737672	-0.22000274	-0.36207697	-0.20296666	-0.33560356	-0.2798303	-0.15574756	-0.1879469	-0.2980695	10	-0.23515466	0.078123555	0.30624434	Binding_K13	-0.14157744	0.047035143	0.18437776
T182H	T182H	182	182	-0.7776388	-0.50031936	-0.5958403	-0.4377801	-0.4025906	-0.24603498	-0.26954192	-0.29462704	-0.37537992	-0.42318255	10	-0.43229356	0.16159116	0.63343734	Binding_K13	-0.26026708	0.09728773	0.3813679
T182I	T182I	182	182	-0.14462002	-0.17167373	-0.32255918	-0.23529623	-0.06022077	-0.1652064	-0.23652254	-0.15828475	-0.14887016	-0.18387464	10	-0.18271284	0.06979702	0.2736043	Binding_K13	-0.11000427	0.04202206	0.16472648
T182K	T182K	182	182	-0.29213962	-0.15214227	-0.0939206	-0.082031354	-0.05359139	-0.04744415	-0.1540885	-0.2363143	0.03975052	-0.14139016	10	-0.12133118	0.09609745	0.376702	Binding_K13	-0.07304877	0.057856523	0.22679757
T182L	T182L	182	182	-0.32470605	-0.2473618	-0.3871514	-0.43319145	-0.3684443	-0.397995	-0.29325628	-0.2366824	-0.30743453	-0.072867766	10	-0.30690914	0.10446993	0.40952215	Binding_K13	-0.18477802	0.06289727	0.24655731
T182M	T182M	182	182	-0.50189805	-0.6204877	-0.5000312	-0.42281383	-0.5241315	-0.4569848	-0.44252947	-0.45140085	-0.43893814	-0.5443192	10	-0.4903535	0.060862463	0.23858085	Binding_K13	-0.2952227	0.036642913	0.14364022
T182N	T182N	182	182	-0.033531282	0.0914644	-0.13725927	-0.10078822	-0.012947681	-0.10749948	-0.021041282	0.111704335	0.0493094	-0.06730293	10	-0.022789199	0.08491856	0.33288077	Binding_K13	-0.013720487	0.05112615	0.20041451
T182P	T182P	182	182	-0.2706097	-0.21532547	-0.33288458	-0.36217138	-0.1760784	-0.21951596	-0.28616828	-0.050300468	-0.22781637	-0.47485167	10	-0.2615722	0.114684254	0.44956228	Binding_K13	-0.15748242	0.069046915	0.27066392
T182Q	T182Q	182	182	-0.5511989	-0.2714802	-0.5923003	-0.22984484	-0.54216945	-0.20848098	-0.4820801	-0.5150661	-0.73335207	-0.27362072	10	-0.43995935	0.18052623	0.7076628	Binding_K13	-0.26488236	0.108687796	0.42605618
T182R	T182R	182	182	-0.37941584	-0.4431525	-0.4365475	-0.41017255	-0.28492895	-0.3322086	-0.27050844	-0.2202541	-0.24892128	-0.25369087	10	-0.32798007	0.083666764	0.32797372	Binding_K13	-0.197464	0.050372493	0.19746017
T182S	T182S	182	182	-0.37621763	-0.2118384	-0.22032008	-0.19832762	-0.25393924	-0.2840678	-0.31680617	-0.26404548	-0.21560143	-0.30608496	10	-0.26472488	0.056701135	0.22226845	Binding_K13	-0.15938053	0.03413754	0.13381916
T182V	T182V	182	182	-0.35476023	-0.34483725	-0.38287327	-0.4515195	-0.40468973	-0.34574214	-0.40975463	-0.39164567	-0.38412476	-0.37018314	10	-0.38401306	0.0329195	0.12904444	Binding_K13	-0.23119928	0.019819546	0.07769262
T182W	T182W	182	182	0.24083029	0.20476447	0.21202333	0.095779516	0.49352336	-0.09755159	0.20648906	0.2390242	0.33466414	0.21520431	10	0.21447511	0.1510057	0.59194237	Binding_K13	0.1291271	0.09091464	0.35638538
T182Y	T182Y	182	182	-0.44745797	-0.36950433	-0.27082622	-0.27937806	-0.5801539	-0.31713966	-0.58501095	-0.3160721	-0.33765268	-0.46595275	10	-0.39691487	0.11697756	0.45855203	Binding_K13	-0.23896696	0.07042762	0.27607626
T19A	T19A	19	19	-0.17618541	-0.12764329	-0.11342161	-0.20272972	-0.109234214	-0.114746585	-0.14969335	-0.17247134	-0.08929389	-0.21958657	10	-0.1475006	0.043689128	0.17126139	Binding_K13	-0.08880436	0.026303519	0.10310979
T19C	T19C	19	19	-0.11786793	-0.14154056	-0.061601765	-0.044815395	-0.3531495	-0.1969322	-0.12693897	0.0017257036	-0.2002947	-0.16248374	10	-0.1403899	0.09931365	0.3893095	Binding_K13	-0.08452328	0.059792873	0.23438807
T19D	T19D	19	19	-0.63602805	-0.5257881	-0.59580004	-0.68155205	-0.3915584	-0.7065926	-0.63133675	-0.5947614	-0.7330545	-0.52318066	10	-0.60196525	0.10157603	0.39817804	Binding_K13	-0.36241978	0.061154965	0.23972747
T19E	T19E	19	19	-0.3324887	-0.5311952	-0.3850939	-0.29912534	-0.55728596	-0.41553816	-0.57208705	-0.4972569	-0.49275562	-0.52729535	10	-0.46101218	0.0964963	0.3782655	Binding_K13	-0.27755743	0.058096655	0.22773889
T19F	T19F	19	19	-0.14219889	-0.071507126	0.055164058	0.095378704	0.23828419	0.13115089	0.18916616	0.06902418	0.13645832	0.08000962	10	0.078093015	0.11354846	0.44510996	Binding_K13	0.047016755	0.06836309	0.26798332
T19G	T19G	19	19	-0.38311353	-0.25841972	-0.42742723	-0.5560475	-0.5072296	-0.540997	-0.6298763	-0.5255301	-0.5540094	-0.5859466	10	-0.4968597	0.110498615	0.43315458	Binding_K13	-0.29913983	0.066526905	0.26078546
T19H	T19H	19	19	-0.41491452	-0.26450983	-0.26854002	-0.47257432	-0.14350627	-0.1801946	-0.1471085	-0.5153592	-0.23482516	-0.41865003	10	-0.30601826	0.13816212	0.5415955	Binding_K13	-0.18424165	0.08318202	0.32607353
T19I	T19I	19	19	-0.3673466	-0.35290268	-0.19739047	-0.17373496	-0.12003543	-0.4066502	-0.16766785	-0.19863456	-0.30725253	-0.38632938	10	-0.2677945	0.10671222	0.41831192	Binding_K13	-0.16122861	0.064247265	0.2518493
T19K	T19K	19	19	-0.23651567	-0.2115019	-0.28207585	-0.2110075	-0.22922619	-0.40298536	-0.13787386	-0.2791328	-0.34116265	-0.48610756	10	-0.28175893	0.102978624	0.4036762	Binding_K13	-0.16963606	0.06199941	0.2430377
T19L	T19L	19	19	-0.20306271	-0.21096216	-0.3791351	-0.20342733	-0.26009113	-0.3030479	-0.3385773	-0.23441643	-0.21099515	-0.3066086	10	-0.26503238	0.06328317	0.24807002	Binding_K13	-0.15956566	0.038100325	0.14935328
T19M	T19M	19	19	-0.2959025	-0.3295063	-0.33311662	-0.29533795	-0.2814655	-0.2515868	-0.18368013	-0.15806863	-0.415075	-0.22912121	10	-0.27728608	0.075626925	0.29645756	Binding_K13	-0.16694313	0.04553202	0.17848553
T19N	T19N	19	19	-0.32724378	-0.328995	-0.42351094	-0.48561913	-0.39712477	-0.35622853	-0.26991084	-0.3695042	-0.31195888	-0.46964908	10	-0.3739745	0.06978136	0.27354294	Binding_K13	-0.22515546	0.042012636	0.16468954
T19P	T19P	19	19	-0.70288366	-0.7675741	-0.6434726	-0.66382676	-0.53532875	-0.58662546	-0.6826737	-0.6342656	-0.46346924	-0.6606858	10	-0.6340806	0.08673634	0.34000644	Binding_K13	-0.38175517	0.052220564	0.20470461
T19Q	T19Q	19	19	-0.5506026	-0.35724792	-0.3252085	-0.2046648	-0.38853097	-0.5701147	-0.43375802	-0.337608	-0.6552761	-0.33077797	10	-0.41537896	0.13741821	0.5386794	Binding_K13	-0.25008345	0.082734145	0.32431784
T19R	T19R	19	19	-0.32426298	-0.37747902	-0.46761128	-0.27380326	-0.4530621	-0.35121232	-0.4055181	-0.23894829	-0.3899232	-0.25525805	10	-0.35370785	0.07994878	0.31339923	Binding_K13	-0.21295369	0.048134044	0.18868546
T19S	T19S	19	19	-0.26941237	-0.2651699	-0.45173892	-0.48510447	-0.43682203	-0.40446824	-0.36738518	-0.22636957	-0.42637795	-0.30750716	10	-0.3640356	0.090710394	0.35558474	Binding_K13	-0.21917163	0.054613188	0.2140837
T19V	T19V	19	19	0.008930098	-0.004377898	-0.02536138	-0.027016247	-0.06832838	-0.080232605	-0.027343867	-0.03702304	-0.077803165	-0.051071476	10	-0.038962796	0.030142356	0.118158035	Binding_K13	-0.02345798	0.018147536	0.071138345
T19W	T19W	19	19	-0.097753696	-0.22932155	-0.17105696	-0.12876895	-0.19177839	-0.031256117	-0.1778258	-0.09336322	-0.10685518	-0.19501896	10	-0.14229988	0.06058836	0.23750637	Binding_K13	-0.0856732	0.036477886	0.14299332
T19Y	T19Y	19	19	-0.24373588	-0.25817966	-0.10134544	-0.019322544	-0.32338694	-0.13319547	-0.538053	-0.890879	-0.19471756	-0.1576302	10	-0.28604457	0.25533026	1.0008947	Binding_K13	-0.17221627	0.15372439	0.6025996
T1A	T1A	1	1	-0.21989422	-0.29197544	-0.2484013	-0.18675092	-0.33567825	-0.30824295	-0.21071425	-0.30015388	-0.020183122	-0.30030838	10	-0.24223027	0.09201819	0.3607113	Binding_K13	-0.1458374	0.055400558	0.2171702
T1C	T1C	1	1	-0.29105633	-0.12913585	-0.331175	-0.14967512	-0.20941542	-0.16769922	-0.22506559	-0.17070338	-0.30444998	-0.14886849	10	-0.21272445	0.07270652	0.28500956	Binding_K13	-0.12807308	0.04377376	0.17159314
T1D	T1D	1	1	-0.65424275	-0.46808696	-0.4807979	-0.38720983	-0.34478113	-0.48331282	-0.28048575	-0.34909135	-0.6515039	-0.7770726	10	-0.4876585	0.1603574	0.628601	Binding_K13	-0.29360014	0.09654494	0.37845615
T1E	T1E	1	1	-0.48882884	-0.46810576	-0.23034443	-0.42790848	-0.2973539	-0.47507387	-0.6452523	-0.5014369	-0.5752399	-0.58288723	10	-0.46924314	0.12689099	0.49741268	Binding_K13	-0.282513	0.07639611	0.29947275
T1F	T1F	1	1	0.040903915	-0.053150095	-0.1159711	0.050780598	-0.2262027	-0.09982232	-0.037009686	-0.16327882	-0.32703382	-0.2884343	10	-0.12192184	0.12960796	0.5080632	Binding_K13	-0.07340438	0.0780319	0.30588505
T1G	T1G	1	1	-0.31665942	-0.45864767	-0.37144846	-0.33267567	-0.29422554	-0.21751954	-0.332312	-0.19503005	-0.22685872	-0.23848428	10	-0.29838613	0.08139486	0.31906787	Binding_K13	-0.17964664	0.049004667	0.19209829
T1H	T1H	1	1	-0.20312074	-0.34694898	-0.3237001	-0.56892467	-0.09261187	-0.83378327	-0.41551074	-0.27824637	0.043078624	-0.61527246	10	-0.36350405	0.25884235	1.014662	Binding_K13	-0.21885161	0.15583888	0.6108884
T1I	T1I	1	1	0.040019877	-0.25010473	-0.049166467	0.033371817	-0.14432177	0.041992787	-0.38324532	0.13873175	-0.19004895	-0.029668467	10	-0.07924394	0.16007061	0.6274768	Binding_K13	-0.047709685	0.09637227	0.3777793
T1K	T1K	1	1	-0.23168558	-0.2459515	-0.24222594	-0.24889544	-0.22629648	-0.2430872	-0.22503476	-0.24165566	-0.22507338	-0.22705196	10	-0.2356958	0.009532657	0.03736802	Binding_K13	-0.14190324	0.005739241	0.022497825
T1L	T1L	1	1	0.07938706	-0.03721784	-0.015052661	0.057009667	-0.0394332	-0.08652851	-0.11082463	0.011209693	0.12128853	-0.13978115	10	-0.015994301	0.084528476	0.33135164	Binding_K13	-0.009629545	0.050891295	0.19949389
T1M	T1M	1	1	-0.413853	-0.67745185	-0.7727583	-0.76212823	-0.48901746	-0.4581382	-0.58193743	-0.48295984	-0.66927433	-0.52132696	10	-0.5828846	0.12966026	0.50826824	Binding_K13	-0.35093206	0.07806338	0.30600846
T1N	T1N	1	1	-0.7017024	-0.56964326	-0.33210474	-0.96705025	-0.7588304	-0.48586646	-0.5220551	-0.4761452	-0.8109275	-0.44078386	10	-0.6065109	0.19631152	0.76954114	Binding_K13	-0.36515653	0.1181915	0.4633107
T1P	T1P	1	1	0.12919226	-0.08630389	-0.18811639	0.007135558	-0.2550422	-0.03412681	0.07377581	0.0059037325	-0.26821753	0.057118367	10	-0.055868108	0.1395458	0.54701954	Binding_K13	-0.033636007	0.08401508	0.32933912
T1Q	T1Q	1	1	-0.2650726	-0.29229897	0.027167825	-0.043707937	-0.22434254	-0.251715	-0.28030965	-0.5286247	-0.57580346	-0.30791408	10	-0.27426213	0.18385437	0.72070915	Binding_K13	-0.16512252	0.11069154	0.43391085
T1R	T1R	1	1	-0.34919047	-0.41001222	-0.528196	-0.29876947	-0.28809613	-0.44172546	-0.4064582	-0.4354235	-0.43470258	-0.32327688	10	-0.39158505	0.07550298	0.29597166	Binding_K13	-0.23575808	0.045457397	0.178193
T1S	T1S	1	1	-0.3002461	-0.2625541	-0.34933662	-0.33091006	-0.17597955	-0.28174692	-0.2541712	-0.15736307	-0.24960566	-0.1852004	10	-0.25471136	0.06511489	0.2552504	Binding_K13	-0.15335177	0.039203137	0.1536763
T1V	T1V	1	1	-0.014046893	-0.027323252	-0.066495076	-0.05027485	-0.111652784	-0.036163963	-0.03508486	-0.054330334	-0.11936768	-0.21757847	10	-0.07323182	0.06129164	0.24026322	Binding_K13	-0.044090018	0.036901303	0.14465311
T1W	T1W	1	1	0.24371973	0.11609686	0.040024064	-0.12215347	0.24868158	0.16382591	-0.073058896	-0.19492422	0.113953754	0.085488565	10	0.062165387	0.15020877	0.5888184	Binding_K13	0.037427355	0.09043484	0.3545046
T1Y	T1Y	1	1	-0.47879288	-0.24478152	-0.08790173	-0.1433312	-0.3548725	-0.019150445	-0.19256504	-0.21748097	-0.5024682	-0.20345074	10	-0.2444795	0.15785922	0.61880815	Binding_K13	-0.14719157	0.09504087	0.37256023
T34A	T34A	34	34	-0.354446	-0.16255355	-0.43831068	-0.4871754	-0.50614625	-0.36963323	-0.24633534	-0.36997297	-0.40056375	-0.11615558	10	-0.34512928	0.13110083	0.5139153	Binding_K13	-0.20778887	0.0789307	0.30940834
T34C	T34C	34	34	-0.28408116	-0.23140433	-0.32147193	-0.67582244	-0.29504672	-0.12728779	-0.2652935	-0.19414596	-0.29312745	-0.53295106	10	-0.32206327	0.16274436	0.6379579	Binding_K13	-0.19390172	0.09798203	0.38408956
T34D	T34D	34	34	-0.3099288	-0.51300967	-0.15959053	-0.14628753	-0.19548997	-0.2904049	-0.18165246	-0.2207815	-1.2612573	-0.58223844	10	-0.38606408	0.3415185	1.3387525	Binding_K13	-0.23243412	0.20561495	0.80601066
T34E	T34E	34	34	-0.63773084	-1.6428976	-1.2270018	-0.5481039	-0.72282493	-0.61843795	-0.31034136	-0.87937725	-1.3614664	-1.0786794	10	-0.9026861	0.41567072	1.6294292	Binding_K13	-0.5434721	0.25025913	0.9810158
T34F	T34F	34	34	-0.84758073	-0.20813178	-0.35204965	-0.45577076	-0.20837517	-0.15353715	-0.1927887	-0.47976202	-0.18807651	-0.22976139	10	-0.33158338	0.21509647	0.8431782	Binding_K13	-0.19963342	0.1295012	0.5076447
T34G	T34G	34	34	-0.28435737	-0.32360932	-0.24029721	-0.22362067	-0.21970084	-0.20907223	-0.27193654	-0.34915286	-0.25965673	-0.29797882	10	-0.26793826	0.046513803	0.18233411	Binding_K13	-0.16131517	0.028004145	0.10977625
T34H	T34H	34	34	-0.09647265	-1.2573558	-1.2508733	-0.23382084	-0.3427311	-0.26396742	-0.96759665	-0.24833407	-0.7330346	-0.02010736	10	-0.5414294	0.47151643	1.8483444	Binding_K13	-0.3259735	0.28388163	1.112816
T34I	T34I	34	34	-0.90779305	-0.8962828	-0.41368008	-0.22907297	-0.32237032	-0.5620137	-1.216152	-0.7810078	-0.3393654	-1.4889573	10	-0.7156695	0.41768295	1.6373172	Binding_K13	-0.43087667	0.2514706	0.98576474
T34K	T34K	34	34	-0.8190903	-1.0499357	0.07855774	-0.01413957	0.01647701	-0.7338986	-0.6091452	-0.6457989	-1.0739086	-0.30853266	10	-0.51594144	0.4337375	1.700251	Binding_K13	-0.3106282	0.2611364	1.0236547
T34L	T34L	34	34	-0.8137697	-0.67160106	-0.4341895	-0.46779117	-0.636479	-0.43009463	-0.52904993	-0.5543593	-0.8209898	-0.6903936	10	-0.60487175	0.14525157	0.5693862	Binding_K13	-0.3641697	0.0874503	0.3428052
T34M	T34M	34	34	-0.74524814	-1.0362176	-0.6408408	-0.5292769	-0.37666824	-0.1504212	-0.7628665	-0.39401862	-0.6023392	-0.71810484	10	-0.59560025	0.24782726	0.9714829	Binding_K13	-0.35858765	0.14920712	0.5848919
T34N	T34N	34	34	-0.44619498	-0.5546415	-1.892827	-1.3167058	-0.5295545	-0.8500923	-0.77694184	-0.3092897	-0.90918624	-0.7032294	10	-0.82886636	0.46863472	1.8370482	Binding_K13	-0.4990281	0.2821467	1.1060151
T34P	T34P	34	34	-0.3273268	-0.7619376	-1.3667434	-1.1802273	-0.41632393	-0.6204839	-0.2541564	-0.41652352	-0.5226147	-0.45285422	10	-0.6319192	0.3696866	1.4491715	Binding_K13	-0.38045388	0.22257388	0.87248963
T34Q	T34Q	34	34	-0.92923164	-0.4779101	-0.6936217	-0.36720923	-0.4592004	-0.8532774	-0.70274633	-0.71846074	-0.21332079	-0.53983116	10	-0.595481	0.22304872	0.87435097	Binding_K13	-0.35851586	0.13428892	0.5264126
T34R	T34R	34	34	-0.08562784	-0.31664845	-0.118085146	-0.1320511	-0.30871072	-0.27516592	-0.3802125	-0.17115684	-0.31882966	-0.096973084	10	-0.22034614	0.110245556	0.43216258	Binding_K13	-0.1326618	0.06637455	0.26018822
T34S	T34S	34	34	-0.29979408	-0.30302683	-0.3241676	-0.27013248	-0.27525505	-0.29203033	-0.3151197	-0.2940521	-0.29097238	-0.29883817	10	-0.29633886	0.016241122	0.0636652	Binding_K13	-0.17841406	0.009778146	0.03833033
T34V	T34V	34	34	-0.21518643	-0.17121166	-0.1387443	-0.31364343	0.0028801444	-0.07203212	-0.28989297	-0.015032605	-0.5308115	-0.25932539	10	-0.20030002	0.16003859	0.6273513	Binding_K13	-0.120592825	0.09635299	0.37770373
T34W	T34W	34	34	-0.04379006	-0.3664227	0.026733017	-0.14819276	0.0058945706	0.017414076	-0.14305668	0.00944538	0.02887145	-0.12620713	10	-0.07393108	0.12554552	0.49213845	Binding_K13	-0.04451102	0.07558606	0.29629734
T34Y	T34Y	34	34	-0.35233533	-0.59967184	-0.3346689	-0.65844446	-0.8887967	-1.2771627	-1.2431479	-0.46577457	-0.82515186	-0.66895366	10	-0.7314108	0.33191743	1.3011163	Binding_K13	-0.4403539	0.19983454	0.7833514
T49A	T49A	49	49	-0.32690474	-0.08760023	-0.036611784	-0.0133462325	-0.12934905	-0.25775662	-0.13139093	-0.17136844	-0.12742661	-0.26394048	10	-0.1545695	0.10156782	0.39814585	Binding_K13	-0.09306027	0.06115002	0.2397081
T49C	T49C	49	49	-0.24870344	-0.09886956	0.12533225	-0.013474082	0.030588023	-0.1928345	-0.04446803	-0.081543624	-0.17816299	-0.41268322	10	-0.11148192	0.1534902	0.6016816	Binding_K13	-0.06711891	0.09241046	0.36224902
T49D	T49D	49	49	-0.38078323	-0.13872984	-0.12518401	-0.26556057	-0.27756143	-0.27276608	-0.19208856	-0.13952656	-0.2744756	-0.3255209	10	-0.2392197	0.0864631	0.33893538	Binding_K13	-0.14402485	0.05205606	0.20405975
T49E	T49E	49	49	-0.24607863	-0.23556161	-0.3336167	-0.065499194	-0.09826904	-0.3518113	-0.23496906	-0.24075675	-0.19827808	-0.21657613	10	-0.22214165	0.08881114	0.34813967	Binding_K13	-0.13374282	0.05346972	0.20960131
T49F	T49F	49	49	0.22841015	0.1925097	0.18213879	0.20646136	0.34368074	0.22824362	0.23506135	0.20599	0.1598522	0.17854187	10	0.21608898	0.05100631	0.19994473	Binding_K13	0.13009875	0.030708909	0.12037893
T49G	T49G	49	49	-0.1866863	-0.14456819	-0.21945536	-0.011816924	-0.17252146	-0.018284444	-0.15535657	-0.13189822	-0.16243087	0.021040767	10	-0.118197754	0.08353457	0.32745552	Binding_K13	-0.07116225	0.050292905	0.19714819
T49H	T49H	49	49	-0.15528135	-0.053334765	-0.14864638	0.0039256564	-0.30455613	-0.2998246	-0.1502418	-0.29187664	-0.06694625	-0.015234372	10	-0.14820167	0.117642775	0.46115968	Binding_K13	-0.08922645	0.070828125	0.27764624
T49I	T49I	49	49	-0.37215748	-0.21067002	-0.4715702	-0.28218535	-0.48419684	-0.45933422	-0.32692227	-0.4160093	-0.44752428	-0.37093842	10	-0.38415083	0.08970391	0.35163933	Binding_K13	-0.23128222	0.054007225	0.21170832
T49K	T49K	49	49	-0.068725035	-0.44588634	-0.40491804	0.0757717	-0.16244936	-0.23053697	-0.24833989	-0.20536812	-0.27394274	-0.05451843	10	-0.20189133	0.15882884	0.6226091	Binding_K13	-0.121550895	0.09562465	0.37484863
T49L	T49L	49	49	-0.12906319	-0.17777961	-0.3147007	-0.36954504	-0.21812116	-0.21165916	-0.31879172	-0.22010602	-0.22033235	-0.40075272	10	-0.2580852	0.08780267	0.34418648	Binding_K13	-0.15538302	0.052862562	0.20722125
T49M	T49M	49	49	-0.3780104	-0.2501738	-0.37736294	-0.33453432	-0.28712633	-0.06668098	-0.3034681	-0.23216286	-0.44337702	-0.18185791	10	-0.28547546	0.109223634	0.42815664	Binding_K13	-0.17187363	0.06575929	0.2577764
T49N	T49N	49	49	-0.14954719	-0.22080055	-0.03460239	-0.27056244	-0.31185588	-0.24189475	-0.4134468	-0.20144057	-0.35397115	-0.35420215	10	-0.2552324	0.11161509	0.43753117	Binding_K13	-0.15366547	0.06719909	0.26342043
T49P	T49P	49	49	-0.40451163	-0.47927785	-0.54235286	-0.38438985	-0.33826822	-0.42203608	-0.3771061	-0.29084206	-0.31417704	-0.38122582	10	-0.39341873	0.07515485	0.294607	Binding_K13	-0.23686206	0.0452478	0.17737138
T49Q	T49Q	49	49	-0.12931462	-0.04208529	-0.3552102	-0.1990568	-0.266547	0.095780715	-0.2763341	-0.38489148	-0.3551967	-0.0627504	10	-0.1975606	0.15944871	0.625039	Binding_K13	-0.11894352	0.09599785	0.37631157
T49R	T49R	49	49	-0.33240643	-0.283792	-0.27896228	-0.19517249	-0.2398146	-0.24969384	-0.25520808	-0.16627006	-0.30666363	-0.26435083	10	-0.25723344	0.049230456	0.19298339	Binding_K13	-0.15487021	0.029639736	0.116187766
T49S	T49S	49	49	-0.17846036	-0.24565424	-0.18232779	-0.13980007	-0.19647309	-0.22544521	-0.27811235	-0.10686253	-0.22326347	-0.19769597	10	-0.19740951	0.049888786	0.19556405	Binding_K13	-0.11885256	0.030036092	0.11774148
T49V	T49V	49	49	-0.38700938	-0.22370675	-0.22857061	-0.3120046	-0.27774152	-0.27346334	-0.35591856	-0.13450278	-0.347289	-0.22760879	10	-0.27678153	0.076332	0.29922146	Binding_K13	-0.16663936	0.04595652	0.18014956
T49W	T49W	49	49	0.33997527	0.32180426	-0.25408202	0.13683629	0.15175799	0.10808747	0.1640856	0.34973875	0.19419628	0.2629717	10	0.17753716	0.17576802	0.6890106	Binding_K13	0.1068882	0.10582306	0.41482642
T49Y	T49Y	49	49	-0.24918742	-0.30913475	-0.18439998	-0.060150217	-0.45527676	-0.2649	-0.1873351	-0.24372084	-0.22596125	-0.34805316	10	-0.25281197	0.10555881	0.41379055	Binding_K13	-0.15220822	0.06355284	0.24912715
T57A	T57A	57	57	-0.1476006	-0.06695267	-0.12196478	-0.048725504	0.012416454	-0.12539276	0.013952315	-0.09920214	0.10282676	-0.06020186	10	-0.05408448	0.077730104	0.304702	Binding_K13	-0.032562155	0.046798263	0.1834492
T57C	T57C	57	57	-0.47246674	-0.21518621	-0.3627755	-0.45718354	-0.3380696	-0.5510234	-0.34564805	-0.36529535	-0.32542416	-0.40705338	10	-0.3840126	0.09304749	0.36474618	Binding_K13	-0.23119901	0.056020264	0.21959944
T57D	T57D	57	57	-0.36115855	-0.2627809	-0.26475888	-0.21290025	-0.25848863	-0.40891778	-0.36952364	-0.4348042	-0.3739248	-0.28398278	10	-0.32312402	0.0752183	0.29485574	Binding_K13	-0.19454037	0.045286	0.17752112
T57E	T57E	57	57	-0.4263025	-0.24387094	-0.3095989	-0.31370303	-0.24003558	-0.4465022	-0.428104	-0.37904882	-0.44053206	-0.4919564	10	-0.37196547	0.089384906	0.35038882	Binding_K13	-0.22394589	0.053815164	0.21095544
T57F	T57F	57	57	0.30062488	-0.012692271	0.116720825	0.009387417	0.084787205	-0.41200262	0.057399165	0.1536633	-0.06691826	-0.053038273	10	0.01779314	0.18625417	0.73011637	Binding_K13	0.010712555	0.11213637	0.4395746
T57G	T57G	57	57	-0.09215033	-0.19130038	-0.16612315	-0.087842114	-0.13804942	-0.07435863	-0.32954738	-0.1723613	-0.20021954	-0.17196806	10	-0.16239204	0.07397189	0.2899698	Binding_K13	-0.09776991	0.04453559	0.17457952
T57H	T57H	57	57	0.022142755	-0.10838054	-0.101607285	-0.14734213	-0.05329545	-0.017723076	-0.1411773	-0.08212187	-0.26205292	-0.17071894	10	-0.10622767	0.08101675	0.31758568	Binding_K13	-0.06395554	0.04877702	0.19120593
T57I	T57I	57	57	-0.14910626	-0.14649296	-0.1204224	-0.16760276	-0.049022265	-0.14801891	0.026622098	-0.047728226	-0.13264051	-0.17023449	10	-0.110464655	0.06509264	0.25516313	Binding_K13	-0.06650646	0.039189737	0.15362377
T57K	T57K	57	57	-0.33243477	-0.7169274	-0.2819312	-0.111547366	-0.27026173	-0.08082845	-0.36482134	-0.11704375	-0.08952262	-0.19095059	10	-0.25562695	0.19259039	0.75495434	Binding_K13	-0.15390301	0.11595116	0.45452854
T57L	T57L	57	57	-0.10692358	-0.07538567	-0.090023525	-0.045011517	-0.08904389	-0.083737224	-0.10876996	-0.18601257	-0.1634115	-0.09931394	10	-0.104763344	0.041407526	0.1623175	Binding_K13	-0.06307392	0.024929855	0.097725034
T57M	T57M	57	57	-0.3107777	-0.06785039	-0.15464735	-0.37457514	-0.4605185	-0.38842225	-0.2736392	-0.14958371	-0.27351236	-0.34273615	10	-0.27962628	0.12291829	0.48183972	Binding_K13	-0.16835207	0.07400431	0.29009688
T57N	T57N	57	57	-0.35360485	-0.12629178	-0.18899754	-0.39456704	-0.401099	-0.2821323	-0.22968023	-0.24447353	-0.16871093	-0.01924421	10	-0.24088013	0.122015424	0.47830048	Binding_K13	-0.14502452	0.07346073	0.28796607
T57P	T57P	57	57	0.10477816	0.044877183	0.07885293	0.06612055	0.044666532	0.16185762	0.04113577	-0.010894659	-0.038276248	0.041750416	10	0.05348683	0.055962026	0.21937114	Binding_K13	0.032202333	0.033692554	0.13207482
T57Q	T57Q	57	57	0.24068066	0.27032492	0.13405532	0.2566608	0.0970323	0.4525537	0.23063202	0.33643067	0.18430898	0.21945149	10	0.24221309	0.10049994	0.3939598	Binding_K13	0.14582704	0.060507093	0.2371878
T57R	T57R	57	57	-0.051412847	-0.093680955	-0.11974757	-0.06707436	-0.088310815	-0.012315744	-0.079671204	-0.045940418	-0.16323717	-0.0023449701	10	-0.072373606	0.048234195	0.18907805	Binding_K13	-0.043573324	0.029039927	0.11383651
T57S	T57S	57	57	-0.23871325	-0.24358553	-0.25118762	-0.18838641	-0.18314117	-0.21534604	-0.23588142	-0.2949982	-0.22035293	-0.3109054	10	-0.23824981	0.04091875	0.1604015	Binding_K13	-0.14344092	0.024635581	0.09657148
T57V	T57V	57	57	-0.15141988	-0.11745882	-0.08910203	-0.060455654	-0.11179002	-0.24541953	-0.11398761	-0.08117937	-0.13227013	-0.18164225	10	-0.12847254	0.05381761	0.21096504	Binding_K13	-0.0773483	0.032401484	0.12701382
T57W	T57W	57	57	0.08383025	0.41737238	0.14592612	0.06711401	0.2029837	0.095424265	0.21664947	-0.10186979	-0.09348388	-0.145495	10	0.08884515	0.17179509	0.67343676	Binding_K13	0.053490195	0.10343111	0.40544996
T57Y	T57Y	57	57	-0.24063063	-0.1600354	-0.2623577	-0.36885354	-0.28760085	-0.29605454	-0.18670478	-0.32356516	-0.29605338	-0.10618031	10	-0.25280362	0.08037389	0.31506565	Binding_K13	-0.1522032	0.048389982	0.18968874
T73A	T73A	73	73	-0.5128542	-0.27441448	-0.37803668	-0.35343835	-0.19234444	-0.20574957	-0.23541065	-0.37084916	-0.36888742	-0.26764858	10	-0.31596336	0.098778635	0.38721225	Binding_K13	-0.1902292	0.05947076	0.23312539
T73C	T73C	73	73	-0.15850055	-0.3824238	-0.17999963	-0.037148695	0.027968492	-0.16083331	-0.27327636	-0.15436712	-0.16530743	-0.26119155	10	-0.17450798	0.11610637	0.45513698	Binding_K13	-0.105064444	0.06990311	0.2740202
T73D	T73D	73	73	-0.26202583	-0.22166322	-0.13963558	-0.15447123	-0.2571974	-0.002613006	-0.12593502	-0.11649665	-0.16430975	-0.22107188	10	-0.16654196	0.078349814	0.3071313	Binding_K13	-0.100268416	0.047171365	0.18491176
T73E	T73E	73	73	-0.2503998	-0.31334925	-0.3273061	-0.34220195	-0.14158843	-0.33034128	-0.3012619	-0.18427081	-0.29840055	-0.1239379	10	-0.2613058	0.0820587	0.32167011	Binding_K13	-0.15732203	0.049404338	0.19366501
T73F	T73F	73	73	-0.0935344	-0.15311451	-0.069281854	0.08316336	0.17540854	-0.20690891	-0.1767228	-0.2070173	-0.124920264	-0.29403183	10	-0.106695995	0.14134075	0.55405575	Binding_K13	-0.0642375	0.08509575	0.33357534
T73G	T73G	73	73	-0.038576756	-0.020121917	-0.051678903	-0.054122914	-0.11159271	-0.060124688	-0.06887979	-0.0894116	-0.12749454	0.037778474	10	-0.05842253	0.04696331	0.18409619	Binding_K13	-0.035173923	0.028274776	0.110837124
T73H	T73H	73	73	-0.10051941	-0.18799649	-0.057055578	0.03300139	-0.0692667	-0.047384806	-0.07628702	0.020489179	-0.39994314	-0.31760383	10	-0.12025664	0.14113984	0.5532682	Binding_K13	-0.07240183	0.08497479	0.33310118
T73I	T73I	73	73	-0.4420222	-0.6303609	-0.39948544	-0.58739895	-0.37857926	-0.6152121	-0.42852366	-0.5297237	-0.34030774	-0.539926	10	-0.489154	0.10436351	0.40910497	Binding_K13	-0.29450053	0.0628332	0.24630614
T73K	T73K	73	73	-0.20229356	-0.2289666	-0.3037338	-0.1575816	-0.20037049	-0.24692832	-0.24201286	-0.20140174	-0.26765716	-0.30079702	10	-0.23517433	0.04683185	0.18358086	Binding_K13	-0.14158928	0.028195629	0.11052687
T73L	T73L	73	73	-0.2060266	-0.56928366	-0.3689979	-0.27579743	-0.352606	-0.34260362	-0.26792255	-0.3103202	-0.40659484	-0.4195286	10	-0.35196814	0.100582615	0.39428386	Binding_K13	-0.21190628	0.060556866	0.23738292
T73M	T73M	73	73	-0.15914841	-0.0862322	-0.10720161	-0.15615453	-0.1671661	-0.15598403	-0.09684813	-0.12256287	-0.17342034	-0.22887608	10	-0.14535943	0.04279487	0.16775589	Binding_K13	-0.087515235	0.025765121	0.10099927
T73N	T73N	73	73	0.038442098	0.067388296	-0.06778541	0.08683436	-0.07091411	0.065627426	-0.12122184	0.032549307	0.15562774	-0.027393969	10	0.01591539	0.08542796	0.3348776	Binding_K13	0.009582035	0.05143284	0.20161673
T73P	T73P	73	73	-0.16049425	-0.099537976	-0.22945483	-0.15434104	-0.16470008	-0.0662791	-0.15988505	-0.19268861	-0.22598028	-0.13981506	10	-0.15931764	0.050708674	0.198778	Binding_K13	-0.09591894	0.030529713	0.11967648
T73Q	T73Q	73	73	-0.17264661	-0.28864494	-0.32716614	-0.22870088	-0.22135438	-0.1206949	-0.06029739	0.01892354	-0.07307026	-0.18837847	10	-0.16620304	0.10781395	0.42263067	Binding_K13	-0.10006436	0.06491057	0.25444943
T73R	T73R	73	73	-0.15366031	-0.24063581	-0.3263293	-0.3772767	-0.20624153	-0.2520752	-0.25217018	-0.18185037	-0.28321043	-0.27758554	10	-0.25510353	0.066304155	0.25991228	Binding_K13	-0.15358788	0.039919145	0.15648305
T73S	T73S	73	73	-0.12065592	-0.19937783	-0.14822404	-0.07938535	-0.07420552	-0.07593574	-0.109500505	-0.05727595	-0.06266744	-0.053033825	10	-0.098026216	0.046873085	0.1837425	Binding_K13	-0.05901776	0.028220456	0.11062419
T73V	T73V	73	73	-0.31696796	-0.47766048	-0.40267652	-0.36984894	-0.31519857	-0.34681642	-0.442464	-0.34634966	-0.19350028	-0.25549835	10	-0.3466981	0.08409981	0.32967126	Binding_K13	-0.2087334	0.05063321	0.19848219
T73W	T73W	73	73	-0.55833566	-0.5970096	-0.76646626	-0.42533407	-0.7115491	-0.7599571	-0.6388898	-0.6038213	-0.47249225	-0.5811141	10	-0.6114969	0.11294721	0.44275308	Binding_K13	-0.36815843	0.06800111	0.26656434
T73Y	T73Y	73	73	-0.1440032	-0.28290474	-0.33166757	-0.19712953	-0.11277241	-0.11222292	-0.2025827	-0.06377491	-0.24131048	-0.30665955	10	-0.1995028	0.09086693	0.35619837	Binding_K13	-0.12011285	0.054707434	0.21445315
T86A	T86A	86	86	-0.026164318	0.0068823546	-0.09124031	0.03429031	-0.08542514	0.13971505	-0.13871731	-0.082703054	-0.09904733	0.05697894	10	-0.028543081	0.086949855	0.34084344	Binding_K13	-0.017184675	0.052349113	0.20520853
T86C	T86C	86	86	-0.29605213	-0.07527005	-0.14464232	-0.14383127	-0.007898595	-0.34595552	-0.32669252	-0.1456997	-0.25561455	-0.27173	10	-0.20133865	0.113738835	0.44585624	Binding_K13	-0.121218145	0.06847771	0.26843265
T86D	T86D	86	86	-0.17724305	-0.41503525	-0.5426824	-0.52276826	-0.33516228	-0.4125596	-0.2664938	-0.048544474	-0.24967068	-0.2963507	10	-0.32665104	0.15294334	0.5995379	Binding_K13	-0.19666384	0.09208122	0.3609584
T86E	T86E	86	86	0.15001807	-0.061615005	0.03524189	-0.07071071	-0.033648226	0.099328876	-0.10405316	0.22954163	0.15343206	0.006540462	10	0.040407587	0.11270173	0.4417908	Binding_K13	0.024327831	0.06785331	0.26598498
T86F	T86F	86	86	0.51261425	0.41152787	0.37734625	0.45872074	0.45559955	0.38642856	0.41752043	0.39124814	0.5990781	0.44123974	10	0.44513234	0.06782227	0.2658633	Binding_K13	0.26799682	0.04083314	0.16006592
T86G	T86G	86	86	0.06930031	0.09386209	-0.005394872	0.01549836	0.058385156	0.07516627	0.10399834	0.104281686	0.099773414	0.057582606	10	0.067245334	0.037538406	0.14715055	Binding_K13	0.04048579	0.022600409	0.0885936
T86H	T86H	86	86	0.074493065	-0.12453313	-0.08490465	-0.042498894	0.1497146	0.18998992	0.29533142	0.27200168	0.4904329	0.28500748	10	0.15050343	0.19579743	0.7675259	Binding_K13	0.09061224	0.11788199	0.4620974
T86I	T86I	86	86	-0.25319898	-0.15787019	-0.22976343	-0.13242722	-0.14971723	-0.36737776	-0.19473238	-0.1566548	-0.18923455	-0.12309598	10	-0.19540724	0.07327756	0.28724805	Binding_K13	-0.117647074	0.044117562	0.17294085
T86K	T86K	86	86	-0.5298423	-0.3292619	-0.39059854	-0.38420892	-0.07168943	-0.79057145	-0.6334253	-0.59935087	-0.6963079	-0.37918514	10	-0.4804442	0.21089272	0.8266995	Binding_K13	-0.2892567	0.12697028	0.4977235
T86L	T86L	86	86	-0.13448325	-0.18276079	-0.09382663	-0.212753	-0.3410478	-0.06539701	-0.056750007	0.036676876	-0.12911963	-0.10062054	10	-0.12800817	0.10200549	0.3998615	Binding_K13	-0.077068724	0.061413523	0.24074101
T86M	T86M	86	86	-0.32489344	-0.033387173	-0.17767988	0.046473872	0.66779226	0.0019664995	0.09434102	-0.90876436	-0.67320156	-0.16465935	10	-0.14720121	0.43265778	1.6960186	Binding_K13	-0.088624105	0.26048636	1.0211066
T86N	T86N	86	86	-0.34524378	-0.4569203	-0.60468066	-0.28305185	-0.43489644	-0.53028494	-0.5817751	-0.22451884	-0.37020934	-0.19391778	10	-0.4025499	0.14419481	0.56524366	Binding_K13	-0.24235958	0.08681407	0.34031114
T86P	T86P	86	86	-0.7322821	-0.5707789	-0.49526054	-0.48465285	-0.16536273	0.16512847	-0.29691964	-0.03522733	-0.18346792	-0.16887917	10	-0.29677027	0.27236947	1.0676883	Binding_K13	-0.1786738	0.16398303	0.6428135
T86Q	T86Q	86	86	0.014740334	-0.25237787	0.29984963	0.17766327	0.12734917	0.18504173	0.117784604	0.2270023	-0.12873428	-0.41132236	10	0.035699654	0.22955546	0.8998574	Binding_K13	0.021493368	0.13820638	0.541769
T86R	T86R	86	86	-0.11313902	-0.29477596	-0.12002739	-0.20366332	-0.103059225	-0.24065964	-0.19739051	-0.13412012	-0.19192645	-0.09721252	10	-0.16959742	0.066434026	0.2604214	Binding_K13	-0.10210799	0.039997336	0.15678956
T86S	T86S	86	86	-0.12586896	-0.19309764	-0.20174362	-0.19261435	-0.1193652	-0.23323038	-0.2491247	-0.24549553	-0.23834889	-0.15440474	10	-0.1953294	0.048329163	0.18945032	Binding_K13	-0.11760021	0.029097103	0.11406065
T86V	T86V	86	86	0.11644472	0.12205942	-0.032260735	0.02535877	0.025679272	0.091699705	-0.015854882	0.052525654	0.18590996	0.042114694	10	0.06136766	0.06740965	0.26424584	Binding_K13	0.036947075	0.04058472	0.15909211
T86W	T86W	86	86	0.3595151	0.4832724	0.564373	0.5735601	0.48810354	0.58247924	0.30971986	0.57180804	0.6196242	0.66131794	10	0.5213773	0.11236923	0.44048738	Binding_K13	0.31390095	0.06765313	0.26520026
T86Y	T86Y	86	86	0.11292512	0.26517275	0.0069760634	0.124174654	0.023180496	0.23229256	0.097087584	0.16584188	0.081778035	0.17083724	10	0.12802663	0.08295125	0.3251689	Binding_K13	0.07707984	0.049941707	0.1957715
V102A	V102A	102	102	-0.23591538	-0.5120494	-0.18386686	-0.12518802	-0.27054086	-0.2649488	-0.20087408	-0.107468225	-0.12546523	-0.40667328	10	-0.243299	0.12987188	0.50909775	Binding_K13	-0.14648084	0.07819079	0.3065079
V102C	V102C	102	102	-0.35089082	-0.21262501	-0.10048972	-0.16485684	-0.20886788	-0.18858795	-0.37637162	-0.21538812	-0.21894561	-0.34506863	10	-0.23820922	0.08970432	0.35164094	Binding_K13	-0.14341648	0.05400747	0.21170929
V102D	V102D	102	102	-0.20539558	-0.1970662	0.004506704	-0.0018273536	-0.35472903	-0.10309549	-0.3583572	-0.11585306	-0.20383298	-0.22261341	10	-0.17582636	0.12530176	0.49118292	Binding_K13	-0.105858184	0.075439304	0.29572207
V102E	V102E	102	102	-0.49897566	-0.3937916	-0.4909611	-0.4318076	-0.5917251	-0.66958034	-0.5023171	-0.36941513	-0.6583784	-0.43640378	10	-0.5043356	0.10497734	0.41151118	Binding_K13	-0.30364078	0.06320276	0.24775483
V102F	V102F	102	102	-0.42241833	-0.5630641	-0.5751236	-0.6672819	-0.3357104	-0.53796947	-0.48487893	-0.55029386	-0.39278877	-0.35358444	10	-0.48831138	0.10871941	0.4261801	Binding_K13	-0.29399323	0.06545571	0.2565864
V102G	V102G	102	102	-0.009472637	0.06359289	-0.03599215	-0.034120716	-0.15523785	-0.11262013	-0.13522297	-0.2048201	-0.10056788	0.021012446	10	-0.07034491	0.084776446	0.33232367	Binding_K13	-0.042351924	0.05104059	0.20007911
V102H	V102H	102	102	-0.26681066	-0.080558375	-0.29083005	-0.54602736	-0.059014678	-0.15968862	-0.24868976	-0.17708431	-0.1793628	-0.556638	10	-0.25647047	0.17218857	0.6749792	Binding_K13	-0.15441087	0.10366801	0.40637863
V102I	V102I	102	102	-0.60280186	-0.23783381	-0.36013937	-0.29053923	-0.35120466	-0.39326793	-0.28661966	-0.28160357	-0.3896212	-0.5704802	10	-0.37641114	0.12197587	0.47814542	Binding_K13	-0.22662246	0.07343691	0.28787267
V102K	V102K	102	102	-0.030244598	-0.08541269	-0.12539074	-0.31736517	-0.18329452	-0.15753394	-0.07187949	-0.1924321	-0.27668974	-0.16383955	10	-0.16040826	0.08904224	0.34904557	Binding_K13	-0.09657555	0.053608857	0.21014673
V102L	V102L	102	102	-0.56269795	-0.5671614	-0.5112358	-0.4678392	-0.4411929	-0.5072922	-0.5001514	-0.4411545	-0.5549606	-0.4273388	10	-0.4981025	0.05253657	0.20594336	Binding_K13	-0.29988807	0.031630218	0.123990454
V102M	V102M	102	102	-0.36236405	-0.52480716	-0.4507794	-0.3946879	-0.43844756	-0.43268362	-0.3809613	-0.3703279	-0.6608354	-0.67083097	10	-0.46867257	0.114316694	0.44812146	Binding_K13	-0.28216946	0.06882562	0.26979643
V102N	V102N	102	102	-0.15424423	-0.30543637	-0.034293674	-0.1109415	-0.21139316	-0.3328109	-0.14438349	-0.06729356	-0.24685645	-0.14731191	10	-0.17549653	0.09777555	0.38328016	Binding_K13	-0.10565961	0.058866844	0.23075803
V102P	V102P	102	102	0.028909028	0.6092581	1.4826962	1.2635231	1.0754744	0.46505395	0.55059737	1.454695	0.33767658	0.9064957	10	0.81743795	0.4958536	1.9437462	Binding_K13	0.49214748	0.2985341	1.1702536
V102Q	V102Q	102	102	-0.3153463	-0.16344756	-0.4365467	-0.3369502	-0.41045707	-0.6580207	-0.70417184	-0.5524452	-0.10550834	-0.23446745	10	-0.39173612	0.2011969	0.7886918	Binding_K13	-0.23584902	0.1211328	0.47484058
V102R	V102R	102	102	-0.20526637	-0.18938859	-0.1689692	-0.29312637	-0.1529831	-0.1325329	-0.2875601	-0.33230624	-0.31495026	-0.30925763	10	-0.23863406	0.075964	0.29777887	Binding_K13	-0.14367226	0.045734957	0.17928104
V102S	V102S	102	102	-0.40434855	-0.20502587	-0.40890533	-0.37216866	-0.084743224	-0.29950097	-0.1609214	-0.264014	-0.3703806	-0.3428693	10	-0.29128778	0.110545695	0.43333912	Binding_K13	-0.175373	0.06655525	0.26089656
V102T	V102T	102	102	-0.47045785	-0.5186361	-0.71859205	-0.52624667	-0.5660275	-0.5810342	-0.5161514	-0.2637854	-0.61679894	-0.66736597	10	-0.5445096	0.124060065	0.48631546	Binding_K13	-0.32782796	0.07469172	0.29279155
V102W	V102W	102	102	-0.12098526	-0.22135137	-0.33182466	-0.279685	-0.28930128	-0.3802372	-0.3388199	-0.26463366	-0.22110136	-0.17860825	10	-0.26265478	0.07886834	0.3091639	Binding_K13	-0.15813419	0.04748355	0.18613552
V102Y	V102Y	102	102	-0.37412432	-0.46845734	-0.7176851	-0.367558	-0.531857	-0.5184636	-0.5762254	-0.36995646	-0.53340983	-0.66158366	10	-0.5119321	0.12094373	0.47409943	Binding_K13	-0.30821434	0.0728155	0.28543678
V108A	V108A	108	108	-0.3074232	-0.41019246	-0.46564552	-0.31709957	-0.4793936	-0.46889076	-0.47153273	-0.6528685	-0.69026065	-0.48421904	10	-0.4747526	0.12266913	0.480863	Binding_K13	-0.28583002	0.0738543	0.28950885
V108C	V108C	108	108	-0.38579157	-0.5594561	-0.52198416	-0.47471115	-0.49150822	-0.4576179	-0.46798223	-0.44755977	-0.53723955	-0.35135412	10	-0.46952048	0.06458178	0.2531606	Binding_K13	-0.28267995	0.03888217	0.1524181
V108D	V108D	108	108	0.17185003	-0.0019703638	-0.3680081	-0.43900773	-1.0932505	-0.51226985	-0.7814021	-0.54215276	-0.44648775	-0.6122247	10	-0.46249238	0.3582377	1.4042919	Binding_K13	-0.2784486	0.21568094	0.8454693
V108E	V108E	108	108	-0.20264816	0.00079608086	-0.32745838	-0.54754716	-0.18280044	-0.57393044	-0.60779464	-0.26167533	-0.2774306	0.17015831	10	-0.28103307	0.2505394	0.98211443	Binding_K13	-0.16919905	0.15083998	0.59129274
V108F	V108F	108	108	-0.34465745	-0.26112854	-0.47197756	-0.3147644	-0.3476197	-0.30813408	-0.5045929	-0.4284942	-0.36879697	-0.26914772	10	-0.36193138	0.08255121	0.32360074	Binding_K13	-0.21790476	0.049700864	0.1948274
V108G	V108G	108	108	-0.29445595	0.046393406	-0.33117288	-0.2337549	-0.2339814	-0.0034944229	-0.20358844	-0.37197822	-0.36253044	-0.30372962	10	-0.22922929	0.14374684	0.5634876	Binding_K13	-0.13801001	0.086544365	0.3392539
V108H	V108H	108	108	-0.15401804	0.08705507	-0.14344049	-0.09684453	-0.44432592	-0.48994756	-0.4448922	-0.42620474	-0.4585211	-0.15826143	10	-0.2729401	0.2023839	0.7933449	Binding_K13	-0.16432658	0.12184745	0.47764203
V108I	V108I	108	108	-0.5176141	-0.541995	-0.32141387	-0.2813613	-0.5280342	-0.30187407	-0.44260544	-0.5701742	-0.3420485	-0.4580933	10	-0.4305214	0.10977764	0.43032834	Binding_K13	-0.25920013	0.066092834	0.25908393
V108K	V108K	108	108	-0.4761696	0.001373221	0.07670384	-0.38234672	-0.33988625	-0.41434544	-0.55072343	-0.5368332	-0.16833007	-0.11708679	10	-0.29076448	0.22462502	0.8805301	Binding_K13	-0.17505795	0.13523796	0.53013283
V108L	V108L	108	108	-0.31902242	-0.28624728	-0.3699184	-0.3923292	-0.29812416	-0.4193554	-0.4461374	-0.45669347	-0.3663051	-0.3770326	10	-0.37311655	0.058682352	0.23003483	Binding_K13	-0.22463891	0.035330355	0.138495
V108M	V108M	108	108	-0.22652264	-0.15512943	-0.44480306	-0.27611285	-0.323457	-0.4063801	-0.30561382	-0.2588486	-0.3448752	-0.3694629	10	-0.31112054	0.08635781	0.3385226	Binding_K13	-0.18731354	0.051992666	0.20381126
V108N	V108N	108	108	-0.2968398	-0.30670846	-0.21295053	-0.10876293	-0.044189908	-0.07272974	-0.2649207	-0.3772136	-0.17365523	-0.12594712	10	-0.19839181	0.1113066	0.43632188	Binding_K13	-0.11944397	0.06701336	0.2626924
V108P	V108P	108	108	0.052762955	-0.14657201	-0.20957899	-0.22593163	-0.30974096	-0.021826526	-0.29717818	-0.059243847	-0.20030795	-0.123827994	10	-0.15414453	0.118005484	0.46258152	Binding_K13	-0.0928044	0.071046494	0.27850226
V108Q	V108Q	108	108	-0.4363286	-0.26769158	-0.1414693	-0.31082267	-0.53360254	-0.17913969	-0.4262044	-0.23562784	-0.3986258	-0.13474897	10	-0.30642614	0.13773933	0.5399382	Binding_K13	-0.18448722	0.08292747	0.3250757
V108R	V108R	108	108	-0.11764609	-0.18332915	-0.1911472	-0.2100002	-0.16917652	-0.16572261	-0.054087076	-0.17197283	-0.12547846	-0.27164242	10	-0.16602026	0.05828994	0.22849658	Binding_K13	-0.09995432	0.035094097	0.13756886
V108S	V108S	108	108	-0.4559725	-0.4424676	-0.37719372	-0.24719414	-0.2917592	-0.4185584	-0.2758024	-0.25955072	-0.349678	-0.482356	10	-0.3600533	0.08779718	0.34416494	Binding_K13	-0.21677405	0.052859254	0.20720828
V108T	V108T	108	108	-0.23497821	-0.06563159	-0.22826695	-0.06503138	-0.42984465	-0.16350405	-0.34984627	-0.33739138	-0.23996583	-0.363155	10	-0.24776153	0.12436054	0.48749334	Binding_K13	-0.14916755	0.07487263	0.29350072
V108W	V108W	108	108	-0.30084893	-0.15652329	-0.29823637	-0.23794185	-0.2183979	-0.42216206	-0.39569882	-0.55293304	-0.36272874	-0.17894125	10	-0.31244123	0.12301704	0.48222682	Binding_K13	-0.18810867	0.07406376	0.29032996
V108Y	V108Y	108	108	-0.3602874	-0.2289178	-0.36574337	-0.24096854	-0.23002566	-0.20241067	-0.24540801	-0.4297259	-0.25755543	-0.30099478	10	-0.28620377	0.07499815	0.29399276	Binding_K13	-0.17231213	0.045153458	0.17700155
V111A	V111A	111	111	-0.5517921	-0.34446794	-0.24539648	-0.27641845	-0.30259544	-0.35955146	-0.36912042	-0.56965417	-0.28610888	-0.33111063	10	-0.36362162	0.11087639	0.43463546	Binding_K13	-0.21892239	0.06675435	0.26167706
V111C	V111C	111	111	-0.18028289	-0.20020896	-0.07389087	-0.028055418	-0.0712504	0.0400822	-0.03323182	-0.0021991858	-0.1819758	-0.16592294	10	-0.089693606	0.08616592	0.3377704	Binding_K13	-0.05400102	0.051877137	0.20335838
V111D	V111D	111	111	0.7829036	0.94849575	0.61815023	1.3135341	0.41148978	0.811304	0.64342576	0.18226805	0.22366077	-0.06815097	10	0.5867081	0.4092303	1.6041827	Binding_K13	0.35323405	0.24638158	0.96581584
V111E	V111E	111	111	0.5723687	0.62510324	0.34586138	0.49375567	-0.06594931	0.17076366	-0.33372843	-0.035535958	-0.6154404	-0.12859693	10	0.10286015	0.4106125	1.609601	Binding_K13	0.061928082	0.24721375	0.96907794
V111F	V111F	111	111	-0.1372353	0.9177698	0.064872034	-0.12098682	-0.18774551	-0.07730879	-0.46395868	0.38517436	-0.21784449	0.1120172	10	0.027475381	0.38546914	1.511039	Binding_K13	0.016541855	0.23207593	0.90973765
V111G	V111G	111	111	0.18221566	0.087242216	-0.12980558	-0.29527006	0.057844643	0.10029059	0.284422	0.21965668	0.17036533	0.0045937826	10	0.06815553	0.17320202	0.6789519	Binding_K13	0.041033782	0.10427818	0.40877047
V111H	V111H	111	111	-0.13243134	0.2738809	0.047099646	0.4122057	-0.119856425	0.12929197	0.1378736	-0.19753906	-0.14568867	-0.069931574	10	0.03349048	0.20240031	0.7934092	Binding_K13	0.02016331	0.12185733	0.47768074
V111I	V111I	111	111	-0.29765028	-0.23508282	-0.2473264	-0.19430713	-0.42787394	-0.346489	-0.33756566	-0.36056927	-0.25517866	-0.3050414	10	-0.30070844	0.06975146	0.27342573	Binding_K13	-0.18104482	0.04199463	0.16461895
V111K	V111K	111	111	0.833421	0.6887988	1.1379508	0.33215836	1.4192506	1.5842631	0.64612305	0.8417692	1.012785	0.852197	10	0.9348717	0.3706796	1.453064	Binding_K13	0.56284976	0.22317171	0.8748331
V111L	V111L	111	111	-0.20068583	-0.30860358	-0.5368788	-0.29500863	-0.2617539	-0.27801776	-0.68263376	-0.6753582	-0.46381223	-0.38693795	10	-0.40896907	0.17351665	0.68018526	Binding_K13	-0.24622431	0.1044676	0.409513
V111M	V111M	111	111	-0.64207906	-0.63366055	-0.4015685	-0.5080928	-0.48483682	-0.51580566	-0.886295	-0.8019233	-0.79958224	-0.55077213	10	-0.6224617	0.16021721	0.62805146	Binding_K13	-0.37475988	0.09646053	0.37812528
V111N	V111N	111	111	0.48960155	0.03075341	0.27866298	0.31425825	0.54601073	0.35096684	0.28680086	0.49656978	0.041779917	0.62564	10	0.34610444	0.20069231	0.7867139	Binding_K13	0.20837598	0.12082901	0.4736497
V111P	V111P	111	111	0.30930284	0.5641924	0.64458925	1.5186862	1.665099	1.0418317	0.5681385	0.5560618	0.99402624	0.8233673	10	0.8685295	0.44076008	1.7277795	Binding_K13	0.52290773	0.26536444	1.0402286
V111Q	V111Q	111	111	-0.23237842	-0.08791585	-0.43044555	-0.52842087	-0.60744524	-0.43225217	-0.33049038	-0.11929143	-0.14385217	-0.15263553	10	-0.30651277	0.1855973	0.72754145	Binding_K13	-0.18453938	0.111740895	0.4380243
V111R	V111R	111	111	0.9454314	0.9366623	1.2102082	0.6504086	0.58283615	0.5717618	1.2649676	0.90736294	0.9307008	1.5371975	10	0.95375365	0.3129768	1.2268691	Binding_K13	0.57421786	0.18843111	0.73864996
V111S	V111S	111	111	-0.16246112	0.14361936	-0.21966206	-0.046459667	0.05796793	-0.14146507	0.023622273	-0.6029361	-0.4866454	-0.3572304	10	-0.17916504	0.24228746	0.9497669	Binding_K13	-0.10786828	0.14587182	0.5718175
V111T	V111T	111	111	-0.7849054	-0.55237055	-0.48967308	-0.5084191	-0.32420617	-0.49970603	-0.4289651	-0.10565119	-0.40212163	-0.5094543	10	-0.46054727	0.17309475	0.6785314	Binding_K13	-0.27727753	0.104213595	0.4085173
V111W	V111W	111	111	0.52922595	0.6210535	1.35938	0.8956109	1.5043005	1.5398467	0.48136353	1.3400993	1.2705871	1.3915672	10	1.0933034	0.41835278	1.6399429	Binding_K13	0.6582353	0.25187388	0.98734564
V111Y	V111Y	111	111	0.43238303	0.6160521	1.1219052	1.0637764	0.06312423	0.061743855	-0.008959764	-0.69980615	-0.6421523	0.3812297	10	0.2389296	0.6183486	2.4239266	Binding_K13	0.14385019	0.37228355	1.4593515
V113A	V113A	113	113	-0.15357171	-0.27904958	-0.21534328	-0.103555165	-0.028947815	-0.27223542	-0.4155242	-0.2369627	-0.14502022	-0.083366826	10	-0.1933577	0.11373461	0.44583967	Binding_K13	-0.11641313	0.06847517	0.2684227
V113C	V113C	113	113	-0.063028164	-0.18522269	-0.12783852	-0.20248404	-0.1282458	-0.13157146	-0.088342324	-0.024958516	-0.23956901	-0.24511045	10	-0.1436371	0.07375943	0.28913698	Binding_K13	-0.08647829	0.044407673	0.17407808
V113D	V113D	113	113	1.5810553	2.0640132	1.6845685	1.5764937	0.6435889	0.72270834	1.3627857	1.2091964	1.2501346	1.1970378	10	1.3291582	0.43049896	1.6875559	Binding_K13	0.80023426	0.25918663	1.0160116
V113E	V113E	113	113	0.582316	0.6140583	1.140845	0.6531974	0.6828037	1.0809479	0.42987826	0.8688252	0.31965578	0.5656142	10	0.69381416	0.26394308	1.0346569	Binding_K13	0.41771844	0.15890983	0.62292653
V113F	V113F	113	113	-0.48731008	-0.46892637	-0.7400122	-0.72458166	-0.28272197	-0.12166693	-0.1473013	-0.082647316	-0.16571638	-0.25631282	10	-0.3477197	0.24434283	0.95782393	Binding_K13	-0.20934846	0.14710928	0.5766684
V113G	V113G	113	113	0.4929237	0.49980676	0.5789424	0.0807727	-0.04308804	0.16681129	0.40061226	0.32152873	0.3871442	0.56584823	10	0.34513026	0.21264178	0.83355576	Binding_K13	0.20778947	0.12802331	0.5018514
V113H	V113H	113	113	0.115835436	0.7370755	0.4898929	0.29574805	0.36696878	0.093163356	0.19691119	-0.20354345	0.6749117	0.54525495	10	0.33122185	0.29125002	1.1417001	Binding_K13	0.19941574	0.17535026	0.68737304
V113I	V113I	113	113	-0.22929873	-0.37560537	-0.20512125	-0.299889	-0.48719576	-0.40325624	-0.34919038	-0.43379587	-0.22415306	-0.27908272	10	-0.32865885	0.09644744	0.37807396	Binding_K13	-0.19787267	0.05806724	0.22762358
V113K	V113K	113	113	-0.22225533	0.86688846	1.065879	1.1391813	1.936652	1.1121882	0.60096693	0.9076671	1.1194209	1.9515872	10	1.0478176	0.6227099	2.4410226	Binding_K13	0.6308501	0.3749093	1.4696445
V113L	V113L	113	113	-0.20049228	-0.26848954	-0.33102626	-0.26388198	-0.26102883	-0.3723711	-0.42711917	-0.31375167	-0.3589552	-0.24082583	10	-0.3037942	0.069201715	0.27127072	Binding_K13	-0.18290263	0.04166365	0.16332151
V113M	V113M	113	113	-0.52604496	-0.26510483	-0.42143002	-0.18579613	-0.2956467	-0.23259772	-0.567698	-0.35723722	-0.41002765	-0.54092807	10	-0.38025114	0.13554503	0.53133655	Binding_K13	-0.22893438	0.08160637	0.319897
V113N	V113N	113	113	0.1082948	0.6076643	1.0034974	0.006464317	0.43595552	-0.024255365	0.4215224	0.7180484	0.3239309	0.339029	10	0.39401516	0.32306606	1.2664189	Binding_K13	0.23722115	0.19450547	0.7624614
V113P	V113P	113	113	1.2035836	1.4108171	0.68166786	0.59607774	1.1897974	0.17675658	0.13573666	0.3320265	0.548823	1.0148973	10	0.7290184	0.4535135	1.777773	Binding_K13	0.43891352	0.27304277	1.0703276
V113Q	V113Q	113	113	-0.014496177	0.83649415	0.2631709	0.9606765	0.8146569	0.8150334	0.21776977	0.6150707	0.90726143	0.22274731	10	0.5638385	0.3558047	1.3947545	Binding_K13	0.33946514	0.21421613	0.8397272
V113R	V113R	113	113	0.97673786	1.2392219	0.94813997	1.2513864	1.026827	0.6969226	0.7345569	0.23524348	0.42811844	0.40757835	10	0.7944733	0.3538896	1.3872473	Binding_K13	0.47832137	0.21306312	0.83520746
V113S	V113S	113	113	-0.3917326	-0.36414614	0.068039015	0.019989103	-0.02486762	-0.16153434	-0.27101338	-0.04987779	-0.2046535	-0.088026546	10	-0.14678237	0.15913466	0.62380785	Binding_K13	-0.08837193	0.09580877	0.3755704
V113T	V113T	113	113	-0.22397788	-0.16544314	-0.30612057	-0.26147375	-0.020521628	0.102314144	-0.13547283	-0.14581725	-0.23655799	-0.21819602	10	-0.16112669	0.12205273	0.47844672	Binding_K13	-0.097008094	0.073483184	0.28805408
V113W	V113W	113	113	-0.7969929	-1.0196276	-1.2146976	-0.7006793	-0.784092	-0.734031	-0.91968036	-1.1365073	-1.1794816	-0.7391274	10	-0.9224917	0.19997753	0.78391194	Binding_K13	-0.55539626	0.12039867	0.4719628
V113Y	V113Y	113	113	0.22013979	-0.60197866	-0.60356987	-0.074719094	-0.09585162	-0.08529077	-0.10232504	-0.22697194	-0.46412545	-0.5541359	10	-0.25888285	0.2811571	1.1021359	Binding_K13	-0.15586326	0.16927372	0.663553
V124A	V124A	124	124	0.13333777	0.11375475	0.09559512	0.008934969	-0.0829855	-0.06597536	-0.12933624	-0.21835177	-0.07663008	0.0522994	10	-0.016935695	0.116104014	0.45512775	Binding_K13	-0.010196321	0.0699017	0.27401465
V124C	V124C	124	124	-0.20291272	-0.0698798	-0.2497703	-0.21718833	-0.31419498	-0.20160063	-0.38058755	-0.34161058	-0.35880715	-0.21416847	10	-0.25507206	0.09458206	0.37076166	Binding_K13	-0.15356894	0.056944165	0.22322114
V124D	V124D	124	124	0.22152697	0.30192044	0.23500569	0.3082123	0.27609807	0.30529344	0.1691758	0.2406603	0.17052554	0.17438494	10	0.24028035	0.056339562	0.2208511	Binding_K13	0.14466342	0.033919852	0.13296582
V124E	V124E	124	124	0.12024515	0.14714564	0.22568497	0.20140742	0.2312717	0.19633098	-0.07114608	0.21205828	0.13510811	0.38288277	10	0.17809889	0.11417996	0.44758546	Binding_K13	0.10722639	0.068743296	0.26947373
V124F	V124F	124	124	-0.18020236	-0.23390366	-0.2787365	-0.1887369	-0.25341573	-0.15891379	-0.24975435	-0.21421358	-0.24310163	-0.34960055	10	-0.2350579	0.054806776	0.21484257	Binding_K13	-0.14151919	0.03299702	0.12934832
V124G	V124G	124	124	-0.12468558	0.044861127	-0.14866649	-0.14540711	-0.011589915	-0.108662516	-0.043460064	-0.094718516	-0.16855322	-0.09309585	10	-0.08939781	0.06729995	0.2638158	Binding_K13	-0.053822935	0.04051867	0.15883319
V124H	V124H	124	124	-0.32783762	-0.43847725	-0.35589662	-0.25789592	-0.17298286	-0.36431262	-0.2263039	-0.2540919	-0.43567294	-0.27578783	10	-0.31092593	0.08847838	0.34683526	Binding_K13	-0.18719637	0.05326938	0.20881596
V124I	V124I	124	124	-0.3213257	-0.4276576	-0.21791813	-0.16474852	-0.3259192	-0.2708202	-0.23089544	-0.1839985	-0.277725	-0.3805456	10	-0.2801554	0.08471021	0.33206403	Binding_K13	-0.16867062	0.05100071	0.19992279
V124K	V124K	124	124	0.082492605	0.08332763	-0.083341904	-0.0020914162	0.040566944	0.047411818	-0.25762102	-0.1467224	-0.16805057	0.004679572	10	-0.039934874	0.117758386	0.46161288	Binding_K13	-0.024043228	0.07089773	0.2779191
V124L	V124L	124	124	-0.3009767	-0.3139209	-0.29566106	-0.3073566	-0.32792976	-0.31536925	-0.2962049	-0.22157322	-0.35395503	-0.33706328	10	-0.30700105	0.03534563	0.13855487	Binding_K13	-0.18483335	0.021280224	0.08341848
V124M	V124M	124	124	-0.15526323	-0.19246234	-0.14206047	-0.17314078	-0.17411865	-0.47055218	-0.37579963	-0.30499142	-0.23198235	-0.2886631	10	-0.25090343	0.107964024	0.423219	Binding_K13	-0.15105917	0.06500093	0.25480366
V124N	V124N	124	124	-0.259428	-0.17697452	0.03549455	-0.18999055	-0.08190991	-0.21068254	-0.3531569	-0.23363306	-0.11509102	-0.14354238	10	-0.17289142	0.106100366	0.41591343	Binding_K13	-0.104091175	0.06387889	0.25040525
V124P	V124P	124	124	-0.11679987	-0.22129223	-0.108107574	-0.15015277	-0.11654997	-0.43291113	-0.17054497	-0.37850106	-0.088636205	-0.0706404	10	-0.18541363	0.124389395	0.48760644	Binding_K13	-0.11163031	0.07489	0.29356882
V124Q	V124Q	124	124	-0.16208456	-0.2690232	-0.42157334	-0.23784317	-0.28521577	-0.083791755	-0.16551158	0.00928151	-0.21532461	-0.24887285	10	-0.20799592	0.11759959	0.4609904	Binding_K13	-0.12522623	0.07080212	0.27754432
V124R	V124R	124	124	-0.09082132	-0.04764377	-0.123137094	-0.19696297	-0.15211694	-0.10466996	0.0567204	0.019200888	0.0570269	-0.009131916	10	-0.059153575	0.08850665	0.34694606	Binding_K13	-0.03561406	0.053286396	0.20888267
V124S	V124S	124	124	0.0009898103	-0.16349488	0.0745422	-0.06705633	-0.14889187	-0.24925353	-0.24877805	-0.256788	-0.19436085	-0.14464332	10	-0.13977347	0.11167558	0.43776828	Binding_K13	-0.084152155	0.06723551	0.2635632
V124T	V124T	124	124	-0.24140386	-0.07534542	-0.065323204	-0.23603186	-0.27223563	-0.33630595	-0.16469952	-0.27012685	-0.25094518	-0.1863029	10	-0.20987205	0.08721546	0.3418846	Binding_K13	-0.12635577	0.052509025	0.20583539
V124W	V124W	124	124	-0.19070977	-0.35232657	-0.34992057	-0.2635446	-0.34604773	-0.3066927	-0.28450537	-0.1951094	-0.23761395	-0.28236237	10	-0.2808833	0.06005499	0.23541558	Binding_K13	-0.16910888	0.036156766	0.14173453
V124Y	V124Y	124	124	-0.24970084	-0.20103142	-0.08207446	-0.1713915	-0.13704781	-0.24052508	-0.15511858	-0.24226707	-0.26559448	-0.24191414	10	-0.19866654	0.060225386	0.23608352	Binding_K13	-0.11960937	0.036259353	0.14213666
V13A	V13A	13	13	-0.24427576	-0.27310437	-0.30970356	-0.27130002	-0.16536315	-0.29226863	-0.21239825	-0.16852981	-0.16055544	-0.42738256	10	-0.25248814	0.0823199	0.322694	Binding_K13	-0.15201326	0.0495616	0.19428147
V13C	V13C	13	13	-0.17695904	-0.23357348	-0.30572802	-0.12010967	-0.17443353	-0.22071728	-0.25153527	-0.10599964	-0.1622732	-0.41478717	10	-0.21661162	0.09225034	0.36162135	Binding_K13	-0.1304134	0.05554033	0.2177181
V13D	V13D	13	13	-0.3642841	-0.2983854	-0.5427735	-0.30182138	-0.3415131	-0.2873428	-0.29927516	-0.24730866	-0.2783684	-0.38492325	10	-0.33459955	0.08396187	0.32913053	Binding_K13	-0.20144933	0.050550163	0.19815664
V13E	V13E	13	13	-0.41869268	-0.27502805	-0.16283426	-0.44287476	-0.10695246	-0.07647093	-0.13808891	-0.3430074	-0.5231764	-0.3015684	10	-0.2788694	0.1544099	0.60528684	Binding_K13	-0.16789638	0.09296417	0.36441955
V13F	V13F	13	13	-0.43464586	-0.5896056	-0.45180354	-0.26743746	-0.39913315	-0.78671074	-0.5345185	-0.6287241	-0.6791506	-0.44109347	10	-0.5212823	0.15270986	0.5986226	Binding_K13	-0.31384373	0.09194064	0.36040732
V13G	V13G	13	13	-0.22135149	-0.26158047	-0.328816	-0.40192556	-0.25402078	-0.13099366	-0.34514928	-0.10423451	-0.20697258	-0.33162507	10	-0.25866693	0.0957373	0.37529022	Binding_K13	-0.15573327	0.057639692	0.2259476
V13H	V13H	13	13	-0.5310628	-0.5657582	-0.5769631	-0.6672131	-0.54346246	-0.48563287	-0.65339863	-0.5872569	-0.44403154	-0.44904658	10	-0.5503827	0.07656335	0.30012834	Binding_K13	-0.33136392	0.046095807	0.18069556
V13I	V13I	13	13	-0.0531081	-0.12201072	-0.0793705	-0.06849091	-0.16128336	-0.031768207	-0.0003648797	-0.047915958	-0.11766691	-0.0055531836	10	-0.06875327	0.052304234	0.2050326	Binding_K13	-0.041393664	0.031490337	0.12344212
V13K	V13K	13	13	-0.75155485	-0.8077389	-0.61611444	-0.643025	-0.5250852	-0.27850005	-0.63019365	-0.48404497	-0.3286592	-0.4265625	10	-0.54914784	0.17301697	0.67822653	Binding_K13	-0.3306205	0.10416676	0.40833372
V13L	V13L	13	13	-0.44476923	-0.2329508	-0.4064987	-0.23641698	-0.34378117	-0.32645088	-0.36500624	-0.29164845	-0.23444128	-0.41486236	10	-0.32968262	0.0791842	0.31040207	Binding_K13	-0.19848904	0.047673713	0.18688096
V13M	V13M	13	13	-0.19281557	-0.3627385	-0.3569349	-0.046343617	-0.23965561	-0.17113489	-0.45393124	-0.39615056	-0.37438267	-0.5001272	10	-0.30942148	0.14177102	0.5557424	Binding_K13	-0.18629059	0.0853548	0.33459082
V13N	V13N	13	13	-0.46618196	-0.33056164	-0.18703395	-0.14728725	-0.33652738	-0.30229244	-0.34883362	-0.38837448	-0.2807409	-0.3294257	10	-0.31172594	0.09191123	0.36029202	Binding_K13	-0.18767802	0.055336162	0.21691777
V13P	V13P	13	13	-0.07707546	-0.2995853	-0.15116307	0.039297402	-0.22568092	0.009503467	-0.22870472	-0.07821058	-0.08617703	-0.49316615	10	-0.15909624	0.15883419	0.62263006	Binding_K13	-0.09578564	0.09562787	0.37486124
V13Q	V13Q	13	13	-0.060857113	-0.06009382	-0.19805473	-0.17251077	-0.079178326	0.105568826	-0.2421189	0.058509942	-0.25747865	-0.20356618	10	-0.11097797	0.12487006	0.48949066	Binding_K13	-0.0668155	0.07517939	0.29470322
V13R	V13R	13	13	-0.26315227	-0.47801545	-0.86689	-0.45560622	-0.37667426	-0.5555317	-0.69801325	-0.42682832	-0.61200184	-0.40570766	10	-0.5138421	0.17497143	0.68588805	Binding_K13	-0.3093643	0.10534347	0.4129464
V13S	V13S	13	13	-0.14169611	-0.16150612	-0.15552211	-0.14054352	-0.15873435	-0.1495679	-0.13260522	-0.11873498	-0.11290733	-0.14194934	10	-0.14137669	0.016244266	0.06367753	Binding_K13	-0.085117385	0.009780039	0.038337752
V13T	V13T	13	13	-0.36662623	-0.34153253	-0.27418625	-0.36384696	-0.358724	-0.18461823	-0.29614013	-0.23576353	-0.3460522	-0.3558615	10	-0.31233513	0.06283066	0.24629618	Binding_K13	-0.1880448	0.037827887	0.14828531
V13W	V13W	13	13	-0.8305432	-0.6855363	-0.76456887	-0.92676467	-1.1001546	-0.9289502	-1.0372503	-0.37480238	-0.71581084	-1.0819445	10	-0.8446325	0.22156538	0.8685363	Binding_K13	-0.50852025	0.13339587	0.5229118
V13Y	V13Y	13	13	-0.81306636	-0.83554226	-0.8198906	-0.45239958	-0.7968715	-0.7671102	-0.61823756	-0.36040163	-0.6617482	-0.51254165	10	-0.663781	0.17198873	0.6741958	Binding_K13	-0.39963663	0.1035477	0.405907
V151A	V151A	151	151	-0.27734056	-0.44521353	-0.4527134	-0.5535687	-0.48175487	-0.28272423	-0.38512978	-0.41864148	-0.29180694	-0.34075102	10	-0.39296445	0.093795836	0.3676797	Binding_K13	-0.23658857	0.05647081	0.22136559
V151C	V151C	151	151	-0.0640263	-0.3489027	-0.3173305	-0.4227835	-0.2427356	-0.38459176	-0.24933319	-0.255364	-0.23596504	-0.18747075	10	-0.27085033	0.10366181	0.4063543	Binding_K13	-0.16306841	0.06241073	0.24465007
V151D	V151D	151	151	-0.19760655	0.033575293	0.49183857	0.16431743	-0.010599543	-0.4867219	0.2710017	0.2027174	-0.016122106	-0.16285284	10	0.028954744	0.2746766	1.0767323	Binding_K13	0.017432522	0.16537206	0.6482585
V151E	V151E	151	151	-0.7851099	-0.092705734	-0.14217493	-0.16751054	-0.6016506	-0.61439407	-0.40622663	-0.16040792	-0.67430836	-0.41253233	10	-0.4057021	0.25438648	0.99719507	Binding_K13	-0.2442574	0.15315618	0.6003722
V151F	V151F	151	151	-0.58875144	-0.6619851	0.0048365616	-0.38858745	-0.47512466	-0.7086773	-0.56930786	-0.45597804	-0.46554253	-0.3782881	10	-0.4687406	0.1995898	0.782392	Binding_K13	-0.28221044	0.12016523	0.4710477
V151G	V151G	151	151	-0.31930065	-0.34880033	-0.42056572	-0.552169	-0.35678324	-0.37259138	-0.22417592	-0.49731648	-0.46139705	-0.45201284	10	-0.40051132	0.0955615	0.37460107	Binding_K13	-0.24113224	0.05753385	0.2255327
V151H	V151H	151	151	-0.4774177	-0.4561173	-0.38920817	-1.3010058	-1.0194346	-0.51149553	-0.68913823	-0.9358691	-0.83464164	-0.8739825	10	-0.74883103	0.29527754	1.157488	Binding_K13	-0.45084193	0.17777508	0.6968784
V151I	V151I	151	151	-0.26144874	0.02951868	-0.22971603	-0.3771351	-0.17568424	-0.16536175	-0.3433626	-0.33442107	-0.5017804	-0.24441022	10	-0.26038015	0.14364836	0.5631016	Binding_K13	-0.15676473	0.086485066	0.33902147
V151K	V151K	151	151	0.04252791	-0.2546912	-0.3316468	-0.057924308	-0.3559442	-0.49429193	-0.6271169	-0.56594443	-0.5293842	-0.21199372	10	-0.338641	0.22186643	0.8697164	Binding_K13	-0.20388252	0.13357712	0.52362233
V151L	V151L	151	151	-0.5265453	-0.81811935	-0.48375273	-0.39949852	-0.29414913	-0.4910887	-0.42857268	-0.63781184	-0.3118582	-0.5426781	10	-0.49340743	0.15477625	0.6067229	Binding_K13	-0.29706135	0.09318474	0.36528417
V151M	V151M	151	151	-0.41288283	-0.69267297	-0.33011952	-0.32153797	-0.5159402	-0.3998556	-0.63373256	-0.47000265	-0.42230335	-0.37819067	10	-0.4577238	0.12359841	0.48450577	Binding_K13	-0.27557763	0.07441378	0.291702
V151N	V151N	151	151	-0.44884598	-0.75074714	-0.40462482	-0.55729413	-0.2533137	-0.09128962	0.12320863	-0.45896563	-0.4026436	-0.28342116	10	-0.3527937	0.24393277	0.95621645	Binding_K13	-0.21240331	0.1468624	0.57570064
V151P	V151P	151	151	-0.76430833	-0.82395035	-0.67279935	-0.8819854	-0.53778344	-0.73584676	-0.87714076	-0.9289275	-0.74896055	-0.9618573	10	-0.793356	0.12847684	0.5036292	Binding_K13	-0.47764868	0.07735089	0.3032155
V151Q	V151Q	151	151	-0.7959863	-0.7222325	-0.72643363	-0.80457747	-0.81070465	-0.9370507	-0.81550187	-1.1059235	-0.91935474	-0.9776536	10	-0.8615419	0.12117763	0.47501633	Binding_K13	-0.5187008	0.07295632	0.2859888
V151R	V151R	151	151	-0.6966693	-0.57530314	-0.29350382	-0.46993735	-0.42444852	-0.8363486	-0.7284926	-0.5189623	-0.6787913	-0.5235149	10	-0.5745972	0.16199195	0.63500845	Binding_K13	-0.34594253	0.09752903	0.38231382
V151S	V151S	151	151	-0.8690059	-0.6332226	-0.4967227	-0.5874268	-0.51273793	-0.69589317	-0.5730593	-0.6746041	-0.4983681	-0.6436356	10	-0.6184677	0.11363515	0.4454498	Binding_K13	-0.37235525	0.06841529	0.26818794
V151T	V151T	151	151	-0.3031568	-0.26464468	-0.2642129	-0.47802174	-0.48808482	-0.47054648	-0.46593243	-0.19519788	-0.3660721	-0.375948	10	-0.36718178	0.10656828	0.41774765	Binding_K13	-0.22106582	0.0641606	0.25150955
V151W	V151W	151	151	-0.792675	-0.699621	-0.6021698	-0.25647765	-0.14173049	-0.06370252	-0.4254361	-0.5423742	-0.97641355	-0.71216625	10	-0.52127665	0.29604322	1.1604894	Binding_K13	-0.31384033	0.17823607	0.6986854
V151Y	V151Y	151	151	-0.3090816	-0.38916308	-0.03519072	-0.45923477	-0.41470322	-0.3447006	-0.07141717	0.010142639	-0.4405476	-0.5719021	10	-0.30257982	0.20020089	0.7847875	Binding_K13	-0.1821715	0.12053314	0.47248992
V159A	V159A	159	159	-0.37656692	-0.4587397	-0.3614677	-0.40299606	-0.51771826	-0.48612845	-0.47965407	-0.39873323	-0.5718121	-0.49711123	10	-0.45509276	0.068079285	0.2668708	Binding_K13	-0.27399358	0.04098788	0.16067249
V159C	V159C	159	159	-0.46807232	-0.41971952	-0.41365477	-0.32676405	-0.47368503	-0.29715157	-0.46721715	-0.31866768	-0.5310672	-0.36122778	10	-0.4077227	0.07873904	0.30865705	Binding_K13	-0.24547394	0.0474057	0.18583035
V159D	V159D	159	159	1.4665314	1.7366755	1.7099341	1.8898805	1.5149297	1.4918271	1.8664074	1.4707445	1.2870592	1.4217443	10	1.5855734	0.20189498	0.7914283	Binding_K13	0.9546119	0.12155309	0.47648814
V159E	V159E	159	159	-0.25475568	-0.09673458	0.16866805	-0.21991487	0.20698729	-0.021085642	0.17211603	-0.005148501	0.27370918	0.19909796	10	0.04229392	0.18876123	0.73994404	Binding_K13	0.02546352	0.11364577	0.44549143
V159F	V159F	159	159	-0.46976167	-0.3660919	-0.4468162	-0.3242233	-0.23764049	-0.2576241	-0.22274385	-0.11627388	-0.6535466	-0.42089593	10	-0.35156178	0.15411466	0.6041295	Binding_K13	-0.21166164	0.092786424	0.3637228
V159G	V159G	159	159	-0.6190842	-0.47121966	-0.51196784	-0.6204268	-0.7270171	-0.86004364	-0.6054919	-0.88106996	-0.466223	-0.28549612	10	-0.604804	0.18393242	0.7210151	Binding_K13	-0.36412886	0.11073853	0.43409505
V159H	V159H	159	159	-0.4855315	-0.14757453	-0.23602618	-0.43495753	-0.30336148	-0.4293621	-0.44559968	-0.3389944	-0.53238094	-0.37202448	10	-0.3725813	0.11829123	0.46370164	Binding_K13	-0.22431666	0.071218535	0.27917665
V159I	V159I	159	159	-0.41966572	-0.35872102	-0.3446786	-0.41625524	-0.2886047	-0.3664764	-0.32408184	-0.27526	-0.5154309	-0.2774242	10	-0.35865986	0.07566801	0.29661858	Binding_K13	-0.21593511	0.045556754	0.17858247
V159K	V159K	159	159	-0.28287622	-0.13368706	-0.23001613	-0.21428426	-0.042799134	-0.17419937	-0.28039408	-0.22079341	-0.30357355	-0.038377143	10	-0.19210003	0.09479192	0.37158433	Binding_K13	-0.11565594	0.057070516	0.22371642
V159L	V159L	159	159	-0.4369997	-0.40455773	-0.3184133	-0.36463356	-0.34959224	-0.3760589	-0.4081264	-0.28598002	-0.3662914	-0.31427777	10	-0.3624931	0.047016002	0.18430273	Binding_K13	-0.21824294	0.028306501	0.11096149
V159M	V159M	159	159	-0.49555692	-0.5146728	-0.2657191	-0.5394875	-0.32263258	-0.30181548	-0.44594374	-0.3739429	-0.42158103	-0.4367922	10	-0.4118144	0.09345731	0.36635268	Binding_K13	-0.24793737	0.056267	0.22056665
V159N	V159N	159	159	0.40141106	0.5212204	0.31465536	-0.037630487	-0.045256183	0.8342212	0.44265974	0.7126937	0.5149964	0.87957424	10	0.45385456	0.31869724	1.2492932	Binding_K13	0.2732481	0.19187517	0.7521507
V159P	V159P	159	159	1.011487	0.80800766	1.505531	1.2522097	0.52466595	-0.013000941	0.589334	0.41556624	0.7639526	0.37364867	10	0.7231402	0.44721457	1.7530812	Binding_K13	0.43537447	0.26925045	1.0554618
V159Q	V159Q	159	159	-0.6409778	-0.4160845	-0.69165534	-0.5474402	-0.17388156	-0.34570104	-0.69907576	-0.60365057	-0.5061701	-0.37845355	10	-0.5003091	0.17037395	0.6678659	Binding_K13	-0.3012166	0.1025755	0.40209597
V159R	V159R	159	159	-0.17219664	-0.109683	-0.2110764	-0.5088231	-0.6724384	-0.7879483	-0.3859476	-0.32002446	-0.30361432	-0.052350163	10	-0.35241026	0.24095546	0.9445454	Binding_K13	-0.21217246	0.14506988	0.56867397
V159S	V159S	159	159	-0.5795159	-0.3871739	-0.5665617	-0.4334938	-0.6258215	-0.38344336	-0.6187306	-0.46716893	-0.6255837	-0.27335805	10	-0.4960851	0.12449094	0.48800448	Binding_K13	-0.29867348	0.074951135	0.29380846
V159T	V159T	159	159	-0.31298503	-0.25645602	-0.31664315	-0.5125877	-0.42720908	-0.3728982	-0.5614789	-0.22399741	-0.45132795	-0.35173494	10	-0.37873185	0.108918294	0.42695972	Binding_K13	-0.22801967	0.06557545	0.25705576
V159W	V159W	159	159	-0.091948025	0.11214529	0.010942021	-0.046890173	0.100376114	-0.16915062	-0.118284464	-0.1373552	-0.22542213	-0.13835217	10	-0.070393935	0.11318509	0.44368556	Binding_K13	-0.04238144	0.06814433	0.2671258
V159Y	V159Y	159	159	-0.31853867	-0.21322666	-0.104517885	-0.143771	-0.22845674	-0.106212854	-0.32266098	-0.16534172	-0.23372318	-0.25347427	10	-0.20899239	0.07856048	0.30795708	Binding_K13	-0.12582617	0.047298197	0.18540893
V185A	V185A	185	185	0.26808757	-0.013198419	-0.015359306	0.23991318	-0.074787065	0.09582456	0.024989285	0.46304068	0.26709133	0.13558629	10	0.13911882	0.1685978	0.6609034	Binding_K13	0.08375801	0.10150616	0.39790416
V185C	V185C	185	185	-0.12665407	-0.1611465	0.09994918	-0.027080562	-0.0334012	0.02421857	0.011386605	-0.2221311	-0.100447625	0.0548437	10	-0.0480463	0.102154456	0.40044546	Binding_K13	-0.028926801	0.061503213	0.24109259
V185D	V185D	185	185	-1.1680905	-0.4009086	-0.69575506	-1.2884612	-1.1391721	-0.77041966	-0.15141864	-0.346111	-0.56022936	-0.8119252	10	-0.73324907	0.38004196	1.4897645	Binding_K13	-0.44146064	0.22880843	0.8969291
V185E	V185E	185	185	-0.26355594	-0.3980644	-0.442241	-0.6564678	-0.32557452	-0.18970178	-0.47101912	-0.6270498	-1.1543621	-0.7835798	10	-0.53116167	0.2861046	1.12153	Binding_K13	-0.3197917	0.1722524	0.67522943
V185F	V185F	185	185	0.10259017	0.176532	0.29122278	-0.13859986	-0.009478187	0.02833821	0.16346489	0.2237911	0.12593868	-0.115125515	10	0.08486742	0.14161554	0.5551329	Binding_K13	0.05109536	0.08526119	0.33422387
V185G	V185G	185	185	0.05486552	0.16886683	-0.0036850753	-0.107384086	0.17488483	0.2249473	0.26180393	0.2049634	0.22125648	0.26633385	10	0.14668529	0.12451275	0.48808998	Binding_K13	0.08831349	0.07496426	0.29385993
V185H	V185H	185	185	0.2585016	0.45293966	0.22057712	0.27476633	0.01171067	0.4651632	0.52774584	0.31158745	0.18542165	0.0321968	10	0.27406102	0.17402679	0.682185	Binding_K13	0.16500145	0.104774736	0.41071698
V185I	V185I	185	185	-0.278005	-0.38816613	-0.33909628	-0.18540585	-0.23198181	-0.22603153	-0.42563552	-0.37218574	-0.47568244	-0.6016787	10	-0.3523869	0.1284267	0.5034327	Binding_K13	-0.2121584	0.0773207	0.30309716
V185K	V185K	185	185	0.0587991	-0.18915884	0.10921308	-0.2471811	-0.4342847	-0.11146964	-0.19109651	-0.22821899	-0.38821188	-0.26390007	10	-0.18855095	0.17215365	0.67484236	Binding_K13	-0.11351917	0.10364699	0.40629622
V185L	V185L	185	185	-0.10202792	-0.21890397	-0.30706576	-0.25297672	-0.17388964	-0.3033431	-0.19225521	-0.16929334	-0.2216023	-0.13441499	10	-0.2075773	0.06731668	0.2638814	Binding_K13	-0.12497419	0.04052875	0.1588727
V185M	V185M	185	185	-0.087879844	0.14878197	0.16159509	0.0013732438	-0.023005672	-0.17459771	0.12165552	0.092484064	-0.23837435	-0.072344474	10	-0.0070312163	0.13820374	0.54175866	Binding_K13	-0.004233221	0.08320708	0.32617176
V185N	V185N	185	185	0.19236849	0.48346427	0.43480194	0.5708694	0.48703253	0.41218132	0.30001828	0.4014361	0.40516075	0.3344927	10	0.40218258	0.1067064	0.4182891	Binding_K13	0.24213843	0.06424376	0.25183555
V185P	V185P	185	185	-0.1681907	0.3139823	0.15425554	0.16874015	-0.16055512	0.008893883	-0.13225183	-0.095729455	0.086904675	-0.18814035	10	-0.0012090907	0.17467026	0.68470746	Binding_K13	-0.00072794635	0.10516215	0.41223565
V185Q	V185Q	185	185	0.13629463	-0.011812692	-0.07179437	0.3161692	0.1455996	0.13500436	0.0015388145	0.12151627	-0.14624286	-0.24637248	10	0.037990052	0.16522075	0.6476654	Binding_K13	0.022872329	0.09947297	0.38993406
V185R	V185R	185	185	-0.42302856	-0.19421741	-0.3142199	-0.23847799	-0.14094485	-0.037214708	-0.08013277	-0.26065707	-0.29024607	-0.070669524	10	-0.20498088	0.1233597	0.48357004	Binding_K13	-0.123410985	0.07427006	0.29113865
V185S	V185S	185	185	-0.02842609	-0.02790255	0.1355702	0.1073154	0.195242	0.2752942	0.25666985	0.2123275	0.20147987	0.13117282	10	0.14587432	0.10612281	0.4160014	Binding_K13	0.08782524	0.0638924	0.2504582
V185T	V185T	185	185	0.009187879	0.08028708	0.0888611	0.10401835	0.038979087	0.102939256	0.1908903	0.18822342	-0.0055355476	-0.2743771	10	0.052347384	0.13213651	0.51797515	Binding_K13	0.031516317	0.07955424	0.3118526
V185W	V185W	185	185	-0.41121542	-0.38792318	-0.53752667	-0.12002922	-0.20056146	-0.17555906	-0.43977723	-0.19348975	-0.35838035	-0.23318015	10	-0.30576426	0.1385257	0.5430207	Binding_K13	-0.18408872	0.08340091	0.3269316
V185Y	V185Y	185	185	0.2774947	0.33010003	0.28789178	0.067913346	0.13461855	0.06531002	0.0618269	0.0846829	0.015744023	0.26019865	10	0.15857808	0.11705918	0.458872	Binding_K13	0.09547368	0.07047676	0.27626893
V28A	V28A	28	28	-0.4026155	-0.262334	-0.34913093	-0.26243767	-0.21281046	-0.23458377	-0.37216708	-0.24581486	-0.3624519	-0.33318013	10	-0.30375263	0.06721376	0.26347795	Binding_K13	-0.1828776	0.04046678	0.15862979
V28C	V28C	28	28	-0.27254915	-0.25600737	-0.15602374	-0.20400381	-0.18462922	-0.23101503	-0.23051473	-0.1898395	-0.13537055	-0.21136464	10	-0.20713179	0.04266175	0.16723406	Binding_K13	-0.12470596	0.025684973	0.1006851
V28D	V28D	28	28	-0.41930786	-0.30248192	-0.3016029	-0.2767245	-0.30065754	-0.2868078	-0.42888713	-0.35669917	-0.38227338	-0.29627308	10	-0.33517152	0.056958497	0.22327732	Binding_K13	-0.20179369	0.03429249	0.13442656
V28E	V28E	28	28	-0.18901032	-0.12932372	-0.11587932	-0.18112776	-0.11522978	-0.22623263	-0.2223096	-0.18695465	-0.29044116	-0.25010514	10	-0.19066142	0.05860265	0.2297224	Binding_K13	-0.1147898	0.03528237	0.13830689
V28F	V28F	28	28	-0.15580903	-0.10391063	-0.17225255	-0.19339326	-0.11752868	-0.27041328	-0.15621094	-0.2119004	-0.10863757	-0.26975304	10	-0.17598096	0.060792595	0.23830698	Binding_K13	-0.105951265	0.03660085	0.14347534
V28G	V28G	28	28	-0.27345106	-0.29950148	-0.3077496	-0.3654711	-0.2608656	-0.24728845	-0.30093196	-0.3393426	-0.26851848	-0.3406965	10	-0.3003817	0.03881032	0.15213646	Binding_K13	-0.18084809	0.02336618	0.091595426
V28H	V28H	28	28	-0.40311068	-0.50114965	-0.30717582	-0.30867428	-0.2593708	-0.30209094	-0.2866829	-0.41636437	-0.46416956	-0.46444398	10	-0.3713233	0.08801274	0.34500995	Binding_K13	-0.22355926	0.052989036	0.20771703
V28I	V28I	28	28	-0.22764584	-0.08413985	-0.19052643	-0.24400057	-0.21540254	-0.3468709	-0.31466568	-0.28766137	-0.16288008	-0.24658829	10	-0.23203817	0.07611294	0.29836273	Binding_K13	-0.13970113	0.045824632	0.17963256
V28K	V28K	28	28	-0.5308316	-0.43667334	-0.63501686	-0.5154988	-0.58118016	-0.4694139	-0.5996765	-0.5981789	-0.5543306	-0.48216462	10	-0.54029655	0.06460363	0.25324622	Binding_K13	-0.32529148	0.038895324	0.15246968
V28L	V28L	28	28	-0.29131106	-0.26055884	-0.28660914	-0.35857606	-0.27142543	-0.35202137	-0.3174012	-0.25593537	-0.3098347	-0.22704262	10	-0.29307157	0.04209548	0.16501428	Binding_K13	-0.17644696	0.025344044	0.09934866
V28M	V28M	28	28	-0.10556246	-0.22214866	-0.2089526	-0.2950685	-0.30900148	-0.19276412	-0.36702	-0.24481262	-0.289111	-0.26681247	10	-0.25012538	0.07275823	0.28521225	Binding_K13	-0.15059073	0.043804888	0.17171517
V28N	V28N	28	28	-0.3871753	-0.335192	-0.25728765	-0.24580652	-0.29649484	-0.53174186	-0.29580477	-0.33947465	-0.32648352	-0.57180864	10	-0.35872698	0.11004264	0.43136716	Binding_K13	-0.21597551	0.06625238	0.25970933
V28P	V28P	28	28	-0.46445894	-0.33986142	-0.34717804	-0.3743925	-0.3333706	-0.2501992	-0.41701758	-0.46723837	-0.3615791	-0.38503456	10	-0.37403303	0.064863235	0.25426388	Binding_K13	-0.2251907	0.039051622	0.15308236
V28Q	V28Q	28	28	-0.33833718	-0.36122745	-0.31132394	-0.39841795	-0.43444714	-0.28392687	-0.33997345	-0.5855906	-0.33055037	-0.36152923	10	-0.3745324	0.08543709	0.3349134	Binding_K13	-0.22549134	0.051438335	0.20163828
V28R	V28R	28	28	-0.3582958	-0.28742972	-0.31158087	-0.30288047	-0.29135436	-0.29505783	-0.34291762	-0.30454448	-0.29824257	-0.25939658	10	-0.30517	0.027978178	0.10967446	Binding_K13	-0.18373094	0.016844569	0.06603071
V28S	V28S	28	28	-0.3966941	-0.24098916	-0.34034684	-0.34297475	-0.27593938	-0.33900577	-0.31784004	-0.32517716	-0.28643337	-0.32384616	10	-0.31892467	0.042857002	0.16799945	Binding_K13	-0.1920121	0.025802528	0.101145916
V28T	V28T	28	28	-0.23206897	-0.31522286	-0.31877002	-0.29307187	-0.40698943	-0.21491921	-0.3366858	-0.3404148	-0.3493048	-0.35440025	10	-0.31618482	0.05742844	0.22511949	Binding_K13	-0.19036254	0.03457542	0.13553566
V28W	V28W	28	28	-0.06011188	0.07877807	0.047660127	0.01934711	0.009515873	0.09451358	-0.0049726027	-0.01736143	-0.055643838	-0.079879455	10	0.0031845563	0.05886924	0.23076741	Binding_K13	0.001917297	0.03544287	0.13893606
V28Y	V28Y	28	28	-0.22391228	-0.22866273	-0.20073833	-0.26091582	-0.15606804	-0.16694705	-0.3458697	-0.26556787	-0.15032518	-0.25340423	10	-0.22524111	0.06023354	0.23611549	Binding_K13	-0.13560888	0.036264263	0.14215592
V43A	V43A	43	43	-0.11316375	-0.20229818	-0.19175859	-0.17791648	-0.20015623	-0.23253156	-0.29611576	-0.20695812	-0.23395947	-0.26070684	10	-0.21155651	0.04938448	0.19358715	Binding_K13	-0.12736991	0.029732468	0.11655127
V43C	V43C	43	43	-0.19120982	-0.21641372	-0.19602937	-0.18939993	-0.21713772	-0.21483964	-0.41344395	-0.3205888	-0.29929343	-0.33440015	10	-0.25927565	0.077370144	0.30329096	Binding_K13	-0.15609975	0.046581544	0.18259965
V43D	V43D	43	43	-0.24328949	-0.20832486	-0.30189687	-0.28262147	-0.36493927	-0.061920453	-0.3056939	-0.027563063	-0.18391624	-0.18674222	10	-0.21669078	0.10748531	0.42134243	Binding_K13	-0.13046107	0.06471271	0.25367382
V43E	V43E	43	43	-0.36221448	-0.18102401	-0.13366286	-0.238095	-0.032981906	-0.14427407	-0.21442191	-0.11870709	-0.22855614	-0.13240172	10	-0.17863393	0.088920884	0.34856987	Binding_K13	-0.10754852	0.053535793	0.20986031
V43F	V43F	43	43	-0.054424528	-0.030664513	0.11372161	-0.11381781	-0.09261457	0.037030812	0.055573463	0.066390075	-0.13631567	-0.1688287	10	-0.032394983	0.09650847	0.3783132	Binding_K13	-0.019503755	0.058103986	0.22776763
V43G	V43G	43	43	-0.26085472	-0.31499848	-0.20521303	-0.15859753	-0.3595236	-0.14973187	-0.38728857	-0.21435452	-0.19035164	-0.2587398	10	-0.24996538	0.0819926	0.32141098	Binding_K13	-0.1504944	0.04936454	0.193509
V43H	V43H	43	43	-0.46248943	-0.2539204	0.1542052	-0.30052248	-0.06222839	-0.17128219	0.013249028	0.16845526	-0.21606095	-0.056590118	10	-0.118718445	0.20087913	0.7874462	Binding_K13	-0.071475744	0.12094148	0.4740906
V43I	V43I	43	43	-0.3381371	-0.38875255	-0.39936754	-0.23407193	-0.680097	-0.40546617	-0.4991404	-0.32727745	-0.45442796	-0.29848573	10	-0.4025224	0.12395858	0.48591766	Binding_K13	-0.24234302	0.074630626	0.29255205
V43K	V43K	43	43	-0.1921293	-0.092819065	-0.2838614	0.017804895	-0.3499507	-0.29545543	-0.38811278	-0.08056082	0.058398243	-0.4411185	10	-0.20478049	0.17382935	0.681411	Binding_K13	-0.12329034	0.10465587	0.41025102
V43L	V43L	43	43	-0.3199791	-0.16704327	-0.34266454	-0.2878532	-0.31669322	-0.2638211	-0.39967698	-0.14896487	-0.38729373	-0.1075479	10	-0.2741538	0.10130092	0.3970996	Binding_K13	-0.1650573	0.060989328	0.23907816
V43M	V43M	43	43	-0.2029237	-0.398118	-0.50563145	-0.48327777	-0.036375888	-0.14329861	-0.2529527	0.005832146	-0.32277822	-0.14760663	10	-0.24871309	0.17706397	0.6940908	Binding_K13	-0.14974044	0.10660331	0.41788498
V43N	V43N	43	43	-0.278358	-0.177973	-0.3200933	-0.11740788	-0.21169503	-0.077350624	-0.56075877	-0.4604409	-0.24970317	-0.345069	10	-0.279885	0.1493409	0.5854163	Binding_K13	-0.16850783	0.089912325	0.35245633
V43P	V43P	43	43	-0.043446384	-0.16909143	0.05230821	0.0036823375	0.027584845	0.037460696	0.086099125	-0.038247637	0.028599681	-0.13758756	10	-0.015263813	0.08279011	0.32453722	Binding_K13	-0.009189746	0.049844693	0.19539121
V43Q	V43Q	43	43	-0.23857206	-0.012160911	-0.15770023	-0.5215597	-0.22550641	-0.37998953	-0.22002128	0.28624493	0.07399536	0.20757882	10	-0.11876911	0.25539783	1.0011595	Binding_K13	-0.07150625	0.15376507	0.60275906
V43R	V43R	43	43	-0.2617644	-0.29320177	-0.3672102	-0.11870908	-0.24917871	-0.2017129	-0.21453534	-0.10882102	-0.18423508	-0.0815447	10	-0.20809133	0.089219294	0.34973964	Binding_K13	-0.12528367	0.053715456	0.2105646
V43S	V43S	43	43	-0.15844825	-0.03048308	-0.25152764	-0.07939009	-0.21933536	-0.07820286	0.021709155	-0.0356443	0.057325594	-0.016601888	10	-0.07905987	0.10144879	0.39767927	Binding_K13	-0.04759886	0.06107836	0.23942716
V43T	V43T	43	43	-0.59543324	-0.36817428	-0.3019624	-0.4616142	-0.45173216	-0.50350475	-0.58183503	-0.37047657	-0.66320777	-0.6501307	10	-0.4948071	0.1255652	0.4922156	Binding_K13	-0.29790404	0.075597905	0.2963438
V43W	V43W	43	43	-0.3518152	-0.20793666	-0.03875528	-0.21932755	-0.19019812	-0.18091826	-0.28156167	-0.26013738	-0.15413038	-0.07548592	10	-0.19602665	0.092893705	0.36414334	Binding_K13	-0.11802	0.055927675	0.2192365
V43Y	V43Y	43	43	-0.37922296	-0.109058775	-0.24225917	-0.220194	-0.2786706	-0.038749628	-0.101925604	-0.18843308	-0.095801644	-0.13325079	10	-0.17875662	0.10291738	0.40343615	Binding_K13	-0.107622385	0.061962537	0.24289314
V44A	V44A	44	44	-0.26149762	-0.20151787	-0.22028111	-0.41906443	-0.27978948	-0.30979294	-0.25911677	-0.06892814	-0.23865029	-0.34950235	10	-0.2608141	0.09317936	0.3652631	Binding_K13	-0.157026	0.056099657	0.21991067
V44C	V44C	44	44	-0.08918744	-0.11246837	-0.16519323	-0.16014022	-0.11181054	0.03575382	-0.116394214	-0.055403206	-0.083000205	-0.12086337	10	-0.09787069	0.057391968	0.22497652	Binding_K13	-0.058924124	0.034553465	0.13544959
V44D	V44D	44	44	-0.4587074	-0.2203334	-0.27485824	-0.30169225	-0.36225614	-0.29174837	-0.20580767	-0.33220944	-0.5056462	-0.35806227	10	-0.3311321	0.09544797	0.37415606	Binding_K13	-0.19936173	0.057465497	0.22526476
V44E	V44E	44	44	-0.5944335	-0.30203092	-0.27543056	-0.29811165	-0.42692807	-0.18111178	-0.3521787	-0.4641886	-0.4304059	-0.40221608	10	-0.3727036	0.11634423	0.45606938	Binding_K13	-0.2243903	0.07004632	0.27458158
V44F	V44F	44	44	-0.02594422	0.18464	-0.051908333	-0.11032294	0.0060959025	0.041606728	-0.19652301	-0.03746296	-0.031774957	-0.10405875	10	-0.032565255	0.101465166	0.39774346	Binding_K13	-0.019606268	0.061088216	0.2394658
V44G	V44G	44	44	-0.10006018	-0.2762255	-0.12716338	-0.34322366	-0.33689648	-0.42058322	-0.24714856	-0.25687844	-0.1939862	-0.3785519	10	-0.26807174	0.105436414	0.41331077	Binding_K13	-0.16139553	0.06347915	0.24883826
V44H	V44H	44	44	-0.28002277	0.20316069	-0.012801643	-0.1945211	0.011692116	-0.20109941	-0.33072978	-0.064999275	0.18371937	-0.020001618	10	-0.07056034	0.18142626	0.71119094	Binding_K13	-0.042481627	0.10922967	0.4281803
V44I	V44I	44	44	-0.05176276	-0.12391967	-0.13484406	-0.024764761	-0.124730535	-0.24166286	-0.11558973	-0.19384211	-0.059237234	-0.19223051	10	-0.12625842	0.06894104	0.2702489	Binding_K13	-0.076015264	0.04150671	0.16270632
V44K	V44K	44	44	-0.2517278	-0.20561679	-0.45323756	-0.27527064	-0.14304641	-0.20942068	-0.22204125	-0.12873317	-0.27782056	-0.20333323	10	-0.23702478	0.09052824	0.3548707	Binding_K13	-0.14270337	0.054503523	0.21365382
V44L	V44L	44	44	-0.16370402	-0.03468353	-0.12942973	-0.37703055	-0.16032411	-0.16174959	-0.23279183	-0.099269	-0.1389963	-0.075545184	10	-0.15735239	0.09442721	0.37015468	Binding_K13	-0.094735734	0.05685094	0.22285569
V44M	V44M	44	44	-0.25070956	-0.2989428	-0.21659331	-0.22588094	-0.1322761	-0.49836546	-0.062069323	-0.06995285	-0.21643618	-0.2747667	10	-0.22459932	0.12590156	0.49353415	Binding_K13	-0.13522248	0.07580042	0.29713765
V44N	V44N	44	44	-0.3229679	-0.22187893	-0.5503482	-0.3460653	-0.37116805	-0.56064945	-0.41205454	-0.7586087	-0.57976264	-0.43965322	10	-0.4563157	0.1566071	0.6138999	Binding_K13	-0.27472988	0.09428703	0.36960515
V44P	V44P	44	44	-0.28505585	-0.026086945	-0.10334528	-0.32292035	-0.23636062	-0.14277317	-0.17445242	-0.14238329	-0.21393248	-0.33521682	10	-0.19825272	0.09941403	0.389703	Binding_K13	-0.11936023	0.059853308	0.23462497
V44Q	V44Q	44	44	-0.4079151	-0.27129757	-0.17858174	-0.2638727	-0.61464584	0.20702317	-0.15283181	-0.48217365	-0.49235487	-0.7683637	10	-0.34250137	0.27441627	1.0757118	Binding_K13	-0.20620671	0.16521533	0.6476441
V44R	V44R	44	44	-0.19931751	-0.051439546	-0.14203563	-0.03333357	-0.008780456	-0.08617607	-0.07225349	-0.22155923	-0.20163728	-0.22785215	10	-0.12443849	0.08379607	0.3284806	Binding_K13	-0.07491956	0.050450344	0.19776535
V44S	V44S	44	44	-0.38103876	-0.16058424	-0.11482607	-0.21466112	-0.3020336	-0.19870245	-0.28961113	-0.28839433	-0.3315652	-0.10267328	10	-0.23840901	0.094330266	0.36977464	Binding_K13	-0.14353676	0.056792572	0.22262688
V44T	V44T	44	44	-0.12016282	-0.13119179	-0.19957156	-0.05976603	-0.14498731	-0.0005679675	-0.32500935	-0.232686	-0.16728367	0.12055751	10	-0.1260669	0.12447042	0.48792407	Binding_K13	-0.07589996	0.07493878	0.29376003
V44W	V44W	44	44	-0.19691615	-0.11583835	-0.0057862923	0.071478866	-0.016872605	0.2790554	-0.01705131	0.1012838	-0.12382458	0.060836934	10	0.0036365695	0.13537781	0.530681	Binding_K13	0.0021894365	0.08150569	0.31950232
V44Y	V44Y	44	44	0.03748403	0.038076106	0.031039322	-0.047644876	0.108932175	0.08141796	-0.01300153	0.23295644	-0.030977389	0.22301191	10	0.06612941	0.097743474	0.38315442	Binding_K13	0.039813936	0.05884753	0.23068233
V6A	V6A	6	6	-0.04053097	-0.060800932	0.008539835	-0.09711117	-0.06485301	-0.046535846	-0.17237622	-0.016288271	-0.14509653	-0.23682167	10	-0.087187484	0.07624108	0.29886505	Binding_K13	-0.052492183	0.04590178	0.17993498
V6C	V6C	6	6	-0.3289553	-0.2943444	-0.42645645	-0.2130066	-0.32310352	-0.15179178	-0.07822062	-0.072020516	-0.5610838	-0.24899432	10	-0.26979774	0.15265583	0.59841084	Binding_K13	-0.1624347	0.09190811	0.3602798
V6D	V6D	6	6	-0.7502016	-0.44051912	-0.58004695	-0.23002188	-0.6357594	-0.8723399	-0.88047135	-0.06254571	-0.3474985	-0.02924813	10	-0.48286527	0.31279296	1.2261484	Binding_K13	-0.29071432	0.18832043	0.7382161
V6E	V6E	6	6	0.46790233	0.32111734	0.52086693	0.5384073	0.5417563	0.68873596	0.61939055	0.19182292	0.55259657	0.5205217	10	0.49631175	0.14321056	0.5613854	Binding_K13	0.29880995	0.08622149	0.33798823
V6F	V6F	6	6	-0.35672975	-0.41677588	-0.1895748	-0.12888105	-0.6892495	-0.17149396	-0.4003341	-0.34144098	-0.49623677	-0.4072336	10	-0.35979503	0.16746376	0.65645796	Binding_K13	-0.21661855	0.100823395	0.39522773
V6G	V6G	6	6	-0.42766678	-0.3913401	-0.35923702	-0.46383476	-0.29643723	-0.38011244	-0.39386767	-0.46753353	-0.39911124	-0.13987364	10	-0.37190145	0.09549131	0.37432596	Binding_K13	-0.22390735	0.057491593	0.22536705
V6H	V6H	6	6	-0.51269764	-0.92785794	-0.8339667	-0.55951434	-0.7325856	-0.4242641	-0.17849143	-0.42888513	-0.74622613	-0.76971775	10	-0.6114207	0.22992408	0.9013024	Binding_K13	-0.36811253	0.13842832	0.542639
V6I	V6I	6	6	-0.7033975	-0.6094675	-0.60198975	-0.11823838	-0.063752495	-0.45832822	-0.27365687	-0.3960783	-0.7577575	-0.8231653	10	-0.4805832	0.2647182	1.0376954	Binding_K13	-0.28934038	0.1593765	0.6247559
V6K	V6K	6	6	-0.6727664	-0.56569785	-1.0320336	-0.82122016	-0.9224576	-0.90997714	-0.96799505	-0.72812593	-0.56630343	-0.8359385	10	-0.8022515	0.16387996	0.64240944	Binding_K13	-0.48300433	0.09866573	0.38676965
V6L	V6L	6	6	-0.46159872	-0.2608404	-0.35763696	-0.24468996	-0.3047235	-0.28248662	-0.16465521	-0.16533217	-0.21387328	-0.323375	10	-0.27792117	0.09061577	0.35521382	Binding_K13	-0.1673255	0.05455622	0.2138604
V6M	V6M	6	6	-0.09513764	-0.09441828	0.08505081	-0.17807174	0.011389488	-0.26528567	-0.35159597	-0.20719258	-0.11193043	0.030671323	10	-0.11765206	0.13703728	0.53718615	Binding_K13	-0.07083371	0.082504794	0.3234188
V6N	V6N	6	6	-0.45009187	-0.58622074	-0.40776166	-0.5855632	-0.6688128	-0.2596558	-0.66523975	-0.61896354	-0.45435545	-0.5126423	10	-0.52093065	0.12967297	0.50831807	Binding_K13	-0.313632	0.078071035	0.30603847
V6P	V6P	6	6	-0.3233496	-0.10837102	-0.49866152	-0.06320181	-0.12016386	-0.28920624	-0.1578773	-0.5415452	-0.21011429	-0.2125204	10	-0.2525011	0.1622679	0.63609016	Binding_K13	-0.15202107	0.097695164	0.38296506
V6Q	V6Q	6	6	-0.43770003	-0.40678263	-0.4335867	-0.25848234	-0.27392295	-0.5204717	-0.38286713	-0.32892486	-0.52725786	-0.51316583	10	-0.40831622	0.0981417	0.38471547	Binding_K13	-0.24583127	0.059087288	0.23162217
V6R	V6R	6	6	-0.5128328	-0.44427413	-0.6148497	-0.5639416	-0.78408086	-0.53391176	-0.44545045	-0.3106519	-0.5249138	-0.48497045	10	-0.5219878	0.12348698	0.48406896	Binding_K13	-0.31426847	0.07434669	0.29143903
V6S	V6S	6	6	-0.5067629	-0.49269465	-0.2725566	-0.5376057	-0.4089626	-0.7585094	-0.36110097	-0.49883714	-0.29871985	-0.76328784	10	-0.48990378	0.16880885	0.6617307	Binding_K13	-0.29495195	0.10163322	0.39840224
V6T	V6T	6	6	-0.25956094	-0.38089135	-0.44690114	-0.5704571	-0.7622889	-0.07414314	-0.243821	-0.2995671	-0.4828659	-0.45860896	10	-0.39791054	0.19250292	0.75461143	Binding_K13	-0.2395664	0.11589849	0.4543221
V6W	V6W	6	6	-0.4821669	-0.35323477	-0.5923293	-0.43243217	-0.54312044	-0.5819433	-0.4535642	-0.86164016	-0.5989551	-0.40369192	10	-0.5303078	0.14389187	0.56405616	Binding_K13	-0.31927764	0.08663168	0.33959618
V6Y	V6Y	6	6	-0.6086839	-0.6093696	-0.34677815	-0.7662711	-0.5012711	-0.5616222	-0.6077009	-0.5593395	-0.9920388	-0.6805042	10	-0.62335795	0.1698309	0.66573715	Binding_K13	-0.37529948	0.10224856	0.40081435
V7A	V7A	7	7	-0.051363215	-0.28748736	-0.06514625	0.0042749667	-0.33456117	-0.060733277	-0.3655583	-0.21649723	0.14501792	-0.09741168	10	-0.13294657	0.16311021	0.639392	Binding_K13	-0.08004194	0.098202296	0.384953
V7C	V7C	7	7	-0.10328176	-0.17323989	-0.26665884	-0.07325435	0.006364791	-0.1543061	-0.059013873	-0.14879285	-0.13638537	-0.19695444	10	-0.13055226	0.077156566	0.30245376	Binding_K13	-0.07860042	0.046452958	0.1820956
V7D	V7D	7	7	-0.37216988	-0.28459412	-0.4709036	-0.3951546	-0.32840383	0.09243068	-0.010715731	-0.3793009	0.33203462	-0.2618303	10	-0.20786078	0.25916946	1.0159442	Binding_K13	-0.12514487	0.15603581	0.61166036
V7E	V7E	7	7	-0.22736695	-0.22534807	0.015441525	-0.069935404	-0.0121121	-0.54240686	-0.34763765	-0.5857773	0.21467164	-0.17931385	10	-0.1959785	0.24946775	0.97791356	Binding_K13	-0.11799101	0.1501948	0.5887636
V7F	V7F	7	7	0.071005024	0.32331017	0.2066277	0.25085217	0.4657111	0.32729322	0.3717884	0.09748753	0.27391344	0.03658298	10	0.24245715	0.1396198	0.54730964	Binding_K13	0.145974	0.08405963	0.32951376
V7G	V7G	7	7	-0.543236	-0.29466057	-0.541911	-0.21970667	-0.34142205	-0.44615895	-0.21564117	0.046900872	-0.12721984	-0.41945103	10	-0.31025064	0.18790242	0.7365775	Binding_K13	-0.1867898	0.113128714	0.44346458
V7H	V7H	7	7	-0.1542902	-0.45024246	-0.42858902	-0.46644703	-0.1784444	-0.10486388	-0.05134621	0.09262873	-0.7009783	0.15688135	10	-0.22856912	0.27393922	1.0738418	Binding_K13	-0.13761255	0.16492811	0.6465182
V7I	V7I	7	7	-0.56601167	-0.11167997	-0.4864944	-0.41341305	-0.26474515	-0.36482593	-0.52020687	-0.514013	-0.5513916	-0.5574771	10	-0.43502587	0.14936145	0.5854969	Binding_K13	-0.2619121	0.0899247	0.35250482
V7K	V7K	7	7	-0.6227724	-0.46095946	-0.5791601	-0.42934126	-0.3966529	-0.1885014	-0.30473357	-0.39076915	-0.30515075	-0.13527256	10	-0.38133135	0.15484703	0.60700035	Binding_K13	-0.22958472	0.09322735	0.36545122
V7L	V7L	7	7	-0.053827096	-0.16195734	-0.18459703	-0.24521132	-0.2317099	-0.1291852	-0.13630486	-0.19183995	-0.12864877	-0.079482764	10	-0.15427642	0.06141655	0.24075289	Binding_K13	-0.09288381	0.03697651	0.14494792
V7M	V7M	7	7	0.026719563	0.29223543	-0.23422194	-0.38071325	-0.3427713	-0.23544241	-0.24961108	-0.44980967	-0.24740836	-0.07507369	10	-0.18960968	0.21878615	0.8576417	Binding_K13	-0.11415659	0.1317226	0.5163526
V7N	V7N	7	7	-0.08564171	-0.22608243	-0.630844	-0.59839445	-0.25802583	0.17973387	-0.46175972	-0.10083825	0.13725238	-0.61030966	10	-0.26549098	0.30243847	1.1855588	Binding_K13	-0.15984176	0.1820864	0.7137787
V7P	V7P	7	7	-1.1037674	-0.88283217	-1.2965844	-0.15508227	-0.8970092	-0.8084634	0.031539243	-0.5634806	-0.86329216	-0.52273935	10	-0.70617115	0.40979302	1.6063887	Binding_K13	-0.42515808	0.24672039	0.96714395
V7Q	V7Q	7	7	-0.13087665	-0.1046729	-0.5778927	-0.21060014	-0.57620937	-0.47395024	-0.39889154	-0.44901288	-0.28230458	-0.70429	10	-0.39087006	0.20322306	0.79663444	Binding_K13	-0.23532762	0.122352675	0.47962248
V7R	V7R	7	7	-0.9101161	-0.6384475	-0.2908919	-0.56223106	-0.7034221	-0.9612607	-0.7748708	-0.80870503	-0.79717845	-1.0341367	10	-0.74812603	0.21548608	0.84470546	Binding_K13	-0.4504175	0.12973575	0.5085642
V7S	V7S	7	7	0.0044249096	0.053896196	0.022278054	-0.020011414	-0.045969084	-0.16309455	-0.2572895	-0.2876973	0.13343629	-0.41599545	10	-0.09760219	0.17546679	0.68782985	Binding_K13	-0.05876247	0.10564171	0.4141155
V7T	V7T	7	7	0.010953642	-0.5032079	-0.007019636	-0.3624552	-0.3204238	-0.108781435	-0.26684776	-0.18431194	-0.45280412	-0.74608564	10	-0.29409838	0.23598057	0.9250439	Binding_K13	-0.17706515	0.14207469	0.5569328
V7W	V7W	7	7	0.254846	0.08950243	0.22308472	0.008049297	0.051849455	-0.13305934	-0.4706618	0.50712097	0.06668527	-0.039757475	10	0.05576595	0.25751057	1.0094415	Binding_K13	0.033574503	0.15503706	0.6077453
V7Y	V7Y	7	7	0.018078802	-0.25667742	-0.4378263	0.7239568	0.31954908	-0.44347605	-0.10589805	-0.43850058	0.0078031565	0.25417697	10	-0.035881363	0.3852975	1.5103662	Binding_K13	-0.021602768	0.23197259	0.9093326
V80A	V80A	80	80	-0.2496286	-0.36456832	-0.27298698	-0.081030525	-0.11574873	-0.351877	-0.14549598	-0.321548	-0.47582027	-0.23535444	10	-0.2614059	0.12317828	0.48285887	Binding_K13	-0.15738228	0.07416084	0.29071048
V80C	V80C	80	80	-0.3176249	-0.3068683	-0.19223452	0.0026579127	-0.052573767	-0.26071957	-0.28969243	-0.13212244	-0.2688339	-0.36994323	10	-0.21879551	0.12226862	0.479293	Binding_K13	-0.13172823	0.07361316	0.28856358
V80D	V80D	80	80	-0.89990664	-0.6018093	-0.42757422	-0.6166246	-0.052869514	-0.38264036	-0.594627	-0.23277397	-0.38945568	-0.3163991	10	-0.45146805	0.23701291	0.9290906	Binding_K13	-0.2718113	0.14269622	0.5593692
V80E	V80E	80	80	-0.29030833	0.03268782	-0.089501396	0.024848742	-1.2362761	-1.124792	-0.17760849	0.01662385	-0.20475927	0.326109	10	-0.27229765	0.50839025	1.9928898	Binding_K13	-0.16393979	0.30608192	1.1998411
V80F	V80F	80	80	-0.16464782	-0.30796817	-0.25123373	-0.39572036	-0.10301329	-0.21271302	-0.2503252	-0.39944553	-0.18045609	-0.06165145	10	-0.23271747	0.11281027	0.44221628	Binding_K13	-0.1401101	0.06791866	0.26624113
V80G	V80G	80	80	-0.110440336	0.19897676	-0.19026901	-0.07993871	-0.202128	-0.111659706	-0.23291655	-0.012926549	-0.14600691	-0.16886142	10	-0.10561705	0.12490207	0.48961613	Binding_K13	-0.063587904	0.075198665	0.29477876
V80H	V80H	80	80	-0.6820663	-0.4348979	-0.9732312	-0.78565305	-0.7282839	-0.47909692	-1.0878874	-0.95298576	-0.83286965	-0.77236253	10	-0.7729334	0.20718935	0.81218225	Binding_K13	-0.46535304	0.12474062	0.48898324
V80I	V80I	80	80	0.006487384	-0.14710468	-0.31905442	-0.3248898	-0.37154537	-0.13751435	-0.2942283	-0.16155905	-0.29445985	-0.42000708	10	-0.24638756	0.1311077	0.5139422	Binding_K13	-0.14834033	0.07893483	0.30942455
V80K	V80K	80	80	0.08877987	0.13206905	-0.023382477	0.7832001	0.50112087	-0.051758822	0.2967767	0.18583356	-0.018221004	-0.46333665	10	0.14310813	0.33762214	1.3234788	Binding_K13	0.08615982	0.20326911	0.7968149
V80L	V80L	80	80	-0.20606166	-0.38365793	-0.3199332	-0.30221173	-0.29661462	-0.3549505	-0.3399067	-0.29419947	-0.31321767	-0.27418453	10	-0.3084938	0.04830711	0.18936387	Binding_K13	-0.18573207	0.029083826	0.1140086
V80M	V80M	80	80	0.085272074	-0.26417294	-0.15686525	0.20049739	0.15980281	-0.21773781	0.19156243	-0.1910185	-0.25268912	-0.047624227	10	-0.049297314	0.1914312	0.7504103	Binding_K13	-0.02967999	0.115253255	0.45179278
V80N	V80N	80	80	0.54590523	0.336207	0.45776084	0.50390834	0.48959094	0.11315018	0.41590026	0.16988063	0.33089393	0.7213375	10	0.40845346	0.17960669	0.70405823	Binding_K13	0.2459139	0.10813418	0.423886
V80P	V80P	80	80	0.11047794	0.017435405	0.1638233	0.07772343	0.042538047	0.0077608563	0.02452598	-0.045867868	-0.05038129	0.088354215	10	0.043638997	0.0677123	0.2654322	Binding_K13	0.026273336	0.040766932	0.15980637
V80Q	V80Q	80	80	-0.0010237929	-0.4178256	-0.34265792	-0.4685097	0.05986932	-0.2818089	-0.2829365	-0.18443593	-0.49938074	-0.002451551	10	-0.24211614	0.20323776	0.796692	Binding_K13	-0.14576867	0.12236152	0.47965717
V80R	V80R	80	80	0.7020558	1.2656761	0.71301633	1.2696736	0.94844097	0.94042665	0.9248526	1.2462114	0.9957595	0.8779033	10	0.9884016	0.21094836	0.8269176	Binding_K13	0.59507805	0.12700377	0.4978548
V80S	V80S	80	80	-0.19666374	-0.17256336	-0.29886758	-0.29398376	-0.22544424	-0.38066232	-0.3374131	-0.025884772	-0.20488666	0.0305335	10	-0.2105836	0.13076946	0.5126163	Binding_K13	-0.12678416	0.07873119	0.30862626
V80T	V80T	80	80	-0.13904169	-0.1639558	-0.156369	-0.28744835	-0.35090792	-0.34011516	-0.18072605	0.0091677345	-0.15731055	-0.19765213	10	-0.19643588	0.10687216	0.41893888	Binding_K13	-0.11826638	0.06434356	0.25222674
V80W	V80W	80	80	-0.058843553	-0.4161233	0.037910387	-0.28119114	0.050249297	-0.31735376	0.01558583	0.13244207	0.27950665	0.16883355	10	-0.03889839	0.22843596	0.895469	Binding_K13	-0.023419203	0.13753238	0.53912693
V80Y	V80Y	80	80	-0.43804982	-0.72314984	-0.24715027	-0.39520657	-0.008321339	-0.46733257	-0.6380739	-0.7131781	-0.12189943	-0.17661633	10	-0.39289784	0.2513742	0.98538697	Binding_K13	-0.23654845	0.1513426	0.59326303
V8A	V8A	8	8	0.09746605	0.11461632	0.035661142	0.19265981	0.11068574	0.064099364	0.00867667	0.059435498	0.020283127	0.0099279415	10	0.07135116	0.058303855	0.22855112	Binding_K13	0.04295775	0.035102475	0.1376017
V8C	V8C	8	8	-0.12741865	-0.31336832	-0.2524385	0.024020817	-0.14919469	0.03360344	0.0016990607	-0.1458583	-0.023825256	-0.032475792	10	-0.098525606	0.11923484	0.46740058	Binding_K13	-0.059318423	0.07178664	0.28140363
V8D	V8D	8	8	0.73403406	0.54084885	0.58366793	0.6620778	0.47832853	0.6353459	0.68021274	0.85765487	0.4009554	0.3795967	10	0.59527224	0.1499743	0.58789927	Binding_K13	0.35839018	0.090293676	0.35395122
V8E	V8E	8	8	-0.5845955	-0.49061993	-0.048687212	-0.013864243	-0.14592291	-0.6340371	-0.8146196	-0.13179496	-0.08854987	-0.37692118	10	-0.33296126	0.2849118	1.1168543	Binding_K13	-0.20046298	0.17153428	0.6724144
V8F	V8F	8	8	-0.36083022	-0.42816395	-0.275134	-0.3951602	-0.3338283	-0.41552204	-0.58177674	-0.5183462	-0.8950012	-0.49483925	10	-0.46986023	0.17474642	0.685006	Binding_K13	-0.2828845	0.105208	0.4124154
V8G	V8G	8	8	0.14347789	-0.1849354	-0.14830494	0.030282076	0.068099394	-0.056661222	0.013524401	0.14619298	0.18455786	0.044172294	10	0.024040531	0.12352913	0.48423418	Binding_K13	0.014473866	0.07437207	0.2915385
V8H	V8H	8	8	-0.08979406	-0.13285524	0.14098115	-0.4086023	-0.04173875	-0.5168695	0.13628477	-0.43933535	-0.3017591	-0.5614768	10	-0.22151652	0.26005328	1.0194088	Binding_K13	-0.13336645	0.15656793	0.6137463
V8I	V8I	8	8	-0.3949425	-0.23002686	-0.36269018	-0.3277892	-0.39133635	-0.3113081	-0.45908436	-0.5062745	-0.84036124	-0.46445876	10	-0.42882723	0.16600278	0.6507309	Binding_K13	-0.25818014	0.099943794	0.3917797
V8K	V8K	8	8	-0.44465372	-0.3154401	0.046163354	0.13982598	-0.25731307	-0.24203165	0.09975386	0.31345046	0.30125242	0.2731339	10	-0.008585855	0.2821566	1.1060538	Binding_K13	-0.0051692086	0.16987547	0.66591185
V8L	V8L	8	8	-0.5068696	-0.46914044	-0.62204015	-0.58321816	-0.6768688	-0.68643445	-0.7418965	-0.7586288	-0.6332649	-0.6185837	10	-0.6296946	0.09302125	0.3646433	Binding_K13	-0.37911454	0.056004465	0.21953751
V8M	V8M	8	8	-0.586961	-0.5042285	-0.46579772	-0.42747405	-0.7370494	-0.7524806	-0.45423582	-0.48374194	-0.41095075	-0.48054114	10	-0.5303461	0.12265898	0.48082322	Binding_K13	-0.31930068	0.07384819	0.2894849
V8N	V8N	8	8	-0.06553844	-0.083509624	-0.13115281	-0.13143538	-0.211251	0.033918858	-0.10607981	-0.20757122	0.00081603136	-0.18347818	10	-0.10852816	0.08282711	0.3246823	Binding_K13	-0.06534057	0.049866974	0.19547854
V8P	V8P	8	8	-0.26115534	0.11784543	-0.65340936	-0.5509957	-0.093200564	0.106666304	-0.25612694	-0.4588095	-0.29680914	-0.29726768	10	-0.26432627	0.25529525	1.0007573	Binding_K13	-0.15914053	0.1537033	0.60251695
V8Q	V8Q	8	8	-0.058793373	0.33778965	0.48258287	-0.17114167	-0.20346698	0.085861385	-0.06857316	0.18520017	0.15804791	0.40987325	10	0.11573801	0.24187438	0.9481476	Binding_K13	0.06968134	0.14562313	0.5708427
V8R	V8R	8	8	-0.07521192	0.20705797	-0.20833448	0.15373434	0.14101547	-0.06428494	-0.03688903	0.062279914	0.100537516	-0.14992134	10	0.01299835	0.1397297	0.5477404	Binding_K13	0.007825799	0.084125794	0.32977313
V8S	V8S	8	8	-0.057796974	0.14684102	0.08926913	0.015137374	-0.06467928	-0.07549301	-0.17446108	0.08247855	0.06455442	-0.19045514	10	-0.016460497	0.11448136	0.44876695	Binding_K13	-0.009910223	0.06892476	0.27018508
V8T	V8T	8	8	-0.4598978	-0.5694026	-0.42590773	0.045788463	-0.62891734	-0.2398828	-0.11580307	-0.18063898	-0.37048757	-0.34313306	10	-0.32882825	0.20871618	0.81816745	Binding_K13	-0.19797465	0.12565987	0.4925867
V8W	V8W	8	8	0.06061609	-0.3067215	-0.31040668	0.066870995	-0.12444134	-0.09975782	-0.11834769	-0.2049306	0.1652971	0.089846656	10	-0.078197494	0.16808183	0.65888083	Binding_K13	-0.04707966	0.101195514	0.39668643
V8Y	V8Y	8	8	-0.36200503	0.11487174	-0.23149075	-0.038750343	-0.16487487	-0.0816786	0.16136727	-0.2921109	0.016898446	-0.04966558	10	-0.09274386	0.17038974	0.6679278	Binding_K13	-0.055837456	0.10258501	0.40213326
WT	WT			-2.0242958	-2.1237156	-2.1518648	-2.0422945	-2.079477	-2.0706646	-1.9761864	-1.9457139	-2.0152154	-2.1094682	10	-2.0538898	0.065613024	0.25720307	Binding_K13	-1.2365669	0.03950304	0.15485193
Y136A	Y136A	136	136	0.30316314	0.25049284	0.27422184	0.28941795	0.23625661	0.13249446	0.22522448	-0.06230271	0.2260301	0.16995786	10	0.20449564	0.107178524	0.42013982	Binding_K13	0.12311884	0.064528	0.25294977
Y136C	Y136C	136	136	-0.0033842411	-0.013632621	-0.007557114	-0.26124674	-0.11879215	-0.2185666	-0.13010915	-0.20565401	-0.072950006	0.004887527	10	-0.10270051	0.09971114	0.39086768	Binding_K13	-0.06183197	0.06003219	0.23532619
Y136D	Y136D	136	136	1.6810123	2.0639522	1.9833413	2.201628	2.052791	2.2770498	2.3408608	2.1321473	2.1657095	2.1409447	10	2.1039436	0.18234552	0.71479446	Binding_K13	1.2667023	0.10978312	0.43034983
Y136E	Y136E	136	136	2.3031092	2.1843207	2.362923	2.2275913	2.212188	1.8773879	2.329299	2.3719625	2.3975406	2.3269124	10	2.2593236	0.15225537	0.59684104	Binding_K13	1.3602506	0.09166702	0.3593347
Y136F	Y136F	136	136	-0.3310516	-0.3296307	-0.2622509	-0.2433192	-0.24555829	-0.28214395	-0.1963436	-0.29763243	-0.21848221	-0.2901075	10	-0.26965204	0.044778347	0.17553112	Binding_K13	-0.16234697	0.026959294	0.105680436
Y136G	Y136G	136	136	0.28910235	-0.023479136	-0.038157884	-0.050240673	0.06936134	-0.07560253	-0.14862634	0.09543882	0.24532789	0.4188416	10	0.07819654	0.1838791	0.7208061	Binding_K13	0.047079086	0.11070643	0.43396923
Y136H	Y136H	136	136	0.41275468	0.32967934	0.17898197	0.36164805	0.3505482	0.47750616	0.386811	0.18365878	0.30586666	0.44936678	10	0.34368217	0.10024351	0.39295456	Binding_K13	0.20691763	0.060352705	0.2365826
Y136I	Y136I	136	136	-0.071903236	-0.15086742	0.029353462	0.014743449	-0.07723608	0.04154485	0.023126101	-0.17023814	-0.11708983	-0.057671424	10	-0.053623825	0.07781613	0.30503923	Binding_K13	-0.03228481	0.046850055	0.18365222
Y136K	Y136K	136	136	1.0527519	1.2025313	1.2418289	1.5360568	1.480114	1.2634039	1.4248128	1.2627225	0.9987897	1.0454185	10	1.250843	0.18614866	0.7297028	Binding_K13	0.75308377	0.11207284	0.43932554
Y136L	Y136L	136	136	-0.28311008	-0.25722328	-0.3303415	-0.3096818	-0.28167707	-0.3759317	-0.3085769	-0.3760151	-0.41389754	-0.58085746	10	-0.35173124	0.09438398	0.3699852	Binding_K13	-0.21176365	0.056824908	0.22275364
Y136M	Y136M	136	136	-0.28989202	-0.5243265	-0.37630478	-0.58263516	-0.6050841	-0.5140704	-0.55538243	-0.67912006	-0.68261117	-0.42734593	10	-0.52367723	0.12748744	0.49975076	Binding_K13	-0.31528562	0.07675521	0.30088043
Y136N	Y136N	136	136	0.32927108	0.53680915	0.47443512	0.3307687	0.44880876	0.45711145	0.38143218	0.22223751	0.18047561	0.2570524	10	0.3618402	0.11818273	0.46327633	Binding_K13	0.21784985	0.07115321	0.2789206
Y136P	Y136P	136	136	1.5184916	0.79131055	1.2591327	1.6016022	1.2090636	1.0081753	1.944353	1.488504	1.6242528	0.8078201	10	1.3252705	0.37775478	1.4807987	Binding_K13	0.79789364	0.22743142	0.89153117
Y136Q	Y136Q	136	136	-0.042800248	0.08068459	0.40475368	0.40753135	0.51989967	0.29784137	0.517528	0.06595281	0.080610074	0.18649632	10	0.25184977	0.20451438	0.8016964	Binding_K13	0.15162891	0.12313013	0.4826701
Y136R	Y136R	136	136	0.123943955	0.23430885	0.476749	0.45779	0.27200133	0.00024804694	0.33916077	0.21075284	0.31479874	0.19449988	10	0.26242536	0.14484224	0.56778157	Binding_K13	0.15799607	0.08720386	0.34183913
Y136S	Y136S	136	136	0.32540208	0.2753717	0.42405266	0.3849389	0.36149895	0.33480665	0.37340516	0.48004532	0.43904182	0.24688599	10	0.36454493	0.072377875	0.28372127	Binding_K13	0.21947828	0.043575894	0.17081751
Y136T	Y136T	136	136	0.09242937	0.18521748	0.16724412	0.24947968	0.19588313	0.1206875	0.22750765	0.2570111	0.26958558	0.115518354	10	0.1880564	0.06340199	0.2485358	Binding_K13	0.113221414	0.038171865	0.14963372
Y136V	Y136V	136	136	-0.108800784	0.05046495	-0.25491607	-0.07527826	-0.040504266	-0.025922962	-0.22222264	-0.0021811419	-0.046907593	-0.054422148	10	-0.0780691	0.09483779	0.37176415	Binding_K13	-0.047002356	0.057098135	0.2238247
Y136W	Y136W	136	136	0.12964018	-0.28374454	-0.16590047	-0.32263705	-0.301157	-0.08707278	-0.24267305	-0.19249918	-0.03650823	-0.16948342	10	-0.16720356	0.13890274	0.54449874	Binding_K13	-0.10066674	0.08362792	0.32782143
Y156A	Y156A	156	156	-0.92823863	-0.86462414	-0.80542415	-0.7586504	-0.6780534	-0.66133934	-0.55655974	-0.7948092	-0.79580504	-0.675676	10	-0.75191796	0.109597124	0.42962074	Binding_K13	-0.45270047	0.06598415	0.25865787
Y156C	Y156C	156	156	-0.34923944	-0.28328443	-0.3436278	-0.4322212	-0.35413864	-0.22175267	-0.30483967	-0.3704097	-0.40412596	-0.41691086	10	-0.34805503	0.06458573	0.25317606	Binding_K13	-0.20955035	0.038884547	0.15242742
Y156D	Y156D	156	156	-0.6772308	-0.4245586	-0.7352331	-0.3638841	-0.84385574	-0.23339266	-0.7819368	-0.45685518	-0.4688807	-0.6288204	10	-0.5614648	0.20039247	0.7855385	Binding_K13	-0.33803603	0.12064849	0.47294208
Y156E	Y156E	156	156	-0.8314421	-0.58707935	-0.27620313	-0.7939468	-0.78729093	-0.7195013	-0.6664669	-0.845671	-0.389538	-0.7162514	10	-0.6613391	0.19163232	0.7511987	Binding_K13	-0.39816648	0.11537434	0.45226744
Y156F	Y156F	156	156	-0.42119402	-0.61935294	-0.38745728	-0.36696404	-0.3532432	-0.31873766	-0.49630818	-0.28733596	-0.4726555	-0.36070916	10	-0.40839577	0.09814361	0.38472295	Binding_K13	-0.24587916	0.059088435	0.23162667
Y156G	Y156G	156	156	-0.5873543	-0.61218137	-0.6108664	-0.507504	-0.558392	-0.6037773	-0.6257236	-0.6109562	-0.74811554	-0.45854172	10	-0.59234124	0.07664581	0.30045158	Binding_K13	-0.35662556	0.04614545	0.18089017
Y156H	Y156H	156	156	-0.6009345	-0.7535902	-0.5972521	-0.7497286	-0.6830515	-0.5447452	-0.17511536	-0.51417553	-0.70835567	-0.6434115	10	-0.59703606	0.16911474	0.6629298	Binding_K13	-0.35945213	0.101817384	0.39912415
Y156I	Y156I	156	156	-0.11338142	-0.064430185	-0.13195562	-0.24460319	-0.13327688	-0.29284614	-0.34038454	-0.17507167	-0.3105832	-0.07847513	10	-0.18850079	0.10087268	0.3954209	Binding_K13	-0.11348897	0.060731504	0.23806751
Y156K	Y156K	156	156	-0.522056	-0.7719543	-0.28926936	-0.86572987	-0.3250724	-0.55897295	-0.55036515	-0.665101	-0.61833495	-0.9400787	10	-0.61069345	0.2112465	0.8280863	Binding_K13	-0.3676747	0.12718327	0.49855843
Y156L	Y156L	156	156	-0.60538435	-0.41315606	-0.45671606	-0.52420455	-0.4604517	-0.49858317	-0.6337532	-0.52469474	-0.5721913	-0.5827841	10	-0.52719194	0.07137047	0.27977225	Binding_K13	-0.31740168	0.042969372	0.16843994
Y156M	Y156M	156	156	-0.46162903	-0.103973724	-0.42549855	-0.5835461	-0.5708278	-0.23882066	-0.51486504	-0.38000974	-0.66222036	-0.7868062	10	-0.47281972	0.19996527	0.78386384	Binding_K13	-0.2846663	0.12039129	0.47193384
Y156N	Y156N	156	156	-0.3048702	-0.28477195	-0.2836909	-0.458382	-0.3492876	-0.12827516	-0.38931635	-0.06381832	-0.052446544	-0.5325802	10	-0.28474393	0.16135989	0.6325308	Binding_K13	-0.17143321	0.09714849	0.3808221
Y156P	Y156P	156	156	-0.5532147	-0.5197051	-0.34200096	-0.43113863	-0.75779235	-0.6425923	-0.779148	-0.5894622	-0.8502286	-0.33256227	10	-0.5797845	0.18033364	0.7069079	Binding_K13	-0.34906563	0.10857185	0.42560166
Y156Q	Y156Q	156	156	-0.506682	-0.8802331	-0.48437822	-0.5370029	-0.7107432	-0.58875585	-0.56527084	-0.93729633	-0.5487365	-0.6238985	10	-0.63829976	0.1565147	0.61353767	Binding_K13	-0.38429537	0.0942314	0.3693871
Y156R	Y156R	156	156	-0.55391747	-0.4811912	-0.50866485	-0.6580431	-0.60270905	-0.42119816	-0.38057932	-0.2905685	-0.40155932	-0.6269284	10	-0.49253592	0.119461544	0.46828926	Binding_K13	-0.29653665	0.07192314	0.2819387
Y156S	Y156S	156	156	-0.6598406	-0.58436996	-0.53015083	-0.53111345	-0.69120795	-0.62070256	-0.5150202	-0.3302779	-0.5149324	-0.54419035	10	-0.5521806	0.09980693	0.39124316	Binding_K13	-0.3324464	0.060089856	0.23555224
Y156T	Y156T	156	156	-0.49985132	-0.31211895	-0.68819815	-0.43616727	-0.3715908	-0.3108477	-0.48770994	-0.37281394	-0.60407686	-0.44561353	10	-0.45289883	0.12247087	0.48008582	Binding_K13	-0.2726727	0.07373493	0.28904092
Y156V	Y156V	156	156	-0.40590692	-0.43710792	-0.34712666	-0.6135743	-0.5388376	-0.49612632	-0.32998815	-0.43212	-0.47854403	-0.57585055	10	-0.4655183	0.09335544	0.36595333	Binding_K13	-0.2802704	0.056205668	0.22032622
Y156W	Y156W	156	156	-0.6666086	-0.8022862	-0.5579148	-0.80672294	-0.39085954	-0.7535448	-0.4350113	-0.6434908	-0.72110116	-0.48007333	10	-0.6257614	0.15227966	0.5969363	Binding_K13	-0.3767465	0.09168164	0.35939202
Y31A	Y31A	31	31	-0.43532237	-0.2418538	-0.3013118	-0.29165104	-0.31453824	-0.3417325	-0.35714877	-0.26740587	-0.20942406	-0.35042754	10	-0.3110816	0.06460546	0.2532534	Binding_K13	-0.18729009	0.038896427	0.152474
Y31C	Y31C	31	31	-0.119697586	-0.25877774	-0.26496032	-0.3062789	-0.2772674	-0.35409743	-0.41160005	-0.24198474	-0.32859704	-0.18417938	10	-0.27474403	0.083395086	0.32690874	Binding_K13	-0.16541266	0.050208926	0.19681899
Y31D	Y31D	31	31	0.41298738	0.1973918	0.18026267	0.48164243	0.5350253	0.32427254	0.4696431	0.5851984	0.4557844	0.32023814	10	0.39624462	0.13687652	0.536556	Binding_K13	0.23856342	0.08240801	0.3230394
Y31E	Y31E	31	31	-0.28567293	-0.23811427	-0.32653743	-0.33275393	-0.1141766	-0.28434977	-0.3316506	-0.31271374	-0.27377865	-0.1482318	10	-0.264798	0.0767971	0.30104464	Binding_K13	-0.15942453	0.046236537	0.18124723
Y31F	Y31F	31	31	0.23730184	0.13780928	0.148656	0.1896629	0.08594036	0.1805225	0.19985212	0.08812086	0.1849459	0.12255304	10	0.15753648	0.04955498	0.19425553	Binding_K13	0.09484656	0.02983512	0.11695367
Y31G	Y31G	31	31	-0.43822348	-0.37545517	-0.47314644	-0.45208037	-0.43688235	-0.48608494	-0.44288674	-0.33566305	-0.3741229	-0.4000035	10	-0.4214549	0.048238054	0.18909317	Binding_K13	-0.25374156	0.02904225	0.113845624
Y31H	Y31H	31	31	-0.15621366	-0.24160029	-0.102923736	-0.2545778	-0.10901119	-0.01780148	-0.07177149	-0.16729024	-0.20352785	-0.044952232	10	-0.13696699	0.08121218	0.31835175	Binding_K13	-0.082462475	0.04889468	0.19166715
Y31I	Y31I	31	31	-0.08556196	-0.25633824	-0.2837224	-0.2743694	-0.31536803	-0.26415592	-0.10836084	-0.18488225	-0.13628834	-0.15727448	10	-0.20663218	0.081858374	0.32088482	Binding_K13	-0.124405175	0.04928373	0.19319223
Y31K	Y31K	31	31	-0.2666543	-0.45498535	-0.28407267	-0.3912707	-0.45794165	-0.13606225	-0.3686526	-0.27504948	-0.5466977	-0.3853985	10	-0.3566785	0.11874407	0.46547675	Binding_K13	-0.2147422	0.07149117	0.2802454
Y31L	Y31L	31	31	-0.15060036	-0.13129805	-0.32920685	-0.19687074	-0.2140536	-0.16904788	-0.24985076	-0.1401827	-0.2444061	-0.17470907	10	-0.20002261	0.061187107	0.23985347	Binding_K13	-0.120425805	0.036838368	0.14440641
Y31M	Y31M	31	31	-0.27362558	-0.34332246	-0.37933964	-0.25570133	-0.25571066	-0.28262183	-0.33606943	-0.4211086	-0.2048529	-0.36078438	10	-0.3113137	0.06710618	0.26305622	Binding_K13	-0.18742982	0.040402014	0.1583759
Y31N	Y31N	31	31	-0.13814169	-0.49769843	-0.44300413	-0.30131406	-0.19046412	-0.3267305	-0.18114093	-0.3745749	-0.29256263	-0.4663419	10	-0.32119733	0.12532973	0.49129257	Binding_K13	-0.19338037	0.07545614	0.29578808
Y31P	Y31P	31	31	-0.324763	-0.20467214	-0.26903373	-0.47990417	-0.4153653	-0.2662773	-0.3290107	-0.32256225	-0.5270904	-0.42519173	10	-0.35638705	0.102344766	0.4011915	Binding_K13	-0.21456674	0.061617788	0.24154173
Y31Q	Y31Q	31	31	-0.381662	-0.26012594	-0.3591065	-0.36380884	-0.3335349	-0.5368848	-0.4228036	-0.35212564	-0.1800068	-0.6795447	10	-0.38696036	0.13892126	0.54457134	Binding_K13	-0.23297372	0.08363907	0.32786515
Y31R	Y31R	31	31	-0.39631397	-0.38119358	-0.37300476	-0.26680264	-0.5643727	-0.52192664	-0.49487484	-0.39070997	-0.5150182	-0.49143127	10	-0.43956488	0.09173916	0.35961753	Binding_K13	-0.26464486	0.05523257	0.21651168
Y31S	Y31S	31	31	-0.29522532	-0.37635976	-0.37295416	-0.36531597	-0.3271785	-0.34726974	-0.277592	-0.30522868	-0.34056556	-0.38624266	10	-0.33939326	0.03728232	0.1461467	Binding_K13	-0.20433544	0.02244623	0.087989226
Y31T	Y31T	31	31	-0.50953895	-0.19111894	-0.3814932	-0.32599652	-0.1641773	-0.06561886	-0.28620228	-0.52351946	-0.45303294	-0.08771747	10	-0.2988416	0.16835208	0.6599402	Binding_K13	-0.17992087	0.10135822	0.39732423
Y31V	Y31V	31	31	-0.21342367	-0.1941041	-0.20808898	-0.34595117	-0.30878612	-0.24744527	-0.2769628	-0.33496305	-0.37982354	-0.35204646	10	-0.2861595	0.06751618	0.26466343	Binding_K13	-0.17228545	0.040648855	0.15934351
Y31W	Y31W	31	31	-0.34047368	-0.16813807	-0.122404926	-0.14383292	-0.15751985	-0.18450174	-0.24578367	-0.20685278	-0.16505276	-0.28540215	10	-0.20199625	0.068788424	0.26965064	Binding_K13	-0.12161406	0.041414827	0.16234612
Y39A	Y39A	39	39	-0.36048403	-0.35324758	-0.35019583	-0.35319406	-0.37382695	-0.34626874	-0.3628168	-0.3727758	-0.34837568	-0.36056763	10	-0.35817534	0.009668457	0.037900355	Binding_K13	-0.21564339	0.005821001	0.022818323
Y39C	Y39C	39	39	-0.09285591	-0.055577148	-0.15385762	-0.038135182	-0.14419122	-0.10438054	-0.26847622	-0.12174805	-0.12802702	-0.11104845	10	-0.12182973	0.06300247	0.24696967	Binding_K13	-0.073348925	0.037931327	0.1486908
Y39D	Y39D	39	39	-0.37565905	-0.54410595	-0.3867409	-0.48647484	-0.36923718	-0.16494751	-0.45901838	-0.26343536	-0.55602497	-0.40171245	10	-0.40073568	0.120960556	0.47416538	Binding_K13	-0.24126731	0.07282563	0.28547648
Y39E	Y39E	39	39	-0.26156306	-0.1674561	-0.16424167	-0.21328141	-0.36072186	-0.20796251	-0.29135895	-0.19764474	-0.16825251	-0.30511847	10	-0.23376012	0.067668654	0.26526114	Binding_K13	-0.14073785	0.040740654	0.15970336
Y39F	Y39F	39	39	0.18228376	0.12908058	0.19451421	0.16600887	0.1431421	0.21883617	0.06910539	0.2097793	0.16560426	0.09125934	10	0.15696141	0.049249887	0.19305956	Binding_K13	0.09450034	0.029651435	0.116233625
Y39G	Y39G	39	39	-0.23810606	-0.17945598	-0.18481629	-0.23815347	-0.18561898	-0.2217026	-0.28658113	-0.30235815	-0.30652034	-0.19439688	10	-0.233771	0.04964859	0.19462247	Binding_K13	-0.14074439	0.029891478	0.117174596
Y39H	Y39H	39	39	-0.2663946	-0.31671253	-0.32361987	-0.3288093	-0.419355	-0.2966329	-0.24077977	-0.2614883	-0.28065988	-0.42790923	10	-0.31623614	0.06337046	0.2484122	Binding_K13	-0.19039343	0.03815288	0.14955929
Y39I	Y39I	39	39	-0.25754362	-0.2678369	-0.36592704	-0.30905545	-0.17249453	-0.4758421	-0.3194699	-0.30832732	-0.40231013	-0.30070558	10	-0.31795126	0.08309117	0.3257174	Binding_K13	-0.19142605	0.05002595	0.19610173
Y39K	Y39K	39	39	-0.38436717	-0.40504384	-0.42906085	-0.50597775	-0.24935983	-0.21855971	-0.19856015	-0.1594563	-0.22730151	-0.37470257	10	-0.31523895	0.11785979	0.46201038	Binding_K13	-0.18979307	0.07095878	0.27815843
Y39L	Y39L	39	39	-0.052023664	-0.041020304	-0.018701361	-0.032491084	-0.022245243	-0.09486325	-0.064883195	-0.021610677	-0.078129284	-0.008420828	10	-0.04343889	0.028423388	0.11141968	Binding_K13	-0.02615286	0.017112613	0.067081444
Y39M	Y39M	39	39	0.019879363	-0.014934019	-0.107973106	-0.11122363	-0.022262955	-0.047515947	0.0138036795	-0.20378743	-0.18538228	-0.06317722	10	-0.072257355	0.07836316	0.3071836	Binding_K13	-0.043503333	0.0471794	0.18494326
Y39N	Y39N	39	39	-1.1963085	-0.68738204	-0.3573624	-0.4501221	-0.39366418	-0.3917911	-0.36440662	-0.35224894	-0.25860408	-0.55376494	10	-0.50056547	0.27227086	1.0673018	Binding_K13	-0.30137095	0.16392365	0.64258075
Y39P	Y39P	39	39	-0.544905	-0.25375667	-0.3784185	-0.25967607	-0.36730486	-0.32334423	-0.4254873	-0.2786522	-0.35489064	-0.39352012	10	-0.35799557	0.08774599	0.34396428	Binding_K13	-0.21553516	0.052828435	0.20708747
Y39Q	Y39Q	39	39	-0.29641336	0.018220514	-0.23989299	-0.3023002	-0.16900015	-0.17648238	-0.47699872	-0.25119236	-0.22795011	-0.1500407	10	-0.22720504	0.1272406	0.49878314	Binding_K13	-0.13679129	0.0766066	0.3002979
Y39R	Y39R	39	39	-0.21575834	-0.24015285	-0.23674448	-0.32259637	-0.2312736	-0.23013146	-0.18376456	-0.20593739	-0.33998933	-0.35057312	10	-0.25569215	0.059328195	0.23256652	Binding_K13	-0.15394227	0.03571919	0.14001922
Y39S	Y39S	39	39	-0.21173513	-0.26688874	-0.19880728	-0.28092155	-0.28188407	-0.22116823	-0.3179139	-0.33207607	-0.2807856	-0.2687759	10	-0.26609564	0.043757536	0.17152955	Binding_K13	-0.1602058	0.026344704	0.10327124
Y39T	Y39T	39	39	-0.16947256	-0.10389518	-0.17277348	-0.08182421	-0.10597319	-0.1581033	-0.29352403	-0.30298534	-0.11917766	-0.24117203	10	-0.1748901	0.07940492	0.3112673	Binding_K13	-0.1052945	0.047806602	0.18740189
Y39V	Y39V	39	39	-0.20589475	-0.20383881	-0.1918115	-0.21468876	-0.25025934	-0.2752008	-0.194298	-0.24170417	-0.2463096	-0.22081324	10	-0.2244819	0.027627172	0.10829852	Binding_K13	-0.13515179	0.016633242	0.06520231
Y39W	Y39W	39	39	-0.14696848	-0.10174133	-0.11095374	-0.14599587	-0.14438872	-0.04865662	-0.22038624	-0.16456567	-0.20034708	-0.20921735	10	-0.14932209	0.053107865	0.20818284	Binding_K13	-0.08990101	0.031974174	0.12533876
Y3A	Y3A	3	3	-0.24977669	0.3294356	0.18857634	-0.04526472	-0.18711172	-0.1732119	-0.22422577	-0.19954151	-0.2695758	-0.3346664	10	-0.11653626	0.21408695	0.8392209	Binding_K13	-0.07016193	0.12889339	0.5052621
Y3C	Y3C	3	3	-0.15190904	-0.065951705	-0.06424509	-0.3142543	-0.15506193	-0.20435867	-0.32437968	-0.056369707	-0.084869504	-0.055701427	10	-0.14771011	0.10362234	0.40619957	Binding_K13	-0.088930495	0.062386967	0.24455692
Y3D	Y3D	3	3	0.1377283	0.13576666	-0.013432778	0.1778681	0.15752232	0.19282763	0.21316092	0.13249032	0.08434036	0.11922303	10	0.13374947	0.063809074	0.25013158	Binding_K13	0.08052534	0.038416952	0.15059446
Y3E	Y3E	3	3	0.025399886	-0.13980788	-0.020392902	-0.19773556	-0.24733025	-0.116260126	0.1153804	0.033408813	-0.29303133	-0.28351146	10	-0.11238804	0.14482152	0.5677004	Binding_K13	-0.06766445	0.08719139	0.34179026
Y3F	Y3F	3	3	-0.32547832	-0.12743227	-0.1991601	-0.13001052	-0.29277122	-0.08708686	-0.31892866	-0.09526205	-0.21146014	-0.14603566	10	-0.19336258	0.09127674	0.35780483	Binding_K13	-0.11641606	0.054954164	0.21542032
Y3G	Y3G	3	3	-0.2708975	-0.2924907	-0.6603209	-0.24268231	-0.22013438	-0.46598774	-0.45388478	-0.4143875	-0.20718065	-0.16849399	10	-0.33964604	0.15452668	0.6057446	Binding_K13	-0.20448762	0.09303448	0.3646952
Y3H	Y3H	3	3	-0.24850127	-0.35262215	-0.050271936	-0.04729558	0.0071111773	-0.16409911	-0.5903495	-0.1987038	-0.078934275	-0.33267856	10	-0.2056345	0.182539	0.7155529	Binding_K13	-0.12380451	0.10989961	0.4308065
Y3I	Y3I	3	3	-0.23288603	-0.27952135	-0.06318467	-0.045189675	0.10588047	-0.21697685	-0.07898938	-0.3453012	-0.051446255	-0.16402513	10	-0.137164	0.13481496	0.5284747	Binding_K13	-0.08258109	0.081166826	0.31817397
Y3K	Y3K	3	3	-0.7602968	0.33868408	0.060830433	-0.27168673	-0.2193643	0.13900608	-0.092268035	-0.5803368	-0.4163114	-0.48585728	10	-0.22876008	0.3446545	1.3510457	Binding_K13	-0.13772751	0.20750302	0.81341183
Y3L	Y3L	3	3	-0.26952496	-0.12048658	-0.43110973	-0.24330458	-0.44213858	-0.13183242	-0.48922023	-0.49982405	-0.30319998	-0.3464846	10	-0.3277126	0.1383501	0.5423324	Binding_K13	-0.19730297	0.0832952	0.32651716
Y3M	Y3M	3	3	-1.1462393	-0.6397291	-0.22661087	-0.8528639	-0.77675086	-1.196913	-0.5335351	-0.5042947	-1.1196982	-0.58860236	10	-0.75852376	0.32030484	1.255595	Binding_K13	-0.45667756	0.19284305	0.7559448
Y3N	Y3N	3	3	0.09179421	-0.18138167	0.22682123	-0.052954867	-0.050729178	0.3233455	0.085697144	0.054221287	-0.0047627236	0.06913597	10	0.05611869	0.14387366	0.56398475	Binding_K13	0.033786874	0.08662072	0.33955324
Y3P	Y3P	3	3	-0.1153723	0.12799498	0.15008014	-0.75315756	-0.9578458	-0.75442666	-0.15116192	0.098188035	-0.601834	0.5181637	10	-0.24393713	0.49150872	1.9267142	Binding_K13	-0.14686503	0.29591823	1.1599995
Y3Q	Y3Q	3	3	0.20983824	0.011609572	0.1878071	0.15353474	0.12514418	0.6957101	-0.36643085	0.122647524	-0.24539238	-0.088917665	10	0.08055506	0.28968018	1.1355463	Binding_K13	0.04849906	0.17440513	0.68366814
Y3R	Y3R	3	3	-0.35578457	-0.18136156	-0.58175755	-0.27033105	-0.13903847	-0.32688156	-0.6006976	-0.3974308	-0.40049914	-0.42044413	10	-0.36742264	0.15023918	0.58893764	Binding_K13	-0.22121084	0.09045315	0.35457635
Y3S	Y3S	3	3	-0.23645969	-0.4513512	-0.63284177	-0.590277	-0.3534853	-0.3636163	-0.37319884	-0.27697828	-0.44214803	-0.46229964	10	-0.41826558	0.12537253	0.49146032	Binding_K13	-0.25182137	0.07548191	0.29588908
Y3T	Y3T	3	3	0.15378274	0.21712586	0.3687279	-0.2775856	-0.15664408	0.15845805	-0.0026795971	-0.28154764	0.038700677	-0.08779705	10	0.01305413	0.21608418	0.84705	Binding_K13	0.007859382	0.13009585	0.50997573
Y3V	Y3V	3	3	-0.13542242	-0.13951972	-0.1809369	-0.07210146	-0.2134121	-0.05266682	-0.056924693	-0.14263605	-0.040061846	-0.28596205	10	-0.1319644	0.079497695	0.31163096	Binding_K13	-0.079450615	0.04786246	0.18762085
Y3W	Y3W	3	3	0.2408472	0.5160478	0.25489253	0.17085254	0.43922788	0.13259171	0.29040906	0.36408788	0.012735733	0.17032933	10	0.25920218	0.15025505	0.5889998	Binding_K13	0.15605552	0.09046271	0.3546138
Y63A	Y63A	63	63	-0.4366129	-0.41944185	-0.43439513	-0.4017032	-0.45459712	-0.4352381	-0.4377	-0.41645923	-0.39967805	-0.42902517	10	-0.42648506	0.017150164	0.067228645	Binding_K13	-0.25677	0.010325444	0.04047574
Y63C	Y63C	63	63	-0.32041827	-0.33990163	-0.3047048	-0.26922554	-0.34717798	-0.3933826	-0.3305194	-0.42677248	-0.3787043	-0.23892117	10	-0.33497283	0.056392502	0.2210586	Binding_K13	-0.20167407	0.033951726	0.13309076
Y63D	Y63D	63	63	-0.47124547	-0.5969609	-0.68317944	-0.4366611	-0.5085303	-0.52360874	-0.5286788	-0.46577787	-0.66208625	-0.49897882	10	-0.5375708	0.08338392	0.32686496	Binding_K13	-0.3236504	0.050202202	0.19679263
Y63E	Y63E	63	63	-0.4535914	-0.46432263	-0.41790888	-0.45092168	-0.4819403	-0.4744621	-0.5899955	-0.47037306	-0.5628877	-0.47129333	10	-0.48376966	0.052360132	0.20525172	Binding_K13	-0.29125884	0.03152399	0.12357405
Y63F	Y63F	63	63	-0.084750034	-0.015974315	-0.06659619	-0.05180986	-0.13444723	-0.13006544	-0.04766402	-0.077827625	-0.038881425	-0.15129098	10	-0.07993071	0.045204073	0.17719997	Binding_K13	-0.04812316	0.027215607	0.106685184
Y63G	Y63G	63	63	-0.495971	-0.5442729	-0.51638955	-0.5362722	-0.5166872	-0.5864071	-0.50847536	-0.54355663	-0.51736844	-0.4946775	10	-0.5260078	0.027568536	0.10806866	Binding_K13	-0.31668875	0.01659794	0.06506392
Y63H	Y63H	63	63	-0.43800908	-0.39176676	-0.50133055	-0.3785433	-0.32882306	-0.45985797	-0.42617562	-0.5251872	-0.4949836	-0.430943	10	-0.43756205	0.060660426	0.23778887	Binding_K13	-0.26343903	0.036521275	0.1431634
Y63I	Y63I	63	63	-0.16856167	-0.18706189	-0.04027939	-0.19726208	-0.2740287	-0.18479286	-0.14362524	-0.04466573	-0.18748713	-0.14645723	10	-0.15742218	0.07038544	0.27591094	Binding_K13	-0.094777755	0.04237633	0.16611521
Y63K	Y63K	63	63	-0.11462504	-0.24278589	-0.22639103	-0.16521282	-0.16919896	-0.16840827	-0.29558492	-0.087302536	-0.30156025	-0.20393449	10	-0.19750042	0.0707716	0.27742466	Binding_K13	-0.118907295	0.042608816	0.16702656
Y63L	Y63L	63	63	-0.10898393	-0.013072892	-0.0050075757	-0.012508903	-0.076979965	-0.06517699	-0.17331757	-0.18854403	-0.027520394	-0.07629349	10	-0.074740574	0.06558139	0.25707904	Binding_K13	-0.04499838	0.039483994	0.15477726
Y63M	Y63M	63	63	-0.24916123	-0.34902135	-0.29398087	-0.35509434	-0.36426392	-0.24264693	-0.29334283	-0.28487742	-0.19067675	-0.26690713	10	-0.28899726	0.05536509	0.21703115	Binding_K13	-0.17399397	0.03333316	0.13066599
Y63N	Y63N	63	63	-0.4259776	-0.35351458	-0.39760202	-0.21306479	-0.3504403	-0.48004347	-0.4052521	-0.30998322	-0.35623556	-0.33084264	10	-0.36229563	0.07246596	0.2840666	Binding_K13	-0.21812406	0.043628927	0.1710254
Y63P	Y63P	63	63	-0.5241674	-0.5463476	-0.43398482	-0.512561	-0.502143	-0.5058803	-0.4864759	-0.5468798	-0.5355767	-0.46783695	10	-0.50618535	0.03587837	0.14064322	Binding_K13	-0.30475444	0.021600967	0.0846758
Y63Q	Y63Q	63	63	-0.5336881	-0.57371175	-0.6257643	-0.43214902	-0.43646014	-0.57587045	-0.52912956	-0.4420748	-0.4947071	-0.47505814	10	-0.5118613	0.066857584	0.26208174	Binding_K13	-0.30817172	0.040252343	0.15778919
Y63R	Y63R	63	63	-0.3537468	-0.37081817	-0.3241414	-0.303906	-0.3181504	-0.35756373	-0.4209082	-0.34775436	-0.43376532	-0.42343044	10	-0.3654185	0.046400126	0.18188849	Binding_K13	-0.22000422	0.027935704	0.10950796
Y63S	Y63S	63	63	-0.4700662	-0.41341254	-0.44564024	-0.42112717	-0.4413822	-0.4855046	-0.5371091	-0.48485902	-0.48748225	-0.47125843	10	-0.46578416	0.03666268	0.1437177	Binding_K13	-0.28043047	0.022073168	0.08652682
Y63T	Y63T	63	63	-0.5803846	-0.5795022	-0.53555804	-0.4219361	-0.56024367	-0.54328436	-0.5211403	-0.4336556	-0.49555376	-0.6671424	10	-0.5338401	0.07226247	0.2832689	Binding_K13	-0.3214043	0.043506414	0.17054515
Y63V	Y63V	63	63	-0.07917558	-0.18894158	-0.24496906	-0.16904321	-0.15772289	-0.24248864	-0.22257686	-0.24178213	-0.16778784	-0.12548123	10	-0.18399689	0.055356566	0.21699774	Binding_K13	-0.11077734	0.033328027	0.13064587
Y63W	Y63W	63	63	-0.086442046	-0.07706355	-0.047883425	-0.061694503	0.008826069	0.012412766	-0.03843926	0.025968753	-0.12838198	-0.20005614	10	-0.05927533	0.06933231	0.27178267	Binding_K13	-0.03568736	0.041742276	0.16362973
Y70A	Y70A	70	70	-0.6130184	-0.91609365	-0.8686062	-0.7666833	-0.747534	-0.94734395	-0.58516103	-0.6375095	-0.41474247	-0.53337055	10	-0.7030063	0.17534581	0.6873556	Binding_K13	-0.42325267	0.10556887	0.41382998
Y70C	Y70C	70	70	-0.2461633	-0.56658345	-0.47751972	-0.5157673	-0.54806274	-0.43089175	-0.36416325	-0.37249154	-0.35838088	-0.48375177	10	-0.43637758	0.1006966	0.3947307	Binding_K13	-0.26272592	0.060625494	0.23765194
Y70D	Y70D	70	70	-0.5187298	-0.47709644	-0.5988353	-0.566866	-0.33079392	-0.39293814	-0.7654702	-0.54998076	-0.56659454	-0.64398295	10	-0.54112875	0.123121634	0.4826368	Binding_K13	-0.3257925	0.07412673	0.2905768
Y70E	Y70E	70	70	-0.102920935	-0.13783206	-0.21682642	-0.22873792	-0.06839619	-0.36491838	-0.3218185	-0.24547376	-0.11143771	-0.29853812	10	-0.20969	0.10134513	0.3972729	Binding_K13	-0.12624617	0.06101595	0.23918252
Y70F	Y70F	70	70	0.119252026	0.17098387	0.18059973	0.054177765	-0.01033462	0.18485339	-0.001518521	0.03764697	-0.013096981	0.16649899	10	0.088906266	0.084033996	0.32941326	Binding_K13	0.053526994	0.05059359	0.19832687
Y70G	Y70G	70	70	-0.55823857	-0.66285145	-0.44607928	-0.6542255	-0.5802373	-0.42046505	-0.38387454	-0.40442976	-0.5219842	-0.50338113	10	-0.5135767	0.10035459	0.39339	Binding_K13	-0.3092045	0.06041958	0.23684476
Y70H	Y70H	70	70	-0.080404095	0.21160094	-0.58534235	-0.13091947	-0.80479413	-0.45339057	-0.08656252	-0.17205416	-0.22052652	-0.17701769	10	-0.24994104	0.2899463	1.1365895	Binding_K13	-0.15047975	0.17456535	0.6842962
Y70I	Y70I	70	70	-0.3988335	-0.36584145	-0.48777238	-0.26595473	-0.07731476	-0.39491537	-0.27669287	-0.030289441	-0.40068954	-0.189077	10	-0.2887381	0.15039922	0.589565	Binding_K13	-0.17383794	0.090549506	0.35495406
Y70K	Y70K	70	70	-0.5044506	-0.65190196	-0.5934112	-0.5922097	-0.54242915	-0.3109846	-0.56974345	-0.65302134	-0.46729782	-0.42732653	10	-0.53127766	0.10682123	0.41873923	Binding_K13	-0.31986153	0.0643129	0.25210658
Y70L	Y70L	70	70	-0.1271373	-0.16320871	-0.21463484	-0.18820885	-0.18617433	0.07043438	-0.19162203	-0.110597804	-0.16028954	-0.12034346	10	-0.13917825	0.08119514	0.31828496	Binding_K13	-0.08379379	0.048884425	0.19162695
Y70M	Y70M	70	70	-0.53712577	-0.20966113	-0.3651229	-0.3055907	-0.28410047	-0.36773422	-0.29501167	-0.17532888	-0.19321664	-0.3908803	10	-0.31237727	0.10913825	0.42782196	Binding_K13	-0.18807016	0.065707885	0.25757492
Y70N	Y70N	70	70	-0.78720146	-0.56472754	-0.4534651	-0.2090297	-0.6750744	-0.31405544	-0.38070267	-0.29659572	-0.5748537	-0.66957027	10	-0.49252763	0.19094324	0.74849755	Binding_K13	-0.29653168	0.11495947	0.45064113
Y70P	Y70P	70	70	-0.12757774	-0.26831686	-0.12648065	-0.44920892	-0.19153166	-0.19826327	-0.1807242	-0.120585196	-0.22115973	-0.22119832	10	-0.21050465	0.09659134	0.37863806	Binding_K13	-0.12673664	0.058153875	0.2279632
Y70Q	Y70Q	70	70	0.40139556	-0.018707262	0.22790095	0.06311653	0.054030504	-0.054036513	0.1482687	-0.09903589	0.22080235	0.2520821	10	0.1195817	0.15787587	0.6188734	Binding_K13	0.071995474	0.09505089	0.3725995
Y70R	Y70R	70	70	-0.5520398	-0.5316378	-0.3686292	-0.29526848	-0.42577422	-0.5674794	-0.37762898	-0.44001022	-0.6727355	-0.53001493	10	-0.47612184	0.11380077	0.44609904	Binding_K13	-0.28665438	0.068515	0.26857883
Y70S	Y70S	70	70	-0.690447	-0.5214881	-0.3588794	-0.55788624	-0.50174636	-0.44142112	-0.5302048	-0.3932135	-0.6915312	-0.626114	10	-0.53129315	0.11476748	0.44988853	Binding_K13	-0.31987086	0.06909702	0.2708603
Y70T	Y70T	70	70	-0.23515727	-0.42622536	-0.31894535	-0.14144991	-0.42473993	-0.341118	-0.2545418	-0.2985197	-0.2497795	-0.60074234	10	-0.3291219	0.12885869	0.50512606	Binding_K13	-0.19815144	0.07758079	0.3041167
Y70V	Y70V	70	70	-0.357499	-0.2899773	-0.2719537	-0.36392498	-0.4977599	-0.42945826	-0.4263484	-0.41058785	-0.36671785	-0.2429955	10	-0.36572227	0.07947621	0.31154674	Binding_K13	-0.22018711	0.04784952	0.18757012
Y70W	Y70W	70	70	-0.17226788	-0.07292451	-0.10037006	-0.27453566	0.15822323	-0.032112435	0.011632327	-0.13709605	-0.17442	-0.10084075	10	-0.089471176	0.1183098	0.46377444	Binding_K13	-0.0538671	0.07122972	0.2792205
Y95A	Y95A	95	95	0.029834544	0.19503315	-0.018073013	-0.15521413	0.038244877	-0.19980526	-0.21876928	-0.15274969	-0.018101556	0.008036112	10	-0.049156427	0.13002226	0.50968724	Binding_K13	-0.029595166	0.07828133	0.3068628
Y95C	Y95C	95	95	0.025637958	0.14398558	0.07490625	0.19999285	0.051251426	0.049233884	-0.19815473	-0.10623939	0.0152536435	0.10258777	10	0.03584552	0.11571418	0.45359957	Binding_K13	0.02158119	0.06966699	0.2730946
Y95D	Y95D	95	95	0.2873777	0.21455343	0.34345746	0.33991793	0.2189226	0.48143566	0.40351066	0.14134708	0.26099294	0.31819165	10	0.3009707	0.098974265	0.38797912	Binding_K13	0.18120271	0.059588544	0.2335871
Y95E	Y95E	95	95	-0.10401703	0.18977596	-0.14745027	-0.019727888	-0.13465382	-0.08858725	-0.15446325	-0.17537987	-0.34169126	0.10124426	10	-0.08749504	0.14907533	0.5843753	Binding_K13	-0.05267735	0.089752436	0.35182956
Y95F	Y95F	95	95	-0.056742053	-0.061310053	0.03473426	-0.16263348	-0.15449114	-0.21702425	-0.17150047	-0.1674668	-0.31844017	-0.2306019	10	-0.15054761	0.10055117	0.3941606	Binding_K13	-0.09063884	0.060537938	0.23730873
Y95G	Y95G	95	95	-0.028011255	0.108963296	0.043153726	-0.06275945	-0.35383818	-0.12868172	0.046890017	-0.1556086	0.115402855	0.077353545	10	-0.033713583	0.14703254	0.57636756	Binding_K13	-0.020297632	0.08852255	0.3470084
Y95H	Y95H	95	95	0.3768593	0.24754266	0.12685277	0.260972	0.3659615	0.27205455	0.4032173	0.38890278	0.17498711	0.27265957	10	0.28900096	0.09370022	0.3673049	Binding_K13	0.1739962	0.05641325	0.22113994
Y95I	Y95I	95	95	-0.4704993	-0.4167785	-0.41808248	-0.34986946	-0.37223643	-0.35253057	-0.24681164	-0.31508276	-0.524704	-0.43455642	10	-0.39011517	0.07997334	0.3134955	Binding_K13	-0.23487312	0.048148826	0.1887434
Y95K	Y95K	95	95	0.060674787	0.09312605	0.018370232	0.13101396	0.43621784	0.3168504	0.25103962	-0.015182548	-0.0029645772	0.12980665	10	0.14189523	0.14881141	0.58334076	Binding_K13	0.08542959	0.089593545	0.3512067
Y95L	Y95L	95	95	-0.097377606	-0.44838017	-0.19545534	-0.23378198	-0.2920785	-0.25975546	-0.34982818	-0.31901932	-0.3063858	-0.2297326	10	-0.27317947	0.09469176	0.3711917	Binding_K13	-0.1644707	0.057010215	0.22348005
Y95M	Y95M	95	95	-0.49331528	-0.2915669	-0.48649466	-0.35043603	-0.31724545	-0.19934742	-0.27445826	-0.25037006	-0.43535784	-0.15568487	10	-0.32542768	0.11594671	0.4545111	Binding_K13	-0.1959273	0.069806986	0.27364337
Y95N	Y95N	95	95	0.31056148	0.11277081	0.18118729	0.30427966	0.2600445	0.27217868	0.24735229	0.23674169	0.3366525	0.22838773	10	0.24901566	0.06576274	0.25778997	Binding_K13	0.14992261	0.039593183	0.15520528
Y95P	Y95P	95	95	1.826934	2.5905752	2.1985276	2.5985103	2.9435618	2.7045279	3.1050823	2.9627998	2.7185738	2.7943296	10	2.6443424	0.3810448	1.4936956	Binding_K13	1.5920553	0.22941221	0.89929587
Y95Q	Y95Q	95	95	0.16704638	-0.028265597	0.102929346	0.24542008	-0.005748335	0.06828846	0.011975422	0.075431965	-0.01697083	-0.07850534	10	0.05416016	0.09841891	0.38580212	Binding_K13	0.03260772	0.059254184	0.23227641
Y95R	Y95R	95	95	-0.022858597	0.037032012	-0.09672409	0.15634017	0.11518346	0.042962734	0.0048287027	-0.02440492	-0.07022369	0.010166226	10	0.015230199	0.07755912	0.30403176	Binding_K13	0.009169509	0.046695318	0.18304566
Y95S	Y95S	95	95	0.1276442	0.08991581	0.062414963	0.040762126	0.084597826	-0.040579874	-0.114384785	0.0038522515	0.010173406	0.088151805	10	0.035254773	0.07248184	0.28412881	Binding_K13	0.021225523	0.043638486	0.17106287
Y95T	Y95T	95	95	-0.28199112	-0.17661752	-0.12911355	-0.053540327	-0.12449001	0.16026817	0.009016875	0.009747875	-0.035565674	0.10394318	10	-0.051834214	0.13199782	0.5174315	Binding_K13	-0.031207358	0.07947074	0.31152532
Y95V	Y95V	95	95	-0.025220392	0.14371914	-0.105732664	-0.07709269	0.07729673	-0.085662544	-0.123969324	-0.031526443	-0.0700753	-0.12297018	10	-0.042123366	0.08842921	0.34664252	Binding_K13	-0.025360836	0.053239778	0.20869993
Y95W	Y95W	95	95	-0.14558917	-0.12044388	-0.11307056	-0.10211145	-0.05381549	-0.21902804	-0.14520214	0.09836476	-0.13011837	-0.15908793	10	-0.109010234	0.08429497	0.3304363	Binding_K13	-0.06563081	0.05075071	0.19894278
