id	id_ref	Pos	Pos_ref	fold_1	fold_2	fold_3	fold_4	fold_5	fold_6	fold_7	fold_8	fold_9	fold_10	n	mean	std	ci95	trait_name	mean_kcal/mol	std_kcal/mol	ci95_kcal/mol
A10C	A10C	10	10	-0.13996431	-0.24907964	-0.5189903	-0.30813122	-0.30439866	-0.38886562	-0.20755108	-0.23777491	-0.38599694	-0.06318001	10	-0.28039327	0.13173935	0.5164183	Binding_SOS	-0.16881384	0.07931512	0.31091526
A10D	A10D	10	10	-0.3019117	-0.19018194	-0.35198063	-0.16493493	-0.4037437	-0.37501982	-0.17154023	-0.44616032	-0.32817033	-0.5566178	10	-0.32902613	0.12714157	0.49839494	Binding_SOS	-0.19809379	0.076546974	0.30006415
A10E	A10E	10	10	-0.6342918	-0.44388878	-0.51889837	-0.49311563	-0.30342928	-0.3996899	-0.45505005	-0.19167466	-0.30019775	-0.54932153	10	-0.4289558	0.13302265	0.5214488	Binding_SOS	-0.25825754	0.08008774	0.31394395
A10F	A10F	10	10	-0.2809961	-0.065796435	-0.12017873	-0.35462755	-0.21515572	-0.30826622	-0.10844614	-0.13140641	-0.28682417	-0.23296207	10	-0.21046595	0.09855631	0.38634074	Binding_SOS	-0.12671334	0.05933691	0.23260069
A10G	A10G	10	10	0.16579574	0.14240019	-0.011798677	0.14978807	0.09425445	0.19763702	0.16558361	0.19553947	0.21583785	0.21646334	10	0.15315011	0.068986654	0.2704277	Binding_SOS	0.0922057	0.04153417	0.16281395
A10H	A10H	10	10	0.12123125	0.4001361	0.41435426	0.31220508	0.3245301	0.69879246	0.47708112	0.46874914	0.42672893	0.38964292	10	0.40334517	0.14605038	0.5725175	Binding_SOS	0.24283838	0.08793123	0.34469044
A10I	A10I	10	10	0.15846556	0.22685108	0.3656784	0.18993948	0.25630218	0.01514856	0.26061264	0.16662347	0.24169919	0.19031456	10	0.20716353	0.09033517	0.35411388	Binding_SOS	0.12472507	0.05438728	0.21319814
A10K	A10K	10	10	0.60542566	0.5044778	0.30396044	0.17543636	0.49160546	0.5523064	0.8012866	0.33068013	-0.063668124	0.08284489	10	0.37843555	0.26270345	1.0297976	Binding_SOS	0.22784127	0.15816349	0.6200009
A10L	A10L	10	10	-0.081904374	-0.13690662	-0.1216269	0.02262252	0.024853595	-0.12837197	-0.014977451	-0.045895215	0.027693454	0.00044688018	10	-0.04540661	0.06694435	0.26242188	Binding_SOS	-0.027337547	0.040304583	0.15799397
A10M	A10M	10	10	0.033901572	-0.00279247	-0.112202056	0.24117021	-0.19024737	-0.10407052	-0.006017516	-0.30256787	-0.07187282	-0.08198821	10	-0.0596687	0.14406864	0.5647491	Binding_SOS	-0.035924196	0.08673811	0.34001338
A10N	A10N	10	10	-0.061350536	-0.03957319	-0.11885355	-0.30476874	-0.19430901	-0.17531641	0.1715288	-0.0072916807	0.0290951	-0.13834359	10	-0.08391828	0.13327911	0.52245414	Binding_SOS	-0.05052392	0.08024216	0.31454927
A10P	A10P	10	10	-0.08746151	0.11297524	0.0072082616	-0.039648086	-0.24443594	-0.05503276	-0.25310355	-0.3262973	-0.15254733	-0.124024756	10	-0.11623678	0.13286948	0.5208484	Binding_SOS	-0.069981635	0.07999553	0.31358248
A10Q	A10Q	10	10	0.14964613	0.31215617	0.2793277	0.28749412	0.06708768	0.2919801	0.5041064	0.24800834	0.29760394	0.37738088	10	0.28147915	0.11765115	0.46119252	Binding_SOS	0.16946761	0.07083317	0.27766603
A10R	A10R	10	10	0.13638982	0.045173813	0.07325948	0.04042586	0.1097434	0.31135616	0.20031875	0.12975053	0.28198215	0.12961027	10	0.14580104	0.092692144	0.36335322	Binding_SOS	0.08778112	0.055806324	0.21876079
A10S	A10S	10	10	0.032704122	0.15902063	0.0075530023	0.08548596	-0.055175994	0.23119392	0.15617476	-0.11906479	0.08713778	0.04254735	10	0.06275767	0.104775965	0.41072178	Binding_SOS	0.037783943	0.06308152	0.24727955
A10T	A10T	10	10	-0.27651733	0.012270802	-0.10414232	0.19050987	-0.22904517	-0.028729247	-0.3357364	-0.2035972	-0.3090642	-0.11433504	10	-0.13983862	0.16474041	0.6457824	Binding_SOS	-0.084191374	0.099183775	0.3888004
A10V	A10V	10	10	0.38337994	0.39708534	0.17920533	0.33470944	0.28650635	0.46300772	0.40790713	0.25073177	0.35947224	0.44053978	10	0.3502545	0.088839434	0.3482506	Binding_SOS	0.21087457	0.053486757	0.20966808
A10W	A10W	10	10	0.25611034	0.47005764	0.086617894	0.16827966	0.30468076	0.13234235	0.12023095	0.34848514	0.21440716	0.29989254	10	0.24011044	0.11925013	0.46746054	Binding_SOS	0.14456113	0.07179585	0.28143975
A10Y	A10Y	10	10	0.22364353	0.10531415	-0.019499868	-0.08619192	0.0045049307	0.0072980323	0.09227519	0.1522993	0.11584343	0.20411104	10	0.07995978	0.10102007	0.3959987	Binding_SOS	0.048140664	0.06082024	0.23841535
A129C	A129C	129	129	-0.15131927	-0.04039168	-0.11695813	0.100743495	-0.10274557	0.014244414	0.1074305	0.18509324	-0.21232341	-0.23542859	10	-0.0451655	0.14338234	0.5620588	Binding_SOS	-0.027192386	0.086324915	0.3383937
A129D	A129D	129	129	-0.15363255	-0.27333382	-0.2830608	-0.09917534	-0.37346452	-0.14336517	-0.11750014	0.02725153	-0.22178061	-0.18436065	10	-0.1822422	0.11249939	0.44099763	Binding_SOS	-0.109720916	0.06773149	0.26550746
A129E	A129E	129	129	-0.46380404	-0.41223627	-0.2816731	-0.015960777	-0.119928956	-0.29481566	-0.5606517	-0.40947244	-0.3345119	-0.48890802	10	-0.3381963	0.16836028	0.6599723	Binding_SOS	-0.2036148	0.10136315	0.39734358
A129F	A129F	129	129	-0.5164153	-0.21455781	-0.52480584	-0.46403408	-0.6301528	-0.3160082	-0.49297217	-0.631639	-0.49024415	-0.51010793	10	-0.47909373	0.12808554	0.50209534	Binding_SOS	-0.28844362	0.077115305	0.302292
A129G	A129G	129	129	0.123284556	0.093850054	0.17502424	0.11008204	-0.03638508	0.07496648	-0.023074074	0.05060676	0.032698326	-0.007842525	10	0.059321076	0.06890939	0.27012482	Binding_SOS	0.035714906	0.041487657	0.16263162
A129H	A129H	129	129	-0.2284044	0.009181913	-0.023796072	-0.0663918	-0.16659932	-0.071589485	-0.18221824	-0.34429696	-0.087713435	-0.52235407	10	-0.1684182	0.16287413	0.6384666	Binding_SOS	-0.10139803	0.09806016	0.38439584
A129I	A129I	129	129	-0.023495918	0.11888576	0.08132373	0.011447277	-0.17042482	0.17446072	-0.07935446	-0.08718826	-0.012217943	-0.06056585	10	-0.0047129747	0.10456574	0.4098977	Binding_SOS	-0.0028374982	0.06295495	0.2467834
A129K	A129K	129	129	0.09349201	-0.17547028	-0.1386143	-0.20282245	-0.028156614	0.099172845	0.007574705	0.18367574	-0.1150226	-0.05014757	10	-0.03263185	0.1288411	0.50505716	Binding_SOS	-0.019646365	0.0775702	0.30407518
A129L	A129L	129	129	-0.35762966	-0.4464379	-0.38219592	-0.3316559	-0.30498078	-0.27115607	-0.33764458	-0.38702825	-0.21573137	-0.045147553	10	-0.3079608	0.11244185	0.44077206	Binding_SOS	-0.18541119	0.067696854	0.26537168
A129M	A129M	129	129	-0.28613517	-0.15038024	-0.44156042	-0.1856534	-0.37309742	-0.26576114	-0.2109181	-0.6676342	-0.64582026	-0.39392036	10	-0.36208805	0.1810961	0.70989674	Binding_SOS	-0.21799909	0.109030895	0.42740113
A129N	A129N	129	129	-0.31298748	-0.13384995	0.3769328	0.53534347	-0.2754396	-0.09670796	-0.23972954	-0.28250375	-0.22040431	0.022539876	10	-0.06268065	0.29379573	1.1516793	Binding_SOS	-0.03773757	0.17688295	0.6933812
A129P	A129P	129	129	-0.5526298	-0.37293863	-0.42603627	-0.49476823	-0.4935178	-0.18949156	-0.21430182	-0.35066727	-0.45673677	-0.35005656	10	-0.3901145	0.11944323	0.46821746	Binding_SOS	-0.23487271	0.07191211	0.2818955
A129Q	A129Q	129	129	0.027021268	0.01298047	-0.33794522	-0.4957753	-0.03338713	0.008431907	0.14811124	-0.17626818	-0.027342271	-0.12277024	10	-0.09969435	0.19192663	0.7523524	Binding_SOS	-0.06002208	0.11555153	0.452962
A129R	A129R	129	129	-0.23858441	-0.21622941	-0.05418327	0.19044049	0.038646042	0.07129708	0.14300868	0.037168123	-0.1763372	-0.053196255	10	-0.025797015	0.1485338	0.5822525	Binding_SOS	-0.015531376	0.089426406	0.35055152
A129S	A129S	129	129	0.22535585	-0.152413	-0.1089682	-0.054428596	0.013476011	0.07400033	0.058510657	-0.039229054	0.13647357	0.031052569	10	0.018383015	0.113373294	0.44442332	Binding_SOS	0.011067696	0.06825764	0.26756993
A129T	A129T	129	129	-0.30864358	-0.19271515	-0.05054279	-0.10567274	-0.09242812	-0.26314822	-0.22257493	-0.20437124	-0.23191382	-0.17729567	10	-0.18493064	0.080583185	0.31588608	Binding_SOS	-0.11133952	0.04851599	0.19018269
A129V	A129V	129	129	-0.05004659	-0.16811104	-0.07732796	-0.11474039	-0.15409295	-0.07791251	-0.15328345	-0.15852858	-0.023716828	-0.06194302	10	-0.103970334	0.052338857	0.20516832	Binding_SOS	-0.06259648	0.031511184	0.123523846
A129W	A129W	129	129	-0.62936383	-0.51909673	-0.46854088	-0.5195271	-0.28132695	-0.2907701	-0.3986651	-0.67888993	-0.515609	-0.4628476	10	-0.4764637	0.12841792	0.5033983	Binding_SOS	-0.2868602	0.07731542	0.30307645
A129Y	A129Y	129	129	-0.59754163	-0.5479316	-0.73850226	-0.3537359	-0.41616425	-0.6887705	-0.5861128	-0.4033259	-0.26940376	-0.26116684	10	-0.48626557	0.16926046	0.663501	Binding_SOS	-0.29276153	0.101905115	0.39946806
A133C	A133C	133	133	-1.1592357	-1.0486218				-0.6212378	-1.4262933	-0.24659991	-1.6351047	-0.5753745	7	-0.95892394	0.49872714	1.9550104	Binding_SOS	-0.57733065	0.30026415	1.1770355
A133D	A133D	133	133	0.10674551	1.3396927	0.3991218	0.6939079	-0.184409	1.1842914	0.83002496	0.41814533	-0.18958904	-0.29185018	10	0.43060812	0.57871544	2.2685647	Binding_SOS	0.25925234	0.348422	1.3658142
A133E	A133E	133	133	-0.24250855	-0.35401773	-0.9211585	-0.25704643	-0.46559048	-0.7520954	-0.45495713	-0.3125638	-0.12912202	-0.18529603	10	-0.4074356	0.25316185	0.99239445	Binding_SOS	-0.24530107	0.15241887	0.59748197
A133F	A133F	133	133	0.021548372	-0.42327678	-0.37066674	-0.123865806	-0.6568951	-0.13829641	-0.21193764				7	-0.27191287	0.22743589	0.8915487	Binding_SOS	-0.16370814	0.13693027	0.53676665
A133G	A133G	133	133	-0.23169792	-0.5151039	-0.4821391	-0.37880725	-0.50213903	-0.28011325	0.0054161726	-0.30603445	-0.32154092	-0.08753176	10	-0.30996913	0.17304596	0.6783402	Binding_SOS	-0.18662031	0.10418422	0.40840214
A133L	A133L	133	133	-0.023267727	-0.02457705	-0.016615357	-0.21391267	-0.5128064	-0.3452421	-0.04659923	-0.5215844	-0.0073985457	-0.16887872	10	-0.18808821	0.20503858	0.80375123	Binding_SOS	-0.11324057	0.12344573	0.48390725
A133P	A133P	133	133	-0.69538826	-0.70895594	0.15372705	-0.3704219	1.3579965	0.9471354	0.6031655	-0.11466545	0.5036191	0.05601881	10	0.1732231	0.68490976	2.6848464	Binding_SOS	0.104290865	0.41235745	1.6164412
A133R	A133R	133	133	-0.29486203	-0.4975475	-0.39867792	-0.26342648	-0.038758058	-0.24484503	-0.23848209	-0.19370866	-0.41887364	-0.04120269	10	-0.2630384	0.15053368	0.590092	Binding_SOS	-0.15836516	0.09063045	0.35527137
A133S	A133S	133	133	-0.36828095	-0.23247497	-0.23266523	-0.19057685	-0.52987796	-0.3560094	-0.34968492	-0.43327075	-0.21468815	-0.58598804	10	-0.3493517	0.13607648	0.5334198	Binding_SOS	-0.21033102	0.08192634	0.32115126
A133T	A133T	133	133			-0.27534938	-0.40257972	0.4061596	-0.10037239	-0.5120493	-0.9641419	-0.31861058		7	-0.3095634	0.4154111	1.6284117	Binding_SOS	-0.18637604	0.25010282	0.98040307
A133V	A133V	133	133	-0.5351466	-0.69565123	-0.5381041	-0.31210947	-0.19959737	-0.46449944	-0.35229346	-0.27141672	-0.6674843	-0.5367652	10	-0.45730677	0.16766852	0.6572606	Binding_SOS	-0.27532655	0.10094667	0.39571097
A133Y	A133Y	133	133			0.21014266	-0.3162145	0.1983014	0.32612813	0.1757144	-0.13785462	-0.23128988		7	0.03213252	0.2536341	0.99424565	Binding_SOS	0.019345736	0.1527032	0.5985965
A145F	A145F	145	145	2.4991994	2.5001273	2.617785	2.7961967	2.787207	2.4645765	2.518523	2.542433	2.3306024	2.6456766	10	2.5702329	0.14456204	0.5666832	Binding_SOS	1.547437	0.08703516	0.34117782
A145I	A145I	145	145	1.6653477	1.4842392	1.2513899	1.7335567	1.3308415	1.5598044	1.5848888	1.5422744	0.9252336	0.9064386	10	1.3984015	0.29146704	1.1425508	Binding_SOS	0.84192294	0.17548093	0.6878853
A145L	A145L	145	145	0.9868542	1.5619667	1.0551262	0.3401869	1.4592923	1.0772432	1.7626592	0.73226595	0.96158093	1.771595	10	1.1708771	0.46301708	1.815027	Binding_SOS	0.7049394	0.27876452	1.0927569
A145S	A145S	145	145	0.53561795	1.5167791	1.5000459	1.436553	1.4463756	1.4583302	1.4764857	1.4391681	1.5107232	1.4986408	10	1.3818719	0.29884586	1.1714758	Binding_SOS	0.83197117	0.17992343	0.70529985
A145Y	A145Y	145	145	0.56097305	1.1570528	1.1274554	0.7271925	0.4799838	0.9706303	0.9771303	1.0233215	-0.93300325	0.8950492	10	0.69857854	0.61638665	2.4162357	Binding_SOS	0.42058688	0.37110233	1.4547212
A154C	A154C	154	154	-0.23240969	-0.20939681	-0.27276403	-0.060510192	-0.24610098	-0.07478552	-0.23174104	-0.023063352	-0.23358034	-0.124820195	10	-0.17091721	0.090878606	0.35624415	Binding_SOS	-0.102902584	0.054714464	0.2144807
A154D	A154D	154	154	0.24703223	-0.6768681	0.67767185	0.7315903	0.46205142	-0.25672528	0.36937365	0.27706113	-0.060329434	-0.63589823	10	0.11349596	0.5039214	1.9753718	Binding_SOS	0.06833149	0.3033914	1.1892943
A154E	A154E	154	154	0.27952445	1.2302477	0.80413777	0.8855614	1.0341538	0.74692166	0.35208902	0.20645462	0.6680417	0.44879946	10	0.6655932	0.338955	1.3287035	Binding_SOS	0.4007277	0.20407157	0.79996055
A154F	A154F	154	154	0.21929078	0.50457007	-0.035610266	0.6555738	-0.3850712	-0.12494981	-0.3141684	0.0785254	0.08073776	0.15725431	10	0.08361524	0.32724732	1.2828095	Binding_SOS	0.050341476	0.19702284	0.77232957
A154G	A154G	154	154	-0.45706722	-0.48137337	-0.65068775	-0.70334315	-0.4717671	-0.55909944	-0.32647735	-0.38740268	-0.36088255	-0.46200645	10	-0.48601073	0.12118108	0.47502983	Binding_SOS	-0.29260808	0.072958395	0.2859969
A154H	A154H	154	154	0.8155141	1.1454861	0.8129933	1.2593472	0.89589494	0.40220088	0.93557984	0.54925466	0.5060921	0.43416542	10	0.7756528	0.29697627	1.164147	Binding_SOS	0.4669903	0.17879783	0.7008875
A154I	A154I	154	154	-0.07092807	0.075680114	0.21054824	0.18829817	-0.5513996	-0.21139286	-0.12149292	-0.18859994	-0.18557407	-0.11347914	10	-0.096834004	0.22189862	0.8698426	Binding_SOS	-0.058299974	0.1335965	0.5236983
A154K	A154K	154	154	0.728984	0.16128474	0.8859811	0.28799382	-0.421504	-0.43541303	-0.48252016	-0.45209855	-0.6173302	-0.14701387	10	-0.049163625	0.53834534	2.1103137	Binding_SOS	-0.029599499	0.3241167	1.2705375
A154L	A154L	154	154	-0.39224613	-0.18825917	-0.031229855	0.005784288	0.10888387	-0.22813581	-0.5234816	-0.3836374	-0.15972099	-0.2343435	10	-0.20263863	0.19585231	0.7677411	Binding_SOS	-0.122000806	0.117915034	0.46222696
A154M	A154M	154	154	-0.39213386	0.117047556	0.010386759	-0.26909593	0.14630893	-0.18253615	0.061256353	-0.12974203	-0.42620346	-0.23534663	10	-0.13000585	0.20637693	0.8089976	Binding_SOS	-0.07827145	0.12425149	0.48706585
A154N	A154N	154	154	-0.23122282	0.23413795	0.14663851	0.7594282	1.4333757	0.8471325	0.46255702	0.4202642	-0.31704113	0.5810715	10	0.4336342	0.5193021	2.0356643	Binding_SOS	0.26107422	0.31265154	1.225594
A154P	A154P	154	154	-0.40463498	-0.87110037	-0.78497165	-0.3742427	-0.22696495	-0.41606057	-0.63336223	-0.44438648	-0.48209032	-0.30631456	10	-0.4944129	0.20651303	0.8095311	Binding_SOS	-0.2976667	0.124333434	0.48738706
A154Q	A154Q	154	154	-0.31149212	-0.2778507	-0.20099956	0.050471567	0.4584602	-0.3395301	-0.446197	-0.31406388	-0.0013797772	-0.08953194	10	-0.14721131	0.26492703	1.038514	Binding_SOS	-0.088630185	0.15950222	0.62524873
A154R	A154R	154	154	-0.14531907	-0.20400551	0.42749226	0.25040382	0.031643014	0.17611116	-0.63233644	0.43606424	-0.10073497	0.38750157	10	0.06268201	0.3417634	1.3397126	Binding_SOS	0.03773839	0.20576242	0.8065887
A154S	A154S	154	154	-0.36080647	-0.42713535	-0.54901266	-0.41919586	-0.5330721	-0.36113748	-0.39213735	-0.52065533	-0.3111445	-0.39467546	10	-0.4268973	0.08122175	0.31838927	Binding_SOS	-0.2570182	0.048900448	0.19168976
A154T	A154T	154	154	-0.38953352	-0.7523842	-0.5396839	-0.47025484	-0.33404574	-0.67063063	-0.89011234	-0.8007201	-0.8428634	-0.41971925	10	-0.6109948	0.2050577	0.80382615	Binding_SOS	-0.36785614	0.12345724	0.48395237
A154V	A154V	154	154	-0.061145335	-0.048604093	-0.031608067	-0.035168093	0.058380462	0.030061508	0.026390653	-0.0059340317	-0.07389655	-0.084565364	10	-0.022608891	0.04816754	0.18881677	Binding_SOS	-0.013611931	0.028999796	0.1136792
A154W	A154W	154	154	0.45412838	0.46599573	0.4502004	0.3381917	1.0899382	0.03465319	0.06916811	-0.1385894	-0.014178286	0.56231785	10	0.33118257	0.36104468	1.4152951	Binding_SOS	0.1993921	0.21737091	0.852094
A154Y	A154Y	154	154	1.0591407	1.4941671	0.8519882	1.2702391	1.047266	0.609615	0.97605634	1.7072828	1.3452256	1.0007592	10	1.136174	0.32177284	1.2613496	Binding_SOS	0.68404603	0.19372687	0.7594093
A17C	A17C	17	17	0.49719614	0.56411535	0.37017453	0.3849067	0.34190303	0.37619394	0.42600206	0.2296804	0.41872078	0.4772352	10	0.40861282	0.09231534	0.36187613	Binding_SOS	0.24600983	0.05557946	0.21787149
A17D	A17D	17	17	1.7463887	1.4805928	1.7468708	1.7797638	2.0776603	1.7868896	1.7718165	1.353197	1.9789906	1.8224157	10	1.7544587	0.2101908	0.82394797	Binding_SOS	1.0562911	0.12654768	0.4960669
A17E	A17E	17	17	2.3276122	3.2976506	3.0647166	2.7499378	2.3667548	2.4904222	2.8032246	2.3313813	2.4842663	2.2932732	10	2.620924	0.34678182	1.3593848	Binding_SOS	1.5779561	0.2087838	0.8184325
A17F	A17F	17	17	1.9866209	1.942938	1.9806122	2.869656	2.1413047	2.2950869	1.9740123	2.37131	2.3884568	2.2691307	10	2.2219129	0.28608066	1.1214362	Binding_SOS	1.3377271	0.172238	0.675173
A17G	A17G	17	17	0.4462657	0.41546175	0.35994133	0.39799172	0.47035208	0.46568897	0.44577262	0.41810438	0.37731993	0.3871131	10	0.41840115	0.037962116	0.1488115	Binding_SOS	0.251903	0.02285551	0.0895936
A17H	A17H	17	17	1.5439014	1.2520458	1.2276373	1.6656817	1.3258759	1.5030138	1.6064105	1.1265589	1.1681191	1.5152899	10	1.3934535	0.19522275	0.7652732	Binding_SOS	0.83894396	0.117536	0.46074113
A17I	A17I	17	17	0.13157982	-0.047032226	-0.13295054	0.37791777	0.3556507	0.04047417	0.16345952	0.19918849	0.040232114	0.29266524	10	0.14211848	0.16991451	0.6660649	Binding_SOS	0.085563995	0.1022989	0.4010117
A17K	A17K	17	17	0.28152022	0.4280537	0.17311573	0.26137123	0.28149626	0.2955312	0.35100648	0.21480818	0.29355684	0.26410162	10	0.28445616	0.069495656	0.27242297	Binding_SOS	0.17125995	0.04184062	0.16401523
A17L	A17L	17	17	2.6740313	2.6040387	3.006756	3.0198538	2.820505	2.6036627	2.838606	2.5206938	3.2180548	2.7219257	10	2.8028128	0.22226365	0.8712735	Binding_SOS	1.6874642	0.13381627	0.5245598
A17M	A17M	17	17	0.7650671	0.86069196	1.0748354	1.1169013	0.9118034	1.067614	0.95108294	0.7451117	0.7683626	0.7952808	10	0.9056751	0.14148878	0.554636	Binding_SOS	0.54527164	0.08518487	0.3339247
A17N	A17N	17	17	0.7052485	0.7758983	0.5707853	0.8902096	0.9478441	0.58809185	0.7441556	0.664387	0.8062882	0.68953156	10	0.73824406	0.12138694	0.4758368	Binding_SOS	0.44446793	0.073082335	0.28648275
A17P	A17P	17	17	2.032329	2.2649422	1.9124485	2.2605934	2.344096	2.2989113	2.816421	2.041319	2.3622007	2.2278633	10	2.2561126	0.24720424	0.96904063	Binding_SOS	1.3583174	0.14883202	0.5834215
A17Q	A17Q	17	17	0.4760903	0.32449883	0.5361385	0.53717	0.44604766	0.70779294	0.8920905	0.39516658	0.56450427	0.44954878	10	0.5329048	0.16355515	0.64113617	Binding_SOS	0.3208412	0.09847017	0.38600305
A17R	A17R	17	17	0.76353055	0.93411833	0.9161315	0.8937705	0.9069586	0.8447901	0.8924083	0.9700389	0.932067	0.8941436	10	0.8947958	0.056704283	0.22228079	Binding_SOS	0.5387216	0.034139436	0.13382658
A17S	A17S	17	17	0.46701327	0.4999278	0.64108217	0.47962946	0.4341064	0.48635072	0.46753305	0.5140344	0.24303183	0.19285934	10	0.4425568	0.131046	0.5137003	Binding_SOS	0.26644617	0.07889768	0.3092789
A17T	A17T	17	17	0.31717092	0.3334564	0.43268758	0.18318506	0.21937245	0.2844219	0.16287474	0.26173547	0.3443529	0.2792535	10	0.2818511	0.08081574	0.3167977	Binding_SOS	0.16969156	0.048656	0.19073153
A17V	A17V	17	17	0.028313853	-0.03321649	-0.14132403	-0.045109484	0.03369228	0.031276155	0.13718681	-0.0013585789	-0.043752722	-0.14102523	10	-0.017531743	0.084047996	0.32946816	Binding_SOS	-0.010555179	0.05060202	0.19835992
A17W	A17W	17	17	2.0394175	2.6374822	2.0923028	2.404562	2.1558614	2.3333127	3.0818853	2.6638017	2.1043072	2.1097949	10	2.3622727	0.3394678	1.3307137	Binding_SOS	1.4222323	0.2043803	0.8011708
A17Y	A17Y	17	17	1.7209835	2.6594179	2.1517465	2.1566238	2.2310438	2.0248094	1.1857871	1.2388308	1.4030888	1.2744367	10	1.804677	0.51183677	2.0064	Binding_SOS	1.0865256	0.30815694	1.2079753
A58C	A58C	58	58	-1.3221306	-1.1507754	-1.1194255	-1.2885154	-1.1271851	-1.2587771	-1.3305491	-1.5170312	-1.4070518	-1.3284173	10	-1.2849859	0.1269778	0.497753	Binding_SOS	-0.77363986	0.07644838	0.29967767
A58D	A58D	58	58	2.01912	1.3301367	1.5965786	1.7106259	1.8676888	1.8493209	2.2065656	2.088417	1.7494577	1.7999725	10	1.8217884	0.25198206	0.9877697	Binding_SOS	1.0968277	0.15170857	0.5946976
A58E	A58E	58	58	1.3417306	1.0762938	1.1716516	1.312426	1.0844471	0.8933955	0.9123657	1.1427426	1.0991713	0.99105555	10	1.102528	0.14945121	0.58584875	Binding_SOS	0.6637891	0.08997874	0.35271665
A58F	A58F	58	58	-1.1914688	-0.95010453	-1.0696951	-0.93342954	-1.2256722	-1.1669149	-1.4501159	-1.0580755	-1.1296866	-1.1037027	10	-1.1278865	0.1480344	0.58029485	Binding_SOS	-0.67905647	0.08912573	0.34937286
A58G	A58G	58	58	-0.27198222	-0.41880018	-0.5357687	-0.23244411	-0.80536187	-0.32402337	-0.3308806	-0.12161084	-0.40586916	-0.42349073	10	-0.3870232	0.1869406	0.73280716	Binding_SOS	-0.23301157	0.11254964	0.4411946
A58H	A58H	58	58	-1.6684829	-1.5919998	-1.7107862	-1.5200802	-1.6532898	-1.6639606	-1.8752135	-1.555966	-1.3128387	-1.3043149	10	-1.5856931	0.1750782	0.68630654	Binding_SOS	-0.95468396	0.10540775	0.41319838
A58I	A58I	58	58	-0.90017205	-0.7726692	-0.77771586	-0.75718105	-0.79124993	-0.5393159	-0.94370157	-1.3446772	-0.98068833	-0.7386954	10	-0.8546066	0.21214652	0.8316144	Binding_SOS	-0.5145253	0.12772514	0.50068253
A58K	A58K	58	58	2.3034782	2.2773721	2.217633	1.7411091	2.280321	2.3904917	2.1822848	2.245304	2.1680458	2.143166	10	2.1949205	0.17533585	0.68731654	Binding_SOS	1.321476	0.10556287	0.41380647
A58L	A58L	58	58	-1.262366	-1.3337934	-1.2192363	-1.1974857	-1.3220208	-1.3614111	-1.2894917	-1.3379207	-1.2293165	-1.2197081	10	-1.2772751	0.059323613	0.23254856	Binding_SOS	-0.7689975	0.035716433	0.14000842
A58M	A58M	58	58	-1.4578989	-1.8371882	-1.6213489	-1.7504367	-1.9192808	-1.5731454	-1.7577133	-1.8774812	-1.6674769	-1.7663524	10	-1.7228323	0.14353369	0.5626521	Binding_SOS	-1.0372502	0.086416036	0.33875087
A58N	A58N	58	58	-1.6976177	-1.3841743	-1.5001718	-1.5833021	-1.7193726	-1.6006631	-1.4298646	-1.229461	-1.383893	-1.4983609	10	-1.5026882	0.1524564	0.59762913	Binding_SOS	-0.9047099	0.09178805	0.3598092
A58P	A58P	58	58	0.40439764	0.36895916	0.4220703	0.34897393	0.30450907	0.4775739	0.42277047	0.40942246	0.3625758	0.44113982	10	0.39623928	0.050297733	0.19716711	Binding_SOS	0.2385602	0.030282302	0.11870663
A58Q	A58Q	58	58	-0.4899358	-0.4813632	-0.35275444	-0.20032974	-0.41541156	-0.38616517	-0.24893355	-0.36655858	-0.50994444	-0.39246815	10	-0.38438648	0.10048979	0.39391997	Binding_SOS	-0.2314241	0.06050098	0.23716384
A58R	A58R	58	58	2.8930905	3.0671332	2.9710157	2.7092483	2.351709	3.0600715	2.6223972	2.7509356	2.317684	2.7945256	10	2.753781	0.26485997	1.0382512	Binding_SOS	1.6579441	0.15946186	0.6250905
A58S	A58S	58	58	-0.32290807	-0.31081057	-0.17622286	-0.18246104	-0.17771192	-0.16422047	-0.3665093	-0.120472945	-0.30083576	-0.06522622	10	-0.21873793	0.099390306	0.38961	Binding_SOS	-0.13169357	0.059839025	0.23456898
A58T	A58T	58	58	-1.4276248	-1.0018858	-1.2222927	-1.131365	-1.4263042	-1.3158911	-1.3154685	-1.2900752	-1.4166635	-1.5222738	10	-1.3069844	0.15588729	0.6110782	Binding_SOS	-0.7868843	0.09385365	0.36790633
A58V	A58V	58	58	-0.3930184	-0.25985187	-0.4289449	-0.4266989	-0.48071745	-0.46846056	-0.36534035	-0.37033993	-0.42770484	-0.23668139	10	-0.38577586	0.08160971	0.31991008	Binding_SOS	-0.2322606	0.049134023	0.19260538
A58W	A58W	58	58	0.58521926	0.34080756	0.10396374	0.3635905	0.46937588	0.31403247	0.4909897	0.60288084	0.6454051	0.4979321	10	0.4414197	0.16366452	0.6415649	Binding_SOS	0.26576155	0.09853602	0.38626122
A58Y	A58Y	58	58	-0.41921997	-0.4940927	-0.49533424	-0.50997883	-0.59093785	-0.6218063	-0.5814711	-0.57669365	-0.7628321	-0.60327667	10	-0.56556433	0.09372984	0.36742097	Binding_SOS	-0.3405042	0.056431077	0.22120982
A65C	A65C	65	65	-0.046494804	-0.23354137	0.16354617	-0.28681847	-0.5075424	0.20090482	0.023405189	-0.12269701	-0.26930788	-0.15439539	10	-0.1232941	0.21695626	0.8504686	Binding_SOS	-0.07423057	0.1306209	0.51203394
A65D	A65D	65	65	0.5356613	0.78549474	0.5930093	0.6238432	0.49847418	0.49284583	0.5091273	0.4076216	0.44250557	0.43189266	10	0.53204757	0.11210669	0.43945822	Binding_SOS	0.32032508	0.06749506	0.26458064
A65E	A65E	65	65	0.7509392	0.6708656	0.5173804	0.7296988	0.7797816	0.64414537	0.34379965	0.65107626	0.7297777	0.6981209	10	0.6515585	0.13074875	0.5125351	Binding_SOS	0.39227796	0.07871872	0.3085774
A65F	A65F	65	65	0.53748906	0.45967135	0.3766967	0.39150175	0.42749482	0.6028348	0.50021446	0.44091287	0.17582753	0.4777172	10	0.43903607	0.114381924	0.44837716	Binding_SOS	0.26432648	0.06886489	0.26995036
A65G	A65G	65	65	0.29623145	0.26821026	0.039473012	0.22635637	0.29746175	-0.06647998	0.10178931	0.2267139	-0.027302414	0.21440415	10	0.15768577	0.13548882	0.5311162	Binding_SOS	0.09493645	0.08157253	0.31976435
A65H	A65H	65	65	0.4370486	0.35495836	0.49782506	0.5686313	0.48613963	0.42595834	0.4033886	0.46081758	0.5337451	0.7564982	10	0.4925011	0.111865975	0.43851462	Binding_SOS	0.2965157	0.067350134	0.26401255
A65I	A65I	65	65	-0.901622	-1.2767999	-0.44966903	-0.4931732	-0.5423495	-0.6536135	-0.7958907	-0.3109611	-0.49165475	-0.872369	10	-0.67881024	0.28576854	1.1202127	Binding_SOS	-0.40868515	0.17205009	0.6744364
A65K	A65K	65	65	0.73991305	1.3121675	0.8271479	1.8963656	1.4530834	1.2202449	1.5310576	1.7044268	1.3955537	1.5812302	10	1.366119	0.36275706	1.4220077	Binding_SOS	0.82248694	0.21840186	0.8561353
A65L	A65L	65	65	0.057685148	-0.21769103	-0.035220705	0.07199863	-0.03713168	-0.11906054	-0.10824584	-0.08375758	0.026133472	0.053316537	10	-0.03919736	0.09403853	0.36863104	Binding_SOS	-0.0235992	0.05661693	0.22193836
A65M	A65M	65	65	0.8871095	0.37543508	0.7763534	0.5287419	0.75086576	0.16757874	0.76057345	0.2753802	0.3695663	0.43764722	10	0.5329252	0.2459489	0.9641197	Binding_SOS	0.32085347	0.14807624	0.5804589
A65N	A65N	65	65	0.44022855	0.24668196	0.17589727	0.5397266	0.17704992	-0.035959106	0.4874338	0.29324746	0.099904165	0.5066371	10	0.29308477	0.19459316	0.7628052	Binding_SOS	0.1764549	0.117156945	0.45925525
A65P	A65P	65	65	0.3238185	0.34065035	0.30985916	0.34757617	0.32092795	0.33050963	0.3087291	0.31554034	0.30319777	0.3183893	10	0.32191983	0.014183663	0.055599958	Binding_SOS	0.19381537	0.00853943	0.033474565
A65Q	A65Q	65	65	0.20573707	0.052540176	0.20875143	0.21394472	0.26342827	-0.0100604175	0.26478112	0.03572559	-0.087480485	0.12460135	10	0.12719688	0.123246185	0.48312506	Binding_SOS	0.07658028	0.07420172	0.29087073
A65R	A65R	65	65	1.2182926	1.164073	1.0584053	1.2584456	1.2576329	1.1924262	0.9510114	1.2726275	1.1522905	1.1974651	10	1.1722671	0.10018357	0.3927196	Binding_SOS	0.7057763	0.06031662	0.23644115
A65S	A65S	65	65	0.45562068	0.46514386	0.6524463	0.7025124	0.64394724	0.6459378	0.6554953	0.66054285	0.66625214	0.7016162	10	0.6249515	0.0891735	0.34956014	Binding_SOS	0.3762589	0.053687885	0.21045652
A65T	A65T	65	65	-0.0991361	-0.065691516	-0.055203687	0.023900975	0.114644736	-0.2229268	-0.07664167	-0.08834963	0.12574606	-0.21057536	10	-0.055423297	0.11724526	0.4596014	Binding_SOS	-0.033368204	0.07058879	0.27670807
A65V	A65V	65	65	-0.61409706	-0.5180876	-0.6726224	-0.64939034	-0.3339594	-0.62418073	-0.6664293	-0.68423367	-0.6236599	-0.6105496	10	-0.599721	0.104436345	0.40939048	Binding_SOS	-0.3610686	0.062877044	0.24647802
A65W	A65W	65	65	1.1217351	1.1684657	1.1538471	1.23826	1.1366087	1.1890098	1.2642853	1.232319	1.1249427	1.13499	10	1.1764462	0.052006673	0.20386617	Binding_SOS	0.70829237	0.031311188	0.12273986
A65Y	A65Y	65	65	0.6947232	0.70666105	0.60792804	0.91706485	0.68385273	0.8976178	0.763535	0.7419486	0.7582594	0.6751648	10	0.7446755	0.097084396	0.38057083	Binding_SOS	0.44834006	0.058450725	0.22912684
A82C	A82C	82	82	-0.0063174255	-0.17672259	0.023583086	0.094612315	0.22952002	0.0358456	0.11238268	-0.060984664	-0.012968043	0.0004900991	10	0.023944108	0.10828306	0.4244696	Binding_SOS	0.014415813	0.065193005	0.25555658
A82D	A82D	82	82	-0.6795293	-0.7320282	-0.6375723	-1.0151935	-0.7997853	-0.7915746	-1.0449361	-0.55195427	-0.8916834	-0.8628748	10	-0.8007132	0.15838411	0.62086576	Binding_SOS	-0.48207816	0.0953569	0.37379906
A82E	A82E	82	82	-0.4958431	-0.5829132	-0.4937608	-0.54939663	-0.3815273	-0.5570265	-0.22866797	-0.4963314	-0.5938579	-0.50962055	10	-0.48889455	0.10952509	0.42933837	Binding_SOS	-0.29434434	0.06594078	0.25848788
A82F	A82F	82	82	0.50329643	1.397833	1.3044616	0.46103218	0.4578461	0.56279874	1.0828053	0.8064804	0.24307026	1.014934	10	0.7834558	0.39746457	1.5580611	Binding_SOS	0.47168815	0.23929791	0.9380478
A82G	A82G	82	82	-0.3810194	-0.39107513	-0.28019193	-0.25900078	-0.22107634	-0.22209296	-0.31294212	-0.39272654	-0.25343254	-0.26615676	10	-0.29797143	0.06771593	0.26544645	Binding_SOS	-0.17939697	0.04076912	0.15981495
A82H	A82H	82	82	-0.5671559	-0.59834844	-0.29897314	-0.5490965	-0.0937538	-0.37918398	-0.62433946	-0.5425378	-0.46974492	-0.4087169	10	-0.45318508	0.1637201	0.6417828	Binding_SOS	-0.27284506	0.09856948	0.38639238
A82I	A82I	82	82	1.3411281	0.6195258	0.16695754	1.2852421	1.0339673	0.47095647	0.13486175	0.054860957	1.2273959	1.2262774	10	0.75611734	0.5235952	2.0524933	Binding_SOS	0.45522875	0.31523624	1.2357261
A82K	A82K	82	82	-0.00029288765	0.2381934	0.18370567	0.12689	-0.20931526	0.034292255	0.023210017	0.11795008	-0.038554914	0.4218523	10	0.08979307	0.1715429	0.67244816	Binding_SOS	0.054060902	0.103279285	0.4048548
A82L	A82L	82	82	1.2019475	1.5290855	0.9927012	0.7998252	0.44626555	0.68442655	0.79294616	1.2637246	0.97007555	1.1988729	10	0.9879869	0.31945625	1.2522686	Binding_SOS	0.59482837	0.19233213	0.75394195
A82M	A82M	82	82	0.1444552	-0.020321643	0.18612273	0.5637441	0.3044036	0.11141392	0.16515087	-0.16093749	0.13292302	0.7333631	10	0.21603175	0.2626304	1.0295112	Binding_SOS	0.13006428	0.15811951	0.6198285
A82N	A82N	82	82	-0.8873951	-0.5606685	-0.71503717	-0.78605187	-0.3964953	-0.052873686	-0.036180165	0.011102445	-0.60015994	-0.62182534	10	-0.46455845	0.33017242	1.2942759	Binding_SOS	-0.2796925	0.19878393	0.77923304
A82P	A82P	82	82	-0.62638736	-0.39960805	-0.6145861	-0.5269547	-0.6408667	-0.5881205	-0.45300418	-0.33175883	-0.30294678	-0.53863573	10	-0.50228685	0.12396307	0.48593524	Binding_SOS	-0.30240732	0.07463333	0.29256266
A82Q	A82Q	82	82	-0.6870221	-0.60159576	-0.6038499	-0.79781145	-0.27895918	-0.50818515	-0.867413	-0.44251478	-0.5336931	-0.28208768	10	-0.5603133	0.19557394	0.76664984	Binding_SOS	-0.33734277	0.11774744	0.46156996
A82R	A82R	82	82	0.40511987	0.24470013	0.19544868	0.32666638	0.39010713	0.1965368	0.11810679	0.14138727	0.27838045	0.26129553	10	0.25577492	0.09731064	0.38145772	Binding_SOS	0.1539921	0.05858694	0.22966081
A82S	A82S	82	82	-0.1722955	-0.28618228	-0.2887385	-0.1846985	-0.13609548	-0.21095364	-0.27840668	-0.050367635	-0.15285622	-0.17104368	10	-0.19316381	0.075747	0.29692823	Binding_SOS	-0.116296396	0.04560431	0.1787689
A82T	A82T	82	82	-0.45515653	-0.1285647	-0.40737763	0.07942121	-0.43035892	-0.022258691	-0.57414037	0.005724351	0.008876701	-0.4208344	10	-0.23446691	0.24466938	0.959104	Binding_SOS	-0.14116338	0.14730589	0.5774391
A82V	A82V	82	82	0.95689434	0.7194178	0.9122238	0.8361545	0.78969294	0.64316636	0.70910823	0.58804435	0.80317944	0.8926239	10	0.7850505	0.11984	0.46977282	Binding_SOS	0.47264826	0.07215099	0.28283188
A82W	A82W	82	82	0.9366233	0.7410991	1.137294	1.2654167	0.9589354	1.2849406	1.3320203	1.0541253	0.85383576	1.0022844	10	1.0566576	0.19597475	0.768221	Binding_SOS	0.6361723	0.11798875	0.46251592
A82Y	A82Y	82	82	1.0219054	0.5507261	0.80462164	1.3719078	0.12173637	0.82583326	1.2018152	0.7329247	1.3160428	0.53355706	10	0.84810704	0.39147756	1.534592	Binding_SOS	0.51061213	0.23569337	0.923918
C117A	C117A	117	117	-0.2950946	-0.2594547	-0.08609038	-0.0988432	-0.23441385	-0.17142832	-0.035088774	-0.18698727	-0.03714889	-0.16153373	10	-0.15660837	0.090874426	0.35622776	Binding_SOS	-0.09428779	0.054711945	0.21447083
C117D	C117D	117	117	-0.09042923	-0.3107078	-0.33367008	-0.12540115	-0.11063649	0.07671974	-0.087401845	-0.1288267	-0.6069103	-0.1361428	10	-0.18534067	0.1878247	0.7362728	Binding_SOS	-0.111586384	0.11308192	0.4432811
C117E	C117E	117	117	-0.118118756	-0.23012403	-0.1793515	-0.36230487	-0.21493126	-0.19779278	-0.28576243	-0.5939211	-0.5155595	-0.4930695	10	-0.31909356	0.16356203	0.6411632	Binding_SOS	-0.19211377	0.09847432	0.38601932
C117F	C117F	117	117	-0.06602523	-0.06414798	-0.06692607	0.21989436	0.005724614	0.05604931	-0.01719657	0.005674356	-0.10663926	0.0026960908	10	-0.003089638	0.0919498	0.3604432	Binding_SOS	-0.0018601505	0.055359386	0.2170088
C117G	C117G	117	117	-0.015205381	-0.07020584	-0.18921272	-0.17479539	-0.20566396	-0.1515211	-0.18768652	-0.10609035	-0.06259058	-0.044200275	10	-0.12071721	0.06944018	0.2722055	Binding_SOS	-0.072679125	0.041807223	0.16388431
C117H	C117H	117	117	0.023879958	-0.06448966	-0.21135491	-0.2980551	-0.29524633	-0.37743688	-0.14534666	-0.4038699	-0.21604185	-0.14488982	10	-0.21328512	0.13534491	0.530552	Binding_SOS	-0.12841065	0.08148589	0.3194247
C117I	C117I	117	117	-0.07959803	-0.3842298	-0.07483419	-0.0023303004	-0.34446442	-0.20595884	-0.474179	-0.17451978	-0.25181022	-0.30014268	10	-0.22920673	0.15058716	0.5903017	Binding_SOS	-0.13799642	0.09066265	0.3553976
C117K	C117K	117	117	0.12353055	-0.16449858	-0.3963739	-0.0632302	-0.14388257	-0.2306152	-0.1418949	-0.11624799	-0.124986984	-0.2382795	10	-0.14964792	0.13309023	0.5217137	Binding_SOS	-0.090097174	0.08012843	0.31410345
C117L	C117L	117	117	-0.37131652	-0.4412174	-0.36495778	-0.414929	-0.21430041	-0.40558872	-0.1353217	-0.31257755	-0.03765533	-0.24947467	10	-0.29473394	0.13305277	0.52156687	Binding_SOS	-0.17744781	0.08010588	0.31401506
C117M	C117M	117	117	-0.27198866	-0.2334015	-0.21122701	-0.42050478	-0.18410328	-0.16260205	-0.13357563	-0.50390995	-0.3162624	-0.5216459	10	-0.29592213	0.14080471	0.55195445	Binding_SOS	-0.17816317	0.08477302	0.33231023
C117N	C117N	117	117	0.21682975	0.20449072	0.116344534	-0.05204565	0.01192468	-0.11870456	-0.3243576	-0.21246271	-0.41645968	-0.29034588	10	-0.086478636	0.22425468	0.8790784	Binding_SOS	-0.052065413	0.135015	0.5292588
C117P	C117P	117	117	0.16105442	-0.03377638	-0.2993405	0.046557557	-0.22516756	-0.2615122	-0.12969063	0.06632919	0.70510185	0.36126778	10	0.039082352	0.3111928	1.2198758	Binding_SOS	0.02352996	0.18735705	0.7344397
C117Q	C117Q	117	117	0.030190498	0.7448176	0.36125287	0.14156677	0.24413897	-0.1720012	-0.32374078	-0.17465582	-0.31484088	0.04963262	10	0.05863606	0.33298597	1.305305	Binding_SOS	0.035302486	0.20047785	0.7858732
C117R	C117R	117	117	-0.1242357	-0.13100147	-0.15743896	-0.10936337	-0.014881349	-0.16529892	-0.219843	-0.025779381	-0.16000633	-0.11604658	10	-0.12238951	0.06250413	0.24501619	Binding_SOS	-0.073685944	0.037631296	0.14751469
C117S	C117S	117	117	-0.16433142	-0.10304875	-0.11356024	-0.01927586	-0.03453127	-0.022054784	-0.09989245	-0.075887345	-0.0383717	-0.038586024	10	-0.07095398	0.048217274	0.18901172	Binding_SOS	-0.042718623	0.029029738	0.11379658
C117T	C117T	117	117	0.23356402	-0.06641612	-0.0033068347	-0.28770018	-0.24544808	-0.35849535	-0.096520424	-0.0372755	-0.12610455	-0.029161073	10	-0.1016864	0.16818191	0.6592731	Binding_SOS	-0.061221413	0.10125577	0.39692262
C117V	C117V	117	117	0.11606817	-0.1401148	-0.039050717	-0.1780138	-0.08056694	-0.04338382	-0.10163301	-0.12374741	-0.082567155	-0.19298877	10	-0.08659983	0.087813206	0.34422776	Binding_SOS	-0.052138377	0.052868903	0.20724611
C117W	C117W	117	117	0.08634298	-0.06450113	-0.2720635	-0.20278378	-0.108362734	-0.05214877	-0.15238573	-0.20951945	-0.3529953	0.052588865	10	-0.12758285	0.13861799	0.5433825	Binding_SOS	-0.076812655	0.08345649	0.32714942
C117Y	C117Y	117	117	-0.059441116	-0.010077446	0.026576696	0.017616324	-0.030130023	0.1888645	0.042841114	0.040364344	-0.027674798	0.041240375	10	0.023017999	0.06820076	0.26734698	Binding_SOS	0.013858239	0.041061014	0.16095918
C184F	C184F	184	184	0.41455093	0.7722184	0.46962127	0.36219314	0.24793883	0.24358556	0.0063626547	0.3409768	0.18532453	0.3579004	10	0.34006724	0.20083037	0.78725505	Binding_SOS	0.20474121	0.12091213	0.47397554
C184G	C184G	184	184	-0.2551936	-0.09337027	-0.32843673	-0.33419973	-0.2786011	-0.16625164	-0.27424926	-0.13152152	-0.31157202	-0.044594597	10	-0.22179905	0.104503214	0.40965262	Binding_SOS	-0.13353655	0.06291731	0.24663585
C184H	C184H	184	184	-0.64830726	-0.74516785	-0.45252648	-0.81236774	-0.7118751	-0.5592155				-0.58917385	7	-0.64551914	0.122507475	0.48022932	Binding_SOS	-0.3886419	0.07375697	0.28912732
C184I	C184I	184	184			0.15782529	0.23207898	0.13938247	0.5382318	1.1246221	0.59291154	0.623792		7	0.48697773	0.34959373	1.3704075	Binding_SOS	0.29319027	0.21047674	0.82506883
C184L	C184L	184	184		0.09597967	0.11222329	-0.3926902	-0.08146613	0.17208569	0.4031326	0.19756143	-0.03138962		8	0.059429582	0.23498896	0.9211567	Binding_SOS	0.035780232	0.14147767	0.5545925
C184R	C184R	184	184	-0.08427423	0.5025054	-0.008212102	-0.13251764	-0.109569356	0.06431067	-0.15135296	-0.24192752	-0.06858568	0.21935943	10	-0.0010263935	0.21797863	0.8544762	Binding_SOS	-0.00061795145	0.13123642	0.5144468
C184S	C184S	184	184	-0.07868364	0.28509876	0.29701826	0.14429606	0.16512051	0.09894198	-0.03342103	0.27919948	0.15491949	-0.021343134	10	0.12911467	0.13759314	0.5393651	Binding_SOS	0.0777349	0.08283946	0.3247307
C184T	C184T	184	184	0.29570743	0.26039404	0.20328051	0.4197872	0.42087978				0.22267866	0.49416205	7	0.33098426	0.11318123	0.44367045	Binding_SOS	0.1992727	0.068142004	0.26711667
C184V	C184V	184	184	0.47810453	0.6630518	0.37612435	0.47376597	0.57602936	0.40093505	0.41039312	0.59044814	0.54325545	1.1044649	10	0.5616573	0.21190563	0.83067006	Binding_SOS	0.33815193	0.1275801	0.500114
C184W	C184W	184	184	0.6478996	0.7563113	0.5913958	0.23793307	0.3610054	0.5060682	0.5066862	0.43635663	0.95852196	0.87628394	10	0.5878462	0.2267441	0.8888369	Binding_SOS	0.35391927	0.13651377	0.53513396
C184Y	C184Y	184	184	0.3256815	0.371165	0.26080042	0.28084674	0.43522337	0.19834605	0.4860327	0.54161334	0.68796605	0.4608133	10	0.40484887	0.14745142	0.57800955	Binding_SOS	0.2437437	0.08877474	0.34799698
C50A	C50A	50	50	-0.10462033	0.20929882	-0.08085348	-0.1810228	-0.12424201	-0.19141753	-0.11420626	-0.11363219	-0.18122716	0.16545992	10	-0.071646295	0.14180519	0.5558763	Binding_SOS	-0.043135438	0.08537537	0.33467144
C50D	C50D	50	50	-0.07631497	0.19455421	0.13111918	-0.22013745	0.094384715	0.0933121	0.16630575	0.4963303	0.20583698	0.11488331	10	0.12002741	0.18632297	0.7303861	Binding_SOS	0.072263815	0.11217779	0.43973693
C50E	C50E	50	50	0.24902129	0.54207885	0.61894614	0.6726276	0.62578034	0.5248557	0.43656313	0.39938346	0.61155266	0.40835088	10	0.508916	0.1330599	0.5215948	Binding_SOS	0.30639848	0.08011018	0.3140319
C50F	C50F	50	50	0.24009715	0.118297376	0.047151722	0.17007416	0.3452031	0.34088314	0.30433545	0.23579812	0.17170641	0.33376792	10	0.23073146	0.10268117	0.4025102	Binding_SOS	0.1389144	0.061820325	0.24233568
C50G	C50G	50	50	0.09381227	0.12526931	0.05509627	0.07738278	0.08670934	0.094847605	0.12330347	0.048158813	0.10131592	0.11256675	10	0.09184625	0.026105082	0.10233192	Binding_SOS	0.055297043	0.01571685	0.061610058
C50H	C50H	50	50	0.28623012	0.6019404	0.9171319	0.6217571	0.42482528	0.28739768	0.53096145	0.9035098	0.68764037	0.5016961	10	0.57630897	0.22023323	0.8633143	Binding_SOS	0.34697315	0.13259384	0.5197679
C50I	C50I	50	50	0.5251352	1.109036	1.1694622	0.9982353	0.7495071	0.855212	0.9845912	0.9406099	0.86619735	0.9386752	10	0.9136661	0.1827899	0.71653646	Binding_SOS	0.55008274	0.11005067	0.43139863
C50K	C50K	50	50	0.98432434	1.0158124	1.0827818	1.2259187	0.7598467	0.8866427	0.79757375	0.619025	0.9784521	0.79427505	10	0.91446525	0.1778435	0.69714653	Binding_SOS	0.5505638	0.10707263	0.4197247
C50L	C50L	50	50	0.85424095	0.6901719	0.4950832	0.5420314	0.5087393	0.6480032	0.45039174	0.68864113	0.544768	0.56383646	10	0.59859073	0.1212658	0.47536194	Binding_SOS	0.36038813	0.0730094	0.28619686
C50M	C50M	50	50	0.28087622	0.5324907	0.25121272	0.465556	0.6163569	0.26345927	0.35817397	0.28848597	0.43660355	0.5052981	10	0.39985135	0.12920494	0.5064834	Binding_SOS	0.24073489	0.077789254	0.30493388
C50N	C50N	50	50	0.4873174	0.6046863	0.16304596	-0.07269308	0.35472885	0.41374364	0.5456853	0.07300849	0.250914	0.22538981	10	0.30458266	0.2163237	0.84798896	Binding_SOS	0.18337733	0.13024005	0.510541
C50P	C50P	50	50	0.44909877	0.4727912	0.27875298	0.5587448	0.29962438	0.11932378	0.35374087	0.2264716	0.3123841	0.33681142	10	0.3407744	0.12706473	0.49809378	Binding_SOS	0.20516697	0.07650072	0.29988283
C50Q	C50Q	50	50	0.6343408	0.63826585	0.3783971	0.59114087	0.9031081	0.63633573	0.822212	0.53041625	0.83194375	0.3911623	10	0.6357323	0.17760378	0.6962068	Binding_SOS	0.38274962	0.106928304	0.41915897
C50R	C50R	50	50	0.6146915	0.67820776	0.7015614	0.72616416	0.8735876	0.63047665	0.64181596	0.6321675	0.56440544	0.7860429	10	0.6849121	0.09122929	0.3576188	Binding_SOS	0.41235885	0.054925594	0.21530834
C50S	C50S	50	50	0.17237821	0.15940613	0.115052834	0.17019574	0.15795238	0.20684509	0.14941934	0.13813454	0.16458574	0.0058500357	10	0.14398201	0.05404109	0.21184108	Binding_SOS	0.08668595	0.032536034	0.12754126
C50T	C50T	50	50	0.54233927	0.07923853	0.2351623	0.31706747	-0.14036751	0.2278102	0.44803053	0.33740294	0.1817933	0.3627147	10	0.25911918	0.19310321	0.7569646	Binding_SOS	0.15600555	0.1162599	0.4557388
C50V	C50V	50	50	0.22529185	0.2392713	0.087280944	0.26552922	0.45819092	0.26239082	0.43102846	0.22091965	0.15781365	0.45167908	10	0.2799396	0.12682761	0.49716425	Binding_SOS	0.1685407	0.07635795	0.29932317
C50W	C50W	50	50	0.01974422	0.02812541	0.04139526	0.16347817	0.10427012	0.018490847	0.22355439	0.007541972	0.11953115	0.11241802	10	0.08385496	0.07263006	0.28470984	Binding_SOS	0.050485797	0.043727726	0.17141269
C50Y	C50Y	50	50	-0.061243646	-0.15281731	0.060099434	0.18136026	0.0319241	0.09157899	-0.041884128	-0.049492814	0.19470276	0.06800119	10	0.032222882	0.11023574	0.4321241	Binding_SOS	0.01940014	0.06636864	0.26016507
C79A	C79A	79	79	0.38411495	0.3456575	0.25265327	0.25592726	0.27000314	0.29181114	0.3235653	0.348374	0.4042696	0.37601218	10	0.32523885	0.05526331	0.21663219	Binding_SOS	0.19581363	0.033271883	0.13042578
C79D	C79D	79	79	0.59876186	0.6909107	1.0445446	0.759654	0.27695605	0.7559179	0.2659242	0.24873346	0.36561927	0.459484	10	0.5466506	0.26692814	1.0463583	Binding_SOS	0.329117	0.16070701	0.6299715
C79E	C79E	79	79	1.0173357	0.8239205	0.64144063	0.6809964	0.5300624	0.70802695	0.63703984	1.0462755	0.8798581	0.6965944	10	0.766155	0.17037804	0.66788197	Binding_SOS	0.46127203	0.10257797	0.40210566
C79F	C79F	79	79	-0.3587518	-0.49435467	-0.27504376	-0.37486494	-0.38134575	-0.44886604	-0.43131146	-0.4190177	-0.505514	-0.27645636	10	-0.39655265	0.079725504	0.312524	Binding_SOS	-0.23874888	0.047999613	0.18815848
C79G	C79G	79	79	0.51712793	0.5957577	0.5057938	0.47997442	0.466719	0.5466459	0.60987794	0.5696824	0.55552065	0.48090544	10	0.53280056	0.050330207	0.19729441	Binding_SOS	0.32077843	0.030301854	0.11878327
C79H	C79H	79	79	-0.35141188	0.11940292	-0.15625177	0.012495233	0.06117873	0.2334872	-0.25977448	0.053385276	-0.2550468	-0.086524434	10	-0.062906	0.18969966	0.7436227	Binding_SOS	-0.037873246	0.11421076	0.4477062
C79I	C79I	79	79	-0.009745045	-0.36604708	-0.41295168	-0.14166579	-0.009707028	-0.1378405	-0.2112656	-0.12756763	-0.2455469	0.06452461	10	-0.15978125	0.15414308	0.6042409	Binding_SOS	-0.09619805	0.09280353	0.36378986
C79K	C79K	79	79	0.5310166	0.07765072	0.6332463	0.9275579	0.809652	1.7982562	0.7004957	1.1991228	0.20862094	0.7745597	10	0.76601785	0.48794985	1.9127635	Binding_SOS	0.46118945	0.29377556	1.1516002
C79L	C79L	79	79	-0.17203623	-0.20684634	-0.14994507	-0.13498178	-0.23426282	-0.1348167	-0.38375795	-0.14282863	-0.11844853	-0.20422928	10	-0.18821533	0.078386374	0.30727458	Binding_SOS	-0.1133171	0.04719338	0.18499805
C79M	C79M	79	79	-0.00027621674	-0.11079266	-0.24980743	-0.24728313	-0.107530236	-0.14781222	0.015036363	-0.15794009	-0.16743971	-0.19731772	10	-0.1371163	0.090290695	0.35393953	Binding_SOS	-0.08255237	0.054360505	0.21309319
C79N	C79N	79	79	0.09513577	0.040092595	0.9239421	0.74009764	0.44836444	0.810572	0.555489	0.66561097	0.27064857	-0.07585953	10	0.44740933	0.34944233	1.3698139	Binding_SOS	0.2693677	0.21038559	0.82471156
C79P	C79P	79	79	1.1513505	1.0876678	0.6352158	0.99924105	1.0649947	1.0459207	1.508548	0.54631263	1.9242148	1.120048	10	1.1083515	0.39237615	1.5381145	Binding_SOS	0.66729516	0.23623437	0.92603874
C79Q	C79Q	79	79	0.38278002	0.5536887	0.32458258	0.6200397	0.5325294	0.28832427	0.70083296	0.5691584	0.24717864	0.24920194	10	0.44683164	0.16711105	0.6550754	Binding_SOS	0.2690199	0.100611046	0.39439532
C79R	C79R	79	79	0.7962805	0.9614915	0.9887073	0.83991337	0.86557907	0.78910625	0.8949884	0.92884284	1.1480206	1.251188	10	0.9464118	0.1504306	0.589688	Binding_SOS	0.5697976	0.09056839	0.35502812
C79S	C79S	79	79	0.7728254	0.6744375	0.5167395	0.842971	0.73521703	0.6592902	0.77933866	0.86512524	0.8801657	0.87238604	10	0.7598496	0.11680822	0.45788825	Binding_SOS	0.45747578	0.07032567	0.27567664
C79T	C79T	79	79	0.8870125	0.8409062	0.9276065	0.809582	1.008575	0.68605924	0.86457616	0.9382171	0.98538285	0.77760035	10	0.8725518	0.098663695	0.3867617	Binding_SOS	0.5253294	0.05940156	0.23285413
C79V	C79V	79	79	0.00656361	-0.28020757	-0.14428137	-0.19091488	-0.11126191	-0.20455217	-0.107820734	-0.12411969	-0.26972064	-0.24838823	10	-0.16747037	0.08885663	0.348318	Binding_SOS	-0.10082737	0.05349711	0.20970868
C79W	C79W	79	79	-0.27823249	-0.21465077	-0.12136607	-0.32178405	-0.23431349	-0.17383474	-0.3722972	-0.2698531	-0.11570216	-0.2711242	10	-0.23731582	0.083011046	0.3254033	Binding_SOS	-0.14287859	0.049977712	0.19591263
C79Y	C79Y	79	79	-0.21033888	-0.21695949	-0.26633593	-0.36171666	-0.4405768	-0.40222177	-0.38189557	-0.34079137	-0.26798135	-0.14179839	10	-0.30306163	0.096849374	0.37964955	Binding_SOS	-0.18246159	0.058309227	0.22857217
D104A	D104A	104	104	-0.03568031	0.128004	-0.06642495	0.18651001	0.17542231	0.057428665	0.013907751	0.25447842	0.019778904	0.071650855	10	0.08050757	0.103596695	0.40609905	Binding_SOS	0.048470464	0.062371526	0.24449639
D104C	D104C	104	104	0.7780092	0.5519378	0.82874876	0.3573086	0.53310907	0.7205729				0.67468864	7	0.6349107	0.16395205	0.642692	Binding_SOS	0.38225496	0.09870913	0.3869398
D104E	D104E	104	104	0.030566718	0.025471615	-0.07860506	-0.06712407	0.012464437	0.16602623	0.12822916	0.20443377	0.052873783	-0.07424692	10	0.040008966	0.10029099	0.3931407	Binding_SOS	0.024087837	0.060381293	0.23669468
D104G	D104G	104	104	-0.1859641	-0.17755862	-0.30306298	-0.18429506	-0.24379501	-0.22976506	-0.13489416	-0.16079634	-0.11494451	-0.17021172	10	-0.19052874	0.05514993	0.21618773	Binding_SOS	-0.114709914	0.03320362	0.1301582
D104I	D104I	104	104	-0.6458552	0.068576254	0.08215328	-0.008203741				-0.2078161	-0.6482115	-0.10858962	7	-0.20970666	0.31516325	1.23544	Binding_SOS	-0.1262562	0.1897475	0.7438102
D104K	D104K	104	104	0.3662235	0.19235058	0.34236366	0.18421236	0.6799087	0.61665905	0.5467996	0.23823537	0.5900683	0.23426978	10	0.3991091	0.19169937	0.75146157	Binding_SOS	0.240288	0.11541471	0.45242566
D104M	D104M	104	104				0.6263463	0.0012951756	0.31214008	1.148016	0.36650026	0.21454538	0.45369625	7	0.44607708	0.36537257	1.4322605	Binding_SOS	0.2685656	0.21997656	0.86230814
D104P	D104P	104	104	0.23396015	0.009226502	0.43633893	-0.061419547	0.6999073	0.41284755	0.16045856	-0.12314808	-0.11114695	-0.23745584	10	0.14195685	0.30137345	1.181384	Binding_SOS	0.08546668	0.1814452	0.7112652
D104Q	D104Q	104	104	0.17780255	0.03722031	-0.12491767	0.47217938	0.16760528	0.28374305	0.6666538	0.47955284	0.37151653	0.6219976	10	0.31533536	0.2549724	0.9994918	Binding_SOS	0.18985112	0.15350893	0.601755
D104R	D104R	104	104	1.2742639	0.5288848	0.88140625	0.3198721	0.61952376	0.56194985	0.2039241	0.4026345	0.76308167	1.2254602	10	0.6781001	0.36083364	1.4144679	Binding_SOS	0.4082576	0.21724385	0.85159594
D104S	D104S	104	104	0.07748586	0.36407518	0.26630092	0.3200853	0.24094819	0.21198376	0.2985508	0.34759152	0.21469688	0.32744345	10	0.2669162	0.08546775	0.33503357	Binding_SOS	0.16069981	0.051456794	0.20171064
D104T	D104T	104	104	0.3449931	0.32404152	0.32457998	0.5067471	0.3503304	0.37614414	0.4678216	0.49021173	0.19014968	0.17687939	10	0.35518986	0.1132319	0.44386905	Binding_SOS	0.21384595	0.06817251	0.26723623
D104V	D104V	104	104	0.6051441	0.3930572	0.35035482	0.42267826	0.37346402	0.4791495	0.3972043	0.48835146	0.410187	0.3981711	10	0.43177614	0.07446379	0.29189807	Binding_SOS	0.25995556	0.04483174	0.17574044
D104W	D104W	104	104	0.7702082	0.97821224	0.9657245	0.41609088	0.8823109	0.48626095	0.9129363	0.7208224	0.9392206	0.4856019	10	0.75573885	0.21867456	0.85720426	Binding_SOS	0.45500088	0.13165541	0.5160892
D107A	D107A	107	107	0.015194936	-0.05456303	-0.112456314	-0.092329845	0.11156292	-0.28307402	0.021434171	0.100005016	0.26231253	-0.057698	10	-0.008961163	0.1486049	0.5825312	Binding_SOS	-0.0053951666	0.08946921	0.3507193
D107C	D107C	107	107	0.18057013	0.13920037	0.30310795	-0.043984827	0.093134865	0.3127942	0.06634237	0.096664235	0.29954985	0.33709228	10	0.17844714	0.12951984	0.5077178	Binding_SOS	0.10743606	0.077978835	0.30567703
D107E	D107E	107	107	0.06421736	-0.15145348	0.032690648	-0.060619798	0.24404502	0.06736371	0.095982164	0.061774172	0.25143647	0.36682016	10	0.09722564	0.15354297	0.6018884	Binding_SOS	0.058535766	0.09244223	0.36237356
D107F	D107F	107	107	0.19728622	-0.09900461	0.024888916	0.2111267	0.1504651	0.15840559	0.11317566	-0.00056910294	0.054663707	0.17010903	10	0.09805472	0.100131445	0.39251527	Binding_SOS	0.05903492	0.060285237	0.23631813
D107G	D107G	107	107	-0.03985901	0.059941866	-0.06993872	0.112808846	0.03845118	0.15472618	-0.02169697	0.09223694	0.0044690063	-0.023595175	10	0.030754412	0.073268525	0.2872126	Binding_SOS	0.01851603	0.04411212	0.17291951
D107H	D107H	107	107	-0.20479429	-0.31282768	-0.5337208	0.20632054	0.56806004			-0.48315582	-0.064329304	-0.28435874	8	-0.13860077	0.36929983	1.4476553	Binding_SOS	-0.083446115	0.22234102	0.8715768
D107I	D107I	107	107	0.37797734	-1.0276686	0.33323556	0.27196762	0.34484643	0.11306648	0.3151728	0.28984007	0.15679431	0.33691067	10	0.15121427	0.4227505	1.657182	Binding_SOS	0.09104021	0.25452158	0.9977246
D107K	D107K	107	107	0.2987824	0.46558776	0.09491963	0.45454985	0.10524125	0.6226243	0.20378272	0.113049686	0.41918355	0.4979374	10	0.32756585	0.19013888	0.7453444	Binding_SOS	0.19721462	0.1144752	0.44874278
D107L	D107L	107	107	0.34072378	0.61721873	0.2174723	0.31855476	0.37439716	0.3641017	0.39899978	0.45419812	0.5682564	0.5099604	10	0.41638833	0.12167612	0.47697037	Binding_SOS	0.25069118	0.07325644	0.28716525
D107M	D107M	107	107	-0.27373192	-0.66791075	0.31016922	-0.34049532	-0.16740012	-0.32947445	-0.1444584	-0.100697555	0.11943489	-0.18510254	10	-0.1779667	0.26511353	1.039245	Binding_SOS	-0.10714681	0.15961452	0.6256889
D107N	D107N	107	107	0.14552812	0.09649077	0.0892746	0.06125624	0.043585647	-0.06984256	0.17585339	0.057230074	-0.14171392	-0.0092798425	10	0.044838257	0.096178554	0.37701994	Binding_SOS	0.026995365	0.057905354	0.22698899
D107P	D107P	107	107	0.09789226	1.1892408				1.2367191	1.312667	1.3677021	1.2424256	1.0029587	7	1.0642294	0.44130734	1.7299248	Binding_SOS	0.640731	0.26569393	1.0415202
D107Q	D107Q	107	107	-0.22192396	-0.3620302	-0.14228506	-0.3874207	0.31205517	0.8027048	0.53602284	0.048080776	-0.11027438	0.023632308	10	0.04985616	0.39013734	1.5293385	Binding_SOS	0.030016448	0.23488647	0.92075497
D107R	D107R	107	107	0.35274297	-0.031623766	0.0011718796	0.057149205	0.17556782	0.044932537	-0.11136166	0.20478728	0.22945648	0.19221635	10	0.111503914	0.14186986	0.5561299	Binding_SOS	0.06713215	0.085414305	0.3348241
D107S	D107S	107	107	0.32254168	0.19296715	0.102993526	0.35140324	0.23801106	0.21244211	0.26810303	0.24556036	0.31455168	0.61275905	10	0.2861333	0.1354069	0.53079504	Binding_SOS	0.17226969	0.08152321	0.319571
D107T	D107T	107	107	0.65513605	0.29057893	0.28598586	0.53881985	0.5729097	0.3887145	0.20206401	0.38613167	0.2232321	0.4057535	10	0.3949326	0.15266408	0.5984432	Binding_SOS	0.23777351	0.09191308	0.3602993
D107V	D107V	107	107	0.39307246	0.23384812	0.20396161	0.37997007	0.24791165	0.31137273	0.083211794	0.3672032	0.14011373	0.33748442	10	0.26981497	0.105867006	0.41499868	Binding_SOS	0.16244507	0.06373839	0.24985449
D107W	D107W	107	107	0.8245065	0.7136668	0.55792296	0.76956856	0.8280658	0.6079022	0.61911863	0.8280643	0.54198	0.6949454	10	0.6985742	0.11230661	0.44024193	Binding_SOS	0.42058426	0.06761543	0.26505247
D107Y	D107Y	107	107	0.18704309	0.093504705	0.18037485	-0.029815108	0.13503502	0.097653404	0.012050259	0.11401273	-0.02987645	0.46059608	10	0.122057855	0.14225453	0.55763775	Binding_SOS	0.07348627	0.0856459	0.33573192
D118A	D118A	118	118	-0.21251133	-0.3951075	-0.25275046	-0.54878885	-0.62770724	-0.31418452	-0.54525316	-0.73112226	-0.8116038	-0.43579322	10	-0.48748222	0.20086458	0.78738916	Binding_SOS	-0.29349402	0.12093273	0.4740563
D118C	D118C	118	118	-0.5997715	-0.728269	-1.0900183	-0.5344546	-0.24145399	0.16280794	-0.18743728	-0.4772025	-0.6299626	-0.6600003	10	-0.49857622	0.34289867	1.3441628	Binding_SOS	-0.30017328	0.2064459	0.80926794
D118E	D118E	118	118	-0.012458801	-0.09669079	-0.05658664	-0.05142727	0.05722526	-0.0048718587	-0.062083635	0.0046451213	0.03267411	0.07151735	10	-0.011805716	0.05508997	0.21595268	Binding_SOS	-0.0071077608	0.03316752	0.13001667
D118F	D118F	118	118	0.6651625	-0.38856325	0.45856053	-0.51503795	-0.6414016	-0.35463822	-0.7390407	0.46943957	-0.6226943	-0.37274367	10	-0.20409569	0.5252321	2.05891	Binding_SOS	-0.12287805	0.31622174	1.2395892
D118G	D118G	118	118	-0.33909544	-0.3759091	-0.49671137	-0.41456646	-0.23726617	-0.29600492	-0.23249017	-0.4348835	-0.5477979	-0.22353043	10	-0.35982555	0.11415125	0.4474729	Binding_SOS	-0.21663693	0.06872601	0.26940596
D118H	D118H	118	118	-0.66363186	-0.469522	0.021096496	-0.16895604	-0.12989052	-0.08539424	-0.62718135	-0.4476627	-0.51359814	-0.5071387	10	-0.35918793	0.24462774	0.9589408	Binding_SOS	-0.21625304	0.14728081	0.5773408
D118I	D118I	118	118	1.4677721	0.92257655	0.72516835	0.48212323	0.9872737	1.0164021	0.031124968	0.82586676	0.8124785	-0.11271128	10	0.71580756	0.47183368	1.849588	Binding_SOS	0.4309598	0.28407264	1.1135647
D118K	D118K	118	118	-0.05336532	0.26579475	-0.46621013	0.09344629	0.060238514	0.51018804	-0.05876478	0.22712448	0.0166439	0.08964836	10	0.06847441	0.25385135	0.99509734	Binding_SOS	0.041225772	0.152834	0.5991093
D118L	D118L	118	118	0.29459095	0.25348064	-0.019188141	0.36574146	-0.257973	-0.3181414	0.058923133	0.6173822	-0.2036898	-0.21601376	10	0.057511233	0.3149328	1.2345365	Binding_SOS	0.03462527	0.18960874	0.7432663
D118M	D118M	118	118	0.52161413	1.1026094	0.61742336	0.874616	0.26675314	0.16168934	0.47943884	0.34857282	1.326986	0.8321047	10	0.6531807	0.37557328	1.4722472	Binding_SOS	0.3932546	0.22611801	0.88638264
D118N	D118N	118	118	-0.34459063	-0.10296249	-0.3807505	-0.3223822	-0.067980625	-0.23902793	-0.03138736	-0.113064185	-0.27310544	-0.14787965	10	-0.20231311	0.12513044	0.49051136	Binding_SOS	-0.121804826	0.07533616	0.29531774
D118P	D118P	118	118	1.1856416	0.19584359	-0.05869925	-0.43984807	0.49000338	0.92590827	0.23607038	0.7881	0.9093646	0.84867984	10	0.50810647	0.5143208	2.0161376	Binding_SOS	0.30591106	0.30965248	1.2138377
D118Q	D118Q	118	118	-0.3940165	-0.8256143	-0.38766178	-1.0520482	0.27294746	0.003940231	-0.5038754	-1.1545538	-0.0044261976	0.46412537	10	-0.35811827	0.5465366	2.1424236	Binding_SOS	-0.21560903	0.32904837	1.2898697
D118R	D118R	118	118	0.28600967	0.5005111	0.238607	0.5481863	0.21063355	0.4038469	-0.034418862	-0.14285587	0.22180885	0.09143811	10	0.23237666	0.22019602	0.8631684	Binding_SOS	0.13990492	0.13257143	0.51968
D118S	D118S	118	118	-0.73156685	-0.48043117	-0.7983938	-0.41489726	-0.4731007	-0.66687024	-0.918179	-0.20197855	-0.81209016	-0.71140975	10	-0.62089175	0.22072944	0.8652594	Binding_SOS	-0.3738147	0.13289258	0.52093893
D118T	D118T	118	118	-0.024890209	-0.286184	-0.40499035	-0.20166235	-0.1894497	-1.0512174	-0.87628293	-0.37773404	-0.40439013	-0.52990514	10	-0.43467063	0.3151111	1.2352356	Binding_SOS	-0.26169822	0.1897161	0.74368715
D118V	D118V	118	118	0.28040665	0.4208632	-0.124866255	0.30440694	0.14653876	0.010113062	-0.027694268	-0.27146092	0.6093765	0.30580083	10	0.16534844	0.26905093	1.0546796	Binding_SOS	0.099549845	0.16198507	0.6349815
D118W	D118W	118	118	-0.18119508	0.2584237	0.2562289	0.5058001	-0.14153577	0.12428114	-0.25483388	-0.20186977	-0.15607992	-0.06963196	10	0.013958747	0.2559367	1.0032719	Binding_SOS	0.0084040165	0.15408951	0.6040309
D118Y	D118Y	118	118	-0.22687796	-0.28051952	-0.30327642	-0.009921366	0.06085653	-0.11098173	-0.00351465	-0.311112	-0.19880703	-0.3109412	10	-0.16950953	0.14295965	0.56040186	Binding_SOS	-0.10205507	0.086070426	0.3373961
D125A	D125A	125	125	0.1302262	0.03035332	-0.04362391	-0.03951572	0.015039108	0.031244367	0.025823925	0.02190405	0.02140435	0.07412008	10	0.026697576	0.050020106	0.19607882	Binding_SOS	0.016073568	0.030115154	0.1180514
D125C	D125C	125	125	-0.045014746	-0.04842493	-0.025031287	-0.010922098	-0.016975857	-0.05797872	-0.0037672825	-0.035514817	-0.09511866	-0.04068834	10	-0.037943672	0.026558617	0.10410978	Binding_SOS	-0.022844404	0.015989907	0.06268044
D125E	D125E	125	125	0.065482765	0.034124117	-0.06639699	0.039931044	0.01805016	-0.0067289863	-0.09240838	0.077771574	0.07112672	0.1831323	10	0.032408435	0.077822946	0.30506596	Binding_SOS	0.019511854	0.046854157	0.1836683
D125F	D125F	125	125	0.20638123	0.10297892	0.15704434	0.09544725	0.12852992	0.19963612	0.15366118	0.10150216	0.104295745	0.1333209	10	0.13827978	0.040413197	0.15841974	Binding_SOS	0.08325286	0.024331208	0.09537834
D125G	D125G	125	125	0.027310776	0.008906696	-0.04671312	0.059777312	-0.026166877	0.03013444	0.017625079	0.041654322	0.020369306	0.06284819	10	0.019574612	0.034564458	0.13549268	Binding_SOS	0.01178511	0.020809911	0.08157485
D125H	D125H	125	125	0.04302375	0.07307482	-0.080272876	0.14206766	0.08705258	0.13490264	0.035619568	0.1898559	0.0629025	-0.030991228	10	0.06572352	0.08071223	0.31639194	Binding_SOS	0.039569568	0.048593685	0.19048725
D125I	D125I	125	125	0.09396035	0.069679625	0.062128413	0.15013319	0.03863287	0.17099568	0.10444537	0.06397675	0.07862978	0.05460081	10	0.08871829	0.042520773	0.16668144	Binding_SOS	0.05341382	0.025600098	0.100352384
D125K	D125K	125	125	0.038323652	0.02452842	-0.11224398	-0.014105034	0.016497694	-0.004881729	0.02141974	-0.086171485	-0.07248169	0.10785984	10	-0.008125458	0.06606012	0.25895566	Binding_SOS	-0.004892021	0.03977222	0.15590711
D125L	D125L	125	125	0.088482	0.04673088	-0.06579598	0.010633521	0.053551495	0.081177615	0.018487154	0.06196292	0.031244973	0.042814802	10	0.036928937	0.04379962	0.17169452	Binding_SOS	0.022233471	0.026370041	0.10337056
D125M	D125M	125	125	0.020308623	0.047572173	0.009460733	0.099316396	0.083932415	0.12507376	0.09144711	0.13261653	0.07380198	0.012271257	10	0.0695801	0.045276966	0.1774857	Binding_SOS	0.041891463	0.027259495	0.106857225
D125N	D125N	125	125	0.07067233	0.041381683	0.13345921	0.108233765	0.07349292	0.12560879	0.10819379	-0.041751746	0.09875702	0.049310062	10	0.07673579	0.05181317	0.20310763	Binding_SOS	0.046199623	0.031194687	0.122283176
D125P	D125P	125	125	0.1514348	0.14925288	0.086242296	0.12405172	0.09302761	0.14369997	0.10947127	0.20211762	0.26427165	0.11382354	10	0.14373933	0.054119345	0.21214783	Binding_SOS	0.08653984	0.032583144	0.12772593
D125Q	D125Q	125	125	0.07767138	0.021379268	-0.0063219825	0.07286156	0.16802059	0.24954535	0.2139811	0.36895037	0.090792716	0.12685083	10	0.1383731	0.114075035	0.44717413	Binding_SOS	0.08330905	0.06868013	0.2692261
D125R	D125R	125	125	0.23780437	0.1859826	0.12879094	0.1173065	0.16406515	0.086939596	0.15361325	0.20324329	0.11024517	0.24038312	10	0.16283742	0.05338222	0.20925832	Binding_SOS	0.098038055	0.032139353	0.12598626
D125S	D125S	125	125	0.06799354	0.006476044	-0.03366279	0.0070254453	0.04307151	0.058494095	0.050816454	0.0053407224	0.037860498	0.0816173	10	0.03250328	0.0353794	0.13868724	Binding_SOS	0.019568957	0.021300554	0.08349817
D125T	D125T	125	125	0.049732316	0.0113956835	-0.030391784	0.08502724	0.086903416	0.08929611	0.058353934	0.064319186	0.05252659	0.0479289	10	0.05150916	0.037041843	0.14520402	Binding_SOS	0.031011656	0.022301449	0.08742168
D125V	D125V	125	125	0.04002428	-0.0063409572	-0.0048122	0.085754335	0.084847994	0.10684889	0.08868444	0.08704951	0.054812357	-0.007955561	10	0.052891307	0.04493243	0.17613512	Binding_SOS	0.031843793	0.027052062	0.106044084
D125W	D125W	125	125	0.0021601308	-0.041318823	0.074023336	0.061537717	0.07354457	0.052849032	-0.0010435686	0.17972651	0.019886976	-0.014209611	10	0.040715627	0.06280708	0.24620377	Binding_SOS	0.02451329	0.037813693	0.14822967
D125Y	D125Y	125	125	0.0048664804	-0.02608356	-0.052602828	-0.005888688	0.07323172	0.08091095	0.088167906	0.08164402	0.105050795	0.073492184	10	0.042278897	0.05619043	0.22026649	Binding_SOS	0.025454475	0.033830065	0.13261385
D131A	D131A	131	131	0.06835512	-0.03533667	0.0540712	0.06498397	-0.07654346	0.03305333	-0.056019016	0.04804176	-0.05635428	-0.06781086	10	-0.0023558903	0.06072149	0.23802824	Binding_SOS	-0.0014183896	0.03655804	0.14330752
D131C	D131C	131	131	0.083399355	-0.00613802	0.05045672	0.06054171	0.041277837	-0.0252423	0.20721798	0.15837337	-0.009298469	-0.040570762	10	0.052001752	0.08045523	0.3153845	Binding_SOS	0.031308226	0.048438955	0.18988071
D131E	D131E	131	131	-0.029199969	-0.104403995	0.024956197	-0.15759028	-0.09470321	-0.010212965	0.05359478	0.018619802	0.056941334	-0.02670634	10	-0.026870465	0.07167656	0.28097212	Binding_SOS	-0.016177658	0.04315366	0.16916235
D131F	D131F	131	131	-0.07478448	-0.11680091	-0.19283196	-0.22890775	0.024874285	0.1407264	0.029603032	0.23635113	-0.15242735	-0.025518063	10	-0.035971567	0.14792065	0.57984895	Binding_SOS	-0.021657078	0.08905725	0.34910443
D131G	D131G	131	131	-0.0077744387	-0.066497445	-0.13324897	-0.038285706	-0.08790623	-0.08858088	-0.12649539	-0.01797436	-0.07771349	-0.020497566	10	-0.066497445	0.04452478	0.17453715	Binding_SOS	-0.040035516	0.026806634	0.105082005
D131H	D131H	131	131	0.022090927	-0.16328375	-0.273762	-0.06470234	-0.16591921	0.10733776	-0.16052945	-0.13148427	-0.06972581	-0.13499331	10	-0.10349715	0.10768178	0.42211258	Binding_SOS	-0.062311593	0.064830996	0.25413752
D131I	D131I	131	131	0.048614584	0.13441727	0.032693855	0.11110475	0.21733665	-0.046847217	0.046851553	0.03504308	-0.010044183	-0.026378617	10	0.05427917	0.08029939	0.31477362	Binding_SOS	0.03267937	0.04834513	0.18951291
D131K	D131K	131	131	-0.010457254	0.19211213	0.0734561	0.07539355	-0.015504943	0.18221186	0.04792566	0.22511524	0.05253696	0.065752625	10	0.08885419	0.083429664	0.32704428	Binding_SOS	0.05349564	0.050229743	0.19690059
D131L	D131L	131	131	0.14186761	-0.009521998	-0.07268987	-0.099160485	-0.07243603	-0.0060928585	-0.03745332	0.0683107	-0.02196688	0.025623934	10	-0.00835192	0.07236366	0.28366554	Binding_SOS	-0.005028365	0.043567337	0.17078397
D131M	D131M	131	131	-0.051755924	-0.07481399	-0.021047667	0.012371794	-0.09979657	-0.09372367	-0.16236807	-0.13770305	-0.12235547	-0.09515908	10	-0.084635176	0.05305748	0.20798533	Binding_SOS	-0.050955538	0.03194384	0.12521985
D131N	D131N	131	131	0.028941387	0.08277556	-0.066060334	0.06431241	0.017791148	0.0017480828	-0.10693601	0.021872716	-0.035196234	0.044103798	10	0.0053352527	0.058993436	0.23125428	Binding_SOS	0.0032121474	0.035517644	0.13922916
D131P	D131P	131	131	-0.38463485	-0.3606053	-0.094188	-0.54675215	-0.1928298	-0.30218947	-0.07513423	-0.3577614	-0.43800238	-0.46793023	10	-0.3220028	0.15701257	0.6154893	Binding_SOS	-0.19386531	0.09453114	0.37056208
D131Q	D131Q	131	131	0.044262286	-0.020299703	-0.05282379	0.057831828	0.04310485	-0.035318565	-0.0052778465	-0.029256111	-0.13152441	-0.066771805	10	-0.019607326	0.05812628	0.22785501	Binding_SOS	-0.011804806	0.034995563	0.13718261
D131R	D131R	131	131	-0.12924758	-0.017349217	-0.13160463	-0.02474969	-0.025597654	-0.010461708	-0.15739575	-0.02523332	-0.0028976426	-0.0072338264	10	-0.053177096	0.060457304	0.23699264	Binding_SOS	-0.032015853	0.036398984	0.14268403
D131S	D131S	131	131	-0.087047465	-0.12453025	-0.06405757	-0.09528807	-0.10773337	-0.033880927	0.018293576	-0.0021806504	-0.077054456	-0.07142635	10	-0.06449055	0.045717534	0.17921273	Binding_SOS	-0.038827244	0.027524743	0.107897
D131T	D131T	131	131	0.1856687	0.027945058	0.16116215	0.0876375	0.19307566	0.11512747	0.088279866	0.022214213	-0.0054104165	0.07250682	10	0.09482071	0.069204666	0.2712823	Binding_SOS	0.057087846	0.041665427	0.16332848
D131V	D131V	131	131	0.17200474	0.14290266	0.100272566	0.17361295	0.15936394	0.0938138	-0.01710362	0.097303435	0.0768684	0.1430125	10	0.11420514	0.057825815	0.2266772	Binding_SOS	0.06875846	0.034814667	0.13647349
D131W	D131W	131	131	-0.08783775	-0.31902117	-0.10136745	-0.27506784	-0.16214193	0.0925862	-0.10765524	-0.07234541	0.035243746	0.00214722	10	-0.09954597	0.12878324	0.5048303	Binding_SOS	-0.059932742	0.07753536	0.30393863
D131Y	D131Y	131	131	-0.08424145	-0.036966104	-0.06767084	0.00068684644	0.044441484	0.024983821	0.17198198	0.1540191	0.046665102	0.13266388	10	0.038656384	0.09053914	0.35491344	Binding_SOS	0.0232735	0.054510083	0.21367952
D152A	D152A	152	152	-0.019573327	0.05765815	-0.048259635	0.06934462	0.11592863	0.053791642	0.023357412	0.1336005	0.021710182	0.12187132	10	0.052942943	0.060431127	0.23689002	Binding_SOS	0.03187488	0.036383223	0.14262223
D152C	D152C	152	152	-0.09275044	-0.13258989	-0.087732166	-0.12667361	-0.15512343	0.13012347	-0.1887786	-0.09879291	-0.08698547	-0.011267785	10	-0.08505708	0.089234404	0.34979886	Binding_SOS	-0.051209547	0.053724553	0.21060026
D152E	D152E	152	152	-0.3818288	-0.29746956	-0.29092938	-0.38645247	-0.35638952	-0.33022517	-0.3238548	-0.33378357	-0.15231061	-0.30308756	10	-0.31563315	0.06619845	0.25949794	Binding_SOS	-0.1900304	0.039855506	0.1562336
D152F	D152F	152	152	0.50085235	0.60617954	0.39778605	0.27043903	0.51162636	0.60432863	0.4594111	0.48989668	0.38553163	0.5884846	10	0.4814536	0.107849054	0.4227683	Binding_SOS	0.28986442	0.064931706	0.25453228
D152G	D152G	152	152	0.18754642	0.1628038	0.21206732	0.25986403	0.12380459	0.11210332	0.21214007	0.13024427	-0.016168937	0.16767474	10	0.15520796	0.07566259	0.29659736	Binding_SOS	0.09344466	0.045553494	0.1785697
D152H	D152H	152	152	0.40560457	0.3877746	0.31722403	0.39593807	0.40905568	0.29512477	0.3149718	0.40829107	0.44326556	0.29998854	10	0.36772388	0.054655794	0.21425071	Binding_SOS	0.2213922	0.03290612	0.12899199
D152I	D152I	152	152	0.15239199	0.19404808	0.14728104	0.16390383	0.1294562	0.16699237	0.107086495	0.15278219	0.192638	0.108234815	10	0.15148151	0.030271258	0.11866333	Binding_SOS	0.091201104	0.018225143	0.07144256
D152K	D152K	152	152	0.31369716	0.28406036	0.40971574	0.69086474	0.3961271	0.4600235	0.2530888	0.42283446	0.3537066	0.47482795	10	0.40589467	0.12414321	0.4866414	Binding_SOS	0.24437334	0.07474178	0.2929878
D152L	D152L	152	152	0.08217588	0.03911766	0.03254115	0.093897745	0.062010154	0.14384705	0.080058485	0.056871936	0.15970008	0.17784394	10	0.09280641	0.05092705	0.19963405	Binding_SOS	0.055875115	0.03066119	0.120191865
D152M	D152M	152	152	0.10928771	0.16089568	0.21910271	0.4372702	0.25939572	0.25991172	0.17668028	0.18805069	0.11395854	0.20025304	10	0.21248062	0.09432174	0.36974123	Binding_SOS	0.12792629	0.05678744	0.22260676
D152N	D152N	152	152	0.09803457	0.18220825	0.19410385	0.23436028	0.21129377	0.27760392	0.2675316	0.21689072	0.22107512	0.2679269	10	0.21710292	0.05276547	0.20684065	Binding_SOS	0.13070919	0.03176803	0.12453069
D152P	D152P	152	152	0.2823937	0.021542463	-0.11389777	-0.013251917	0.14017521	0.019306947	0.16489442	0.026281646	0.21505074	0.14575754	10	0.0888253	0.120117575	0.4708609	Binding_SOS	0.05347825	0.07231811	0.283487
D152Q	D152Q	152	152	0.07113663	-0.012743482	0.120269395	-0.08930937	0.0044353367	0.13095656	-0.1459116	-0.27787983	0.004394298	-0.043597862	10	-0.023824994	0.12453655	0.4881833	Binding_SOS	-0.014344099	0.0749786	0.2939161
D152R	D152R	152	152	0.5480822	0.6137193	0.47093287	0.5377728	0.4884044	0.3749176	0.39742458	0.5127856	0.47999424	0.5191014	10	0.49431342	0.07025559	0.27540192	Binding_SOS	0.29760683	0.04229815	0.16580875
D152S	D152S	152	152	0.07567022	0.08231929	0.13480048	0.074748	0.08821468	0.099330805	0.10884805	0.025770562	0.13677867	0.16108716	10	0.09875678	0.03880117	0.1521006	Binding_SOS	0.059457604	0.023360671	0.091573834
D152T	D152T	152	152	-0.02513522	0.03790475	0.03167975	0.014888909	-0.043591466	-0.03648563	0.057559278	0.120614596	0.054138258	0.039926272	10	0.02514995	0.050095536	0.1963745	Binding_SOS	0.015141804	0.030160567	0.11822943
D152V	D152V	152	152	0.07637302	0.14454482	0.14327765	-0.010963733	0.05760807	0.03760993	0.02629623	0.026453862	0.03561097	0.106234714	10	0.06430455	0.052390017	0.20536888	Binding_SOS	0.038715262	0.031541985	0.12364458
D152W	D152W	152	152	0.8514014	0.9393097	0.8199861	0.73946434	0.7164787	0.70946383	0.90947014	0.8510397	0.7916293	0.8281058	10	0.8156349	0.07766751	0.30445665	Binding_SOS	0.49106196	0.046760578	0.18330146
D152Y	D152Y	152	152	0.2869263	0.363163	0.39578754	0.4809102	0.38721728	0.5611032	0.386675	0.21898034	0.4098961	0.33742455	10	0.38280836	0.0947677	0.37148938	Binding_SOS	0.23047397	0.05705593	0.22365926
D153A	D153A	153	153	-0.2205354	-0.07570604	-0.25985056	-0.12828112	-0.08255291	-0.11700028	-0.11526937	-0.18482728	-0.23366153	-0.15736467	10	-0.15750492	0.06461956	0.25330868	Binding_SOS	-0.09482756	0.038904916	0.15250728
D153C	D153C	153	153	-0.05481919	-0.023059728	-0.034960534	0.049764276	-0.096569434	0.029952051	-0.12887445	-0.18193886	0.1528745	-0.09025875	10	-0.03778901	0.09684233	0.37962195	Binding_SOS	-0.022751288	0.058304988	0.22855556
D153E	D153E	153	153	-0.18695047	-0.12334582	-0.21693224	-0.12986451	-0.1384128	-0.15826583	-0.18776934	-0.12340044	-0.10210706	-0.08946585	10	-0.14565143	0.040915642	0.16038932	Binding_SOS	-0.08769104	0.024633711	0.09656415
D153F	D153F	153	153	-0.024459552	-0.06310472	-0.023499694	-0.022730302	-0.12004504	-0.10122375	-0.1924707	-0.15546189	-0.09769775	-0.052818075	10	-0.08535115	0.05869528	0.23008549	Binding_SOS	-0.051386595	0.035338137	0.1385255
D153G	D153G	153	153	-0.0070826462	-0.12509541	-0.027344618	-0.074595325	-0.13029619	-0.09290928	0.00016462072	0.009136062	-0.09747218	-0.0952043	10	-0.06406993	0.052935045	0.20750538	Binding_SOS	-0.038574003	0.031870123	0.12493088
D153H	D153H	153	153	-0.010138986	-0.022156013	0.09431269	0.025819527	0.04219373	-0.020131033	-0.042816404	0.079240374	-0.023881404	0.20622018	10	0.032866266	0.076556616	0.30010194	Binding_SOS	0.019787496	0.04609175	0.18067966
D153I	D153I	153	153	-0.071943894	-0.011492619	-0.117632434	-0.04019062	-0.108857326	-0.25708574	-0.16821007	-0.07432743	-0.10071784	-0.13886315	10	-0.108932115	0.06935246	0.27186167	Binding_SOS	-0.06558377	0.04175441	0.16367729
D153K	D153K	153	153	-0.17157471	-0.22639854	-0.21659896	-0.13087061	-0.10695645	-0.10224003	-0.004499705	-0.09479889	-0.18550587	-0.1981494	10	-0.14375933	0.068835065	0.26983345	Binding_SOS	-0.08655188	0.041442905	0.16245618
D153L	D153L	153	153	-0.13703047	-0.1307005	-0.10206771	-0.06186206	-0.09139454	-0.013716486	-0.13682808	-0.013293287	-0.1473233	-0.06997669	10	-0.09041931	0.049876302	0.19551511	Binding_SOS	-0.054437935	0.030028576	0.11771202
D153M	D153M	153	153	-0.16477032	0.018844733	-0.12221703	-0.15470819	-0.030902673	-0.04572361	-0.09411046	-0.14967814	-0.03970815	-0.16955125	10	-0.09525251	0.0668962	0.2622331	Binding_SOS	-0.057347815	0.040275592	0.15788032
D153N	D153N	153	153	-0.009877121	-0.014133636	-0.045634747	-0.019509064	0.09608737	0.040160514	0.042136736	0.1313101	0.071087934	0.041863352	10	0.03334914	0.056083597	0.21984771	Binding_SOS	0.020078216	0.033765744	0.13236172
D153P	D153P	153	153	-0.5023735	-0.3210944	-0.6046128	-0.64557344	-0.56568545	-0.23985817	-0.3029438	-0.16373685	-0.30677634	-0.27630553	10	-0.392896	0.17019685	0.66717166	Binding_SOS	-0.23654735	0.10246888	0.401678
D153Q	D153Q	153	153	-0.21841574	-0.20653468	-0.21347934	-0.24498093	-0.28781453	-0.05918323	-0.24983272	-0.20522338	-0.12381174	-0.07803123	10	-0.18873075	0.07604767	0.29810685	Binding_SOS	-0.11362742	0.04578533	0.1794785
D153R	D153R	153	153	-0.08172624	-0.060200162	-0.07891343	-0.03319924	-0.050253328	0.097685575	-0.12808777	-0.09345817	-0.08400644	-0.14246231	10	-0.06546216	0.06611538	0.2591723	Binding_SOS	-0.03941221	0.03980549	0.15603752
D153S	D153S	153	153	-0.27049994	-0.2623818	-0.21754618	-0.17799488	-0.21594758	-0.22539541	-0.25503483	-0.22307919	-0.28658286	-0.30833563	10	-0.24427983	0.039073613	0.15316856	Binding_SOS	-0.14707135	0.023524698	0.09221682
D153T	D153T	153	153	-0.12383876	-0.3270431	-0.3696142	-0.34113806	-0.15177137	0.0016240528	-0.17364228	-0.18878543	-0.19681382	-0.19118933	10	-0.20622122	0.11260991	0.44143084	Binding_SOS	-0.12415775	0.06779803	0.2657683
D153V	D153V	153	153	-0.0057179285	0.020874059	-0.019403832	-0.010412218	-0.00027912465	0.1486222	-0.0072750645	0.05973654	0.091054276	0.054325994	10	0.03315249	0.054685645	0.21436773	Binding_SOS	0.01995982	0.032924093	0.12906244
D153W	D153W	153	153	-0.080669746	-0.10145165	-0.15243223	-0.24459095	-0.2720528	-0.22770213	-0.086719625	-0.22744983	-0.034664236	-0.2046616	10	-0.1632395	0.08272563	0.32428446	Binding_SOS	-0.09828013	0.049805872	0.19523902
D153Y	D153Y	153	153	-0.012694764	0.07768534	-0.007850191	0.06573961	0.005657498	0.008342527	0.07259535	-0.1555452	-0.14233378	-0.0020539947	10	-0.00904576	0.08137045	0.31897217	Binding_SOS	-0.005446099	0.048989974	0.1920407
D172A	D172A	172	172	0.46778074	0.53814584	-1.2677358	-1.4199849	-0.1368176	0.5176305	0.46675423				7	-0.11917529	0.86958146	3.4087594	Binding_SOS	-0.07175079	0.52354103	2.052281
D172C	D172C	172	172	-0.12741187	0.3306274	-0.3919035	0.36531693	0.10821276	0.1126873	0.019811694	-0.0665878	-0.2326199	0.22499123	10	0.034312427	0.24376391	0.95555454	Binding_SOS	0.020658173	0.14676073	0.57530206
D172F	D172F	172	172	-0.22814406	-0.21192211	-0.093415566	-0.3135444	-0.25736624	-0.13074659	-0.46477482	-0.2143367	-0.20597033	-0.43923107	10	-0.25594518	0.11997846	0.47031558	Binding_SOS	-0.1540946	0.07223435	0.28315866
D172G	D172G	172	172	0.20986544	0.15229817	0.017576762	-0.18358703	-0.14306864	-0.30698994	0.041257903	0.5251119	0.48246163	-0.28246105	10	0.051246516	0.29433522	1.153794	Binding_SOS	0.030853527	0.17720775	0.6946544
D172I	D172I	172	172		-0.55290514	-0.3020101	-1.1119359	-0.7637543	-0.40973914	-0.2296468	-0.5315594			7	-0.55736434	0.30144927	1.1816812	Binding_SOS	-0.33556733	0.18149084	0.7114441
D172L	D172L	172	172	0.14768301	0.3105236	0.11162139	0.20402277	0.22783022	-0.2222984	-0.19817385	-0.04301247	-0.01817704	-0.015285115	10	0.050473403	0.1794604	0.70348483	Binding_SOS	0.030388067	0.10804611	0.42354074
D172N	D172N	172	172	-0.08078337	0.3528657	0.112063766	-0.24964306	-0.21218978	-0.37010345	-0.12770016	-0.116306625	-0.38791406	-0.35743386	10	-0.1437145	0.23320317	0.91415644	Binding_SOS	-0.0865249	0.14040253	0.5503779
D172P	D172P	172	172	0.5404369	0.60757494	0.569003	0.5253453	-0.92908233				0.11448356	0.54248893	7	0.2814643	0.5593167	2.1925216	Binding_SOS	0.16945867	0.33674276	1.3200316
D172R	D172R	172	172	0.11244406	0.13037711	-0.21124664	0.2597807	0.32259282	0.60101587	0.65468746	0.6896198	-0.2714248	-0.15291211	10	0.21349339	0.35784686	1.4027597	Binding_SOS	0.12853605	0.21544562	0.84454685
D172S	D172S	172	172				-0.03912646	0.0016378385	0.36206248	-0.27104142	0.72820103	-0.30546215	-0.25087774	7	0.03219908	0.38413373	1.5058042	Binding_SOS	0.019385811	0.23127192	0.90658593
D172T	D172T	172	172	-0.3440821	-0.07457457	-0.12996624	-0.06322347	-0.046213813	-0.07764507	-0.15882348	-0.015262032	-0.16449392	-0.17810385	10	-0.12523885	0.09451402	0.37049496	Binding_SOS	-0.075401425	0.056903202	0.22306056
D172V	D172V	172	172	0.418687	-0.037963532	0.1726999	0.25597998	-0.058377422	0.1297984	0.0812965	0.06481334	0.1385579	-0.08998734	10	0.10755048	0.15448172	0.60556835	Binding_SOS	0.064751945	0.093007416	0.36458907
D172W	D172W	172	172				-0.1454302	0.29452345	-0.60611135	-0.13755392	0.25459972	0.012307203	-0.3946205	7	-0.103183664	0.3266894	1.2806225	Binding_SOS	-0.06212286	0.19668694	0.77101284
D172Y	D172Y	172	172	0.43832284	0.3650271	0.10881343	0.09811645	0.59494877	0.49520385	0.21422394	0.3423589	0.3891868	0.8195397	10	0.3865742	0.2205667	0.8646215	Binding_SOS	0.23274125	0.1327946	0.52055484
D29A	D29A	29	29	0.22806002	0.2718745	0.21506764	0.21525727	0.19654325	0.17393582	0.405032	0.3373028	0.15668252	0.30110228	10	0.25008583	0.07817842	0.30645943	Binding_SOS	0.15056692	0.047068175	0.18450725
D29C	D29C	29	29	-0.02842959	0.18909295	0.14896852	-0.017731436	0.08816982	0.01553811	0.039642278	0.17386685	0.22990155	0.14622067	10	0.098523974	0.091925345	0.36034736	Binding_SOS	0.05931744	0.055344664	0.21695109
D29E	D29E	29	29	-0.01444015	-0.08098366	-0.01212755	0.024175346	0.04945642	0.14596693	0.16006163	-0.049063105	-0.010340881	0.033631876	10	0.024633685	0.07777992	0.30489728	Binding_SOS	0.01483098	0.046828255	0.18356676
D29F	D29F	29	29	0.31182948	0.042799134	0.11771536	0.5599655	0.12093717	0.21274318	0.15177962	0.1832042	0.104814924	0.37558964	10	0.21813783	0.1560579	0.61174697	Binding_SOS	0.13133228	0.093956366	0.36830896
D29G	D29G	29	29	0.16770081	0.21819836	0.19146742	0.267786	0.1612678	0.42027953	0.2926036	0.26385495	0.14139327	0.2634788	10	0.23880306	0.08241213	0.32305557	Binding_SOS	0.143774	0.049617127	0.19449914
D29H	D29H	29	29	0.11553641	-0.030331822	-0.27728122	0.058688242	-0.31184894	-0.06215678	-0.035711497	-0.054220073	-0.10026639	0.2868532	10	-0.04107389	0.17492655	0.6857121	Binding_SOS	-0.024728986	0.105316445	0.4128405
D29I	D29I	29	29	0.140673	0.08185052	0.28847548	0.3096465	0.09553877	0.119098365	0.2984249	0.39918938	0.27972102	0.20526277	10	0.22178808	0.10841601	0.42499077	Binding_SOS	0.13352995	0.065273054	0.25587037
D29K	D29K	29	29	0.46548253	0.46896324	0.539636	0.2789146	0.34346396	0.16672175	0.42208448	0.20510295	0.3279854	0.4204595	10	0.3638814	0.12103747	0.4744669	Binding_SOS	0.2190788	0.07287194	0.285658
D29L	D29L	29	29	0.2425844	0.10822068	-0.041851375	0.13683198	-0.0027358623	0.03679004	0.37031412	0.14409132	0.21164815	0.27293667	10	0.14788301	0.12947965	0.50756025	Binding_SOS	0.08903459	0.07795464	0.3055822
D29M	D29M	29	29	-0.20095335	0.16500734	-0.0011602201	-0.2259423	0.09224048	0.08561153	-0.034091685	-0.29900038	0.031899713	0.098259225	10	-0.028812964	0.15896633	0.623148	Binding_SOS	-0.01734716	0.095707424	0.37517312
D29N	D29N	29	29	0.20629793	0.13280863	0.028052477	-0.12563682	0.20653257	0.09658615	-0.099764526	0.0053447015	-0.15693085	-0.012899485	10	0.028039077	0.13151528	0.5155399	Binding_SOS	0.016881235	0.07918022	0.31038645
D29P	D29P	29	29	0.39268517	0.6011351	0.6020432	0.433476	0.43044057	0.5799905	0.59636325	0.5634051	0.4170129	0.4617038	10	0.50782555	0.08747519	0.34290275	Binding_SOS	0.30574194	0.052665398	0.20644836
D29Q	D29Q	29	29	-0.0018470443	0.42142078	0.66226023	0.5845918	0.5398069	0.3090425	0.78707933	0.6293898	0.60293514	0.15693547	10	0.4691615	0.24664272	0.9668395	Binding_SOS	0.28246385	0.14849396	0.58209634
D29R	D29R	29	29	0.22897512	0.2898794	0.22125806	0.26977554	0.32285073	0.35072225	0.3735162	0.2507027	0.19540647	0.23100863	10	0.27340952	0.05946017	0.23308387	Binding_SOS	0.1646092	0.035798647	0.1403307
D29S	D29S	29	29	0.120471194	0.029323252	-0.024595505	0.22368807	-0.0999263	0.06218048	-0.01104541	-0.00092357147	-1.9481886e-05	0.17314851	10	0.047230124	0.09869287	0.38687608	Binding_SOS	0.028435415	0.059419125	0.23292297
D29T	D29T	29	29	-0.015122015	0.16353403	-0.14912032	0.01209404	0.11473419	0.023618605	0.13329981	-0.06927441	-0.009370071	0.02775706	10	0.023215093	0.09493483	0.37214455	Binding_SOS	0.013976902	0.057156555	0.2240537
D29V	D29V	29	29	0.23435421	0.15715168	0.14399907	0.056264497	0.19683936	0.3134842	0.33310625	0.25858217	0.18904515	0.250419	10	0.21332455	0.08282286	0.3246656	Binding_SOS	0.12843439	0.04986441	0.1954685
D29W	D29W	29	29	0.17790526	-0.037114676	0.075736545	0.1942051	0.25470114	0.081063636	0.2720666	0.027169745	0.072808035	0.21088322	10	0.13294247	0.10312754	0.40425995	Binding_SOS	0.08003947	0.062089067	0.24338914
D29Y	D29Y	29	29	-0.049162734	0.23275344	0.1087651	-0.023542486	-0.11514317	0.33875555	0.12741156	-0.1610797	-0.10553946	-0.09462578	10	0.025859227	0.16752264	0.65668875	Binding_SOS	0.015568832	0.100858845	0.39536667
D32A	D32A	32	32	0.19355097	0.17330924	0.12240792	0.19004573	0.19722714	0.18121623	0.32499814	0.11034158	0.094701946	0.18861179	10	0.17764106	0.064217895	0.25173417	Binding_SOS	0.10695075	0.03866309	0.15155931
D32C	D32C	32	32	0.15710457	0.17731613	0.19931585	0.24864404	0.12649873	0.100726664	0.09553261	0.1395696	0.082667544	0.17100759	10	0.14983834	0.05162872	0.20238459	Binding_SOS	0.090211816	0.031083638	0.12184786
D32E	D32E	32	32	0.6223366	0.6837785	0.70649713	0.6871818	0.6911331	0.6153915	0.8007003	0.76183367	0.72757506	0.67998874	10	0.6976417	0.056576055	0.22177814	Binding_SOS	0.42002282	0.034062233	0.13352396
D32F	D32F	32	32	-0.5405307	-0.3807682	-0.54430854	-0.35905385	-0.31988382	-0.37155592	-0.276294	-0.5246884	-0.50752753	-0.4423958	10	-0.42670068	0.09827887	0.3852532	Binding_SOS	-0.25689983	0.059169874	0.2319459
D32G	D32G	32	32	1.1521868	1.0688425	1.0409356	1.1168804	1.1571232	1.4383229	1.3864101	1.2385253	1.2148877	1.33394	10	1.2148054	0.13438644	0.52679485	Binding_SOS	0.7313869	0.08090883	0.3171626
D32H	D32H	32	32	-0.3467136	-0.4035869	-0.5569777	-0.39915332	-0.30660084	-0.37038827	-0.25479138	-0.529623	-0.56156	-0.26245546	10	-0.399185	0.11546833	0.45263585	Binding_SOS	-0.2403337	0.069518976	0.2725144
D32I	D32I	32	32	0.040471844	0.093076505	-0.14214104	-0.0111517375	-0.09627063	0.12836841	-0.04461108	0.044463485	0.051123194	0.15115929	10	0.021448825	0.09498858	0.37235522	Binding_SOS	0.0129135	0.057188917	0.22418056
D32K	D32K	32	32	0.69188654	0.58239037	0.5590448	0.8194598	0.6546846	0.6981534	0.70490247	0.71719724	0.5854956	0.92933846	10	0.6942553	0.11342689	0.4446334	Binding_SOS	0.417984	0.0682899	0.2676964
D32L	D32L	32	32	-0.30625573	-0.34581482	-0.2890886	-0.3550031	-0.3530737	-0.3900743	-0.43089172	-0.40868634	-0.32751426	-0.37149414	10	-0.35778964	0.044259436	0.17349699	Binding_SOS	-0.21541117	0.026646879	0.10445577
D32M	D32M	32	32	-0.35651156	-0.45197734	-0.4331899	-0.490625	-0.41537645	-0.5284482	-0.39916354	-0.5407635	-0.34988055	-0.407966	10	-0.43739018	0.065872714	0.25822103	Binding_SOS	-0.26333556	0.039659392	0.15546481
D32N	D32N	32	32	0.31584373	0.42023882	0.30015716	0.3307582	0.3605382	0.35228992	0.18266162	0.385189	0.20581874	0.40554538	10	0.32590407	0.07914739	0.3102578	Binding_SOS	0.19621412	0.047651555	0.1867941
D32P	D32P	32	32	1.3092191	1.3026451	1.3039833	1.3658644	1.374683	1.171435	1.1768	1.1875823	1.1576076	1.2797855	10	1.2629604	0.08255199	0.3236038	Binding_SOS	0.7603792	0.049701333	0.19482923
D32Q	D32Q	32	32	0.031036587	-0.03782224	-0.105087616	0.24772742	0.0006090538	0.36830768	0.058046006	-0.024071304	0.2211208	0.24017355	10	0.100003995	0.15669344	0.6142383	Binding_SOS	0.060208503	0.094339006	0.3698089
D32R	D32R	32	32	1.119581	1.1581628	1.085881	1.0025012	0.9791382	1.124875	1.1610051	1.1708878	0.9617579	1.0615523	10	1.0825342	0.07816173	0.30639398	Binding_SOS	0.6517516	0.047058128	0.18446787
D32S	D32S	32	32	0.2895461	0.31619224	0.57418346	0.30413926	0.20650071	0.22430502	0.28073856	0.41667667	0.35646263	0.21947698	10	0.31882218	0.11062987	0.4336691	Binding_SOS	0.1919504	0.066605926	0.26109523
D32T	D32T	32	32	0.5057582	0.4883211	0.46996453	0.44488308	0.53655773	0.48923808	0.45591444	0.29339448	0.36019662	0.37356192	10	0.44177905	0.075884394	0.29746684	Binding_SOS	0.26597792	0.04568703	0.17909317
D32V	D32V	32	32	0.24087474	0.31440067	0.30960134	0.40457606	0.2999357	0.3111174	0.34621698	0.25074452	0.24901015	0.33498672	10	0.30614644	0.050402246	0.1975768	Binding_SOS	0.18431883	0.030345226	0.11895329
D32W	D32W	32	32	-0.20436388	-0.20872287	-0.350491	-0.21719283	-0.32409588	-0.25320858	-0.21404889	-0.27199003	-0.28561616	-0.093225576	10	-0.24229558	0.07264135	0.2847541	Binding_SOS	-0.1458767	0.04373452	0.17143932
D32Y	D32Y	32	32	-0.4990215	-0.57318836	-0.5628663	-0.52476025	-0.53511995	-0.64020115	-0.61859196	-0.57114834	-0.7293773	-0.53859967	10	-0.5792874	0.0676408	0.26515192	Binding_SOS	-0.34876636	0.040723883	0.15963763
D37A	D37A	37	37	1.7538189	1.5187289	1.9178909	1.799222	1.7361387	2.0824618	1.7597564	1.7982693	1.521225	1.5405903	10	1.7428102	0.18041086	0.7072106	Binding_SOS	1.049278	0.10861834	0.4257839
D37C	D37C	37	37	1.779405	1.8028295	1.8202524	1.8020517	1.7893144	1.8676457	1.855302	1.8505627	1.7766621	1.813117	10	1.8157142	0.032315955	0.12667854	Binding_SOS	1.0931706	0.019456174	0.0762682
D37E	D37E	37	37	0.37066212	0.3114429	0.231425	0.3318836	0.27747443	0.22102466	0.22064471	0.39606145	-0.036043778	0.26731166	10	0.25918868	0.12039336	0.47194198	Binding_SOS	0.15604739	0.07248414	0.28413785
D37F	D37F	37	37	1.4704775	1.8765992	2.1658053	1.9445885	1.9400886	1.8272382	1.870563	1.8348913	1.988266	2.165928	10	1.9084446	0.19649154	0.77024686	Binding_SOS	1.149	0.11829989	0.46373555
D37G	D37G	37	37	2.0724237	2.2118769	2.122458	1.8731143	2.312936	2.0072482	2.2121868	2.0787134	2.088144	2.2712543	10	2.1250355	0.13142079	0.5151695	Binding_SOS	1.279401	0.07912333	0.31016347
D37H	D37H	37	37	1.6935298	1.6930437	1.7281425	1.4303718	1.741234	1.2748789	1.6014771	1.2474	1.8540311	1.2260092	10	1.5490118	0.23356698	0.9155826	Binding_SOS	0.93259954	0.14062157	0.55123657
D37I	D37I	37	37	1.8197242	2.5671225	2.459317	2.0574198	2.166591	2.2763689	2.583851	1.9967695	1.8790028	2.1351357	10	2.1941304	0.27273464	1.0691198	Binding_SOS	1.3210003	0.16420288	0.6436753
D37K	D37K	37	37	2.4609854	3.2315323	2.1111634	2.210664	2.583841	2.9011323	1.9132407	2.4434109	2.4283917	2.769986	10	2.5054348	0.38940424	1.5264646	Binding_SOS	1.5084245	0.2344451	0.91902477
D37L	D37L	37	37	2.6443186	2.3914375	2.037682	2.2237635	1.7972511	2.3035018	2.2012126	2.4419875	2.702335	2.8108816	10	2.355437	0.31204835	1.2232295	Binding_SOS	1.4181167	0.18787213	0.7364588
D37M	D37M	37	37	0.8843997	0.90024817	0.81078285	0.9227998	0.631539	0.82987887	0.7765368	0.7756608	0.48948035	0.58506	10	0.76063865	0.1452631	0.56943136	Binding_SOS	0.45795086	0.08745725	0.34283242
D37N	D37N	37	37	0.9055182	0.57378227	0.7325064	0.7072432	0.9789542	0.7666123	0.73520696	0.49983126	0.5548754	0.8472253	10	0.73017555	0.15508717	0.60794175	Binding_SOS	0.4396102	0.093371935	0.366018
D37P	D37P	37	37	2.6297827	2.6543608	2.2361622	1.2727596	2.3232112	2.4497833	2.1886632	2.456725	1.8843924	2.2496157	10	2.2345455	0.4063365	1.592839	Binding_SOS	1.3453326	0.24463934	0.9589862
D37Q	D37Q	37	37	0.7728338	1.1521946	2.3414862	1.4096643	2.024022	1.7657872	1.6105618	1.2446909	0.31650645	1.1080666	10	1.3745815	0.59494334	2.3321779	Binding_SOS	0.8275818	0.35819218	1.4041134
D37R	D37R	37	37	2.4831243	2.3301506	2.3841715	2.8999305	2.6011093	2.7898505	2.5859761	2.5699434	2.569908	2.5449905	10	2.5759156	0.16940887	0.66408277	Binding_SOS	1.5508583	0.10199447	0.39981833
D37S	D37S	37	37	1.5905479	1.6593089	1.6809723	1.9438132	1.7571167	1.6893753	1.9477264	1.8368201	1.7639035	1.6498514	10	1.7519436	0.12316337	0.48280042	Binding_SOS	1.0547769	0.07415186	0.29067528
D37T	D37T	37	37	1.9286258	1.4096551	1.8469423	1.7120757	1.7823836	1.5922068	1.931522	1.5263901	1.8752677	1.408726	10	1.7013795	0.20439541	0.80123	Binding_SOS	1.0243342	0.1230585	0.48238933
D37V	D37V	37	37	1.4442099	1.2540845	1.345722	1.3054664	1.3935286	1.395034	1.3883231	1.3123208	1.136694	1.2158324	10	1.3191216	0.09478259	0.37154776	Binding_SOS	0.79419166	0.0570649	0.2236944
D37W	D37W	37	37	-0.55860424	-0.68250984	-0.36717963	-1.5771029	-0.83805865	-0.6017913	-0.8319832	-0.52277386	-0.29898176	-0.59366316	10	-0.68726486	0.3572134	1.4002765	Binding_SOS	-0.41377535	0.21506426	0.8430519
D37Y	D37Y	37	37	0.48623747	0.4802598	0.556652	0.81492585	0.48843446	0.7234605	0.8176798	0.57294804	0.51173556	0.58056647	10	0.60328996	0.1330069	0.52138704	Binding_SOS	0.36321735	0.08007827	0.31390682
D46A	D46A	46	46	0.34944403	0.53619987	0.44255164	0.4024675	0.37093428	0.48611274	0.5440362	0.50316435	0.30733725	0.4862449	10	0.44284925	0.081810445	0.32069695	Binding_SOS	0.26662225	0.049254876	0.19307911
D46C	D46C	46	46	0.44526538	0.7270366	0.7538939	0.6143658	0.8578097	0.647068	0.5173206	0.8280997	0.76040494	0.5262804	10	0.66775453	0.14014874	0.5493831	Binding_SOS	0.40202895	0.084378086	0.33076212
D46E	D46E	46	46	0.18820448	0.16156651	0.1959539	0.43266448	0.3121404	0.38275796	0.32996115	0.34967178	0.32984066	0.29615992	10	0.29789212	0.08901281	0.3489302	Binding_SOS	0.17934923	0.05359114	0.21007727
D46F	D46F	46	46	0.6049426	0.785394	0.7562124	0.7369884	0.6671399	0.6593891	0.7016102	0.9847628	0.29423124	0.6723018	10	0.6862973	0.1726317	0.67671627	Binding_SOS	0.4131928	0.10393481	0.40742445
D46G	D46G	46	46	0.27841383	0.3646984	0.24933438	0.2422586	0.22111206	0.2213801	0.23914383	0.25503507	0.17953451	0.21519354	10	0.24661043	0.04930883	0.1932906	Binding_SOS	0.14847451	0.029686922	0.116372734
D46H	D46H	46	46	0.10308056	0.5590237	0.41213793	0.1834459	0.17004164	0.14385003	0.14608723	0.27063686	0.27346185	0.33250564	10	0.25942713	0.14265457	0.5592059	Binding_SOS	0.15619095	0.08588675	0.33667606
D46I	D46I	46	46	1.4105737	0.68435955	1.0352838	1.8252342	1.1365502	1.2439711	1.3599888	1.1502229	1.1140966	0.72709334	10	1.1687374	0.33058125	1.2958785	Binding_SOS	0.7036512	0.19903007	0.7801979
D46K	D46K	46	46	0.36748016	0.50298923	0.2263607	0.34545186	0.6816385	0.62378174	0.6221122	0.5145079	0.36894384	0.22957173	10	0.44828376	0.16442893	0.6445614	Binding_SOS	0.26989415	0.098996244	0.38806528
D46L	D46L	46	46	0.6799937	0.77859706	0.65880316	1.0422721	0.6668276	0.77004266	0.88331777	0.7211267	0.6549439	0.6645918	10	0.7520517	0.12546504	0.49182296	Binding_SOS	0.452781	0.0755376	0.29610738
D46M	D46M	46	46	0.41873068	0.4797356	0.54628795	0.65053344	0.5791497	0.66819686	0.8244637	0.65531564	0.7716113	0.5996497	10	0.6193675	0.12337369	0.48362488	Binding_SOS	0.372897	0.07427848	0.29117164
D46N	D46N	46	46	0.29004344	0.54030466	0.6144269	0.57737404	0.4528492	0.5083895	0.5109829	0.46267512	0.6708271	0.33297125	10	0.4960844	0.118096486	0.46293822	Binding_SOS	0.29867306	0.071101286	0.27871704
D46P	D46P	46	46	0.52848405	0.6241124	0.68435514	0.7713651	0.87792593	0.6265562	0.8754381	1.0555874	0.7683441	0.77610743	10	0.75882757	0.15298633	0.5997064	Binding_SOS	0.45686045	0.0921071	0.36105984
D46Q	D46Q	46	46	0.26377478	0.35446912	0.11254563	0.4953857	0.06698475	0.4916895	0.39226836	0.38666356	0.40017283	0.63052565	10	0.35944802	0.17275545	0.6772014	Binding_SOS	0.21640962	0.104009315	0.4077165
D46R	D46R	46	46	0.44389328	0.5130162	0.46379963	0.6221521	0.47724244	0.7122793	0.43296057	0.4589008	0.65081084	0.61601204	10	0.5391067	0.101227015	0.3968099	Binding_SOS	0.32457513	0.060944837	0.23890376
D46S	D46S	46	46	0.30934757	0.33952585	0.30070478	0.4483659	0.4591008	0.2498651	0.45082608	0.27252492	0.13844353	0.3651126	10	0.3333817	0.10230093	0.40101963	Binding_SOS	0.20071612	0.061591394	0.24143827
D46T	D46T	46	46	0.14030637	0.24070017	0.25459012	0.33655113	0.18749388	0.32393363	0.314337	0.38014278	0.2758004	0.19564845	10	0.2649504	0.07562006	0.29643065	Binding_SOS	0.15951629	0.04552789	0.17846933
D46V	D46V	46	46	1.0731661	1.089687	0.9552967	0.9125678	1.0107621	0.97222114	1.0772852	0.9415729	1.0371244	1.0179331	10	1.0087616	0.061685745	0.24180812	Binding_SOS	0.60733604	0.03713858	0.14558324
D46W	D46W	46	46	1.0442021	1.0319641	0.9114138	1.2169026	1.1590347	0.81330115	0.97812575	1.2640586	0.8610053	0.9754849	10	1.0255493	0.14967243	0.58671594	Binding_SOS	0.6174432	0.09011193	0.3532388
D46Y	D46Y	46	46	0.105156265	0.3329843	0.28577924	0.46588373	0.4686876	0.44986072	0.52391815	0.4685579	0.45883486	0.14371707	10	0.370338	0.14772914	0.5790982	Binding_SOS	0.22296605	0.088941954	0.34865245
D53A	D53A	53	53	1.6524466	1.9775466	2.0377407	2.2534206	2.318825	2.7756603	1.8505512	2.7081718	2.2235882	1.9163641	10	2.1714318	0.36166027	1.4177083	Binding_SOS	1.3073343	0.21774153	0.85354686
D53C	D53C	53	53	2.7819977	1.8858389	1.7148315	2.3031988	1.6017653	1.9699845	2.067119	2.6691434	1.7969004	2.1778054	10	2.0968585	0.39279652	1.5397624	Binding_SOS	1.2624366	0.23648745	0.9270308
D53E	D53E	53	53	0.10239927	0.17100812	-0.34825557	0.2209187	0.09939191	0.053876646	0.36612806	0.083724454	0.13006105	0.23751773	10	0.111677036	0.1862705	0.7301804	Binding_SOS	0.067236386	0.1121462	0.4396131
D53F	D53F	53	53	1.7367525	0.93627423	1.5547465	1.1424205	1.0972879	1.0105604	1.1369659	1.7161101	1.3219733	0.930516	10	1.2583607	0.3085872	1.2096618	Binding_SOS	0.7576099	0.1857883	0.72829014
D53G	D53G	53	53	1.1359626	1.2548243	1.2715621	1.1666579	1.3668981	1.2425306	1.3638715	1.1094651	1.2262099	1.2786938	10	1.2416676	0.08664829	0.3396613	Binding_SOS	0.7475596	0.052167557	0.20449683
D53H	D53H	53	53	1.0667415	1.1192523	1.0283005	1.2738965	1.2029133	1.1029875	1.1065834	1.3518575	0.7820596	1.2225869	10	1.1257179	0.15650088	0.6134834	Binding_SOS	0.6777508	0.09422307	0.36935443
D53I	D53I	53	53	1.8930496	1.2032208	1.4065124	2.3178475	2.0834794	1.1206803	1.7621745	1.5076076	1.9927827	2.7247102	10	1.8012066	0.50649136	1.9854462	Binding_SOS	1.0844362	0.30493867	1.1953596
D53K	D53K	53	53	1.9490439	1.8742496	1.6167501	2.3392081	1.8385346	2.1439486	1.9572293	2.880023	2.0650034	2.2024589	10	2.086645	0.34537515	1.3538706	Binding_SOS	1.2562875	0.2079369	0.81511265
D53L	D53L	53	53	1.9720986	1.9359384	1.5934666	1.4928728	1.7640588	2.6630294	2.5909963	1.789075	2.0753713	1.975331	10	1.9852238	0.38304016	1.5015174	Binding_SOS	1.1952257	0.23061353	0.90400505
D53M	D53M	53	53	1.5551519	2.5408545	1.5785674	2.185196	1.9443645	1.5442015	2.256744	1.7472129	1.9331965	1.8678949	10	1.9153385	0.33220163	1.3022304	Binding_SOS	1.1531506	0.20000564	0.7840221
D53N	D53N	53	53	0.6577995	0.64803594	0.5725935	0.7563737	0.64433575	0.5313052	1.0075425	1.1350939	0.655569	0.9056184	10	0.7514268	0.19920483	0.78088295	Binding_SOS	0.45240477	0.119933456	0.47013915
D53P	D53P	53	53	1.9938661	2.5043724	2.2114024	2.202878	1.5140043	1.7910249	2.065645	1.99297	1.8558297	1.4195799	10	1.9551573	0.32694963	1.2816426	Binding_SOS	1.1771239	0.19684361	0.77162695
D53Q	D53Q	53	53	1.3020717	1.58539	1.4791173	0.7911132	1.0479506	1.1564419	1.6161983	0.57854813	1.2435662	1.422978	10	1.2223376	0.3391339	1.3294048	Binding_SOS	0.73592174	0.20417927	0.80038273
D53R	D53R	53	53	2.1233456	2.096561	2.1226342	1.844364	1.9339832	1.9699701	1.8912215	2.0397615	1.8047265	2.017498	10	1.9844065	0.1147364	0.4497667	Binding_SOS	1.1947337	0.06907831	0.27078697
D53S	D53S	53	53	1.0396708	1.1337265	1.1365538	1.1850847	1.4895753	1.3767186	1.4673579	1.3681004	1.3517828	1.3463614	10	1.2894933	0.15403323	0.60381025	Binding_SOS	0.7763536	0.0927374	0.3635306
D53T	D53T	53	53	1.8260871	1.6649419	1.3620905	1.5402977	1.4046934	1.485205	1.5431617	1.3526216	1.4986783	1.8169565	10	1.5494734	0.17096269	0.67017376	Binding_SOS	0.9328775	0.102929965	0.40348548
D53V	D53V	53	53	1.4060289	1.0377909	1.4665124	1.3496364	0.94077736	0.99873424	1.243597	1.1941204	1.0250953	0.9347757	10	1.1597068	0.19903082	0.78020084	Binding_SOS	0.69821423	0.119828686	0.46972847
D53W	D53W	53	53	1.730221	1.7353224	1.0051222	1.4062704	1.6713904	1.1582156	1.6836126	1.6170348	1.5476199	1.2519457	10	1.4806755	0.26156235	1.0253245	Binding_SOS	0.8914569	0.15747648	0.61730784
D53Y	D53Y	53	53	0.16141707	0.26515147	0.05262656	0.3404406	0.039397124	0.028843114	0.11008529	0.18126416	0.24449788	0.06432515	10	0.14880484	0.107949466	0.42316192	Binding_SOS	0.08958959	0.06499216	0.25476927
D56A	D56A	56	56	2.8090763	3.076574	2.4063916	2.4828527	2.5055113	2.2988322	2.6730142	2.9037132	2.7302923	2.7221053	10	2.6608362	0.23900759	0.9369098	Binding_SOS	1.6019857	0.14389715	0.56407684
D56C	D56C	56	56	2.2166507	2.6281636	1.8261608	2.6492162	2.6384532	3.3570056	2.2334347	2.501302	2.4322486	1.825726	10	2.4308362	0.44834554	1.7575146	Binding_SOS	1.4635116	0.26993135	1.0581309
D56E	D56E	56	56	1.5221504	1.39957	1.5129242	1.1712815	1.423268	1.6152421	1.4210411	1.1783594	1.1792805	1.0629528	10	1.3486071	0.1862878	0.7302482	Binding_SOS	0.8119437	0.112156615	0.43965393
D56F	D56F	56	56	3.0497847	2.827958	3.0945508	2.2891665	2.7915394	2.790118	2.9692454	2.5401177	2.7401023	2.1569097	10	2.7249494	0.31056648	1.2174207	Binding_SOS	1.6405857	0.18697996	0.7329615
D56G	D56G	56	56	2.1934888	2.333206	2.606942	2.2258832	2.4742665	2.4710798	2.6241348	2.3758738	2.5867512	2.279235	10	2.4170861	0.1592263	0.6241671	Binding_SOS	1.4552332	0.09586394	0.37578663
D56H	D56H	56	56	2.8203886	2.3215768	2.7780254	1.9590882	2.3459234	2.912003	2.5263367	2.3209364	2.1610847	2.6449385	10	2.4790301	0.30949497	1.2132204	Binding_SOS	1.4925272	0.18633485	0.7304326
D56I	D56I	56	56	3.071218	2.5066552	2.3517478	3.0881822	2.5867634	2.9880626	3.0776815	2.852332	2.7523208	2.769021	10	2.8043988	0.25976744	1.0182884	Binding_SOS	1.6884191	0.15639584	0.6130717
D56K	D56K	56	56	1.1119238	1.751039	2.466409	2.35242	1.7556336	2.0457854	0.87626976	1.685997	1.7128402	1.3868692	10	1.7145185	0.5009958	1.9639037	Binding_SOS	1.0322447	0.30163002	1.1823897
D56L	D56L	56	56	2.4143744	2.6794868	2.2000084	2.399404	2.7652009	2.7171614	2.4073288	2.3323693	2.0012689	2.2995484	10	2.4216151	0.24067314	0.9434387	Binding_SOS	1.45796	0.1448999	0.56800765
D56M	D56M	56	56	2.8666568	2.7556136	2.4940336	2.3103957	2.4783633	2.5126867	2.7650826	2.328909	2.7737067	3.1325948	10	2.6418042	0.2603284	1.0204874	Binding_SOS	1.5905272	0.15673357	0.6143956
D56N	D56N	56	56	2.2636914	2.1789145	1.7267686	1.9097066	2.0958023	2.3307312	2.4897952	2.6861103	1.6873292	2.1791139	10	2.1547961	0.31689212	1.2422172	Binding_SOS	1.2973187	0.19078837	0.7478904
D56P	D56P	56	56	2.3756175	3.1250799	3.0204394	1.9600346	2.523598	2.4187562	2.9448032	2.8073938	2.463869	2.218532	10	2.5858123	0.3763872	1.4754379	Binding_SOS	1.5568167	0.22660805	0.8883036
D56Q	D56Q	56	56	2.216107	2.33329	2.2442143	2.3451118	2.170116	2.05935	2.3169253	1.8730417	1.3903462	2.5245497	10	2.1473053	0.31892025	1.2501674	Binding_SOS	1.2928087	0.19200943	0.752677
D56R	D56R	56	56	2.6843839	2.709287	2.0440083	1.6007373	2.401888	2.2966595	2.6224303	2.8979611	2.5529773	2.6233957	10	2.4433727	0.38074526	1.4925214	Binding_SOS	1.4710593	0.22923186	0.8985889
D56S	D56S	56	56	2.7637253	2.6065612	2.3238022	2.4369044	2.5581179	2.4415247	2.7207496	2.5991838	2.4280117	2.6994536	10	2.5578034	0.14638214	0.57381797	Binding_SOS	1.5399536	0.08813097	0.3454734
D56T	D56T	56	56	2.359375	2.0061226	2.3244903	2.0024838	2.523382	2.2334547	2.135562	1.8651015	2.0989115	1.7285826	10	2.1277463	0.24031262	0.9420255	Binding_SOS	1.281033	0.14468285	0.5671568
D56V	D56V	56	56	2.497026	2.4804273	2.5759385	2.3760066	2.4018557	2.5573542	2.9724257	2.5023642	2.2414925	2.3468134	10	2.4951706	0.19655517	0.77049625	Binding_SOS	1.5022448	0.1183382	0.46388575
D56W	D56W	56	56	3.225935	2.48701	1.9216293	2.3634489	2.5059357	2.5480075	2.6720123	3.2921593	2.820301	2.543768	10	2.6380205	0.40190727	1.5754765	Binding_SOS	1.5882492	0.24197268	0.94853294
D56Y	D56Y	56	56	2.1543448	2.6946511	2.6088388	2.443955	2.4010153	2.1921859	2.90622	2.6574988	2.4961686	3.2288728	10	2.5783749	0.32258767	1.2645437	Binding_SOS	1.5523388	0.19421744	0.7613324
D68A	D68A	68	68	0.59213513	0.3224912	0.45566154	0.70542216	0.60803676	0.64107484	0.5272618	0.70888305	0.70507413	0.7692195	10	0.603526	0.13641033	0.53472847	Binding_SOS	0.36335945	0.08212733	0.32193914
D68C	D68C	68	68	2.3192089	1.90312	1.8842095	1.597865	1.6733783	1.4946451	1.4789134	1.7007015	1.6163726	1.349222	10	1.7017637	0.2770497	1.0860348	Binding_SOS	1.0245656	0.16680081	0.6538592
D68E	D68E	68	68	0.27628985	0.38760954	0.32790446	0.3650506	0.25226164	0.1378011	0.21548335	0.48928782	0.3578311	0.19157484	10	0.30010942	0.10536105	0.41301534	Binding_SOS	0.18068416	0.063433774	0.2486604
D68F	D68F	68	68	2.5178864	2.384162	2.2248385	2.2544234	1.9518752	2.5126312	2.7224634	1.7988787	1.7294041	1.7642677	10	2.1860828	0.35607475	1.3958131	Binding_SOS	1.3161552	0.21437871	0.8403646
D68G	D68G	68	68	1.3873646	1.2581309	1.1529261	1.1905658	1.1262074	1.2672365	1.482595	1.2987384	1.1535515	1.4482844	10	1.2765601	0.12717143	0.498512	Binding_SOS	0.768567	0.07656495	0.30013463
D68H	D68H	68	68	0.5401894	0.4305611	0.5648835	0.45629185	0.47235042	0.44322085	0.501682	0.4756568	0.58339995	0.45733523	10	0.49255705	0.05308575	0.20809615	Binding_SOS	0.29654938	0.03196086	0.12528658
D68I	D68I	68	68	1.8117222	1.5792865	1.2622477	1.9275662	1.3394828	1.8612279	1.8280617	1.6043569	1.0275117	1.5672573	10	1.5808719	0.29437846	1.1539636	Binding_SOS	0.9517813	0.17723379	0.69475645
D68K	D68K	68	68	1.00537	0.9140976	0.61404663	0.6138055	0.75996464	0.91220284	0.84725946	0.7875507	0.6707413	0.55882365	10	0.76838624	0.15125492	0.5929193	Binding_SOS	0.46261537	0.091064684	0.35697356
D68L	D68L	68	68	1.4945774	1.4292237	1.4286283	1.7440349	1.6345478	1.3893507	1.836753	2.5281591	1.2319558	0.7989546	10	1.5516186	0.4481088	1.7565866	Binding_SOS	0.934169	0.2697888	1.0575721
D68M	D68M	68	68	0.5248281	0.7156257	1.5869175	1.3866776	1.1459265	0.5152471	0.6344964	0.6752893	0.9911747	0.7103557	10	0.8886539	0.37356403	1.4643711	Binding_SOS	0.5350238	0.22490832	0.8816406
D68N	D68N	68	68	1.0473666	0.64766264	1.1442761	1.0641336	1.0984592	1.3102987	1.5069107	1.0949476	0.9342771	1.4147336	10	1.1263067	0.24496187	0.96025056	Binding_SOS	0.6781053	0.14748198	0.57812935
D68P	D68P	68	68	1.6964464	1.5379843	1.3392321	1.4575286	1.5327272	1.4512604	1.5440992	1.588978	1.5806683	1.7192302	10	1.5448154	0.1132733	0.44403136	Binding_SOS	0.9300731	0.06819744	0.26733395
D68Q	D68Q	68	68	1.4346695	1.2366394	1.3402761	1.1062576	1.0490716	1.1218184	0.9843033	1.1018853	1.0600572	0.97595286	10	1.1410931	0.15092362	0.5916206	Binding_SOS	0.68700767	0.090865225	0.3561917
D68R	D68R	68	68	1.2100701	1.0653667	1.1040046	0.9823135	1.1523845	1.2952888	1.0285478	0.97497964	1.0601084	1.0483942	10	1.0921458	0.10134432	0.39726973	Binding_SOS	0.65753835	0.061015457	0.2391806
D68S	D68S	68	68	0.6202983	0.62761146	0.6186855	0.64613724	0.56903243	0.60194236	0.77481365	0.66280836	0.5957653	0.73592657	10	0.6453021	0.06419659	0.25165063	Binding_SOS	0.3885112	0.03865026	0.15150902
D68T	D68T	68	68	0.78714764	0.79296887	0.7711797	0.9458853	0.6864255	0.7693407	0.8862513	0.903294	0.75977594	0.6893991	10	0.7991668	0.086999	0.34103608	Binding_SOS	0.48114714	0.052378703	0.20532452
D68V	D68V	68	68	1.1143023	1.5281854	2.5671046	1.5783485	1.7158287	2.025715	1.983619	1.9948077	2.584668	1.7315633	10	1.8824142	0.45507115	1.7838789	Binding_SOS	1.1333281	0.2739806	1.0740039
D68W	D68W	68	68	1.3209853	1.9547335	1.5386426	1.8903812	2.1343353	1.9853227	2.8562145	2.9791846	2.671581	1.4068896	10	2.073827	0.59127367	2.317793	Binding_SOS	1.2485703	0.3559828	1.3954526
D68Y	D68Y	68	68	1.4086605	1.3765459	1.553969	1.686353	1.633827	1.9619713	1.5531527	1.4507505	2.0992005	1.7451634	10	1.6469593	0.23593254	0.9248556	Binding_SOS	0.99156994	0.14204578	0.5568195
D91A	D91A	91	91	0.09636076	-0.055423994	0.06285789	-0.027871728	0.04158295	0.086744584	-0.0022355404	0.16480397	0.1396118	-0.061930902	10	0.044449974	0.079633296	0.31216252	Binding_SOS	0.026761595	0.0479441	0.18794087
D91G	D91G	91	91	0.41466978	0.59836936	0.41645238	0.86923146	0.24276152	-0.4875437	-0.51428014	0.7402677	0.6644372	0.80926126	10	0.3753627	0.5006123	1.9624003	Binding_SOS	0.22599123	0.30139914	1.1814847
D91H	D91H	91	91				0.105457924	0.44993058	-0.46175474	-0.39206266	-0.6208032	-0.8501164	-1.1652235	7	-0.41922453	0.5501644	2.1566446	Binding_SOS	-0.25239873	0.33123252	1.2984315
D91N	D91N	91	91	0.22227405	-0.4478388	-0.2074633	-0.22954424	0.084646426	0.557431	0.5137505	-0.013928469	0.13512136	0.3466037	10	0.0961052	0.32893002	1.2894057	Binding_SOS	0.05786119	0.19803593	0.77630085
D91V	D91V	91	91	0.25415444	0.18693388	-0.1120372	0.122447126	0.38229913	0.39312062	0.6877522	0.17277579	-0.40247762	-0.18948746	10	0.14954808	0.31708443	1.242971	Binding_SOS	0.09003706	0.19090416	0.7483443
D91Y	D91Y	91	91	-0.077451825	0.053118862	-0.22504123	0.17353725	-0.14594562	-0.08636992	0.11815909	0.20693594	-0.010114437	-0.15456155	10	-0.014773344	0.14792345	0.57986	Binding_SOS	-0.008894454	0.089058936	0.34911102
E106A	E106A	106	106	-0.120403215	-0.124302715	0.04788644	0.12651394	0.0088951895	-0.13618469	0.001979794	-0.008020576	0.26441705	0.16248733	10	0.022326855	0.13261232	0.5198403	Binding_SOS	0.013442128	0.079840705	0.31297556
E106C	E106C	106	106	0.009937031	-0.15949662	-0.2846703	-0.18645829	-0.2983405	-0.26717186	-0.24618427	-0.5363252	-0.26167873	0.10171023	10	-0.21286786	0.17501573	0.6860617	Binding_SOS	-0.12815943	0.10537014	0.41305095
E106D	E106D	106	106	-0.17148793	-0.16579862	-0.21627405	-0.07442768	-0.090421356	-0.07039689	-0.3594164	-0.4307587	-0.18525086	-0.18859735	10	-0.19528298	0.11813767	0.4630997	Binding_SOS	-0.11757226	0.07112608	0.27881426
E106F	E106F	106	106	-0.23346357	-0.23378715	-0.053899135	-0.3499655	-0.51712567	-0.35881767	-0.37209526	-0.14087966	-0.08954645	-0.051910233	10	-0.24014902	0.15741359	0.61706126	Binding_SOS	-0.14458436	0.09477258	0.3715085
E106G	E106G	106	106	-0.062429227	-0.19046104	-0.1871932	-0.10634921	-0.08342838	-0.21144825	-0.19129287	-0.23829223	-0.1630166	-0.07051748	10	-0.15044284	0.06393372	0.2506202	Binding_SOS	-0.09057576	0.038491998	0.15088864
E106H	E106H	106	106	-0.14876974	0.20744014	-0.092552125	0.06558011	-0.0828315	0.025765488	-0.08327456	-0.11841294	-0.5147361	0.077935554	10	-0.06638557	0.19248909	0.75455725	Binding_SOS	-0.03996816	0.11589017	0.45428947
E106I	E106I	106	106	-0.18365107	-0.30608913	-0.09054168	-0.30148405	-0.9206163	-0.27301836	-0.33684084	-0.21104366	-0.21290644	-0.42753375	10	-0.32637253	0.22840202	0.8953359	Binding_SOS	-0.19649616	0.13751194	0.5390468
E106K	E106K	106	106	-0.10526643	-0.44030198	-0.14884943	-0.23398894	-0.2778594	-0.23573363	-0.13787054	-0.14303946	-0.14898664	-0.22758873	10	-0.20994851	0.09849334	0.38609388	Binding_SOS	-0.1264018	0.059298996	0.23245206
E106L	E106L	106	106	-0.019226322	0.10212592	-0.12255928	0.057905998	-0.28919235	0.09332183	0.107911386	0.081400365	-0.196736	0.08471952	10	-0.010032893	0.14324073	0.5615037	Binding_SOS	-0.0060404134	0.08623966	0.33805946
E106M	E106M	106	106	-0.6278546	0.08975403	-0.33090344	-0.5027717	-0.34453094	-0.79097444				-0.76591706	7	-0.46759972	0.30685452	1.2028698	Binding_SOS	-0.28152356	0.18474513	0.72420096
E106N	E106N	106	106	0.16978851	0.076524734	0.021998297	0.096665144	-0.077569224	0.026664224	0.6507264	0.18310937	-0.024665056	-0.04341896	10	0.10798235	0.20925948	0.8202972	Binding_SOS	0.06501196	0.12598696	0.49386892
E106P	E106P	106	106	0.23900126	0.37137312				1.5272802	0.43834978	0.6879307	0.080460936	0.6261619	7	0.56722254	0.47247332	1.8520955	Binding_SOS	0.34150255	0.28445774	1.1150744
E106Q	E106Q	106	106	-0.13823785	-0.37846658	-0.37362516	0.021225069	-0.08186329	-0.18764865	-0.34187356	-0.6066999	-0.3640494	-0.259488	10	-0.27107272	0.1808408	0.708896	Binding_SOS	-0.1632023	0.10887719	0.42679858
E106R	E106R	106	106	-0.15606523	-0.2531294	-0.14820376	-0.15096878	-0.017533675	-0.12940252	0.1986731	-0.17735535	0.04566014	-0.19414005	10	-0.09824655	0.13516101	0.5298312	Binding_SOS	-0.059150416	0.081375174	0.31899068
E106S	E106S	106	106	-0.039760184	0.040197764	-0.16969174	-0.044569913	-0.0030852	-0.012539235	-0.1822263	0.034874678	-0.11561202	-0.2573226	10	-0.07497348	0.10107135	0.3961997	Binding_SOS	-0.045138605	0.060851116	0.23853637
E106T	E106T	106	106	-0.2901653	-0.28254515	-0.26809993	-0.23891988	-0.296777	0.14677796	0.010352754	-0.10627146	-0.20325384	0.032014333	10	-0.14968875	0.16065109	0.6297523	Binding_SOS	-0.09012175	0.09672175	0.3791493
E106V	E106V	106	106	-0.3195936	-0.3329981	-0.34928384	-0.21738692	-0.09793753	-0.100290425	-0.31582206	-0.14188945	-0.10510576	-0.31582853	10	-0.22961362	0.1082081	0.42417574	Binding_SOS	-0.1382414	0.06514787	0.25537965
E106W	E106W	106	106	-0.17414732	-0.13629562	-0.08499435	0.084692344	-0.12604535	-0.060790617	-0.18431665	-0.012442292	-0.25510323	-0.37265068	10	-0.13220938	0.127438	0.49955696	Binding_SOS	-0.07959811	0.076725446	0.30076376
E106Y	E106Y	106	106	-0.34295285	-0.18532695	-0.59445053	-0.36448753	-0.45319274	-0.22003059	-0.34443536	-0.15107493	-0.08615362	-0.4612182	10	-0.32033232	0.15897535	0.62318337	Binding_SOS	-0.19285959	0.095712855	0.3751944
E142A	E142A	142	142	0.54808223	0.011756305	1.2092987				1.307465	0.12749927	-0.019643858	0.56975496	7	0.5363161	0.5477558	2.1472027	Binding_SOS	0.322895	0.32978237	1.2927469
E142D	E142D	142	142	-0.58227456	-0.85578156	-0.5779252	-0.47678298	-0.50492024	-0.54629743	-0.5798512	-0.4794662	-0.5190421	-0.4614053	10	-0.5583747	0.11387255	0.4463804	Binding_SOS	-0.33617562	0.068558216	0.26874822
E161A	E161A	161	161	-0.18286894	-0.26384515	-0.19781905	-0.2324603	0.04847615	0.19649406	0.03760598	-0.09969927	-0.009404265	-0.116947666	10	-0.08204685	0.14719142	0.57699037	Binding_SOS	-0.049397208	0.08861821	0.3473834
E161C	E161C	161	161	0.17202686	0.10504964	-0.08089107	0.003702745	0.062133525	0.09624344	0.13919027	0.12894014	0.08272009	0.21133141	10	0.0920447	0.08372568	0.3282047	Binding_SOS	0.055416524	0.050407965	0.19759923
E161D	E161D	161	161	0.018924061	0.27731264	-0.026166389	0.23545513	0.13214332	0.16824389	0.118527986	-0.05132961	0.06769749	0.1672761	10	0.110808454	0.10832809	0.4246461	Binding_SOS	0.066713445	0.06522012	0.25566286
E161F	E161F	161	161	0.71164817	0.3908375	0.81870425	0.576705	0.19300708	0.6716496	0.43899554	0.4327995	0.50571835	0.59441453	10	0.5334479	0.18069996	0.70834386	Binding_SOS	0.32116818	0.108792394	0.4264662
E161G	E161G	161	161	-0.15881224	-0.23370779	0.010761944	-0.14908624	-0.17304486	-0.095645614	-0.20578656	-0.15221895	-0.14768463	-0.14111114	10	-0.1446336	0.06610497	0.2591315	Binding_SOS	-0.08707825	0.039799225	0.15601297
E161H	E161H	161	161	-0.0682436	-0.44450262	-0.55661607	-0.32413903	-0.011363443	-0.1307806	-0.11294784	-0.16162926	-0.3076742	-0.18511821	10	-0.23030147	0.1737769	0.68120545	Binding_SOS	-0.13865553	0.10462429	0.41012722
E161I	E161I	161	161	0.06630344	0.51195735	0.5271902	0.33285138	-0.03236729	0.70017844	0.32835305	0.85537016	0.31503403	0.17702669	10	0.37818974	0.27614358	1.0824828	Binding_SOS	0.22769329	0.16625528	0.6517207
E161K	E161K	161	161	-0.39875498	-0.008777582	-0.25307715	-0.011808333	-0.05085539	0.03575845	-0.11922266	-0.10105007	-0.21615918	-0.09773025	10	-0.12216772	0.13274314	0.5203531	Binding_SOS	-0.073552415	0.07991946	0.31328428
E161L	E161L	161	161	0.0042738346	0.20080559	0.00982434	0.39357397	0.36275634	0.4664635	0.08060267	-0.09629026	0.4009113	0.37740168	10	0.22003229	0.20529298	0.80474854	Binding_SOS	0.13247286	0.123598896	0.48450768
E161M	E161M	161	161	0.28638536	0.22300263	0.21505317	0.23205681	0.50335103	0.4277967	0.06758878	0.012911403	0.2626505	0.18424895	10	0.24150452	0.14630286	0.57350725	Binding_SOS	0.14540045	0.088083245	0.34528634
E161N	E161N	161	161	-0.26273713	-0.30818805	-0.27703	-0.1713218	-0.29183233	-0.28502578	-0.28375116	-0.4004098	-0.32410234	-0.2858648	10	-0.28902632	0.0565242	0.22157486	Binding_SOS	-0.17401147	0.034031015	0.13340159
E161P	E161P	161	161	0.7589548	1.0932778	0.67098475	0.32179102	1.3345076	0.97467554	0.49116528	0.70562315	0.64739716	0.74579966	10	0.77441764	0.29310632	1.1489768	Binding_SOS	0.46624663	0.17646788	0.6917541
E161Q	E161Q	161	161	0.09155421	0.07191349	-0.113846526	0.16427661	-0.13896295	-0.24640156	-0.27377138	-0.3660097	-0.10979109	-0.05626262	10	-0.09773015	0.17066784	0.669018	Binding_SOS	-0.05883951	0.10275245	0.4027896
E161R	E161R	161	161	-0.09093094	-0.13375758	-0.17585595	-0.083477564	-0.39404756	-0.31086773	-0.13886721	-0.14221309	-0.08401292	-0.24352798	10	-0.17975585	0.104730666	0.41054422	Binding_SOS	-0.10822398	0.06305425	0.24717265
E161S	E161S	161	161	0.22920166	-0.12443195	-0.06840957	-0.085765235	0.123198375	0.118743084	0.12302077	0.04815345	0.053492215	0.13712269	10	0.055432547	0.11436746	0.44832045	Binding_SOS	0.033373773	0.06885619	0.26991627
E161T	E161T	161	161	0.3790329	-0.16688254	-0.6806603	-0.22094974	-0.17764683	0.585592	0.32638466	-0.31266823	-0.3517452	-0.4994946	10	-0.11190379	0.4096601	1.6058676	Binding_SOS	-0.0673729	0.24664035	0.9668302
E161V	E161V	161	161	0.47458827	0.3982614	0.47041455	0.44555247	0.42439827	0.46120292	0.4811794	0.38548023	0.23832119	0.38819808	10	0.41675967	0.07242783	0.2839171	Binding_SOS	0.25091472	0.043605972	0.1709354
E161W	E161W	161	161	0.13831635	0.08655016	0.030086735	0.27097714	0.02458908	0.35474557	-0.030951753	0.06469992	0.20377265	0.34106222	10	0.14838481	0.13752395	0.5390939	Binding_SOS	0.0893367	0.0827978	0.3245674
E161Y	E161Y	161	161	0.49534875	0.42255905	0.08870309	0.21559641	0.38705882	0.059976008	0.14138903	0.38878173	0.08091165	0.17047201	10	0.24507964	0.16254823	0.6371891	Binding_SOS	0.14755288	0.09786394	0.38362667
E167D	E167D	167	167	0.021845276	-0.021267848	-0.20698878	-0.13700245	-0.24603498	0.20161082	0.09656825	-0.2376589	-0.10494338	-0.21404745	10	-0.08479194	0.15436737	0.6051201	Binding_SOS	-0.05104992	0.09293857	0.3643192
E167F	E167F	167	167	0.2685869	0.3972946	0.6706756				-0.17595972	-0.29508165	0.4801397	1.4609684	7	0.4009463	0.58273494	2.284321	Binding_SOS	0.24139412	0.35084197	1.3753005
E167G	E167G	167	167	-0.077179365	-0.3990906	0.0018887623	-0.24413738	-0.3369583	-0.6393343	-0.79092413	-0.4240811	0.029112902	-0.6336748	10	-0.35143784	0.28281078	1.1086183	Binding_SOS	-0.21158701	0.17026933	0.6674558
E167R	E167R	167	167	-0.14078546	-0.3155965	-0.40150782	-0.22701894	-0.25892588	-0.12876408	-0.32627362	-0.34610412	-0.25263652	-0.1356327	10	-0.25332457	0.09575505	0.3753598	Binding_SOS	-0.15251684	0.057650376	0.22598948
E167V	E167V	167	167	0.20515437	-0.51759255	-0.014934381	-0.2561056	-0.22306116	-0.021351853	-0.30603963	0.055752207	-0.020587169	-0.46571943	10	-0.15644853	0.23460162	0.91963834	Binding_SOS	-0.09419155	0.14124447	0.55367833
E2A	E2A	2	2	0.5655475	0.4009391	0.6049815	0.737932	0.8908956	0.5271808	0.73818	0.5792739	0.7872628	0.5077755	10	0.63399684	0.14956355	0.5862891	Binding_SOS	0.38170475	0.090046376	0.3529818
E2C	E2C	2	2	0.8181215	0.19921619	0.59142077	0.47091883	0.5845037	0.6919453	0.7405816	0.6601051	0.46312994	0.63091856	10	0.58508617	0.1746346	0.6845677	Binding_SOS	0.35225755	0.10514068	0.41215146
E2D	E2D	2	2	0.20717011	-0.22897945	-0.025608594	-0.19867696	-0.08889159	-0.20600155	0.073745474	-0.16128814	-0.08020249	-0.090417914	10	-0.079915114	0.13663153	0.5355956	Binding_SOS	-0.04811377	0.08226051	0.32246122
E2F	E2F	2	2	0.7171062	0.5204632	0.5064713	0.62251806	0.60311675	0.58669716	0.5070152	0.5597376	0.49450216	0.71980083	10	0.58374286	0.08339174	0.32689562	Binding_SOS	0.3514488	0.050206915	0.19681111
E2G	E2G	2	2	0.6743319	0.4222569	0.49216503	0.46747866	0.34650648	0.34436023	0.54315406	0.47554567	0.6752483	0.594906	10	0.5035953	0.11897188	0.46636978	Binding_SOS	0.30319506	0.071628325	0.28078303
E2H	E2H	2	2	0.47958073	0.5201626	0.54976517	0.42701787	0.43468115	0.47180742	0.34989816	0.23842221	0.4882058	0.26285225	10	0.42223936	0.10569992	0.41434368	Binding_SOS	0.25421384	0.06363779	0.24946016
E2I	E2I	2	2	0.6616704	0.8942287	0.82645226	1.035189	0.9275663	0.99585605	0.89564234	0.83169246	1.5471987	0.80638045	10	0.9421876	0.23687446	0.9285479	Binding_SOS	0.56725436	0.14261287	0.55904245
E2K	E2K	2	2	1.1731735	1.3030201	1.1540498	1.1550368	1.0268266	1.0310895	1.09204	1.299992	0.86661136	1.2085017	10	1.1310341	0.13304001	0.52151686	Binding_SOS	0.68095154	0.0800982	0.31398493
E2L	E2L	2	2	0.2906072	0.3319207	0.47092253	0.3910447	0.41042882	0.23634584	0.33662516	0.44339597	0.35798895	0.39346498	10	0.3662745	0.070660636	0.2769897	Binding_SOS	0.22051959	0.04254201	0.16676469
E2M	E2M	2	2	0.15853885	0.16028394	0.19212767	0.052367594	-0.25290835	-0.012041582	0.17971171	0.19708705	-0.24396057	0.092908196	10	0.052411456	0.17204884	0.67443144	Binding_SOS	0.031554893	0.10358389	0.40604883
E2N	E2N	2	2	0.1597304	0.029032199	-0.087502435	-0.3745668	-0.16692506	0.20723802	-0.0007570232	0.12791052	-0.23761003	-0.13472909	10	-0.047817927	0.18655705	0.7313037	Binding_SOS	-0.028789308	0.112318724	0.4402894
E2P	E2P	2	2	0.18887828	0.19378397	0.08362667	0.1472068	0.088409536	0.18814485	0.28345123	0.45503184	0.25600198	0.36154097	10	0.22460762	0.11750504	0.46061975	Binding_SOS	0.13522749	0.0707452	0.2773212
E2Q	E2Q	2	2	0.67586166	0.29529926	0.721132	0.6733995	0.6302962	0.603515	0.490183	0.099019304	0.20960931	0.64210147	10	0.5040417	0.22229286	0.871388	Binding_SOS	0.30346382	0.13383386	0.5246287
E2R	E2R	2	2	1.1088831	1.0378513	0.8430708	0.9954782	1.0910032	0.8466815	1.041471	0.93816364	1.0216771	1.2085073	10	1.0132787	0.11423618	0.44780585	Binding_SOS	0.61005557	0.06877715	0.26960644
E2S	E2S	2	2	0.45878148	0.4377316	0.47975805	0.45070753	0.45321327	0.5306228	0.6741866	0.5407058	0.59052366	0.5687504	10	0.5184981	0.07676793	0.3009303	Binding_SOS	0.3121675	0.046218973	0.18117838
E2T	E2T	2	2	0.2609672	0.21242556	0.9640548	0.5029827	0.7398947	0.42304876	0.58303887	0.38473997	0.5124816	0.3569681	10	0.49406022	0.22585735	0.88536084	Binding_SOS	0.2974544	0.13597989	0.5330412
E2V	E2V	2	2	0.42339766	0.47868982	0.3959888	0.6120736	0.39829698	0.57827973	0.5220573	0.41750404	0.48183373	0.62138796	10	0.49295098	0.08694337	0.34081802	Binding_SOS	0.29678655	0.052345213	0.20519324
E2W	E2W	2	2	0.48132145	0.44846064	0.28840938	0.22668663	0.4860473	0.35788938	0.64562106	0.37916818	0.48233595	0.124856815	10	0.39207965	0.15027691	0.5890855	Binding_SOS	0.23605585	0.090475865	0.3546654
E2Y	E2Y	2	2	0.36908588	0.34025902	0.5382632	0.31065488	0.26194865	0.36699784	0.51204	0.4512673	0.25664625	0.26642558	10	0.36735886	0.10257276	0.40208524	Binding_SOS	0.22117244	0.061755057	0.24207982
E30A	E30A	30	30	0.98513824	1.0866864	0.8093159	1.0125227	0.7524965	1.1030157	0.83016264	1.0353311	0.81418777	0.93458205	10	0.93634385	0.12671077	0.49670625	Binding_SOS	0.5637361	0.07628761	0.29904744
E30C	E30C	30	30	0.35522372	0.19921677	0.45760533	0.46909958	0.3419385	0.5196928	0.2715516	0.65049595	0.32553032	0.70030797	10	0.42906624	0.1614651	0.63294315	Binding_SOS	0.25832403	0.09721183	0.38107038
E30D	E30D	30	30	0.18919684	0.12994139	-0.028221346	-0.032256443	0.14939116	0.014914845	-0.047911856	-0.004128585	0.022418147	0.09960942	10	0.049295355	0.0853061	0.3343999	Binding_SOS	0.029678809	0.051359475	0.20132914
E30F	E30F	30	30	0.86023545	0.8933432	0.67717355	0.6036216	0.74457294	0.8097362	0.9053628	0.91897035	0.7499894	0.9921663	10	0.81551725	0.12084673	0.4737192	Binding_SOS	0.49099112	0.0727571	0.28520784
E30G	E30G	30	30	0.8361769	1.0399448	1.0204669	1.068465	1.0012302	1.0260807	1.1074761	0.9670307	1.0055041	1.1004019	10	1.0172778	0.07744919	0.30360082	Binding_SOS	0.6124633	0.046629135	0.18278621
E30H	E30H	30	30	0.78639686	1.131573	1.2523376	0.92404246	0.8962644	0.5221594	1.2195932	0.61835724	1.0423045	1.1547579	10	0.95477855	0.25180164	0.98706245	Binding_SOS	0.5748349	0.15159994	0.5942718
E30I	E30I	30	30	0.816499	0.45631212	0.26568702	0.8883622	0.027167024	0.51706606	0.76303786	0.26073956	0.7259437	0.2588535	10	0.49796683	0.29197899	1.1445576	Binding_SOS	0.2998064	0.17578915	0.6890935
E30K	E30K	30	30	2.3638637	2.3293586	1.6623359	2.2836642	1.2783794	1.4826753	1.4948202	2.296513	1.8382162	2.341589	10	1.9371417	0.43078598	1.6886811	Binding_SOS	1.1662774	0.25935942	1.016689
E30L	E30L	30	30	0.7637178	1.0858837	0.62403387	0.85840285	0.86183614	0.87947756	0.9628702	0.91943234	0.8923758	1.1049356	10	0.8952966	0.14105031	0.55291724	Binding_SOS	0.5390231	0.08492088	0.33288985
E30M	E30M	30	30	0.70485634	0.89377135	0.50847316	0.85271144	0.5390129	0.60280126	0.2838307	0.4997649	0.79245514	0.66315514	10	0.6340832	0.18639413	0.73066497	Binding_SOS	0.38175675	0.11222063	0.43990487
E30N	E30N	30	30	0.43035924	0.44013494	0.28134266	0.35355493	0.21404113	0.5424742	0.83251816	0.13419044	0.5724918	0.37622175	10	0.41773295	0.19959675	0.78241926	Binding_SOS	0.2515007	0.12016941	0.4710641
E30P	E30P	30	30	1.3501213	0.8202373	1.1299659	1.4728318	1.5842181	1.4514196	1.1672182	1.6437646	1.5680897	0.9867577	10	1.3174623	0.27847266	1.0916128	Binding_SOS	0.7931926	0.16765752	0.6572175
E30Q	E30Q	30	30	1.002057	0.5745375	0.728566	0.78137463	0.71914095	0.24724472	1.4587909	0.5382892	1.106792	1.3413103	10	0.8498103	0.3762405	1.4748628	Binding_SOS	0.5116376	0.22651972	0.88795733
E30R	E30R	30	30	0.7068199	0.58045614	0.44845998	0.66343147	0.72801805	0.51581	0.7460038	0.60123783	0.49073765	0.8231499	10	0.63041246	0.12295462	0.48198214	Binding_SOS	0.37954673	0.07402618	0.29018265
E30S	E30S	30	30	0.5751564	0.66175056	0.69850063	0.92388403	0.90752584	0.79564625	0.912106	0.716937	0.77214783	0.9309673	10	0.78946215	0.1261316	0.49443585	Binding_SOS	0.47530434	0.07593891	0.29768053
E30T	E30T	30	30	0.019010456	0.43898776	0.3919915	0.3097215	0.13384044	-0.0018298567	0.48572922	0.17703912	0.03777221	-0.07892954	10	0.19133326	0.20260006	0.79419225	Binding_SOS	0.11519429	0.12197759	0.47815216
E30V	E30V	30	30	0.70524865	0.7094225	0.6321747	0.6842623	0.6731538	0.6222876	0.66106516	0.6453043	0.55579495	0.6329682	10	0.65216815	0.045511078	0.17840342	Binding_SOS	0.392645	0.027400443	0.10740974
E30W	E30W	30	30	0.2009492	0.12626702	-0.21880026	0.035415463	0.1646184	0.32498255	0.13101819	-0.1286601	0.0418125	0.18369472	10	0.08612977	0.1609667	0.63098943	Binding_SOS	0.051855374	0.096911766	0.37989414
E30Y	E30Y	30	30	0.18610556	-0.03544086	0.2619071	0.23807594	0.09073227	0.10463578	0.5398024	0.18989415	0.27846652	-0.4009952	10	0.14531836	0.24380335	0.95570916	Binding_SOS	0.087490514	0.14678448	0.57539517
E36A	E36A	36	36	2.2619894	2.1560173	1.6988915	2.199093	2.5573547	1.8440008	2.2910388	1.9774011	1.9200532	2.7473133	10	2.1653152	0.32232755	1.263524	Binding_SOS	1.3036517	0.19406085	0.7607185
E36C	E36C	36	36	1.8222787	1.5320997	2.3044841	2.1738424	1.247194	1.7807134	1.6353105	0.84991336	1.5502166	1.6676272	10	1.656368	0.41844895	1.64032	Binding_SOS	0.9972345	0.2519318	0.9875726
E36D	E36D	36	36	0.55466247	0.55525595	0.48822063	0.5806559	0.043364815	-0.04217833	0.5904901	0.52250934	0.29317495	0.4682793	10	0.4054435	0.2305132	0.9036118	Binding_SOS	0.2441017	0.13878301	0.5440294
E36F	E36F	36	36	2.5020108	2.4751742	2.5267265	2.6787097	2.445292	2.0200968	2.1721036	2.1541293	1.5887344	2.3595757	10	2.2922552	0.31837434	1.2480274	Binding_SOS	1.3800774	0.19168076	0.7513886
E36G	E36G	36	36	2.5276616	2.4300458	2.5156498	2.4823847	2.579371	2.483736	2.4533403	2.4438517	2.519079	2.5421603	10	2.4977279	0.047373064	0.18570241	Binding_SOS	1.5037844	0.028521473	0.11180417
E36H	E36H	36	36	0.95689887	0.8136679	0.8212824	0.22564934	0.15069686	1.226597	0.54748297	1.2255069	1.270451	1.2613815	10	0.84996146	0.42331648	1.6594006	Binding_SOS	0.51172864	0.25486234	0.9990604
E36K	E36K	36	36	-0.17350926	0.6501419		0.65972424	1.6126657	1.2453725	1.3903048	1.5554225	1.2336485	1.8365508	9	1.112258	0.6277642	2.4608357	Binding_SOS	0.6696471	0.37795234	1.4815732
E36L	E36L	36	36	2.4267912	2.0709336	2.3403904	1.8969243	2.0602546	2.0108151	2.632374	1.625215	2.6454024	2.3861969	10	2.2095296	0.33073083	1.2964649	Binding_SOS	1.3302716	0.19912012	0.7805509
E36M	E36M	36	36	1.3161893	2.0771234	1.8425561	2.36738	1.3574169	2.2214494	1.8479735	1.7451584	2.3564768	2.2548397	10	1.9386562	0.38552985	1.5112771	Binding_SOS	1.1671892	0.23211247	0.9098809
E36N	E36N	36	36	2.249902	2.2372437	1.6637634	1.7391708	2.1660042	1.8219829	1.952793	2.072706	1.6310995	2.3567214	10	1.9891386	0.264311	1.0360991	Binding_SOS	1.1975827	0.15913133	0.62379485
E36P	E36P	36	36	1.1542035	1.2798928	1.4169198	1.4974475	1.3930433	1.2908912	1.3825327	1.3411463	1.3329107	1.4280738	10	1.3517061	0.09563361	0.37488377	Binding_SOS	0.8138095	0.057577264	0.22570288
E36Q	E36Q	36	36	0.047525175	0.8059255	0.31419995	0.5736444	0.113282576	-0.6277324	0.37282503	0.52999985	-0.06803012	1.2350625	10	0.32967025	0.51093876	2.00288	Binding_SOS	0.19848159	0.3076163	1.2058558
E36R	E36R	36	36	2.879778	2.4545767	2.8565443	2.7037683	2.734693	2.7458165	2.3600893	2.2448986	2.050518	2.1607635	10	2.5191445	0.30341545	1.1893886	Binding_SOS	1.5166786	0.1826746	0.7160845
E36S	E36S	36	36	2.1580133	1.9425633	2.1537697	1.9030552	2.6771853	2.8362732	1.7050527	1.6745317	1.6630876	2.06216	10	2.0775692	0.4040587	1.5839101	Binding_SOS	1.2508234	0.24326797	0.9536105
E36T	E36T	36	36	1.848504	2.1952002	2.504684	2.2602763	2.5611506	1.9300171	1.8160146	1.2286338	2.3475726	2.2977643	10	2.0989816	0.40050584	1.5699829	Binding_SOS	1.2637149	0.24112894	0.9452255
E36V	E36V	36	36	1.4007449	1.3779535	1.6301398	1.1636747	1.3745419	1.3495976	1.3938497	1.3205096	1.3219814	1.1161687	10	1.3449161	0.13950327	0.5468528	Binding_SOS	0.8097215	0.08398947	0.32923874
E36W	E36W	36	36	2.8220265	2.399853	2.4019842	2.7476761	2.275072	2.5039897	2.69344	2.4110954	2.7004066	1.7362337	10	2.4691777	0.31528017	1.2358983	Binding_SOS	1.4865955	0.18981789	0.74408615
E36Y	E36Y	36	36	1.3808378	1.524101	0.43608052	0.5544861	0.93274826	1.0531296	1.5936183	1.3963709	1.5625503	0.73197174	10	1.1165894	0.4353053	1.7063968	Binding_SOS	0.6722549	0.26208034	1.027355
E48A	E48A	48	48	0.07951136	0.062398206	0.1568586	0.008729548	0.12204475	0.1446344	0.07472523	0.07977272	0.032592088	-0.074197166	10	0.06870697	0.06832843	0.26784745	Binding_SOS	0.041365784	0.04113788	0.1612605
E48C	E48C	48	48	0.35453475	0.2489816	0.33013144	0.33318585	0.3757877	0.07852553	0.6318172	0.45666927	0.4631052	0.6816854	10	0.3954424	0.17582291	0.68922585	Binding_SOS	0.23808043	0.10585611	0.41495597
E48D	E48D	48	48	0.04398234	-0.0070047886	-0.039070852	-0.12373266	0.15163326	0.14820735	0.11265075	0.08169308	0.026295595	0.12563112	10	0.052028526	0.08978172	0.35194433	Binding_SOS	0.031324346	0.054054067	0.21189195
E48F	E48F	48	48	0.34957007	0.27064666	-0.027322726	0.26165864	0.22993352	0.58360434	0.22923163	0.29616606	0.19694516	0.02511374	10	0.2415547	0.16809946	0.6589499	Binding_SOS	0.14543067	0.101206124	0.396728
E48G	E48G	48	48	0.07917349	0.020025503	0.0406488	-0.020294003	0.061323326	0.051353164	0.01923056	-0.025550466	-0.026502611	0.109187216	10	0.030859496	0.046254274	0.18131675	Binding_SOS	0.018579299	0.027847894	0.109163746
E48H	E48H	48	48	0.21588074	-0.28919658	0.23927961	0.16419543	0.020843703	-0.25518662	0.1145453	0.19692563	0.13052714	-0.059888702	10	0.04779256	0.19139597	0.7502722	Binding_SOS	0.028774036	0.11523204	0.45170963
E48I	E48I	48	48	0.5439701	0.5655391	0.3422003	-0.059917346	1.0373713	0.880762	0.22996002	0.5985545	0.48713273	0.45354983	10	0.5079123	0.3096084	1.213665	Binding_SOS	0.30579415	0.18640314	0.7307003
E48K	E48K	48	48	-0.544824	-0.032965552	-0.2092116	-0.026448445	-0.061256442	0.2868218	0.0044548763	-0.0057658264	-0.29303154	-0.16109145	10	-0.104331814	0.21894388	0.85826004	Binding_SOS	-0.06281412	0.13181756	0.5167249
E48L	E48L	48	48	0.9448875	0.81405365	0.8771589	0.5851657	0.96426135	0.82980466	1.0434228	1.1705706	0.75268936	0.5799475	10	0.8561962	0.18762428	0.73548716	Binding_SOS	0.5154823	0.112961255	0.44280812
E48M	E48M	48	48	-0.10312462	0.038551245	0.024210274	-0.07106102	-0.4421345	-0.17650142	-0.11095558	-0.23818162	-0.19455366	-0.23566478	10	-0.15094157	0.1410238	0.5528133	Binding_SOS	-0.09087603	0.084904924	0.3328273
E48N	E48N	48	48	0.14025721	0.025316078	0.037592087	0.20331328	0.17660937	0.03919699	0.039120503	0.3618748	0.2300199	0.33149314	10	0.15847933	0.12468331	0.4887586	Binding_SOS	0.09541422	0.075066954	0.29426247
E48P	E48P	48	48	0.12650906	-0.10784253	0.063032255	0.020647978	0.25620642	0.2851593	0.30221698	-0.18934795	0.5700059	0.14905472	10	0.14756422	0.2199877	0.86235183	Binding_SOS	0.08884265	0.132446	0.51918834
E48Q	E48Q	48	48	-0.048163764	0.15654159	-0.30789077	0.08756488	-0.01024905	-0.073847845	0.071639664	0.052892365	0.24839756	0.08132559	10	0.02582102	0.15071152	0.5907892	Binding_SOS	0.015545829	0.09073753	0.35569113
E48R	E48R	48	48	0.0591289	0.09113204	0.13809113	0.07526247	0.12582485	0.17698307	0.14953978	-0.004012976	0.084614046	0.083775766	10	0.09803391	0.051789608	0.20301527	Binding_SOS	0.059022393	0.031180501	0.122227564
E48S	E48S	48	48	-0.14744411	-0.0030377666	-0.17787501	-0.27666694	-0.37234828	-0.073428415	-0.19702221	-0.04476056	-0.083396964	0.11807086	10	-0.12579094	0.14041665	0.5504333	Binding_SOS	-0.07573382	0.08453938	0.3313944
E48T	E48T	48	48	0.19396418	0.25445616	0.23318662	0.28908736	0.3820576	0.25496602	0.12515663	0.19445254	0.20806435	0.17322001	10	0.23086114	0.07078642	0.27748275	Binding_SOS	0.13899249	0.04261774	0.16706154
E48V	E48V	48	48	0.20443471	0.21905646	0.14539778	0.26572573	0.13309698	0.28152737	0.039574698	0.18363945	0.06119623	0.035415016	10	0.15690644	0.08981148	0.352061	Binding_SOS	0.094467245	0.05407199	0.2119622
E48W	E48W	48	48	0.3012308	0.36502072	0.16893758	0.25389642	-0.12984063	0.14890835	0.15800835	-0.10048685	0.16979542	0.29764158	10	0.16331117	0.16390903	0.6425234	Binding_SOS	0.09832328	0.09868323	0.38683826
E48Y	E48Y	48	48	0.2321508	-0.05437256	-0.23201507	0.12413278	0.37670565	0.052295286	0.26073074	-0.08796699	0.32058117	0.40431532	10	0.13965571	0.21542129	0.8444515	Binding_SOS	0.084081255	0.12969676	0.5084113
E61A	E61A	61	61	0.43738034	0.4701693	0.61809826	0.45754558	0.5021089	0.50374126	0.49394438	0.37613857	0.4824554	0.55213356	10	0.48937154	0.06485327	0.25422484	Binding_SOS	0.2946315	0.039045624	0.15305886
E61C	E61C	61	61	-0.18369408	-0.09968947	-0.12310436	-0.16199148	-0.17199865	-0.19407836	-0.2819736	-0.32511574	-0.19586736	-0.18371648	10	-0.19212297	0.067115314	0.26309204	Binding_SOS	-0.11566974	0.040407512	0.15839745
E61D	E61D	61	61	-0.1103739	-0.16655444	-0.15912186	-0.18054141	-0.20115696	-0.10457967	0.025705645	-0.17946328	-0.2220601	-0.08339903	10	-0.13815449	0.07265294	0.28479955	Binding_SOS	-0.083177425	0.043741502	0.1714667
E61F	E61F	61	61	-0.09156511	0.030356064	0.04037024	-0.056388628	0.08747585	0.14613803	0.14405991	-0.14769049	-0.10781128	-0.04679317	10	-0.00018485784	0.10514631	0.41217354	Binding_SOS	-0.00011129569	0.06330449	0.24815361
E61G	E61G	61	61	0.37863126	0.3719238	0.29685262	0.38815546	0.39188024	0.3869612	0.38435277	0.33894366	0.3136054	0.46302405	10	0.37143305	0.0465577	0.18250617	Binding_SOS	0.22362535	0.028030572	0.109879844
E61H	E61H	61	61	0.18526444	0.23525976	0.012896236	0.10902789	0.109509856	0.066684164	0.0525361	-0.017593624	-0.02177942	0.06698082	10	0.07987861	0.083258	0.32637137	Binding_SOS	0.048091795	0.050126396	0.19649547
E61I	E61I	61	61	-0.22444585	0.06512077	-0.19048415	-0.13306092	-0.16424637	-0.28533405	-0.09365709	-0.20032464	-0.092117816	-0.08665985	10	-0.140521	0.096858546	0.37968552	Binding_SOS	-0.084602214	0.05831475	0.22859383
E61K	E61K	61	61	0.651549	0.6898473	0.46758503	0.3546497	0.302947	0.5705131	0.5673231	0.2627548	0.43149897	0.3668531	10	0.4665521	0.14796361	0.5800174	Binding_SOS	0.28089282	0.08908312	0.34920585
E61L	E61L	61	61	-0.46681684	-0.499164	-0.5728893	-0.394513	-0.53937423	-0.48992324	-0.3916885	-0.4709918	-0.442856	-0.50254935	10	-0.47707662	0.057526838	0.2255052	Binding_SOS	-0.2872292	0.034634665	0.13576789
E61M	E61M	61	61	-0.40786135	-0.38641813	-0.32400727	-0.25345856	-0.42406347	-0.36368114	-0.5270803	-0.37347212	-0.38330582	-0.21795698	10	-0.36613053	0.08704644	0.34122205	Binding_SOS	-0.2204329	0.05240726	0.20543647
E61N	E61N	61	61	-0.33853686	-0.39183524	-0.5921353	-0.46641845	-0.5077831	-0.4583249	-0.2240325	-0.32602692	-0.36227578	-0.2853008	10	-0.39526698	0.11104671	0.43530312	Binding_SOS	-0.23797482	0.06685689	0.26207903
E61P	E61P	61	61	0.059020896	0.031743344	0.045507967	0.11643818	0.06856033	0.09421531	0.1872884	0.02376512	0.063716955	0.22444479	10	0.09147014	0.066755086	0.26167995	Binding_SOS	0.0550706	0.040190633	0.15754728
E61Q	E61Q	61	61	0.27392274	0.34864807	0.28666788	0.106185116	0.111688256	0.21403636	0.21037064	0.091335796	0.1826184	0.20847298	10	0.20339462	0.084356055	0.33067575	Binding_SOS	0.12245596	0.05078749	0.19908696
E61R	E61R	61	61	0.79775923	0.82320225	0.740256	0.83897454	0.8025083	0.88514453	0.7873699	0.76451665	0.75266844	0.7296193	10	0.79220194	0.04818	0.1888656	Binding_SOS	0.47695386	0.029007297	0.11370861
E61S	E61S	61	61	0.30715066	0.3048368	0.2862958	0.13713048	0.26957712	0.35997602	0.21544173	0.27776623	0.26621783	0.3833677	10	0.28077605	0.06940359	0.27206206	Binding_SOS	0.1690443	0.04178519	0.16379796
E61T	E61T	61	61	0.1988969	0.14238213	0.18499507	0.29676285	0.09821465	0.34155264	0.29298854	0.19590515	0.20459536	0.28726962	10	0.2243563	0.07722629	0.30272704	Binding_SOS	0.13507617	0.046494935	0.18226014
E61V	E61V	61	61	0.3124321	0.3275147	0.26157975	0.2571617	0.26015398	0.30666563	0.25292078	0.24659917	0.2880535	0.17177035	10	0.26848516	0.044192515	0.17323466	Binding_SOS	0.16164443	0.02660659	0.10429783
E61W	E61W	61	61	-0.021588609	0.20539415	-0.0060602566	0.028691495	-0.11283864	0.13650939	0.17083456	0.2691271	-0.061126575	0.1810118	10	0.078995444	0.12935433	0.507069	Binding_SOS	0.047560073	0.07787919	0.30528644
E61Y	E61Y	61	61	0.5154902	0.7288721	0.4849416	0.481985	0.4681381	0.5603743	0.5201997	0.4938741	0.54312193	0.65595335	10	0.54529506	0.08429052	0.33041885	Binding_SOS	0.32830086	0.05074803	0.19893229
E62A	E62A	62	62	1.3810246	1.5638924	1.4471799	1.3447368	1.411088	1.454232	1.3762871	1.476967	1.5252731	1.4727447	10	1.4453427	0.06869957	0.2693023	Binding_SOS	0.8701844	0.04136133	0.1621364
E62C	E62C	62	62	1.3653138	0.9399682	0.96735305	1.1410059	0.7563353	1.0062069	0.81770486	0.9315898	0.8645392	1.367102	10	1.0157119	0.21238692	0.8325567	Binding_SOS	0.61152047	0.12786987	0.5012499
E62D	E62D	62	62	-0.17541568	-0.19009861	-0.040141974	0.08580423	-0.040685218	0.014385214	-0.038040172	-0.05897711	-0.11210219	-0.082165495	10	-0.063743696	0.08256643	0.32366043	Binding_SOS	-0.03837759	0.049710028	0.19486332
E62F	E62F	62	62	1.513414	1.304224	1.2493361	1.0978574	1.3169768	1.251962	1.3086859	1.2220954	1.2549247	1.2757199	10	1.2795196	0.10336513	0.40519133	Binding_SOS	0.7703488	0.06223211	0.24394988
E62G	E62G	62	62	0.6759965	0.6984513	0.728716	0.67012507	0.6622507	0.7061966	0.6683129	0.61284167	0.48729146	0.5805391	10	0.6490721	0.07144469	0.28006318	Binding_SOS	0.390781	0.04301406	0.16861512
E62H	E62H	62	62	0.90464914	0.9853397	0.85717785	0.93306357	0.8617407	0.851375	0.9148078	1.0459486	0.98777324	0.9971197	10	0.9338995	0.06767935	0.26530308	Binding_SOS	0.56226444	0.0407471	0.15972863
E62I	E62I	62	62	0.71022546	0.6997361	0.835632	1.0579437	1.005143	0.75626147	0.8505971	0.82342017	0.9885099	0.7801475	10	0.8507617	0.1261326	0.49443978	Binding_SOS	0.5122104	0.075939514	0.2976829
E62K	E62K	62	62	2.0656953	2.0551958	1.6709691	1.9727753	1.8854978	2.087233	2.013066	1.9518027	2.0469675	1.9795585	10	1.9728762	0.1224045	0.47982565	Binding_SOS	1.1877917	0.073694974	0.2888843
E62L	E62L	62	62	1.2862252	1.1441369	1.2462565	1.3137732	1.1143128	1.3784283	1.2299731	1.3792405	1.1660781	1.2466094	10	1.2505034	0.091688596	0.35941932	Binding_SOS	0.7528793	0.055202127	0.21639234
E62M	E62M	62	62	1.2766755	1.4418035	1.2713512	1.3516269	1.4981186	1.1428908	1.3843141	1.3752193	1.4326814	1.089634	10	1.3264315	0.1315343	0.51561445	Binding_SOS	0.7985926	0.07919166	0.31043133
E62N	E62N	62	62	0.819922	0.66537625	0.8983886	0.90219766	0.70289725	0.9826612	0.8221759	0.9188027	0.89908147	0.97023404	10	0.85817367	0.105934985	0.41526514	Binding_SOS	0.51667285	0.06377932	0.25001493
E62P	E62P	62	62	0.69986016	0.745895	0.62112445	0.7900736	0.84267664	0.8043522	0.7599126	0.69972485	0.70837545	0.6719276	10	0.7343922	0.066921614	0.26233274	Binding_SOS	0.4421489	0.040290892	0.1579403
E62Q	E62Q	62	62	1.4444188	1.1457441	1.0542715	1.2086174	1.0027541	1.292382	1.3387899	1.4121597	1.3545547	1.0730095	10	1.2326702	0.1581316	0.6198759	Binding_SOS	0.7421426	0.09520487	0.3732031
E62R	E62R	62	62	2.4100826	2.4849474	2.7970996	2.6066709	2.5735865	2.9046826	2.7956069	2.2745173	2.351128	2.5058904	10	2.5704212	0.20762506	0.8138903	Binding_SOS	1.5475503	0.12500295	0.49001157
E62S	E62S	62	62	0.8981283	0.8721939	0.86210114	0.8577394	0.89102024	0.9309973	0.9510399	0.88344395	0.8575271	0.90863854	10	0.8912829	0.031690024	0.124224894	Binding_SOS	0.53660667	0.019079326	0.074790955
E62T	E62T	62	62	0.35399285	0.36612687	0.48355135	0.38597322	0.3548095	0.571682	0.4117241	0.54967904	0.4120122	0.36604968	10	0.4255601	0.081147	0.31809625	Binding_SOS	0.25621313	0.048855443	0.19151334
E62V	E62V	62	62	0.28963986	0.2379178	0.24588531	0.2597897	0.23532102	0.26635692	0.29179236	0.27043006	0.25711378	0.24893515	10	0.26031822	0.019619053	0.07690669	Binding_SOS	0.15672745	0.011811866	0.046302516
E62W	E62W	62	62	1.7059968	1.2367023	1.3080221	1.3204871	0.91019017	1.2993997	1.8532492	1.2706075	1.0648482	0.6771498	10	1.2646652	0.3430222	1.344647	Binding_SOS	0.7614056	0.20652027	0.80955946
E62Y	E62Y	62	62	1.2670673	1.132036	1.0343405	1.1176405	1.0187565	1.2279932	1.1307318	1.1913605	0.90383494	1.186806	10	1.1210568	0.109248064	0.42825243	Binding_SOS	0.6749445	0.065773994	0.25783405
E75A	E75A	75	75	0.35201767	0.3294469	0.22773033	0.2868633	0.36772376	0.35297707	0.30289996	0.22260638	0.34308147	0.30500907	10	0.3090356	0.05101675	0.19998567	Binding_SOS	0.18605827	0.030715195	0.120403565
E75C	E75C	75	75	-0.16643764	-0.2369042	-0.22742498	-0.15636706	-0.18931068	-0.15845934	-0.23085505	-0.22706223	-0.32144672	-0.31457123	10	-0.2228839	0.058979977	0.23120151	Binding_SOS	-0.1341897	0.03550954	0.13919741
E75D	E75D	75	75	-0.12439105	-0.22139478	-0.21503954	-0.15507953	-0.23511323	-0.10712284	-0.29893854	-0.22385158	-0.16667013	-0.20866317	10	-0.19562645	0.057377867	0.22492124	Binding_SOS	-0.117779054	0.034544975	0.1354163
E75F	E75F	75	75	-0.09149222	-0.026218267	-0.13077798	-0.25428262	-0.15585512	-0.12415819	-0.17327642	-0.18259051	-0.24114554	-0.18278396	10	-0.15625808	0.06772994	0.26550138	Binding_SOS	-0.09407689	0.040777557	0.15984802
E75G	E75G	75	75	0.709901	0.70504946	0.7117246	0.72247237	0.7166313	0.7068671	0.67650324	0.80083114	0.6798778	0.68421817	10	0.71140754	0.03521585	0.13804615	Binding_SOS	0.42831072	0.02120209	0.083112195
E75H	E75H	75	75	0.31656575	0.50133395	0.39892524	0.47642455	0.43748513	0.2616635	0.452981	0.4237668	0.40252027	0.4953204	10	0.41669863	0.076948434	0.30163786	Binding_SOS	0.25087798	0.04632765	0.1816044
E75I	E75I	75	75	0.10863949	-0.15130873	-0.27733564	-0.18868604	-0.2578917	-0.14374815	-0.2604664	-0.19818842	-0.42045292	-0.051565826	10	-0.18410043	0.14221166	0.5574697	Binding_SOS	-0.11083969	0.08562009	0.33563077
E75K	E75K	75	75	0.48061228	0.42389986	0.29037988	0.30488637	0.32684344	0.2952299	0.35667065	0.16782692	0.19426115	0.41577828	10	0.32563886	0.0986153	0.386572	Binding_SOS	0.19605444	0.059372425	0.23273991
E75L	E75L	75	75	0.13803117	0.16161893	0.16661586	0.22929065	0.3401365	0.22193289	0.024799308	0.17222719	0.13906574	0.0873372	10	0.16810556	0.085052215	0.3334047	Binding_SOS	0.1012098	0.05120662	0.20072995
E75M	E75M	75	75	0.00011755333	0.086175315	0.13966933	0.09386187	0.27425316	0.28033233	0.18112482	0.16518149	0.1328351	0.16285895	10	0.151641	0.084231295	0.3301867	Binding_SOS	0.09129713	0.050712377	0.19879252
E75N	E75N	75	75	0.40738305	0.48892266	0.3245404	0.6953497	0.37575018	0.68099695	0.43161276	0.52429974	0.3512735	0.6047243	10	0.48848534	0.13452561	0.5273404	Binding_SOS	0.29409796	0.080992624	0.31749108
E75P	E75P	75	75	1.6593437	1.1477461	1.3453814	1.8069617	1.1502469	1.1024938	1.6362454	1.1518962	1.1741682	2.1524124	10	1.4326895	0.36119932	1.4159013	Binding_SOS	0.8625665	0.21746401	0.85245895
E75Q	E75Q	75	75	0.29635423	0.30458045	0.16247563	0.26580727	0.40240246	0.40815565	0.41316646	-0.15348634	0.1925943	0.3046464	10	0.25966966	0.16867094	0.6611901	Binding_SOS	0.15633696	0.10155019	0.39807677
E75R	E75R	75	75	0.65796274	0.6313539	0.48683986	0.56266236	0.6029211	0.38713485	0.40584764	0.44685772	0.50046265	0.5446974	10	0.522674	0.093204	0.3653597	Binding_SOS	0.31468162	0.05611449	0.21996881
E75S	E75S	75	75	0.24898133	0.2397325	0.16428536	0.25546142	0.17934695	0.2944028	0.26434776	0.2099479	0.17081113	0.24340008	10	0.22707173	0.043861087	0.17193547	Binding_SOS	0.13671103	0.026407048	0.10351563
E75T	E75T	75	75	-0.3821058	-0.37969044	-0.2839161	-0.3491981	-0.3248079	-0.23888433	-0.23656328	-0.27384645	-0.16313876	-0.26152864	10	-0.28936797	0.06984945	0.27380982	Binding_SOS	-0.17421716	0.042053625	0.16485022
E75V	E75V	75	75	-0.33526024	-0.3550222	-0.24974729	-0.103279546	-0.23303682	-0.34158152	-0.3453872	-0.30835766	-0.20716847	-0.2663735	10	-0.27452144	0.0796484	0.31222174	Binding_SOS	-0.16527864	0.047953192	0.18797652
E75W	E75W	75	75	0.1463615	0.0010460607	0.24474281	0.008331832	0.04463913	0.15435751	-0.050159346	0.00836924	0.060696244	0.12224903	10	0.0740634	0.090413325	0.35442024	Binding_SOS	0.04459068	0.054434333	0.21338259
E75Y	E75Y	75	75	-0.56379503	-0.6219998	-0.5531862	-0.6307413	-0.5208076	-0.41873145	-0.5684705	-0.81211275	-0.47633412	-0.5807357	10	-0.5746914	0.10504292	0.41176826	Binding_SOS	-0.34599927	0.06324224	0.24790959
E90D	E90D	90	90	-0.04283161	-0.54954267	-0.4761768	-0.36267242	0.021346034	-0.40995324	-0.24722342	-0.045134168	-0.49305096	0.07552667	10	-0.25297126	0.23632371	0.926389	Binding_SOS	-0.15230413	0.14228128	0.5577426
E90G	E90G	90	90			-0.5775358	0.7031061	0.26306838	0.22563681	0.8684831	-0.41297433	0.5865151		7	0.2366142	0.5515024	2.1618896	Binding_SOS	0.14245617	0.33203807	1.3015893
E90R	E90R	90	90	0.07497708	0.20730661	0.34382224	0.513543	-0.08106801	0.1384183	-0.17676982	0.24638382	0.7136143	0.6997142	10	0.26799417	0.30347222	1.1896111	Binding_SOS	0.16134883	0.18270878	0.7162185
E90V	E90V	90	90	0.42476138				0.565824	0.61267155	0.40709049	0.53620386	0.56835383	0.46941096	7	0.51204515	0.07876522	0.30875966	Binding_SOS	0.3082824	0.047421467	0.18589215
E97A	E97A	97	97	0.2915503	0.33834592	0.29674312	0.21449563	0.27721772	0.3961274	0.38110474	0.5390563	0.2741528	0.3242108	10	0.33330047	0.08976131	0.35186434	Binding_SOS	0.2006672	0.05404178	0.21184379
E97C	E97C	97	97	0.6947307	0.6771424	0.4626479	0.3461777	0.93866324	0.67022663	0.70089835	0.9833867	0.30814296	0.7895636	10	0.657158	0.22692415	0.8895427	Binding_SOS	0.3956492	0.13662218	0.53555894
E97D	E97D	97	97	-0.08146621	-0.19729188	-0.0069464603	0.024589304	-0.017284939	-0.024908049	-0.19026928	-0.16338708	-0.016494233	0.012460309	10	-0.06609985	0.08613042	0.33763126	Binding_SOS	-0.03979614	0.05185576	0.2032746
E97F	E97F	97	97	1.4967766	0.98511934	1.0634007	1.2496226	0.8265989	0.07589195	0.90043485	0.9602426	0.70701283	1.1184033	10	0.9383504	0.3757557	1.4729624	Binding_SOS	0.56494415	0.22622783	0.8868131
E97G	E97G	97	97	0.21632563	0.15404595	0.18401003	0.3921237	0.33066216	0.42376313	0.2330116	0.42816418	0.36449093	0.23878087	10	0.29653782	0.102849625	0.40317053	Binding_SOS	0.17853385	0.061921746	0.24273324
E97H	E97H	97	97	0.69912946	-0.23905098	0.3324682	0.15546295	-0.16030066	0.26682138	-0.36661828	0.4160519	0.1675643	0.31640595	10	0.15879342	0.32677996	1.2809775	Binding_SOS	0.095603324	0.19674146	0.7712265
E97I	E97I	97	97	1.447036	1.4770855	1.5017565	1.5166327	0.5375578	1.1668805	1.5287882	1.3309759	1.3957925	1.4425533	10	1.3345059	0.30010143	1.1763977	Binding_SOS	0.8034539	0.18067937	0.7082631
E97K	E97K	97	97	0.17055213	0.60814756	0.34923524	0.43675622	0.4664796	0.41501358	0.6230591	0.7846915	0.44586596	0.62088925	10	0.492069	0.17269638	0.6769698	Binding_SOS	0.29625556	0.103973754	0.40757713
E97L	E97L	97	97	0.73932946	0.68897414	0.60465467	0.7034431	0.58279765	0.6588355	0.5920194	0.7780909	0.71488917	0.6525559	10	0.671559	0.06527173	0.2558652	Binding_SOS	0.40431947	0.03929756	0.15404643
E97M	E97M	97	97	0.65022665	0.69544744	1.0458038	1.5451207	1.0532652	0.9915658	1.3431212	0.98129976	1.5770563	1.1159116	10	1.0998819	0.31305024	1.227157	Binding_SOS	0.662196	0.18847533	0.7388233
E97N	E97N	97	97	0.46348628	0.38988075	0.69009984	0.7259422	0.5967397	0.4803738	0.5158407	0.7529462	0.5543382	0.560712	10	0.573036	0.119219616	0.46734092	Binding_SOS	0.34500262	0.07177748	0.28136772
E97P	E97P	97	97	-0.5776569	0.05744596	0.7773982	-0.20409463	1.0541716	-0.08757259	-0.37502	0.6621175	-0.26970026	-1.0426401	10	-0.0005551338	0.65326613	2.5608032	Binding_SOS	-0.0003342244	0.39330605	1.5417597
E97Q	E97Q	97	97	1.3303394	0.47449523	0.41970843	0.09250576	0.31965926	0.21162595				0.43953118	7	0.46969503	0.4032209	1.5806259	Binding_SOS	0.28278506	0.24276356	0.9516332
E97R	E97R	97	97	0.27014166	0.18168639	0.28093317	0.18515146	0.35890582	0.2521747	0.31498364	0.45069256	0.41130877	0.2606122	10	0.29665905	0.08879608	0.34808064	Binding_SOS	0.17860684	0.053460654	0.20956577
E97S	E97S	97	97	-0.05900103	-0.057248525	-0.12283151	0.22666435	0.2558408	0.10674869	0.0858031	-0.05756876	0.019523937	0.26239216	10	0.06603233	0.14390472	0.5641065	Binding_SOS	0.039755486	0.08663941	0.3396265
E97T	E97T	97	97	0.7231102	0.7145213	0.6448187	0.8912165	0.5360279	0.60327697	0.99500227	0.78390366	0.6094056	0.28766924	10	0.6788952	0.19562773	0.7668607	Binding_SOS	0.4087363	0.11777982	0.46169692
E97V	E97V	97	97	0.32781532	0.35018975	0.561296	1.1648017	1.1461426	1.2684386	0.7660518	0.79819334	0.7751031	0.7770275	10	0.793506	0.32599908	1.2779164	Binding_SOS	0.477739	0.19627133	0.7693836
E97W	E97W	97	97	2.0504105	1.0690125	1.5405725	2.0617707	0.76627564	0.27916616	2.0873325	1.4234117	1.2662235	1.1913061	10	1.3735483	0.59400606	2.3285038	Binding_SOS	0.8269598	0.35762787	1.4019012
E97Y	E97Y	97	97	0.11937732				1.6019156	0.08583885	0.39504293	-0.07370891	0.8540248	0.17774892	7	0.4514628	0.5892746	2.3099563	Binding_SOS	0.27180815	0.35477924	1.3907347
F140A	F140A	140	140	0.1707728	-0.5297797	0.77343994	-0.114029005	1.2628621				0.5400856	-0.0072968043	7	0.29943642	0.60276765	2.3628492	Binding_SOS	0.18027899	0.36290288	1.4225793
F140C	F140C	140	140				-0.8886805	-0.5012215	-0.36273295	0.18990096	-0.5030079	0.098864265	-0.40816787	7	-0.3392922	0.37241805	1.4598788	Binding_SOS	-0.2042746	0.22421837	0.878936
F140G	F140G	140	140	-0.40011448	-0.7010168	-0.25226933	0.7883396	-0.06785458	0.23582022	-0.6592983	0.74995667	-0.3165762	-0.01134899	10	-0.06343621	0.52218217	2.0469542	Binding_SOS	-0.038192466	0.3143855	1.2323912
F140I	F140I	140	140	-0.60344225	-0.020052362	0.046243187	-0.07506355	-0.6753408	-0.8556543	-0.92626125	0.3113254	-0.54989535	-0.6384753	10	-0.39866167	0.42637423	1.671387	Binding_SOS	-0.24001864	0.2567033	1.006277
F140L	F140L	140	140	0.25514254	0.5471367	-0.63745296	-0.8426977	-0.26786697				-0.45658612	-0.087472096	7	-0.21282808	0.491892	1.9282167	Binding_SOS	-0.12813549	0.296149	1.160904
F140N	F140N	140	140	0.081306085	-0.17228144	-0.23602608	-0.40742564	0.0069734366	-0.44387054	-0.035234906	-0.42963853	-0.3973004	-0.3203487	10	-0.23538467	0.19644265	0.7700552	Binding_SOS	-0.14171593	0.11827045	0.46362016
F140S	F140S	140	140	-0.40736806	-0.09172592	-0.07168029	-0.1380301	-0.5090478	-0.15599152	-0.4359336	-0.25333765	-0.68568164	-0.44239178	10	-0.31911883	0.20648791	0.8094326	Binding_SOS	-0.19212899	0.12431831	0.48732778
F140Y	F140Y	140	140	0.21466774	0.47063717	-0.22461441	0.40230444	0.7518729		-0.65855175	0.30155933	0.0074825506	0.06377948	9	0.14768194	0.41497856	1.626716	Binding_SOS	0.08891353	0.2498424	0.9793823
F155A	F155A	155	155	-0.29563618	-0.2561592	-0.0022674284	-0.3751223	-0.20074628	-0.21889527	-0.37189233	-0.67698085	-0.39534324	-0.44579947	10	-0.32388425	0.1778216	0.6970607	Binding_SOS	-0.19499807	0.10705945	0.41967306
F155C	F155C	155	155	-0.3087235	-0.45703393	-1.0120739	-0.44805998	-0.83839864	-0.46727806	-0.49491793	-0.62003046	-0.53125054	-0.3676931	10	-0.554546	0.21656324	0.8489279	Binding_SOS	-0.3338705	0.13038428	0.5111064
F155D	F155D	155	155	-0.7259774	-0.6222609	0.70661676	-0.051571976	0.0065826983	0.9473404	0.19235888	0.35476115	0.4636007	0.24670747	10	0.15181577	0.52934796	2.075044	Binding_SOS	0.09140235	0.31869975	1.249303
F155E	F155E	155	155	0.581396	-0.039549503	-0.6460076	-0.43355942	-0.31310067	-1.0295032	-1.0565381	-0.089526445	-0.9416437	-0.23844987	10	-0.42064825	0.5165251	2.0247784	Binding_SOS	-0.2532559	0.3109796	1.21904
F155G	F155G	155	155	0.9372304	0.67661566	0.53788203	0.61951184	1.257843	0.97256786	0.6217938	0.82906777	0.18468347	0.6994949	10	0.7336691	0.28907087	1.1331578	Binding_SOS	0.44171354	0.17403829	0.6822301
F155H	F155H	155	155	-1.1482832	-1.1371325	-0.6556239	-0.55059034	-0.8333487	-0.9953824	-0.7253518	-0.84094965	-0.397187	-0.8378307	10	-0.812168	0.241926	0.94834995	Binding_SOS	-0.48897466	0.1456542	0.57096446
F155I	F155I	155	155	-0.471437	-0.49509278	-0.4887466	-0.5145162	-0.35599908	-0.17054012	-0.29098678	-0.35713488	-0.25429314	-0.23195764	10	-0.36307043	0.12439891	0.48764375	Binding_SOS	-0.21859054	0.07489573	0.29359126
F155K	F155K	155	155	1.7340828	1.3221815	1.1936328	1.1203171	0.3218244	0.7749752	0.7845852	0.7177635	0.16577761	1.2575151	10	0.93926555	0.4780309	1.8738811	Binding_SOS	0.56549513	0.28780374	1.1281906
F155L	F155L	155	155	-0.7293711	-1.2472273	-1.452158	-1.184416	-1.0427339	-1.0123951	-1.3140186	-1.1559894	-0.5063383	-0.23487172	10	-0.98795193	0.38375473	1.5043186	Binding_SOS	-0.5948073	0.23104374	0.9056915
F155M	F155M	155	155	-0.3685459	-0.48528004	-0.6584467	-0.5331816	-0.5594639	-0.53685194	-0.27493918	-0.5509404	-0.3841046	-0.5560523	10	-0.49078065	0.114294074	0.44803277	Binding_SOS	-0.29547986	0.068812005	0.26974306
F155N	F155N	155	155	-0.19595699	0.10527152	-0.40806103	-0.32937312	-0.07864842	-0.26540413	-0.0064844973	0.18567576	0.05390981	0.2949355	10	-0.06441357	0.23190667	0.9090741	Binding_SOS	-0.038780898	0.13962196	0.5473181
F155P	F155P	155	155	-0.3283284	-0.18257731	0.32123825	-0.05474867	-0.7507506	0.15844813	-0.26182008	-0.18452944	-0.21199775	-0.018532906	10	-0.15135989	0.28960642	1.1352572	Binding_SOS	-0.09112788	0.17436072	0.68349403
F155Q	F155Q	155	155	-0.5805145	-0.88937163	-0.41624388	-0.5933013	-0.71198	-0.98672986	-0.6257396	-0.61907583	-1.1906637	-0.9772651	10	-0.7590885	0.24017902	0.94150174	Binding_SOS	-0.45701757	0.14460242	0.5668415
F155R	F155R	155	155	1.0023794	0.6074347	0.62371594	1.0433385	0.31681377	0.9008428	1.157859	0.89045477	0.29203266	0.8439426	10	0.76788145	0.2977429	1.1671522	Binding_SOS	0.46231145	0.17925939	0.7026968
F155S	F155S	155	155	-0.2875942	-0.547227	-0.40991944	-0.17978689	-0.030773811	-0.09019728	-0.36369112	-0.11056518	-0.4355596	-0.17033857	10	-0.2625653	0.17173156	0.67318773	Binding_SOS	-0.15808032	0.10339287	0.40530005
F155T	F155T	155	155	-0.65224147	-0.52833694	-0.7570644	-0.4438972	-0.71825004	-0.6796067	-0.56225824	-0.5648379	-0.99231464	-0.5928948	10	-0.6491703	0.15263149	0.5983155	Binding_SOS	-0.39084008	0.091893464	0.3602224
F155V	F155V	155	155	-0.3327789	-0.2803187	-0.5131253	-0.5016918	-0.30438122	-0.46998957	-0.35174948	-0.2273943	-0.31752065	-0.44344264	10	-0.37423924	0.10010945	0.39242905	Binding_SOS	-0.22531484	0.060271993	0.23626623
F155W	F155W	155	155	0.20749919	0.19202106	0.0771313	0.30353197	0.17844033	0.4092308	0.0765912	0.016630054	0.07749778	0.17488073	10	0.17134544	0.118536934	0.4646648	Binding_SOS	0.1031604	0.07136646	0.27975652
F155Y	F155Y	155	155	-0.0021569785	0.27381054	-0.02408364	0.0916798	-0.17151466	0.030462494	0.017555095	-0.06768507	-0.11192136	0.027747832	10	0.0063894065	0.12114493	0.47488812	Binding_SOS	0.0038468123	0.07293663	0.2859116
F27A	F27A	27	27	2.4194608	2.20772	2.3382132	2.3239682	2.2078938	2.3073838	2.4449177	2.2219772	2.5040586	2.3409095	10	2.3316503	0.10205883	0.4000706	Binding_SOS	1.4037956	0.06144564	0.24086691
F27C	F27C	27	27	1.7236857	1.5552346	1.6761886	1.4823434	1.4325739	1.5039716	1.5637538	1.6884065	1.1479392	1.6929705	10	1.5467068	0.17254086	0.6763602	Binding_SOS	0.93121177	0.103880115	0.40721005
F27D	F27D	27	27	2.6505136	2.6703444	2.6380124	2.9571755	2.828383	2.0767734	2.4379458	3.2125065	2.3338666	2.7694547	10	2.6574976	0.32151586	1.2603422	Binding_SOS	1.5999756	0.19357215	0.75880283
F27E	F27E	27	27	2.7003021	2.8586106	2.3309476	2.4679706	2.7751224	2.0703738	2.921378	2.534819	2.930151	3.2601118	10	2.6849785	0.34286353	1.344025	Binding_SOS	1.6165208	0.20642476	0.8091851
F27G	F27G	27	27	2.8165376	2.8417037	2.368947	2.761759	2.7954273	2.5603018	2.684356	2.5445428	2.7016904	2.6582239	10	2.673349	0.14710169	0.57663864	Binding_SOS	1.609519	0.08856419	0.34717163
F27H	F27H	27	27	1.1299863	1.3594531	1.2601357	1.6370131	0.99832225	1.0729321	1.1156136	1.119538	1.1142489	1.19769	10	1.2004933	0.18339255	0.71889883	Binding_SOS	0.7227702	0.1104135	0.43282092
F27I	F27I	27	27	1.5803739	1.6733028	1.6456919	1.5694289	1.4937443	1.7583675	1.6838694	1.8196659	1.7245203	1.5963585	10	1.6545324	0.09787712	0.38367832	Binding_SOS	0.9961294	0.058927994	0.23099774
F27K	F27K	27	27	2.0935442	2.407644	1.831301	2.4359167	2.0379314	2.4382625	2.2658756	2.3843172	1.9315971	2.1093602	10	2.193575	0.22291878	0.87384164	Binding_SOS	1.3206658	0.13421069	0.52610594
F27L	F27L	27	27	1.803764	1.7413924	1.7521863	1.8419775	1.927675	1.7648414	1.9236255	1.847699	1.8853828	1.6050036	10	1.8093548	0.09833699	0.385481	Binding_SOS	1.0893419	0.05920486	0.23208307
F27M	F27M	27	27	1.5413862	1.2766541	1.4874444	1.4624211	1.1061734	1.2413634	1.1413223	1.094926	1.210306	1.1689895	10	1.2730986	0.16550973	0.64879817	Binding_SOS	0.76648295	0.09964695	0.39061606
F27N	F27N	27	27	2.324036	2.202584	1.5341413	2.3021119	2.1805172	2.8705518	2.1692905	2.9219296	2.000951	2.301299	10	2.2807412	0.3980538	1.5603709	Binding_SOS	1.3731452	0.23965265	0.9394384
F27P	F27P	27	27	2.5956311	2.7853718	2.408404	2.7701714	2.3622828	2.4353158	2.2950056	2.984277	2.764299	2.3853972	10	2.5786157	0.23400983	0.9173186	Binding_SOS	1.5524839	0.14088818	0.5522817
F27Q	F27Q	27	27	2.047099	2.463756	1.9218396	2.5907028	2.7984548	2.6826594	2.3495183	1.8626266	1.8118706	1.8238151	10	2.235234	0.3844184	1.5069201	Binding_SOS	1.3457471	0.23144332	0.9072578
F27R	F27R	27	27	2.3832846	2.0220475	2.3156254	2.488738	2.3651667	2.101526	2.5691702	2.7153335	2.111642	2.2095819	10	2.3282113	0.22219825	0.87101716	Binding_SOS	1.4017252	0.13377689	0.5244054
F27S	F27S	27	27	2.159397	1.9395846	1.6479172	1.7572051	1.7459909	1.8655462	2.1916964	1.8271619	2.1444967	2.0181816	10	1.9297177	0.19235441	0.75402933	Binding_SOS	1.1618077	0.11580908	0.45397162
F27T	F27T	27	27	2.8476515	2.0148118	2.6011503	1.8568342	1.7946044	2.117469	1.9706126	2.2318957	2.1279309	2.554407	10	2.211737	0.34747422	1.3620989	Binding_SOS	1.3316004	0.20920067	0.82006663
F27V	F27V	27	27	1.974345	2.142932	1.8099566	2.1272602	2.2607906	2.1065636	2.1686938	2.1089103	2.058229	2.1118522	10	2.0869534	0.12173683	0.47720838	Binding_SOS	1.2564732	0.07329299	0.28730854
F27W	F27W	27	27	0.12547992	0.18882081	0.35334674	0.30484918	0.38598728	0.1585152	0.3250404	0.046590548	0.21887048	0.02772141	10	0.2135222	0.12643668	0.49563178	Binding_SOS	0.12855338	0.07612259	0.29840055
F27Y	F27Y	27	27	0.05829032	0.33551794	0.2802143	0.33387354	0.30054274	0.2556521	0.32252803	0.30232498	0.3196047	0.45290315	10	0.29614514	0.09849933	0.38611737	Binding_SOS	0.17829743	0.059302602	0.2324662
F77A	F77A	77	77	1.163618	1.1637406	1.3405259	1.2123122	0.84788334	1.216927	1.1740017	1.460997	1.2167474	1.1936089	10	1.1990362	0.15488976	0.6071679	Binding_SOS	0.72189295	0.09325308	0.3655521
F77C	F77C	77	77	0.874466	0.928709	0.655289	0.93229854	1.0439048	1.0948511	0.7881561	0.8064925	1.003298	0.8426627	10	0.8970128	0.13174045	0.51642257	Binding_SOS	0.5400564	0.07931578	0.31091788
F77D	F77D	77	77	0.68419874	0.011830905	-0.34069893	-0.4799268	0.06136727	-0.04245915	-0.06687009	0.27516484	0.3114809	0.35568333	10	0.076977104	0.34394857	1.3482784	Binding_SOS	0.04634491	0.20707801	0.8117458
F77E	F77E	77	77	-0.12756866	0.3197166	0.32591945	0.16477703	-0.25479868	-0.50816804	-1.0468171	0.3291113	0.3656389	0.14505444	10	-0.02871347	0.46255964	1.8132339	Binding_SOS	-0.01728726	0.2784891	1.0916773
F77G	F77G	77	77	2.4299622	2.3673806	1.6397734	2.5621324	2.1893623	1.4445711	1.3634057	2.5396802	2.5597596	2.6675034	10	2.176353	0.5004826	1.9618919	Binding_SOS	1.3102973	0.30132106	1.1811786
F77H	F77H	77	77	-0.16546962	-0.30615923	0.029866304	0.17946322	-0.18621482	-0.5456593	-0.45515195	0.09485449	0.22368585	-0.07804397	10	-0.12088289	0.26093698	1.0228729	Binding_SOS	-0.07277887	0.15709996	0.61583185
F77I	F77I	77	77	-0.3095298	-0.3784976	-0.2552647	-0.39883396	-0.58795875	-0.43702632	-0.15415537	-0.31813887	-0.35901478	-0.42793262	10	-0.36263528	0.11639775	0.4562792	Binding_SOS	-0.21832855	0.070078544	0.2747079
F77L	F77L	77	77	-0.13645537	-0.12159476	-0.13690199	-0.13950597	-0.2884269	-0.18637367	-0.23142439	-0.16397905	-0.19526857	-0.10101592	10	-0.17009467	0.056757893	0.22249095	Binding_SOS	-0.10240736	0.03417171	0.13395311
F77M	F77M	77	77	-0.11433418	-0.3628902	-0.28105402	-0.48964587	-0.62696	-0.3824135	-0.53002864	-0.43360716	-0.7184951	-0.33711234	10	-0.4276541	0.17409132	0.682438	Binding_SOS	-0.25747383	0.10481359	0.41086927
F77N	F77N	77	77	0.03584244	0.83521175	1.5210646	1.2299798	0.5688481	0.17511396	1.4016747	-0.079267554	-0.28928265	0.19140719	10	0.55905926	0.6536588	2.5623426	Binding_SOS	0.33658776	0.39354247	1.5426865
F77P	F77P	77	77	0.6656605	0.54068273	0.21602331	-0.6573324	0.89888424	1.061884	0.8412959	0.10572361	0.5535951	0.9949403	10	0.52213573	0.52056134	2.0406005	Binding_SOS	0.31435755	0.31340966	1.2285659
F77Q	F77Q	77	77	0.94775414	0.9682339	1.3007402	1.547262	1.1480256	1.5834854	0.8307319	1.4033457	1.4842122	1.7637383	10	1.297753	0.31244105	1.224769	Binding_SOS	0.7813264	0.18810856	0.7373856
F77R	F77R	77	77	0.936832	0.8130031	0.76671624	0.48687294	0.75529325	0.8546129	0.70119935	0.42291942	0.65221286	0.30602613	10	0.6695688	0.20295301	0.7955758	Binding_SOS	0.40312123	0.12219009	0.47898516
F77S	F77S	77	77	1.2964181	1.2029264	0.8586115	1.2490637	1.2238874	0.99376327	0.6727029	1.1087009	1.1825719	1.3217328	10	1.1110377	0.20915712	0.8198959	Binding_SOS	0.6689125	0.12592535	0.49362737
F77T	F77T	77	77	1.3932034	0.67797285	0.9580864	0.7516787	1.1777303	0.9223859	0.7646203	0.60458475	1.4890277	1.2359443	10	0.9975235	0.31017128	1.2158715	Binding_SOS	0.60056996	0.18674202	0.7320287
F77V	F77V	77	77	-0.09438778	-0.07253905	-0.10458401	-0.1504467	-0.050298467	-0.09831211	0.0015395116	-0.056393676	-0.0042786477	-0.09313732	10	-0.07228382	0.04662399	0.18276605	Binding_SOS	-0.043519266	0.028070485	0.110036306
F77W	F77W	77	77	0.6676967	0.6629897	0.57435185	0.654203	0.6342073	0.6453122	0.7128504	0.613009	0.58361155	0.6187912	10	0.6367023	0.04139945	0.16228585	Binding_SOS	0.3833336	0.024924994	0.097705975
F77Y	F77Y	77	77	0.49043715	0.2660607	0.31994182	0.54006433	0.32351175	0.29252088	0.26256618	0.38114503	0.30028093	0.4738241	10	0.3650353	0.1010832	0.39624614	Binding_SOS	0.2197735	0.06085825	0.23856434
F81A	F81A	81	81	-0.36430633	-0.5674398	-0.54901874	-0.16771075	-0.31423324	-0.3228418	-0.73027176	-0.30453664	-0.07229504	-0.056923833	10	-0.3449578	0.21903129	0.85860264	Binding_SOS	-0.20768563	0.1318702	0.5169312
F81C	F81C	81	81	-0.46521735	-0.44938374	-0.61970955	-0.37760642	-0.55506057	-0.41607162	-0.39201468	-0.60609293	-0.6115182	-0.43394613	10	-0.49266213	0.095647246	0.3749372	Binding_SOS	-0.29661265	0.057585474	0.22573507
F81D	F81D	81	81	0.024671242	0.34272113	0.6088649	0.1813227	0.02272129	0.3594462	0.47730646	0.19619451	-0.4288497	0.7656449	10	0.25500435	0.33953306	1.3309696	Binding_SOS	0.15352817	0.2044196	0.80132484
F81E	F81E	81	81	0.33078325	0.3009985	-0.52726716	-0.23336856	-0.040739957	0.17866148	0.42009303	0.14679503	-0.202187	-0.32731986	10	0.004644877	0.31831115	1.2477797	Binding_SOS	0.002796499	0.19164272	0.7512395
F81G	F81G	81	81	-0.69619	-0.40151063	-0.6544165	-0.70899105	-0.84591454	-1.0697737	-0.68254435	-0.5328869	-0.33109096	-0.50386226	10	-0.64271814	0.2158384	0.84608656	Binding_SOS	-0.3869555	0.12994789	0.5093957
F81H	F81H	81	81	-0.64624983	-0.51991105	-0.5247057	-0.5375831	-0.5933779	-0.57958066	-0.57281315	-0.5696518	-0.4754613	-0.121784285	10	-0.5141119	0.14555326	0.5705688	Binding_SOS	-0.3095267	0.08763194	0.3435172
F81I	F81I	81	81	0.018906567	-0.076151736	0.16875418	-0.0339996	-0.0997365	-0.091984235	0.03669153	-0.15688528	-0.15437798	-0.047152102	10	-0.043593515	0.09843788	0.3858765	Binding_SOS	-0.026245954	0.059265606	0.23232119
F81K	F81K	81	81	-0.37184882	-0.17947811	-0.054530706	-0.05014011	-0.20935953	0.6780717	0.8582951	-0.29654944	0.4367911	0.57237333	10	0.13836244	0.4510669	1.7681823	Binding_SOS	0.083302625	0.2715698	1.0645536
F81L	F81L	81	81	-0.4766924	-0.38109866	-0.6024632	-0.3498714	-0.35229662	-0.4464592	-0.2206239	-0.30160314	-0.3251966	-0.473741	10	-0.3930046	0.10882143	0.42658	Binding_SOS	-0.23661274	0.065517135	0.25682718
F81M	F81M	81	81	-0.2971031	-0.5196572	-0.98645097	-0.9082854	-0.541251	-1.0650702	-0.8135428	-0.83404195	-0.6990196	-0.28347614	10	-0.6947898	0.27544805	1.0797564	Binding_SOS	-0.41830584	0.16583653	0.6500792
F81N	F81N	81	81	-0.17842461	0.1280921	-0.455669	-0.012645576	-0.16981892	-0.21198457	-0.12580901	0.18279973	-0.32258186	-0.06731095	10	-0.123335265	0.19308333	0.75688666	Binding_SOS	-0.07425535	0.11624794	0.45569193
F81P	F81P	81	81	0.27114025	0.5051182	1.0453478	0.41601524	0.2700337	0.45408216	0.2119822	-0.3277676	0.5821855	0.70977116	10	0.41379088	0.3584605	1.4051651	Binding_SOS	0.24912734	0.21581507	0.84599507
F81Q	F81Q	81	81	1.388786	1.3315297	0.5829226	0.5761648	0.8525624	0.8471064	0.38646576	0.18109344	0.47927615	0.6772234	10	0.73031306	0.38799062	1.5209233	Binding_SOS	0.439693	0.23359402	0.9156886
F81R	F81R	81	81	0.95437926	1.4429116	1.6406258	1.4935336	0.94695055	0.6091033	1.4085605	1.1564541	1.3685035	1.4909102	10	1.2511933	0.3240456	1.2702588	Binding_SOS	0.75329465	0.19509521	0.76477325
F81S	F81S	81	81	-0.031277154	-0.0129008135	-0.0026206179	-0.05255805	-0.09418457	-0.072907455	-0.06422777	-0.08109666	-0.0971063	-0.0019225455	10	-0.05108019	0.036732487	0.14399135	Binding_SOS	-0.030753389	0.022115197	0.08669157
F81T	F81T	81	81	-0.5325565	0.087973066	-0.4989913	-0.3267832	0.11497701	0.09144355	-0.18546554	-0.06178548	-0.13991909	-0.5099778	10	-0.19610853	0.25862908	1.013826	Binding_SOS	-0.1180693	0.15571047	0.61038506
F81V	F81V	81	81	0.18927889	-0.004070405	-0.0530164	-0.1577535	-0.100479096	0.20401491	0.21519633	0.0599945	0.12865196	-0.017981859	10	0.046383537	0.13355285	0.5235272	Binding_SOS	0.027925719	0.08040696	0.31519526
F81W	F81W	81	81	-0.3378165	-0.59484017	-0.41684434	-0.2733939	-0.24791522	-0.520705	-0.34970525	-0.3339967	-0.59566724	-0.6407354	10	-0.43116197	0.14501199	0.568447	Binding_SOS	-0.2595858	0.08730606	0.34223977
F81Y	F81Y	81	81	-0.30094236	-0.1603361	-0.12839168	-0.07054204	-0.27640322	0.029579464	-0.10423523	-0.1730254	-0.22634688	-0.14718986	10	-0.15578333	0.097766355	0.38324413	Binding_SOS	-0.09379106	0.058861308	0.23073633
F89A	F89A	89	89	-0.7628521	-1.1424007	-1.0247965	-0.8474997	-0.8126349				-0.93323874	-0.866645	7	-0.9128667	0.13202858	0.517552	Binding_SOS	-0.54960144	0.07948925	0.31159788
F89C	F89C	89	89	-0.042892292	-0.30129966	-0.07821332	-0.8740338	-0.3415493		-0.15325817	0.27136213	-0.3614408	-0.08971486	9	-0.21900447	0.31294504	1.2267445	Binding_SOS	-0.13185404	0.188412	0.73857504
F89G	F89G	89	89	-0.5076471	-0.28976807	-0.45681152	-0.57542926	-0.31872344	-0.12952113	0.09231196	-0.030994272	0.13039549	-0.11744014	10	-0.22036275	0.24821742	0.9730123	Binding_SOS	-0.13267182	0.14944202	0.58581275
F89I	F89I	89	89	-0.023286406	0.039537083	-0.48961028	-0.6297947	-0.2472296	-0.12800346	0.17156538	0.09715711	-0.06429799	0.11222475	10	-0.11617382	0.26595983	1.0425626	Binding_SOS	-0.069943726	0.16012403	0.6276862
F89L	F89L	89	89	0.20237961	-0.07365655	-0.11608941	0.003559718	-0.081399575	-0.12035515	0.1294207	-0.04385967		0.35471642	9	0.028301788	0.16517857	0.6475	Binding_SOS	0.017039401	0.09944757	0.3898345
F89N	F89N	89	89	-0.3605897	-0.28505084	-0.66125774	-0.27389595	-0.7797728	0.12393063	-0.37684366	-0.4830332	-0.90864336	-0.2715172	10	-0.42766738	0.29677093	1.1633421	Binding_SOS	-0.25748184	0.17867419	0.70040286
F89S	F89S	89	89	-0.80712956	-0.41180873	-0.696804	-0.6935375	-0.58618253	-0.2786576	0.16112675	-0.29630172	-0.18370692	0.15620957	10	-0.36367923	0.3428824	1.344099	Binding_SOS	-0.21895707	0.20643611	0.80922955
F89V	F89V	89	89	-0.24141388	-0.21752365	-0.17968719	-0.025604216	-0.5380159	0.045143686	0.31054983	0.08659287	-0.37289548	-0.2559312	10	-0.13887851	0.24622895	0.9652175	Binding_SOS	-0.08361333	0.14824484	0.5811198
F89W	F89W	89	89	0.051163744	-0.2946014	-0.34686553	-0.4833243	-0.15927087	-0.2694683	-0.10493262	-0.046361607	-0.11747021	-0.33011714	10	-0.21012482	0.16183619	0.63439786	Binding_SOS	-0.12650795	0.09743526	0.3819462
F89Y	F89Y	89	89	-0.33630744	-0.418195	-0.2295682	-0.35536388	-0.09651874	-0.098627746	-0.061423868	-0.3070256	-0.42134002	-0.4893604	10	-0.28137308	0.15251541	0.5978604	Binding_SOS	-0.16940375	0.09182358	0.35994843
G114A	G114A	114	114	-0.24676539	-0.10382186	-0.100455865	-0.18146881	-0.017039834	-0.087398686	-0.13105036	-0.1603803	-0.21640486	-0.21769962	10	-0.14624856	0.07138094	0.2798133	Binding_SOS	-0.08805055	0.04297568	0.16846466
G114C	G114C	114	114	-0.12846646	-0.27001026	-0.251212	-0.29893744	-0.37752187	-0.41586637	-0.21316828	-0.20694712	-0.11127446	-0.284465	10	-0.25578696	0.09698138	0.380167	Binding_SOS	-0.15399934	0.058388703	0.22888371
G114D	G114D	114	114	-0.50768846	-0.27558985	-0.4160296	-0.8397869	-0.0061335918	-0.17967902	-0.85953707	-0.8892255	-0.25886437	-0.6641015	10	-0.4896636	0.31344065	1.2286874	Binding_SOS	-0.29480734	0.18871038	0.73974466
G114E	G114E	114	114	-0.2501328	-0.22409365	-0.1488581	-0.2277155	-0.13185124	-0.08749658	-0.009674224	-0.06406609	-0.24508047	-0.027848046	10	-0.14168167	0.091977604	0.36055222	Binding_SOS	-0.085301004	0.055376127	0.21707442
G114F	G114F	114	114	-0.9980794	-0.84513766	-0.9457744	-0.36694074	-0.74405056	-1.0480961	-0.604228	-0.60558677	-0.8670058	-1.0919217	10	-0.8116821	0.23075044	0.90454173	Binding_SOS	-0.48868212	0.13892584	0.5445893
G114H	G114H	114	114	-0.051975317	-0.43806943	-0.07810263	-0.2422501	-0.335113	-0.31772664	-0.34065402	-0.54429	-0.0012080717	-0.37591067	10	-0.27253002	0.17748973	0.6957598	Binding_SOS	-0.1640797	0.10685964	0.4188898
G114I	G114I	114	114	-0.45478043	-0.6648707	-0.98170304	-0.58739805	-0.65030783	-0.7299738	-0.77898014	-0.9906463	-0.64053994	-0.54207003	10	-0.70212704	0.1750922	0.68636143	Binding_SOS	-0.4227233	0.105416186	0.41323146
G114K	G114K	114	114	0.6014571	-0.33730575	0.69338554	0.15439418	-0.3525004	0.3269158	0.46415383	-0.09371776	0.30668113	0.5817777	10	0.23452416	0.38268092	1.5001092	Binding_SOS	0.14119785	0.23039725	0.90315723
G114L	G114L	114	114	-0.640034	-0.53891176	-0.58508015	-0.600948	-0.5573289	-0.31764638	-0.4371552	-0.3985736	-0.5557512	-0.39780623	10	-0.50292355	0.10687235	0.41893962	Binding_SOS	-0.30279064	0.06434367	0.2522272
G114M	G114M	114	114	-0.40980196	-0.09837053	-0.33878547	-0.27736357	-0.33512974	-0.3446208	-0.43116888	-0.29725644	-0.453624	-0.19959801	10	-0.31857195	0.10821649	0.42420864	Binding_SOS	-0.19179974	0.06515292	0.25539947
G114N	G114N	114	114	-0.8671729	-0.7586393	-0.4185643	-0.15079676	-0.3174292	-0.20662196	-0.14777753	-0.44111657	-0.5959953	-0.47537455	10	-0.43794885	0.24687685	0.9677573	Binding_SOS	-0.2636719	0.14863491	0.5826489
G114P	G114P	114	114	-0.122226655	0.25718907	-0.28748208	-0.42142582	-0.67259854	-0.1902237	-0.4003196	0.0070050154	0.08158822	-0.29751694	10	-0.2046011	0.27218595	1.0669689	Binding_SOS	-0.123182334	0.16387254	0.64238036
G114Q	G114Q	114	114	-0.27556184	-0.15013994	-0.48913014	0.09881157	-0.24413916	-0.09703661	-0.22985753	-0.2057042	-0.14240965	-0.2117875	10	-0.1946955	0.14822212	0.5810307	Binding_SOS	-0.11721856	0.089238755	0.34981593
G114R	G114R	114	114	0.039442576	0.087166585	-0.060910173	-0.05116839	0.010654042	0.2525831	0.32695276	-0.05642577	-0.3623147	-0.224132	10	-0.0038151979	0.20298801	0.795713	Binding_SOS	-0.0022969816	0.12221116	0.47906774
G114S	G114S	114	114	-0.036410753	-0.11675778	-0.15355259	-0.28201187	-0.10932685	0.024932338	0.085384965	0.0023747268	0.034813322	-0.1126271	10	-0.066318154	0.10947008	0.42912272	Binding_SOS	-0.039927572	0.065907665	0.25835806
G114T	G114T	114	114	-0.22033931	-0.28178704	0.007248213	-0.8399831	-0.79530543	-1.0095291	-0.7167707	-0.66251105	-0.82363427	-0.6960993	10	-0.6038711	0.32561785	1.276422	Binding_SOS	-0.36356723	0.1960418	0.7684838
G114V	G114V	114	114	-0.4345671	-0.3146701	-0.34263512	-0.18319069	-0.4344043	-0.38872087	-0.40034884	-0.30394235	-0.2688851	-0.55884665	10	-0.36302114	0.10438185	0.40917686	Binding_SOS	-0.21856086	0.06284424	0.24634942
G114W	G114W	114	114	-0.74125975	-0.7724708	-0.7258999	-0.7760658	-0.13516824	-0.21211839	-0.68065333	-0.7836491	-0.97699785	-0.81846446	10	-0.6622747	0.26964498	1.0570083	Binding_SOS	-0.39872977	0.16234271	0.6363835
G114Y	G114Y	114	114	-1.1777968	-1.6321682	-1.428519	-1.0140343	-1.3978823	-0.93446	-0.90501404	-0.74142545	-1.1388359	-1.1053904	10	-1.1475527	0.27207586	1.0665374	Binding_SOS	-0.6908967	0.16380626	0.64212054
G11A	G11A	11	11	1.0384783	1.016003	0.83004755	0.8838857	0.8746553	0.8791676	0.91411537	0.8387185	0.5854107	0.7872178	10	0.86476994	0.12565015	0.4925486	Binding_SOS	0.52064425	0.07564905	0.29654428
G11C	G11C	11	11	-0.24834429	-0.22152771	-0.21510558	-0.20174976	-0.2502623	-0.24992664	-0.24118422	-0.2521095	-0.26638344	-0.24506955	10	-0.23916629	0.019889686	0.07796757	Binding_SOS	-0.14399269	0.011974804	0.046941232
G11D	G11D	11	11	0.24485749	0.25565866	0.2650105	0.31457365	0.26110083	0.25769496	0.27512556	0.25305563	0.26442963	0.30334508	10	0.26948518	0.022444477	0.08798235	Binding_SOS	0.16224651	0.013512944	0.05297074
G11E	G11E	11	11	0.37798083	0.24627887	0.3036502	0.4323121	0.25491494	0.37691262	0.4184523	0.37001595	0.1962525	0.4146423	10	0.33914128	0.08296867	0.32523718	Binding_SOS	0.20418373	0.049952198	0.19581261
G11F	G11F	11	11	0.09511077	0.35835794	0.3674994	0.093686536	0.26988566	0.44355124	0.16433035	0.4544484	0.022216666	0.32335407	10	0.25924408	0.15541328	0.6092201	Binding_SOS	0.15608075	0.09356827	0.36678764
G11H	G11H	11	11	0.20825997	0.16075161	-0.22154722	0.012228837	0.3139779	0.17837198	0.39974758	-0.21888089	0.08595871	0.5339518	10	0.14528203	0.2444896	0.95839924	Binding_SOS	0.08746864	0.14719765	0.5770148
G11I	G11I	11	11	1.2118177	1.0933766	1.0924778	1.1670551	1.0887371	1.195647	0.9962584	1.0959139	0.90744185	1.0774575	10	1.0926183	0.09079658	0.3559226	Binding_SOS	0.65782285	0.054665077	0.2142871
G11K	G11K	11	11	2.100021	1.3629389	2.487959	2.673473	2.444449	2.559086	2.2699273	2.0675273	2.154484	2.3919468	10	2.2511811	0.37142685	1.4559933	Binding_SOS	1.3553483	0.2236216	0.8765967
G11L	G11L	11	11	0.6477265	0.9254418	0.91927236	0.9460124	0.69242746	0.9617987	0.6681118	0.8925852	0.9053579	0.71039337	10	0.82691276	0.12913054	0.50619173	Binding_SOS	0.4978519	0.07774446	0.30475828
G11M	G11M	11	11	0.84089386	0.24219863	0.41725692	0.5455413	0.5671063	0.7443595	0.8578913	0.26644087	0.2566792	0.53358674	10	0.52719545	0.23366134	0.91595244	Binding_SOS	0.3174038	0.14067838	0.55145925
G11N	G11N	11	11	-0.13893221	0.0519646	-0.037880093	-0.042846154	-0.30763328	-0.24537799	-0.3900046	-0.039358936	0.12960427	-0.048437517	10	-0.1068902	0.16284376	0.63834757	Binding_SOS	-0.06435442	0.09804188	0.38432416
G11P	G11P	11	11	0.8664811	0.9522886	0.9062493	0.89541805	0.93587255	0.9694433	1.1017331	0.7799233	0.9642188	0.9736501	10	0.9345279	0.08351195	0.32736686	Binding_SOS	0.56264275	0.050279286	0.1970948
G11Q	G11Q	11	11	1.2331375	1.3750529	1.3129121	1.1566122	1.117095	1.2938251	1.5508779	1.3623786	1.083579	1.15577	10	1.2641242	0.14372931	0.5634189	Binding_SOS	0.76107985	0.08653381	0.33921254
G11R	G11R	11	11	1.6263672	1.5449578	1.8460808	1.448188	1.6197544	1.6065048	1.5659022	1.5587695	1.5900741	1.6211969	10	1.6027796	0.10060554	0.39437371	Binding_SOS	0.96497107	0.06057067	0.23743702
G11S	G11S	11	11	0.13074733	0.11330561	0.2610761	0.20673707	0.13447435	0.3218076	0.2136597	0.20891637	0.25012633	0.15891042	10	0.1999761	0.06640391	0.26030335	Binding_SOS	0.120397806	0.039979205	0.15671848
G11T	G11T	11	11	0.73297375	0.32095182	0.21040875	0.54707587	0.38708884	0.49473134	0.38178983	0.42679057	0.7547978	0.6057155	10	0.48623237	0.17598183	0.6898488	Binding_SOS	0.29274154	0.10595179	0.41533104
G11V	G11V	11	11	0.63343775	0.56547415	0.5666018	0.6222335	0.5705606	0.61031115	0.6408066	0.6229204	0.57451314	0.63543314	10	0.6042292	0.03128655	0.12264328	Binding_SOS	0.36378282	0.01883641	0.07383873
G11W	G11W	11	11	0.7806602	0.48889327	0.35304323	0.63358885	0.57865536	0.58528954	0.23857106	0.7395338	0.5315127	0.55564606	10	0.5485394	0.16263355	0.63752353	Binding_SOS	0.33025417	0.097915314	0.38382804
G11Y	G11Y	11	11	0.48473865	0.28953522	0.23582475	0.36989278	0.19209754	0.27741483	0.27055413	0.22680062	0.40435597	0.6136806	10	0.3364895	0.13232553	0.5187161	Binding_SOS	0.2025872	0.07966804	0.31229872
G12A	G12A	12	12	-0.034652527	-0.16969562	-0.1329895	0.15012978	-0.07113982	0.1180505	-0.03973369	-0.01093693	-0.063283466	-0.081120454	10	-0.03353717	0.10014192	0.39255634	Binding_SOS	-0.020191422	0.060291544	0.23634286
G12C	G12C	12	12	-0.06662063	-0.23495626	-0.21344955	-0.16323419	-0.011176783	-0.21113288	-0.13321714	-0.29610392	-0.12324125	-0.0028507668	10	-0.14559835	0.09728709	0.3813654	Binding_SOS	-0.08765908	0.058572758	0.22960521
G12D	G12D	12	12	-0.0577262	-0.22477654	-0.32405296	-0.17282507	-0.15103307	-0.15037756	-0.20120724	-0.1934805	-0.36607546	-0.20085865	10	-0.20424132	0.087742895	0.34395215	Binding_SOS	-0.12296573	0.052826572	0.20708017
G12E	G12E	12	12	-0.78068244	-0.47137707	-0.63975215	-0.560089	-0.58401203	-0.6753276	-0.56507677	-0.60567904	-0.7135576	-0.54939514	10	-0.6144949	0.09000002	0.35280007	Binding_SOS	-0.3699634	0.0541855	0.21240716
G12F	G12F	12	12	0.02704808	-0.20698087	-0.18619071	-0.051131543	-0.2713868	-0.26201066	-0.07097492	-0.33077347	-0.09932475	-0.26757178	10	-0.17192975	0.117125146	0.4591306	Binding_SOS	-0.10351219	0.07051648	0.27642462
G12H	G12H	12	12	-0.5297601	-0.26441008	-0.059700202	0.24766116	-0.18790744	0.3406576	0.32090887	-0.08237246	-0.038992304	0.1649242	10	-0.008899083	0.27978396	1.0967531	Binding_SOS	-0.0053577907	0.168447	0.66031224
G12I	G12I	12	12	-0.09063332	-0.066500604	-0.10303286	-0.030181784	-0.2700889	-0.104653	0.10560627	-0.31559622	-0.16262531	-0.042220566	10	-0.107992634	0.12038035	0.471891	Binding_SOS	-0.06501815	0.07247631	0.28410715
G12K	G12K	12	12	-0.12000398	-0.2969554	-0.12235145	0.14478552	-0.3909631	0.18841119	0.09019132	0.22674644	0.12321667	-0.18315697	10	-0.03400798	0.21694314	0.85041714	Binding_SOS	-0.02047488	0.130613	0.51200294
G12L	G12L	12	12	-0.24051276	0.014788013	-0.12880608	-0.097629	-0.35896313	-0.14701433	0.08991691	-0.16528566	-0.1912796	-0.05060571	10	-0.12753913	0.1276045	0.5002096	Binding_SOS	-0.07678633	0.076825686	0.3011567
G12M	G12M	12	12	0.05758493	-0.15710798	-0.2619874	-0.1590487	-0.023405822	0.0022923143	-0.039273813	-0.03988079	-0.067991234	0.35999838	10	-0.032882012	0.16634241	0.65206224	Binding_SOS	-0.019796977	0.100148275	0.39258125
G12N	G12N	12	12	0.27176395	0.08213102	0.24695049	0.01681766	-0.03311673	0.16811359	0.25640848	0.36093628	0.04300221	0.36951736	10	0.17825243	0.14449172	0.56640756	Binding_SOS	0.10731883	0.08699282	0.34101188
G12P	G12P	12	12	-0.35935396	-0.19995126	-0.20278443	-0.47559774	-0.20606756	-0.05965601	-0.062219482	-0.34548163	-0.17332153	-0.26078552	10	-0.23452191	0.13069311	0.512317	Binding_SOS	-0.14119649	0.07868522	0.30844605
G12Q	G12Q	12	12	0.18890749	-0.1784394	-0.13987398	0.07047972	-0.24606483	-0.36402464	-0.29941303	-0.22878054	-0.11675801	-0.31555453	10	-0.16295215	0.17473227	0.68495053	Binding_SOS	-0.09810713	0.10519948	0.41238198
G12R	G12R	12	12	0.19766577	0.35064495	0.16570112	0.17225231	0.22736955	0.3156724	0.33861053	0.19251889	0.21719557	0.32475334	10	0.25023842	0.07353292	0.28824905	Binding_SOS	0.15065879	0.044271298	0.1735435
G12S	G12S	12	12	0.00660257	-0.0062630707	0.08904817	0.09733702	0.12557538	-0.013587152	0.009833931	0.21487656	0.007176501	-0.0012771946	10	0.05293227	0.07582451	0.29723206	Binding_SOS	0.031868454	0.045650978	0.17895183
G12T	G12T	12	12	0.11562565	0.03733452	0.09641643	0.1414541	-0.11244763	0.26320112	-0.16869606	0.01013751	-0.046945125	0.15449977	10	0.049058028	0.13189057	0.51701105	Binding_SOS	0.029535923	0.079406165	0.31127217
G12V	G12V	12	12	-0.2569177	-0.3582983	-0.41270897	-0.275416	-0.2733495	-0.4571526	-0.14294341	-0.28656638	-0.40564537	-0.15338355	10	-0.30223817	0.106157176	0.41613615	Binding_SOS	-0.1819658	0.06391309	0.25053933
G12W	G12W	12	12	-0.15718484	-0.21151114	0.09195805	-0.2003232	0.029471677	-0.09164797	-0.07457491	-0.02081424	-0.33194742	-0.29969773	10	-0.12662718	0.13862647	0.5434158	Binding_SOS	-0.07623728	0.08346159	0.32716945
G12Y	G12Y	12	12	-0.047065046	-0.63011616	-0.13780135	0.093130134	0.19054334	0.18577679	0.008212662	0.09566161	0.20882092	-0.6208282	10	-0.06536653	0.3150429	1.2349682	Binding_SOS	-0.039354637	0.18967505	0.7435262
G137C	G137C	137	137	-0.20882863	-0.20279108	-0.07150918	-0.28124827	0.109660506	0.34413338	-0.31367227	-0.14585255	0.15824698	-0.062289923	10	-0.0674151	0.21148638	0.82902664	Binding_SOS	-0.040588003	0.1273277	0.4991246
G137D	G137D	137	137	-0.012544522	0.14488553	0.23528126	0.02581879	0.3734593	0.0012494068	0.23373844	-0.0013096695	0.32456398	0.13967077	10	0.14648132	0.14203434	0.5567746	Binding_SOS	0.08819069	0.08551333	0.33521226
G137I	G137I	137	137	0.35227475	0.38335577	-0.12919626	-0.53262424	-1.1320841				-1.516725	-0.7163723	7	-0.47019592	0.7210072	2.8263483	Binding_SOS	-0.28308663	0.43409032	1.701634
G137N	G137N	137	137	-0.3580885	-0.049536403	-0.5084974	-0.13743466	-0.04603481	-0.19906434	-0.21052702	-0.13004358	-0.18013278	-0.08719805	10	-0.19065574	0.14440416	0.5660643	Binding_SOS	-0.11478638	0.08694011	0.34080523
G137R	G137R	137	137	-0.06335136	-0.0008685067	-0.24767163	0.0798295	0.011615795	-0.2551111	0.063958414	-0.30390698	-0.16995586	-0.09438324	10	-0.09798449	0.13951442	0.5468965	Binding_SOS	-0.05899264	0.083996184	0.32926506
G137V	G137V	137	137	0.23937674	0.16452895	-0.30680054	-0.143757	-0.40396112	-0.04386655	0.37778714	0.038934026	0.31975147	-0.53509575	10	-0.029310262	0.314199	1.2316601	Binding_SOS	-0.017646564	0.18916696	0.74153453
G137W	G137W	137	137	0.37763426	0.17341478	0.90969914	-0.012174814	0.26061782	-0.060994178	0.9981898	0.88705707	0.3530594	0.6101688	10	0.44966722	0.38445157	1.5070502	Binding_SOS	0.27072707	0.23146328	0.9073361
G14A	G14A	14	14	-0.087602586	-0.41390496	-0.083408326	-0.1265284	-0.14375636	0.3509127	-0.042869333	0.41487062	0.26935607	-0.2788605	10	-0.0141791105	0.27244252	1.0679747	Binding_SOS	-0.008536689	0.164027	0.6429859
G14C	G14C	14	14	-0.63387406	-0.16022964	-0.071561344	-0.24551807	-0.6437689	-0.33735964	-0.3162411	-0.019729335	-0.42898428	-0.8878796	10	-0.3745146	0.27714086	1.0863922	Binding_SOS	-0.22548063	0.1668557	0.6540743
G14D	G14D	14	14	0.58996385	0.20237547	0.13855281	-0.16930737	0.07195027	-0.006901205	0.4971659	0.9409188	0.022279039	0.20433515	10	0.24913327	0.33269554	1.3041666	Binding_SOS	0.14999342	0.200303	0.7851878
G14E	G14E	14	14	-0.020599632	-0.39960402	-0.15494098	-0.046958443	0.09549763	0.7447851	0.4242178	0.47123224	0.6333424	-0.2584848	10	0.14884871	0.39419994	1.5452638	Binding_SOS	0.089616	0.2373324	0.93034303
G14F	G14F	14	14	1.1510838	-0.0014724835	0.8386512	0.44600132	1.3125073	0.43256587	-0.22377706	-0.042778105	0.20803091	-0.29814258	10	0.38226697	0.563701	2.209708	Binding_SOS	0.23014802	0.33938235	1.3303789
G14H	G14H	14	14	0.9668103	0.43455458	0.31143388	1.5334303	1.044586	0.8406711	0.2973222	1.1599084	1.2579554	0.51617575	10	0.8362848	0.42931494	1.6829146	Binding_SOS	0.50349444	0.25847378	1.0132172
G14I	G14I	14	14	0.14634389	0.110997796	0.6399198	0.3126801	-0.025086215	-0.19027162	0.5709446	-0.3526677	1.0218935	0.07506762	10	0.23098215	0.41426802	1.6239307	Binding_SOS	0.13906534	0.24941461	0.9777053
G14K	G14K	14	14	0.8315217	0.79688543	1.0080013	0.74667937	1.2679213	0.5276903	0.18939808	0.7174285	0.9461427	0.19304188	10	0.72247106	0.34148616	1.3386258	Binding_SOS	0.43497163	0.2055955	0.80593437
G14L	G14L	14	14	-0.009071917	1.1185724	0.39121264	0.5459894	0.13490206	0.30758095	-0.20231742	0.9310987	0.35005927	0.58860695	10	0.4156633	0.40336913	1.581207	Binding_SOS	0.25025466	0.2428528	0.95198303
G14M	G14M	14	14	-0.07086127	0.39760178	0.34824735	0.7932893	0.4948638	1.3029574	-0.1503547	0.64222294	-0.3789766	0.7216989	10	0.4100689	0.5026867	1.9705318	Binding_SOS	0.24688648	0.30264804	1.1863804
G14N	G14N	14	14	0.26082313	0.11213589	0.5195224	0.15243533	0.7772871	-0.16497914	0.91898763	0.29787433	0.06574477	0.14101541	10	0.30808473	0.3355675	1.3154247	Binding_SOS	0.1854858	0.2020321	0.79196584
G14P	G14P	14	14	0.85382634	0.7472672	0.5551152	1.0254877	0.6503661	0.49421778	0.91047484	0.7557139	1.2541387	0.5407731	10	0.7787381	0.23932083	0.93813765	Binding_SOS	0.4688478	0.14408574	0.5648161
G14Q	G14Q	14	14	0.6459478	0.5034702	0.41026366	0.57446307	0.6690811	0.1470558	0.24286434	0.0034595912	0.29706058	0.82980865	10	0.43234748	0.25925726	1.0162885	Binding_SOS	0.26029953	0.15608868	0.61186767
G14R	G14R	14	14	0.55933523	0.23887353	-0.1767612	-0.18226762	-0.2823661	-0.08115911	0.06932524	0.6586092	0.50335807	0.6116511	10	0.19185984	0.36797592	1.4424657	Binding_SOS	0.11551132	0.22154394	0.86845225
G14S	G14S	14	14	0.13390654	-0.0072685266	0.19379626	0.06991982	0.24935913	-0.34205985	1.1307465	0.25277808	0.274562	0.17247324	10	0.21282132	0.37033033	1.451695	Binding_SOS	0.1281314	0.22296144	0.8740089
G14T	G14T	14	14	0.6587174	1.06738	1.1153562	0.34147003	0.093850546	1.0612156	0.7611731	0.8003569	-0.056848854	-0.28768972	10	0.5554981	0.50431335	1.9769083	Binding_SOS	0.33444375	0.30362737	1.1902193
G14V	G14V	14	14	-0.5535037	-0.27085537	-0.06790981	0.34228176	0.2871898	-0.108395085	-0.05314774	-0.2562314	-0.16249046	0.06695386	10	-0.077610806	0.26559278	1.0411237	Binding_SOS	-0.046726435	0.15990305	0.62681997
G14W	G14W	14	14	0.0017157935	-0.25391254	0.6406641	0.7704195	0.89222455	-0.27365687	0.47054595	0.75756603	0.9267551	0.676424	10	0.46087456	0.46273518	1.8139219	Binding_SOS	0.27747458	0.2785948	1.0920916
G14Y	G14Y	14	14	-0.14191417	0.44244006	0.012677365	-0.09520485	0.32545674	0.18650785	0.12251332	0.3920982	0.6520377	0.3005697	10	0.21971819	0.25106657	0.9841809	Binding_SOS	0.13228375	0.15115738	0.5925369
G150A	G150A	150	150	-0.73897254	-0.9871115	-0.78459746	-0.80154383				-0.65513164	-0.41288525	-0.630598	7	-0.7158343	0.17744923	0.695601	Binding_SOS	-0.4309759	0.10683525	0.4187942
G150C	G150C	150	150	-0.67264473	-0.28574044	-0.38243562	-0.2981753	-0.33623877	0.021767754	-0.0872566	0.11925235	0.21930587	-0.0041755643	10	-0.1706341	0.27112558	1.0628123	Binding_SOS	-0.10273214	0.16323413	0.6398778
G150D	G150D	150	150	-0.31521302	0.40910447	-0.17763364	-0.15367162	-0.42213508	-0.61610633	-0.45543188	-0.6113875	-0.35102564	-0.3880358	10	-0.3081536	0.29535228	1.157781	Binding_SOS	-0.18552725	0.17782009	0.69705474
G150F	G150F	150	150	0.42188138				0.32129976	-0.9474284	-0.63449967	-0.5673336	0.9725386	1.2977077	7	0.12345225	0.85892266	3.366977	Binding_SOS	0.074325785	0.5171238	2.0271254
G150K	G150K	150	150	-0.30181932	-0.60315305	-0.27956134	-0.28913012	0.14208834	-0.46403942	-0.2620335	-0.10961366	0.1682598	0.010222391	10	-0.19887798	0.25071654	0.9828088	Binding_SOS	-0.119736664	0.15094665	0.59171087
G150L	G150L	150	150	-0.3828938	-0.7660365	-0.9405261	-1.0486388	-0.8355035	-1.051343	-0.6619578	-0.72939426	-0.8114912	-0.3153306	10	-0.75431156	0.24929605	0.97724056	Binding_SOS	-0.45414156	0.15009142	0.5883584
G150N	G150N	150	150	-0.58034164	-0.67945963	-1.0557909	-1.0062671	-0.939881	-0.50529444	-0.7609611	-1.0427266	-0.7527759	-0.94026476	10	-0.8263763	0.19792266	0.77585685	Binding_SOS	-0.49752894	0.11916151	0.46711314
G150R	G150R	150	150	-0.11585906	-0.17407204	-0.034311455	-0.355835	-0.32397833	-0.5030602	0.1003966	-0.033811618	-0.07835375	0.34814942	10	-0.117073536	0.2429128	0.9522182	Binding_SOS	-0.070485406	0.14624831	0.5732934
G150S	G150S	150	150	0.3269472	0.038175125	-0.4010281	-0.06025633	0.12768602	-0.45225787	0.21507129	-0.3698748	0.24951111	-0.115764774	10	-0.044179108	0.28535542	1.1185932	Binding_SOS	-0.026598517	0.17180136	0.6734613
G150V	G150V	150	150	-0.08575073	-0.1537065	-0.0073544253	0.01919017	-0.44315055	-0.45634422	0.11827129	0.030002657	0.0072866436	-0.34158567	10	-0.13131413	0.20955555	0.8214578	Binding_SOS	-0.07905911	0.12616523	0.4945677
G150W	G150W	150	150	-0.25811756	-0.020703666	-0.1910253	-0.079387635	-0.9738535	-0.03615943	-0.108571164	-0.010903626	-0.4903173	-0.5211969	10	-0.2690236	0.30907953	1.2115917	Binding_SOS	-0.1619686	0.18608472	0.72945213
G150Y	G150Y	150	150	-0.3368977	-0.7608484	-0.44441757	-0.28000948	-1.0147253	-0.8728438	-0.38531533	-0.36859515	-1.0030847	-0.4161201	10	-0.58828574	0.29110712	1.14114	Binding_SOS	-0.35418388	0.17526424	0.68703586
G173A	G173A	173	173	0.753008	0.8099598				0.3021603	0.76279235	-0.8272677	0.56829995	-0.64731985	7	0.24594757	0.69511837	2.724864	Binding_SOS	0.14807543	0.41850364	1.6405343
G173C	G173C	173	173	0.25898007	0.07235323	0.25891438	0.08721792	0.25389215	0.6572135	0.4068583	-0.24559094	0.14158286	0.09789235	10	0.19893138	0.23642719	0.9267946	Binding_SOS	0.11976882	0.14234358	0.55798686
G173D	G173D	173	173	-0.2931055	-0.3566752	-0.1309685	-0.16955449	0.19258767	-0.3477259	-0.4010767	-0.19003497	-0.04563967	0.02146016	10	-0.17207332	0.18869726	0.7396933	Binding_SOS	-0.10359863	0.11360726	0.44534045
G173E	G173E	173	173			-1.1857331	-0.46347338	0.5478792	-0.5176193	-0.8824041	-0.8376712	0.25112396		7	-0.44112828	0.62850434	2.463737	Binding_SOS	-0.26558614	0.37839794	1.48332
G173K	G173K	173	173	-0.69845605	-0.6796321	-0.30548695	-0.47404456	-0.64364934	-0.690121	-0.77097446	-0.6622557	-0.45926243	-0.5876595	10	-0.5971542	0.14206848	0.5569084	Binding_SOS	-0.35952324	0.08553389	0.33529285
G173R	G173R	173	173	0.6929269	0.6259523	-0.5348431	-0.83357316	-0.65957624	0.6425895	0.46183816	0.7381598	0.36000156	0.7753859	10	0.22688615	0.63901424	2.504936	Binding_SOS	0.1365993	0.38472554	1.5081241
G173S	G173S	173	173	0.01844435	0.003775825	-0.057871025	0.13705893	-0.14778428	-0.007816189	-0.0021062486	-0.13700485	-0.06927357	-0.02527233	10	-0.028784942	0.08186472	0.3209097	Binding_SOS	-0.01733029	0.049287554	0.19320722
G173V	G173V	173	173	0.12223898	0.063292935	0.120216325	-0.09476223	-0.014896657	-0.08687753	0.08372913	-0.19117269	0.044164363	-0.09093203	10	-0.004499939	0.107354045	0.42082787	Binding_SOS	-0.0027092376	0.06463368	0.25336403
G173W	G173W	173	173	-1.1851113	-0.77987206	-0.7332709	-0.33527938				-0.59845144	0.437629	-0.09728551	7	-0.47023448	0.5282159	2.0706062	Binding_SOS	-0.28310984	0.31801817	1.2466313
G173Y	G173Y	173	173	0.38015994				0.2388334	-1.4919318	0.19615589	0.36584404	-1.5594006	0.40457955	7	-0.20939422	0.9026106	3.5382335	Binding_SOS	-0.12606809	0.54342663	2.1302323
G47A	G47A	47	47	-0.0020863758	0.0003254492	-0.10514667	-0.016449101	0.020673683	0.077713996	0.036757994	0.015979229	-0.1343543	-0.021829328	10	-0.012841542	0.06349344	0.24889429	Binding_SOS	-0.0077313916	0.03822692	0.14984953
G47C	G47C	47	47	0.49994186	0.16020592	0.27457994	0.4950067	0.6198368	0.3946936	0.5360647	0.42404065	0.31433642	0.44430816	10	0.4163015	0.13594854	0.5329183	Binding_SOS	0.25063887	0.08184931	0.3208493
G47D	G47D	47	47	0.003633882	0.065204695	0.035926282	0.028122718	0.1570669	0.109295145	0.030346293	0.006119268	-0.03222815	0.14144488	10	0.05449319	0.06260143	0.24539761	Binding_SOS	0.032808222	0.03768988	0.14774433
G47E	G47E	47	47	0.02218364	0.026746923	-0.043452844	0.013865275	-0.06379507	0.019050075	-0.0003850896	0.083563514	-0.047645997	0.08448842	10	0.009461885	0.050790194	0.19909756	Binding_SOS	0.005696632	0.030578794	0.119868875
G47F	G47F	47	47	0.28022802	0.32242706	0.3179782	0.40921658	0.29003316	0.39188963	0.4373428	0.5237013	0.5376939	0.26097742	10	0.3771488	0.09949624	0.39002526	Binding_SOS	0.22706658	0.059902802	0.234819
G47H	G47H	47	47	-0.025015872	0.039916445	0.08315337	-0.18882458	-0.025277983	-0.10738155	-0.19718732	-0.22899002	-0.100507535	-0.25893244	10	-0.10090475	0.117192835	0.45939592	Binding_SOS	-0.060750812	0.07055723	0.27658436
G47I	G47I	47	47	0.29591793	0.37190053	0.06713476	0.32684997	0.22636199	0.3651158	0.26883253	0.20931977	0.12023505	0.02323385	10	0.22749019	0.12262349	0.48068407	Binding_SOS	0.13696297	0.07382682	0.28940114
G47K	G47K	47	47	0.032229934	-0.058389336	-0.055345435	0.0790959	0.031431686	0.090903096	0.1165008	0.16081385	0.04497875	0.06719577	10	0.050941505	0.06915378	0.27108282	Binding_SOS	0.030669892	0.04163479	0.16320838
G47L	G47L	47	47	0.25336397	0.3281887	0.25433877	0.3767969	0.31582224	0.3135292	0.3077906	0.32885712	0.36290067	0.24446988	10	0.3086058	0.045434363	0.1781027	Binding_SOS	0.18579951	0.027354257	0.10722869
G47M	G47M	47	47	0.13260765	0.17165367	0.25479943	0.2508895	0.06663004	-0.061340563	0.002376698	-0.053614106	0.0763219	0.0027025	10	0.08430267	0.11583673	0.45408	Binding_SOS	0.050755348	0.06974077	0.27338383
G47N	G47N	47	47	-0.0351783	-0.30000135	-0.12670195	-0.14722894	-0.18965676	0.13829619	-0.07425567	-0.07278398	-0.2000533	-0.20085002	10	-0.12084142	0.11981959	0.4696928	Binding_SOS	-0.072753906	0.0721387	0.2827837
G47P	G47P	47	47	-0.342145	-0.18615654	-0.28717268	-0.097662956	-0.12163905	-0.19936436	-0.1050273	-0.07008463	-0.40998617	-0.21238683	10	-0.20316255	0.11286917	0.44244716	Binding_SOS	-0.12231624	0.06795412	0.26638016
G47Q	G47Q	47	47	-0.1039887	0.01927827	-0.32393768	-0.15078413	-0.26382518	-0.052242555	-0.19833025	-0.23541322	-0.09119688	-0.07939064	10	-0.1479831	0.106235504	0.4164432	Binding_SOS	-0.089094855	0.063960254	0.2507242
G47R	G47R	47	47	-0.093119666	-0.014170114	-0.031851012	0.001570839	-0.037770007	0.043433197	0.041390356	0.061766464	-0.037607044	-0.015265417	10	-0.0081622405	0.04679909	0.18345244	Binding_SOS	-0.0049141664	0.028175905	0.11044955
G47S	G47S	47	47	-0.0669312	-0.04459414	-0.05763734	0.06721411	0.00017909789	-0.008433137	0.024065992	-0.014428828	-0.02334733	-0.031842496	10	-0.015575528	0.039860602	0.15625356	Binding_SOS	-0.009377418	0.023998514	0.094074175
G47T	G47T	47	47	-0.013699094	0.0025097153	-0.053951718	-0.06675554	-0.026296353	-0.07107432	-0.0005703511	0.019377934	-0.076665185	-0.092975534	10	-0.038010046	0.039092917	0.15324424	Binding_SOS	-0.022884365	0.023536319	0.09226237
G47V	G47V	47	47	0.14646092	0.05330827	0.07103772	0.12307942	0.108079836	0.17301044	0.217134	0.087581426	0.09023171	0.038544994	10	0.11084686	0.055453885	0.21737924	Binding_SOS	0.06673657	0.03338662	0.13087556
G47W	G47W	47	47	0.38528305	0.401799	0.34014684	0.3542802	0.44041127	0.3779741	0.3721067	0.33484662	0.35668454	0.26861084	10	0.3632143	0.04551094	0.17840289	Binding_SOS	0.21867716	0.027400361	0.10740942
G47Y	G47Y	47	47	0.13115056	0.1913668	0.22436403	0.17480819	0.0935482	0.070857845	0.15046924	0.20167382	-0.011577372	-0.046423078	10	0.11802383	0.09116357	0.3573612	Binding_SOS	0.07105754	0.05488603	0.21515323
G59A	G59A	59	59	1.1420221	1.0203345	0.98862094	0.7475154	0.6680162	1.0260481	1.0718331	1.0939121	0.59771144	0.9325633	10	0.9288576	0.1900598	0.7450344	Binding_SOS	0.5592289	0.11442759	0.44855615
G59C	G59C	59	59	0.2121346	0.2484598	0.14131157	0.111279346	-0.01582077	0.075772	0.1678779	-0.05925947	0.11841394	0.27718267	10	0.12773517	0.107734844	0.4223206	Binding_SOS	0.07690436	0.064862944	0.25426275
G59D	G59D	59	59	0.08607176	0.06218556	-0.11097523	0.031028768	0.01778272	0.029911762	0.15833598	-0.028935034	0.07919299	0.20091414	10	0.05255134	0.08862764	0.34742033	Binding_SOS	0.03163911	0.05335924	0.20916823
G59E	G59E	59	59	0.63205636	0.6625844	0.5528628	0.4951272	0.5779217	0.633392	0.6724627	0.51857543	0.72717756	0.54848003	10	0.602064	0.0748582	0.29344416	Binding_SOS	0.36247924	0.045069203	0.17667128
G59F	G59F	59	59	1.0529507	0.6658449	0.7428217	0.858966	0.79565287	0.88461936	0.7006384	0.6220201	0.69546574	0.80165136	10	0.7820631	0.12700382	0.49785498	Binding_SOS	0.4708497	0.07646404	0.29973906
G59H	G59H	59	59	0.2915718	0.04967145	0.20429602	0.09760148	0.019824918	0.33870274	0.13882594	0.24650028	7.847579e-05	0.29141557	10	0.16784886	0.123415515	0.48378882	Binding_SOS	0.10105524	0.074303664	0.29127038
G59I	G59I	59	59	-0.6833217	-0.5623635	-0.4579254	-0.5054506	-0.43799555	-0.26740932	-0.36106676	-0.62429947	-0.5430558	-0.56452644	10	-0.5007415	0.12382953	0.48541176	Binding_SOS	-0.3014769	0.07455292	0.29224747
G59K	G59K	59	59	1.4530203	1.6026113	1.6846067	2.0228643	1.8707795	1.6988405	1.7308767	1.783839	2.089929	1.7553469	10	1.7692715	0.18833596	0.73827696	Binding_SOS	1.0652093	0.11338973	0.44448775
G59L	G59L	59	59	0.41570505	0.32375687	0.53005534	0.40703446	0.2659421	0.4952906	0.38813412	0.45974496	0.24106951	0.39206997	10	0.39188033	0.09336197	0.36597893	Binding_SOS	0.23593585	0.056209598	0.22034162
G59M	G59M	59	59	0.7424623	0.5883557	0.44872424	0.4124437	0.43902525	0.6012001	0.23161916	-0.02425	0.18802501	0.4490217	10	0.40766272	0.22419763	0.8788547	Binding_SOS	0.24543782	0.13498063	0.5291241
G59N	G59N	59	59	0.26003924	0.22958095	0.35006326	0.5932278	0.5696494	0.53564864	0.3008807	0.27022436	0.29758582	0.4566375	10	0.3863538	0.13910206	0.5452801	Binding_SOS	0.23260854	0.083747916	0.32829183
G59P	G59P	59	59	1.2228657	1.3232119	1.363655	1.3933568	1.1772054	1.3235021	1.5236248	1.1609858	1.2520366	1.4764762	10	1.3216921	0.121544994	0.47645637	Binding_SOS	0.79573923	0.073177494	0.2868558
G59Q	G59Q	59	59	0.37259483	0.27521807	0.16293655	0.2733347	0.3353767	0.45061564	0.42977774	0.5770054	0.28758514	0.7102354	10	0.38746804	0.16153193	0.6332052	Binding_SOS	0.23327939	0.09725207	0.38122812
G59R	G59R	59	59	0.9517313	1.0177448	0.9500431	1.0600951	0.9365725	1.0549647	1.0941172	0.8956213	0.88222545	0.9709047	10	0.9814019	0.0721168	0.28269786	Binding_SOS	0.5908638	0.04341871	0.17020135
G59S	G59S	59	59	0.812533	0.85270137	0.8995655	0.84744763	0.89999187	0.8460889	0.81916636	0.76967204	0.7948792	0.8939956	10	0.8436041	0.045162607	0.17703742	Binding_SOS	0.5079011	0.027190642	0.10658732
G59T	G59T	59	59	0.8157528	1.0349569	0.8213006	0.7637994	0.8335108	0.959001	1.0083195	0.8672214	0.72856665	0.84653664	10	0.86789656	0.10149223	0.39784956	Binding_SOS	0.5225266	0.061104514	0.2395297
G59V	G59V	59	59	0.20330462	0.16133131	0.18219942	0.21044642	0.21894789	0.039421227	0.2479144	0.16706857	0.07294325	-0.00802202	10	0.1495555	0.08526242	0.3342287	Binding_SOS	0.09004153	0.051333174	0.20122604
G59W	G59W	59	59	0.5060467	0.59903854	0.37240106	0.45060325	0.30724376	0.6002467	0.53896606	0.42981353	0.44934502	0.5207773	10	0.47744817	0.09435593	0.36987525	Binding_SOS	0.2874529	0.056808025	0.22268747
G59Y	G59Y	59	59	0.54486126	0.40535098	0.3183091	0.38828883	0.17933674	0.3887952	0.702388	0.15055996	0.56159884	0.4886932	10	0.4128182	0.17082746	0.66964364	Binding_SOS	0.24854173	0.10284855	0.40316632
G74A	G74A	74	74	0.15736504	0.066518	0.09612592	0.06716807	0.26789784	0.03371991	0.1309191	0.21333544	0.04447114	0.12065161	10	0.11981721	0.07562415	0.29644668	Binding_SOS	0.07213727	0.045530353	0.17847899
G74C	G74C	74	74	-0.38256508	-0.2652703	-0.07623936	0.10708966	-0.1462658	-0.06699896	-0.27666357	-0.19808327	-0.2203021	-0.23906423	10	-0.1764363	0.1374588	0.5388385	Binding_SOS	-0.106225416	0.08275858	0.32441366
G74D	G74D	74	74	1.1068497	1.1691216	1.0541137	1.0522614	1.2338086	0.85247207	1.2400937	1.2032884	0.8833819	1.6558312	10	1.1451223	0.2246455	0.88061035	Binding_SOS	0.68943346	0.13525029	0.5301811
G74E	G74E	74	74	0.5048447	0.47692814	0.41339737	0.5556637	0.6898747	0.5132871	0.31803092	0.49212745	0.713738	0.4381173	10	0.511601	0.11959446	0.4688103	Binding_SOS	0.308015	0.072003156	0.28225237
G74F	G74F	74	74	-0.84653103	-1.036892	-0.84713167	-0.6667678	-0.77169245	-0.5880886	-0.91741997	-0.5876315	-0.8099157	-1.0784193	10	-0.815049	0.1693785	0.66396374	Binding_SOS	-0.4907092	0.101976186	0.39974666
G74H	G74H	74	74	0.8277711	0.506604	0.28501827	0.83612126	0.7068846	0.38193217	0.24446431	0.5475831	0.4567181	0.40601268	10	0.51991093	0.21021643	0.82404846	Binding_SOS	0.31301808	0.12656312	0.49612743
G74I	G74I	74	74	-0.64777136	-0.7644817	-0.7784588	-0.38634965	-0.29724932	-0.59460944	-0.7469481	-0.7650554	-0.7204569	-0.42217138	10	-0.61235523	0.18011132	0.7060364	Binding_SOS	-0.3686752	0.10843799	0.42507693
G74K	G74K	74	74	1.1684533	1.3438165	0.7784951	0.94070214	1.0447202	0.7023288	0.6752897	0.75332373	0.8541025	0.98302615	10	0.9244259	0.21615854	0.8473415	Binding_SOS	0.55656075	0.13014062	0.5101512
G74L	G74L	74	74	0.10395885	-0.111290544	0.016233256	0.0027522023	-0.25606024	-0.21867996	-0.10121154	-0.018598717	0.15555705	0.26322192	10	-0.016411776	0.16269669	0.637771	Binding_SOS	-0.009880889	0.09795333	0.38397706
G74M	G74M	74	74	-0.3982748	-0.34619465	-0.46317166	-0.3407748	-0.42789605	-0.3752207	-0.3855609	-0.34423918	-0.2818804	-0.23169434	10	-0.35949072	0.0674745	0.26450005	Binding_SOS	-0.21643533	0.04062376	0.15924515
G74N	G74N	74	74	0.22173129	0.4791525	0.25132585	0.34396988	0.51407945	0.36775503	0.64122987	0.31581545	0.47419104	0.26256672	10	0.3871817	0.1355524	0.53136545	Binding_SOS	0.23310699	0.081610814	0.3199144
G74P	G74P	74	74	-0.23524684	-0.34623247	-0.32858953	-0.14729722	-0.32577908	-0.30547297	-0.3213871	-0.29112527	-0.29442686	-0.35244605	10	-0.29480034	0.06165124	0.24167287	Binding_SOS	-0.17748778	0.037117805	0.14550179
G74Q	G74Q	74	74	-0.2778678	-0.5724011	-0.41512296	-0.22847342	-0.1813738	-0.30622903	-0.19412306	-0.42612284	-0.27317804	-0.33766806	10	-0.321256	0.12106451	0.47457287	Binding_SOS	-0.1934157	0.07288822	0.2857218
G74R	G74R	74	74	0.81547374	0.7522444	0.7455021	0.78414506	0.74600375	0.7805424	0.6924243	0.6861508	0.8402053	0.8001963	10	0.7642888	0.049925964	0.19570978	Binding_SOS	0.46014845	0.030058475	0.117829226
G74S	G74S	74	74	0.37207305	0.3393583	0.23059732	0.39675534	0.41519287	0.29387203	0.38711518	0.27294284	0.21801624	0.7020071	10	0.36279303	0.13802232	0.5410475	Binding_SOS	0.21842353	0.08309785	0.3257436
G74T	G74T	74	74	0.25013712	0.08615819	0.100645326	0.1388926	0.055370674	0.117344975	0.13654844	0.09659287	0.12531872	0.21412382	10	0.13211328	0.058914706	0.23094565	Binding_SOS	0.079540245	0.035470244	0.13904336
G74V	G74V	74	74	-0.188671	-0.18551429	-0.26445732	-0.15369095	-0.13595507	-0.29908577	-0.272901	-0.18421328	-0.26699173	-0.13386022	10	-0.20853405	0.06169372	0.2418394	Binding_SOS	-0.12555021	0.037143383	0.14560206
G74W	G74W	74	74	0.154343	-0.13363864	0.087644465	0.16291988	0.17553513	0.06383795	-0.035472605	0.19816099	-0.027233312	0.03387348	10	0.06799704	0.109022185	0.42736697	Binding_SOS	0.040938362	0.065638006	0.25730097
G74Y	G74Y	74	74	0.5777311	0.5868068	0.4544261	0.19728419	0.31265432	0.06173967	0.32361063	0.36215967	0.5067904	0.4270299	10	0.38102326	0.16612953	0.6512278	Binding_SOS	0.22939923	0.1000201	0.39207882
G76A	G76A	76	76	-0.6069969	-0.6509321	-0.5861151	-0.5612926	-0.5550579	-0.6011137	-0.4839921	-0.6136684	-0.5246194	-0.5726174	10	-0.5756406	0.047723733	0.18707703	Binding_SOS	-0.34657076	0.028732598	0.11263178
G76C	G76C	76	76	-0.49195644	-0.85553217	-0.7226037	-0.76683295	-0.616353	-0.72553694	-0.7614744	-0.8093141	-1.0898979	-0.80576754	10	-0.7645269	0.15541968	0.6092451	Binding_SOS	-0.4602918	0.093572125	0.36680272
G76D	G76D	76	76	0.77586997	0.9945157	-0.0006350002	0.7985846	-0.055675063	0.7812378	-0.16086885	0.8754186	0.09161631	-0.30743206	10	0.37926316	0.505409	1.9812033	Binding_SOS	0.22833955	0.30428705	1.1928053
G76E	G76E	76	76	0.86901695	1.4943906	1.4346106	1.5098064	1.2598103	0.9027805	1.13031	1.1961037	0.7056839	0.8479448	10	1.1350458	0.29252297	1.14669	Binding_SOS	0.6833668	0.17611666	0.6903773
G76F	G76F	76	76	-0.9574386	-1.4922712	-1.4046642	-1.6768045	-1.4675556	-1.7163177	-1.6063935	-1.4025687	-1.4625546	-1.3486629	10	-1.4535233	0.2124314	0.8327311	Binding_SOS	-0.8751096	0.12789665	0.5013549
G76H	G76H	76	76	1.6000537	1.1711271	-0.15291084	1.0767523	-0.16365789	0.7087339	0.5611174	0.55090404	0.4914236	0.8113756	10	0.6654919	0.5510552	2.1601365	Binding_SOS	0.40066668	0.33176884	1.3005339
G76I	G76I	76	76	-0.008721882	-0.18123606	-0.25095782	-0.34594056	-0.38966024	-0.28153554	-0.69884616	-0.19569953	-0.6003629	-0.25919625	10	-0.3212157	0.2025345	0.79393524	Binding_SOS	-0.19339143	0.12193812	0.47799742
G76K	G76K	76	76	1.1255393	0.09481485	0.015929984	0.008460054	0.837512	0.6573121	0.9799506	0.5522785	-0.1846589	-0.52555573	10	0.35615832	0.54942137	2.1537318	Binding_SOS	0.21442902	0.33078516	1.2966778
G76L	G76L	76	76	-0.40549022	-0.614572	-0.38624197	-0.36788395	-0.43604323	-0.48030022	-0.462598	-0.4604242	-0.42842045	-0.377306	10	-0.44192806	0.071765035	0.28131893	Binding_SOS	-0.26606762	0.043206926	0.16937116
G76M	G76M	76	76	-0.71254796	-0.5931106	-0.92377794	-0.6934334	-0.7264078	-0.73520577	-0.8521411	-0.8967857	-0.5847117	-0.6609518	10	-0.73790735	0.11830153	0.46374202	Binding_SOS	-0.44426522	0.071224734	0.27920097
G76N	G76N	76	76	0.8021696	0.84315723	0.10049448	0.08978747	0.43242532	0.52291304	0.0054534166	0.06095902	0.3660092	-0.09730636	10	0.31260628	0.3338215	1.3085803	Binding_SOS	0.18820804	0.2009809	0.78784513
G76P	G76P	76	76	0.17910178	-0.23314343	-0.2636614	0.8421369	0.78433865	0.69616675	0.1191054	0.4868159	0.028874857	-0.07450633	10	0.25652292	0.41693342	1.634379	Binding_SOS	0.15444244	0.25101933	0.9839958
G76Q	G76Q	76	76	0.5278804	1.1836576	1.9689336	0.50063914	1.4112196	0.56946254	0.36334446	-0.51883644	1.1324918	1.562269	10	0.8701062	0.7208371	2.8256814	Binding_SOS	0.523857	0.4339879	1.7012326
G76R	G76R	76	76	1.6333542	0.3596429	1.3955142	1.0451589	0.66167706	0.513986	0.05808089	0.6274548	1.4891484	1.2698058	10	0.9053823	0.53425705	2.0942876	Binding_SOS	0.5450953	0.32165533	1.2608889
G76S	G76S	76	76	0.22442465	-0.19576633	0.15154448	-0.21988036	-0.5094508	-0.061302207	0.013959345	-0.10208093	0.12157461	-0.40327415	10	-0.098025165	0.23926705	0.9379269	Binding_SOS	-0.059017126	0.14405335	0.56468916
G76T	G76T	76	76	-0.12319659	0.23881277	-0.062551625	-0.0440822	0.024769552	-0.19546902	-0.001405422	0.40380058	0.12891369	-0.16167906	10	0.020791266	0.18808377	0.73728836	Binding_SOS	0.01251761	0.113237895	0.44389257
G76V	G76V	76	76	-1.427251	-1.3359406	-1.1563461	-1.2049649	-1.2670119	-1.434532	-1.3446022	-1.4805402	-1.152742	-1.252418	10	-1.3056349	0.11764131	0.46115392	Binding_SOS	-0.7860718	0.07082724	0.2776428
G76W	G76W	76	76	0.08280229	-0.5190023	-0.046066895	0.09142593	0.10603536	-0.41049117	0.07369808	-0.11481829	-0.32139733	-0.11607482	10	-0.11738892	0.22706574	0.89009774	Binding_SOS	-0.07067528	0.13670743	0.53589314
G76Y	G76Y	76	76	-1.1360335	-1.1458207	-1.2968546	-0.9716613	-1.2626685	-0.905911	-0.9016038	-1.2282007	-0.9227892	-1.1121318	10	-1.0883677	0.15229586	0.59699976	Binding_SOS	-0.6552637	0.09169139	0.35943025
G9A	G9A	9	9	0.0027140237	-0.047897954	0.28422824	-0.06493697	-0.09930802	0.26022384	0.09018251	0.22171775	0.03660909	-0.23298433	10	0.04505482	0.16914715	0.66305685	Binding_SOS	0.027125748	0.1018369	0.39920065
G9C	G9C	9	9	1.4706206	1.4826642	1.3650088	1.7344229	2.547249	1.601593	1.5089387	0.74056655	0.64167905	0.8643328	10	1.3957075	0.55679935	2.1826534	Binding_SOS	0.84030104	0.33522716	1.3140905
G9D	G9D	9	9	0.8890994	0.44326407	1.4161197	0.41531986	0.8473196	1.0812069	1.3179247	1.244533	1.1580975	-0.10631431	10	0.87065697	0.48415664	1.897894	Binding_SOS	0.5241886	0.2914918	1.1426479
G9E	G9E	9	9	0.078857064	0.48453128	-0.17450505	0.25328878	1.0954086	-0.3114127	0.693901	0.5754395	-0.57303923	0.36333272	10	0.24858019	0.504159	1.9763032	Binding_SOS	0.14966042	0.30353445	1.1898551
G9F	G9F	9	9	1.4499409	1.3745296	1.0969579	0.78999656	0.8049378	0.53956884	0.64255553	0.8132954	1.5568107	1.1343749	10	1.0202968	0.35478756	1.3907672	Binding_SOS	0.6142809	0.21360375	0.8373267
G9H	G9H	9	9	0.4492747	0.58584005	-0.6181987	0.6895016	0.5195746	0.68137586	0.585897	0.60581994	-0.5866002	0.5785248	10	0.34910095	0.5063198	1.9847738	Binding_SOS	0.21018006	0.3048354	1.1949549
G9I	G9I	9	9	0.4062632	-0.4294348	0.24661665	0.8276812	0.41980916	0.84041405	0.45322707	1.1325321	0.034353137	0.675959	10	0.4607421	0.44736105	1.7536553	Binding_SOS	0.27739483	0.26933864	1.0558075
G9K	G9K	9	9	0.90932804	0.65234804	0.7195595	0.7307964	0.050554037	0.7266275	0.8747316	0.76854163	0.7152533	0.89534837	10	0.70430887	0.2457067	0.9631703	Binding_SOS	0.4240369	0.14793041	0.5798872
G9L	G9L	9	9	-0.12296439	0.5641237	0.34333196	0.43166924	0.3427199	0.2528886	0.37256053	0.41609147	0.29152068	-0.0028376784	10	0.2889104	0.20580848	0.80676925	Binding_SOS	0.17394167	0.12390925	0.48572427
G9M	G9M	9	9	1.0356047	0.7231416	1.0674008	-0.05816103	0.13838543	0.7418838	0.7219061	0.4442113	0.3324292	0.5225677	10	0.566937	0.36447272	1.4287331	Binding_SOS	0.34133065	0.2194348	0.86018443
G9N	G9N	9	9	1.8475363	1.1126862	0.7531625	1.1371053	1.3191199	1.0833491	1.1915716	1.1052952	1.5655112	1.7168069	10	1.2832143	0.33313742	1.3058987	Binding_SOS	0.7725733	0.20056905	0.7862307
G9P	G9P	9	9	0.015598124	0.75065744	0.64926434	0.48557746	0.16701785	0.30246595	1.128359	1.2290951	0.41608307	0.067291036	10	0.52114093	0.41979936	1.6456136	Binding_SOS	0.3137586	0.25274482	0.99075973
G9Q	G9Q	9	9	0.35153604	-0.12060174	0.34478208	1.1056557	1.050004	0.9994983	0.98536783	0.028323252	0.06815225	0.14938119	10	0.49620992	0.4850482	1.901389	Binding_SOS	0.2987486	0.2920286	1.1447521
G9R	G9R	9	9	1.0994393	1.1601682	0.8463204	0.82808167	0.7774956	1.1717238	0.06499451	0.73972577	0.43896705	1.3982036	10	0.852512	0.38951358	1.5268933	Binding_SOS	0.5132642	0.23451093	0.91928285
G9S	G9S	9	9	0.81493056	0.71178883	0.5015273	0.5911978	1.2795438	0.89796406	0.4520167	0.89560336	0.68996865	0.81179637	10	0.7646337	0.23809856	0.9333464	Binding_SOS	0.46035612	0.14334986	0.56193143
G9T	G9T	9	9	1.1046664	1.1133747	0.90898246	0.76707464	0.45834467	0.8993682	1.1384568	0.2449669	0.5891233	1.0364807	10	0.82608384	0.3067377	1.2024118	Binding_SOS	0.49735284	0.1846748	0.72392523
G9V	G9V	9	9	0.09356927	0.34261665	0.8238683	1.0046177	0.72922826	0.8236805	1.460521	0.7762328	1.6869165	1.2503242	10	0.8991575	0.4812247	1.8864008	Binding_SOS	0.5413477	0.28972661	1.1357284
G9W	G9W	9	9	0.55803394	1.3559251	1.2615027	1.2664168	0.15440184	-0.27412716	0.17695743	0.55379105	0.79401904	0.058104172	10	0.59050244	0.5704803	2.2362828	Binding_SOS	0.35551846	0.34346393	1.3463786
G9Y	G9Y	9	9	1.2843596	0.98011863	0.922556	1.1994419	0.9859192	0.98396504	0.9420535	0.00025456314	1.1422808	1.0526526	10	0.9493602	0.35397843	1.3875954	Binding_SOS	0.5715727	0.2131166	0.8354171
H165A	H165A	165	165	-0.07480265	-0.07226667	-0.16720982	-0.06271251	-0.27054057	-0.025737623	-0.15183426	0.014936514	-0.013291244	-0.04907338	10	-0.08725322	0.085825965	0.3364378	Binding_SOS	-0.05253176	0.051672462	0.20255606
H165C	H165C	165	165	0.07693586	0.16944644	0.14066063	0.2923719	0.10805495	0.04583226	0.024984749	0.18092696	0.17927013	0.118562594	10	0.13370463	0.07778801	0.30492902	Binding_SOS	0.08049834	0.046833124	0.18358585
H165D	H165D	165	165	0.0053738654	0.0307787	-0.20600764	0.12525068	0.10360271	-0.031124583	-0.07320277	-0.12556182	0.05720468	0.13169307	10	0.0018006876	0.111809745	0.4382942	Binding_SOS	0.0010841237	0.067316286	0.26387984
H165E	H165E	165	165	0.049922254	0.15355726	0.21100353	0.09890526	-0.021530863	0.23058087	0.092385225	0.08170901	0.29688242	0.1420495	10	0.13354644	0.0938024	0.3677054	Binding_SOS	0.080403104	0.056474764	0.22138108
H165F	H165F	165	165	-0.12921569	-0.023102768	0.043274462	-0.0110673625	0.032388564	0.10487757	-0.093122005	0.013766963	0.024984535	0.058175102	10	0.0020959373	0.069999844	0.2743994	Binding_SOS	0.001261882	0.042144176	0.16520517
H165G	H165G	165	165	-0.1927235	-0.016856441	-0.13631205	-0.039041203	-0.23184402	-0.15591624	-0.1674753	-0.13963276	-0.17615604	-0.09287269	10	-0.13488303	0.06737991	0.26412925	Binding_SOS	-0.08120781	0.040566813	0.15902191
H165I	H165I	165	165	-0.014967736	0.089803636	-0.010058566	0.06879165	0.19328715	0.23600546	0.13752359	0.21198468	0.2906428	0.09751837	10	0.1300531	0.102673106	0.40247858	Binding_SOS	0.078299895	0.06181547	0.24231665
H165K	H165K	165	165	0.046628293	0.22413401	0.24443394	-0.13573691	0.43931904	0.1431118	-0.31360227	-0.11054837	-0.39412332	0.20055799	10	0.03441742	0.2663213	1.0439795	Binding_SOS	0.020721385	0.16034167	0.6285393
H165L	H165L	165	165	-0.20091653	-0.11791902	-0.1550458	-0.08813031	-0.28710613	-0.19905816	-0.19983906	-0.24226451	-0.15290394	-0.22724093	10	-0.18704243	0.059562884	0.23348652	Binding_SOS	-0.11261095	0.035860486	0.14057311
H165M	H165M	165	165	0.59542197	0.082894824	0.29681602	-0.12635486	0.34004954	0.30941716	-0.0845827	-0.031213103	0.23056819	0.32613048	10	0.19391476	0.22814684	0.8943356	Binding_SOS	0.116748504	0.13735831	0.5384446
H165N	H165N	165	165	-0.45787218	-0.4183811	-0.24290541	-0.036262594	-0.09160425	-0.05373353	-0.15370455	-0.3992206	-0.23005296	-0.15815386	10	-0.22418909	0.15442292	0.60533786	Binding_SOS	-0.13497551	0.09297202	0.3644503
H165P	H165P	165	165	-0.18486921	0.025771974	-0.43651694	0.11409702	-0.10153199	-0.29305866	-0.06368849	-0.13450807	-0.10695959	0.02853794	10	-0.1152726	0.16197523	0.63494295	Binding_SOS	-0.06940113	0.097518966	0.38227436
H165Q	H165Q	165	165	0.01785666	-0.2623672	-0.03429604	-0.14749949	-0.08521484	-0.07789994	0.09821931	0.112784795	-0.06414545	0.050488148	10	-0.039207406	0.11502493	0.45089775	Binding_SOS	-0.02360525	0.06925202	0.27146792
H165R	H165R	165	165	-0.1018501	-0.0054166266	-0.21584858	-0.026853526	-0.05436377	-0.1287876	-0.034068134	-0.06648435	-0.15730342	-0.064682595	10	-0.08556588	0.06544718	0.25655296	Binding_SOS	-0.051515877	0.039403193	0.15446052
H165S	H165S	165	165	-0.0890068	-0.124720424	-0.35539985	-0.082897395	-0.09311177	0.01927442	-0.041905053	-0.15855512	-0.11531472	0.06618103	10	-0.09754557	0.11309855	0.44334632	Binding_SOS	-0.058728382	0.06809222	0.26692152
H165T	H165T	165	165	0.06420609	0.095032625	-0.06563537	-0.009557065	0.21687588	0.10116505	0.054943204	0.018009353	-0.12301603	-0.100973755	10	0.025105	0.10391856	0.40736076	Binding_SOS	0.0151147405	0.06256531	0.24525602
H165V	H165V	165	165	-0.047020778	0.23845589	0.02869726	0.12990437	0.0469806	-0.115439504	0.0596547	0.09850165	0.013374568	-0.059701625	10	0.039340712	0.10210659	0.40025786	Binding_SOS	0.023685507	0.061474394	0.24097963
H165W	H165W	165	165	0.4337235	0.26670593	0.3593507	0.26483768	0.44860116	0.53472614	0.32770437	0.40291345	0.19678585	0.15467067	10	0.33900195	0.11965181	0.4690351	Binding_SOS	0.20409985	0.07203768	0.28238773
H165Y	H165Y	165	165	0.13882917	0.050425198	0.21064149	0.14880759	-0.109362684	0.16884552	-0.07140995	-0.060350843	0.16249624	-0.036312286	10	0.060260944	0.11969878	0.4692192	Binding_SOS	0.036280762	0.072065964	0.2824986
H26A	H26A	26	26	0.1302877	0.008089115	0.10493987	0.04737947	0.086454816	0.07667272	0.2892738	-0.041556764	0.19180503	0.36008662	10	0.12534323	0.124006815	0.48610672	Binding_SOS	0.07546427	0.07465966	0.29266587
H26C	H26C	26	26	0.18757957	0.17470555	0.06829067	-0.11716236	0.11745814	-0.0049890517	0.11272211	-0.06442686	-0.005768156	0.13227488	10	0.06006845	0.103400454	0.4053298	Binding_SOS	0.03616487	0.06225338	0.24403325
H26D	H26D	26	26	0.73240966	0.63306546	0.54609346	0.5631247	0.62261486	0.6811135	0.6483422	0.52011627	0.7045251	0.45015088	10	0.61015564	0.08885034	0.34829333	Binding_SOS	0.3673509	0.053493325	0.20969383
H26E	H26E	26	26	0.1377229	0.1632141	-0.0068291244	0.0007325376	0.15168345	0.175551	0.3877592	0.09993377	-0.06254792	0.29095802	10	0.1338178	0.13716187	0.53767455	Binding_SOS	0.08056648	0.08257981	0.32371286
H26F	H26F	26	26	-0.07882933	-0.15606947	-0.15277441	-0.14057143	-0.13617751	-0.05894811	-0.12076069	-0.16862519	-0.046459887	-0.27617058	10	-0.13353866	0.06566908	0.2574228	Binding_SOS	-0.08039842	0.039536793	0.15498424
H26G	H26G	26	26	0.19774625	0.25341436	0.23580395	0.33552355	0.3803684	0.111656845	0.4052021	0.14732689	0.10094642	0.20397659	10	0.23719653	0.10735091	0.42081556	Binding_SOS	0.14280678	0.06463179	0.25335664
H26I	H26I	26	26	0.06341968	-0.16536556	0.14922825	0.10408675	-0.067428045	-0.101390585	0.0067974213	0.187851	-0.13776368	-0.10076426	10	-0.006132902	0.12622197	0.49479014	Binding_SOS	-0.003692381	0.07599332	0.29789382
H26K	H26K	26	26	0.20651284	0.10625296	-0.15226346	0.47155687	0.07911795	-0.025191741	0.13127483	0.21333878	0.078368306	-0.069280624	10	0.103968665	0.17383729	0.6814422	Binding_SOS	0.06259548	0.104660645	0.41026974
H26L	H26L	26	26	-0.102627575	-0.030293226	-0.013300797	0.020756293	0.009470193	0.09129842	-0.09821256	-0.009051324	-0.016569002	-0.11031852	10	-0.02588481	0.06320604	0.24776767	Binding_SOS	-0.015584234	0.03805389	0.14917125
H26M	H26M	26	26	0.55149764	0.32887682	0.41154972	0.031574897	0.15408622	0.29633915	0.0016868016	0.28556973	0.08004869	0.12765422	10	0.22688842	0.17754877	0.69599116	Binding_SOS	0.13660066	0.106895186	0.41902915
H26N	H26N	26	26	0.15992159	0.20731632	-0.066106506	0.1694331	0.0477511	0.17472258	0.03538997	0.004544748	-0.04456912	0.29431236	10	0.098271616	0.119139016	0.46702495	Binding_SOS	0.059165504	0.07172895	0.2811775
H26P	H26P	26	26	2.046406	2.1895134	2.2322512	2.723898	2.513003	2.0701296	2.4795961	2.8534186	1.6017561	2.0202322	10	2.2730205	0.37358174	1.4644405	Binding_SOS	1.3684969	0.22491899	0.88168246
H26Q	H26Q	26	26	-0.17082657	-0.06382729	-0.045023732	0.17135637	0.2452758	-0.11364002	0.114759155	-0.088901475	-0.0971406	-0.053957626	10	-0.010192597	0.13747808	0.5389141	Binding_SOS	-0.006136565	0.08277019	0.32445917
H26R	H26R	26	26	-0.19067064	-0.3252022	-0.33770722	-0.11215059	-0.19030079	-0.11732666	-0.07532664	-0.18035619	-0.17213629	-0.13842866	10	-0.18396059	0.08647189	0.33896983	Binding_SOS	-0.11075549	0.052061353	0.2040805
H26S	H26S	26	26	0.22848988	0.20092553	0.28344464	0.34153807	0.26801923	0.20774172	0.1617965	0.11669754	0.187547	0.19022563	10	0.21864256	0.06469508	0.25360474	Binding_SOS	0.13163616	0.038950384	0.15268551
H26T	H26T	26	26	0.19573104	0.29654106	0.25348526	0.3081293	-0.09765609	0.47239214	0.17735536	0.18882065	0.30621716	0.01162318	10	0.2112639	0.16083966	0.6304915	Binding_SOS	0.12719375	0.096835285	0.37959433
H26V	H26V	26	26	0.26647836	0.15219764	0.28577492	0.040686976	0.24862313	0.29026282	0.31342608	0.25796428	0.22931091	0.18229964	10	0.22670248	0.08180026	0.320657	Binding_SOS	0.13648872	0.049248744	0.19305508
H26W	H26W	26	26	-0.4807575	-0.3760491	-0.6490402	-0.4833554	-0.616957	-0.23000073	-0.57971084	-0.4756984	-0.6971389	-0.28630123	10	-0.4875009	0.15445809	0.6054757	Binding_SOS	-0.29350528	0.092993185	0.3645333
H26Y	H26Y	26	26	-0.32743308	-0.35629037	-0.31689972	-0.54949194	-0.5302959	-0.59773296	-0.5515845	-0.33352992	-0.43463412	-0.62033945	10	-0.46182323	0.12084397	0.47370836	Binding_SOS	-0.27804574	0.07275544	0.28520134
H93L	H93L	93	93	-0.037644286	-0.117419176	0.1899813	-0.33519974	-0.6414687	-0.578993	0.33141762	0.6428845	-0.29906762	-0.67726797	10	-0.15227771	0.440928	1.7284379	Binding_SOS	-0.09168047	0.26546556	1.040625
H93Q	H93Q	93	93	-0.0301814	-0.35208076	-0.013542563	-0.5046098	-0.63257426	-0.94568646	-0.021518549	-0.080286816	-0.3796495	0.06882406	10	-0.2891306	0.33232746	1.3027236	Binding_SOS	-0.17407425	0.2000814	0.7843191
H93R	H93R	93	93	0.28754112	-0.122125246	-0.1670482	0.38559347	-0.05883997	0.13501985	0.06442332	-0.24773304	-0.017682575	-0.41802514	10	-0.015887642	0.24356836	0.95478797	Binding_SOS	-0.009565329	0.146643	0.57484055
H94D	H94D	94	94	-0.4253232	-0.3179684	0.07485104	0.48785487	-0.10917086	0.2569023	-0.2184972	0.029950615	-0.8013278	-0.53353393	10	-0.15562627	0.3853935	1.5107425	Binding_SOS	-0.093696505	0.23203039	0.90955913
H94G	H94G	94	94	-0.34166712	-0.08989581	-0.30725375	-0.35074848	-0.20809369	0.08715634	0.46322837	0.3456503	0.13576774	0.2020948	10	-0.0063761296	0.2955352	1.158498	Binding_SOS	-0.0038388188	0.17793022	0.69748646
H94L	H94L	94	94	0.30437252	0.39273372	-0.080076	-0.029963814	0.000722015	0.20656653	0.26137382	0.49117106	0.29526192	0.56526464	10	0.24074264	0.21948461	0.8603797	Binding_SOS	0.14494175	0.13214312	0.5180011
H94M	H94M	94	94	0.15090406	-0.49881333				0.041833844	0.5604728	-0.2510448	0.1484824	-0.19170006	7	-0.005695015	0.3437681	1.3475709	Binding_SOS	-0.0034287465	0.20696935	0.8113199
H94N	H94N	94	94	0.0035972926	-0.11830221	0.14077877	-0.0069604116	0.12680268	0.08645168	-0.16174121	-0.049920127	-0.012185562	0.069843575	10	0.007836448	0.100273535	0.39307228	Binding_SOS	0.0047180196	0.06037078	0.23665346
H94P	H94P	94	94	0.6114974	0.6637012				0.016164424	-0.5423757	0.7271234	0.636382	-0.08312224	7	0.28991005	0.49347845	1.9344356	Binding_SOS	0.17454353	0.29710412	1.1646482
H94Q	H94Q	94	94	-0.6438024	0.016878929				-0.4672218	-1.0738485	-0.44130552	-0.6511565	-0.654176	7	-0.5592331	0.32754722	1.2839851	Binding_SOS	-0.33669245	0.1972034	0.7730373
H94R	H94R	94	94	-0.17132498	-0.14977406	-0.2287182	-0.1199168	-0.15936677	-0.18930277	-0.09024091	-0.19869742	-0.1274306	-0.08572843	10	-0.1520501	0.04682067	0.18353704	Binding_SOS	-0.09154343	0.0281889	0.110500485
H94V	H94V	94	94			0.764459	-0.17048031	0.48815125	0.38702798	0.60856235	-0.034282465	-0.36625406		7	0.23959766	0.42921624	1.6825277	Binding_SOS	0.1442524	0.25841436	1.0129843
H94Y	H94Y	94	94	-0.052396312	0.036527276	-0.10704711	-0.15073094	0.022481622	-0.32267395	-0.023720112	-0.3088628	-0.1069317	-0.14557427	10	-0.11589284	0.123448625	0.4839186	Binding_SOS	-0.06977456	0.0743236	0.29134852
I138C	I138C	138	138	-0.24890685	-0.18916146	-0.24777845	-0.40082115	-0.3794051	-0.7063456	-0.23120005	-0.6065663	-0.3348369	-0.2517634	10	-0.35967854	0.17186916	0.6737271	Binding_SOS	-0.21654841	0.10347571	0.4056248
I138D	I138D	138	138	1.1151154	1.377809	1.3380028	1.4028088	1.142227	1.2235695	0.7609541	0.22778407	0.69623804	1.0167531	10	1.0301261	0.37113047	1.4548315	Binding_SOS	0.6201987	0.22344317	0.8758972
I138F	I138F	138	138	-0.36640888	-0.357482	-0.21963699	-0.53555316	-0.60984766	-0.08456634	-0.08052114	-0.030984089	-0.17317823	-0.16801989	10	-0.26261982	0.19780612	0.7754	Binding_SOS	-0.15811315	0.11909135	0.4668381
I138G	I138G	138	138	-0.04053067	0.0648084	0.55035126	-0.6850035	0.035645958	-0.35012344	-0.52383906	-0.21326615	-0.3981487	-0.24553	10	-0.1805636	0.35189664	1.3794348	Binding_SOS	-0.1087103	0.21186323	0.8305039
I138L	I138L	138	138	0.017785605	-0.31573364	-0.21798775	-0.43723637	-0.43359795	0.08403958	0.051958956	-0.082963675	-0.39499104	-0.6169832	10	-0.23457094	0.24262494	0.9510898	Binding_SOS	-0.14122601	0.14607501	0.5726141
I138M	I138M	138	138	-0.513309	-0.024725007	-0.025505675	-0.13026862	0.17986606	-0.011485931	-0.09406018	-0.36820754	-0.27835637	-0.13116065	10	-0.13972129	0.19946894	0.7819183	Binding_SOS	-0.084120736	0.12009247	0.4707625
I138N	I138N	138	138	-0.30630684	-0.7963672	-0.48318723	-0.84022075	-0.7523435	0.59722346	0.34294593	0.28840974		-1.1593336	9	-0.34546444	0.6185565	2.4247415	Binding_SOS	-0.20799066	0.37240872	1.4598422
I138S	I138S	138	138	0.014463313	-0.13666664	0.00379933	-0.11727231	-0.0077360277	0.009328445	-0.069733754	0.03855761	-0.00691563	0.10954454	10	-0.016263112	0.073449515	0.2879221	Binding_SOS	-0.009791385	0.044221085	0.17334665
I138T	I138T	138	138	0.0012382256	0.009914503	0.35799447	0.66412646	0.39436138	-0.14518562	-0.0070026526	-0.0285344	0.32813582	0.07025461	10	0.16453028	0.25575456	1.0025579	Binding_SOS	0.09905726	0.15397984	0.603601
I138V	I138V	138	138	-0.45299324	-0.3568673	-0.17274114	0.02660676	-0.18593381	0.10850381	0.1874222	0.0983256	-0.1225246	-0.3313181	10	-0.120152	0.21976326	0.861472	Binding_SOS	-0.07233883	0.13231088	0.5186587
I138W	I138W	138	138	0.45463362				0.40834597	0.09584974	0.30233368	0.13698354	0.5709083	0.3725132	7	0.3345097	0.17040177	0.66797495	Binding_SOS	0.20139524	0.10259225	0.40216163
I138Y	I138Y	138	138	-0.3599045	-0.8166733	-1.000487	-0.60192144	-0.9194184	-0.23724122	-0.586338	-0.65627915	-1.0892557	-0.5545908	10	-0.6822109	0.27402544	1.0741798	Binding_SOS	-0.41073257	0.16498002	0.6467217
I141C	I141C	141	141	-0.2594477	-0.10433558	-0.5315182	-0.23203199	-0.116376474	-0.48160818	-0.14529262				7	-0.26723012	0.17381303	0.6813471	Binding_SOS	-0.16088882	0.10464604	0.4102125
I141D	I141D	141	141	0.07433038	-0.6579155	1.1076391	0.8415926	0.9418828	0.49875152	-0.6410728	0.57784325	-0.4576226	0.88624644	10	0.31716752	0.6866337	2.6916041	Binding_SOS	0.1909542	0.41339535	1.6205097
I141F	I141F	141	141	0.32374626	0.31434098	-0.07092371	0.33489445	0.21410283	0.6212669	0.22565351	0.46765807	-0.22109793	0.58970714	10	0.27993485	0.26567444	1.0414438	Binding_SOS	0.16853786	0.15995221	0.62701267
I141G	I141G	141	141	-0.29007378	-0.24183063	-0.79473263	-0.20560378	-0.6354709	-0.46486574	-0.7188459	-0.4968974	-0.769035	-0.40730298	10	-0.50246584	0.21925595	0.85948336	Binding_SOS	-0.3025151	0.13200545	0.51746136
I141H	I141H	141	141	-0.39870358	-0.008671628	-0.059118047	-0.051756386	-0.25316384				-0.08529493	0.09694489	7	-0.10853765	0.16508378	0.64712846	Binding_SOS	-0.065346286	0.0993905	0.38961077
I141K	I141K	141	141	0.55000764	-0.046537574	0.047076885				0.22981302	0.110226214	0.1503889	-0.04312208	7	0.14255044	0.20578557	0.8066795	Binding_SOS	0.08582406	0.12389546	0.4856702
I141L	I141L	141	141	-0.0769784	-0.102922164	-0.1170112	-0.06695111	-0.047091495	-0.16829877	-0.20204633	-0.20478204	-0.15291229	-0.19616486	10	-0.13351586	0.059246343	0.23224567	Binding_SOS	-0.080384694	0.03566991	0.13982606
I141M	I141M	141	141		-0.31022072	-0.07006559	-0.10416761	-0.3272108	-0.61251473	-0.40653986	-0.091753945			7	-0.27463904	0.19997725	0.7839108	Binding_SOS	-0.16534945	0.1203985	0.47196212
I141N	I141N	141	141	-0.44335124	-0.5589355	-0.55301434	-0.48300165	-0.18567525	0.1384868	-0.87112886	-0.34574667	-0.45548552	-0.15107538	10	-0.39089277	0.27537128	1.0794555	Binding_SOS	-0.23534128	0.1657903	0.649898
I141P	I141P	141	141	-0.32721666	0.8204696	1.2313788	-0.23236193	0.7755456	0.6533591	0.5672434	0.73673135	0.30897823	0.7683876	10	0.53025156	0.4850698	1.9014736	Binding_SOS	0.31924376	0.2920416	1.144803
I141T	I141T	141	141	0.547016	0.09776893	0.03196928	-0.06741542	0.05850693	0.035212446	-0.21390206	-0.6285432	-0.6054787	0.36934313	10	-0.03755227	0.37249205	1.4601688	Binding_SOS	-0.022608757	0.22426292	0.8791107
I141V	I141V	141	141	-0.11758322	-0.22556393	-0.18262741	-0.16771728	0.27017593	-0.15940349	0.09629248	-0.067037255	0.24490477	0.4176099	10	0.010905048	0.22889704	0.8972764	Binding_SOS	0.006565504	0.13780998	0.54021513
I162F	I162F	162	162	-0.39976048	-0.2444955	-0.5508667	-0.24835528	-0.18573672	-0.62079763	-0.6035443	-0.36188245	-0.24254139	-0.4648108	10	-0.39227912	0.1618915	0.6346147	Binding_SOS	-0.23617595	0.097468555	0.38207674
I162K	I162K	162	162	0.16742966	-0.35268298	0.10227485				-0.19463845	0.14025556	0.14931686	-0.3285106	7	-0.04522216	0.23676053	0.9281013	Binding_SOS	-0.027226496	0.14254427	0.5587736
I162M	I162M	162	162	0.30864534	0.42240867	-0.02082091	0.2503533				0.46222982	0.7832002	0.35942832	7	0.36649212	0.24249871	0.95059496	Binding_SOS	0.2206506	0.14599901	0.57231617
I162S	I162S	162	162	1.1624115	0.7178849				1.2041909	1.0953133	0.76168114	1.2115252	1.1759267	7	1.0469905	0.2136107	0.83735394	Binding_SOS	0.63035214	0.12860666	0.5041381
I162T	I162T	162	162	-0.4367917	-0.41430354	-0.61737484	-0.37997535	0.13371782	-0.117757544	-0.29558173	-0.5720866	-0.43221286	-0.695424	10	-0.38277903	0.24485618	0.95983624	Binding_SOS	-0.23045632	0.14741835	0.57787997
I162V	I162V	162	162	-0.23996103	0.046601333	-0.10336666	-0.41396955	-0.7520113	0.4048548	0.30874404	-0.5898729	0.21305081	0.26954278	10	-0.08563875	0.4026597	1.5784261	Binding_SOS	-0.051559746	0.2424257	0.95030874
I186C	I186C	186	186		-0.9070113	-0.092036486	-0.2584785	-0.34209266	-0.16089793	0.17242825	-0.1656077	-0.15484126		8	-0.2385672	0.3086111	1.2097555	Binding_SOS	-0.14363201	0.1858027	0.7283466
I186D	I186D	186	186	-0.1660151	-0.25551835	-0.23281793	-0.64413846	-1.7600986	-0.6707623	-1.403776	-0.6774389	-0.7366475	-0.40477234	10	-0.6951986	0.51777613	2.0296824	Binding_SOS	-0.41855195	0.3117328	1.2219926
I186F	I186F	186	186	0.19077931	0.051909525	0.12349617	0.21132483	-0.2942241	0.22251217	-0.004234371	0.008410267	0.11094989	0.14178206	10	0.076270565	0.15253744	0.59794676	Binding_SOS	0.04591953	0.09183684	0.36000043
I186G	I186G	186	186	-0.015031833	0.06624146	-1.0646584	-1.1854005	-0.6377994	-1.2663411	-0.26801348	-0.10885186	0.08080323	0.09752257	10	-0.4301529	0.5580818	2.1876807	Binding_SOS	-0.25897828	0.33599928	1.3171172
I186L	I186L	186	186				-0.25798538	-0.15447365	0.24576673	0.10060341	-0.1485718	0.23671654	0.19630855	7	0.031194912	0.21243602	0.8327492	Binding_SOS	0.01878124	0.12789944	0.5013658
I186M	I186M	186	186	-0.43373004	-0.7314744	-0.29764375	-0.4859615	-0.08905203	-0.3286381	-0.4186417	-0.70628655	-0.43380782		9	-0.43613732	0.19818208	0.77687377	Binding_SOS	-0.26258126	0.119317695	0.46772537
I186N	I186N	186	186	-0.54129416	-0.5808938	0.0065274364	-0.1241212	-0.2598749	-0.08945195	0.0063165072	0.20983733	-0.12099179	-0.2726321	10	-0.17665787	0.24548844	0.96231467	Binding_SOS	-0.10635881	0.147799	0.5793721
I186Q	I186Q	186	186	-0.9468945	-1.0235558				-0.764674	-1.2089821	-0.87584674	-1.3302668	-1.6524403	7	-1.1146657	0.30565718	1.1981761	Binding_SOS	-0.67109674	0.18402426	0.7213751
I186R	I186R	186	186	-0.23548472	-0.3370956	-0.52393407	0.050350692	-0.50356656	-0.5429868	-0.7215198	-0.3252175	-0.26058695	-0.40574148	10	-0.38057828	0.21214074	0.8315917	Binding_SOS	-0.22913133	0.12772167	0.50066894
I186S	I186S	186	186	-0.16119961	-0.07180682	-0.11552167	-0.18410389	-0.260952	0.19203903	-0.12149851	-0.14476272	0.15009429	0.11331843	10	-0.06043935	0.1556043	0.6099689	Binding_SOS	-0.036388174	0.09368328	0.36723846
I186T	I186T	186	186	-0.27200818	0.023378706	-0.4277942	-0.0026990552	0.021579688	-0.046540957	-0.10780151	-0.3301134	-0.37221596	-0.30342007	10	-0.1817635	0.17670022	0.69266486	Binding_SOS	-0.10943271	0.10638431	0.4170265
I186V	I186V	186	186	-0.30496457	-0.13405576	-0.19734006	-0.14745173	0.14304665	-0.27492797	-0.16496532	-0.17860228	-0.14924599	-0.043232348	10	-0.14517394	0.124814615	0.4892733	Binding_SOS	-0.08740356	0.07514601	0.29457238
I186Y	I186Y	186	186	-0.35966513	-0.2932214	-0.26609933	-0.5744608	-0.46860442	-0.49195954	-0.34089562				7	-0.3992723	0.11405209	0.4470842	Binding_SOS	-0.24038626	0.06866631	0.26917192
I20A	I20A	20	20	0.033270255	0.16475779	0.10706685	-0.013998536	0.041743208	0.15599051	0.10621221	0.17431945	-0.13974945	0.18385093	10	0.08134632	0.10263959	0.4023472	Binding_SOS	0.048975445	0.061795294	0.24223755
I20C	I20C	20	20	0.10490256	0.30283356	0.23818143	0.3166599	0.31388518	0.19058387	0.1870975	-0.102482446	-0.055865016	0.24007617	10	0.17358726	0.14888583	0.58363247	Binding_SOS	0.10451011	0.089638345	0.35138232
I20D	I20D	20	20	0.6243775	0.6280111	0.5844142	0.61447936	0.63553184	0.7106551	0.72608554	0.61658204	0.658701	0.7122073	10	0.6511045	0.048797354	0.19128563	Binding_SOS	0.3920046	0.029378982	0.11516561
I20E	I20E	20	20	0.25042644	0.36188954	0.38747206	0.21088052	0.41373459	0.4006405	0.5878922	0.4073972	0.29143775	0.5109993	10	0.382277	0.11365669	0.44553423	Binding_SOS	0.23015407	0.068428256	0.26823875
I20F	I20F	20	20	0.18686356	0.14150733	-0.0107169505	0.042893358	0.101953566	0.18125068	0.11632572	0.13706432	0.27549264	0.040136058	10	0.121277034	0.08359131	0.32767794	Binding_SOS	0.07301617	0.050327066	0.1972821
I20G	I20G	20	20	0.4132947	0.47179857	0.37593582	0.39052993	0.3977296	0.4585382	0.45364544	0.3722668	0.44267398	0.366087	10	0.41425005	0.039468586	0.15471686	Binding_SOS	0.24940379	0.023762496	0.093148984
I20H	I20H	20	20	0.15656282	-0.053005617	-0.29471537	-0.023050183	-0.06614423	-0.1269853	-0.033329293	-0.12293134	-0.044771057	-0.07943859	10	-0.06878082	0.11177368	0.43815282	Binding_SOS	-0.041410245	0.06729457	0.26379472
I20K	I20K	20	20	-0.14685835	-0.2709027	-0.6081364	-0.3327971	-0.118276745	-0.11704105	-0.050524157	-0.13124672	-0.31852284	-0.25400636	10	-0.23483126	0.16245504	0.6368238	Binding_SOS	-0.14138274	0.09780784	0.38340673
I20L	I20L	20	20	0.38123512	0.30217063	0.16839744	0.16964383	0.32100564	0.33136582	0.35486552	0.4339284	0.3234644	0.36870232	10	0.31547794	0.08574046	0.3361026	Binding_SOS	0.18993695	0.051620986	0.20235427
I20M	I20M	20	20	0.002843306	0.10510492	-0.0047777942	-0.005494224	0.035699155	0.0399957	-0.053885363	-0.030592596	0.06601389	0.12807745	10	0.028298443	0.05828609	0.22848147	Binding_SOS	0.017037388	0.03509178	0.13755979
I20N	I20N	20	20	0.21317923	0.41884896	0.27649552	0.13773267	0.113737404	0.25070858	0.29106066	0.12669078	0.14118582	0.032818828	10	0.20024583	0.111994185	0.4390172	Binding_SOS	0.1205602	0.06742733	0.26431513
I20P	I20P	20	20	2.6376913	3.1389675	2.8023155	2.6233122	2.6263635	2.6783726	2.8465958	2.480606	2.7860167	2.4794261	10	2.7099667	0.19536199	0.765819	Binding_SOS	1.6315652	0.11761983	0.46106973
I20Q	I20Q	20	20	0.3761253	0.25006765	-0.12652886	0.133281	0.45616364	0.32814452	0.31811562	0.23717904	0.34454906	0.29637858	10	0.26134756	0.16142486	0.63278544	Binding_SOS	0.15734717	0.09718761	0.38097543
I20R	I20R	20	20	-0.16270183	-0.0409391	-0.23204137	-0.10426267	-0.117913365	-0.16948223	-0.08296492	-0.06499974	-0.11165164	-0.1485332	10	-0.12354901	0.056255728	0.22052246	Binding_SOS	-0.07438403	0.03386938	0.13276796
I20S	I20S	20	20	0.23347957	0.30984327	0.24062994	0.1793558	0.14258774	0.26372868	0.20810404	0.21297807	0.12869471	0.40977585	10	0.23291779	0.08240117	0.3230126	Binding_SOS	0.14023072	0.04961053	0.19447328
I20T	I20T	20	20	-0.16653405	-0.07236819	-0.04807085	-0.14730766	-0.04352956	-0.110572614	-0.0086751105	0.05770524	0.024394201	-0.059558887	10	-0.057451744	0.07121383	0.2791582	Binding_SOS	-0.034589455	0.042875066	0.16807026
I20V	I20V	20	20	0.057780057	0.19263078	0.095362134	0.0958888	-0.06591472	0.10743003	0.053311415	0.060298663	0.110543534	0.14623049	10	0.08535612	0.06818627	0.26729017	Binding_SOS	0.051389586	0.04105229	0.16092497
I20W	I20W	20	20	0.47705814	0.3693045	0.42114234	0.46121863	0.43870267	0.45567387	0.42791837	0.4798702	0.44118583	0.385205	10	0.43572792	0.036486443	0.14302686	Binding_SOS	0.26233476	0.021967063	0.08611089
I20Y	I20Y	20	20	-0.076184295	0.024874182	0.158984	0.18930912	0.0135514755	0.12608363	-0.031212166	0.02701783	0.012516329	0.08303853	10	0.05279786	0.08465448	0.33184558	Binding_SOS	0.031787533	0.05096716	0.19979127
I23C	I23C	23	23	-0.15788575	0.04553358	-0.09273383	0.13272926	-0.063299455	0.05755191	0.18206958	0.1081196	0.11549329	0.00014726286	10	0.032772545	0.10953152	0.42936358	Binding_SOS	0.01973107	0.06594466	0.25850305
I23D	I23D	23	23	0.5595753	0.25656098	0.4273901	0.36037067	0.16536285	0.3562921	0.37721795	0.17865163	0.21217719	0.3615819	10	0.32551807	0.12297995	0.4820814	Binding_SOS	0.19598173	0.074041426	0.2902424
I23E	I23E	23	23	0.053515527	-0.35662442	0.048099067	0.041380893	-0.10161894	-0.26677096	0.061868157	0.2633735	-0.0023255534	-0.11994426	10	-0.037904702	0.179128	0.7021818	Binding_SOS	-0.022820942	0.107845984	0.42275625
I23F	I23F	23	23	0.47235495	0.4441729	0.62265	0.55027807	0.43569374	0.47646645	0.47809458	0.4644356	0.5249756	0.5314521	10	0.5000574	0.05725053	0.22442208	Binding_SOS	0.30106506	0.034468308	0.13511577
I23G	I23G	23	23	0.29631788	0.26932698	0.42473328	0.3541313	0.4492623	0.30062082	0.35581338	0.23799121	0.29117456	0.31039485	10	0.32897666	0.06705909	0.26287165	Binding_SOS	0.19806401	0.04037366	0.15826476
I23H	I23H	23	23	0.31600168	0.63384783	0.36684844	0.5505529	0.31042653	0.54120696	0.3721498	0.11425452	-0.20440324	0.30082366	10	0.3301709	0.24089482	0.94430774	Binding_SOS	0.19878301	0.14503337	0.56853086
I23K	I23K	23	23	1.1768415	1.0823802	1.2844087	1.0354226	1.2092853	1.2068658	1.0241584	0.8663775	1.3111562	0.9835506	10	1.1180447	0.1425865	0.5589391	Binding_SOS	0.6731311	0.08584577	0.33651543
I23L	I23L	23	23	0.04073838	-0.0062600435	-0.012724468	0.046227146	-0.09250597	-0.067828424	0.20196831	0.09545709	-0.06853723	0.039718397	10	0.017625317	0.08833481	0.34627247	Binding_SOS	0.0106115155	0.053182945	0.20847715
I23M	I23M	23	23	0.5569714	0.56508785	0.51450586	0.41315174	0.2191228	0.568069	0.78573006	0.69953793	0.5816063	0.601974	10	0.55057573	0.15336844	0.60120434	Binding_SOS	0.33148018	0.092337154	0.36196166
I23N	I23N	23	23	0.11033778	0.2971263	0.04726279	0.22497268	0.043117262	0.22663555	0.4062871	0.1276745	0.16837095	0.18580611	10	0.18375911	0.11209931	0.4394293	Binding_SOS	0.110634185	0.06749062	0.26456323
I23P	I23P	23	23	2.1976016	2.9196265	2.7473967	2.3440902	2.4560738	2.5412576	2.6069915	2.468296	2.3419328	2.464566	10	2.508783	0.20939	0.8208088	Binding_SOS	1.5104403	0.12606555	0.49417698
I23Q	I23Q	23	23	-0.48518002	-0.5908493	-0.3583731	-0.27205074	-0.37583393	-0.119102605	-0.2528627	-0.5046863	-0.5427065	-0.6760959	10	-0.4177741	0.17234132	0.675578	Binding_SOS	-0.2515255	0.10375998	0.40673915
I23R	I23R	23	23	1.4412041	1.6783165	1.5673503	1.5709314	1.4103817	1.4398829	1.7658544	1.3798475	1.4866651	1.6095614	10	1.5349995	0.1253943	0.49154568	Binding_SOS	0.9241633	0.07549501	0.29594046
I23S	I23S	23	23	-0.04908284	-0.097201794	-0.096002236	0.047629066	-0.07856927	-0.019813191	-0.063265935	-0.2746298	0.056380644	0.02787637	10	-0.0546679	0.096264765	0.37735787	Binding_SOS	-0.03291341	0.057957258	0.22719246
I23T	I23T	23	23	0.011261496	-0.029911637	-0.03491905	-0.122269064	0.028030628	0.0631406	-0.03374583	0.31631744	-0.085313626	-0.052556507	10	0.0060034455	0.12149016	0.47624144	Binding_SOS	0.0036144403	0.07314448	0.28672636
I23V	I23V	23	23	-0.25590703	-0.097681955	-0.40241525	-0.12844822	-0.34436318	-0.36465377	-0.05974424	-0.25268885	-0.2792013	-0.1949179	10	-0.23800218	0.11640093	0.45629165	Binding_SOS	-0.14329183	0.07008046	0.2747154
I23W	I23W	23	23	-0.22982816	-0.0030829038	-0.1815506	-0.0114710815	-0.24601112	-0.3648017	0.12477137	-0.061479464	-0.51329744	-0.32496354	10	-0.18117146	0.19428405	0.7615935	Binding_SOS	-0.10907627	0.116970845	0.45852572
I23Y	I23Y	23	23	0.13728867	0.015477305	0.15102279	0.111470744	0.5522511	0.20783946	0.37830594	0.2912163	-0.055237703	0.19585292	10	0.19854876	0.17563082	0.68847287	Binding_SOS	0.11953846	0.105740465	0.41450262
I35A	I35A	35	35	3.0003004	3.3374317	2.1408684	2.2001293	2.6942127	3.0416286	2.8159702	2.5404541	2.5580795	2.1110399	10	2.6440115	0.41503873	1.6269518	Binding_SOS	1.5918561	0.24987863	0.97952425
I35C	I35C	35	35	1.9167502	1.5926573	1.438729	2.2099257	2.0720472	2.2145498	2.0727768	1.6987822	2.774644	1.9010764	10	1.9891939	0.37828484	1.4828767	Binding_SOS	1.197616	0.22775054	0.89278215
I35D	I35D	35	35	1.0604485	1.2946556	1.3811357	1.976448	2.6745567	2.1962366	2.0898128	2.2248664	1.7474949	2.4103785	10	1.9056034	0.52271134	2.0490284	Binding_SOS	1.1472894	0.3147041	1.2336401
I35E	I35E	35	35	2.777354	1.9079959	2.1672294	2.65593	2.3138857	2.1333935	2.2871275	1.9094191	1.9873648	2.6413207	10	2.278102	0.3190199	1.2505581	Binding_SOS	1.3715563	0.19206944	0.7529122
I35F	I35F	35	35	-0.07273793	0.19453424	-0.008385455	-0.09990056	0.011697178	0.39363816	0.18134242	-0.18887247	-0.061615296	-0.042428594	10	0.030727169	0.17416006	0.6827075	Binding_SOS	0.01849963	0.10485498	0.4110315
I35G	I35G	35	35	2.1154256	2.6651626	2.923073	2.752202	2.3864017	2.3695571	2.445558	2.6304991	2.3031142	2.2274768	10	2.481847	0.2532948	0.99291563	Binding_SOS	1.4942232	0.15249892	0.5977958
I35H	I35H	35	35	2.081901	2.5630395	1.6180297	1.9305106	1.6797367	1.6386862	1.697202	1.8320749	2.3190444	1.3686665	10	1.8728889	0.35997725	1.4111109	Binding_SOS	1.1275933	0.21672826	0.8495748
I35K	I35K	35	35	2.7655227	2.8727741	2.6741846	2.327712	2.5322263	2.557635	2.1779902	2.7000506	1.3326356	2.3810956	10	2.4321828	0.44076234	1.7277884	Binding_SOS	1.4643223	0.2653658	1.040234
I35L	I35L	35	35	-0.75946915	-0.51352274	-0.36784	-0.5710334	-0.62256396	-0.4081251	-0.36842474	-0.46265653	-0.35967478	-0.22991548	10	-0.4663226	0.15401433	0.6037362	Binding_SOS	-0.28075463	0.09272602	0.36348602
I35M	I35M	35	35	0.1836055	0.24183291	0.21107286	0.44207305	0.21712221	0.21784516	0.26307812	0.1972092	-0.07833666	0.5846053	10	0.24801075	0.1724597	0.6760421	Binding_SOS	0.14931759	0.10383126	0.40701854
I35N	I35N	35	35	2.6422148	2.3940396	2.5001128	2.1912339	2.1050572	2.2694168	2.2478862	2.4293368	2.5460727	2.1066825	10	2.343205	0.18722175	0.73390925	Binding_SOS	1.4107523	0.11271891	0.44185814
I35P	I35P	35	35	1.7415174	1.4701958	1.9217983	2.0802886	2.6793022	1.3454088	1.9539602	1.8943369	1.0590062	2.3307402	10	1.8476555	0.47446612	1.8599072	Binding_SOS	1.1124012	0.28565753	1.1197776
I35Q	I35Q	35	35	2.3142116	2.355839	2.372708	1.9420078	2.0435581	2.547492	2.5568044	2.3657496	2.062887	2.3305864	10	2.2891846	0.20817713	0.8160544	Binding_SOS	1.3782287	0.12533532	0.49131447
I35R	I35R	35	35	2.4776838	2.887103	2.7503393	2.2007244	2.4438007	2.221668	3.0024993	2.6284015	2.5454142	2.7407067	10	2.5898342	0.26489046	1.0383706	Binding_SOS	1.5592381	0.15948021	0.6251624
I35S	I35S	35	35	2.2235081	2.2213607	2.7601712	2.6152608	2.8856611	2.918754	3.1967778	2.561293	3.0837026	2.9086123	10	2.7375102	0.33199218	1.3014094	Binding_SOS	1.6481481	0.19987954	0.7835278
I35T	I35T	35	35	2.0838122	2.0838115	2.411591	2.6485746	2.7339847	2.6081336	2.6838915	2.43693	2.7331736	3.0436387	10	2.5467541	0.2997415	1.1749867	Binding_SOS	1.5333012	0.18046266	0.7074136
I35V	I35V	35	35	2.4097056	2.5633767	2.2068455	2.5205493	2.0411181	2.113286	2.4968503	1.7803187	2.358344	1.788013	10	2.227841	0.29114488	1.1412879	Binding_SOS	1.3412961	0.17528696	0.6871249
I35W	I35W	35	35	2.3471599	2.170611	2.2996447	2.1492743	2.185575	1.2706572	1.9169358	2.3072934	1.7909772	2.201399	10	2.063953	0.3287617	1.2887459	Binding_SOS	1.2426255	0.19793458	0.7759036
I35Y	I35Y	35	35	2.0505006	2.3735986	1.9305146	1.9177343	2.3863776	2.0562801	1.9716467	1.24694	1.8352376	1.2333821	10	1.9002212	0.3929054	1.5401893	Binding_SOS	1.144049	0.23655301	0.9272878
I45A	I45A	45	45	0.28890377	0.4825835	0.758658	0.9018304	0.98389786	1.1009625	0.72675294	0.8418252	0.62963593	0.551207	10	0.7266257	0.24554849	0.9625501	Binding_SOS	0.43747297	0.14783517	0.57951385
I45C	I45C	45	45	0.8250073	0.9625635	0.8083	0.659889	1.0913452	1.0441017	0.9915005	0.8042184	1.1156011	0.8051628	10	0.91076887	0.15086538	0.5913923	Binding_SOS	0.5483384	0.090830155	0.35605422
I45D	I45D	45	45	0.5171687	0.12878305	0.19812666	0.15029669	-0.131902	0.48667786	-0.040330775	0.15019116	0.28442794	0.7385114	10	0.24819505	0.2655434	1.0409302	Binding_SOS	0.14942856	0.15987332	0.62670344
I45E	I45E	45	45	0.5157897	0.3325657	0.35639057	0.8948461	-0.08183382	0.24305765	0.4735424	0.5622692	0.13077714	0.13910243	10	0.35665074	0.27386543	1.0735525	Binding_SOS	0.2147255	0.16488369	0.64634407
I45F	I45F	45	45	0.6774762	0.36228198	0.32421175	0.35639083	0.3111058	0.5528583	0.6006359	0.34838846	0.4136184	0.4536862	10	0.44006532	0.1279162	0.5014315	Binding_SOS	0.26494616	0.07701335	0.30189234
I45G	I45G	45	45	0.54368603	0.15581936	0.47031274	0.42036796	0.16202202	0.21614902	0.10601935	0.3141441	0.3028026	0.56405264	10	0.3255376	0.16692422	0.65434295	Binding_SOS	0.19599348	0.10049856	0.39395434
I45H	I45H	45	45	0.33317685	0.34462494	0.65574145	0.5285899	0.639118	0.8663664	0.7807607	0.57856727	0.6224916	0.30656043	10	0.5655998	0.19003259	0.74492776	Binding_SOS	0.34052557	0.114411205	0.44849193
I45K	I45K	45	45	0.33493707	0.6592417	0.26128623	0.1419748	0.2154786	0.3098721	0.44637734	0.6023158	0.4776426	0.47378245	10	0.3922909	0.16779272	0.6577475	Binding_SOS	0.23618303	0.10102145	0.39600408
I45L	I45L	45	45	-0.036917627	-0.054951217	0.06002162	0.120439	0.042443328	-0.1103814	0.1632145	0.15449193	-0.14742176	-0.022636848	10	0.016830152	0.10872799	0.42621374	Binding_SOS	0.0101327775	0.06546088	0.25660667
I45M	I45M	45	45	0.12382178	0.08110189	0.11466513	0.35140923	0.20216462	0.3318255	0.22798988	0.2267859	0.21793336	0.19067082	10	0.20683679	0.087541394	0.34316227	Binding_SOS	0.124528356	0.052705258	0.20660461
I45N	I45N	45	45	0.35006544	0.30086333	0.36131513	0.3059858	0.10640886	0.2805837	0.15278605	0.38402042	0.12757263	0.32309437	10	0.26926956	0.10204004	0.39999697	Binding_SOS	0.16211669	0.061434325	0.24082255
I45P	I45P	45	45	1.1614039	1.4422687	1.2815875	0.6267998	1.3957587	1.0465834	1.3398178	1.6855147	1.1243638	0.9452102	10	1.2049309	0.2949437	1.1561793	Binding_SOS	0.7254419	0.17757408	0.6960904
I45Q	I45Q	45	45	-0.41759992	-0.48671094	0.24348995	0.2103796	-0.54072636	0.048166223	-0.4701237	-0.25443465	-0.73322344	-0.6192317	10	-0.30200148	0.35028526	1.3731183	Binding_SOS	-0.1818233	0.21089308	0.82670087
I45R	I45R	45	45	0.053066485	0.009083301	-0.20153448	0.22789794	-0.2826566	0.05264641	-0.07644938	-0.02636699	-0.09516027	0.09690737	10	-0.02425662	0.14803189	0.580285	Binding_SOS	-0.014603965	0.089124225	0.34936696
I45S	I45S	45	45	0.5127776	0.39341474	0.39579904	0.35833126	0.36093697	0.50452185	0.40878525	0.23687255	0.4402525	0.47655314	10	0.4088245	0.08189187	0.32101613	Binding_SOS	0.24613728	0.0493039	0.1932713
I45T	I45T	45	45	0.24060777	0.3199566	0.2263373	0.29582965	0.28757718	0.03741064	0.3388486	0.49466494	0.49135727	0.5416129	10	0.3274203	0.15105411	0.59213215	Binding_SOS	0.19712698	0.09094378	0.35649964
I45V	I45V	45	45	0.34459665	0.37000927	0.42349097	0.4366987	0.34516752	0.45106265	0.38300642	0.38809857	0.39075327	0.51640487	10	0.40492886	0.053024806	0.20785725	Binding_SOS	0.24379186	0.031924166	0.12514274
I45W	I45W	45	45	-0.6563665	-0.21173085	0.46079117	-0.0696571	-0.26381603	0.13977574	0.19331977	0.11442601	-0.035780128	-0.19285806	10	-0.052189596	0.30617106	1.2001905	Binding_SOS	-0.03142132	0.18433365	0.72258794
I45Y	I45Y	45	45	0.11444685	0.28367376	-0.011508743	0.21415012	0.2078679	0.2673546	0.23398285	0.29572093	-0.13168374	0.20062605	10	0.16746306	0.13888471	0.54442805	Binding_SOS	0.10082298	0.08361706	0.32777888
I54A	I54A	54	54	0.1680606	0.20060506	0.15182029	0.33823827	0.24612966	0.20163377	0.18435179	0.37817353	0.3628549	0.16649479	10	0.23983626	0.087144785	0.34160757	Binding_SOS	0.14439605	0.052466474	0.20566858
I54C	I54C	54	54	0.027778288	0.049739234	0.015332004	0.36573076	0.047450397	-0.012716222	0.21694794	-0.038876314	0.024197122	0.08157102	10	0.07771543	0.12250768	0.4802301	Binding_SOS	0.046789426	0.07375709	0.2891278
I54D	I54D	54	54	2.0768921	2.4181573	3.060948	2.67787	2.3941572	3.060276	2.1901352	2.7823336	2.5336113	2.0672665	10	2.5261648	0.3673329	1.439945	Binding_SOS	1.5209053	0.2211568	0.8669347
I54E	I54E	54	54	2.6489804	2.1250553	2.5474634	1.8027606	2.0291507	2.6204648	2.71148	2.4714823	2.7845044	2.726745	10	2.4468086	0.3394415	1.3306108	Binding_SOS	1.473128	0.20436448	0.8011088
I54F	I54F	54	54	0.8377518	0.75802094	0.7126292	0.9421155	0.8576913	0.8103836	0.8892382	0.9774681	0.90112305	1.011354	10	0.8697775	0.094351396	0.3698575	Binding_SOS	0.5236591	0.056805294	0.22267675
I54G	I54G	54	54	2.0424829	2.1687949	2.1501877	2.1950788	2.0934486	2.0602326	2.2113762	2.3384726	2.134791	2.2509449	10	2.1645808	0.08992938	0.35252318	Binding_SOS	1.3032097	0.05414297	0.21224044
I54H	I54H	54	54	3.1024761	1.7292169	2.44487	1.5821189	2.3931348	2.0252495	2.785103	2.672122	2.3999033	1.7681719	10	2.2902365	0.5006587	1.9625821	Binding_SOS	1.378862	0.30142707	1.1815941
I54K	I54K	54	54	2.4137921	2.8216689	1.7246923	2.8311963	2.130541	2.7492428	1.9162768	2.1591003	2.4837115	2.6324458	10	2.3862667	0.38954642	1.527022	Binding_SOS	1.436678	0.2345307	0.9193604
I54L	I54L	54	54	0.7673362	0.43688563	0.58465534	0.57064366	0.5611204	0.5572795	0.49332282	0.5564128	0.43628383	0.8275731	10	0.5791514	0.12761371	0.50024575	Binding_SOS	0.34868446	0.07683124	0.30117846
I54M	I54M	54	54	0.62843597	0.5298889	0.6731179	0.4513369	0.67813885	0.43571228	0.5281316	0.5498079	0.355957	0.6303735	10	0.54609007	0.10820161	0.42415032	Binding_SOS	0.32877952	0.065143965	0.25536436
I54N	I54N	54	54	0.17694911	0.50785464	0.15145835	0.11602107	0.23585741	0.43776655	0.23154259	0.25933766	0.06379549	0.28532264	10	0.24659057	0.13791059	0.54060954	Binding_SOS	0.14846256	0.08303058	0.3254799
I54P	I54P	54	54	1.8217103	2.5626426	2.4016018	2.4044385	2.002298	2.8682106	2.4436526	1.7647316	2.3924434	2.2373412	10	2.289907	0.3414127	1.3383378	Binding_SOS	1.3786637	0.20555125	0.8057609
I54Q	I54Q	54	54	1.7945417	1.8796532	2.3655314	2.270595	2.1309774	2.9762845	2.5218847	2.0495012	1.933607	2.5217085	10	2.2444286	0.3632824	1.4240671	Binding_SOS	1.3512828	0.21871816	0.8573752
I54R	I54R	54	54	2.3886137	2.130811	1.9827965	2.2064548	2.253726	2.0391428	1.6833223	1.875064	2.1334145	2.0527356	10	2.0746083	0.19937994	0.78156936	Binding_SOS	1.2490407	0.12003888	0.4705524
I54S	I54S	54	54	0.46550092	0.5663565	0.5053311	0.5612985	0.46549025	0.8063988	0.5461957	0.61578643	0.41078183	0.44127807	10	0.5384418	0.11383292	0.44622505	Binding_SOS	0.3241748	0.06853436	0.2686547
I54T	I54T	54	54	0.04847935	-0.0018987014	0.115645856	0.1292081	0.030940155	-0.027366394	-0.048657466	-0.032578778	0.17731443	0.037551995	10	0.042863857	0.07603738	0.29806653	Binding_SOS	0.025806656	0.04577914	0.17945422
I54V	I54V	54	54	0.07720307	0.196512	0.18165621	0.22048771	-0.001742184	0.12911251	0.13476536	0.079371676	-0.032342166	0.11194001	10	0.109696425	0.08203608	0.32158142	Binding_SOS	0.066043936	0.049390722	0.19361164
I54W	I54W	54	54	1.9498049	1.8031886	1.7085131	1.8877707	1.8306639	2.3638601	2.193074	1.7317835	1.8202617	1.8812637	10	1.9170183	0.20726945	0.81249624	Binding_SOS	1.1541619	0.12478884	0.48917228
I54Y	I54Y	54	54	2.5519388	1.9973294	1.8485636	2.3179076	1.7109364	2.2037463	1.9995314	1.8458221	1.9028281	2.1871262	10	2.0565732	0.25602445	1.0036159	Binding_SOS	1.2381824	0.15414234	0.604238
I83A	I83A	83	83	-0.27108315	-0.5204797	-0.366013	-0.4169998	-0.3934325	-0.50796306	-0.42599705	-0.38248667	-0.30544594	-0.38379657	10	-0.3973697	0.077742144	0.30474922	Binding_SOS	-0.2392408	0.046805512	0.18347761
I83C	I83C	83	83	-0.2380178	-0.5130429	-0.22136013	-0.34908086	-0.18821082	-0.33452356	-0.34939235	-0.21913731	-0.12127009	-0.2632051	10	-0.2797241	0.110391445	0.4327345	Binding_SOS	-0.16841096	0.06646238	0.26053256
I83D	I83D	83	83	-0.76448995	-0.3866021	-0.4475658	-0.5644229	-0.6533439	-0.71451974	-0.5219935	-0.6311647	-0.6645747	-0.5907666	10	-0.5939444	0.11737999	0.4601296	Binding_SOS	-0.35759073	0.07066991	0.27702606
I83E	I83E	83	83	-0.54889196	-0.33115873	-0.66747105	-0.42874008	-0.6019856	-0.6063121	-0.4892596	-0.5081321	-0.5419608	-0.44345647	10	-0.51673687	0.09891848	0.38776046	Binding_SOS	-0.3111071	0.059554957	0.23345543
I83F	I83F	83	83	-0.05494776	-0.14995906	-0.09264125	-0.14508265	-0.034852188	-0.036728725	-0.090032004	-0.17847192	-0.07033209	-0.12439562	10	-0.09774433	0.050045926	0.19618003	Binding_SOS	-0.058848046	0.0301307	0.11811234
I83G	I83G	83	83	-0.48804066	-0.55329615	-0.6060891	-0.4785961	-0.24237701	-0.5457615	-0.43741325	-0.56705475	-0.5159494	-0.49911454	10	-0.4933692	0.10076882	0.39501378	Binding_SOS	-0.29703835	0.060668975	0.23782238
I83H	I83H	83	83	-0.24661753	-0.27562714	-0.37536737	-0.25271106	-0.4149262	-0.2768279	-0.14201868	-0.25779617	-0.27647626	-0.15022501	10	-0.26685932	0.08422676	0.3301689	Binding_SOS	-0.16066559	0.050709642	0.1987818
I83K	I83K	83	83	-0.42385274	-0.5217685	-0.5662632	-0.17509946	-0.61368614	-0.7359282	-0.33396596	-0.3910169	-0.3854338	-0.22277316	10	-0.43697882	0.17464826	0.68462116	Binding_SOS	-0.2630879	0.1051489	0.41218367
I83L	I83L	83	83	-0.08779383	-0.12102026	-0.077266686	-0.08704242	-0.10186973	-0.11446932	-0.08071795	-0.056999117	-0.05437667	-0.09120295	10	-0.08727589	0.02172843	0.08517545	Binding_SOS	-0.05254541	0.013081839	0.05128081
I83M	I83M	83	83	-0.21444647	-0.12839587	-0.2828758	-0.1745343	-0.23713417	-0.11061686	-0.28642327	-0.27624002	-0.2512602	-0.06274957	10	-0.20246765	0.07951727	0.3117077	Binding_SOS	-0.12189787	0.047874242	0.18766703
I83N	I83N	83	83	-0.47432652	-0.56832504	-0.4300956	-0.41716048	-0.27973455	-0.3618417	-0.229249	-0.38353994	-0.45621243	-0.4897305	10	-0.40902156	0.10044466	0.39374307	Binding_SOS	-0.24625592	0.06047381	0.23705734
I83P	I83P	83	83	-0.7451683	-0.69970024	-0.67405814	-0.82765704	-0.63706106	-0.66373247	-0.6259008	-0.8385139	-0.47473207	-0.72476447	10	-0.69112885	0.105163865	0.41224235	Binding_SOS	-0.4161017	0.063315056	0.24819502
I83Q	I83Q	83	83	-0.13217211	-0.512304	-0.2988955	-0.4661173	-0.3612481	-0.14098492	-0.34669626	-0.21754117	-0.2698847	-0.22235216	10	-0.29681963	0.1272301	0.49874198	Binding_SOS	-0.17870352	0.076600276	0.3002731
I83R	I83R	83	83	-0.1337845	-0.32814628	-0.3160968	-0.29455727	-0.15763126	-0.26431805	-0.16518146	-0.086878836	-0.046859432	-0.3764185	10	-0.21698722	0.11296804	0.44283473	Binding_SOS	-0.13063954	0.06801365	0.2666135
I83S	I83S	83	83	-0.31919858	-0.6119516	-0.47731957	-0.3008129	-0.4146458	-0.37676844	-0.35700375	-0.3542942	-0.49956888	-0.5432181	10	-0.42547816	0.10322287	0.40463364	Binding_SOS	-0.2561638	0.062146463	0.24361414
I83T	I83T	83	83	-0.5570225	-0.4237174	-0.35518172	-0.3132366	-0.65925586	-0.3988229	-0.5146537	-0.40528798	-0.5097752	-0.37365854	10	-0.45106125	0.10636182	0.41693833	Binding_SOS	-0.27156636	0.0640363	0.2510223
I83V	I83V	83	83	-0.11974825	-0.18084499	-0.1007798	-0.00035156432	0.0037652568	-0.11811144	-0.11620886	-0.0570063	-0.057024438	0.010018454	10	-0.07362919	0.064169504	0.25154445	Binding_SOS	-0.044329263	0.038633954	0.1514451
I83W	I83W	83	83	-0.15710524	-0.28738984	-0.38323706	-0.21876566	-0.38013336	-0.22370265	-0.34312457	-0.24777858	-0.12458922	-0.19658254	10	-0.25624087	0.09021597	0.35364664	Binding_SOS	-0.15427263	0.05431552	0.21291684
I83Y	I83Y	83	83	-0.4291871	-0.22157486	-0.5011998	-0.2774936	-0.7161	-0.38743138	-0.5618002	-0.256965	-0.0981724	-0.28383464	10	-0.3733759	0.18322966	0.7182603	Binding_SOS	-0.22479506	0.11031543	0.4324365
I92F	I92F	92	92	-0.15824467	0.028020054	-0.40325433	0.3973774	-0.2885478	-0.20892695	-0.32353514	-0.109919265	-0.15037332	-0.17262824	10	-0.13900323	0.22341058	0.8757695	Binding_SOS	-0.08368842	0.13450679	0.5272666
I92G	I92G	92	92	-0.04203353	0.42194307	0.5436167	0.22825375	0.2522458	0.7133233	0.37274972	-0.47904083	-0.23527962	0.22431108	10	0.20000896	0.36116147	1.415753	Binding_SOS	0.12041759	0.21744123	0.85236967
I92M	I92M	92	92				-0.8076489	-0.6773287	-0.4185967	-0.7179117	-0.54177433	-0.78575706	-0.93301415	7	-0.69743305	0.17236106	0.67565536	Binding_SOS	-0.41989723	0.103771865	0.40678573
I92N	I92N	92	92	-0.82395357	-1.104347	-1.8299674	0.40541282	-0.47959924	-1.0486201	-0.36897925	-1.2961329	-0.9310794	-0.91675854	10	-0.8394024	0.59802806	2.34427	Binding_SOS	-0.5053714	0.36004937	1.4113935
I92R	I92R	92	92	-0.020471528	0.25110456	1.1830597	1.0504447	1.1139486	1.4693533	0.6926806	0.59759605	-0.035899248	0.5118059	10	0.6813623	0.518977	2.0343897	Binding_SOS	0.41022164	0.3124558	1.2248268
I92T	I92T	92	92	-0.21586779	-0.5971393	-0.58591014	-1.8777394	-0.49104315	-0.38225755	0.15870531	-0.66531396	-0.7054986	-0.022045385	10	-0.538411	0.55043364	2.1576998	Binding_SOS	-0.32415625	0.3313946	1.2990669
I92V	I92V	92	92	0.2749621	0.18747416	0.12775289	0.49926358	0.120377004	0.06755981	0.2620628	-0.08748319	0.53374285	0.54582524	10	0.25315374	0.21438785	0.8404004	Binding_SOS	0.152414	0.12907456	0.50597227
I92W	I92W	92	92	-0.06690496	-0.5586459	-0.72627854				-0.55620575	-0.6616348	-0.4566058	-0.45146787	7	-0.4968205	0.21434598	0.84023625	Binding_SOS	-0.29911625	0.12904935	0.50587344
I99C	I99C	99	99	0.18598548	0.33655843	-0.26249716	0.29856682	-0.016648574	-0.039849926	0.17152606	-0.07378462	0.45903546	0.21478906	10	0.1273681	0.2204191	0.8640429	Binding_SOS	0.076683365	0.13270573	0.5202065
I99D	I99D	99	99				-1.19913	0.53652424	0.7252677	-1.520863	0.3683218	-0.119978264	-0.594723	7	-0.25779724	0.87591326	3.4335802	Binding_SOS	-0.15520966	0.52735317	2.0672245
I99F	I99F	99	99	-0.13189457	-0.019003944	-0.4544589	-0.47062406	-0.1695714	0.03993158	-0.32129586	-0.25520113	-0.23622395	-0.026631782	10	-0.20449738	0.17726439	0.69487643	Binding_SOS	-0.12311989	0.10672397	0.41835797
I99G	I99G	99	99	1.6404397	1.0772535	1.3722188	1.2482344	0.9192191	1.5332321	1.3969544	0.5271307	1.7465091	0.95491546	10	1.2416108	0.3747428	1.4689919	Binding_SOS	0.7475254	0.22561802	0.88442266
I99H	I99H	99	99	0.48142752	-0.41075566	0.66921103	-0.22701019	0.6285237	0.56408644	0.5939525				7	0.32849076	0.4491736	1.7607605	Binding_SOS	0.19777147	0.2704299	1.0600853
I99L	I99L	99	99	-0.20929185	-0.6494635	-0.30638134	-0.7581161	-0.54299664	-0.48769972	-1.1571469	-0.26954076	-0.48259085	-0.8171932	10	-0.5680421	0.2891623	1.1335163	Binding_SOS	-0.34199598	0.17409334	0.6824459
I99M	I99M	99	99	-0.81948084	-0.7708706	-0.78633904	-0.5533757	-0.65915614	-0.052211568	-0.082169585	-0.61572313	-0.659261	-0.77006286	10	-0.5768651	0.28152618	1.1035826	Binding_SOS	-0.34730795	0.16949593	0.66442406
I99N	I99N	99	99	0.029825509	0.24875948	-0.16293459	0.043215312	-0.6855221	-0.99795115	-0.54058176	-0.9975341	-0.818234	0.7151497	10	-0.31658077	0.57956386	2.2718904	Binding_SOS	-0.19060093	0.34893277	1.3678164
I99R	I99R	99	99	-0.8469908	-0.37950346	-0.068208866	0.74084216	0.06761001	0.7172841	0.69751287	0.88807064	0.2646325	0.36338264	10	0.24446318	0.5591295	2.1917875	Binding_SOS	0.14718173	0.33663005	1.3195899
I99S	I99S	99	99	0.61833996	0.8991719	0.5043944	1.3623487	0.8098125	0.5039295	0.98958933	0.95536906	0.46257514	0.30226144	10	0.74077916	0.31986454	1.253869	Binding_SOS	0.44599423	0.19257796	0.7549056
I99T	I99T	99	99	0.223546	0.015860757	0.95791745	0.94679546	0.22536416	0.022059038	0.3299752	-0.32395986	0.32167885	0.22872537	10	0.29479626	0.39666742	1.5549363	Binding_SOS	0.17748532	0.23881797	0.93616647
I99V	I99V	99	99	0.082636625	0.02566056	-0.026777579	0.08044386	0.15764932	0.028237872	-0.029339904	-0.15326124	0.02550569	0.12377828	10	0.03145335	0.088665746	0.34756973	Binding_SOS	0.018936833	0.053382184	0.20925817
I99W	I99W	99	99	-0.8891062	0.20395991	-0.23683177	-0.4668236	-0.06938721	-0.2684186	-0.4142934	-0.3514805	-0.56713367	-0.37492707	10	-0.34344423	0.29075292	1.1397514	Binding_SOS	-0.20677437	0.17505099	0.6861999
I99Y	I99Y	99	99	-0.7686953	-0.32852173	-0.59058785	-0.54573804	0.2830543	-0.4176799		0.7458158	0.8783672	-0.7858826	9	-0.16998535	0.640834	2.5120692	Binding_SOS	-0.10234155	0.38582113	1.5124189
K100D	K100D	100	100	-0.3115944	-0.025169816				-0.7424164	-0.26189387	-0.8075297	-0.39484447	-0.6113071	7	-0.4506794	0.2820799	1.1057533	Binding_SOS	-0.27133647	0.16982931	0.6657309
K100F	K100F	100	100	0.56609005	0.1966627	0.16098079	0.07766901	0.42372766	0.40442187	0.31665426	-0.036469974	-0.08186369	0.64466375	10	0.26725367	0.24581644	0.96360046	Binding_SOS	0.160903	0.14799649	0.58014625
K100G	K100G	100	100	-0.037525482	-0.31846374	-0.2124669	-0.14698292	-0.37188408	-0.27838004	-0.23944072	-0.16478471	-0.15655893	-0.3156475	10	-0.22421353	0.1007084	0.39477694	Binding_SOS	-0.13499022	0.060632598	0.2376798
K100I	K100I	100	100	-0.03189754	0.27868986	0.42887133	0.25256297	-0.021651234	0.7675247	0.20468073	0.21215521	0.2786145	0.13731696	10	0.25068676	0.22874409	0.89667684	Binding_SOS	0.15092872	0.13771789	0.5398541
K100L	K100L	100	100	0.33656794	0.3915346	0.32850984	0.20300138	0.4466636	0.3338482	0.4114053	0.4047886	0.5806725	0.9927044	10	0.44296962	0.21607569	0.8470167	Binding_SOS	0.26669472	0.13009074	0.5099557
K100M	K100M	100	100	-0.0035190422	-0.422586	-0.10359403	-0.025540093	-0.34246024	-0.042183608	0.13992453	-0.12462425	-0.29696605	-0.211314	10	-0.14328627	0.17374207	0.68106896	Binding_SOS	-0.08626708	0.10460332	0.41004503
K100N	K100N	100	100	0.36532202	0.7120612	0.48068953	0.6878437	0.24743453	0.23032986	0.34143668	-0.22179705	0.53293043	-0.4856788	10	0.2890572	0.38138482	1.4950285	Binding_SOS	0.17403005	0.22961691	0.9000983
K100Q	K100Q	100	100	-0.49339965	0.59959954	0.024322556	0.32011274	-0.21901149	-0.060988203	0.2439861	-0.24371079	0.27188087	0.07304393	10	0.051583566	0.32133096	1.2596174	Binding_SOS	0.031056453	0.19346084	0.7583665
K100R	K100R	100	100	0.018454473	0.035589725	0.06853906	0.071880646	0.032606084	0.026103681	0.044535507	0.079223335	0.042877268	0.029506026	10	0.04493158	0.021072704	0.082605004	Binding_SOS	0.027051551	0.012687053	0.049733248
K100S	K100S	100	100	-0.13735709	-0.20592788	0.052675463	0.016394608	-0.1495765	0.106291406	0.06534483	-0.044084154	-0.14916907	0.12327534	10	-0.032213308	0.12077176	0.4734253	Binding_SOS	-0.019394375	0.07271196	0.2850309
K100T	K100T	100	100	0.6904785	-0.042440463	0.27194795	0.022460822	0.346584	0.6235259	-0.058440182	0.09928633	0.37637797	0.30234396	10	0.2632125	0.2615051	1.0251	Binding_SOS	0.15846997	0.15744202	0.6171727
K100V	K100V	100	100	0.6814658	1.0375625	1.5707535	0.82373613	1.6288964				0.8892243	1.0155189	7	1.0924511	0.3669459	1.4384279	Binding_SOS	0.6577222	0.2209238	0.8660213
K100W	K100W	100	100	0.45083964	-0.1271783	-0.3011082	-0.0018857224	0.4654665	0.24485387	1.338332	0.07165945	0.037429463	-0.03610542	10	0.21423033	0.46269006	1.813745	Binding_SOS	0.12897973	0.2785676	1.0919851
K100Y	K100Y	100	100	1.2064719	0.32309422	0.6768354	0.7275734	0.97549295	1.0588048	0.9303711	0.9231619	0.5288732	0.57192683	10	0.79226065	0.27242634	1.0679113	Binding_SOS	0.4769892	0.16401726	0.6429477
K103A	K103A	103	103	-0.7913705	-0.40192318	-0.53023523	-0.71649885	-0.73942035	-0.3319876	-0.1602742	-0.72741354	-0.2489094	0.08430017	10	-0.45637327	0.29446805	1.1543148	Binding_SOS	-0.27476454	0.17728771	0.69496787
K103C	K103C	103	103	-0.3615956	-0.53132826	-0.6566598	-0.5322134	-0.59226006	-0.55410534	-0.7586808	-0.4903054	-0.8414967	-0.59930193	10	-0.5917947	0.1359675	0.5329926	Binding_SOS	-0.3562965	0.08186072	0.32089403
K103E	K103E	103	103	0.066991195	0.18505876	0.029966233	0.37282756	0.23825179	0.28706	0.33684698	0.1981507	0.25762033	0.15446101	10	0.21272345	0.109668	0.42989856	Binding_SOS	0.12807249	0.06602682	0.25882515
K103G	K103G	103	103	-0.22068635	-0.030031333	-0.2471161	-0.14721312	-0.15497798	-0.09361382	-0.20853408	-0.121711396	-0.2964429	-0.20943402	10	-0.1729761	0.078851424	0.3090976	Binding_SOS	-0.10414217	0.047473364	0.1860956
K103I	K103I	103	103		-0.39709097	-0.37703773	-1.017924	-0.7402744	-0.7088686	-0.44210267	-0.4866181			7	-0.59570235	0.23619615	0.9258889	Binding_SOS	-0.35864913	0.14220448	0.5574416
K103L	K103L	103	103	-0.7207576	-0.60419655	-0.80002487	-0.7677994	-0.7209731	-0.6873375	-0.72265136	-0.7406063	-0.6261398	-0.7489913	10	-0.7139478	0.0604457	0.23694715	Binding_SOS	-0.4298401	0.036391996	0.14265662
K103M	K103M	103	103	-0.5082692	-0.44454652	-0.6551477	-0.46793586	-0.45381743	-0.25763682	-0.55341655	-0.46126318	-0.29169884	-0.5066493	10	-0.4600382	0.11591811	0.454399	Binding_SOS	-0.27697104	0.06978977	0.2735759
K103N	K103N	103	103	0.0928148	-0.19370456	-0.42436194	-0.04127195	-0.0003862803	-0.3986052	-0.30073696	-0.270004	-0.30143604	-0.14124796	10	-0.197894	0.17299579	0.6781435	Binding_SOS	-0.11914426	0.10415401	0.40828374
K103P	K103P	103	103	-0.18954673	0.949418	0.26911697	-0.06579088	-0.67311376				-0.10256457	-0.43712714	7	-0.035658304	0.5259683	2.0617957	Binding_SOS	-0.021468474	0.316665	1.2413268
K103Q	K103Q	103	103	-0.23196587	-0.3250996	-0.53934455	-0.35628676	-0.4951341	-0.4836782	-0.44997886	-0.41824245	-0.51413906	-0.320949	10	-0.41348186	0.10083853	0.39528704	Binding_SOS	-0.24894129	0.06071094	0.23798689
K103R	K103R	103	103	-0.20327447	-0.28949067	-0.42951936	-0.32375756	-0.109926365	-0.23952514	-0.22443059	-0.37431374	-0.34822774	-0.19476838	10	-0.2737234	0.0967927	0.37942737	Binding_SOS	-0.16479817	0.058275107	0.22843842
K103S	K103S	103	103	-0.37154832	-0.5641165	-0.3391346	-0.34052482	-0.5416754	-0.52104414	-1.0591456	-0.15535547	-0.31384334	-0.6150168	10	-0.48214054	0.24725552	0.9692417	Binding_SOS	-0.29027802	0.1488629	0.5835426
K103T	K103T	103	103	-0.364858	-0.7097558	-0.47251582	-0.7818075	-0.28000328	-0.31497157	-0.66389835	-0.20055029	-0.17075764	-0.09042145	10	-0.40495396	0.24207808	0.9489461	Binding_SOS	-0.24380697	0.14574577	0.57132345
K103V	K103V	103	103	-0.47809765	-0.708531	-0.31630164	-0.6539901	-0.44023657	-0.29353374	-0.3404585	-0.37709674	-0.42641217	-0.61215734	10	-0.46468157	0.14670534	0.575085	Binding_SOS	-0.27976665	0.08832556	0.3462362
K103W	K103W	103	103	-0.7042167	-0.33206093	-0.74639076	-0.54068	-0.52717113	-0.48106652	-0.5614897	-0.7646935	-0.8172157	-0.7880717	10	-0.6263057	0.16030926	0.6284123	Binding_SOS	-0.3770742	0.096515946	0.3783425
K103Y	K103Y	103	103	-1.0792514	-0.5378785	-0.82583773	-0.16276965	-0.6808014	-0.24626029	-1.2666981	-0.53865904	-1.0315721	-0.6687836	10	-0.70385116	0.3557088	1.3943785	Binding_SOS	-0.4237613	0.21415839	0.8395009
K116A	K116A	116	116	-0.6323116	-0.7213411	-0.7852852	-0.4269256	-0.68879735	-0.6764615	-0.6086106	-0.6421042	-0.592106	-0.4755912	10	-0.6249534	0.107983746	0.4232963	Binding_SOS	-0.37626004	0.0650128	0.25485018
K116C	K116C	116	116	-0.78846145	-0.44531146	-0.2813359	-0.44579756	-0.4662986	-0.62325644	-0.5473686	-0.8285752	-0.5704521	-0.6629306	10	-0.56597877	0.16715395	0.6552435	Binding_SOS	-0.34075373	0.10063687	0.39449653
K116D	K116D	116	116	-0.82343984	-1.2888149	-0.71609783	-0.862036	-0.90026146	-0.83738816	-0.52937347	-0.57503057	-0.3557697	-0.078858465	10	-0.696707	0.3327276	1.3042922	Binding_SOS	-0.4194601	0.20032232	0.7852635
K116E	K116E	116	116	-0.35641244	-0.9089694	-0.6543558	-0.47237906	-0.19749823	-0.3329276	-0.4441544	-0.55866325	-0.44448876	-0.5251402	10	-0.4894989	0.19466592	0.76309043	Binding_SOS	-0.2947082	0.117200755	0.45942697
K116F	K116F	116	116	-0.5439366	-0.5152669	-1.0509955	-0.52415943	-0.9874076	-0.7184949	-0.85924447	-0.8415835	-0.76439947	-0.521431	10	-0.73269194	0.20174138	0.79082626	Binding_SOS	-0.4411252	0.12146062	0.47612563
K116G	K116G	116	116	-0.50453365	-0.49583676	-0.85011864	-0.52481574	-0.550395	-0.387912	-0.47176775	-0.44610733	-0.42116505	-0.325813	10	-0.49784645	0.14085111	0.55213636	Binding_SOS	-0.2997339	0.08480096	0.33241975
K116H	K116H	116	116	-0.36325967	-0.6303909	-0.72889286	-0.5073889	0.17029826	0.34500128	-0.7024681	-1.0071064	-0.660805	-0.44905916	10	-0.45340714	0.41584823	1.630125	Binding_SOS	-0.27297875	0.250366	0.98143476
K116I	K116I	116	116	-1.3263543	-1.1125741	-1.0938562	-1.1931747	-1.1431608	-0.86422765	-1.1382535	-1.1025152	-1.3235667	-1.4844072	10	-1.1782091	0.16852932	0.66063493	Binding_SOS	-0.7093537	0.10146493	0.3977425
K116L	K116L	116	116	-1.1604413	-1.1334552	-1.2285285	-0.9847156	-1.1647292	-1.3547828	-1.3485966	-1.2320893	-1.298245	-1.146978	10	-1.2052561	0.11237532	0.44051126	Binding_SOS	-0.7256377	0.06765679	0.26521462
K116M	K116M	116	116	-1.0352868	-0.5820244	-0.8340572	-0.7835388	-0.60411596	-0.63041776	-1.2198638	-1.0610201	-0.9148369	-0.9059937	10	-0.85711557	0.21282497	0.8342739	Binding_SOS	-0.51603585	0.12813361	0.50228375
K116N	K116N	116	116	-0.7646021	-0.63743675	-0.55002326	-0.5803184	-0.48168814	-0.61359054	-0.5804419	-0.69121444	-0.6428673	-0.47053856	10	-0.60127217	0.08996734	0.35267198	Binding_SOS	-0.3620025	0.054165825	0.21233004
K116P	K116P	116	116	0.5777789	0.4450028	0.13825427	0.013195938	-0.15464722	-0.7661132	-0.09799919	1.232694	0.7349475	-0.3036758	10	0.18194379	0.5766242	2.260367	Binding_SOS	0.10954125	0.34716293	1.3608787
K116Q	K116Q	116	116	-0.45480898	-0.9893388	-0.8012283	-1.0174371	-0.92406994	-0.6304011	-1.0909661	-0.7147992	-0.32345963	-0.16074833	10	-0.7107258	0.31524217	1.2357494	Binding_SOS	-0.42790025	0.189795	0.74399644
K116R	K116R	116	116	-0.52489245	-0.32300052	-0.38712296	-0.22149721	-0.2735171	-0.43735516	-0.33667043	-0.4661497	-0.5030592	-0.6174831	10	-0.40907478	0.123122536	0.48264036	Binding_SOS	-0.24628796	0.07412727	0.2905789
K116S	K116S	116	116	-0.69604087	-0.9455953	-1.102504	-0.9095495	-0.84238523	-0.5328369	-0.56146806	-0.5408508	-0.9010299	-0.7966433	10	-0.7828904	0.19437495	0.76194984	Binding_SOS	-0.47134775	0.11702557	0.45874023
K116T	K116T	116	116	-1.3910452	-0.68036664	-1.1258357	-0.7476428	-0.46208805	-1.1121793	-0.7298921	-1.2172399	-0.8906801	-1.2008352	10	-0.9557805	0.2961639	1.1609625	Binding_SOS	-0.57543814	0.17830873	0.6989702
K116V	K116V	116	116	-1.4726784	-1.3992199	-1.2990564	-0.9293707	-0.9107187	-1.1092592	-1.2111269	-1.1756244	-1.0539578	-1.5942123	10	-1.2155225	0.22707126	0.8901193	Binding_SOS	-0.7318187	0.13671075	0.53590614
K116W	K116W	116	116	-1.1215807	-1.0148671	-0.75867504	-0.70358604	-1.0431453	-0.7082886	-0.7634512	-0.69143766	-1.3079971	-1.2574753	10	-0.93705034	0.24054433	0.9429338	Binding_SOS	-0.5641614	0.14482236	0.56770366
K116Y	K116Y	116	116	-0.7750005	-1.0207067	-1.4424558	-0.99095756	-0.76666635	-0.86844295	-1.0250905	-0.8660327	-0.84255564	-0.55346763	10	-0.91513765	0.23318917	0.91410154	Binding_SOS	-0.55096865	0.14039409	0.5503448
K127A	K127A	127	127	-0.045996193	-0.0073895697	-0.06786606	0.02482904	-0.081610925	0.020447014	-0.024718683	-0.010302365	-0.05080883	-0.011327531	10	-0.025474409	0.03560354	0.13956587	Binding_SOS	-0.015337147	0.021435501	0.08402716
K127C	K127C	127	127	0.05035775	-0.0058530755	-0.013728136	-0.014309785	-0.053271387	0.039066587	0.021678353	-0.026894612	-0.018840378	-0.12093973	10	-0.01427344	0.0488362	0.19143791	Binding_SOS	-0.008593481	0.029402371	0.1152573
K127D	K127D	127	127	0.022269519	-0.07934186	-0.065127015	-0.039963033	-0.0383189	0.015587267	-0.12516327	-0.0066104885	-0.027545257	-0.05037251	10	-0.039458554	0.044443265	0.1742176	Binding_SOS	-0.023756456	0.026757555	0.10488962
K127E	K127E	127	127	-0.019856045	-0.0500693	-0.10867798	0.039763406	-0.066973105	-0.1170767	-0.040295627	-0.055149186	0.029608333	0.060035594	10	-0.032869063	0.060394928	0.23674813	Binding_SOS	-0.01978918	0.03636143	0.1425368
K127F	K127F	127	127	-0.053114932	0.0022096338	0.0058904784	0.021821458	0.04151587	0.0538659	-0.008675054	-0.002075687	-0.023384605	0.056752194	10	0.009480526	0.03481773	0.1364855	Binding_SOS	0.0057078544	0.020962397	0.082172595
K127G	K127G	127	127	-0.0864643	-0.16197088	-0.091669664	-0.03167113	-0.07260311	-0.085126884	-0.10506811	-0.017574681	-0.09670664	-0.050251804	10	-0.07991071	0.04082917	0.16005035	Binding_SOS	-0.04811112	0.02458165	0.09636007
K127H	K127H	127	127	-0.18772662	0.04553648	0.023570068	-0.101985365	0.06416479	-0.04005138	-0.09844365	0.014526189	0.0035337913	0.04212294	10	-0.023475276	0.08176576	0.3205218	Binding_SOS	-0.014133547	0.049227975	0.19297367
K127I	K127I	127	127	0.0011652703	-0.09244003	-0.25089192	-0.123942845	-0.018008905	-0.122193284	-0.041362137	-0.0006014789	-0.1348007	0.017487777	10	-0.07655883	0.0841205	0.32975236	Binding_SOS	-0.046093084	0.050645668	0.19853102
K127L	K127L	127	127	-0.10770747	0.011810386	-0.06382615	-0.021164887	-0.025440123	0.026680723	-0.037569463	0.04848623	-0.019195074	-0.029647913	10	-0.021757375	0.044593435	0.17480627	Binding_SOS	-0.013099266	0.026847966	0.105244026
K127M	K127M	127	127	-0.1163177	-0.20031352	-0.14706014	-0.14340085	-0.05941622	-0.047257245	-0.10675377	-0.04982044	-0.1516188	-0.11879664	10	-0.11407553	0.049951546	0.19581006	Binding_SOS	-0.06868042	0.030073876	0.1178896
K127N	K127N	127	127	0.03964926	-0.0034156656	-0.07681839	-0.120017804	-0.06764266	-0.050947122	-0.016830387	-0.06276479	0.061778087	-0.002282423	10	-0.02992919	0.055923626	0.21922062	Binding_SOS	-0.018019198	0.03366943	0.13198417
K127P	K127P	127	127	-0.24982527	-0.32224628	-0.1569374	-0.15054184	-0.08958015	-0.010826659	-0.08208474	-0.042559396	-0.13434072	-0.23870753	10	-0.14776501	0.098275304	0.38523918	Binding_SOS	-0.088963546	0.059167724	0.23193748
K127Q	K127Q	127	127	-0.04364852	-0.050810646	0.15292871	-0.06535712	-0.10245312	-0.05989512	0.14579923	0.008646281	-0.030021563	0.10220212	10	0.005739026	0.09343988	0.3662843	Binding_SOS	0.0034552435	0.056256503	0.22052549
K127R	K127R	127	127	-0.043415338	-0.061884917	-0.016435595	-0.02035695	-0.040394958	-0.021448923	-0.047887757	-0.019243611	0.031964198	-0.02256595	10	-0.02616698	0.02546971	0.09984126	Binding_SOS	-0.015754117	0.015334317	0.060110524
K127S	K127S	127	127	0.048443183	0.0087322965	-0.0066390308	0.030608503	0.02313728	-0.007101603	-0.019731507	-0.011348875	-0.021226697	-0.0008649974	10	0.0044008554	0.023010852	0.09020254	Binding_SOS	0.0026495834	0.0138539355	0.054307427
K127T	K127T	127	127	0.11109464	-0.1664868	-0.109179206	0.057705015	-0.027235124	0.102844365	0.060116373	-0.0055091144	0.026485916	0.0105521185	10	0.0060388176	0.08864477	0.3474875	Binding_SOS	0.0036357364	0.05336956	0.20920868
K127V	K127V	127	127	0.08361139	-0.0072830087	0.05849694	0.024041234	0.03476085	0.028364154	-0.01992411	-0.023026558	0.0009868429	-0.06558588	10	0.011444186	0.04343143	0.17025122	Binding_SOS	0.0068900976	0.02614837	0.10250161
K127W	K127W	127	127	-0.08649186	-0.022189593	-0.09842775	0.05553327	0.104708165	0.08598561	-0.0337141	-0.041915763	-0.08598339	0.00048452904	10	-0.012201089	0.07295417	0.28598034	Binding_SOS	-0.0073458	0.04392286	0.17217761
K127Y	K127Y	127	127	0.15913221	0.12491019	0.07299647	0.1282253	-0.010666051	0.027534645	-0.010247749	0.08047407	0.16363981	0.08550751	10	0.08215064	0.06390191	0.2504955	Binding_SOS	0.049459692	0.038472846	0.15081356
K146E	K146E	146	146	0.036615327	0.067564316	0.11515197	0.001933263	0.046236683	0.27248138	0.21179791	0.10182818	0.15425195	0.166706	10	0.11745669	0.0845934	0.33160615	Binding_SOS	0.07071609	0.050930385	0.19964711
K146M	K146M	146	146	0.015167154	-0.43609878	-0.23562066	-0.115275264	0.03921764	0.49853638	-0.50748223	-0.32765293	-0.27702355	-0.5224809	10	-0.18687132	0.3117528	1.2220709	Binding_SOS	-0.11250793	0.18769419	0.7357612
K146N	K146N	146	146	1.2602675	1.0863217	0.9277037	1.0547143	0.437215	1.0485291	0.4983212	0.73620296	0.38921905	0.6517594	10	0.8090254	0.30792773	1.2070767	Binding_SOS	0.48708263	0.18539126	0.72673374
K146R	K146R	146	146	0.44254777	0.21804114	-0.08768429	0.11887525	-0.008875541	-0.07669487	-0.068169616	-0.58930653	-0.29565126	-0.009393958	10	-0.035631187	0.27846855	1.0915967	Binding_SOS	-0.021452148	0.16765505	0.6572078
K15A	K15A	15	15	2.0325055	1.7290219	1.8980794	2.034077	1.8139396	1.2818431	1.8532298	1.8574026	1.3643389	1.9703062	10	1.7834743	0.2612771	1.0242063	Binding_SOS	1.0737603	0.15730475	0.6166346
K15C	K15C	15	15	0.841567	0.912546	1.0217129	0.9896713	1.1160765	1.2193686	1.0571542	0.7280648	1.0659534	1.264311	10	1.0216424	0.16386484	0.6423502	Binding_SOS	0.615091	0.098656625	0.38673398
K15D	K15D	15	15	1.5565515	1.3191571	1.1050087	1.4014388	1.4381647	1.6604261	0.9296177	0.50653976	1.2887536	1.792364	10	1.2998022	0.3760621	1.4741634	Binding_SOS	0.78256017	0.22641231	0.8875363
K15E	K15E	15	15	0.2315294	0.6689202	0.73521733	0.6715063	0.63273054	0.71282464	0.6456776	-0.08229514	0.6530822	0.18923625	10	0.505843	0.28445274	1.1150547	Binding_SOS	0.30454832	0.1712579	0.671331
K15F	K15F	15	15	0.3429638	1.1391406	0.6769204	0.36063296	-0.29298943	0.4965834	0.36357743	0.4360239	0.022865186	0.2355621	10	0.37812802	0.37778452	1.4809153	Binding_SOS	0.22765613	0.22744931	0.8916013
K15G	K15G	15	15	1.9770706	1.9623253	2.135883	2.0818496	1.9753377	2.1446214	1.9939542	2.1691794	2.2564914	2.1018178	10	2.0798528	0.099822134	0.39130276	Binding_SOS	1.2521982	0.06009901	0.23558812
K15H	K15H	15	15	0.9572432	1.8205914	0.86125666	0.6377512	1.965103	0.8509808	1.6620058	1.5959809	1.5489535	1.5666686	10	1.3466535	0.47064075	1.8449118	Binding_SOS	0.8107675	0.28335443	1.1107494
K15I	K15I	15	15	2.750917	1.9172208	2.6346166	1.3038929	1.1535814	2.0284243	2.1696649	1.9657142	1.9080697	1.7031902	10	1.9535291	0.503342	1.9731005	Binding_SOS	1.1761436	0.30304256	1.1879269
K15L	K15L	15	15	2.016382	2.5588698	1.5391152	1.606773	2.2466426	1.8778744	2.019564	1.7766564	1.9488078	1.7397	10	1.9330385	0.30389997	1.1912879	Binding_SOS	1.163807	0.1829663	0.71722794
K15M	K15M	15	15	1.0086707	0.42279124	0.8251287	0.6380106	0.9927201	0.96664953	0.7691136	0.5995553	0.50509745	0.8410461	10	0.7568784	0.20784731	0.81476146	Binding_SOS	0.45568693	0.12513675	0.49053606
K15N	K15N	15	15	-0.24927819	-0.55817086	-0.64942586	-0.7761306	-0.745094	-0.5175585	-0.85811865	-0.5978728	-0.3387938	-0.46889487	10	-0.5759338	0.19215862	0.7532618	Binding_SOS	-0.34674728	0.11569121	0.45350954
K15P	K15P	15	15	0.24709176	1.1069869	-0.1179633	0.16188818	0.3051244	0.38288838	0.17886348	1.1517571	0.91245675	1.3513683	10	0.5680462	0.5117342	2.0059981	Binding_SOS	0.34199846	0.3080952	1.2077332
K15Q	K15Q	15	15	0.4135051	0.52777374	0.72684175	0.17800546	0.89829344	0.77366203	0.8581799	1.3929598	0.6846439	0.5435907	10	0.69974554	0.32653052	1.2799996	Binding_SOS	0.42128947	0.19659129	0.77063787
K15R	K15R	15	15	1.3433396	1.2183017	1.4444907	1.2402056	1.3552866	1.2549864	1.4308611	1.3974799	1.5009546	1.5321732	10	1.3718079	0.10925963	0.42829776	Binding_SOS	0.825912	0.06578096	0.25786138
K15S	K15S	15	15	0.7941358	0.67593485	0.8092452	0.74198717	0.6871605	0.7561186	0.7189476	0.66187096	0.6486903	0.60218394	10	0.7096275	0.0662813	0.2598227	Binding_SOS	0.42723903	0.03990538	0.1564291
K15T	K15T	15	15	0.4022096	0.5473354	0.39742237	1.0890621	0.58617175	0.5199124	0.6949147	0.40019402	0.1524489	0.25944993	10	0.5049121	0.25895298	1.0150957	Binding_SOS	0.30398786	0.15590549	0.6111495
K15V	K15V	15	15	2.1009774	1.9827969	2.7248888	2.8614514	2.069814	2.356038	2.7529283	2.6212623	2.8872979	2.5032253	10	2.4860682	0.3400117	1.3328458	Binding_SOS	1.4967647	0.20470777	0.8024545
K15W	K15W	15	15	1.0295762	0.5175488	0.46609914	0.877768	0.73844576	0.8580326	1.1725384	1.3808815	1.4592574	1.2612268	10	0.97613746	0.3448821	1.3519379	Binding_SOS	0.5876943	0.20764005	0.81394905
K15Y	K15Y	15	15	1.050702	0.75893503	0.6873208	0.25293192	0.2905916	1.0221323	0.84921604	0.35201102	0.54904675	-0.07452475	10	0.5738362	0.36586952	1.4342085	Binding_SOS	0.34548438	0.22027576	0.863481
K164A	K164A	164	164	-0.14714245	0.2959493	-0.06764885	-0.07172861	-0.12927748	0.39565346	0.24698369	-0.24796158	-0.20011905	-0.30576304	10	-0.023105461	0.2456055	0.96277356	Binding_SOS	-0.013910896	0.14786948	0.5796484
K164C	K164C	164	164	0.6812859	1.1082056	0.1922204	0.44653633	0.2998296	1.7200835	0.685007	1.192221	0.7574863	0.41517955	10	0.74980557	0.470449	1.8441601	Binding_SOS	0.45142868	0.28323898	1.1102968
K164F	K164F	164	164	0.32225183	0.29726055	-0.23848684	0.105804555	0.5054886	0.27230853				-0.19702739	7	0.15251425	0.2786715	1.0923923	Binding_SOS	0.09182288	0.16777724	0.65768677
K164G	K164G	164	164	-0.43300906	-0.28385925	-0.25729975	-0.19767268	-0.14900357	-0.14254865	-0.23095529	-0.41484368	-0.21724221	-0.24610265	10	-0.25725368	0.0984742	0.38601887	Binding_SOS	-0.1548824	0.05928747	0.23240688
K164I	K164I	164	164	0.36293423	-1.1830363	-1.0933638	0.5198483	0.51027554	0.68374723	-0.17088503				7	-0.052925687	0.7889305	3.0926075	Binding_SOS	-0.03186449	0.47498426	1.8619384
K164L	K164L	164	164	-0.37746504	-0.24907462	-0.17919558	-0.1308312	-0.30311167	-0.5073411	-0.2762809	-0.18339245	-0.37456754	-0.36367187	10	-0.29449317	0.114638135	0.4493815	Binding_SOS	-0.17730284	0.069019146	0.27055505
K164M	K164M	164	164	-0.13025177	0.30985942	-0.011796679	0.26451874	-0.16758388	-0.15724227	-0.03392971	-0.094029985	-0.25944456	0.12266008	10	-0.015724063	0.19025555	0.7458018	Binding_SOS	-0.009466845	0.11454544	0.44901815
K164N	K164N	164	164	0.3799673	0.08668007	0.03359441	0.12562433	0.23190701	0.30723375	0.5365156	0.3256596	0.14695121	0.078227475	10	0.22523609	0.16030407	0.628392	Binding_SOS	0.13560586	0.096512824	0.3783303
K164Q	K164Q	164	164	-0.18913467	-0.21004476	-0.47469267	-0.48437536	-0.142814	-0.0753625	-0.5390312	-0.49168912	-0.6329299	-0.10261099	10	-0.3342685	0.20870137	0.8181094	Binding_SOS	-0.20125003	0.12565096	0.49255177
K164R	K164R	164	164	-0.3119515	-0.686862	-0.20500639	-0.5863888	-0.8740015	-0.42633042	-0.07126986	-0.8336078	-0.37337756	-0.27509373	10	-0.464389	0.27061793	1.0608224	Binding_SOS	-0.2795905	0.16292849	0.6386797
K164S	K164S	164	164	0.28856277	0.289922	0.09030708	0.14252605	-0.16762117	0.23281445	0.102964126	0.33376148	0.19072214	0.21278904	10	0.1716748	0.14415339	0.5650813	Binding_SOS	0.1033587	0.08678913	0.3402134
K164T	K164T	164	164	-0.060523726	-0.33872202	0.2569681	-0.36447245	-0.5853794	-0.09144683	0.2635161	-0.18121864	0.10275895	0.20143442	10	-0.079708554	0.29024544	1.1377622	Binding_SOS	-0.04798941	0.17474546	0.6850022
K164V	K164V	164	164	-0.026602706	0.092079885				-0.021430023	0.012532791	0.054679137	-0.023123166	0.036387112	7	0.017789004	0.045526724	0.17846476	Binding_SOS	0.010710065	0.027409865	0.10744667
K164W	K164W	164	164	0.681145	0.80215263	0.7016881	0.7099407	0.6983381	0.64762986	0.7718122	0.15935409	0.31723467	0.65703845	10	0.6146334	0.20725001	0.81242007	Binding_SOS	0.37004676	0.124777146	0.4891264
K164Y	K164Y	164	164	0.061153393	-0.14551955	-0.0019389982	1.3542823		0.21939193	0.8948639	0.28467688	-0.23880908	0.25253344	9	0.29784822	0.5137285	2.0138156	Binding_SOS	0.1793228	0.3092959	1.2124399
K166A	K166A	166	166	-0.1297531	-0.24009287	-0.30182517	-0.29506838	-0.20511454	-0.029723005	-0.2743956	-0.31678095	-0.23643737	-0.17235453	10	-0.22015455	0.08954901	0.35103214	Binding_SOS	-0.13254647	0.053913966	0.21134275
K166C	K166C	166	166	-0.31025395	-0.33985147	-0.25914416	-0.08270516	-0.11155947	-0.09531503	-0.24863042	-0.05915919	0.018257387	-0.1399577	10	-0.16283192	0.118967265	0.4663517	Binding_SOS	-0.09803474	0.071625546	0.28077215
K166D	K166D	166	166	-0.20250043	-0.16282983	0.020701233	-0.16502416	-0.1357765	-0.11663218	-0.26737642	-0.16785772	-0.3341243	-0.43930876	10	-0.19707291	0.12611288	0.4943625	Binding_SOS	-0.11864991	0.075927645	0.29763636
K166E	K166E	166	166	-0.22913538	-0.11302699	-0.48736608	-0.24846551	0.0010188009	-0.20292127	-0.17576337	0.012001832	-0.15771222	-0.3245325	10	-0.19259027	0.14758733	0.57854235	Binding_SOS	-0.11595108	0.08885657	0.34831777
K166F	K166F	166	166	-0.2791242	-0.11556666	-0.08119996	-0.19997765	0.37840676	-0.12944135	0.10629161	-0.25073275	-0.38910776	-0.4748716	10	-0.14353237	0.24559554	0.9627346	Binding_SOS	-0.08641524	0.14786349	0.5796249
K166G	K166G	166	166	-0.095893614	0.06199194	-0.22214884	-0.096928984	0.048220776	0.019285882	-0.03769934	-0.044049535	-0.14261024	-0.17337687	10	-0.068320885	0.09519716	0.37317288	Binding_SOS	-0.04113334	0.057314496	0.22467282
K166H	K166H	166	166	-0.28249913	-0.05192602	-0.3415148	-0.30659378	-0.34756938	-0.31200218	-0.2631728	-0.23300762	-0.26293904	-0.11599673	10	-0.25172216	0.09648734	0.3782304	Binding_SOS	-0.15155208	0.058091264	0.22771776
K166I	K166I	166	166	-0.3467932	-0.11382126	-0.5172964	-0.22825414	-0.102940835	-0.114737645	-0.14529759	-0.058391795	-0.32294175	-0.14143121	10	-0.20919058	0.14448607	0.5663854	Binding_SOS	-0.12594548	0.086989425	0.34099856
K166L	K166L	166	166	-0.27924877	-0.304037	-0.4645412	-0.35965723	-0.51822835	-0.5770689	-0.55491537	-0.16197854	-0.29591283	-0.2825193	10	-0.37981075	0.13989162	0.5483752	Binding_SOS	-0.22866923	0.084223285	0.33015528
K166M	K166M	166	166	-0.41107595	-0.45475203	-0.33047298	-0.24058971	-0.26294008	-0.5753426	-0.3890648	-0.15045658	-0.54562616	-0.25835294	10	-0.36186737	0.13825016	0.5419406	Binding_SOS	-0.21786623	0.083235025	0.3262813
K166N	K166N	166	166	-0.25500536	-0.11623003	-0.28546992	-0.2944661	-0.16091785	-0.28566295	-0.1433268	-0.26333928	-0.13151106	-0.2839919	10	-0.22199214	0.07398953	0.29003897	Binding_SOS	-0.1336528	0.04454621	0.17462115
K166P	K166P	166	166	0.19048436	-0.052038584	0.4328396	0.54421663	0.48993048	0.4973471	0.5179923	0.3036908	0.5504171	0.44151667	10	0.39163965	0.19279353	0.75575066	Binding_SOS	0.23579095	0.11607346	0.45500797
K166Q	K166Q	166	166	-0.30587873	0.07878746	-0.30254942	0.027146356	-0.31619355	-0.3056714	-0.5190122	-0.061086673	-0.19348006	-0.32582715	10	-0.22237654	0.18488602	0.7247532	Binding_SOS	-0.13388424	0.11131266	0.43634564
K166R	K166R	166	166	0.07296657	0.059843313	-0.00088819297	0.060084518	0.018196607	0.23609588	-0.0007430384	0.12024867	0.1702944	0.2370827	10	0.09731815	0.09039982	0.3543673	Binding_SOS	0.05859146	0.0544262	0.21335071
K166S	K166S	166	166	-0.36094192	-0.3817194	-0.35882735	-0.30334935	-0.14718403	-0.20830563	-0.43322918	-0.27460924	-0.28982016	-0.23252453	10	-0.2990511	0.087347776	0.3424033	Binding_SOS	-0.180047	0.052588686	0.20614766
K166T	K166T	166	166	-0.2689945	-0.31910682	-0.5142515	-0.33066958	-0.29753157	-0.0521404	-0.52903295	-0.406413	-0.5160645	-0.36663365	10	-0.36008385	0.14468904	0.56718105	Binding_SOS	-0.21679243	0.08711162	0.34147757
K166V	K166V	166	166	-0.29128706	-0.6139511	-0.43946365	-0.08162613	-0.28034762	-0.25325355	-0.2715786	-0.24246316	-0.39708462	-0.70383877	10	-0.35748944	0.18616869	0.72978127	Binding_SOS	-0.21523044	0.1120849	0.43937284
K166W	K166W	166	166	-0.19344823	-0.28024727	-0.21122277	-0.5921641	-0.14784096	-0.039665297	-0.18500799	0.092631735	-0.11074621	-0.26855883	10	-0.19362701	0.17855826	0.6999484	Binding_SOS	-0.11657527	0.10750296	0.4214116
K166Y	K166Y	166	166	0.22777508	-0.19436657	-0.52091897	-0.29569492	0.10557953	0.014877521	-0.1653722	0.0015533101	-0.46689606	-0.11913221	10	-0.14125954	0.24032673	0.9420808	Binding_SOS	-0.08504685	0.14469135	0.5671901
K168A	K168A	168	168	0.11244438	0.2241163	-0.107048385	0.023854258	0.38239944	0.4404625	0.09466234	0.097550154	0.12833284	0.1096697	10	0.15064435	0.1616489	0.6336637	Binding_SOS	0.09069708	0.097322494	0.38150418
K168C	K168C	168	168	-0.22517423	-0.36172402	-0.6835199	-0.17105158	-0.31654567	-0.05241879	-0.019754848	-0.12507994	-0.3244037	-0.21835157	10	-0.24980243	0.19029	0.7459368	Binding_SOS	-0.15039629	0.114566185	0.44909945
K168D	K168D	168	168	-0.378342	-0.22639553	-0.38803956	-0.07827069	-0.12367062	0.045308966	0.115219854	0.01493761	-0.08346988	-0.30167872	10	-0.14044006	0.177228	0.6947338	Binding_SOS	-0.08455348	0.10670207	0.4182721
K168E	K168E	168	168	0.12102096	-0.025280599	-0.25047192	0.12207958	0.014788899	0.26348993	-0.2720941	-0.25503406	0.136452	-0.04812184	10	-0.019317113	0.18822308	0.7378345	Binding_SOS	-0.01163008	0.11332177	0.44422135
K168F	K168F	168	168	-0.3557226	-0.08446056	-0.09123996	0.9897222	-0.2971789	0.15084288	0.5478657	0.4843083	0.5700923	0.56225747	10	0.24764867	0.4466128	1.7507223	Binding_SOS	0.1490996	0.26888815	1.0540415
K168G	K168G	168	168	-0.38876525	-0.3998106	0.20919895	0.17002131	0.20852117	0.22969967	-0.14174287	0.14157586	0.045816224	-0.07235981	10	0.0002154626	0.24206766	0.9489053	Binding_SOS	0.00012972162	0.1457395	0.57129884
K168H	K168H	168	168	-0.3115297	-0.26129124	-0.38382447	-0.09331696	-0.4041113	-0.29982102	0.07358154	-0.35541835	-0.32057574	-0.45620105	10	-0.2812508	0.15851957	0.6213967	Binding_SOS	-0.16933013	0.09543844	0.37411872
K168I	K168I	168	168	-0.47807685	-0.042178787	-0.19929838	-0.41237032	-0.30234393	-0.2801162	-0.27289048	-0.5493433	-0.2959913	-0.7768166	10	-0.36094263	0.20398502	0.7996213	Binding_SOS	-0.21730947	0.12281142	0.4814208
K168L	K168L	168	168	-0.3761805	0.6846295	-0.108631924	-0.8193196	-0.18691249	-0.50056267	-0.028998971	-0.7035486	-0.23342538	-0.5806557	10	-0.28536063	0.42843089	1.6794491	Binding_SOS	-0.1718045	0.2579415	1.0111308
K168M	K168M	168	168	-0.2168846	-0.10610067	-0.14310685	-0.03913804	-0.20567618	-0.05599217	-0.036146738	-0.022841925	-0.14664476	-0.0317189	10	-0.10042509	0.07396139	0.28992867	Binding_SOS	-0.060462024	0.044529267	0.17455474
K168N	K168N	168	168	-0.0058745537	-0.10118775	-0.024999725	-0.089586146	0.05677117	-0.0154194	0.0035255211	-0.22186309	-0.2966339	-0.083354406	10	-0.077862225	0.10849213	0.42528915	Binding_SOS	-0.04687781	0.065318875	0.25605
K168R	K168R	168	168	-0.08144366	0.00520007	0.10455729	0.045252267	0.0963629	0.024398278	0.20099825	0.14006965	0.07760847	0.0431278	10	0.065613136	0.0777269	0.30468947	Binding_SOS	0.03950311	0.046796333	0.18344162
K168S	K168S	168	168	0.0029446608	-0.07028672	-0.2236551	-0.059558082	0.08047994	-0.18260986	-0.083650395	-0.20639141	0.01343985	0.12213126	10	-0.06071558	0.118400775	0.46413106	Binding_SOS	-0.03655448	0.07128449	0.2794352
K168T	K168T	168	168	1.8321764	0.99374884	1.2876502				0.80472904	1.455575	0.7985633	1.3900087	7	1.2232074	0.37967345	1.48832	Binding_SOS	0.7364454	0.22858657	0.8960594
K168V	K168V	168	168	0.10651753	0.27647024	0.19847012	-0.08317092	0.15443118	-0.098461464	0.26813018	0.11227333	0.12907512	-0.17196079	10	0.08917746	0.1559334	0.6112589	Binding_SOS	0.05369027	0.09388141	0.36801514
K168W	K168W	168	168	-0.23592383	0.0072312015	0.2535815	0.1267574	0.074798055	0.059103075	0.12129829				7	0.058120817	0.1506864	0.5906907	Binding_SOS	0.034992274	0.0907224	0.3556318
K168Y	K168Y	168	168	0.29841366	-0.008922741	0.27398092	0.2860115	0.041266236	-0.013159692	0.06521449	0.021368368	0.1310451	0.14615802	10	0.124137595	0.123386316	0.48367438	Binding_SOS	0.0747384	0.07428609	0.29120147
K171C	K171C	171	171			-1.389927	-0.9679615	-0.495529	-0.31691295	-0.071503915	0.52888554	-0.47350636		7	-0.45520788	0.61554456	2.4129348	Binding_SOS	-0.2740629	0.37059537	1.4527339
K171D	K171D	171	171	0.8087241	0.14464602	0.7806176	0.69310415	0.6852429	0.1999923				0.7169604	7	0.5756125	0.27958095	1.0959574	Binding_SOS	0.3465538	0.16832478	0.6598332
K171E	K171E	171	171	-0.34915432	0.7250703	0.053179044	0.54578865	-0.21465522	-0.4067734	-0.08895821	-0.4602865	-0.47151446	-0.51113236	10	-0.11784365	0.43771863	1.715857	Binding_SOS	-0.07094906	0.2635333	1.0330505
K171G	K171G	171	171	-0.11817224	-0.018727543	-0.37046906	-0.34321612	0.110104516	-0.0027132824	-0.18469055	-0.3336214	0.116040014	-0.21462978	10	-0.13600954	0.18301472	0.7174177	Binding_SOS	-0.08188604	0.11018602	0.4319292
K171H	K171H	171	171		-2.7991959e-05	0.21396011	0.0002503254	0.54983413	0.72032654	0.55777216	0.76396894			7	0.40086916	0.32579455	1.2771146	Binding_SOS	0.24134767	0.19614819	0.76890093
K171I	K171I	171	171	-0.16972286	0.13012652	-0.046734486	-0.047374986	-0.22098696	-0.14802736	0.122742824	-0.040881824	0.23665325	0.076465786	10	-0.010774006	0.14845228	0.58193296	Binding_SOS	-0.0064866086	0.08937733	0.35035914
K171L	K171L	171	171	0.13716672	0.090424486	-0.11039788		-2.3780968	-2.3304048	0.20751418	0.44277868	-0.47265655	0.10556229	9	-0.4786789	1.0918317	4.27998	Binding_SOS	-0.28819388	0.6573492	2.576809
K171M	K171M	171	171	0.23333119	0.11862325	0.17824973	-0.025175733	-0.38690028	0.059224103	-0.10855702	-0.063572586	-0.18028152	0.06524172	10	-0.010981715	0.1842399	0.7222204	Binding_SOS	-0.006611662	0.11092365	0.4348207
K171N	K171N	171	171	-0.23858225	0.18793559	0.04341343	0.08203685	-0.18102492	-0.10605883	-0.23105922	0.26144907	-0.019988632	-0.034188777	10	-0.023606768	0.17081964	0.669613	Binding_SOS	-0.014212714	0.102843836	0.40314785
K171Q	K171Q	171	171	-0.20232229	-0.60758543	-0.53121114	-0.45897418	-0.17271383				-0.5475512	-0.26713973	7	-0.39821395	0.17977875	0.7047327	Binding_SOS	-0.23974907	0.10823777	0.4242921
K171R	K171R	171	171	0.011616354	-0.52993083	-0.44636223				0.6255263	-0.15039122	0.6640933	-1.0997323	7	-0.13216867	0.6353808	2.4906929	Binding_SOS	-0.079573594	0.382538	1.4995489
K171S	K171S	171	171	-0.23304345	-0.3479593	-0.14277641	-0.17742063	-0.2623972	-0.012303123	-0.2369204	0.16057292	-0.45181158	-0.50474393	10	-0.22088031	0.19697313	0.77213466	Binding_SOS	-0.13298342	0.11858983	0.46487215
K171T	K171T	171	171	-0.006758639	-0.0446182	-0.18217778	-0.022033464	-0.1429395	0.0030663817	0.131486	0.42643178	0.19965233	0.10268868	10	0.046479754	0.17766596	0.6964506	Binding_SOS	0.027983647	0.10696574	0.4193057
K171V	K171V	171	171	-0.22486688	-0.13419996	0.04327915	-0.12614164	-0.5326236	0.4255415	-0.5587618	-0.09536154	-0.29473162	0.16865134	10	-0.1329215	0.30019814	1.1767768	Binding_SOS	-0.08002685	0.18073758	0.7084913
K171Y	K171Y	171	171	-0.41462874	-0.49555328	-0.3051491	-0.5993721	0.019389613	-0.31556144	-0.58810174	0.16622607	-0.33661672	-0.47637045	10	-0.3345738	0.25036553	0.98143286	Binding_SOS	-0.20143384	0.15073532	0.5908825
K174C	K174C	174	174	0.26022756	0.17679018	0.24536596	0.35694128	0.18319058	-0.16878569	0.25667748	0.46021643	0.35179245	0.48098716	10	0.26034033	0.18368156	0.72003174	Binding_SOS	0.15674075	0.1105875	0.433503
K174E	K174E	174	174		0.54317474	-0.85612065	-1.370921	0.44591868	0.6203559	0.5489099	-1.2975109			7	-0.19517048	0.9317802	3.6525786	Binding_SOS	-0.11750453	0.5609885	2.199075
K174F	K174F	174	174	-0.12714335	0.57873315	0.23401318	0.23194905	-0.014532356	0.06118488	-0.15430479	0.1459655	0.038216308	0.08588137	10	0.1079963	0.21106471	0.8273737	Binding_SOS	0.06502036	0.12707382	0.4981294
K174G	K174G	174	174	-0.39800364	-0.062078442	0.37865174	-0.3420494	-0.012577497	0.3401772	-0.1503282	-0.20690632	0.29833972	-0.48731562	10	-0.064209044	0.3143208	1.2321376	Binding_SOS	-0.03865776	0.18924029	0.74182194
K174I	K174I	174	174			-0.3703011	-0.013040318	0.43288794	0.4334607	0.21514025	-0.025140211	0.101376325		7	0.11062622	0.28404826	1.1134692	Binding_SOS	0.06660373	0.17101437	0.67037636
K174L	K174L	174	174	0.29407638	0.5570444	0.43969974	1.0460491	0.5836188	0.16971347				0.47882372	7	0.5098608	0.2778829	1.089301	Binding_SOS	0.3069673	0.16730244	0.6558256
K174M	K174M	174	174	-0.1214512	0.34044912	0.3578148	-0.51999605			-0.15981703	0.13338931	-0.49857813	0.09909992	8	-0.046136156	0.34096295	1.3365748	Binding_SOS	-0.02777678	0.20528048	0.8046995
K174N	K174N	174	174	1.1965963	0.81515205	1.2103229	0.8785122				0.4873786	1.1950847	0.78413975	7	0.9381694	0.27461705	1.0764989	Binding_SOS	0.5648352	0.1653362	0.64811796
K174S	K174S	174	174	-0.207812	-0.25162143	-0.40446007	0.2955964	-0.36313325	-0.03157872	0.027915081	0.08255554	0.03290662	-0.1849222	10	-0.1004554	0.21916209	0.8591154	Binding_SOS	-0.060480278	0.13194895	0.51723987
K174V	K174V	174	174	0.057156634	0.04656258	0.016016735	0.18377694	-0.15158613	0.14471711	-0.06903432	0.21298836	0.36562684	0.34520993	10	0.11514346	0.16792503	0.6582661	Binding_SOS	0.06932338	0.10110111	0.39631635
K174W	K174W	174	174	0.5327081	0.5191764	1.2289127	0.62102634	1.440814	0.5393104	-0.24237953			0.79958713	8	0.67989445	0.5093495	1.9966502	Binding_SOS	0.4093379	0.30665946	1.2021052
K174Y	K174Y	174	174	-0.9744097				-1.3362575	0.36944926	-0.66854024	0.42687	-0.81385976	-0.63229394	7	-0.5184345	0.668513	2.620571	Binding_SOS	-0.3121292	0.40248558	1.5777435
K175C	K175C	175	175	-0.024136934	-0.024654424	-0.02782332	-0.012774914	-0.008536931	-0.019095642	-0.0017981372	0.009802532	-0.01809726	-0.00034117734	10	-0.012745622	0.012327622	0.04832428	Binding_SOS	-0.007673641	0.00742198	0.029094163
K175E	K175E	175	175	-0.002620992	-0.017902413	0.04946882	-0.3954734	-0.02427535	-0.09500174	0.17190921	-0.0068212645	0.3518213	0.09734135	10	0.012844557	0.19148293	0.7506131	Binding_SOS	0.0077332063	0.1152844	0.45191485
K175F	K175F	175	175	0.5452732	0.14406325	0.54831535	0.430644	0.12745324	0.43538958	0.007181534	0.34135333	0.23389928	0.43321413	10	0.3246787	0.1870187	0.73311335	Binding_SOS	0.19547637	0.11259667	0.44137895
K175G	K175G	175	175	-0.06301746	-0.046138015	-0.0056353877	0.05973734	-0.1704196	0.059134644	0.16320908	0.02555063	-0.13126731	0.06402953	10	-0.0044816546	0.100366026	0.39343482	Binding_SOS	-0.0026982294	0.060426466	0.23687175
K175I	K175I	175	175			0.21033694	0.38126034	0.049010616	0.14144243	-0.036261752	0.111690834	-0.14650282		7	0.10156809	0.1708066	0.66956186	Binding_SOS	0.061150182	0.10283599	0.4031171
K175L	K175L	175	175	0.06976856	0.012287588	0.029671293	0.06418713	0.20480964	0.01964353	0.1010113	-0.036934055	0.004734734	-0.102168456	10	0.036701124	0.08226675	0.32248566	Binding_SOS	0.022096315	0.049529597	0.19415602
K175M	K175M	175	175	-0.075893894	-0.22049592	-0.37694842	0.105210066	-0.045942154	-0.33831316	-0.43353137	-0.15139915	-0.2899484	-0.67954105	10	-0.25068036	0.224206	0.87888753	Binding_SOS	-0.15092486	0.13498569	0.52914387
K175N	K175N	175	175	0.41650635	0.35848093	0.465384	0.4335646	0.39668015	-0.047364347	0.61406237	0.13008933	0.43102002	0.45960832	10	0.36580318	0.18827859	0.73805207	Binding_SOS	0.22023582	0.11335519	0.44435236
K175Q	K175Q	175	175	-0.25293517				0.15673408	0.040759612	-0.08734778	-0.4359527	0.18029189	0.33274534	7	-0.00938639	0.26786047	1.0500131	Binding_SOS	-0.0056511792	0.16126834	0.6321719
K175R	K175R	175	175	-0.12123708	-0.014562383	-0.05217812	-0.1843974	0.038600814	-0.019984534	-0.0127292825	-0.016896773	0.01692458	-0.079411045	10	-0.044587124	0.06723494	0.26356098	Binding_SOS	-0.026844168	0.040479533	0.15867977
K175S	K175S	175	175	0.0071676592	0.038076945	0.007593215	-0.01218264	-0.12546754	0.06708422	-0.54654664	-0.21635507	0.028397618	0.15671565	10	-0.059551656	0.1992694	0.78113604	Binding_SOS	-0.03585373	0.119972326	0.47029153
K175V	K175V	175	175	0.80715185	0.5145389	0.19897924	0.29495782	0.37140012	0.049217552	0.44017524	0.3603234	0.18889603	0.6039359	10	0.3829576	0.22126904	0.86737466	Binding_SOS	0.23056383	0.13321745	0.52221245
K175W	K175W	175	175	0.5046958	0.5932016	0.532453	0.2546847	0.374362	0.2870414	-0.16478898	-0.076723486	0.8929905	-0.11631413	10	0.30816025	0.34510735	1.3528209	Binding_SOS	0.18553126	0.20777567	0.8144806
K175Y	K175Y	175	175	0.3631294	0.34174535	0.28665042	0.17267095	-0.054697927	0.403054	-0.29824558	-0.011966826	-0.050729644	0.08446024	10	0.12360704	0.22903048	0.8977995	Binding_SOS	0.07441898	0.13789031	0.54053
K176A	K176A	176	176	-0.077043146	0.7660223				0.3789313	-1.1032238	0.02241866	0.21297546	0.60615677	7	0.11517678	0.61560875	2.4131863	Binding_SOS	0.06934345	0.37063402	1.4528854
K176C	K176C	176	176	-0.15209706	-0.56599045	-0.23070942	-0.30475768	-0.2303685	-0.38896152	-0.31796047	-0.14682038	-0.24180819	-0.095364556	10	-0.26748383	0.13690558	0.5366699	Binding_SOS	-0.16104157	0.082425505	0.323108
K176D	K176D	176	176	0.8200433	-0.47436717	0.7839791	0.71382916	0.7026155				-0.36634427	-0.32311282	7	0.26523468	0.6139358	2.4066286	Binding_SOS	0.15968744	0.3696268	1.448937
K176E	K176E	176	176	-0.19022638	-0.20351939	-0.18682486	0.2703396	0.14695972	0.4607676	0.13842474	0.1422365	0.22470921	-0.13075364	10	0.06721131	0.2312543	0.90651685	Binding_SOS	0.040465306	0.13922918	0.5457784
K176F	K176F	176	176	-0.42355484				-1.2462642	-1.2953324	0.45468166	0.67419004	-0.03732477	-0.1963177	7	-0.2957032	0.7637166	2.993769	Binding_SOS	-0.17803136	0.45980394	1.8024315
K176G	K176G	176	176	0.17387873	-0.18085043	-0.11324193	-0.10917518	-0.04737499	-0.17754439	-0.13627149	-0.04042002	-0.094466954	-0.1906351	10	-0.09161018	0.10697624	0.41934687	Binding_SOS	-0.055154912	0.064406216	0.25247237
K176I	K176I	176	176	-0.051440988	0.044940215	-0.10926148	0.0538391	0.15484889	0.16598518	0.20606092	0.01664893	-0.04847919	0.06996014	10	0.050310172	0.103119984	0.40423036	Binding_SOS	0.030289792	0.06208452	0.24337132
K176L	K176L	176	176	0.21503362	-0.24265507	-0.89044225	-0.038049493	-0.72219855	0.43842226	-0.04313602	-0.072165795	-0.54175365	-0.10757808	10	-0.2004523	0.41144302	1.6128567	Binding_SOS	-0.120684505	0.24771379	0.97103804
K176M	K176M	176	176	0.12632322	0.442852	0.16354586	0.37886196	0.44204968	0.30424157	0.50484514	-0.21644801	0.10020261	-0.027531005	10	0.22189431	0.23344663	0.9151108	Binding_SOS	0.1335939	0.14054911	0.5509525
K176N	K176N	176	176	0.28140658	-0.028796611	0.022872876	-0.09889941	0.3952051	0.07979449	-0.09267426	0.04019905	0.07475692	-0.13672808	10	0.05371367	0.16948074	0.6643645	Binding_SOS	0.032338902	0.10203774	0.39998797
K176P	K176P	176	176	-0.69220644	-1.2893533	-1.7651056				-0.7898939	-0.73067117	-0.92564	-1.423345	7	-1.0880308	0.41049477	1.6091396	Binding_SOS	-0.6550609	0.24714288	0.9688001
K176R	K176R	176	176	0.09422257	0.17981204	-0.027994871	0.062031467	0.604888	-0.012188838	-0.24226794	-0.06578455	0.22721912	-0.14755961	10	0.067237735	0.23643053	0.9268077	Binding_SOS	0.040481217	0.14234559	0.5579947
K176S	K176S	176	176	0.10754387	-0.3731871	-0.46386722	-0.18661709	0.115704365	-0.2690255	-0.06545337	0.2865836	-0.04958802	0.079810604	10	-0.08180959	0.2391908	0.937628	Binding_SOS	-0.04925436	0.14400744	0.5645092
K176T	K176T	176	176	-0.3755096	-0.37620264	0.056959733	-0.15312332				-0.2993862	-0.34060875	-0.22874235	7	-0.24523044	0.15611467	0.61196953	Binding_SOS	-0.14764367	0.09399055	0.36844295
K176V	K176V	176	176	-0.01992092	0.26761493	-0.17845002	0.21748988	0.37882432	0.5581249	-0.21848226	-1.2926562	-0.12380856	-0.14505388	10	-0.055631775	0.5088426	1.994663	Binding_SOS	-0.03349372	0.30635425	1.2009087
K176W	K176W	176	176	0.23720625	-0.2076066	0.06606565	0.22971344	-0.07256255	0.06617078	0.23974554	0.2911072	0.00755675	0.37230068	10	0.12296971	0.18129621	0.7106812	Binding_SOS	0.074035265	0.10915138	0.4278734
K177A	K177A	177	177	-0.40000552	-0.1690446	0.12003655	0.47223794	0.0013209677	0.15196146	-0.17490263	-0.13674004	0.116268106	0.09015624	10	0.007128846	0.24025887	0.9418148	Binding_SOS	0.004292	0.14465049	0.56702995
K177C	K177C	177	177	0.7412628	0.094975494	0.2926237	0.38171178	0.22200792	0.4026493	0.16861926	0.4394783	0.27602974	-0.2274006	10	0.2791958	0.25192848	0.9875597	Binding_SOS	0.16809289	0.15167631	0.5945712
K177D	K177D	177	177	-0.16138521	-0.157042	0.019327596	-0.12038288	-0.24224491	-0.41896996	-0.17349254	0.02251229	0.15919419	-0.23577733	10	-0.13082609	0.16335951	0.6403693	Binding_SOS	-0.07876528	0.09835239	0.38554138
K177E	K177E	177	177	0.1983501	-0.03507807	-1.0428932	-0.05094327	0.08356379	0.17642501	0.22350988	-0.0442932	0.2508821	0.14691058	10	-0.009356627	0.38071147	1.492389	Binding_SOS	-0.00563326	0.22921151	0.89850914
K177F	K177F	177	177	-0.22131985	0.0044483826	0.09638865	-0.42134216	-0.068064265	-0.3222339	-0.25486654	-0.25951514	0.07726379	0.10023577	10	-0.12690051	0.1919416	0.7524111	Binding_SOS	-0.076401845	0.11556055	0.45299736
K177G	K177G	177	177	-0.2542909	-0.22520132	-0.4459568	-0.20500608	-0.2148357	-0.083616704	-0.13479841	-0.12859207	-0.057921454	-0.24208505	10	-0.19923046	0.11013601	0.43173316	Binding_SOS	-0.11994889	0.066308595	0.2599297
K177H	K177H	177	177	-0.3031141	0.5940914	0.125355	-0.078885965	0.53613704	0.445557	0.63385266	-0.19590092	0.084370784	0.78165483	10	0.26231176	0.383391	1.5028927	Binding_SOS	0.15792768	0.23082475	0.9048331
K177I	K177I	177	177	0.2663222	0.18592115	0.17220172	0.021677874	-0.03146639	-0.19400938	0.3137977	-0.3178702	-0.050927714	0.101431355	10	0.04670783	0.2013354	0.78923476	Binding_SOS	0.028120963	0.121216185	0.47516745
K177L	K177L	177	177	0.2866511	0.30908164	0.27074644	0.16164467	0.41307783	0.4732185	0.55324954	-0.004204573	0.106092446	0.46370873	10	0.30332664	0.17764373	0.69636345	Binding_SOS	0.18262114	0.106952354	0.41925323
K177M	K177M	177	177	0.066196725	-0.01201984	0.1911299	-0.22422169	-0.34455413	-0.051912747	0.30135384			0.28790107	8	0.02673414	0.23321615	0.91420734	Binding_SOS	0.016095582	0.14041035	0.5504086
K177N	K177N	177	177	0.048451766	0.09942333	0.04802423	0.09719599	0.039947048	-0.000120735	0.054949384	-0.06708399	0.12761202	0.13532495	10	0.0583724	0.061124407	0.23960768	Binding_SOS	0.035143744	0.03680062	0.14425842
K177P	K177P	177	177	-0.33555704	-0.45919102	-0.5954378	-0.20466301	-0.41861123	-0.3531321	-0.35969442	-0.27783534	-0.45711228	-0.0061430675	10	-0.3467377	0.16094066	0.6308874	Binding_SOS	-0.20875725	0.09689609	0.37983268
K177Q	K177Q	177	177	-0.15605804	-0.19020426				-0.52887833	-0.18496409	-0.42431048	-0.25021988	-0.4291079	7	-0.30910614	0.14855553	0.5823377	Binding_SOS	-0.18610075	0.08943949	0.3506028
K177R	K177R	177	177	-0.10092001	-0.034809284	0.11616874	0.114536755	0.060179364	0.195409	0.057361122	0.075356975	-0.076524034	-0.17816621	10	0.02285924	0.11602646	0.45482373	Binding_SOS	0.013762657	0.069855005	0.27383164
K177S	K177S	177	177	0.21238999	0.08945372	-0.017763847	0.28346062	0.19284879	0.13438119	-0.066963	0.29650834	0.29301232	0.07033107	10	0.14876592	0.12949339	0.5076141	Binding_SOS	0.089566156	0.07796291	0.30561462
K177V	K177V	177	177	0.55158144	0.7978785	0.013361852	0.09289314	0.00048347662	-0.12916228	0.037644424	-0.20362085	-0.15152495	0.58945656	10	0.15989913	0.35339043	1.3852905	Binding_SOS	0.09626903	0.21276258	0.8340293
K177W	K177W	177	177	-0.01850754	0.07897177	-0.255901	0.008230058	-0.11088769	0.20467556	0.007271863	0.3138039	-0.040352542	0.47857496	10	0.06658794	0.2137415	0.83786666	Binding_SOS	0.04009	0.12868541	0.50444686
K177Y	K177Y	177	177	0.06380249	0.1154677	0.070977576	0.01749959	0.12177423	0.07276473	0.25726396	-0.03452794	-0.0027720516	0.09106267	10	0.07733129	0.0807926	0.316707	Binding_SOS	0.046558153	0.04864207	0.19067691
K178E	K178E	178	178	0.63153857	-0.24020053	-0.085401446	-0.051545337	-0.09908937	-0.10676484	0.117769465	0.47701573	0.868858		9	0.16802002	0.39210272	1.5370427	Binding_SOS	0.1011583	0.23606974	0.9253934
K178M	K178M	178	178	-0.049451694	-0.24940622	0.03862428	-0.43577242	-0.27651072	-0.30033064	-0.16920161	-0.09708846	-0.45717537	-0.3459919	10	-0.23423047	0.16358177	0.64124054	Binding_SOS	-0.14102103	0.0984862	0.3860659
K178N	K178N	178	178	1.324042	0.78335893	0.69970363	0.16680926	0.6109327	0.332472	0.27950513	0.64865994	0.8114513	1.1466981	10	0.6803633	0.36685383	1.4380671	Binding_SOS	0.4096202	0.22086838	0.8658041
K178R	K178R	178	178	-0.46943823	-0.18672237	0.14835669	-0.20616455	0.31169963	0.109749034	0.17068863	0.3258315	-0.38735184	0.23809206	10	0.005474052	0.2926285	1.1471038	Binding_SOS	0.003295713	0.1761802	0.6906264
K179A	K179A	179	179	0.30785152	0.11916029	0.03630763	0.121166214	0.15950428	0.023536012	-0.007077079	0.22149326	0.40321314	0.63757056	10	0.20227258	0.20000312	0.78401226	Binding_SOS	0.121780425	0.12041407	0.47202316
K179E	K179E	179	179	-0.60137004	-0.27784625	-0.47761747	-0.3071504	-0.19412845	-0.38926142	-0.31076086	-0.372988	-0.4474607	-0.0121661965	10	-0.33907497	0.16222674	0.6359288	Binding_SOS	-0.2041438	0.097670384	0.3828679
K179G	K179G	179	179	0.11830118	-0.22689022	0.04070643	0.16045684	-0.17677084	0.5637084	-0.10338094	0.14360785			8	0.06496734	0.250553	0.98216784	Binding_SOS	0.0391143	0.1508482	0.5913249
K179L	K179L	179	179	-0.17307313	-0.41502786	-0.32812494	-0.004201281	-0.10695129	-0.2416453	-0.2784102	0.017602945	-0.314271	0.11469733	10	-0.17294046	0.17332591	0.6794376	Binding_SOS	-0.1041207	0.104352765	0.40906283
K179M	K179M	179	179	0.18179359	-0.07158584	0.28704092	0.16545357	0.22256696	0.20034054	0.21528788	0.25385767	-0.07716987	-0.10718116	10	0.12704042	0.15072273	0.5908331	Binding_SOS	0.07648607	0.09074427	0.35571754
K179N	K179N	179	179	0.6564362		0.45900664	0.52642024	0.47254217	-0.107705764	0.630062	0.0093952	0.23084955	0.5209976	9	0.37755597	0.27213743	1.0667788	Binding_SOS	0.22731172	0.16384333	0.64226586
K179R	K179R	179	179	-0.25399077	0.08800788	-0.044251386	-0.03532731	-0.14301445	-0.2359053	-0.35365543	0.27826875	-0.16937697	0.031783808	10	-0.08374612	0.18667787	0.73177725	Binding_SOS	-0.05042027	0.112391464	0.44057456
K179V	K179V	179	179	1.0578156	0.24261159	0.3072204	0.8469132	0.2751573	0.74438447	0.54018456	1.2846924	0.83585703	0.05657536	10	0.6191412	0.3986134	1.5625645	Binding_SOS	0.37276077	0.23998956	0.9407591
K179W	K179W	179	179	1.0279053	0.14134121	0.5451035				0.3210841	0.8409404	0.38628572	0.14006518	7	0.48610362	0.341257	1.3377275	Binding_SOS	0.29266402	0.20545752	0.8053935
K181C	K181C	181	181	0.39764744	0.24782035	0.03981283	-0.09205186	-0.15886876	0.013441422	-0.4140498	-0.039533842			8	-0.0007227883	0.24727456	0.9693163	Binding_SOS	-0.00043516263	0.14887436	0.58358747
K181E	K181E	181	181	0.4085502	0.12182382	0.07834076	-0.036113247	0.20349497	0.3971342	0.01092327	-0.086211786	-0.13025802	0.051487755	10	0.10191719	0.18607654	0.72942007	Binding_SOS	0.061360363	0.11202942	0.43915534
K181G	K181G	181	181	0.043076325	0.0052719535	-0.32700884	-0.13904329	0.029139679	0.08762703	-0.24466115	-0.39641723	0.29771852	-0.05755761	10	-0.07018546	0.20986073	0.82265407	Binding_SOS	-0.042255927	0.12634896	0.49528793
K181L	K181L	181	181	0.32100305	0.2294062	0.32627654	0.42596832	0.3426134	0.43654442	0.4789556	0.3838106	0.4761322	1.0517366	10	0.4472447	0.2262774	0.8870074	Binding_SOS	0.26926857	0.1362328	0.5340326
K181M	K181M	181	181	-0.24648078	0.0782588				0.68665767	-0.114307806	0.4803938	0.63638526	0.59414786	7	0.3021507	0.38754636	1.5191817	Binding_SOS	0.18191314	0.23332654	0.91464007
K181N	K181N	181	181	0.13938725	0.039549474	0.12827964	0.2989292	0.29263568	0.29769805	0.37762043	0.14101389	0.28353	0.117572576	10	0.21162161	0.11051629	0.43322384	Binding_SOS	0.12740912	0.066537544	0.26082718
K181Q	K181Q	181	181	0.15412503	-0.6993992	0.4985017	0.24053779	-0.84612674	-1.1302055	0.21540433				7	-0.22388037	0.64654374	2.5344515	Binding_SOS	-0.13478963	0.38925874	1.5258943
K181R	K181R	181	181	-0.31349716	0.15377264	-0.26363325	-0.36018696	-0.01657725	-0.2241593	-0.338019	-0.25076127	-0.35619715	0.33749044	10	-0.16317682	0.24113928	0.945266	Binding_SOS	-0.098242395	0.14518055	0.5691078
K181W	K181W	181	181	0.12552032	0.035965532	0.64757067	0.24887247	0.06250239	-0.20995744	0.22213085	0.2410493	0.25566283	0.013967391	10	0.16432843	0.2234303	0.8758468	Binding_SOS	0.09893573	0.13451867	0.5273132
K181Y	K181Y	181	181		1.3832502	1.6817523	0.5897828	1.2090286	0.9631697	1.4741135	1.0888398			7	1.1985624	0.36094356	1.4148988	Binding_SOS	0.7216076	0.21731003	0.85185534
K183A	K183A	183	183	-0.4552111	0.016817123	0.15471053	0.20045516	0.070712	-0.16311674	-0.06071095	0.3045914	-0.16690467	0.011758393	10	-0.008689887	0.2177988	0.8537713	Binding_SOS	-0.005231842	0.13112816	0.5140224
K183E	K183E	183	183	-0.71950233	0.05919529	-0.057512306	-0.14887054	-0.16033885	-0.29752144	-0.20136575	0.0052265986	-0.15648828	0.08984614	10	-0.15873316	0.23143505	0.9072254	Binding_SOS	-0.09556704	0.139338	0.546205
K183G	K183G	183	183	-0.42128	-0.21777508	-0.34176135	-0.08567007	-0.22886398	0.13169998	-0.23976855		-0.35383746	-0.29167992	9	-0.2276596	0.165859	0.6501673	Binding_SOS	-0.13706496	0.09985723	0.39144036
K183L	K183L	183	183	0.7848435	1.4975029	0.87110907	0.98661315	1.4313707	1.8057935	1.4706988	0.8233063	1.1983181	0.7597496	10	1.1629306	0.36973596	1.449365	Binding_SOS	0.70015514	0.22260359	0.8726061
K183M	K183M	183	183	0.010989473	-0.035539538				0.4845336	0.5427454	0.47212398	0.42882964	0.42061082	7	0.33204192	0.23898248	0.9368113	Binding_SOS	0.19990948	0.14388202	0.56401753
K183N	K183N	183	183	0.24159932	-0.217243	-0.41448432	0.5503479	0.09810401	1.4106656	-0.06461422	0.12286491	0.14528279	0.20184961	10	0.20743725	0.4978471	1.9515607	Binding_SOS	0.12488987	0.29973432	1.1749586
K183P	K183P	183	183	0.09748947	-0.6075649	-0.7215114	-0.083455846	-0.6348112	-0.65364474	-0.53626853	-0.037137605	0.64688313	0.2958125	10	-0.2234209	0.47518143	1.8627112	Binding_SOS	-0.134513	0.2860882	1.1214658
K183Q	K183Q	183	183	0.051049616	-0.1460097	-0.45141488			0.2712165	0.037230365	-0.19013171	-0.3179718	-0.25888512	8	-0.1256146	0.23320445	0.9141615	Binding_SOS	-0.07562765	0.1404033	0.55038095
K183R	K183R	183	183	0.2670221	0.1494845	0.0059380406	-0.22327869	-0.15381308	-0.0124290455	0.35207215	0.032559935	-0.03528214	0.035519663	10	0.041779343	0.1755671	0.68822306	Binding_SOS	0.025153711	0.1057021	0.41435224
K183S	K183S	183	183	-0.19393697	0.1886609	0.09480643	-0.1044266	0.15677966	0.25885758	-0.021373833				7	0.05419531	0.1656209	0.64923394	Binding_SOS	0.032628883	0.09971388	0.3908784
K183T	K183T	183	183	-0.19908768	-0.55098337	-0.065245576				-0.81133026	-0.10191321	-0.5858942	-0.16695651	7	-0.35448724	0.2908713	1.1402155	Binding_SOS	-0.21342294	0.17512225	0.6864792
K183V	K183V	183	183	1.3511562	1.8310976	1.3985872	2.2889266	1.781757	2.0761518	0.9728008	0.5904899	1.836573	1.683035	10	1.5810574	0.51229715	2.008205	Binding_SOS	0.951893	0.30843413	1.2090619
K183W	K183W	183	183	0.80258715	0.7407484	1.2678401	1.276087	0.5186465	1.3876692	0.8780046				7	0.9816547	0.32880118	1.2889006	Binding_SOS	0.591016	0.19795837	0.7759968
K41A	K41A	41	41	-0.03176824	0.098930076	0.06703674	0.09504235	0.002273661	0.07507611	0.18700093	0.15178317	0.0025870805	0.0911345	10	0.07390963	0.06803452	0.26669532	Binding_SOS	0.044498105	0.04096093	0.16056685
K41C	K41C	41	41	-0.0072878837	0.1083536	-0.091857016	-0.08875496	0.0068698926	-0.051842682	0.1216793	0.11373619	-0.3196908	-0.123344004	10	-0.033213835	0.13538823	0.53072184	Binding_SOS	-0.019996755	0.08151197	0.3195269
K41D	K41D	41	41	1.1286367	1.0778667	1.2123557	1.2090335	1.0123442	1.1463939	1.1102865	1.3508339	1.1853931	1.0331314	10	1.1466277	0.09927713	0.38916636	Binding_SOS	0.69033974	0.059770886	0.23430188
K41E	K41E	41	41	0.95031506	0.92024726	1.0336014	0.98546356	1.0798677	1.1210148	0.9929904	1.0086993	0.9377743	0.8855664	10	0.9915541	0.07270294	0.28499553	Binding_SOS	0.59697604	0.043771602	0.17158468
K41F	K41F	41	41	0.4395199	0.85035396	0.79109013	0.5567613	0.63611525	0.42483485	0.35763204	0.42622384	0.42729074	0.28861168	10	0.51984346	0.1856771	0.72785425	Binding_SOS	0.31297746	0.111788936	0.43821263
K41G	K41G	41	41	0.2921159	0.14763245	0.30700678	0.34576595	0.34329996	0.3289832	0.41227078	0.24634191	0.32081673	0.2343091	10	0.2978543	0.07327502	0.2872381	Binding_SOS	0.17932646	0.04411603	0.17293485
K41H	K41H	41	41	0.58197504	0.29708388	0.5904884	0.48174074	0.38948	0.53540176	0.8371101	0.63863534	0.20279746	0.54654896	10	0.5101262	0.18019067	0.7063474	Binding_SOS	0.30712706	0.108485766	0.4252642
K41I	K41I	41	41	0.15700272	0.037450545	0.01766729	0.14233793	0.15409088	0.22286515	0.16474414	0.217708	0.07033144	0.078593366	10	0.12627915	0.07167372	0.280961	Binding_SOS	0.07602774	0.04315195	0.16915564
K41L	K41L	41	41	0.31972966	0.29207146	0.26037264	0.21166979	0.3281764	0.22784264	0.31929198	0.26687357	0.25352156	0.29841864	10	0.27779683	0.04017704	0.157494	Binding_SOS	0.16725063	0.024189027	0.09482099
K41M	K41M	41	41	-0.49783272	-0.7559613	-0.61831045	-0.724664	-0.5632979	-0.552812	-0.5491139	-0.50637233	-0.7110373	-0.6863121	10	-0.61657137	0.095801115	0.37554038	Binding_SOS	-0.37121356	0.05767811	0.2260982
K41N	K41N	41	41	0.07850211	0.23037507	0.22493407	-0.10903232	0.045082685	0.17549627	0.3946756	0.21802545	0.18757637	0.013992408	10	0.14596279	0.14149335	0.55465394	Binding_SOS	0.0878785	0.08518762	0.33393547
K41P	K41P	41	41	2.307609	2.1261613	2.0194602	2.0836248	2.5156581	1.9901112	1.5452807	1.7833161	1.9141304	2.093281	10	2.0378633	0.26653603	1.0448213	Binding_SOS	1.226918	0.16047093	0.6290461
K41Q	K41Q	41	41	0.030217303	-0.13175231	-0.15121119	-0.028296031	-0.20948541	-0.13344654	-0.12058679	0.033725042	-0.16730472	0.154855	10	-0.07232857	0.11497084	0.4506857	Binding_SOS	-0.043546207	0.069219455	0.27134028
K41R	K41R	41	41	-0.2872467	-0.24149968	-0.30997354	-0.016932545	-0.3016013	-0.21759543	-0.13815211	-0.14522278	-0.1972975	-0.129976	10	-0.19854976	0.092670165	0.36326706	Binding_SOS	-0.11953906	0.055793088	0.2187089
K41S	K41S	41	41	0.24693315	0.29429957	0.2069218	0.30807173	0.22658579	0.29759556	0.3180575	0.17149486	0.20983979	0.3049533	10	0.25847533	0.052411575	0.20545338	Binding_SOS	0.15561791	0.031554963	0.123695455
K41T	K41T	41	41	0.47991696	0.43498656	0.5766971	0.45680842	0.50393766	0.41994947	0.6078934	0.51827073	0.5255262	0.61071825	10	0.5134705	0.06820884	0.26737866	Binding_SOS	0.30914053	0.041065883	0.16097826
K41V	K41V	41	41	0.15844762	0.15688272	0.26407817	0.16768637	0.26449028	-0.018438898	0.14807113	0.22760378	0.21504322	0.24350996	10	0.18273744	0.08380431	0.3285129	Binding_SOS	0.11001908	0.050455306	0.1977848
K41W	K41W	41	41	1.9174793	1.7127846	1.5615036	1.3389962	1.4856313	1.8190861	1.396473	1.4413389	1.3693291	1.5233568	10	1.556598	0.19749536	0.7741818	Binding_SOS	0.93716687	0.11890425	0.46610466
K41Y	K41Y	41	41	0.7032879	0.6535626	0.44844908	0.4953028	0.5640788	0.6785701	0.9589801	0.5250179	0.6096506	0.614612	10	0.6251512	0.14275074	0.5595829	Binding_SOS	0.37637916	0.08594465	0.33690304
K4A	K4A	4	4	-0.57369584	0.3172916	-0.31754526	-0.22364266	-0.603625	0.15266284	0.16373071	-0.24647805	-0.010237822	0.101886906	10	-0.12396526	0.31844974	1.248323	Binding_SOS	-0.07463465	0.19172616	0.7515666
K4C	K4C	4	4	0.3566455	-0.09127614	-0.030215947	0.19993787	0.23294732	0.40579328	0.32355225	0.33004814	-0.31351757	0.22455703	10	0.16384718	0.233149	0.9139441	Binding_SOS	0.09864599	0.14036992	0.5502501
K4D	K4D	4	4	-0.49250537	-0.3308284	-0.5336455	-0.5949495	-0.62500316	-0.48192883	-0.46768665	-0.35482928	-0.8625656	-0.364575	10	-0.51085174	0.1582929	0.6205082	Binding_SOS	-0.3075639	0.09530198	0.37358376
K4E	K4E	4	4	-0.5331817	-0.6587726	-0.38937545	-0.18330395	-0.20124383	-0.14558333	-0.29065877	0.18598253	-0.3519137	-0.3936923	10	-0.29617432	0.2323522	0.9108206	Binding_SOS	-0.178315	0.1398902	0.5483696
K4F	K4F	4	4	1.118595	-0.025579343	-0.1753063	0.11987333	0.75721866	0.7034634	0.10914376	0.14769931	0.7661439	-0.008421816	10	0.35128298	0.44121414	1.7295594	Binding_SOS	0.21149378	0.26563781	1.0413003
K4G	K4G	4	4	-0.461647	-0.345965	-0.5051823	-0.36972463	-0.4775035	-0.45460993	-0.23771217	-0.21515621	-0.25074616	-0.23908575	10	-0.35573328	0.1139046	0.44650605	Binding_SOS	-0.21417312	0.06857751	0.26882386
K4H	K4H	4	4	-0.010842418	-0.003548897	0.4263958	-0.96584857	0.19725178	0.28189978	-0.15413633	-0.18037358	-0.3459201	-0.21348095	10	-0.09686035	0.38885742	1.5243211	Binding_SOS	-0.058315836	0.23411588	0.91773427
K4I	K4I	4	4	0.6462444	-0.1855394	0.5140537	0.75902283	0.42112786	1.1518815	0.6590133	-0.18241662	0.49099642	0.38132128	10	0.46557054	0.4059422	1.5912935	Binding_SOS	0.28030184	0.24440196	0.95805573
K4L	K4L	4	4	0.41515207	0.24754226	0.37392586	0.5588334	0.6470568	0.7098939	0.8091684	1.0850301	0.64194596	0.5952228	10	0.60837716	0.23701303	0.9290911	Binding_SOS	0.36628014	0.14269629	0.55936944
K4M	K4M	4	4	-0.41931805	-0.29174927	-0.19594856	0.033908673	-0.1979351	-0.40775585	-0.3008976	-0.17828767	-0.26820028	-0.39118543	10	-0.26173693	0.13668911	0.5358213	Binding_SOS	-0.1575816	0.08229518	0.32259712
K4N	K4N	4	4	-0.48153675	-0.30841464	-0.6777479	-0.4174649	-0.37332466	-0.540583	-0.49357018	-0.40724745	-0.43753505	-0.48036656	10	-0.46177912	0.100812905	0.3951866	Binding_SOS	-0.2780192	0.060695514	0.23792642
K4P	K4P	4	4	-0.7169091	-0.26979825	-0.8026734	-0.46600476	-0.43624446	-0.5739433	-0.64538723	-0.44200623	-0.91310316	-0.5399336	10	-0.5806004	0.1926791	0.75530213	Binding_SOS	-0.34955683	0.11600457	0.45473793
K4Q	K4Q	4	4	-0.30580845	-0.10464729	0.10026218	-0.14282654	-0.44411835	-0.40907088	-0.33910003	-0.26184535	-0.7582397	-0.22660238	10	-0.28919965	0.22924155	0.89862686	Binding_SOS	-0.17411582	0.13801739	0.54102814
K4R	K4R	4	4	-0.47377458	-0.32617378	-0.25875464	-0.38876244	-0.34584218	-0.113571756	-0.30111122	-0.3014192	-0.23215722	-0.24180904	10	-0.29833764	0.097344786	0.38159156	Binding_SOS	-0.17961745	0.058607496	0.2297414
K4S	K4S	4	4	-0.33127654	-0.07389041	-0.49350682	-0.61546767	-0.4336871	-0.21621102	-0.16978803	-0.45392787	-0.40158793	-0.5272515	10	-0.3716595	0.17166595	0.67293054	Binding_SOS	-0.22376168	0.103353366	0.4051452
K4T	K4T	4	4	0.10824752	-0.032723445	-0.14429629	-0.14578636	-0.17290059	-0.26117197	-0.4033453	-0.28269944	-0.30955014	-0.16473012	10	-0.1808956	0.14579298	0.57150847	Binding_SOS	-0.10891018	0.08777626	0.34408295
K4V	K4V	4	4	0.65834683	0.90939665	0.5569919	0.71015066	0.23815618	0.15468207	0.69560784	1.0910304	0.75133723	0.42865768	10	0.61943567	0.28695485	1.124863	Binding_SOS	0.37293804	0.17276432	0.67723614
K4W	K4W	4	4	-0.2839389	0.37093198	0.44135326	-0.16403064	0.05634567	-0.037966844	-0.47417587	-0.40188444	-0.14604756	0.08481647	10	-0.05545969	0.30343345	1.1894591	Binding_SOS	-0.033390116	0.18268543	0.7161269
K4Y	K4Y	4	4	1.4466974	0.84453666	0.3843274	0.50832576	0.83052695	0.41770604	0.75943714	0.73753095	0.45709124	0.039334346	10	0.6425514	0.37697405	1.4777383	Binding_SOS	0.38685513	0.22696136	0.88968855
K87A	K87A	87	87	0.21824066	0.21184036	0.11691083	-0.031947475	0.57638085	0.5516833	0.4276945	0.17222704	0.3493265	0.2952575	10	0.28876144	0.19198458	0.75257957	Binding_SOS	0.173852	0.11558642	0.45309877
K87C	K87C	87	87	-0.46873558	-0.24058583	-0.23650663	-0.09266166	-0.1305332	-0.16351213	0.0020064507	-0.2896964	0.019643037	-0.045110743	10	-0.16456926	0.14959565	0.58641493	Binding_SOS	-0.09908073	0.0900657	0.35305756
K87E	K87E	87	87	-0.26320353	-0.6751602	-0.52995557	-0.5649183	-0.66255426	-0.57990974	-0.69347376	0.09034649	-0.17966527	-0.0059318636	10	-0.40644258	0.2924615	1.1464492	Binding_SOS	-0.24470322	0.17607966	0.6902323
K87G	K87G	87	87	-0.12793268	0.08679043	-0.19569193	-0.002788029	-0.04971676	-0.06907189	-0.1262263	0.012482053	-0.10607296	-0.17862205	10	-0.07568501	0.08907495	0.34917378	Binding_SOS	-0.04556699	0.05362855	0.21022391
K87H	K87H	87	87	-0.5215353	-0.48056483				-0.03164256	0.06828215	-0.41934043	-0.2756391	-0.30242515	7	-0.2804093	0.22415914	0.87870383	Binding_SOS	-0.1688235	0.13495746	0.52903324
K87L	K87L	87	87	-0.37178475	-0.60919064	-0.6521674	-0.57905906	-0.5364949	-0.62387526	-0.22207001	-0.39162266	-0.19837444	-0.31589317	10	-0.45005322	0.17106242	0.6705647	Binding_SOS	-0.27095947	0.10299001	0.40372086
K87N	K87N	87	87	-0.12957534	-0.3454732	-0.02890703	0.79532427	0.83701235	0.3092064	0.039304245	-0.03143992	-0.03910782	-0.06404358	10	0.13423005	0.39351737	1.5425881	Binding_SOS	0.080814674	0.23692146	0.92873216
K87Q	K87Q	87	87	-0.24468143	0.25063434	0.37629995	0.20256525	0.520845	0.20333433	0.081006035	0.43826932	0.40318206	0.6517319	10	0.2883187	0.25223908	0.9887772	Binding_SOS	0.17358543	0.1518633	0.5953042
K87R	K87R	87	87	-0.032634053	-0.007835337	-0.02481683	0.14178446	-0.039002646	0.15966417	0.16525777	0.17325266	0.14710578	-0.043438222	10	0.063933775	0.099351935	0.38945958	Binding_SOS	0.03849203	0.059815925	0.23447843
K87S	K87S	87	87	0.039880533	-0.3005966	0.11649552	-0.15243486	0.10832144	-0.3589303	0.27246225	0.6523208	0.73376787	0.24728344	10	0.13585702	0.3627169	1.4218503	Binding_SOS	0.08179421	0.2183777	0.8560406
K87V	K87V	87	87	-0.10210778	0.13529855	-0.123301916	-0.07705345	0.03100251	0.058361564	-0.20969683	-0.19520377	-0.052434172	0.08917826	10	-0.0445957	0.118851505	0.46589792	Binding_SOS	-0.026849331	0.07155585	0.28049895
K87W	K87W	87	87	-0.49724993	-0.64074475	-0.40470684	-0.1181256	-0.2722538	-0.28240582	-0.30949265	-0.30945674	-0.447602	-0.14268965	10	-0.3424728	0.15944655	0.6250305	Binding_SOS	-0.2061895	0.095996544	0.37630644
K87Y	K87Y	87	87	-0.60735404	-0.60735995	-0.18566215	-0.4240608	-0.4564834	0.1188948	-0.26058587	-0.30238736	-0.041775685	-0.6285084	10	-0.3395283	0.2533975	0.9933182	Binding_SOS	-0.20441674	0.15256074	0.59803814
L112A	L112A	112	112	-0.31127042	-0.4952185	-0.5730356	-0.11763679	0.1558795	-0.0022967628	0.15520157	0.28963897	0.35489967	0.20276277	10	-0.034107547	0.32864267	1.2882793	Binding_SOS	-0.020534823	0.19786292	0.77562267
L112C	L112C	112	112	-0.8292279	-0.7329998	-0.7715396	-0.8380336	-0.74610114	-0.7154548	-0.48148888	-0.8337917	-0.663701	-0.8778834	10	-0.7490222	0.11493955	0.45056304	Binding_SOS	-0.45095703	0.06920061	0.2712664
L112D	L112D	112	112	0.31155455	-0.44661513	-0.40733656	-0.22859374	0.26876265	0.31561744				-0.42523506	7	-0.08740655	0.36830756	1.4437656	Binding_SOS	-0.052624073	0.22174361	0.869235
L112E	L112E	112	112	0.24614437	-1.1642095	0.49052522	0.514381	0.4277327				-0.032697253	0.2917955	7	0.11052457	0.5922883	2.3217702	Binding_SOS	0.06654253	0.35659367	1.3978472
L112F	L112F	112	112	-0.09699086	-0.12231217	-0.1060475	-0.120103166	-0.11813011	-0.10888591	-0.119863175	-0.10207524	-0.10709442	-0.1301811	10	-0.11316836	0.010441803	0.04093187	Binding_SOS	-0.068134256	0.0062866025	0.024643483
L112G	L112G	112	112	-0.27500862	-0.47933298	-0.34986496	1.1599917	-0.66453344	-0.20809008	-0.48354414	-0.61030453	-0.35014948	-0.07967897	10	-0.23405154	0.5212934	2.0434701	Binding_SOS	-0.1409133	0.3138504	1.2302936
L112H	L112H	112	112	-0.9625025	-0.70420885	-0.55691665	-0.26277164	-1.144937	-0.23068015	-1.8414047	-0.6724719	-0.38224006	-0.79781735	10	-0.755595	0.48097017	1.8854032	Binding_SOS	-0.45491427	0.28957337	1.1351277
L112I	L112I	112	112	-0.45499015	-0.51879746	-0.47612935	-0.41238266	-0.40245205	-0.44204527	-0.1893065	-0.2602011	-0.51986504	-0.36740556	10	-0.40435752	0.10751496	0.42145866	Binding_SOS	-0.24344788	0.06473056	0.2537438
L112K	L112K	112	112	0.28312507	0.24036004	0.52545553	0.2391727	-0.92262393	0.49928004	-0.22987844	-1.2371782	0.43239805	0.35679346	10	0.018690433	0.6205719	2.432642	Binding_SOS	0.01125278	0.37362212	1.4645988
L112M	L112M	112	112	-0.16107456	-0.40504837	-0.27549225	0.26905528	-0.06998337	0.3113002	-0.15886138	0.41121867	0.1498801	0.41772756	10	0.048872184	0.2995394	1.1741945	Binding_SOS	0.029424034	0.18034098	0.70693666
L112N	L112N	112	112	0.87248963	0.82011664	0.7220318	-0.77311796	0.8801957	0.81247663	1.0545063	0.8936025	0.8380013	1.0298513	10	0.71501535	0.5321458	2.0860116	Binding_SOS	0.43048283	0.3203842	1.2559061
L112P	L112P	112	112	0.47876805	0.85610384	0.47097793	0.35799885	-0.19637093	-1.3194513	0.39084402	-1.2740719	-1.2277931	-0.95394343	10	-0.24169381	0.86287457	3.3824685	Binding_SOS	-0.14551441	0.5195031	2.0364523
L112Q	L112Q	112	112	0.7120908	1.0292093	-0.18766204	0.4336798			0.3720652	0.12313775	0.9320835	0.663733	8	0.50979215	0.4094338	1.6049806	Binding_SOS	0.30692595	0.24650411	0.96629614
L112R	L112R	112	112	1.2109514	-0.21658579	-1.1187272	0.3034437	-0.4526297	-0.37809435	0.40543398	0.84260225	-0.08207376	0.19975245	10	0.07140731	0.6728689	2.6376462	Binding_SOS	0.042991556	0.40510812	1.5880239
L112S	L112S	112	112	-0.7098901	-0.57715124	-0.34452888	-0.45507458	-0.22927555	-0.80049413	-0.8864431	-0.7589579	-0.7281157	-0.6047889	10	-0.609472	0.21064924	0.82574505	Binding_SOS	-0.3669393	0.12682368	0.49714884
L112T	L112T	112	112	-0.90325606	-1.2279869	-0.57329756	-1.1467462	-0.7379226	-0.59127617	-1.0048306	-0.38185248	-1.3182843	-0.9010564	10	-0.87865084	0.30671287	1.2023145	Binding_SOS	-0.52900136	0.18465985	0.72386664
L112V	L112V	112	112	-0.36826006	-0.3955263	-0.4795734	-0.6472211	-0.5972516	-0.6383014	-0.49211368	-0.6712101	-0.73922724	-0.19292362	10	-0.5221608	0.16830404	0.65975183	Binding_SOS	-0.31437266	0.1013293	0.39721084
L112W	L112W	112	112	-0.23751608	-0.14670879	-0.32661965	-0.43603143	-0.3729261	-0.6273654	-0.78476626	-0.5875533	-0.44647765	-0.19121678	10	-0.41571814	0.20444226	0.8014137	Binding_SOS	-0.25028768	0.123086706	0.4824999
L112Y	L112Y	112	112	-0.16797519	0.004902227				0.19607662	-0.6881961	-0.5106566	-0.34401724	-0.5097213	7	-0.2885125	0.3153192	1.2360513	Binding_SOS	-0.17370212	0.18984139	0.74417824
L119A	L119A	119	119	-0.29397362	-0.55909455	-0.63229704	-0.6110901	-0.41445717	-0.36236706	-0.15435638	-0.8097265	0.0815494	-0.34020624	10	-0.40960193	0.25808236	1.0116829	Binding_SOS	-0.24660534	0.15538132	0.6090948
L119C	L119C	119	119	-0.28922477	0.058507316	-0.274729	-0.3401394	-0.37949434	-0.029804414	-0.28797063	-0.4338411	-0.27534038	-0.37282196	10	-0.2624859	0.1563879	0.61304057	Binding_SOS	-0.1580325	0.09415505	0.36908782
L119E	L119E	119	119	-0.3804541	0.10316396	-0.53930545	-0.22310545	-0.26001817				-0.014664666	-0.5992059	7	-0.27336997	0.25812426	1.0118471	Binding_SOS	-0.16458538	0.15540655	0.6091937
L119F	L119F	119	119	-0.40957803	-0.4578532	-0.41209817	-0.08125586	-0.27684626	-0.2527078	-0.21271606	-0.25341395	-0.604181	-0.27452114	10	-0.32351714	0.14815384	0.58076304	Binding_SOS	-0.19477704	0.08919764	0.34965476
L119G	L119G	119	119	-0.6978246	-0.57563967	-0.49230012	-0.31685245	-0.38632903	-0.32195002	-0.21678364	-0.2720578	-0.43972507	-0.46873614	10	-0.41881984	0.14680244	0.57546556	Binding_SOS	-0.2521551	0.08838402	0.34646535
L119H	L119H	119	119	0.16406523	-0.45276198	-0.34406126	-0.5547395				-0.27284607	-0.13189206	-0.11890246	7	-0.2444483	0.24004109	0.9409611	Binding_SOS	-0.14717278	0.14451937	0.566516
L119K	L119K	119	119	-0.4499709	0.49822977	-0.22955897	-0.16200009	-0.53370106	-0.2932965	-0.26824355	-0.12125249	-0.438535	-0.49957022	10	-0.24978991	0.29909083	1.1724361	Binding_SOS	-0.15038876	0.18007092	0.705878
L119M	L119M	119	119	-0.10762907	0.07982685	-0.22523549	0.047363896	0.08272122	-0.1934343	-0.06600323	-0.015676832	0.046325523	-0.11702215	10	-0.04687636	0.112377755	0.44052082	Binding_SOS	-0.028222427	0.06765826	0.26522037
L119P	L119P	119	119	-1.0482568	-0.31800267	-0.7293561	-0.09162983	0.19174993	-0.7083991	-0.052833553	-0.93568504	-0.5147376	-1.1694176	10	-0.5376568	0.4593429	1.8006241	Binding_SOS	-0.32370216	0.27655244	1.0840856
L119Q	L119Q	119	119	0.2077186	0.31746805	-0.24865824	0.3328994	-0.32915905	0.24499066	0.01943165	0.5083687	-0.042836685	-0.27603665	10	0.073418655	0.29209903	1.1450282	Binding_SOS	0.044202507	0.17586142	0.6893768
L119R	L119R	119	119	-0.19264413	-0.40333006	-0.35869473	-0.36645648	-0.075662546	-0.32963452	-0.7104273	-0.2866165	-0.61332583	-0.33937216	10	-0.36761644	0.18375786	0.72033083	Binding_SOS	-0.22132751	0.11063343	0.43368307
L119S	L119S	119	119	-0.44381684	-0.23841533	-0.26875818	-0.07482747	-0.33331332	-0.120010264	-0.27279696	-0.307466	-0.4031315	-0.32454523	10	-0.2787081	0.11409628	0.4472574	Binding_SOS	-0.16779926	0.068692915	0.26927623
L119T	L119T	119	119			-0.50436807	-0.23194988	-0.45961714	-0.3509031	-0.435611	-0.8365921	-0.42546943		7	-0.4635015	0.1868157	0.7323175	Binding_SOS	-0.27905616	0.11247444	0.44089982
L119V	L119V	119	119	-0.02021682	-0.15441106	-0.19201966	-0.3810644	-0.052488465	-0.2918384	-0.12975168	-0.07408057	-0.2836976	-0.16500121	10	-0.17445698	0.11544049	0.45252672	Binding_SOS	-0.10503374	0.06950221	0.2724487
L119W	L119W	119	119	-0.47444218	-0.20127608	-0.46876627	-0.20241423	-0.2760851	-0.25218946	-0.30924216	-0.29981408	-0.096107595	-0.3231166	10	-0.29034537	0.11657097	0.4569582	Binding_SOS	-0.17480561	0.07018283	0.2751167
L132A	L132A	132	132	-0.019045599	-0.016937615	-0.020299472	0.0074763806	-0.051685717	0.020989144	-0.032434944	-0.015291017	-0.049644407	-0.012318412	10	-0.018919166	0.02249035	0.08816218	Binding_SOS	-0.011390491	0.013540562	0.053079005
L132C	L132C	132	132	0.097371146	-0.22318488	0.09879844	0.14750697	0.06173256	0.023885816	-0.11405355	0.028363358	0.12113796	0.028066397	10	0.026962424	0.11411428	0.44732797	Binding_SOS	0.016233023	0.068703756	0.26931873
L132D	L132D	132	132	-0.44457445	-0.29294884	-0.42027554	-0.42545083	-0.41114894	-0.648306	-0.12381174	-0.11291655	-0.537666	-0.56305087	10	-0.39801496	0.1765348	0.6920164	Binding_SOS	-0.23962927	0.106284715	0.41663608
L132E	L132E	132	132	-0.31329268	-0.77722615	-0.68616694	-0.5547482	-0.57914907	-0.78910196	-0.7501132	-0.54833823	-0.75305027	-0.48041534	10	-0.62316024	0.15522057	0.60846466	Binding_SOS	-0.37518045	0.093452245	0.3663328
L132F	L132F	132	132	-0.4053189	-0.20454608	-0.33662274	-0.20538181	-0.20569043	-0.34749112	-0.256631	-0.29629394	-0.6293887	-0.4147498	10	-0.33021146	0.13168935	0.5162223	Binding_SOS	-0.19880743	0.07928502	0.31079727
L132G	L132G	132	132	-0.568493	-0.38287145	-0.079099536	-0.2931844	-0.19869007	-0.30272382	-0.20641999	-0.06164464	-0.2474914	-0.44831318	10	-0.27889317	0.15774107	0.618345	Binding_SOS	-0.1679107	0.09496974	0.3722814
L132H	L132H	132	132	-0.6761056	-0.2565343	0.11309132	-0.32333645	-0.05896744	-0.10529596	0.45248073	-0.27182648	-0.5022606	-0.63454276	10	-0.22632976	0.34578675	1.3554841	Binding_SOS	-0.13626431	0.2081847	0.816084
L132I	L132I	132	132	-0.1355836	-0.17826577	-0.11866757	-0.10719551	-0.1400583	-0.15726046	-0.18402855	0.10837456	-0.11014327	-0.4950508	10	-0.15178792	0.14625102	0.573304	Binding_SOS	-0.09138558	0.088052034	0.34516397
L132K	L132K	132	132	-0.11945445	-0.24377193	-0.12479382	-0.1734189	-0.2957533	-0.20185645	-0.19137193	-0.2598478	0.10883466	-0.05806251	10	-0.15594965	0.1172439	0.4595961	Binding_SOS	-0.093891196	0.07058798	0.27670488
L132M	L132M	132	132	-0.30138457	-0.044886433	-0.09164859	-0.016164618	-0.14774066	-0.2270498	-0.019409945	-0.34173867	-0.1006121	-0.38760635	10	-0.16782418	0.13774417	0.53995717	Binding_SOS	-0.101040386	0.08293039	0.32508716
L132N	L132N	132	132	-0.16031455	-0.056595527	-0.3218543	-0.3211846	-0.2642095	-0.07637977	-0.45398661	-0.14046055	-0.13971125	-0.34339094	10	-0.22780876	0.13148525	0.5154222	Binding_SOS	-0.13715476	0.07916214	0.3103156
L132P	L132P	132	132	0.3170916	0.38926977	-0.55889326	-1.04397	-0.3633475	-0.79644585	0.29772648	-0.7047749	-0.6684653	-0.30656323	10	-0.3438372	0.51257473	2.009293	Binding_SOS	-0.20701095	0.30860123	1.2097168
L132Q	L132Q	132	132	-0.005484952	-0.32920858	-0.14694348	-0.38106385	-0.042019367	0.032339733	-0.24780858	0.011363748	0.10703596	-0.15979314	10	-0.11615825	0.16385064	0.6422945	Binding_SOS	-0.069934346	0.09864807	0.38670045
L132R	L132R	132	132	0.14578906	0.2871852	0.2827663	0.28290674	0.2547262	0.36557066	0.2785329	0.23820639	0.27126262	0.3130336	10	0.271998	0.056092683	0.21988332	Binding_SOS	0.16375938	0.033771217	0.13238317
L132S	L132S	132	132	-0.30575806	-0.38140926	-0.18796168	-0.3070485	-0.34231484	-0.04507937	-0.1517529	0.044960793	0.0070241443	-0.07970264	10	-0.17490424	0.15395467	0.60350233	Binding_SOS	-0.10530302	0.092690095	0.36334518
L132T	L132T	132	132	0.20690028	0.25163236	-0.024705192	0.23038578	0.30196127	0.26246148	0.28643322	0.18810391	0.15521844	0.32302362	10	0.21814153	0.09993778	0.39175612	Binding_SOS	0.1313345	0.06016864	0.23586106
L132V	L132V	132	132	-0.08571796	-0.27066213	-0.23206174	-0.16999988	-0.16623858	-0.12888628	-0.18993995	-0.14503506	-0.2845646	-0.19457279	10	-0.1867679	0.062120467	0.24351224	Binding_SOS	-0.11244567	0.03740031	0.14660922
L132W	L132W	132	132	0.039753567	0.06516642	0.060344372	0.052262697	0.27237695	0.31345996	0.309176	0.32118136	0.33473137	0.22843947	10	0.19968921	0.12861022	0.50415206	Binding_SOS	0.12022508	0.077431194	0.30353028
L132Y	L132Y	132	132	0.011113759	0.3183089	0.09308636	0.15526259	0.10842034	0.28844324	0.14563102	0.04314665	0.2730806	0.21847871	10	0.16549721	0.10575274	0.41455072	Binding_SOS	0.099639416	0.06366959	0.24958481
L158A	L158A	158	158	-0.039342392	-0.035824016	0.018065697	0.028647298	-0.041144818	-0.0029954673	-0.02580386	-0.0073813703	-0.06372664	-0.052647714	10	-0.022215327	0.030364584	0.11902917	Binding_SOS	-0.0133749815	0.018281331	0.07166282
L158C	L158C	158	158			-0.1608345	-0.18087147	-0.06816891	-0.33658987	-0.26392493	-0.30820933	-0.25602582	0.19890906	8	-0.17196447	0.17308591	0.6784968	Binding_SOS	-0.1035331	0.104208276	0.40849644
L158D	L158D	158	158	1.2457952	1.2697583	0.6703441	0.94488114	0.5211602	0.7634115	0.8933817	1.0658493	0.4331843	1.3464409	10	0.91542065	0.31896114	1.2503277	Binding_SOS	0.55113906	0.19203405	0.7527735
L158E	L158E	158	158	-0.69291264	-1.5913768	-1.5700254	-1.7355598	-1.5443915	-1.0906262	-0.8866359	-1.2749197	-1.3088803	-1.3689196	10	-1.3064247	0.3325927	1.3037634	Binding_SOS	-0.78654736	0.20024109	0.7849451
L158F	L158F	158	158	0.096903756	0.07563842	0.40501678	0.06338139	0.51261884	0.8224617	0.5158155	0.2839404	0.1841394	0.15291388	10	0.31128302	0.24886303	0.9755431	Binding_SOS	0.18741135	0.14983071	0.5873364
L158G	L158G	158	158	0.26710254	0.34243947	0.6343646	0.9167917	0.26064608	0.33588263	0.23278901	0.4950523	0.20367736	0.20560858	10	0.38943544	0.23063074	0.9040725	Binding_SOS	0.23446389	0.13885377	0.5443068
L158H	L158H	158	158	-0.29844493	-1.1379378	0.5786652	-0.6703605				0.5620435	0.59914064	0.51776236	7	0.021552632	0.71971023	2.8212643	Binding_SOS	0.012975998	0.43330944	1.698573
L158I	L158I	158	158	-0.410217	-0.9725367	0.6116835	-0.15739933	-0.23187348	-0.3371389	-0.38210392	0.031322565	-0.46235582	-0.65152544	10	-0.29621443	0.4200896	1.6467513	Binding_SOS	-0.17833915	0.25291955	0.99144465
L158K	L158K	158	158	0.70497435	0.8299621	0.13941711	-0.23961754	0.38430482	-0.08412404	-1.4635413	-0.8148652	0.4464242	0.5654065	10	0.04683411	0.72421986	2.8389418	Binding_SOS	0.02819699	0.43602452	1.7092161
L158M	L158M	158	158	0.12665875	0.21274912	0.14379518	-0.013472975	0.14101093	0.14339808	0.16690609	-0.041958485	0.037840933	0.3512964	10	0.1268224	0.113641895	0.44547623	Binding_SOS	0.07635482	0.06841935	0.26820385
L158N	L158N	158	158	0.39012372	0.030704224	0.16714285	0.9967779	0.6799257	0.21410146	0.48351216	1.1689442	0.86475974	0.57278025	10	0.55687726	0.3738329	1.465425	Binding_SOS	0.33527407	0.22507021	0.8822752
L158P	L158P	158	158				-0.059245955	0.041763276	-0.14254962	-0.09779456	-0.060866006	-0.13108347	-0.07294741	7	-0.07467483	0.06098223	0.23905034	Binding_SOS	-0.0449588	0.036715023	0.1439229
L158Q	L158Q	158	158	1.0673156	0.19915241	1.1589959	1.0507891	1.1674969	-0.15835857	1.5018462	0.9804607	1.4353151	1.0068277	10	0.9409841	0.5218073	2.0454848	Binding_SOS	0.5665298	0.3141598	1.2315065
L158R	L158R	158	158	-1.3359098	-1.042087	0.6289812	-0.5501284	0.09120454	0.1431158	-0.8667036	-1.1537312	-0.720165	0.31241438	10	-0.44930094	0.6894005	2.70245	Binding_SOS	-0.27050656	0.41506115	1.6270397
L158S	L158S	158	158	0.72345155	0.48989433	0.5074344	0.56470716	0.5167291	0.71495324	0.3766595	0.90754575	0.3485699	0.43760628	10	0.55875516	0.17460068	0.68443465	Binding_SOS	0.33640468	0.10512025	0.41207138
L158T	L158T	158	158	0.603173	0.099814326	0.34737852	0.3322238	0.0715139	0.33978	0.17356993	-0.06611301	0.25266376	0.43166634	10	0.25856704	0.19479127	0.7635818	Binding_SOS	0.15567312	0.11727622	0.4597228
L158V	L158V	158	158	-0.292803	-0.26529172	-0.3402091	-0.5011536	-0.4635618	-0.049126778	-0.28358194	-0.41420144	-0.23444343	-0.5296528	10	-0.33740255	0.14506164	0.56864166	Binding_SOS	-0.2031369	0.08733595	0.34235695
L158W	L158W	158	158	-0.27666184	-0.7917721	-0.6784956	-0.56390774	-0.30469692	0.24093309	0.098026656	0.068123944	-0.6363607	0.17352147	10	-0.26712897	0.38993132	1.5285308	Binding_SOS	-0.16082793	0.23476243	0.9202688
L158Y	L158Y	158	158	-0.44793668	0.21157539	0.83315516	0.5170044	0.4161145	0.72119164	0.02751565	-0.4688029	-0.2777407	-0.05131815	10	0.14807583	0.46917933	1.839183	Binding_SOS	0.08915068	0.28247458	1.1073004
L18A	L18A	18	18	-0.25182232	-0.17319156	-0.29000464	-0.28923324	-0.2986743	-0.18874866	-0.2701968	-0.14015661	-0.2527443	-0.10556206	10	-0.22603342	0.06893053	0.27020767	Binding_SOS	-0.1360859	0.041500382	0.1626815
L18C	L18C	18	18	-7.098699e-05	-0.110573396	-0.2988701	-0.055002343	-0.3350843	-0.19293198	-0.12373891	-0.13527511	-0.07136161	-0.19836941	10	-0.15212782	0.10577973	0.41465655	Binding_SOS	-0.09159022	0.06368585	0.24964854
L18D	L18D	18	18	-0.2648498	-0.29423255	-0.37709612	-0.8699725	-0.32496879	-0.1977075	-0.49450785	-0.36631623	-0.6726112	-0.22138177	10	-0.40836444	0.2142146	0.8397212	Binding_SOS	-0.2458603	0.12897025	0.5055634
L18E	L18E	18	18	-0.12425104	-0.35246098	-0.29000947	-0.23878798	-0.18813227	-0.22633998	-0.19034906	-0.20549025	-0.19963378	-0.028043361	10	-0.2043498	0.08751279	0.34305015	Binding_SOS	-0.12303104	0.052688036	0.20653711
L18F	L18F	18	18	0.1394033	0.44840658	0.123217046	0.29240045	0.3150459	0.08502455	0.26594457	0.3320029	0.28945535	0.25209534	10	0.25429958	0.11018739	0.43193457	Binding_SOS	0.15310386	0.06633953	0.26005095
L18G	L18G	18	18	-0.177239	-0.17280771	-0.13582017	-0.06811507	-0.21690151	-0.14434122	-0.06434843	-0.1868354	-0.19301495	-0.15753907	10	-0.15169625	0.050823864	0.19922955	Binding_SOS	-0.091330394	0.030599065	0.119948335
L18H	L18H	18	18	1.0812414	0.8344544	0.4230196	0.61674523	0.51042604	0.2914029	0.46001488	0.79022765	0.5443612	0.4495088	10	0.6001402	0.23639555	0.9266706	Binding_SOS	0.361321	0.14232454	0.5579122
L18I	L18I	18	18	-0.056251697	-0.28655586	-0.06395367	0.2980469	0.06488572	0.013120298	0.03323635	0.24809691	-0.11298984	0.19189568	10	0.032953076	0.17762981	0.6963089	Binding_SOS	0.019839762	0.10694398	0.41922042
L18K	L18K	18	18	-0.04923266	-0.09787577	-0.07084985	-0.04949202	-0.43446007	-0.13162394	-0.18389158	0.036354277	0.0938229	0.04618112	10	-0.08410676	0.14940132	0.5856532	Binding_SOS	-0.050637398	0.08994871	0.35259894
L18M	L18M	18	18	-0.13170712	0.100787014	-0.10285217	-0.19538766	-0.25279245	-0.2768889	-0.27700764	-0.16519739	-0.2552882	-0.03634577	10	-0.15926802	0.12187636	0.47775534	Binding_SOS	-0.09588906	0.073377	0.28763783
L18N	L18N	18	18	-0.19302845	-0.3055978	0.010804608	0.0135031035	0.0005627915	-0.2853714	-0.17254972	0.07697552	-0.024654346	0.030927327	10	-0.084842846	0.14050153	0.550766	Binding_SOS	-0.051080566	0.08459049	0.3315947
L18P	L18P	18	18	1.4734627	1.3090304	1.3114212	1.5690714	1.5250258	1.5240984	1.3626472	1.5887489	1.4258951	1.3336178	10	1.4423019	0.108186826	0.42409235	Binding_SOS	0.86835366	0.06513507	0.2553295
L18Q	L18Q	18	18	-0.19993025	-0.46231124	-0.27994555	-0.29702565	-0.41115165	-0.61346173	-0.28171653	-0.4533655	0.009287878	-0.12250888	10	-0.31121293	0.18170273	0.71227473	Binding_SOS	-0.18736915	0.10939612	0.4288328
L18R	L18R	18	18	1.161585	1.5282191	1.4663433	2.196386	1.3365673	1.0795496	1.5994002	1.2135704	1.1415317	1.5516673	10	1.427482	0.32920763	1.290494	Binding_SOS	0.8594312	0.19820307	0.7769561
L18S	L18S	18	18	-0.3112803	-0.21791233	-0.23509641	-0.27620313	-0.24657904	-0.13666168	-0.11083274	-0.15955618	-0.2903339	-0.27239996	10	-0.22568557	0.06856884	0.26878986	Binding_SOS	-0.13587648	0.041282624	0.16182789
L18T	L18T	18	18	-0.29904944	-0.004385229	0.038019415	-0.12373908	0.0064126817	0.02495777	-0.11984361	-0.072208084	-0.10970018	0.08220973	10	-0.057732604	0.11150943	0.43711695	Binding_SOS	-0.03475855	0.067135476	0.26317108
L18V	L18V	18	18	-0.34190395	-0.11702988	-0.2451785	-0.29946902	-0.23719543	-0.23753038	-0.15093233	-0.36945093	-0.22833101	-0.21656798	10	-0.24435894	0.07765252	0.30439788	Binding_SOS	-0.14711899	0.04675155	0.18326609
L18W	L18W	18	18	0.8611874	0.7525617	0.6695546	0.5822864	0.5390849	0.66201454	0.65726966	0.63003534	0.34225968	0.78493327	10	0.64811873	0.14370501	0.5633237	Binding_SOS	0.390207	0.08651918	0.3391552
L18Y	L18Y	18	18	0.9702702	0.6363032	0.65831655	0.77977914	0.60242337	0.62265176	0.6717071	0.5501472	0.7073015	0.6521091	10	0.6851009	0.1174227	0.460297	Binding_SOS	0.41247252	0.070695624	0.27712685
L22A	L22A	22	22	-0.23248352	-0.074735455	-0.21355054	-0.1552978	-0.14675774	-0.050176036	-0.141798	-0.161502	-0.18115687	0.057970103	10	-0.12994878	0.08622434	0.33799943	Binding_SOS	-0.07823709	0.05191231	0.20349626
L22C	L22C	22	22	-0.45159945	-0.25636545	-0.34606892	-0.3366761	-0.33438456	-0.41037494	-0.3921247	-0.3649242	-0.31359544	-0.32932726	10	-0.35354412	0.05456505	0.213895	Binding_SOS	-0.21285512	0.032851487	0.12877783
L22D	L22D	22	22	1.0628797	0.98171955	0.85400337	0.8598557	0.92925906	0.9246502	1.0160834	0.94569933	0.9978881	0.9093365	10	0.94813746	0.067048654	0.26283073	Binding_SOS	0.57083654	0.040367376	0.15824012
L22E	L22E	22	22	-0.6254573	-0.6731131	-0.7243628	-0.45379072	-0.49163893	-0.3151747	-0.44841188	-0.52074623	-0.47519043	-0.42460904	10	-0.51524955	0.124488965	0.48799676	Binding_SOS	-0.31021166	0.07494995	0.2938038
L22F	L22F	22	22	-0.22359936	-0.27437314	-0.36926702	0.05437873	-0.03442518	-0.0070412867	-0.07841459	-0.25892782	-0.070364594	0.035092067	10	-0.12269422	0.14706896	0.57651037	Binding_SOS	-0.0738694	0.08854448	0.34709436
L22G	L22G	22	22	-0.05325532	-0.04049192	-0.14998837	0.06560076	-0.14037012	-0.1054551	-0.040863324	-0.07463456	-0.17003688	-0.14507885	10	-0.08545737	0.07170245	0.2810736	Binding_SOS	-0.051450547	0.04316925	0.16922346
L22H	L22H	22	22	-0.7405184	-0.75746363	-0.68897647	-0.6385827	-0.58293253	-0.5300114	-0.682751	-0.5892053	-0.543224	-0.3423539	10	-0.6096019	0.12237586	0.47971338	Binding_SOS	-0.3670175	0.07367773	0.28881672
L22I	L22I	22	22	0.4832259	0.6176169	0.5357584	0.8789927	0.47838876	0.6295899	0.7888168	0.6189758	0.52662736	0.62137026	10	0.6179363	0.12918991	0.5064244	Binding_SOS	0.37203532	0.0777802	0.3048984
L22K	L22K	22	22	0.69196534	0.6240684	0.55917645	0.8111901	0.5340028	0.788828	0.83697873	0.66667306	0.64238125	0.5891653	10	0.67444295	0.10667535	0.41816738	Binding_SOS	0.40605578	0.06422506	0.25176224
L22M	L22M	22	22	0.12082722	0.26586542	0.15128739	0.2580007	0.28293157	0.2546598	0.40572223	0.250867	0.19307771	0.27383685	10	0.2457076	0.078687824	0.30845627	Binding_SOS	0.14793096	0.047374867	0.18570948
L22N	L22N	22	22	-0.68956876	-0.58291954	-0.2540698	-0.53718066	-0.68077666	-0.7762327	-0.546335	-0.7694752	-0.5565871	-0.5270402	10	-0.59201854	0.15190774	0.59547836	Binding_SOS	-0.35643128	0.091457725	0.35851428
L22P	L22P	22	22	2.656916	2.9453688	2.4683735	2.6239066	2.701898	2.537166	2.6104531	2.6936839	2.5500627	2.8951898	10	2.6683018	0.15151554	0.5939409	Binding_SOS	1.6064804	0.09122159	0.35758865
L22Q	L22Q	22	22	-0.22924714	-0.098759085	-0.099507086	-0.097390115	-0.20614746	-0.26649383	-0.16941652	-0.25373924	-0.115074076	-0.1483262	10	-0.16841006	0.06659877	0.26106718	Binding_SOS	-0.101393126	0.04009652	0.15717837
L22R	L22R	22	22	1.1351314	1.0703743	0.95165503	1.0031224	1.0548998	1.2575821	1.1200377	1.0605868	0.9872558	1.0209421	10	1.0661587	0.08808678	0.34530017	Binding_SOS	0.6418925	0.05303361	0.20789175
L22S	L22S	22	22	-0.62886566	-0.49792162	-0.74392414	-0.5738493	-0.50288004	-0.6156798	-0.50974095	-0.67391974	-0.7211149	-0.52845085	10	-0.59963477	0.09172844	0.3595755	Binding_SOS	-0.3610167	0.055226114	0.21648636
L22T	L22T	22	22	-0.5355828	-0.6801541	-0.71288866	-0.4150007	-0.66165864	-0.77660185	-0.6391902	-0.85479194	-0.6779026	-0.5592307	10	-0.65130025	0.12490062	0.48961043	Binding_SOS	-0.39212248	0.075197786	0.29477534
L22V	L22V	22	22	0.3854275	0.5557874	0.52736837	0.5989835	0.36656994	0.46725875	0.5461426	0.4188539	0.42645657	0.520288	10	0.48131365	0.079375125	0.3111505	Binding_SOS	0.28978017	0.047788665	0.18733157
L22W	L22W	22	22	-0.34451777	-0.21681376	-0.3194516	-0.1884513	-0.29724202	-0.1934927	-0.20297067	-0.17405409	-0.2885399	-0.2471149	10	-0.24726486	0.06098266	0.23905203	Binding_SOS	-0.14886853	0.03671528	0.14392391
L22Y	L22Y	22	22	-0.48508388	-0.19155481	-0.32816765	-0.15364523	-0.2534954	-0.28379804	-0.09841384	-0.22719944	-0.17084679	-0.15267904	10	-0.2344884	0.11158352	0.43740743	Binding_SOS	-0.14117631	0.06718008	0.26334593
L51A	L51A	51	51	0.5937572	0.5756268	0.5955787	0.52957755	0.21343826	0.3487024	0.50098413	0.511151	0.29098484	0.5631379	10	0.47229385	0.13729581	0.5381996	Binding_SOS	0.2843497	0.08266045	0.32402897
L51C	L51C	51	51	0.26964095	0.33600205	0.5173173	0.5462497	0.2894697	0.4188748	0.5423147	0.4992546	0.27765462	0.31078342	10	0.40075618	0.1163529	0.45610338	Binding_SOS	0.24127966	0.07005154	0.27460206
L51D	L51D	51	51	0.9037609	0.9637422	1.0078485	1.0940417	1.2513502	0.9861062	1.0501949	0.9163362	1.0407882	1.2087948	10	1.0422963	0.115345016	0.45215246	Binding_SOS	0.6275259	0.06944473	0.27222335
L51E	L51E	51	51	0.9278379	1.0773556	1.1770225	1.075634	1.2503669	0.8267319	1.0244552	0.8328493	0.98266286	1.097907	10	1.0272824	0.13821667	0.5418094	Binding_SOS	0.61848664	0.083214864	0.32620227
L51F	L51F	51	51	0.18849719	0.16294152	0.09384892	0.13736501	0.21350883	0.3337038	0.18884593	0.22926578	0.10268753	0.2537589	10	0.19044234	0.07240563	0.28383008	Binding_SOS	0.1146579	0.043592602	0.170883
L51G	L51G	51	51	0.5571374	0.47992125	0.44644174	0.54884046	0.49801075	0.596151	0.49108368	0.33619758	0.5392254	0.64521086	10	0.513822	0.08550229	0.335169	Binding_SOS	0.3093522	0.051477592	0.20179217
L51H	L51H	51	51	0.11427221	0.37939045	0.038289443	0.025544161	0.0842712	0.11818062	0.12353211	0.0673128	0.11467856	0.2234906	10	0.1288962	0.10377872	0.40681258	Binding_SOS	0.07760338	0.062481117	0.24492598
L51I	L51I	51	51	0.05943309	-0.049699012	0.00432169	-0.059380952	0.04102265	0.056393817	0.010638777	0.07412923	0.0028474536	-0.00012792426	10	0.013957882	0.044818655	0.17568913	Binding_SOS	0.008403496	0.026983563	0.105775565
L51K	L51K	51	51	0.14548227	-0.005286934	0.03942029	-0.13355966	0.14731435	0.42401406	0.12690322	0.027922424	0.11644488	0.2276495	10	0.11163044	0.14897011	0.58396286	Binding_SOS	0.067208335	0.08968909	0.35158125
L51M	L51M	51	51	0.12052843	0.31484365	0.19606993	0.08978198	0.24611753	0.23513548	0.30342212	0.27678323	0.15571257	0.28390592	10	0.22223008	0.07865621	0.30833235	Binding_SOS	0.13379605	0.047355834	0.18563488
L51N	L51N	51	51	0.26376703	0.6120384	0.3653266	0.4140623	0.36849397	0.5175305	0.5553088	0.45273358	0.31096628	0.2662398	10	0.4126467	0.12057584	0.4726573	Binding_SOS	0.24843848	0.07259401	0.28456852
L51P	L51P	51	51	0.9116578	1.0649867	1.1752161	1.0383102	1.0136596	1.2629151	1.0991509	1.0774697	1.2796679	1.3295826	10	1.1252615	0.1330302	0.5214784	Binding_SOS	0.67747605	0.080092296	0.3139618
L51Q	L51Q	51	51	0.5991556	0.45642862	0.3921583	0.3612265	0.49071214	0.47352484	0.5860344	0.40612224	0.45234728	0.4408386	10	0.46585488	0.07726744	0.30288836	Binding_SOS	0.28047305	0.046519708	0.18235725
L51R	L51R	51	51	0.18939173	0.14173631	0.20906118	0.26941508	0.041497037	0.24480031	0.17819017	0.20749225	0.20665142	0.2212637	10	0.19094992	0.06302306	0.2470504	Binding_SOS	0.114963494	0.037943725	0.1487394
L51S	L51S	51	51	0.3698848	0.4218584	0.34260142	0.39884928	0.38174328	0.43400413	0.4099277	0.4227644	0.31462252	0.28538296	10	0.37816387	0.0499391	0.19576128	Binding_SOS	0.2276777	0.030066382	0.11786022
L51T	L51T	51	51	0.2597611	0.26799652	0.5015475	0.19218516	0.24595776	0.38600782	0.2149501	0.39893368	0.13215385	0.3886185	10	0.2988112	0.11461992	0.4493101	Binding_SOS	0.17990255	0.06900818	0.27051207
L51V	L51V	51	51	0.24455522	0.26610848	0.21101305	0.017962737	0.25889632	-0.0052478276	0.26341617	-0.090146326	0.057711557	0.0581111	10	0.12823805	0.134287	0.52640504	Binding_SOS	0.077207126	0.08084896	0.31692794
L51W	L51W	51	51	0.56747097	0.72580266	0.5044217	0.57048535	0.52446765	0.63942057	0.8918069	0.46443838	0.55273294	0.5288846	10	0.59699315	0.1268767	0.49735665	Binding_SOS	0.3594263	0.07638751	0.29943904
L51Y	L51Y	51	51	0.25922367	0.48260167	0.22455548	0.27944323	0.10112558	0.24552457	0.2470615	0.40310436	0.09402333	0.4054255	10	0.27420887	0.12647408	0.4957784	Binding_SOS	0.16509046	0.07614511	0.29848886
L52A	L52A	52	52	0.37627414	0.28198764	0.4450248	0.34809366	0.39815974	0.37164736	0.48267746	0.4308931	0.2411696	0.3534968	10	0.37294245	0.07293609	0.28590947	Binding_SOS	0.2245341	0.04391197	0.17213494
L52C	L52C	52	52	0.16555382	-0.03866085	0.0538582	0.2686342	-0.019390352	0.27660048	0.17128946	-0.26723552	-0.20070812	0.2047827	10	0.061472397	0.19033235	0.7461028	Binding_SOS	0.03701013	0.11459168	0.4491994
L52D	L52D	52	52	1.3122569	1.5559227	1.8670478	0.96827406	0.63187003	1.3362385	1.4858716	1.8641584	1.6031402	1.4436702	10	1.4068451	0.37949413	1.487617	Binding_SOS	0.8470065	0.22847861	0.89563614
L52E	L52E	52	52	0.47295484	0.12500322	0.14830166	0.16202064	0.8714241	0.11113917	0.2397364	0.5323311	0.28662574	0.1601482	10	0.3109685	0.2451588	0.96102256	Binding_SOS	0.18722199	0.14760055	0.57859415
L52F	L52F	52	52	0.39607146	0.1949388	0.19764806	0.14611977	0.1082432	0.20414081	0.18325357	0.19176438	0.43650112	0.43305475	10	0.24917357	0.12303109	0.48228186	Binding_SOS	0.15001768	0.07407222	0.2903631
L52G	L52G	52	52	0.8653118	1.1627	1.040211	1.1181412	1.1692078	0.9196693	0.9405261	1.2588323	0.8632864	0.87809455	10	1.0215981	0.14707854	0.5765479	Binding_SOS	0.6150643	0.088550255	0.347117
L52H	L52H	52	52	1.073104	1.7818971	1.2515554	1.1555007	0.98769987	0.8571611	1.0415616	1.5553344	0.9450548	1.1782655	10	1.1827135	0.28592953	1.1208438	Binding_SOS	0.71206564	0.172147	0.67481625
L52I	L52I	52	52	-0.2521262	-0.4730345	-0.1785129	-0.49829966	-0.3946188	-0.40387854	-0.31814843	-0.24487378	-0.33900258	-0.10641997	10	-0.32089156	0.12651584	0.4959421	Binding_SOS	-0.19319628	0.07617025	0.29858738
L52K	L52K	52	52	1.1300194	0.45207193	0.54470587	0.40735227	0.8801792	0.9454576	1.0930841	0.8172367	0.6731974	0.72056407	10	0.76638687	0.25258368	0.99012804	Binding_SOS	0.46141163	0.15207078	0.59611744
L52M	L52M	52	52	-0.2530801	-0.16281633	-0.07391227	0.045964126	-0.07501408	0.29747725	-0.2757239	0.16953689	0.040754154	0.16120459	10	-0.012560968	0.18947023	0.74272335	Binding_SOS	-0.0075624688	0.114072636	0.44716474
L52N	L52N	52	52	0.37081727	0.41781098	0.55953026	0.21199326	0.0054808506	0.512385	0.4851465	0.14959563	0.11335341	0.18816677	10	0.30142802	0.1915053	0.7507008	Binding_SOS	0.18147805	0.11529787	0.45196766
L52P	L52P	52	52	0.5885912	0.68887687	0.53070897	0.88059336	0.54643345	0.6343526	0.9048879	0.74020237	0.42129895	0.9332125	10	0.68691576	0.17500699	0.6860274	Binding_SOS	0.41356516	0.105364874	0.41303033
L52Q	L52Q	52	52	-0.024371097	-0.0012771197	-0.45721528	-0.062032975	0.28769445	-0.1664781	-0.014994766	0.28475413	0.07428568	0.057139605	10	-0.0022495487	0.21447998	0.84076154	Binding_SOS	-0.0013543655	0.12913002	0.5061897
L52R	L52R	52	52	1.5899539	1.8051819	2.021984	1.4584303	1.7685974	1.6319461	1.6038693	2.2665381	1.2862961	1.8707191	10	1.7303517	0.2820225	1.1055282	Binding_SOS	1.0417773	0.16979474	0.6655954
L52S	L52S	52	52	0.3297119	0.538962	0.34816983	0.46662918	0.3037261	0.70009434	0.6544145	0.39752525	0.29580468	0.5482129	10	0.45832506	0.14690903	0.5758834	Binding_SOS	0.27593964	0.08844819	0.3467169
L52T	L52T	52	52	-0.014805151	0.34306502	0.13006753	0.36252484	-0.11935158	0.23341899	0.33474162	0.2885493	0.35470393	0.04413095	10	0.19570455	0.17481935	0.6852919	Binding_SOS	0.117826074	0.10525191	0.4125875
L52V	L52V	52	52	-0.09432495	0.049252115	-0.08111918	-0.09383215	-0.0130897155	-0.16478576	-0.0709779	-0.2573297	-0.1782317	-0.17583582	10	-0.10802748	0.08899145	0.3488465	Binding_SOS	-0.06503913	0.053578276	0.21002685
L52W	L52W	52	52	0.5574541	0.42919934	0.69708055	0.69280684	0.6762727	0.559712	0.6588231	0.6638808	0.29428875	0.7644771	10	0.5993995	0.1431824	0.561275	Binding_SOS	0.36087504	0.086204536	0.3379218
L52Y	L52Y	52	52	0.31940132	-0.11707145	-0.19091713	-0.17214984	-0.3337105	-0.13447708	-0.17701529	-0.05974748	-0.12034326	-0.28760043	10	-0.12736312	0.17674266	0.6928312	Binding_SOS	-0.07668036	0.106409855	0.41712663
L55A	L55A	55	55	1.5816635	1.5799088	1.5067663	1.443382	1.3063821	1.2790574	1.3395814	1.4769899	1.3987807	1.5985218	10	1.4511034	0.11781152	0.46182117	Binding_SOS	0.87365276	0.07092972	0.27804452
L55C	L55C	55	55	1.39754	1.6752478	1.3441486	1.3120862	1.3869678	1.292513	1.2754388	1.2591401	1.257083	1.3791509	10	1.3579317	0.12331457	0.4833931	Binding_SOS	0.8175577	0.07424289	0.29103214
L55D	L55D	55	55	0.58226377	0.6190113	0.59966487	0.69983214	0.6948031	0.5694004	0.69672054	0.54322916	0.6772612	0.7423341	10	0.64245206	0.06778302	0.26570946	Binding_SOS	0.3867953	0.040809512	0.1599733
L55E	L55E	55	55	2.007712	1.9361788	1.64371	1.870555	1.9176986	1.9254394	1.7355832	1.7077434	1.6995596	1.9180462	10	1.8362226	0.12659854	0.49626628	Binding_SOS	1.105518	0.076220036	0.29878256
L55F	L55F	55	55	0.17051342	0.22697076	-0.0325721	0.22440138	0.053673383	0.28185156	-0.12590764	0.14241679	-0.08867108	0.26126125	10	0.11139377	0.14999932	0.5879974	Binding_SOS	0.06706584	0.09030873	0.35401025
L55G	L55G	55	55	0.071454406	0.02287325	0.09668627	-0.040396176	0.038698737	-0.03989071	-0.068384714	-0.09570798	-0.04687177	0.10071328	10	0.00391746	0.07127491	0.27939764	Binding_SOS	0.0023585497	0.04291184	0.16821441
L55H	L55H	55	55	1.1183854	1.2459444	1.3284665	1.1676131	1.1723609	1.2961767	1.1189737	1.2011755	1.0433085	1.2335718	10	1.1925976	0.086945854	0.34082776	Binding_SOS	0.7180165	0.052346706	0.2051991
L55I	L55I	55	55	1.6316983	1.5965317	1.1466503	1.1738838	1.4332875	0.71994287	1.2948383	1.4192197	1.3427532	1.1984693	10	1.2957275	0.26200125	1.0270449	Binding_SOS	0.78010696	0.15774073	0.61834365
L55K	L55K	55	55	1.8648002	1.8696	1.9074612	1.6844232	1.871454	2.349517	2.0142908	1.9789563	2.2905028	1.9794002	10	1.9810406	0.20110534	0.78833294	Binding_SOS	1.1927072	0.12107768	0.4746245
L55M	L55M	55	55	0.38726318	0.65052384	0.47521645	0.29911202	0.2823848	0.29323053	0.3713963	0.25601965	0.4064173	0.27582076	10	0.3697385	0.12103533	0.47445852	Binding_SOS	0.22260511	0.07287065	0.28565297
L55N	L55N	55	55	1.2430345	1.6308628	1.3935308	1.420699	1.2034559	1.652895	1.676029	1.3670816	1.4071085	1.3440697	10	1.4338768	0.16665652	0.6532936	Binding_SOS	0.86328125	0.100337386	0.39332256
L55P	L55P	55	55	2.2255435	2.5129726	2.5760298	2.4936967	2.3885732	2.3210797	2.2265463	2.2735522	2.357707	2.2723792	10	2.364808	0.1252059	0.49080715	Binding_SOS	1.4237586	0.07538159	0.29549584
L55Q	L55Q	55	55	1.5455633	1.6365519	1.7678695	1.4778138	1.5673091	1.6868948	1.9825513	1.4534135	1.668897	1.8579409	10	1.6644804	0.16785061	0.6579744	Binding_SOS	1.0021187	0.10105631	0.39614072
L55R	L55R	55	55	2.159867	2.2117188	2.2050812	2.1221604	2.255458	2.2431893	2.2730627	2.6236165	2.3749807	2.1632733	10	2.2632408	0.14511906	0.5688667	Binding_SOS	1.3626089	0.08737052	0.34249246
L55S	L55S	55	55	1.5620992	1.5155803	1.6209592	1.4254192	1.4268329	1.593097	1.5911618	1.3688318	1.4150186	1.3103044	10	1.4829304	0.10755934	0.42163262	Binding_SOS	0.8928145	0.06475728	0.25384855
L55T	L55T	55	55	1.4957852	1.3168659	1.1822913	1.1617291	1.0895401	1.2876682	1.2605015	1.3737669	1.4636896	1.405259	10	1.3037097	0.13365534	0.52392894	Binding_SOS	0.78491277	0.08046866	0.31543717
L55V	L55V	55	55	0.98081434	1.1166021	0.94352955	1.0566655	0.604344	1.1470853	1.1731269	1.0505631	1.0504155	0.8570401	10	0.9980186	0.16799845	0.65855396	Binding_SOS	0.60086805	0.10114531	0.39648962
L55W	L55W	55	55	-0.19871256	0.051392347	-0.16744864	-0.1509389	-0.24883536	-0.09593481	-0.059304185	-0.03452404	-0.25525522	0.012724958	10	-0.11468364	0.10675759	0.41848975	Binding_SOS	-0.06904654	0.06427458	0.25195634
L55Y	L55Y	55	55	1.0355605	1.1933527	1.1580441	1.2425891	1.154643	1.195822	1.1904763	1.0722265	1.3804408	1.1448854	10	1.176804	0.09390665	0.36811408	Binding_SOS	0.7085077	0.056537528	0.22162712
L5A	L5A	5	5	0.58687186	0.61808056	0.086280674	0.26026303	0.31321117	0.43527803	0.36327758	0.00148894	0.28942505	0.2268568	10	0.31810337	0.19564642	0.766934	Binding_SOS	0.19151762	0.11779107	0.461741
L5C	L5C	5	5	0.03121258	0.5217128	0.58627343	0.28849325	0.270467	0.3162349	0.43530908	0.14217454	0.583942	0.086097315	10	0.32619166	0.20203373	0.7919722	Binding_SOS	0.19638728	0.12163662	0.47681555
L5D	L5D	5	5	0.28329366	0.70513403	1.1989373	0.34339273	-0.40969267	1.4167354	0.43024838	1.2014495	-0.28742018	0.40391368	10	0.52859914	0.61355126	2.405121	Binding_SOS	0.31824893	0.36939526	1.4480294
L5E	L5E	5	5	1.1671622	1.1778506	0.9950464	1.2210243	1.1991388	1.2824028	1.2420957	1.1638203	0.82900923	1.0713623	10	1.1348913	0.13567904	0.53186184	Binding_SOS	0.68327373	0.081687056	0.32021326
L5F	L5F	5	5	-0.0692323	0.010624486	-0.16616699	-0.10439852	-0.06407189	-0.28186497	-0.1358593	-0.24414396	-0.445837	0.036334395	10	-0.1464616	0.14553137	0.57048297	Binding_SOS	-0.08817881	0.08761876	0.34346554
L5G	L5G	5	5	0.8673746	0.7018976	0.83954096	0.51369596	0.64983493	0.6144031	0.88656723	0.75180435	0.606031	0.8179683	10	0.7249118	0.12739868	0.49940285	Binding_SOS	0.43644112	0.076701775	0.30067095
L5H	L5H	5	5	1.0473523	0.9228671	1.0372658	1.0159267	0.9925236	1.0461916	1.0405365	1.0866165	1.0299538	0.8872668	10	1.01065	0.06113834	0.23966229	Binding_SOS	0.60847294	0.03680901	0.14429131
L5I	L5I	5	5	-0.030474287	-0.2497314	-0.26705593	-0.28719485	-0.09726299	-0.1819285	-0.100937895	-0.11905171	-0.31266764	-0.26990336	10	-0.19162086	0.09856605	0.3863789	Binding_SOS	-0.11536744	0.05934277	0.23262367
L5K	L5K	5	5	0.8327881	0.19261932	0.8459709	0.8625617	0.20577456	0.8496682	0.73915017	0.66665184	0.9866609	0.8105228	10	0.69923687	0.27618226	1.0826344	Binding_SOS	0.42098323	0.16627856	0.65181196
L5M	L5M	5	5	0.013233945	0.05740311	-0.110159315	-0.01251459	-0.41614518	-0.35613522	0.1828274	-0.46329382	-0.06358759	0.04916823	10	-0.1119203	0.22237042	0.87169206	Binding_SOS	-0.06738284	0.13388056	0.5248118
L5N	L5N	5	5	-0.43027863	-0.25425676	0.3384167	-0.32492453	-0.102127574	0.23542991	-0.07132391	-0.1359329	-0.18364885	0.5844351	10	-0.034421146	0.32020015	1.2551847	Binding_SOS	-0.020723628	0.19278002	0.75569767
L5P	L5P	5	5	1.4231222	0.97487146	0.65607524	1.1109098	1.0619215	1.2453227	0.73867977	0.6658815	1.258206	0.8633272	10	0.9998318	0.26657072	1.0449573	Binding_SOS	0.6019597	0.16049182	0.629128
L5Q	L5Q	5	5	0.989637	1.2580413	0.5309757	1.523224	0.8379953	0.3423664	0.7787153	0.8794301	0.48606914	0.9182151	10	0.8544669	0.35616574	1.3961697	Binding_SOS	0.5144412	0.21443349	0.84057933
L5R	L5R	5	5	0.16276616	0.5907047	0.8858758	0.32185417	0.4778151	0.40805596	0.4983474	0.94719285	0.44368643	0.54449767	10	0.5280796	0.2377643	0.93203604	Binding_SOS	0.31793612	0.1431486	0.5611425
L5S	L5S	5	5	0.6112176	0.70625556	1.6248903	1.1712027	1.0874805	1.2844146	0.91242206	1.5358295	1.0164939	0.85891044	10	1.0809119	0.33254486	1.3035759	Binding_SOS	0.65077484	0.20021228	0.7848322
L5T	L5T	5	5	0.96770215	0.8284976	0.4960298	0.7848575	0.58951575	0.80573374	0.05387823	0.11826874	0.8219143	0.6895351	10	0.6155933	0.3091169	1.2117382	Binding_SOS	0.37062472	0.18610722	0.7295403
L5V	L5V	5	5	-0.014294312	0.13886644	-0.026543709	-0.078466706	-0.07364695	-0.17093925	0.1790241	-0.017678896	-0.0528918	-0.023671834	10	-0.014024292	0.10260343	0.40220544	Binding_SOS	-0.008443479	0.06177352	0.2421522
L5W	L5W	5	5	1.4918987	0.72409236	0.8676772	0.5182539	0.83990204	1.265467	1.2805097	1.1029838	0.17432904	0.942059	10	0.9207171	0.39091143	1.5323728	Binding_SOS	0.55432785	0.23535252	0.9225819
L5Y	L5Y	5	5	0.576932	0.35073176	0.175906	0.13034154	0.46002933	0.6563391	0.2051841	0.30653366	0.32590666	0.33125684	10	0.35191613	0.16988996	0.66596866	Binding_SOS	0.21187498	0.10228411	0.4009537
L78A	L78A	78	78	0.32211357	0.29968944	0.23913912	0.30963996	0.3798047	0.3336861	0.42513016	0.39122206	0.2458851	0.5467036	10	0.3493014	0.091441214	0.35844958	Binding_SOS	0.21030074	0.055053186	0.2158085
L78C	L78C	78	78	0.39339513	0.1073933	0.16522437	0.16968831	0.6356121	0.23128171	0.39506784	0.47401553	0.36680028	0.37143895	10	0.33099174	0.16248195	0.6369293	Binding_SOS	0.1992772	0.09782404	0.38347024
L78D	L78D	78	78	-0.20449135	0.29512724	1.4536154	0.18591605	0.6766933	-0.40022284	0.15348116	0.57326835	-0.6811339	0.18444248	10	0.2236696	0.60041153	2.3536134	Binding_SOS	0.13466273	0.36148435	1.4170187
L78E	L78E	78	78	0.2464911	0.8597216	0.6293148	0.30063066	-0.14638473	-0.032040797	-0.09452545	0.8490357	1.0057853	0.7524621	10	0.437049	0.43540934	1.7068046	Binding_SOS	0.26313016	0.26214296	1.0276004
L78F	L78F	78	78	0.36115602	0.22384113	0.09027496	0.23007225	0.34262607	0.024516273	0.2376405	0.12876888	0.22160506	0.17727937	10	0.20377806	0.10432389	0.40894964	Binding_SOS	0.12268682	0.06280934	0.24621262
L78G	L78G	78	78	0.7510022	1.7711133	1.210881	2.0327957	1.2898145	1.2074863	1.132927	1.27295	1.2973905	0.8002586	10	1.2766619	0.38728216	1.5181462	Binding_SOS	0.7686283	0.23316747	0.9140165
L78H	L78H	78	78	0.6267377	0.26063573	0.94497126	0.8125901	0.33541536	0.63758504	-0.039872088	0.5220067	0.5208371	0.47665867	10	0.5097566	0.28028968	1.0987356	Binding_SOS	0.30690458	0.16875148	0.6615058
L78I	L78I	78	78	0.020864276	-0.22859578	-0.13371485	-0.02690241	-0.015310474	-0.08794175	-0.024428537	-0.1518036	-0.31136277	0.007895567	10	-0.09513003	0.11026024	0.43222016	Binding_SOS	-0.057274077	0.066383384	0.26022288
L78K	L78K	78	78	1.2118129	0.109697774	0.016630372	0.9555934	0.65983266	0.8676331	0.58033174	0.98006284	0.71101326	0.27809587	10	0.63707036	0.39492956	1.548124	Binding_SOS	0.3835552	0.23777167	0.932065
L78M	L78M	78	78	0.31360096	0.50603235	1.2783241	0.9419969	0.983053	1.0120437	0.8660366	0.8852553	0.9525473	0.87697107	10	0.8615861	0.2694284	1.0561594	Binding_SOS	0.51872736	0.16221233	0.63587236
L78N	L78N	78	78	0.26179308	0.76096296	1.0770497	0.9428363	-0.44051972	0.6904934	-0.2023296	0.99068046	-0.62738436	0.10107217	10	0.3554654	0.6262827	2.4550283	Binding_SOS	0.21401185	0.37706035	1.4780766
L78P	L78P	78	78	1.147999	1.26953	1.4547403	1.7150943	1.5483186	1.5102165	1.6293491	1.7673749	1.3037808	0.9520232	10	1.4298427	0.2593913	1.016814	Binding_SOS	0.8608525	0.15616938	0.612184
L78Q	L78Q	78	78	1.0539265	0.33446312	0.76135623	0.836683	0.99315166	1.1060545	0.3387953	0.56784177	0.94478667	1.4992937	10	0.8436352	0.36094952	1.4149221	Binding_SOS	0.50791985	0.21731362	0.8518694
L78R	L78R	78	78	0.96461487	0.8018814	0.3761946	1.3265306	1.9245931	1.1748421	0.56022227	0.093955025	0.6212645	0.14809683	10	0.7992195	0.56784916	2.2259688	Binding_SOS	0.48117885	0.3418798	1.340169
L78S	L78S	78	78	1.077515	0.6256247	1.5248731	1.1977453	1.3153194	1.3483963	1.3186336	1.1709238	1.5095112	0.9080309	10	1.1996572	0.27522486	1.0788815	Binding_SOS	0.7222668	0.16570215	0.64955246
L78T	L78T	78	78	1.5199043	1.5724459	1.4969711	1.2914238	0.61388785	0.8731963	0.97904843	1.4640985	0.9104666	1.4999632	10	1.2221406	0.3456726	1.3550366	Binding_SOS	0.7358031	0.20811598	0.8158147
L78V	L78V	78	78	-0.19593127	-0.16716142	-0.16314977	-0.17353134	-0.14698581	-0.17050177	-0.15618761	-0.24099076	-0.17991161	-0.23396662	10	-0.1828318	0.031699415	0.12426171	Binding_SOS	-0.11007589	0.01908498	0.07481313
L78W	L78W	78	78	0.45832068	0.706355	0.4849774	0.6201875	0.26781484	0.4343502	0.5394068	0.52628624	0.58169377	1.1676215	10	0.5787014	0.23802596	0.9330618	Binding_SOS	0.34841353	0.14330614	0.56176007
L78Y	L78Y	78	78	-0.40384758	-0.6862534	-0.8754112	-0.43214735	-0.53495985	-0.56293684	-0.37539938	-0.5151752	-0.7744592	-0.07442514	10	-0.5235015	0.22640441	0.8875053	Binding_SOS	-0.31517982	0.13630927	0.53433233
M110A	M110A	110	110	1.1157266	0.42418882	0.5619224	0.8894225	0.9931073	0.8494251	1.0823396	1.3389002	0.9676195	0.7367165	10	0.89593685	0.2698805	1.0579315	Binding_SOS	0.5394086	0.16248451	0.6369393
M110C	M110C	110	110	0.04693621	0.037336893	-0.08548032	0.015329584	0.42440796	0.13695149	0.36398616	0.0842134	-0.16598912	-0.12423915	10	0.07334532	0.19401804	0.76055074	Binding_SOS	0.044158354	0.11681069	0.4578979
M110D	M110D	110	110	-0.23294346	0.4769876	-0.31373024	0.11490002	0.9972891	-0.7377424	-0.5673744	-0.560361	0.24261697	0.079689115	10	-0.050066866	0.5383434	2.1103063	Binding_SOS	-0.030143306	0.32411557	1.2705331
M110E	M110E	110	110	0.70985323	0.35096645	1.1266841	1.2091452	1.9597551	1.3576843	1.0777646	1.1515524	1.1475782	0.8396486	10	1.0930631	0.42218846	1.6549788	Binding_SOS	0.65809065	0.2541832	0.99639815
M110F	M110F	110	110	-0.3859768	-0.4140596	-0.21571176	-0.52272755	-0.4476939	-0.5054828	-0.60303	-0.4357486	-0.422852	-0.35940993	10	-0.43126932	0.10419591	0.40844798	Binding_SOS	-0.25965044	0.06273229	0.24591057
M110G	M110G	110	110	1.0738885	1.1080575	0.8213823	1.2629259	1.1288937	1.865333	1.1573668	1.1414245	1.389971	1.9400909	10	1.2889335	0.35423994	1.3886206	Binding_SOS	0.7760166	0.21327405	0.8360343
M110H	M110H	110	110	1.3801566	0.82185173	-0.25451025	0.1851304	-0.18498679	1.1198609	1.0949711	0.5270379	1.1134382	1.4696352	10	0.7272585	0.62847996	2.4636414	Binding_SOS	0.43785396	0.37838325	1.4832624
M110I	M110I	110	110	-0.2832084	-0.17954251	-0.14401406	-0.09895848	-0.20138997	-0.17971519	-0.19734856	0.066133104	-0.15888792	-0.4149275	10	-0.17918594	0.1226943	0.48096165	Binding_SOS	-0.10788086	0.07386945	0.28956825
M110K	M110K	110	110	0.0012593111	-0.07240283	-0.12085923	-0.25214204	-0.26663208	-0.25321692	0.026649354	0.64982414	0.09244017	0.20017672	10	0.00050965993	0.27693415	1.0855819	Binding_SOS	0.00030684637	0.16673124	0.65358645
M110L	M110L	110	110	-0.0752864	-0.22510712	-0.16482446	-0.11910452	-0.28857917	-0.2249113	-0.37231892	-0.28282663	-0.39038604	-0.13399798	10	-0.22773425	0.10640456	0.41710588	Binding_SOS	-0.1371099	0.06406203	0.25112316
M110N	M110N	110	110	0.852584	0.40126306	0.3876	1.0577365	0.6258589	0.6462925	0.55589134	0.78244644	0.7077408	0.3268515	10	0.63442653	0.22860491	0.8961313	Binding_SOS	0.38196346	0.1376341	0.5395257
M110P	M110P	110	110	-0.15240055	-0.44532993	-0.88945025	0.39042914	0.17111485	-0.3197203	0.5811709	-0.8286526	-1.3751689	0.7297636	10	-0.21382442	0.69020635	2.7056088	Binding_SOS	-0.12873533	0.4155463	1.6289415
M110Q	M110Q	110	110	0.084303334	0.34729287	0.43594262	0.28955847	0.76873213	0.2644303	0.34895626	0.66803926	0.47532436	0.100578204	10	0.3783158	0.2199368	0.8621523	Binding_SOS	0.22776918	0.13241537	0.51906824
M110R	M110R	110	110	0.7916728	0.7256741	0.1727548	0.26679555	0.49624085	0.12005112	-0.06978419	0.8830129	1.0214472	0.15881094	10	0.4566676	0.37752762	1.4799083	Binding_SOS	0.27494174	0.22729465	0.8909951
M110S	M110S	110	110	0.8173164	0.60138893	0.9819686	0.8910967	0.97081447	0.6823527	0.7346968	1.0061531	0.839044	1.0458925	10	0.8570725	0.14920321	0.5848766	Binding_SOS	0.51600987	0.08982943	0.35213137
M110T	M110T	110	110	0.56091076	0.64256454	0.2859848	0.11689414	0.1485433	0.28635198	0.3961197	0.32785505	0.40497065	0.65648395	10	0.38266787	0.1891646	0.74152523	Binding_SOS	0.23038939	0.11388862	0.4464434
M110V	M110V	110	110	-0.43511254	-0.44838804	-0.5082816	-0.31880972	-0.37239262	-0.24649003	-0.2839263	-0.3138847	-0.27676296	-0.20966557	10	-0.34137142	0.09669478	0.37904355	Binding_SOS	-0.20552641	0.058216155	0.22820733
M110W	M110W	110	110	-0.5803203	-0.59070426	-0.68736047	-0.66364443	-0.51402384	-0.62901235	-0.600702	-0.40294632	-0.77823836	-0.45394993	10	-0.59009016	0.11122446	0.43599987	Binding_SOS	-0.35527027	0.0669639	0.2624985
M110Y	M110Y	110	110	0.5615167	0.32307163	0.3238939	0.30462155	0.8682186	0.45226774	0.3711229	-0.3112842	0.09344388	0.13881047	10	0.3125683	0.3093664	1.2127163	Binding_SOS	0.18818519	0.18625744	0.7301292
M169A	M169A	169	169				-0.30805957	-0.13199855	0.020116324	-0.47263658	-0.16962123	0.28480932	0.105854176	7	-0.09593373	0.25585938	1.0029688	Binding_SOS	-0.057757955	0.15404294	0.60384834
M169C	M169C	169	169	-0.1122631	-0.021095356	0.0026010266	-0.054682937	-0.07570842	-0.056871276	-0.11472143	-0.11657967	-0.11102092	-0.01854637	10	-0.06788884	0.04514618	0.17697303	Binding_SOS	-0.040873222	0.027180752	0.10654855
M169D	M169D	169	169	0.41400346				0.15587513	0.41266158	0.34946328	0.03938402	0.016640631	0.20333412	7	0.22733746	0.16808064	0.6588761	Binding_SOS	0.13687101	0.1011948	0.39668363
M169G	M169G	169	169	-0.0009867254	-0.17203683	0.04897209	-0.1585927	0.11743549	0.08404614	-0.1286434	-0.02235253	-0.11630664	0.33056727	10	-0.0017897815	0.15557103	0.6098384	Binding_SOS	-0.0010775576	0.093663245	0.36715993
M169I	M169I	169	169	0.28131422	0.28963313	0.59609544	0.5800979	0.5386135	0.482465	0.33324835	0.3934561	0.7030769	0.47531176	10	0.46733123	0.1413668	0.55415785	Binding_SOS	0.2813619	0.08511143	0.33363682
M169K	M169K	169	169	-0.00073804375	0.03432069			0.1807442	-0.43096542	-0.056305878	-0.02765581	-0.18832281	-0.30158705	8	-0.098813765	0.19705701	0.7724635	Binding_SOS	-0.05949191	0.11864033	0.46507013
M169L	M169L	169	169	-0.085987516	-0.28952706	-0.09966979	0.19790694	-0.062239133	0.0364226	-0.06696028	-0.019398592	0.15365423	0.02171837	10	-0.021408021	0.13738817	0.53856164	Binding_SOS	-0.012888934	0.082716055	0.32424694
M169R	M169R	169	169	-0.3434664	-0.5226884	-0.55915654	-0.24949093			-1.3550997	0.04901446	-0.33765027	-0.9272377	8	-0.5307219	0.4351064	1.7056171	Binding_SOS	-0.31952694	0.26196057	1.0268854
M169T	M169T	169	169	0.45986465	-0.12783086	0.29645154	-0.7283097	0.24831559	-0.40853655	-0.41593194	1.1248786	0.15579444	-0.6825388	10	-0.007784301	0.5775979	2.2641838	Binding_SOS	-0.004686624	0.34774917	1.3631768
M169V	M169V	169	169	0.05909188	0.037678037	-0.11047479	-0.06719436	-0.2530487	-0.091001205	-0.09701221	0.008928386	-0.07679167	-0.12196879	10	-0.071179345	0.09039761	0.35435864	Binding_SOS	-0.042854305	0.054424874	0.21334551
M169W	M169W	169	169	-0.35301134	-0.16164754	0.007405721	-0.286143	-0.30981568	-0.2037233	-0.47741485	-0.38146523	-0.31463566	0.11483588	10	-0.23656149	0.18140766	0.71111804	Binding_SOS	-0.14242445	0.10921847	0.4281364
M187C	M187C	187	187	0.5588153	0.19047147	0.14760341	0.43040067	0.069746405	0.24088638	0.39367223	0.2149903		0.87772274	9	0.34714544	0.2513669	0.9853583	Binding_SOS	0.20900272	0.1513382	0.59324574
M187E	M187E	187	187	-0.4935581	-1.0733864				-0.35626116	-1.1281108	-1.2787172	-0.037057545	-0.43064567	7	-0.68539095	0.47062635	1.8448553	Binding_SOS	-0.41264713	0.28334576	1.1107154
M187F	M187F	187	187	0.2743279	0.50730276	0.43968835	0.059622128	0.3011675	0.36432096	0.6343723	0.29536077	0.6989211	0.065665066	10	0.3640749	0.21340825	0.83656037	Binding_SOS	0.21919528	0.12848477	0.5036603
M187G	M187G	187	187	-0.15276596	-0.28829393	-0.3471218	-0.0628073	-0.25132892	-0.17138252	-0.32343408	-0.65661824	-0.07719338	-0.07641719	10	-0.24073632	0.17995155	0.70541006	Binding_SOS	-0.14493795	0.108341806	0.42469987
M187I	M187I	187	187	0.8520388	0.28127083	0.34107828	0.35949406	0.32442087	0.4874801	-0.024389857	0.21361105	0.1427087	0.74184936	10	0.37195623	0.26393518	1.0346259	Binding_SOS	0.22394033	0.15890507	0.6229079
M187K	M187K	187	187	0.38074586	-0.08752966	0.10545364	0.10597037	-0.010418755	0.16880094	0.18231356	0.12578574	0.13686514	-0.04280189	10	0.10651849	0.13322654	0.5222481	Binding_SOS	0.06413063	0.0802105	0.31442517
M187L	M187L	187	187	0.021020453	-0.1508676	-0.22745512	-0.16398676	0.20571357	0.09317676	0.17239241	-0.08821796	-0.10240889	-0.100252725	10	-0.03408858	0.14879134	0.5832621	Binding_SOS	-0.020523405	0.08958146	0.35115933
M187N	M187N	187	187	0.8831093	0.90621084	0.37358803	-0.5289595	0.55083764				0.4828434	0.85176975	7	0.5027713	0.50217605	1.9685302	Binding_SOS	0.302699	0.3023406	1.1851752
M187P	M187P	187	187	-0.382074	-0.12575299	-0.93043315	-0.48061198	-0.45882255	-0.07785579	-1.057604	-0.80965155	-0.53824717	-0.4557217	10	-0.5316775	0.3196721	1.2531147	Binding_SOS	-0.32010227	0.1924621	0.75445145
M187R	M187R	187	187	-0.32787812	0.10840811	-0.62327474	-0.142157	-0.3225617	-0.4291614	-0.30117452	-0.050376732	0.06449717	-0.45001024	10	-0.24736893	0.23668101	0.92778957	Binding_SOS	-0.14893118	0.1424964	0.55858594
M187S	M187S	187	187	-0.1305994	0.29155567	0.09748708	-0.04077161	0.024824452	0.16512811	0.19615166	0.2883194	-0.11112029	0.21679658	10	0.09977717	0.15723574	0.6163641	Binding_SOS	0.06007194	0.094665505	0.37108877
M187T	M187T	187	187	0.031249851	0.016180934	0.20632817	0.19445536	0.32508528	0.03344175	0.32969958	-0.056967754	0.06562599	-0.20008516	10	0.0945014	0.16845843	0.66035706	Binding_SOS	0.056895602	0.10142225	0.39757523
M187V	M187V	187	187	0.040119097	0.07904252	-0.11313457	0.14083062	-0.04632534	-0.10328647	-0.014911273	0.14782332	0.28025413	0.1757917	10	0.05862037	0.12929715	0.5068448	Binding_SOS	0.03529304	0.07784477	0.3051515
M187W	M187W	187	187	-0.50061065	-0.53946805	-0.53578293	-0.32337955	0.07186711			0.7747188	-0.41450456	-0.07131709	8	-0.1923096	0.45034352	1.7653466	Binding_SOS	-0.115782104	0.27113426	1.0628463
M187Y	M187Y	187	187		0.19467829	0.029068224	-0.5005039	-0.12098116	-0.035114404	-0.029493414	0.09928382			7	-0.051866073	0.22249147	0.8721666	Binding_SOS	-0.031226538	0.13395344	0.5250975
M66A	M66A	66	66	1.7909044	2.082655	2.0242777	2.0796347	2.0223267	1.8045925	2.0118291	2.0361054	2.5960045	2.3833559	10	2.0831685	0.2428129	0.9518266	Binding_SOS	1.2541945	0.14618817	0.57305765
M66C	M66C	66	66	1.032735	0.62887913	0.81624097	1.0457363	0.83127254	0.7611484	0.72512513	0.897579	0.95359457	0.76111746	10	0.8453428	0.13591531	0.53278804	Binding_SOS	0.5089479	0.0818293	0.32077086
M66D	M66D	66	66	2.1011736	2.4899545	2.4433095	2.4625146	2.6656218	2.5705125	2.1352794	2.5746508	2.580146	2.3366508	10	2.4359813	0.19058427	0.74709034	Binding_SOS	1.4666092	0.11474335	0.44979393
M66E	M66E	66	66	2.5575225	2.6948414	1.8512006	2.1360686	1.9258815	1.7555044	2.6508472	2.3237395	2.3234675	2.4184654	10	2.263754	0.33533671	1.31452	Binding_SOS	1.3629179	0.20189315	0.7914212
M66F	M66F	66	66	1.5333027	1.4584855	0.85156846	0.99354315	1.3800275	1.0576952	1.0709572	1.1892549	1.3653452	1.0316349	10	1.1931814	0.2276897	0.8925436	Binding_SOS	0.71836793	0.13708308	0.5373657
M66G	M66G	66	66	0.6036395	0.5094941	0.69233656	0.7550695	0.5375074	0.6881642	0.7354801	0.7562731	0.6201458	0.8790437	10	0.6777154	0.11210409	0.43944803	Binding_SOS	0.408026	0.0674935	0.26457453
M66H	M66H	66	66	1.5866597	2.2261503	2.3708973	1.6976087	2.5096638	1.5099896	2.430775	2.20286	2.3958237	2.391325	10	2.1321752	0.38190964	1.4970858	Binding_SOS	1.2836995	0.22993289	0.90133697
M66I	M66I	66	66	0.22281669	0.39825404	0.36344233	0.19002707	0.33039415	0.15778735	0.30177978	0.280677	0.24907114	0.29212502	10	0.27863747	0.075532965	0.29608923	Binding_SOS	0.16775675	0.04547545	0.17826377
M66K	M66K	66	66		-0.30961078	-0.13399397	0.39462945	-0.03097046	0.93759054	0.023574525	0.92777985	-0.6374144		8	0.1464481	0.56639624	2.2202733	Binding_SOS	0.08817069	0.34100506	1.3367399
M66L	M66L	66	66	0.9876227	0.3780609	0.50987923	0.6275911	0.6626365	0.772975	0.81361294	0.71627384	0.8585507	0.77066576	10	0.7097868	0.17538175	0.6874965	Binding_SOS	0.4273349	0.10559051	0.4139148
M66P	M66P	66	66	-0.30917242	-0.07415357			-0.21342747	-0.2820492	0.0047442866	-0.6195295	-0.13479365	0.07750122	8	-0.19386005	0.21828903	0.85569304	Binding_SOS	-0.11671557	0.13142331	0.5151794
M66Q	M66Q	66	66	2.5931444	2.9946878	2.8195856	1.9642252	3.0282905	1.9354959	2.240287	3.023024	2.6286821	2.5723724	10	2.5799794	0.41354457	1.6210947	Binding_SOS	1.5533049	0.24897905	0.97599787
M66R	M66R	66	66	2.3488116	2.9956405	2.2337313	3.5662043	2.2031925	3.0886135	2.5705988	2.671215	2.911761	2.9987805	10	2.7588549	0.43376106	1.7003434	Binding_SOS	1.6609988	0.2611506	1.0237104
M66S	M66S	66	66	0.98128957	0.9350147	1.0599315	1.088381	1.0301826	1.1671288	1.0936679	1.0941942	0.96527135	1.0899422	10	1.0505004	0.07169239	0.28103417	Binding_SOS	0.6324653	0.04316319	0.16919972
M66T	M66T	66	66	0.5949166	0.49941957	0.1854835	0.45719007	0.36847886	-0.4687431	0.26814824	0.5348488	0.20317753	1.3285284	10	0.39714485	0.44587797	1.7478417	Binding_SOS	0.23910542	0.26844573	1.0523072
M66V	M66V	66	66	0.6464804	0.7252897	0.70933133	0.6843829	0.5295231	0.38434923	0.5642342	0.52234113	0.4038009	0.5310276	10	0.5700761	0.1201901	0.47114518	Binding_SOS	0.34322056	0.07236177	0.28365815
M66W	M66W	66	66	-0.32294023	-0.38815933	-0.47158262	-0.27906674	-0.24999702	-0.0923317	-0.3688351	-0.11436941	-0.2929982	-0.38870335	10	-0.29689837	0.120564245	0.47261184	Binding_SOS	-0.17875092	0.07258703	0.28454116
M66Y	M66Y	66	66	1.2472476	1.0139015	1.0667462	0.9253409	1.0617858	0.84476787	0.91700053	1.1149071	1.0594943	0.9472355	10	1.0198426	0.116307564	0.45592567	Binding_SOS	0.6140075	0.070024244	0.27449504
M71A	M71A	71	71	-0.85382736	-0.8296883	-0.65990347	-0.68904513	-0.74984646	-0.6858913	-0.877208	-0.76347184	-0.86534226	-0.7923682	10	-0.7766592	0.07988068	0.31313226	Binding_SOS	-0.4675962	0.04809304	0.18852472
M71C	M71C	71	71	-0.36269477	-0.40432268	-0.29416472	-0.13548833	-0.3349957	-0.21457572	-0.22016053	-0.3332547	-0.31568763	-0.39564943	10	-0.30109942	0.08647225	0.33897123	Binding_SOS	-0.18128021	0.05206157	0.20408136
M71D	M71D	71	71	0.82085305	0.72328454	0.83145225	1.0737236	0.72668153	0.9582069	1.0663352	0.9091529	0.96159416	0.89610624	10	0.896739	0.12349199	0.4840886	Binding_SOS	0.53989154	0.07434971	0.29145086
M71E	M71E	71	71	0.7608098	0.7175969	0.6517548	0.4802922	0.7944557	0.6960548	0.71606326	0.7227701	0.8220817	0.9155761	10	0.7277455	0.114503466	0.44885358	Binding_SOS	0.43814716	0.06893807	0.27023724
M71F	M71F	71	71	-0.40088	-0.41118407	-0.5144011	-0.7498544	-0.50911313	-0.5017134	-0.5934309	-0.5602028	-0.37177572	-0.44296867	10	-0.5055524	0.11164083	0.43763208	Binding_SOS	-0.30437338	0.067214586	0.26348117
M71G	M71G	71	71	0.0769088	0.048621546	0.06767342	0.08197202	0.053241286	0.08893772	0.07356923	0.092892885	0.07959743	0.07358434	10	0.07369987	0.014133865	0.055404752	Binding_SOS	0.044371814	0.008509449	0.03335704
M71H	M71H	71	71	-0.0737309	-0.2723296	-0.31991723	-0.11320854	-0.30552855	-0.113755964	-0.14255586	-0.25264212	-0.30978698	-1.0550967	10	-0.29585522	0.2826649	1.1080464	Binding_SOS	-0.17812288	0.1701815	0.66711146
M71I	M71I	71	71	-0.30991113	-0.18578579	-0.28343004	-0.25041714	-0.075707085	-0.16451463	-0.2772155	-0.12419811	-0.27977332	-0.15587504	10	-0.21068278	0.07984056	0.31297502	Binding_SOS	-0.12684388	0.04806889	0.18843004
M71K	M71K	71	71	1.2925876	1.140842	1.553563	1.6314479	1.2819649	1.250352	0.90772897	1.047503	1.1061034	1.3531398	10	1.2565234	0.22147913	0.8681982	Binding_SOS	0.7565037	0.13334394	0.52270824
M71L	M71L	71	71	-0.38794672	-0.4357546	-0.35738567	-0.29669324	-0.45031506	-0.5020274	-0.3616591	-0.30886522	-0.32714587	-0.21614912	10	-0.3643942	0.08370573	0.32812646	Binding_SOS	-0.21938752	0.050395954	0.19755214
M71N	M71N	71	71	-0.16882999	-0.21230973	-0.44594356	-0.21522754	-0.20099576	-0.28206614	-0.3532173	-0.32910284	-0.31911427	-0.3998546	10	-0.29266617	0.09248544	0.36254296	Binding_SOS	-0.17620288	0.055681877	0.21827295
M71P	M71P	71	71	0.018884208	-0.031064332	0.0034614704	-0.023114363	-0.064096466	0.004667511	0.025685556	-0.0279562	0.07445711	-0.021927992	10	-0.0041003497	0.038435906	0.15066876	Binding_SOS	-0.0024686605	0.023140758	0.09071177
M71Q	M71Q	71	71	0.75818557	0.8662477	0.7892074	0.8508593	0.7174478	0.84431744	0.54557496	0.6661152	0.7844972	0.89657557	10	0.7719028	0.10643159	0.41721183	Binding_SOS	0.46473256	0.06407831	0.25118697
M71R	M71R	71	71	1.7062491	1.4863716	1.496291	1.6142381	1.3940563	1.5936806	1.7318943	1.4307106	1.6060263	1.4311174	10	1.5490636	0.118452385	0.46433336	Binding_SOS	0.9326307	0.07131556	0.279557
M71S	M71S	71	71	-0.5660814	-0.63140845	-0.60960454	-0.4516108	-0.5135683	-0.587782	-0.55357516	-0.5817814	-0.49517894	-0.60367423	10	-0.55942655	0.05666113	0.22211163	Binding_SOS	-0.3368089	0.034113456	0.13372475
M71T	M71T	71	71	-0.31084287	-0.3061103	-0.23723722	-0.30957627	-0.16334358	-0.38607046	-0.41066033	-0.26433477	-0.31681517	-0.35437396	10	-0.3059365	0.07201346	0.28229278	Binding_SOS	-0.18419242	0.043356493	0.16995746
M71V	M71V	71	71	-0.32989463	-0.4726752	-0.4050011	-0.28688177	-0.379491	-0.35128465	-0.40652213	-0.35049003	-0.37043548	-0.36431372	10	-0.37169895	0.04993647	0.19575097	Binding_SOS	-0.22378543	0.030064799	0.117854014
M71W	M71W	71	71	0.64799535	0.660042	0.61242324	0.62917453	0.6755115	0.59034103	0.4785594	0.5046666	0.57761216	0.58381754	10	0.5960143	0.06424767	0.25185087	Binding_SOS	0.35883695	0.03868101	0.15162957
M71Y	M71Y	71	71	-0.44766113	-0.57265884	-0.5214567	-0.40529078	-0.33629218	-0.49092484	-0.44579646	-0.4444083	-0.5804036	-0.4772633	10	-0.47221565	0.074253276	0.29107285	Binding_SOS	-0.28430262	0.044705	0.1752436
N115A	N115A	115	115	-0.30084014	-0.3631394	-0.4281247	-0.45203376	-0.59402245	-0.3404263	-0.38355753	-0.40230593	-0.46338123	-0.4738521	10	-0.42016834	0.0827063	0.3242087	Binding_SOS	-0.25296697	0.049794238	0.19519341
N115C	N115C	115	115	-0.5513017	-0.8399043	-0.6942267	-0.6931128	-0.84631443	-0.69872373	-0.6839009	-0.7294262	-0.7095942	-0.65944886	10	-0.7105954	0.084927164	0.3329145	Binding_SOS	-0.4278218	0.05113133	0.20043482
N115D	N115D	115	115	-0.29897514	-0.3402278	-0.3876751	-0.31151015	-0.36634877	-0.39988604	-0.36637607	-0.50954556	-0.19844534	-0.09241547	10	-0.32714054	0.114587106	0.44918147	Binding_SOS	-0.19695856	0.06898843	0.27043465
N115E	N115E	115	115	0.024770088	-0.20897801	-0.29193223	-0.33580944	-0.20648715	-0.20554537	-0.3221401	-0.31924143	-0.24870324	-0.19312637	10	-0.23071933	0.10524573	0.41256326	Binding_SOS	-0.1389071	0.06336435	0.24838826
N115F	N115F	115	115	0.7536086	1.2065792	1.0353246	0.9451584	0.75083125	1.0886922	0.87850475	1.1713766	2.002155	1.4461044	10	1.1278335	0.3744079	1.4676789	Binding_SOS	0.6790245	0.22541638	0.88363224
N115G	N115G	115	115	0.1640027	-0.08672042	0.008154469	-0.0020905621	0.09976932	-0.034341507	-0.12134684	-0.13928929	0.010194313	0.016376114	10	-0.0085291695	0.093922324	0.3681755	Binding_SOS	-0.0051350803	0.056546967	0.22166412
N115H	N115H	115	115	-0.4706211	-0.4427259	-0.49323753	-0.49485576	-0.3440314	-0.3809541	-0.3398929	-0.44875535	-0.56242305	-0.4594903	10	-0.4436987	0.070563935	0.27661064	Binding_SOS	-0.26713368	0.04248379	0.16653647
N115I	N115I	115	115	0.054008693	0.15475722	-0.082905844	-0.028011834	-0.13961971	-0.39291057	0.017174594	-0.04741048	-0.13791494	-0.13674152	10	-0.07395744	0.14680357	0.57547003	Binding_SOS	-0.04452689	0.0883847	0.34646803
N115K	N115K	115	115	1.0623784	0.943829	0.7681508	0.8617683	0.22326557	0.58681226	0.6483052	0.9312048	1.1055516	1.0159699	10	0.8147236	0.26884392	1.0538682	Binding_SOS	0.4905133	0.16186044	0.63449293
N115L	N115L	115	115	-0.7843585	-0.8692162	-0.5857005	-0.59080726	-0.5984906	-0.7017446	-0.7719993	-0.70907646	-0.7551983	-0.7881002	10	-0.71546924	0.0970263	0.3803431	Binding_SOS	-0.43075612	0.058415752	0.22898975
N115M	N115M	115	115	-0.76715136	-0.7536624	-0.5331058	-0.5352384	-0.7231054	-0.53652245	-0.80512047	-0.70086694	-0.6416479	-0.6384311	10	-0.66348517	0.10250272	0.40181068	Binding_SOS	-0.39945853	0.061712887	0.24191453
N115P	N115P	115	115	1.0944326	1.1673412	1.0749066	1.3107262	0.96966046	1.230164	0.9230615	1.7446549	0.80744374	0.11471623	10	1.0437108	0.41567987	1.6294651	Binding_SOS	0.62837756	0.2502646	0.9810373
N115Q	N115Q	115	115	-0.4016183	-0.14583829	-0.2252903	-0.27872548	-0.4129766	-0.25682545	-0.15909486	-0.34791586	-0.23122047	-0.1301341	10	-0.258964	0.102007456	0.39986923	Binding_SOS	-0.15591212	0.061414707	0.24074566
N115R	N115R	115	115	1.2997804	1.7908882	1.2805579	0.9157961	1.080345	1.3579147	1.2157246	1.4221609	1.2969232	1.3995861	10	1.3059677	0.2290465	0.89786226	Binding_SOS	0.78627217	0.13789995	0.5405678
N115S	N115S	115	115	-0.13537642	-0.22493728	-0.14511889	-0.21086024	-0.16430803	-0.13522051	-0.17710473	-0.18679465	-0.12540674	-0.16457573	10	-0.16697033	0.033343773	0.13070759	Binding_SOS	-0.10052632	0.020074984	0.07869394
N115T	N115T	115	115	-0.5910022	-0.80960053	-0.66740644	-0.64387465	-0.34899834	-0.5257826	-0.5115031	-0.6782562	-0.45078042	-0.4810427	10	-0.57082474	0.13368832	0.5240582	Binding_SOS	-0.3436713	0.08048852	0.31551498
N115V	N115V	115	115	-0.7292149	-0.6999972	-0.6410055	-0.7284852	-0.70673627	-0.627266	-0.75744116	-0.69655454	-0.73605293	-0.6310426	10	-0.6953796	0.046706766	0.18309052	Binding_SOS	-0.41866094	0.02812032	0.11023166
N115W	N115W	115	115	1.2491316	0.9103879	1.4762512	1.7195903	1.0829773	2.036335	2.0804095	2.2651443	1.4804626	1.5679442	10	1.5868634	0.4438207	1.7397771	Binding_SOS	0.95538855	0.26720712	1.047452
N115Y	N115Y	115	115	0.8777123	0.8330808	0.6893253	0.8930397	0.57945853	0.7379031	0.76325196	0.30184835	0.7167278	0.5838754	10	0.6976223	0.17602749	0.6900278	Binding_SOS	0.42001116	0.105979286	0.4154388
N25A	N25A	25	25	-0.14793701	0.36664215	0.22622083	0.029431308	-0.17469601	0.079390876	-0.04069855	-0.114379644	0.078001395	0.09102015	10	0.039299548	0.16958739	0.6647826	Binding_SOS	0.023660723	0.10210195	0.40023965
N25C	N25C	25	25	-0.42102656	-0.6033858	-0.75674504	-0.42445123	-0.22218257	-0.8779743	-0.32599017	-0.690197	-0.46491945	-0.495066	10	-0.52819383	0.20230849	0.7930493	Binding_SOS	-0.3180049	0.12180205	0.47746402
N25D	N25D	25	25	0.5758762	0.72863126	0.88950974	0.8927175	0.47469977	0.67493045	0.6872524	1.0474824	0.75761676	1.0525808	10	0.77812976	0.19095258	0.74853414	Binding_SOS	0.46848157	0.114965096	0.45066318
N25E	N25E	25	25	0.5691249	0.64015955	0.7555777	0.72303843	0.74302584	0.8323189	0.6354227	0.80856127	0.45995572	0.8262417	10	0.69934267	0.12165435	0.47688505	Binding_SOS	0.42104694	0.073243335	0.28711388
N25F	N25F	25	25	-0.82646704	-1.0236374	-1.0431265	-1.2258731	-1.1206876	-1.0448776	-0.9736941	-1.1531901	-1.0066861	-1.0365082	10	-1.0454748	0.108006015	0.4233836	Binding_SOS	-0.62943953	0.06502621	0.25490275
N25G	N25G	25	25	0.591079	0.4551143	0.4572566	0.2883525	0.33130902	0.29101527	0.5373399	0.35837704	0.29642314	0.39593664	10	0.40022033	0.10709668	0.419819	Binding_SOS	0.24095705	0.06447873	0.25275663
N25H	N25H	25	25	-0.6588594	-0.2746323	-0.61205345	-0.6472997	-0.63850516	-0.8123007	-0.6206923	-0.44349888	-0.6121583	-0.31914082	10	-0.5639141	0.16639775	0.6522792	Binding_SOS	-0.33951068	0.100181594	0.39271185
N25I	N25I	25	25	0.5567118	0.6448986	0.38260832	0.5346232	0.46582726	0.45072186	0.7098522	0.5448826	0.37641463	0.4449327	10	0.5111473	0.10847583	0.42522526	Binding_SOS	0.30774185	0.06530906	0.25601152
N25K	N25K	25	25	0.55692774	0.6499724	0.81559914	0.99359185	0.87395656	0.9576005	1.0089397	0.9876121	1.0688275	0.874821	10	0.87878484	0.16474594	0.6458041	Binding_SOS	0.52908206	0.0991871	0.38881344
N25L	N25L	25	25	-0.39306477	-0.25747046	-0.42535514	-0.21053596	-0.11146081	0.03493763	-0.29369655	-0.028977882	-0.4634072	-0.20466122	10	-0.23536924	0.16647674	0.65258884	Binding_SOS	-0.14170663	0.10022915	0.3928983
N25M	N25M	25	25	-0.5228112	-0.7902098	-0.65733796	-0.5339594	-0.9506932	-0.8961648	-0.68655384	-0.47663864	-0.29274264	-0.6149873	10	-0.6422099	0.20000298	0.7840117	Binding_SOS	-0.38664952	0.12041399	0.47202283
N25P	N25P	25	25	2.7792177	1.9978108	1.9063437	2.601233	2.1172292	2.398864	2.3826582	1.6799555	1.7090421	1.5707673	10	2.114312	0.4133002	1.6201367	Binding_SOS	1.2729447	0.24883191	0.97542113
N25Q	N25Q	25	25	-0.11106436	-0.18316327	-0.05131903	-0.24386655	-0.30056068	-0.074095756	-0.012368918	-0.2150512	-0.08232146	-0.010854279	10	-0.12846653	0.101145454	0.3964902	Binding_SOS	-0.077344686	0.06089573	0.23871127
N25R	N25R	25	25	0.64471895	0.83462167	0.71739435	0.70135957	0.66248727	0.99917936	0.89643085	0.64521736	0.39666653	0.7145277	10	0.7212603	0.16387235	0.6423796	Binding_SOS	0.4342427	0.09866115	0.3867517
N25S	N25S	25	25	-0.17817992	-0.17280605	-0.36538526	-0.28137702	-0.33130172	-0.2323553	-0.18774495	-0.28354308	-0.23014183	-0.26864502	10	-0.25314802	0.064961806	0.2546503	Binding_SOS	-0.15241054	0.03911097	0.15331501
N25T	N25T	25	25	0.6146732	0.47913373	0.55332273	0.437965	0.43604267	0.7527108	0.5163532	0.48086688	0.5594769	0.5986111	10	0.54291564	0.09644108	0.37804905	Binding_SOS	0.32686833	0.058063414	0.22760859
N25V	N25V	25	25	0.72470814	0.70943135	0.27591726	0.22593004	0.5422635	0.24360722	0.4833981	0.60685664	0.68014175	0.4291674	10	0.49214214	0.19314674	0.7571352	Binding_SOS	0.29629958	0.116286114	0.45584157
N25W	N25W	25	25	-0.98248416	-0.9722724	-1.1350119	-1.0203185	-0.95712894	-0.9528307	-1.1691337	-1.0683842	-1.1382047	-1.2089279	10	-1.0604697	0.09617559	0.37700832	Binding_SOS	-0.63846743	0.05790357	0.226982
N25Y	N25Y	25	25	-1.2575326	-1.0020314	-1.2094597	-0.98201895	-1.2610182	-1.2154562	-0.91736954	-1.094146	-0.9720951	-0.86478317	10	-1.0775912	0.14893156	0.58381176	Binding_SOS	-0.6487756	0.08966588	0.35149026
N84D	N84D	84	84	0.30223283	-0.17624706	-0.039922573	0.08628171	-0.31141648	0.5396026	-0.6876756	0.5090961	-0.11372349	0.46630448	10	0.057453252	0.4012533	1.572913	Binding_SOS	0.03459036	0.24157897	0.9469896
N84I	N84I	84	84	-1.4865975	-0.8796441	-1.6548444	-0.9229792	-1.2993487	-1.1751407	-0.8126023	-0.83638597	-1.1022485	-1.600602	10	-1.1770394	0.32075185	1.2573472	Binding_SOS	-0.70864946	0.19311216	0.7569997
N84S	N84S	84	84		-1.7344067	-0.09535972	0.6022711	0.1769473	-0.124223	-0.58619076	-0.06522218	0.93287843		8	-0.1116632	0.80579317	3.1587093	Binding_SOS	-0.06722806	0.48513663	1.9017357
N84Y	N84Y	84	84	-0.9920102	-1.3705633	-1.255209			-0.22944795	-0.96224314	-1.340185	-1.3799673	-0.6267791	8	-1.0195506	0.41300738	1.618989	Binding_SOS	-0.6138316	0.24865562	0.97473
N85A	N85A	85	85	0.19422898	-0.08757896	-0.13710323	-0.028759815	0.025049025	0.00826017	0.19351794	-0.051608123	0.08565536	0.104811095	10	0.030647244	0.11291951	0.44264448	Binding_SOS	0.01845151	0.06798443	0.26649898
N85C	N85C	85	85	0.31867537	0.33898163	0.36192253	0.4758035	0.3010782	0.21011133	0.3525089	0.47418958	0.47339803	0.38426235	10	0.36909312	0.08642166	0.33877292	Binding_SOS	0.22221656	0.05203111	0.20396195
N85D	N85D	85	85	-0.13830636	-0.37635198	-0.31672657	-0.38012245	-0.37062407	-0.1829982	-0.39941993	-0.09914444	-0.11293315	-0.35200778	10	-0.27286348	0.1237889	0.4852525	Binding_SOS	-0.16428044	0.07452846	0.29215157
N85E	N85E	85	85	-0.1978984	0.16755775	-0.20923068	-0.24001443	0.421435	-0.13104896	-0.59005404	-0.032878496	0.118316695	0.15623528	10	-0.053758033	0.28326645	1.1104045	Binding_SOS	-0.032365613	0.17054367	0.6685312
N85F	N85F	85	85	1.1651161	1.5312841	1.0769235	0.9559472	0.29412282	0.7988961	1.518208	0.19575484	0.95542455	0.60752827	10	0.9099206	0.45293084	1.775489	Binding_SOS	0.54782766	0.272692	1.0689527
N85G	N85G	85	85	-0.36359462	-0.3782436	-0.2307567	-0.17251144	-0.088847324	-0.20546983	-0.35542756	-0.22946927	-0.29615954	-0.36699006	10	-0.26874697	0.098611146	0.3865557	Binding_SOS	-0.16180207	0.05936992	0.23273009
N85H	N85H	85	85		1.0461504	1.1309378	1.084958	1.0625952	0.99549544	1.0216132	0.8802956			7	1.0317209	0.079774365	0.31271553	Binding_SOS	0.6211589	0.04802903	0.1882738
N85I	N85I	85	85	0.7644812	0.43599033	0.4502021	0.51335406	0.58841807	0.7070007	0.5350629	0.8194729	0.609424	0.46604556	10	0.58894515	0.13526893	0.5302542	Binding_SOS	0.35458088	0.08144014	0.31924537
N85K	N85K	85	85	0.3473044	0.3596054	0.26308063	0.23650017	0.24881785	0.27177304	0.3086639	0.103412606	0.13178499	0.40486428	10	0.2675807	0.095514126	0.37441537	Binding_SOS	0.1610999	0.05750533	0.22542089
N85L	N85L	85	85	1.0382054	0.7878211	1.0565995	1.333245	1.0355711	1.1280857	1.7124755	0.6775483	0.7934034	1.0776224	10	1.0640577	0.2977091	1.1670197	Binding_SOS	0.6406276	0.17923903	0.70261705
N85M	N85M	85	85	1.6474013	0.14928214	0.902565	1.4048128	0.66763777	1.7041107	0.77378255	0.6994414	0.09599752	0.5493609	10	0.85943925	0.56634164	2.2200592	Binding_SOS	0.51743484	0.3409722	1.336611
N85P	N85P	85	85	1.0921713	0.9774612	0.2553097	1.1214813	-0.040975817	0.015610633	1.0821354	0.3042472	0.08181864	1.2421211	10	0.6131381	0.52986944	2.077088	Binding_SOS	0.3691465	0.3190137	1.2505338
N85Q	N85Q	85	85				-0.16766773	0.024361888	0.07410521	-0.22737981	-0.13765487	0.24594857	-0.5406602	7	-0.10413528	0.25223768	0.98877174	Binding_SOS	-0.06269579	0.15186246	0.59530085
N85R	N85R	85	85	0.33639303	0.24976338	0.23011215	0.32548594	0.30946597	0.40029833	0.19902298	0.37070444	0.5219804	0.4149028	10	0.3358129	0.096826956	0.37956166	Binding_SOS	0.20217983	0.05829573	0.22851926
N85S	N85S	85	85	0.0047971937	-0.018518442	0.072502576	0.02378091	0.037247613	0.09975566	0.34314066	0.064090624	0.0825461	0.017944543	10	0.07272874	0.10199181	0.3998079	Binding_SOS	0.043787137	0.06140529	0.24070874
N85T	N85T	85	85	0.19630387	1.1678001	0.25007594	0.44435555	1.7101809	0.17014976	0.8441965	0.019505095	0.6214357	1.2314069	10	0.665541	0.55798215	2.18729	Binding_SOS	0.40069625	0.3359393	1.316882
N85V	N85V	85	85	0.6764105	0.5108532	1.1842633	0.41897842	0.53044933	0.5818992	0.37658486	1.2048051	0.42315996	0.44130751	10	0.6348711	0.30787486	1.2068695	Binding_SOS	0.38223112	0.18535943	0.726609
N85W	N85W	85	85	0.59962106	0.07782608	0.56278783	0.2764604	0.65881956	1.0587343	0.25143418	0.6635569	0.21366908	0.49635693	10	0.4859267	0.28829557	1.1301186	Binding_SOS	0.2925575	0.17357151	0.6804003
N85Y	N85Y	85	85	1.6432245	0.81912196	1.3451908	1.2969246	1.0396587	1.6652032	0.98995775	1.1854174	1.714721	1.0280828	10	1.2727503	0.31622982	1.2396209	Binding_SOS	0.76627326	0.19038963	0.7463274
P109A	P109A	109	109	-0.044819094	0.4085571	-0.026508296	0.30793515	0.2713896	0.20112312	0.62274516	0.35910636	0.38061285	0.051924262	10	0.25320664	0.21127982	0.8282169	Binding_SOS	0.15244584	0.12720333	0.49863705
P109C	P109C	109	109	0.24860165	0.5341134	0.53918415	0.18123077	0.270133	0.2525967	0.51831156	0.3258002	0.4179965	0.48357365	10	0.37715417	0.13675834	0.5360927	Binding_SOS	0.22706981	0.08233686	0.3227605
P109D	P109D	109	109	0.36894637	0.96227413	0.046508305	0.86973864	0.85342944	0.0701787	0.38414326	0.9104028	1.5675669	0.88771504	10	0.6920904	0.46972576	1.841325	Binding_SOS	0.4166806	0.28280354	1.1085899
P109E	P109E	109	109	0.6278032	0.29561976	0.74384487	0.12184939	0.4491176	1.098518	1.1336048	-0.19616489	0.8044948	-0.1782559	10	0.49004316	0.47833428	1.8750705	Binding_SOS	0.29503587	0.2879864	1.1289067
P109F	P109F	109	109	0.8534225	0.5718453	0.43508235	0.27285296	0.44986707	0.5645947	0.262774	0.6136472	0.024032	0.7126744	10	0.4760793	0.24216864	0.94930106	Binding_SOS	0.28662875	0.14580028	0.5715371
P109G	P109G	109	109	0.71295136	0.16603161	0.42790118	0.46172887	0.6749078	0.57902056	0.14483	0.3422057	0.7677378	0.41562137	10	0.46929365	0.21623093	0.84762526	Binding_SOS	0.2825434	0.1301842	0.5103221
P109H	P109H	109	109	0.13362797	-0.17133208	-0.16684322	-0.08249095	-0.312704	-0.32923254	-0.02954914	-0.29530883	0.009052303	-0.060498137	10	-0.13052787	0.15256241	0.59804463	Binding_SOS	-0.07858574	0.091851875	0.36005935
P109I	P109I	109	109	0.5160001	0.41942143	0.78495353	0.8234602	0.85997826	1.279393	1.0747743	0.91193134	1.229823	0.8571951	10	0.875693	0.27455863	1.0762699	Binding_SOS	0.5272206	0.16530104	0.6479801
P109K	P109K	109	109	-0.39136693	0.58374006	0.33340254	0.3706087	-0.32734448	0.105042554	0.35125688	-0.1660296	0.33942392	0.4792672	10	0.16780008	0.34559146	1.3547186	Binding_SOS	0.10102588	0.20806713	0.81562316
P109L	P109L	109	109	0.01089027	0.37771952	0.0707529	0.25893277	0.30597618	0.536061	0.33520865	-0.030000973	0.20621443	0.21702518	10	0.22887802	0.17475808	0.6850517	Binding_SOS	0.13779852	0.10521502	0.4124429
P109M	P109M	109	109	0.093226634	0.100785546	-0.030521829	0.25176108	0.4877853	0.25899705	0.19060327	0.26047027	0.05150527	0.3418899	10	0.20065026	0.15249363	0.59777504	Binding_SOS	0.12080369	0.09181046	0.359897
P109N	P109N	109	109	0.45808017	0.032042872	0.42965823	0.33180168	-0.18746895	0.87914836	0.4217684	0.84072244	0.22435093	-0.013742045	10	0.34163624	0.3466797	1.3589844	Binding_SOS	0.20568585	0.20872231	0.81819147
P109Q	P109Q	109	109	0.006845427	0.51788384	0.1744673	1.1108198	-0.66739297	0.7926497	0.38960892	0.17977886	0.35708123	-0.34190977	10	0.25198323	0.51638556	2.0242314	Binding_SOS	0.15170926	0.3108956	1.2187108
P109R	P109R	109	109	0.3938449	0.41135424	-0.074167855	0.030656204	0.23677829	0.24671912	0.0032461903	0.051983368	0.52375424	0.2086427	10	0.20328113	0.1986152	0.77857155	Binding_SOS	0.12238764	0.11957846	0.46874756
P109S	P109S	109	109	0.28496355	0.25710732	0.06349155	0.29869345	0.027765455	0.2592286	0.104014315	0.124149546	0.56795305	0.617513	10	0.26048797	0.20003136	0.78412294	Binding_SOS	0.15682964	0.12043107	0.47208983
P109T	P109T	109	109	-0.14686978	-0.13723099	0.1447967	0.20421556	0.19852322	0.033811744	-0.056243517	0.14487344	0.11678142	0.08544454	10	0.058810234	0.13086538	0.5129923	Binding_SOS	0.035407346	0.078788936	0.30885264
P109V	P109V	109	109	0.3266347	0.27313426	0.2978851	0.36840597	0.1935385	0.31312504	0.60724556	0.3797819	0.4320073	0.51212454	10	0.3703883	0.1207679	0.47341016	Binding_SOS	0.22299634	0.07270964	0.2850218
P109W	P109W	109	109	0.35207152	0.29725403	1.4583621	1.0509402	0.7785102	0.49478945	1.0106932	1.1016238	0.93366957	0.028113762	10	0.75060284	0.44322854	1.737456	Binding_SOS	0.45190868	0.26685062	1.0460545
P109Y	P109Y	109	109	0.8429121	0.7991647	0.9374106	0.90522015	1.565454	0.6962972	0.7314034	0.41164577	0.79668427	0.7290336	10	0.8415226	0.29284042	1.1479344	Binding_SOS	0.5066479	0.17630778	0.6911265
P120A	P120A	120	120	-0.047706462	-0.09593403	-0.2676344	-0.12695791	-0.0037579162	-3.653449e-05	0.014541067	0.040220737	-0.06459431	-0.10488637	10	-0.06567461	0.090130165	0.35331026	Binding_SOS	-0.03954012	0.054263856	0.21271431
P120C	P120C	120	120	-0.08634034	-0.063625075	-0.03660953	-0.045760423	0.02935314	-0.063080184	-0.18309885	-0.191502	-0.22413258	-0.19485074	10	-0.10596466	0.08556553	0.33541688	Binding_SOS	-0.06379718	0.051515665	0.20194142
P120D	P120D	120	120	-0.34977517	-0.33541393	-0.39028132	-0.4128833	-0.2882124	-0.3807121	-0.46785688	-0.42395896	-0.54197466	-0.33052525	10	-0.3921594	0.07406469	0.29033357	Binding_SOS	-0.23610388	0.044591457	0.17479852
P120E	P120E	120	120	-0.23985197	-0.27061364	-0.14338538	-0.28454128	-0.15406685	-0.36045435	-0.19259574	-0.19234845	-0.21316074	-0.3795727	10	-0.24305911	0.080811456	0.31678092	Binding_SOS	-0.1463364	0.048653424	0.19072142
P120F	P120F	120	120	-0.18521434	-0.123266146	-0.2391903	0.008658621	-0.027310671	-0.21003792	-0.14161322	-0.25015885	-0.054919492	-0.049799677	10	-0.1272852	0.09295301	0.3643758	Binding_SOS	-0.07663345	0.055963382	0.21937646
P120G	P120G	120	120	-0.32516623	-0.27740803	-0.3347209	-0.22242583	-0.21324056	-0.18297082	-0.4028883	-0.37935513	-0.30843192	-0.31502938	10	-0.2961637	0.07197461	0.2821405	Binding_SOS	-0.1783086	0.043333106	0.16986577
P120H	P120H	120	120	-0.08069023	0.027722389	-0.15430921	-0.0628422	-0.09548058	-0.3810462	-0.17280537	-0.21418278	-0.23051012	0.038600028	10	-0.13255444	0.12649406	0.49585673	Binding_SOS	-0.07980586	0.07615714	0.29853597
P120I	P120I	120	120	-0.08584131	-0.110395566	0.014162423	-0.15708499	0.1470132	0.010193991	0.09869318	0.112879686	-0.06357278	0.0062321266	10	-0.0027720034	0.10145313	0.3976963	Binding_SOS	-0.001668915	0.061080974	0.23943742
P120K	P120K	120	120	-0.14074235	-0.0027988188	-0.024330787	-0.07090665	-0.18127297	-0.17806125	0.10643299	-0.06474452	-0.27825448	-0.18941319	10	-0.10240921	0.112520605	0.44108078	Binding_SOS	-0.061656587	0.06774426	0.26555753
P120L	P120L	120	120	0.009439685	-0.1739945	-0.2581403	-0.13960314	-0.28545493	-0.102060035	0.0389636	-0.09060803	-0.08754379	-0.15359475	10	-0.12425963	0.102722995	0.40267414	Binding_SOS	-0.074811876	0.061845507	0.2424344
P120M	P120M	120	120	-0.21124047	-0.37043598	-0.5363028	-0.21218294	-0.43332314	-0.27332667	-0.69344205	-0.1883293	-0.5559051	-0.24745904	10	-0.37219474	0.175838	0.6892849	Binding_SOS	-0.22408393	0.105865195	0.4149916
P120N	P120N	120	120	-0.35528415	-0.16456242	-0.3525004	-0.14337045	-0.26637295	-0.554284	-0.29961732	-0.43118927	-0.37102348	-0.28095886	10	-0.3219163	0.12124095	0.47526455	Binding_SOS	-0.19381325	0.07299445	0.28613824
P120Q	P120Q	120	120	-0.15190208	-0.15452497	0.001896914	-0.17265785	-0.19382039	-0.16659133	-0.26853433	0.03991889	-0.04429268	-0.1407311	10	-0.12512389	0.094866544	0.37187687	Binding_SOS	-0.07533221	0.057115443	0.22389254
P120R	P120R	120	120	-0.097503684	-0.03184472	-0.15990385	-0.08212059	-0.11580888	-0.10676628	-0.046360392	-0.13813159	-0.08401646	-0.13812947	10	-0.10005859	0.040682707	0.15947622	Binding_SOS	-0.060241375	0.02449347	0.09601441
P120S	P120S	120	120	-0.20479247	-0.28348535	-0.26499638	-0.15534806	-0.22658806	-0.19303147	-0.26529104	-0.17674361	-0.17830406	-0.3019461	10	-0.22505267	0.050944112	0.19970092	Binding_SOS	-0.13549542	0.030671462	0.120232135
P120T	P120T	120	120	-0.017806046	-0.103974685	-0.4210782	-0.1512243	-0.26516926	-0.24917513	-0.268161	-0.2020427	-0.18464199	-0.0806159	10	-0.19438891	0.11506474	0.4510538	Binding_SOS	-0.11703398	0.06927599	0.2715619
P120V	P120V	120	120	-0.044614084	-0.105880156	0.014797306	0.10989847	0.006455941	0.08286135	0.08466595	-0.013607431	-0.17717212	0.13132764	10	0.008873286	0.09866238	0.3867565	Binding_SOS	0.005342259	0.059400767	0.23285101
P120W	P120W	120	120	-0.19141912	-0.2741013	0.023518343	-0.2065326	-0.23159991	-0.22576451	0.03975718	0.111503735	-0.26007006	-0.02047693	10	-0.12351851	0.14494865	0.5681987	Binding_SOS	-0.074365675	0.08726792	0.34209025
P120Y	P120Y	120	120	-0.14571214	-0.17390911	-0.20697795	-0.11136577	0.15382484	0.03337688	-0.016572058	-0.011515574	0.007546909	-0.15534757	10	-0.06266516	0.11393105	0.44660974	Binding_SOS	-0.037728246	0.06859344	0.2688863
P139A	P139A	139	139	0.017515784	-0.7575871	-1.0530305	0.33622733	0.14757909	0.3805276	-0.36334634	-0.46522468	-0.27858803	-0.34136662	10	-0.23772934	0.46430263	1.8200663	Binding_SOS	-0.14312756	0.27953848	1.0957909
P139H	P139H	139	139	-0.39589134	0.40199423	-0.16470096	0.15588643	-0.2837655	0.3982251	-0.31624153	0.36316597	0.85386866	-0.1748024	10	0.08377387	0.41234124	1.6163777	Binding_SOS	0.050436977	0.24825457	0.97315794
P139L	P139L	139	139				0.36952913	0.40426925	-0.2989836	-0.43692008	-1.3601975	-0.24666591	0.5594398	7	-0.14421843	0.6656622	2.609396	Binding_SOS	-0.08682829	0.40076926	1.5710156
P139S	P139S	139	139	-0.37602726	-0.40098876	-0.40480557	-0.31351277	-0.25617686	0.26590052				-0.47862864	7	-0.2806056	0.25119206	0.9846729	Binding_SOS	-0.16894169	0.15123294	0.59283316
P139T	P139T	139	139	-0.094763346	-0.06047367	0.0016652475	0.0039580488	-0.46688902	-0.38500106	0.010441693	0.019240716	-0.1403038	-0.11435639	10	-0.122648165	0.17051649	0.66842467	Binding_SOS	-0.073841676	0.10266133	0.4024324
P33A	P33A	33	33	0.57094055	0.7429548	0.6922231	0.8009782	0.5944896	0.7962074	0.87817675	0.86601007	0.8425776	0.58092934	10	0.7365487	0.12000057	0.47040224	Binding_SOS	0.44344723	0.07224766	0.28321084
P33C	P33C	33	33	1.0489012	1.256364	1.4204239	1.2153779	1.094771	1.6253237	0.93720824	1.0051756	1.0240988	1.0375897	10	1.1665233	0.21600716	0.84674805	Binding_SOS	0.7023182	0.13004948	0.509794
P33D	P33D	33	33	1.5955274	1.7627453	1.5692779	2.0054018	1.8307664	1.5440738	2.0724883	1.6587517	1.8379458	1.7118332	10	1.7588812	0.17999105	0.7055649	Binding_SOS	1.0589538	0.10836559	0.42479312
P33E	P33E	33	33	1.5213052	0.84573996	1.2971878	1.4426173	1.2119024	1.4212831	1.5065666	0.9295529	1.4735522	1.984301	10	1.3634008	0.32253146	1.2643234	Binding_SOS	0.82085043	0.1941836	0.7611997
P33F	P33F	33	33	-0.103791796	-0.032660265	-0.38807505	-0.26972386	-0.27772897	-0.18475507	-0.35090658	-0.23420525	-0.07619294	-0.0999083	10	-0.20179482	0.121574655	0.47657266	Binding_SOS	-0.12149279	0.07319535	0.2869258
P33G	P33G	33	33	2.673465	2.2326565	2.431563	2.589655	2.0746267	2.1119053	2.3993828	2.150604	2.568381	2.0987856	10	2.3331025	0.2273389	0.8911685	Binding_SOS	1.40467	0.13687187	0.53653777
P33H	P33H	33	33	1.8205757	1.8155395	1.9006225	1.7872576	1.9724487	2.1642537	2.1767836	1.6877592	1.9317219	1.9967045	10	1.9253668	0.15874878	0.6222952	Binding_SOS	1.1591882	0.09557644	0.37465966
P33I	P33I	33	33	0.41413414	0.4069221	0.12408567	0.42580524	-0.27237168	0.08683984	0.21342443	-0.020880846	0.078909606	0.20437731	10	0.16612458	0.21947831	0.86035496	Binding_SOS	0.10001713	0.13213933	0.5179862
P33K	P33K	33	33	2.2284634	1.8881755	2.2098548	1.8994935	1.7632848	1.9296237	1.6616906	2.1116498	2.027338	2.2201836	10	1.9939759	0.19877736	0.7792073	Binding_SOS	1.200495	0.11967609	0.46913028
P33L	P33L	33	33	0.6332858	0.6314604	0.5320866	0.5772045	0.7047405	0.6276269	0.7608324	0.6971515	0.5544245	0.7354471	10	0.645426	0.0775003	0.30380118	Binding_SOS	0.3885858	0.046659905	0.18290684
P33M	P33M	33	33	0.43014938	0.74283063	1.2393864	1.0182599	0.6972666	0.87807226	0.7572929	0.69330275	0.78639966	1.2712132	10	0.8514174	0.25957286	1.0175257	Binding_SOS	0.5126052	0.15627868	0.6126125
P33N	P33N	33	33	2.6093335	2.0583546	2.389381	1.6372471	2.6812253	2.4729302	2.4030201	1.9113268	2.450515	2.4485433	10	2.3061879	0.33041468	1.2952256	Binding_SOS	1.3884658	0.19892979	0.77980477
P33Q	P33Q	33	33	1.9745604	2.5254426	1.9248099	2.563578	2.136224	2.744588	2.409631	2.000407	2.329117	1.809972	10	2.241833	0.31629333	1.2398698	Binding_SOS	1.3497201	0.19042787	0.74647725
P33R	P33R	33	33	2.7273717	2.8453135	3.0173712	2.877535	2.3407178	2.4797034	2.7351797	3.0306194	2.0461617	2.7676628	10	2.6867633	0.31137693	1.2205976	Binding_SOS	1.6175953	0.1874679	0.7348742
P33S	P33S	33	33	2.0263412	2.172584	1.8480895	2.0570488	2.3067658	2.502992	2.2140257	2.1740222	1.8476268	2.3238635	10	2.147336	0.2084423	0.81709385	Binding_SOS	1.2928272	0.12549497	0.4919403
P33T	P33T	33	33	1.5289065	1.8229359	1.1799799	1.4013002	1.7769843	1.6928389	1.2749965	1.9165765	2.104299	1.227193	10	1.5926011	0.31783974	1.2459319	Binding_SOS	0.95884293	0.19135891	0.75012696
P33V	P33V	33	33	0.5389797	0.34237632	0.042615104	0.40738782	-0.021268433	0.21655618	0.22808935	-0.09711283	0.13158977	-0.16549306	10	0.162372	0.22739181	0.8913759	Binding_SOS	0.09775784	0.13690373	0.53666264
P33W	P33W	33	33	1.875294	1.8309834	1.1017878	1.4288813	1.9913794	1.959753	2.17665	1.6712253	1.5053141	1.694809	10	1.7236077	0.31481934	1.2340919	Binding_SOS	1.0377169	0.18954043	0.7429985
P33Y	P33Y	33	33	0.55013484	0.92114794	1.195755	1.0274001	1.0936617	1.1812885	1.5646349	1.3089143	1.2746273	1.1397891	10	1.1257355	0.26675272	1.0456706	Binding_SOS	0.67776144	0.1606014	0.62955755
Q128A	Q128A	128	128	0.1536207	-0.06760187	-0.09363954	0.05031174	-0.0993302	0.06701888	-0.22551647	0.072009526	-0.25195473	0.028673202	10	-0.036640875	0.13364457	0.5238867	Binding_SOS	-0.02206004	0.08046218	0.31541175
Q128C	Q128C	128	128	0.29366732	0.14716393	0.017592737	-0.0010057817	0.44857287	-0.052595664	-0.027943682	-0.106621705	-0.35994247	-0.09664452	10	0.0262243	0.2251821	0.88271385	Binding_SOS	0.015788628	0.13557336	0.5314476
Q128D	Q128D	128	128			-1.4618996	-0.83388966	-0.97037727	-0.04725263	-1.1725526	-1.277542	0.078947626		7	-0.81208086	0.6018424	2.3592222	Binding_SOS	-0.48892218	0.3623458	1.4203956
Q128E	Q128E	128	128	0.25241584	-0.12798613	-0.12970915	-0.08938849	-0.2156115	-0.13143636	-0.18357554	-0.22321485	0.06697785	0.036735613	10	-0.074479274	0.1500228	0.5880894	Binding_SOS	-0.044841066	0.090322874	0.3540657
Q128F	Q128F	128	128	-0.08318224	0.26188156	0.104030184	0.13928342	0.08121905	0.15658298	0.23400153	0.23024522	0.06576753	0.04047315	10	0.12303023	0.104990356	0.4115622	Binding_SOS	0.0740717	0.0632106	0.24778555
Q128G	Q128G	128	128	-0.21800742	-0.47389323	-0.4320554	-0.35894978	-0.19627649	-0.36487338	-0.18613014	-0.2742879	-0.32934508	-0.08969076	10	-0.29235095	0.12063534	0.47289053	Binding_SOS	-0.1760131	0.07262983	0.28470895
Q128H	Q128H	128	128	-0.13466035	-0.17199333	0.23592938	-0.12718874	-0.27843258	-0.039300583	0.14472814	0.069573216	-0.08025748	-0.07359085	10	-0.04551932	0.15475696	0.6066473	Binding_SOS	-0.027405405	0.09317313	0.3652387
Q128I	Q128I	128	128	-0.060437046	-0.23014982	-0.28707054	-0.19616391	-0.1091328	-0.16330437	0.03488096	0.11039858	0.25896728	0.16843556	10	-0.04735761	0.18333372	0.7186682	Binding_SOS	-0.028512169	0.11037808	0.43268207
Q128K	Q128K	128	128	-0.2962444	-0.012072321	-0.20389749	-0.27209303	-0.14604852	-0.08456893	0.029900918	-0.09006552	-0.039524984	-0.063248016	10	-0.11778623	0.10945816	0.42907602	Binding_SOS	-0.07091449	0.06590049	0.25832993
Q128L	Q128L	128	128	-0.11040683	-0.04699048	-0.14106399	-0.045474816	-0.10198266	-0.006960786	-0.09756047	-0.055555362	-0.12721914	-0.08745132	10	-0.08206659	0.042033505	0.16477135	Binding_SOS	-0.04940909	0.025306733	0.099202394
Q128M	Q128M	128	128	0.07284779	-0.018178996	0.11381418	-0.056025475	0.13517477	0.17546324	0.09557537	0.32384706	0.111077294	0.2593488	10	0.1212944	0.114152715	0.44747865	Binding_SOS	0.07302663	0.0687269	0.26940945
Q128N	Q128N	128	128	-0.3669142	-0.2160385	-0.30580792	0.032524876	-0.020906739	0.09135872	-0.5066388	-0.19721392	-0.74076474	-0.20124358	10	-0.2431645	0.25345972	0.9935621	Binding_SOS	-0.14639986	0.1525982	0.59818494
Q128P	Q128P	128	128	0.006858667	-0.29916245	-0.086564146	-0.02093074	-0.15340823	-0.24982968	-0.22450621	-0.29029578	-0.16889305	-0.026069412	10	-0.1512801	0.114720955	0.44970617	Binding_SOS	-0.091079846	0.06906901	0.27075052
Q128R	Q128R	128	128	-0.03501691	-0.16671783	-0.17471953	-0.087607004	-0.090049535	-0.10282097	-0.0807138	-0.0695363	-0.12750287	-0.15423797	10	-0.10889226	0.045613192	0.17880371	Binding_SOS	-0.06555978	0.027461924	0.10765074
Q128S	Q128S	128	128	-0.07166686	0.018073238	0.019682743	0.1117958	-0.0038923165	0.007419804	0.043489028	-0.0042517493	0.029719964	0.1472295	10	0.029759914	0.06149195	0.24104846	Binding_SOS	0.017917283	0.037021905	0.14512587
Q128T	Q128T	128	128	-0.3054532	-0.24267982	0.1162633	-0.11509385	-0.12953685	0.038401477	-0.3785324	-0.24153508	-0.039463207	-0.30785084	10	-0.16054805	0.1624165	0.6366727	Binding_SOS	-0.09665971	0.09778464	0.3833158
Q128V	Q128V	128	128	0.4079752	0.14525011	0.14448537	0.16577666	0.20021792	0.13611957	0.23088714	0.21758628	0.22524336	-0.1356458	10	0.17378958	0.13427743	0.52636755	Binding_SOS	0.10463192	0.0808432	0.31690535
Q128W	Q128W	128	128	0.05420441	0.042019103	0.10720001	0.070057295	-0.06902299	-0.068292364	-0.04945854	-0.03614146	-0.17687142	-0.01957008	10	-0.0145876035	0.084210366	0.33010465	Binding_SOS	-0.008782627	0.050699774	0.19874312
Q128Y	Q128Y	128	128	-0.06378811	0.051333964	0.10915177	0.09166545	-0.14264052	0.21668358	0.21321504	0.10346141	0.121614605	0.09064461	10	0.07913418	0.11098956	0.4350791	Binding_SOS	0.047643602	0.066822484	0.26194414
Q130A	Q130A	130	130	0.10757981	0.18290277	-0.049335252	-0.27409154	-0.024197055	-0.18089382	-0.11601424	-0.013243587	0.16142827	0.15583213	10	-0.005003251	0.15621288	0.6123545	Binding_SOS	-0.0030122623	0.09404968	0.36867476
Q130C	Q130C	130	130	0.1076767	-0.06973536	-0.23320858	-0.2565486	-0.3063628	-0.02385042	-0.04059252	-0.27013183	-0.33075887	-0.3205145	10	-0.17440267	0.1540832	0.6040062	Binding_SOS	-0.10500104	0.092767484	0.36364853
Q130D	Q130D	130	130	-0.21614875	-0.21355748	-0.30530024	-0.30653423	-0.29589257	-0.14534605	-0.16753775	-0.1709262	-0.060886487	-0.043507203	10	-0.19256368	0.09443009	0.37016594	Binding_SOS	-0.11593508	0.056852672	0.22286248
Q130E	Q130E	130	130	-0.01799365	0.24453007	-0.00032228004	-0.10246818	0.058452122	0.04063371	-0.03450996	-0.012071997	5.1820214e-05	-0.14735888	10	0.002894278	0.10469737	0.41041368	Binding_SOS	0.0017425318	0.0630342	0.24709406
Q130F	Q130F	130	130	-0.066211276	-0.19420391	-0.0797124	0.010172946	-0.14817543	-0.24720673	-0.24585414	0.023581626	-0.2866563	-0.03206496	10	-0.12663305	0.11326704	0.4440068	Binding_SOS	-0.076240815	0.06819367	0.26731917
Q130G	Q130G	130	130	-0.12013472	-0.13235627	-0.24455541	-0.31309155	-0.19805977	-0.15892032	-0.0084743295	0.010385414	0.021957928	-0.11510926	10	-0.12583584	0.11047018	0.43304312	Binding_SOS	-0.07576085	0.06650978	0.26071835
Q130H	Q130H	130	130	0.17360477	-0.018809022	0.2448761	0.027847614	0.3218234	0.07852029	-0.009112961	0.08403471	0.2958104	-0.00020102785	10	0.11983943	0.129958	0.50943536	Binding_SOS	0.07215064	0.078242645	0.30671117
Q130I	Q130I	130	130	0.008394656	-0.016245583	-0.009415631	0.18508957	0.20519327	0.25434932	0.23274888	0.016041756	-0.022235733	-0.048828963	10	0.08050915	0.12200633	0.4782648	Binding_SOS	0.048471417	0.073455244	0.28794456
Q130K	Q130K	130	130	-0.031897414	0.07914219	-0.111516036	-0.04246604	-0.1600786	0.05969989	-0.3368864	-0.04208196	0.017561436	-0.23517947	10	-0.08037024	0.13207604	0.5177381	Binding_SOS	-0.048387785	0.07951783	0.31170988
Q130L	Q130L	130	130	-0.06322321	-0.046432678	-0.10625288	-0.17561638	0.057123877	0.013018222	-0.04709918	-0.045625646	-0.18106994	0.09896497	10	-0.049621288	0.090660706	0.35538998	Binding_SOS	-0.02987504	0.054583274	0.21396644
Q130M	Q130M	130	130	0.18255284	0.18009141	-0.05535048	0.06407108	0.12563594	0.21274573	0.22647719	0.20458932	-0.07595499	-0.07549089	10	0.09893671	0.12503527	0.49013826	Binding_SOS	0.05956593	0.075278856	0.29509312
Q130N	Q130N	130	130	-0.039106887	-0.23216587	-0.16010787	-0.19929619	-0.04357518	0.097876534	-0.14018302	-0.2157972	0.23687664	0.09381337	10	-0.060166568	0.15888274	0.6228203	Binding_SOS	-0.03622394	0.095657095	0.37497583
Q130P	Q130P	130	130	-0.4164105	-0.1667788	-0.21245003	-0.19730662	-0.34748888	-0.43256438	0.24135007	0.055753887	-0.14630787	-0.44324842	10	-0.20654516	0.22255155	0.87240213	Binding_SOS	-0.12435278	0.1339896	0.5252392
Q130R	Q130R	130	130	-0.18586995	-0.33921292	-0.10238801	-0.30079412	-0.28416672	-0.13620004	-0.2814621	-0.2817829	-0.3936844	-0.23803255	10	-0.25435936	0.0901586	0.35342172	Binding_SOS	-0.15313984	0.054280974	0.21278143
Q130S	Q130S	130	130	-0.14572069	-0.4377652	-0.20355412	0.031016802	0.14358099	0.0087509835	0.11712965	0.051616997	-0.1668998	-0.021224353	10	-0.06230688	0.17695872	0.6936782	Binding_SOS	-0.03751254	0.10653994	0.41763657
Q130T	Q130T	130	130	-0.04284781	-0.26239425	-0.20022471	0.106142186	0.11434123	0.018482117	-0.059577916	-0.18227522	-0.07387878	-0.2108789	10	-0.07931121	0.13302355	0.5214523	Binding_SOS	-0.047750182	0.08008829	0.3139461
Q130V	Q130V	130	130	-0.0336472	0.13369794	0.066939965	0.087139964	-0.16603613	-0.025646314	0.009803838	0.24939059	0.021379972	0.042983253	10	0.038600586	0.11005238	0.43140534	Binding_SOS	0.023239907	0.066258244	0.25973234
Q130W	Q130W	130	130	0.027070206	-0.3672675	-0.1331612	0.15066488	-0.20226471	-0.30763558	-0.10400034	-0.0803024	0.070622504	-0.023294812	10	-0.096956894	0.1634316	0.6406519	Binding_SOS	-0.05837396	0.09839579	0.3857115
Q130Y	Q130Y	130	130	0.19934969	-0.29358792	-0.064347975	-0.11245005	-0.018274808	-0.11238798	0.2300628	-0.0745552	-0.046870325	0.0053826394	10	-0.028767917	0.152068	0.5961066	Binding_SOS	-0.01732004	0.09155421	0.3588925
Q149C	Q149C	149	149	0.34444228	0.20326053	0.06944468	0.121303506	-0.5278011	-0.40642458	0.16749354				7	-0.0040401644	0.32944074	1.2914077	Binding_SOS	-0.0024324253	0.19834341	0.7775062
Q149E	Q149E	149	149	0.2888426	0.44038022	0.94173604	-0.09144287	-0.078671	0.7435885				0.35570517	7	0.37144837	0.38566288	1.5117985	Binding_SOS	0.22363457	0.23219258	0.91019493
Q149H	Q149H	149	149	0.49390143	-0.0067293965	0.5853313	-0.07114442	0.39600176	0.30982843	0.094176486	0.15264204	-0.01153451	0.48003525	10	0.24225084	0.24045102	0.942568	Binding_SOS	0.14584978	0.14476618	0.5674834
Q149K	Q149K	149	149	0.73724496	0.47218618	0.043838933	0.43692365	0.4638499	0.4253263	0.23106521	0.17018907	0.60026836	0.63628393	10	0.42171764	0.21716617	0.8512914	Binding_SOS	0.25389972	0.13074727	0.5125293
Q149L	Q149L	149	149	-0.26327857	-0.4401279	-0.5255206	-0.42301226	-0.45183283	0.29563305	-0.113323286	-0.19436267	-0.21418765	-0.7655429	10	-0.3095556	0.28557858	1.1194681	Binding_SOS	-0.18637134	0.17193572	0.67398804
Q149N	Q149N	149	149	-0.012404833	-0.5662434	-0.57273966	-0.1341378	-0.14301907	0.026323728	-0.032364693	-0.17298491	-0.30234513	-0.34278476	10	-0.22527008	0.2161213	0.8471955	Binding_SOS	-0.13562632	0.1301182	0.51006335
Q149R	Q149R	149	149	0.0017406677	0.12723437	0.041983917	0.13827044	0.084623285	-0.008175088	-0.054383323	0.04305319	0.013662011	0.07364503	10	0.046165448	0.060927812	0.23883703	Binding_SOS	0.027794415	0.03668226	0.14379446
Q149S	Q149S	149	149	-0.34238794	-0.46125835	-0.34679165	0.2018294	-0.148217	-0.049136575	-0.09523605	-0.14798449	-0.10995606	-0.091337174	10	-0.15904759	0.18672968	0.7319804	Binding_SOS	-0.095756344	0.11242265	0.4406968
Q149V	Q149V	149	149	-0.24839605	0.015255971	-0.27100164	0.073414676	-0.47569677	-0.2707926	-0.31683728	-0.19226539	-0.1498383	-0.30498046	10	-0.21411379	0.16150346	0.6330936	Binding_SOS	-0.12890956	0.097234935	0.38116094
Q149W	Q149W	149	149	0.3214513	0.39347953				-0.02940341	-0.18266289	0.4406511	0.0824506	0.09987347	7	0.16083424	0.23175418	0.9084764	Binding_SOS	0.096832015	0.13953015	0.5469582
Q21A	Q21A	21	21	0.43422997	0.4542662	0.26905823	0.12574969	0.30406523	0.44274086	0.48679584	0.40197346	0.28305915	0.58753455	10	0.37894732	0.13310622	0.5217764	Binding_SOS	0.22814938	0.08013806	0.31414118
Q21C	Q21C	21	21	0.74253416	0.69056433	0.7733072	0.8705082	0.7588942	0.6712031	1.0630951	0.77112603	0.84191585	0.93095446	10	0.8114103	0.118742265	0.4654697	Binding_SOS	0.48851848	0.07149009	0.28024113
Q21D	Q21D	21	21	0.15996526	0.0021989113	-0.004595783	-0.16099156	-0.16075952	-0.1106478	0.006604591	0.090472825	-0.11556737	-0.03235523	10	-0.032567568	0.10627263	0.41658872	Binding_SOS	-0.019607661	0.063982606	0.25081182
Q21E	Q21E	21	21	0.60482496	0.68458414	0.54672176	0.59567624	0.6384553	0.65636206	0.7693687	0.60688376	0.7205195	0.8422817	10	0.6665678	0.08965136	0.35143334	Binding_SOS	0.40131447	0.053975586	0.2115843
Q21F	Q21F	21	21	1.0027443	1.4361615	0.90420127	0.62326384	1.1599909	1.2299095	0.7743964	1.0195203	0.64143395	1.0806566	10	0.9872278	0.2591716	1.0159527	Binding_SOS	0.5943713	0.1560371	0.6116655
Q21G	Q21G	21	21	0.40932548	0.46528667	0.4563902	0.46392342	0.3631766	0.40260547	0.5446466	0.45847717	0.50886154	0.6019903	10	0.46746832	0.0702784	0.27549133	Binding_SOS	0.28144443	0.04231188	0.16586258
Q21H	Q21H	21	21	-0.06699848	-0.32151482	-0.13173711	0.03598227	-0.12345378	-0.03017716	-0.16280687	0.06539956	-0.13895984	-0.008697391	10	-0.08829636	0.112973765	0.44285718	Binding_SOS	-0.053159792	0.068017095	0.266627
Q21I	Q21I	21	21	1.3498375	1.2977036	1.1418346	1.0437247	1.7024457	1.2175852	1.107657	1.6866947	1.0181413	1.0105158	10	1.257614	0.25684962	1.0068505	Binding_SOS	0.7571603	0.15463912	0.6061854
Q21K	Q21K	21	21	0.3912975	0.46073827	0.29040465	0.17947842	0.26360214	0.42808825	0.2691938	0.30736873	0.31532446	0.50707304	10	0.34125695	0.10198966	0.39979947	Binding_SOS	0.2054575	0.061403994	0.24070366
Q21L	Q21L	21	21	1.0363555	1.0890226	0.93849355	1.1003367	0.91734916	0.95292354	1.1140463	1.148362	1.1719062	1.0433304	10	1.0512125	0.08966879	0.35150164	Binding_SOS	0.63289404	0.053986076	0.21162543
Q21M	Q21M	21	21	0.4277192	0.42784813	0.14211744	0.49378553	0.41288444	0.49610987	0.5142234	0.25370377	0.3523584	0.51928055	10	0.40400305	0.12339324	0.4837015	Binding_SOS	0.24323447	0.07429025	0.2912178
Q21N	Q21N	21	21	0.09416832	0.09645262	-0.14572744	0.10484177	0.053686805	0.09402721	-0.016905041	-0.11606182	0.10278002	0.1407326	10	0.040799506	0.09977864	0.39113227	Binding_SOS	0.024563791	0.060072824	0.23548548
Q21P	Q21P	21	21	2.628344	2.6932464	2.610211	2.19125	2.5436697	2.524756	2.5062222	2.7239819	2.3092458	3.0882783	10	2.5819204	0.24252482	0.9506973	Binding_SOS	1.5544735	0.14601474	0.5723778
Q21R	Q21R	21	21	0.6411861	0.6954694	0.70341706	0.60836554	0.77363986	0.75383425	0.785166	0.7068537	0.6402062	0.7003594	10	0.7008497	0.058762737	0.23034993	Binding_SOS	0.42195427	0.03537875	0.1386847
Q21S	Q21S	21	21	0.25775617	0.2193003	0.07804923	0.13082598	0.13259692	0.13629517	0.1838095	0.19167666	0.19620106	0.29708597	10	0.18235971	0.0655121	0.25680742	Binding_SOS	0.109791666	0.03944228	0.15461373
Q21T	Q21T	21	21	0.35458466	0.3524138	0.03768558	0.12004167	-0.011623015	0.22407815	0.12640256	0.20944978	0.34600443	0.26882362	10	0.20278613	0.13195622	0.5172684	Binding_SOS	0.12208962	0.07944569	0.31142712
Q21V	Q21V	21	21	1.6862983	1.2197608	1.1532763	1.1511239	0.897619	1.3866918	1.3230474	1.5409087	1.1080381	1.3073697	10	1.2774134	0.2258694	0.8854081	Binding_SOS	0.76908076	0.13598715	0.5330696
Q21W	Q21W	21	21	0.837165	0.8469174	0.8270764	0.8444245	0.7932881	0.7588568	0.82519394	0.7608334	0.7689736	1.1658969	10	0.8428625	0.1186343	0.46504647	Binding_SOS	0.50745463	0.07142508	0.27998632
Q21Y	Q21Y	21	21	1.3224698	1.7087113	1.3771703	1.0531384	0.9167463	1.1100162	1.5026445	1.3377111	1.7031612	1.4281046	10	1.3459873	0.26198202	1.0269696	Binding_SOS	0.81036645	0.15772915	0.6182983
Q24A	Q24A	24	24	0.3678356	0.062026907	-0.027220685	0.2464057	0.21703835	0.22656144	0.18215004	0.17674035	0.16820252	0.28399765	10	0.1903738	0.11054591	0.43333998	Binding_SOS	0.11461663	0.06655538	0.2608971
Q24C	Q24C	24	24	0.3740249	-0.09153314	0.13316001	0.6344055	0.0038238312	0.254744	0.20979469	-0.3476209	0.47741473	-0.05361538	10	0.15945981	0.2934021	1.1501362	Binding_SOS	0.09600453	0.17664596	0.6924522
Q24D	Q24D	24	24	1.1249489	0.8927477	0.69926906	2.0215154	1.8502558	1.5606325	1.6482413	1.4802383	1.0795313	0.87144184	10	1.3228823	0.4508585	1.7673653	Binding_SOS	0.7964558	0.27144432	1.0640618
Q24E	Q24E	24	24	0.36283755	-0.009310928	0.17116363	0.029237403	-0.038240537	0.06922377	-0.07969341	0.53356135	0.3649143	0.2893912	10	0.16930842	0.2080168	0.8154259	Binding_SOS	0.10193399	0.12523879	0.49093607
Q24F	Q24F	24	24	0.10968497	-0.30621073	-0.14078511	0.097833596	0.076047696	0.17268376	0.6345105	-0.3982358	0.12080185	-0.45506534	10	-0.00887346	0.3253846	1.2755076	Binding_SOS	-0.005342364	0.19590136	0.76793337
Q24G	Q24G	24	24	0.073798604	0.24799256	0.05778818	0.12682398	0.1576884	0.19415067	0.14902338	0.17943284	-0.0033005173	0.22039086	10	0.1403789	0.078070655	0.30603698	Binding_SOS	0.08451666	0.047003295	0.18425292
Q24H	Q24H	24	24	-0.24220473	-0.14440145	-0.51011485	-0.18997926	-0.03718545	0.26889372	-0.11302001	0.05627223	0.15365064	0.096304156	10	-0.066178486	0.22473143	0.88094723	Binding_SOS	-0.039843485	0.13530202	0.53038394
Q24I	Q24I	24	24	1.3998214	1.1995426	0.9257779	0.6603259	1.7499535	1.0167645	1.0324757	1.4733282	1.113552	0.9172003	10	1.1488742	0.31736448	1.2440689	Binding_SOS	0.6916923	0.19107278	0.7490053
Q24K	Q24K	24	24	-0.19473915	-0.3205514	-0.61649483	-0.044315338	0.023847109	0.020629697	-0.15076095	-0.3462684	-0.3509655	-0.21678968	10	-0.21964085	0.19835007	0.7775323	Binding_SOS	-0.13223718	0.11941884	0.46812186
Q24L	Q24L	24	24	0.24604023	0.22441374	0.039525528	0.23476405	0.19461182	-0.012901364	0.41701272	0.15965648	0.1899552	0.3399063	10	0.20329848	0.12619224	0.4946736	Binding_SOS	0.12239808	0.075975426	0.29782367
Q24M	Q24M	24	24	-0.25864398	0.33542973	-0.069473825	0.24554594	-0.30891573	-0.065339625	-0.104301825	0.1292506	-0.28058702	-0.050500438	10	-0.04275362	0.21980108	0.86162025	Binding_SOS	-0.025740284	0.13233365	0.5187479
Q24N	Q24N	24	24	-0.19897874	0.14084773	0.5879397	0.29427147	0.3383295	-0.014796367	-0.17007768	0.324081	0.20415796	0.58834636	10	0.2094121	0.2768148	1.085114	Binding_SOS	0.12607886	0.16665938	0.6533048
Q24P	Q24P	24	24	1.3715599	0.42761263	0.618168	0.71112186	1.5811068	1.459934	1.1693356	1.8660512	0.87175125	0.96085995	10	1.10375	0.46346673	1.8167896	Binding_SOS	0.6645248	0.27903524	1.0938182
Q24R	Q24R	24	24	-0.23191501	-0.19392964	-0.22847253	-0.24139069	-0.3953908	-0.013323341	-0.22790127	-0.09254942	-0.20459211	-0.017331306	10	-0.18467961	0.115456074	0.4525878	Binding_SOS	-0.11118839	0.0695116	0.27248546
Q24S	Q24S	24	24	0.2820249	-0.0006660353	0.4251959	0.22738166	0.12326784	-0.03626141	-0.024977226	-0.012391728	0.042983394	-0.07606119	10	0.09504961	0.16553225	0.64888644	Binding_SOS	0.057225663	0.09966051	0.3906692
Q24T	Q24T	24	24	-0.30002198	-0.52129716	-0.7298215	-0.19924003	-0.38691136	-0.2747076	-0.5043619	-0.03143565	-0.07912161	-0.5526907	10	-0.35796097	0.2223612	0.87165594	Binding_SOS	-0.21551433	0.133875	0.52479
Q24V	Q24V	24	24	0.694027	0.7727188	0.43325326	0.5513642	0.5463668	0.76293933	0.8558278	0.8560623	0.8933365	0.76599723	10	0.71318936	0.15447669	0.6055486	Binding_SOS	0.4293835	0.09300438	0.36457717
Q24W	Q24W	24	24	0.4016876	0.4564611	0.80639744	0.37931222	0.13931473	0.61635053	0.91395503	0.62475836	0.41345292	0.6101368	10	0.53618276	0.22536126	0.8834162	Binding_SOS	0.3228147	0.13568121	0.53187037
Q24Y	Q24Y	24	24	0.08298326	-0.13769734	0.78546995	0.7024203	0.21167126	0.697519	0.23516393	0.7374658	0.20983885	0.4076983	10	0.39325336	0.3215359	1.2604207	Binding_SOS	0.2367625	0.1935842	0.7588501
Q42A	Q42A	42	42	1.5010779	1.4100951	1.4370015	1.2881685	1.5316834	1.6224139	1.5859491	1.6392804	1.4442161	1.5971398	10	1.5057026	0.111516565	0.43714494	Binding_SOS	0.9065248	0.067139775	0.26318792
Q42C	Q42C	42	42	1.2457659	1.2113931	1.1378882	0.9885954	1.2341124	1.2080635	1.373913	1.164449	1.2500341	1.3695935	10	1.2183808	0.11125507	0.43611988	Binding_SOS	0.7335395	0.06698234	0.26257077
Q42D	Q42D	42	42	1.4584684	1.5716313	1.5219722	1.7922834	1.6216949	1.8781668	1.4115652	1.8007643	1.6824398	1.505641	10	1.6244628	0.15891099	0.62293106	Binding_SOS	0.9780257	0.095674105	0.3750425
Q42E	Q42E	42	42	1.1848029	1.2846793	1.0689981	1.1090924	1.0635351	1.0942663	1.0898206	1.086737	0.8504032	1.088716	10	1.0921052	0.108416095	0.4249911	Binding_SOS	0.6575139	0.0652731	0.25587055
Q42F	Q42F	42	42	0.91677797	0.62589306	0.5607922	1.0101942	0.9085054	0.9720763	0.7844729	0.66824514	1.0343697	0.592388	10	0.8073715	0.18312865	0.71786433	Binding_SOS	0.48608688	0.110254616	0.4321981
Q42G	Q42G	42	42	1.4584098	1.5427582	1.232726	1.3707403	1.1690092	1.4151392	1.4545506	1.3447917	1.461872	1.2942159	10	1.3744214	0.115812935	0.4539867	Binding_SOS	0.82748544	0.069726445	0.27332768
Q42H	Q42H	42	42	0.5834284	0.46357566	0.52268356	0.6860129	0.5542786	0.72933495	0.7178314	0.7684597	0.6102297	0.3814604	10	0.6017295	0.12524529	0.49096155	Binding_SOS	0.36227787	0.0754053	0.2955888
Q42I	Q42I	42	42	1.3240473	1.3205044	1.2886221	1.3265587	1.2536395	1.5221075	1.7103608	1.6980864	1.2314326	0.9817027	10	1.3657062	0.22186705	0.86971885	Binding_SOS	0.8222384	0.1335775	0.52362376
Q42K	Q42K	42	42	0.65534765	0.8366278	0.84385324	0.5355736	0.5642035	0.7134364	0.47980362	0.6124427	0.66516316	0.500455	10	0.6406906	0.12867728	0.5044149	Binding_SOS	0.38573483	0.07747157	0.30368856
Q42L	Q42L	42	42	1.2387671	1.4793175	1.3468153	1.1798205	1.1857643	1.276152	1.3155138	1.3450185	1.4659668	1.2678664	10	1.3101003	0.10327003	0.40481853	Binding_SOS	0.78876024	0.062174857	0.24372545
Q42M	Q42M	42	42	0.9794968	0.9400922	0.7497049	0.77923083	1.020501	0.9231835	1.0610242	0.8885708	1.0537946	0.8246761	10	0.9220276	0.1109017	0.43473467	Binding_SOS	0.55511683	0.066769585	0.26173678
Q42N	Q42N	42	42	0.5015871	0.52699745	0.612881	0.9944909	0.44138065	0.51925755	0.5019847	0.48674607	0.6894118	0.50818485	10	0.5782922	0.16214828	0.63562125	Binding_SOS	0.34816715	0.097623155	0.38268277
Q42P	Q42P	42	42	0.7053769	0.74215174	0.79980624	0.85016716	0.72641796	0.89133453	0.8364887	0.69097185	0.8717143	0.9291642	10	0.8043593	0.08394965	0.32908264	Binding_SOS	0.48427334	0.050542805	0.1981278
Q42R	Q42R	42	42	0.47674155	0.5229444	0.48158664	0.41044378	0.31329468	0.51945484	0.40267825	0.47010368	0.45658773	0.48761436	10	0.45414495	0.06328126	0.24806255	Binding_SOS	0.27342296	0.038099177	0.14934878
Q42S	Q42S	42	42	0.9535316	0.8685097	0.93987256	1.0811157	0.9595735	1.1720595	1.0566306	0.9227046	1.0663835	1.0653281	10	1.0085709	0.09309755	0.3649424	Binding_SOS	0.6072212	0.056050405	0.21971759
Q42T	Q42T	42	42	1.1800462	0.9580751	1.0362563	1.1509416	0.98979783	1.2033926	1.041602	0.96679324	1.0674951	1.0148748	10	1.0609275	0.08833871	0.34628776	Binding_SOS	0.63874304	0.05318529	0.20848635
Q42V	Q42V	42	42	0.99424225	0.7100238	0.9802502	0.9000029	0.8805719	0.9638134	0.9081443	0.91451365	0.8171926	0.97766316	10	0.9046418	0.08744039	0.3427663	Binding_SOS	0.54464954	0.052644443	0.20636623
Q42W	Q42W	42	42	0.8727338	0.99855787	1.0009035	0.95839703	1.146818	0.90562034	1.1640844	0.9987253	1.1882277	0.9785728	10	1.0212641	0.10887605	0.4267941	Binding_SOS	0.6148632	0.06555002	0.2569561
Q42Y	Q42Y	42	42	0.3771901	0.51829505	0.26393986	0.6166917	0.6006491	0.29142055	0.57585996	0.47053748	0.35686165	0.6601224	10	0.47315678	0.14296034	0.56040454	Binding_SOS	0.28486922	0.08607084	0.33739772
Q60A	Q60A	60	60	-0.31457785	-0.2707242	-0.33207652	-0.058630556	-0.24055563	-0.17428344	-0.15530561	-0.26101023	-0.23711112	-0.24818596	10	-0.22924611	0.08078176	0.3166645	Binding_SOS	-0.13802014	0.048635542	0.19065133
Q60C	Q60C	60	60	-0.5920488	-0.33644038	-0.3797136	-0.6715125	-0.5174418	-0.84167415	-0.3851671	-0.6110038	-0.7702997	-0.699361	10	-0.5804663	0.17311604	0.6786149	Binding_SOS	-0.3494761	0.10422641	0.40856755
Q60D	Q60D	60	60	-0.9210515	-1.0771399	-1.1135335	-1.3005319	-1.0795506	-0.8527669	-1.0410389	-1.123011	-1.1226299	-1.0125678	10	-1.0643822	0.12200176	0.4782469	Binding_SOS	-0.640823	0.073452495	0.2879338
Q60E	Q60E	60	60	-0.62793434	-0.77913344	-0.6568405	-0.7856112	-0.7475877	-0.5755766	-0.70160234	-0.7726364	-0.69561166	-0.8001339	10	-0.7142667	0.075779356	0.2970551	Binding_SOS	-0.4300321	0.045623794	0.17884527
Q60F	Q60F	60	60	-0.7295732	-0.8314188	-1.0175331	-0.8946436	-0.7443536	-0.7559946	-0.8734905	-0.712205	-0.9260014	-0.8590513	10	-0.8344266	0.09881436	0.3873523	Binding_SOS	-0.50237566	0.05949227	0.23320971
Q60G	Q60G	60	60	-1.0841843	-1.0368826	-1.1962577	-1.0793197	-0.88296604	-0.93032783	-0.9887274	-1.019019	-1.0834761	-1.1036608	10	-1.0404822	0.09044443	0.35454217	Binding_SOS	-0.62643373	0.054453064	0.21345602
Q60H	Q60H	60	60	0.038354956	-0.057304204	-0.17552036	-0.5398881	-0.51260185	-0.73717433	0.09399171	-0.07389662	-0.070077814	-0.12293582	10	-0.21570523	0.27933648	1.0949991	Binding_SOS	-0.1298677	0.16817759	0.65925616
Q60I	Q60I	60	60	-0.16349265	-0.30206484	-0.32024533	-0.2867764	-0.28827536	-0.28713265	-0.11492482	-0.3773714	-0.1950192	-0.23970643	10	-0.25750092	0.07913421	0.31020612	Binding_SOS	-0.15503125	0.04764362	0.186763
Q60K	Q60K	60	60	1.3835555	1.5188891	1.6001283	1.5180025	1.6365457	1.6175262	1.6816088	1.4277874	1.157824	1.3995532	10	1.4941422	0.15696786	0.61531407	Binding_SOS	0.8995647	0.09450422	0.37045655
Q60L	Q60L	60	60	-0.33463883	-0.31509703	-0.30384827	-0.32308188	-0.34831315	-0.33051345	-0.3272839	-0.3276059	-0.3157211	-0.31874162	10	-0.3244845	0.01225002	0.04802008	Binding_SOS	-0.19535945	0.007375259	0.028911015
Q60M	Q60M	60	60	-0.51273406	-0.33428717	-0.516743	-0.29110193	-0.43404463	-0.28416267	-0.2860963	-0.53256	-0.30983502	-0.2803028	10	-0.37818676	0.10818572	0.42408803	Binding_SOS	-0.22769149	0.0651344	0.25532684
Q60N	Q60N	60	60	0.6695111	0.34878367	0.7253355	0.6286705	0.7639137	0.61960137	0.6281164	0.67024	0.65241915	0.57576144	10	0.6282353	0.11195807	0.43887565	Binding_SOS	0.37823594	0.06740559	0.26422992
Q60P	Q60P	60	60	0.22251335	0.18829258	0.3037721	0.27541494	0.12619458	0.24193616	0.19540115	0.2885451	0.28214335	0.38305375	10	0.2507267	0.072027355	0.28234723	Binding_SOS	0.15095276	0.04336486	0.16999026
Q60R	Q60R	60	60	1.802362	1.6546156	1.6541705	1.7197309	1.6267056	1.850486	1.7479535	1.7667844	1.5651087	1.6185082	10	1.7006426	0.09106629	0.35697988	Binding_SOS	1.0238905	0.054827463	0.21492366
Q60S	Q60S	60	60	-0.161979	-0.15587313	-0.21017522	-0.26397488	-0.40783513	-0.20288925	-0.3170384	-0.22628792	-0.13830698	-0.12884791	10	-0.22132078	0.08787922	0.34448653	Binding_SOS	-0.1332486	0.052908648	0.2074019
Q60T	Q60T	60	60	-0.213231	-0.09037797	-0.044680327	-0.46585912	-0.10677164	0.08586779	-0.08342968	-0.07877955	-0.07680611	-0.055491976	10	-0.11295594	0.14375323	0.5635127	Binding_SOS	-0.06800637	0.08654821	0.33926898
Q60V	Q60V	60	60	-0.28556347	-0.28071138	-0.30820745	-0.18300043	-0.25879765	-0.45427674	-0.21359654	-0.2209195	-0.32127854	-0.3285711	10	-0.28549227	0.07653561	0.3000196	Binding_SOS	-0.17188376	0.046079107	0.1806301
Q60W	Q60W	60	60	-0.83412254	-0.89618194	-1.1007895	-0.625227	-0.8733007	-0.911567	-0.8635328	-0.7718866	-0.9890339	-0.9544549	10	-0.8820097	0.12754802	0.49998826	Binding_SOS	-0.5310236	0.07679169	0.30102342
Q60Y	Q60Y	60	60	-0.45120388	-0.058648683	-0.43932042	-0.33553523	-0.49859175	-0.40539613	-0.2324291	-0.35337692	-0.36569524	-0.3544324	10	-0.349463	0.12585744	0.49336118	Binding_SOS	-0.21039802	0.07577386	0.29703352
Q69A	Q69A	69	69	2.1646352	2.158669	2.1717942	2.142547	2.2092788	1.9429586	2.4990137	2.392306	1.8162926	2.1304026	10	2.1627896	0.1937443	0.7594777	Binding_SOS	1.3021312	0.11664588	0.45725185
Q69C	Q69C	69	69	1.6821043	1.9504943	1.4805713	1.4977925	1.8290135	1.7902201	1.424287	1.982123	1.9088316	1.630436	10	1.7175872	0.20490007	0.8032083	Binding_SOS	1.0340922	0.12336233	0.48358035
Q69D	Q69D	69	69	1.3831341	1.6637793	0.95006967	1.4590852	1.3879447	1.4323162	1.1422268	1.3502177	0.9099714	1.5624017	10	1.3241147	0.2482883	0.97329015	Binding_SOS	0.79719776	0.1494847	0.58598
Q69E	Q69E	69	69	1.4697217	1.5738646	0.87455016	1.1988469	0.6050246	1.0752499	1.0875379	1.133992	1.1611584	1.310462	10	1.1490408	0.2774384	1.0875585	Binding_SOS	0.6917926	0.16703483	0.6547766
Q69F	Q69F	69	69	0.8901994	1.0516719	1.005446	0.79596573	1.0096256	0.8019348	1.1137955	0.8063291	1.0958419	1.013988	10	0.9584799	0.12396602	0.48594683	Binding_SOS	0.5770633	0.0746351	0.2925696
Q69G	Q69G	69	69	1.4341532	1.5762832	1.5339905	1.6078033	1.5368083	1.8486475	1.80649	1.3765692	1.6263632	1.5788999	10	1.5926008	0.14585257	0.57174206	Binding_SOS	0.9588428	0.08781214	0.3442236
Q69H	Q69H	69	69	0.79076296	0.7648571	0.20667392	0.3671704	0.27634972	0.55272126	0.53622943	0.62742925	0.4837679	0.21112777	10	0.481709	0.21320076	0.835747	Binding_SOS	0.2900182	0.12835985	0.5031706
Q69I	Q69I	69	69	2.591499	2.4739873	2.4997287	2.2287314	2.4644046	2.5533435	2.3061051	2.1559842	2.0323007	2.4244463	10	2.373053	0.18438666	0.7227957	Binding_SOS	1.4287226	0.11101201	0.4351671
Q69K	Q69K	69	69	0.6682412	0.7788706	0.43427846	0.53939897	0.61228716	0.42483217	0.18406336	0.39800265	0.33346048	-0.104023516	10	0.42694116	0.25377753	0.99480796	Binding_SOS	0.2570446	0.15278955	0.59893507
Q69L	Q69L	69	69	1.5825474	1.9795423	1.4866709	1.6574464	1.6943475	2.045324	1.9341835	1.9612571	1.9535279	1.6184057	10	1.7913253	0.20253064	0.7939201	Binding_SOS	1.078487	0.12193579	0.4779883
Q69M	Q69M	69	69	1.405256	1.087587	1.54341	1.3168837	1.8274708	1.7772672	1.2454711	1.5136344	1.6728945	1.2670617	10	1.4656937	0.24402766	0.95658845	Binding_SOS	0.882437	0.14691953	0.5759246
Q69N	Q69N	69	69	1.9235537	2.5361164	1.4251153	1.8830694	1.5269028	1.6880428	2.5038288	1.801876	2.263612	1.9327583	10	1.9484875	0.37993306	1.4893376	Binding_SOS	1.1731083	0.22874287	0.89667207
Q69P	Q69P	69	69	1.2646745	1.3126941	1.3755803	1.3079983	1.3392193	1.3456284	1.6652533	1.3852324	1.4029559	1.2695738	10	1.3668811	0.114637084	0.4493774	Binding_SOS	0.8229458	0.06901851	0.27055258
Q69R	Q69R	69	69	2.1424549	2.8142402	2.1524289	2.3678179	2.227856	2.2465093	2.214792	2.410549	2.2547393	2.2237232	10	2.305511	0.19741395	0.7738627	Binding_SOS	1.3880582	0.11885524	0.46591255
Q69S	Q69S	69	69	1.4896792	1.3709213	1.3429675	1.5106533	1.3732108	1.1798109	1.2592124	1.4017378	1.4838741	1.5904844	10	1.4002552	0.123256005	0.48316354	Binding_SOS	0.84303904	0.074207634	0.29089394
Q69T	Q69T	69	69	2.547916	2.2502131	2.1913805	2.1953328	2.3304293	2.3306253	2.1702464	2.3797612	2.3332598	2.2564776	10	2.2985642	0.112909	0.4426033	Binding_SOS	1.3838758	0.0679781	0.26647416
Q69V	Q69V	69	69	2.443055	2.2883692	2.0487385	2.432637	2.4641504	2.1889515	2.4281662	2.8268328	2.7962906	2.1758902	10	2.4093082	0.25315922	0.9923842	Binding_SOS	1.4505504	0.15241729	0.59747577
Q69W	Q69W	69	69	0.014567406	0.16773354	0.118724145	0.3474823	0.117523946	-0.016394544	0.23205747	0.14603405	0.42217648	0.25467917	10	0.1804584	0.13739057	0.53857106	Binding_SOS	0.10864696	0.0827175	0.3242526
Q69Y	Q69Y	69	69	1.5444447	2.0440319	1.8345137	1.3151544	1.291713	2.3078165	2.4770796	1.938771	1.7423699	1.6874915	10	1.8183388	0.38982478	1.5281131	Binding_SOS	1.0947508	0.23469828	0.9200173
Q98F	Q98F	98	98	-0.19992168	-0.31347582	-0.31815147	-0.07119381	-0.3042122	-0.2922173	-0.43955457	-1.0599319	-0.61528367	-0.35582283	10	-0.39697653	0.2725201	1.0682788	Binding_SOS	-0.23900408	0.16407372	0.643169
Q98H	Q98H	98	98	0.1748862	0.11659672	-0.6031937	0.13628434	-0.18004169	-0.19008344	-0.0876926	-0.017665332	0.29737225	0.1815409	10	-0.017199632	0.26279986	1.0301754	Binding_SOS	-0.010355227	0.15822154	0.62022847
Q98L	Q98L	98	98	-0.14496773	-0.08891064	-0.32331675	-0.30608118	-0.22167504	-0.2633615	0.036846187	-0.00029751673	-0.24096455	-0.15962103	10	-0.17123498	0.1235249	0.4842176	Binding_SOS	-0.1030939	0.07436952	0.29152852
Q98R	Q98R	98	98	0.24167417	0.9558876	0.43599957	0.4248252	0.35648975	-0.07386551	0.08668303	0.49300468	0.42777672	0.46118632	10	0.3809662	0.27287397	1.069666	Binding_SOS	0.22936487	0.16428676	0.6440041
Q98S	Q98S	98	98	0.3417167	-0.118279144	0.48394558	0.26370785	0.23810902	0.45785162	0.71416885				7	0.34017438	0.25846872	1.0131974	Binding_SOS	0.20480572	0.15561393	0.61000663
Q98V	Q98V	98	98	-0.59801143	-0.15661953	-0.68784	-0.38714582	-0.6271204	-0.67014915	-0.43298495	0.8417383	0.24725267	0.3465547	10	-0.21243255	0.5242444	2.0550382	Binding_SOS	-0.12789735	0.3156271	1.2372582
R101A	R101A	101	101	0.7201635	0.9872366	0.5584908	0.4714633	0.53678197	0.723791	0.17841771	0.6390294	0.7935128	0.62022537	10	0.6229113	0.21442918	0.8405624	Binding_SOS	0.37503058	0.12909944	0.50606984
R101C	R101C	101	101	0.34063303	-0.10132217	0.064970285	0.47184852	0.14469622	0.18361923	0.13387316	0.27183396	0.6510388	0.024766492	10	0.21859574	0.22267361	0.8728806	Binding_SOS	0.13160796	0.1340631	0.52552736
R101F	R101F	101	101	0.17953594	0.3502797	-0.06862987	0.1880555	0.48859173	0.62468374	0.30113095	0.9646776	0.6694963	0.4580358	10	0.41558576	0.2936637	1.1511618	Binding_SOS	0.25020796	0.17680345	0.6930696
R101G	R101G	101	101	0.39322755	0.2831198	0.34209597	0.32077006	0.119250804	0.1300062	0.25112495	0.373155	0.39480364	0.22668943	10	0.28342432	0.1011616	0.3965535	Binding_SOS	0.17063873	0.06090545	0.23874937
R101H	R101H	101	101	0.16479419	-0.31996676	0.012691102	-0.24238919	0.53419524	-0.37702143	-0.010141652	-0.53122675	0.6386394	0.28947598	10	0.015905011	0.39262518	1.5390908	Binding_SOS	0.009575787	0.2363843	0.9266265
R101I	R101I	101	101	0.0934797	0.09668159	0.20839278	0.04555082	0.20622905	0.56173503	0.15044963	0.3488274	0.1763621	0.26275447	10	0.21504626	0.1504346	0.5897036	Binding_SOS	0.12947096	0.0905708	0.35503754
R101L	R101L	101	101	0.4825787	0.34350508	0.45976147	0.3505585	-0.0026581723	0.31846198	0.09912425	0.1445799	0.13762967	0.19609101	10	0.25296324	0.1615183	0.63315177	Binding_SOS	0.1522993	0.09724387	0.38119596
R101P	R101P	101	101			0.5756908	0.5857492	0.49935874	-0.26494214	-0.9982801	0.37303424	-0.26355386		7	0.0724367	0.6003505	2.353374	Binding_SOS	0.04361131	0.3614476	1.4168746
R101S	R101S	101	101	0.30373737	0.11623378	-0.082762815	0.40399447	0.33773214	0.26788875	0.16910177	0.3234722	0.06447233	0.07857754	10	0.19824475	0.15355283	0.6019271	Binding_SOS	0.119355425	0.09244817	0.36239684
R101V	R101V	101	101	0.16552405	0.24552006	-0.07185725	-0.024943482	0.1619708	0.028478852	0.034464873	0.09660864	0.09206953	0.26727954	10	0.09951155	0.11151494	0.4371386	Binding_SOS	0.05991202	0.06713879	0.26318407
R101Y	R101Y	101	101	0.9023602	0.90756375	0.27306858	0.5257842	0.70679605	0.6157257	0.40163934	0.64611584	0.7973487	0.4684197	10	0.62448215	0.21129276	0.82826763	Binding_SOS	0.37597632	0.12721112	0.49866763
R122A	R122A	122	122	-0.2975936	-0.30323565	-0.08167011	-0.23547356	-0.20788777	-0.09062382	-0.24344121	-0.24171342	-0.28525695	-0.2457478	10	-0.22326441	0.078205034	0.30656374	Binding_SOS	-0.13441879	0.047084197	0.18457006
R122C	R122C	122	122	-0.29941526	-0.3781044	-0.31833762	-0.26236597	-0.16692162	-0.3053952	-0.13835286	-0.1631266	-0.275019	-0.41669205	10	-0.27237305	0.09253523	0.3627381	Binding_SOS	-0.16398518	0.05571185	0.21839046
R122D	R122D	122	122	-0.3728087	-0.25319064	-0.24376808	-0.08442391	-0.29981276	-0.22052415	-0.2852049	-0.2646431	-0.36999092	-0.36732474	10	-0.2761692	0.08734671	0.34239912	Binding_SOS	-0.1662707	0.052588046	0.20614514
R122E	R122E	122	122	-0.20029175	-0.008762434	-0.18694957	-0.29775783	-0.14411819	-0.22114575	-0.015102789	-0.063608564	-0.17021254	-0.36255926	10	-0.16705087	0.11504331	0.4509698	Binding_SOS	-0.10057481	0.069263086	0.2715113
R122F	R122F	122	122	-0.004069217	0.04999689	-0.083105564	0.029774223	-0.12031958	-0.0072278446	-0.050960246	-0.042250425	0.17721087	0.15740891	10	0.010645801	0.09676334	0.3793123	Binding_SOS	0.0064094216	0.05825743	0.22836913
R122G	R122G	122	122	-0.31901398	-0.39758885	-0.26680884	-0.22977184	-0.27032766	-0.30007815	-0.25698498	-0.27209422	-0.24315359	-0.20593928	10	-0.27617612	0.053573847	0.21000949	Binding_SOS	-0.16627486	0.032254722	0.12643851
R122H	R122H	122	122	-0.12528937	-0.18657418	-0.21179838	-0.11806195	-0.28940687	-0.13070403	0.036674052	-0.057288505	0.061153427	-0.2931316	10	-0.13144274	0.120952375	0.4741333	Binding_SOS	-0.07913654	0.07282071	0.2854572
R122I	R122I	122	122	-0.09759657	-0.024541667	-0.16555892	-0.1893742	-0.039120235	-0.036650393	0.013768369	-0.37249872	-0.31727156	-0.17676602	10	-0.140561	0.12890641	0.50531316	Binding_SOS	-0.084626295	0.077609524	0.30422935
R122K	R122K	122	122	-0.12630777	-0.15380357	-0.20961228	-0.027500607	-0.22709666	-0.17384999	-0.26281273	-0.24241325	-0.13387719	0.018224431	10	-0.15390494	0.091482885	0.35861292	Binding_SOS	-0.09266016	0.055078276	0.21590684
R122L	R122L	122	122	-0.20352948	-0.206495	-0.01011323	-0.06783853	-0.046938505	-0.014633046	-0.16668499	-0.2114584	-0.17805395	-0.053731978	10	-0.1159477	0.08421948	0.33014035	Binding_SOS	-0.06980759	0.05070526	0.19876462
R122M	R122M	122	122	-0.48523948	-0.2867928	-0.48286626	-0.30447358	-0.35451457	-0.44339812	-0.47737598	-0.3487928	-0.29446876	-0.47809815	10	-0.39560205	0.08542576	0.33486897	Binding_SOS	-0.23817655	0.051431514	0.20161153
R122N	R122N	122	122	-0.1546087	-0.3799143	-0.25089923	-0.14169523	-0.20736714	-0.27179155	-0.24954675	-0.32291153	-0.21300778	-0.27038342	10	-0.24621256	0.072232	0.28314945	Binding_SOS	-0.14823498	0.04348807	0.17047323
R122P	R122P	122	122	-0.114692524	-0.080649875	-0.16669804	-0.1157107	-0.18161151	-0.07164012	-0.086891726	0.03369122	-0.1924502	-0.00013906338	10	-0.09767925	0.07398275	0.2900124	Binding_SOS	-0.058808863	0.044542126	0.17460515
R122Q	R122Q	122	122	-0.3957132	-0.34082362	-0.31340265	-0.22691636	-0.5777579	-0.27544615	-0.27559224	-0.21427569	-0.043020498	-0.15596148	10	-0.281891	0.14358558	0.5628555	Binding_SOS	-0.16971557	0.086447276	0.33887333
R122S	R122S	122	122	-0.2448703	-0.27244055	-0.34781864	-0.20390405	-0.19668402	-0.21147943	-0.32213354	-0.38274455	-0.21449077	-0.31861404	10	-0.271518	0.067257844	0.26365075	Binding_SOS	-0.16347039	0.040493324	0.15873383
R122T	R122T	122	122	-0.06873294	-0.2255638	-0.11656942	0.048613947	-0.26222768	-0.17243685	-0.24872306	-0.2811844	-0.21811762	-0.2039161	10	-0.17488578	0.10235413	0.4012282	Binding_SOS	-0.1052919	0.061623428	0.24156384
R122V	R122V	122	122	-0.0527753	-0.07463813	-0.09691714	0.09595266	-0.13172945	-0.20738095	-0.08919563	-0.07025847	-0.034801256	-0.10843177	10	-0.07701754	0.07735855	0.3032455	Binding_SOS	-0.046369255	0.046574567	0.1825723
R122W	R122W	122	122	0.09678574	0.05202602	0.03070633	0.23011066	-0.06024065	0.09437469	0.015713207	0.22917242	-0.05819521	0.05085195	10	0.06813051	0.10045747	0.39379328	Binding_SOS	0.04101872	0.060481522	0.23708758
R122Y	R122Y	122	122	-0.01810717	-0.35635862	-0.22891188	0.07867211	-0.080173664	-0.10132759	-0.08318632	0.04538802	-0.041038465	-0.16003914	10	-0.09450827	0.12891124	0.50533205	Binding_SOS	-0.05689974	0.07761243	0.30424073
R134A	R134A	134	134	-0.71766347	-0.92623097	0.5082069	-0.15417576	0.01732987	-0.02798157	-0.33145273	-0.334781	0.66188776	-1.0329337	10	-0.23377948	0.5614001	2.2006886	Binding_SOS	-0.1407495	0.3379971	1.3249487
R134C	R134C	134	134	-0.40558106	0.30785748	0.07481714	0.11747935	-0.041652005	0.13215621	0.17800267	0.33314025	0.46983695	0.50430256	10	0.16703597	0.26595667	1.0425502	Binding_SOS	0.100565836	0.16012213	0.62767875
R134D	R134D	134	134		0.047575966	-0.14240696	-0.3635413	-0.10526813	-0.3093966	-0.3905105	-0.3093402	0.014108867		8	-0.19484735	0.1716217	0.672757	Binding_SOS	-0.11730998	0.10332672	0.40504077
R134E	R134E	134	134	-0.37053147	-0.13825156	-0.2015092	-0.5763766				-0.32581463	-0.06413107	0.11080743	7	-0.22368671	0.22417219	0.878755	Binding_SOS	-0.13467304	0.13496533	0.5290641
R134F	R134F	134	134	-0.16402766	-0.026187716	0.23202655	0.30166999	-0.22846363	-0.5493087	-0.18846223	-0.5028955	-0.34235337	-0.31742373	10	-0.17854258	0.28165752	1.1040975	Binding_SOS	-0.10749352	0.169575	0.664734
R134G	R134G	134	134	0.3868677	0.06716332	-0.13092418	-0.054978013	-0.04566669	0.089624055	0.043785553	0.025586499	-0.008156016	-0.12677976	10	0.024652246	0.14798397	0.58009714	Binding_SOS	0.014842155	0.08909537	0.34925386
R134H	R134H	134	134	0.08426379	-0.049122788	-0.38079327	0.043888263	0.027459677	0.34616426	0.014940809	0.031134786	-0.09212235	0.24786356	10	0.027367676	0.19455147	0.7626418	Binding_SOS	0.01647701	0.117131844	0.45915684
R134I	R134I	134	134	0.23088455	0.07293249	0.2932226	0.20184374	-0.13307573	0.505468	0.3208436	0.34172365	0.41399983	0.16677232	10	0.24146152	0.1808751	0.7090304	Binding_SOS	0.14537455	0.108897835	0.42687953
R134K	R134K	134	134	-0.09231012	-0.3112876	-0.04843002	-0.33192325	-0.38349736	-0.05091966	-0.28524223	-0.02932373	-0.42881492	-0.1333887	10	-0.20951375	0.15367365	0.6024007	Binding_SOS	-0.12614006	0.09252091	0.36268196
R134L	R134L	134	134	-0.011901693	-0.13780122	-0.030520763	0.18733548	-0.08332977	0.108414926	-0.1337251	-0.04697283	-0.09027415	-0.13785	10	-0.037662514	0.10899073	0.42724368	Binding_SOS	-0.022675129	0.06561907	0.25722674
R134M	R134M	134	134	0.016164185	0.4671591	0.48380387	0.5247535	-0.4959376	0.119996354	0.01804123	-0.380462	-0.5878205	0.10635046	10	0.027204867	0.4059014	1.5911335	Binding_SOS	0.01637899	0.24437739	0.9579594
R134N	R134N	134	134	-0.2230455	-0.35247782	-0.3767216	-0.55824304	-0.18747416	-0.02783703	-0.34459037	-0.52583367	-0.47373223	-0.19650155	10	-0.3266457	0.16824928	0.6595372	Binding_SOS	-0.19666062	0.10129633	0.3970816
R134Q	R134Q	134	134	-0.26866597	-0.20737566	-0.23953897	-0.20779213	-0.20838784	-0.10081304	-0.08227801	-0.08072426	-0.2575118	-0.1550299	10	-0.18081175	0.071519285	0.2803556	Binding_SOS	-0.108859695	0.04305897	0.16879116
R134S	R134S	134	134	0.14000054	-0.03223363	-0.37788793	-0.14737079	-0.09647766	-0.10773426	0.06453042	-0.10412288	-0.12291632	-0.060754914	10	-0.084496744	0.13682087	0.5363378	Binding_SOS	-0.05087219	0.082374506	0.32290807
R134T	R134T	134	134	-0.54092115	-0.35280585	-0.14943276	-0.070901684	0.068090506	-0.10177627	0.0974416	-0.21564808	-0.1142152	-0.08787929	10	-0.14680484	0.18875907	0.7399356	Binding_SOS	-0.08838546	0.11364447	0.44548634
R134V	R134V	134	134	0.2758729	0.03216643	0.22114107	-0.06544634	-0.049720835	0.06543934	-0.00955367	-0.40959117	0.033860195	-0.020103447	10	0.0074064457	0.18437278	0.7227413	Binding_SOS	0.004459132	0.11100366	0.43513435
R134W	R134W	134	134	-0.6034758	-0.474064	-0.2672823	-0.62140965	-0.37562543	-0.13276134	-0.3836448	-0.18803066	-0.36189094	-0.019822944	10	-0.3428008	0.19550578	0.7663827	Binding_SOS	-0.20638698	0.1177064	0.46140912
R134Y	R134Y	134	134	-0.29309314	-0.4445816	-0.51427877	0.02642427	-0.20587893	-0.2684513	-0.4010813	-0.6777976	-0.49995238	-0.34337586	10	-0.36220664	0.19419006	0.76122504	Binding_SOS	-0.21807048	0.11691425	0.45830387
R148A	R148A	148	148	-0.15182677	-0.423946	0.6050796	0.038420547	-0.5252725	-0.64839417	-0.7253366	-0.07863882	-0.114966616	-0.40259624	10	-0.24274775	0.39229223	1.5377855	Binding_SOS	-0.14614895	0.23618384	0.9258407
R148E	R148E	148	148	0.022459075	-0.06184992	0.020191235	0.13499562	0.15025617	-0.07401395	-0.26776615	0.14968403	-0.17374574	0.14294474	10	0.004315512	0.14740528	0.5778287	Binding_SOS	0.0025982012	0.088746965	0.3478881
R148F	R148F	148	148	0.53056926	1.0003812	0.5326682	0.54151535	0.38834128	-0.39344808	0.78897804	0.5751699	0.74567735	0.34574643	10	0.5055599	0.3708586	1.4537657	Binding_SOS	0.30437788	0.22327949	0.87525564
R148L	R148L	148	148	0.28114766	0.22841011	0.5322849	0.3516586	0.7952148	0.7605523	0.50991917	1.1934143	0.19279769	0.59075844	10	0.54361576	0.309884	1.2147454	Binding_SOS	0.32728982	0.18656906	0.7313507
R148S	R148S	148	148	-0.5270008	-0.24929358	-0.16724657	-0.12319107	0.13900904	-0.08630417	0.055346597	-0.2991611	-0.29684073	-0.4251903	10	-0.19798726	0.20528266	0.80470806	Binding_SOS	-0.1192004	0.123592675	0.4844833
R148V	R148V	148	148	0.13359462	0.09607635	0.12405518	0.13701424	0.13495225	0.14776632	0.121322066	0.1613442	0.1190967	0.13798903	10	0.1313211	0.017674407	0.06928368	Binding_SOS	0.07906331	0.010641071	0.041713
R148Y	R148Y	148	148	0.02914262	0.1358573	0.19082896	0.17600934	0.0047221025	-0.10821451	-0.17810191	-0.108100355	-0.12627034	-0.12767531	10	-0.011180207	0.13857824	0.5432267	Binding_SOS	-0.0067311665	0.08343255	0.3270556
R160L	R160L	160	160	-0.80371946	-1.113273	-1.0703317	-0.39858004	0.2498496	-1.4059552	-1.3277297				7	-0.83853424	0.5873445	2.3023906	Binding_SOS	-0.5048487	0.35361722	1.3861796
R160P	R160P	160	160				-0.1882283	-0.12851062	-0.15016419	-0.10963556	-0.14034167	0.11643851	-0.10200896	7	-0.10035012	0.09973518	0.39096192	Binding_SOS	-0.060416892	0.060046658	0.2353829
R163A	R163A	163	163	1.3916816	1.0459251	1.535726				1.5409192	1.5161813	1.5644643	1.4861095	7	1.440144	0.18275608	0.71640384	Binding_SOS	0.86705446	0.1100303	0.4313188
R163C	R163C	163	163	-0.41612092	-0.15247406	-0.050539702	0.14827265	-0.122134686	-0.23004332	-0.20237292	-0.09231436	-0.011604309	0.3465677	10	-0.07827639	0.21008714	0.8235416	Binding_SOS	-0.047127157	0.12648526	0.49582222
R163D	R163D	163	163	0.42041013	0.10707692	0.25155288	-0.09737347	-0.38668314				0.24960048	0.20564023	7	0.10717486	0.26915842	1.055101	Binding_SOS	0.0645258	0.16204979	0.6352352
R163E	R163E	163	163	0.12022731	1.0033064	0.9487317				0.9258461	-0.13617036	0.8776669	0.21939749	7	0.5655722	0.4789284	1.8773993	Binding_SOS	0.34050894	0.2883441	1.1303089
R163F	R163F	163	163	-0.41207778	-0.58079624	-0.55399686	0.05362576	-0.40211627	-0.63358873	-0.46429783	-0.70030224	-0.4881902	-0.4004498	10	-0.458219	0.20685248	0.81086177	Binding_SOS	-0.27587578	0.1245378	0.4881882
R163G	R163G	163	163	0.10884737	0.19474064	-0.08556223	-0.07276308	0.024522081	0.1000314	-0.050584797	0.056694444	-0.13076288	-0.10390828	10	0.004125466	0.10877775	0.42640877	Binding_SOS	0.0024837821	0.065490834	0.2567241
R163I	R163I	163	163	0.34290487	0.3468704				0.43870902	0.3880805	0.107109606	0.36976203	0.34886727	7	0.3346148	0.10575931	0.4145765	Binding_SOS	0.20145851	0.06367355	0.24960032
R163L	R163L	163	163	0.25177962	0.26940492	-0.2550388	-0.05539435	-0.12662268	-0.33391318	-0.09526843	-0.27459243	-0.13657096	-0.66002464	10	-0.1416241	0.27280518	1.0693964	Binding_SOS	-0.08526634	0.16424535	0.6438418
R163M	R163M	163	163				0.03975526	-0.6561054	-0.35892096	-0.24837694	-0.3484434	-0.6206545	0.41523027	7	-0.2539308	0.37644058	1.4756471	Binding_SOS	-0.15288183	0.22664018	0.8884295
R163N	R163N	163	163	-0.26057598	-0.004408484	-0.16574262	-0.0025680286	0.28025904	-0.13929111	-0.37123492	-0.22824779	-0.3166293	0.100466415	10	-0.11079727	0.20298968	0.79571956	Binding_SOS	-0.06670671	0.122212164	0.4790717
R163Q	R163Q	163	163				0.34336337	0.59449565	0.94194275	0.55043465	0.78942436	0.15411972	0.87470824	7	0.606927	0.28725535	1.1260409	Binding_SOS	0.36540705	0.17294523	0.6779453
R163S	R163S	163	163	0.05889758	-0.29292947	-0.011083805	0.23627663	-0.03147032	0.09723871	0.056586217	0.104668304	0.12359285	0.29559314	10	0.06373699	0.16050468	0.62917835	Binding_SOS	0.038373556	0.096633606	0.37880373
R163T	R163T	163	163	0.420836	0.24897343	0.6852765	-0.08962074	-0.26718965	0.36357743	0.0646364	0.47057006	-0.15524362	0.4146008	10	0.21564166	0.3121432	1.2236013	Binding_SOS	0.12982944	0.18792924	0.73668265
R163V	R163V	163	163	0.11384364	-0.35256892	-0.08608609	0.18844011	-0.12491765	0.042106286	-0.20764959	0.12817016	-0.25386992	-0.23554361	10	-0.078807555	0.1870631	0.73328733	Binding_SOS	-0.047446955	0.11262339	0.4414837
R163W	R163W	163	163	-0.056484576	-0.22194576	-0.13667412	0.098164	-0.22788551	0.18254267	0.4081676	0.48150775	0.12256432	0.21266343	10	0.08626197	0.2472756	0.9693204	Binding_SOS	0.05193497	0.148875	0.58359003
R163Y	R163Y	163	163	0.119525045	0.4307561	0.35692072	-0.073363565	-0.15164797	-0.28102875	-0.07645424	0.23710525	0.16128433	0.5649151	10	0.1288012	0.27404264	1.0742471	Binding_SOS	0.07754617	0.16499038	0.6467623
R40A	R40A	40	40	0.48840582	0.51068944	0.48019886	0.471347	0.47872362	0.64709204	0.5060644	0.48826	0.4789327	0.47904256	10	0.5028757	0.052202042	0.20463201	Binding_SOS	0.30276182	0.031428814	0.12320095
R40C	R40C	40	40	0.5673206	0.55288845	0.54936886	0.56091636	0.44436386	0.53378916	0.5840068	0.5928501	0.42920735	0.58545655	10	0.5400168	0.05743951	0.22516288	Binding_SOS	0.325123	0.034582086	0.13556178
R40D	R40D	40	40	0.8396185	0.91855514	0.93923575	0.9660387	0.82826984	1.0283082	0.85414326	0.95020396	1.0311515	1.0155895	10	0.9371115	0.07667486	0.30056548	Binding_SOS	0.56419826	0.046162944	0.18095875
R40E	R40E	40	40	0.79051936	0.9236658	1.002004	0.873339	0.9772436	1.130039	0.93407756	1.1103239	0.88472396	0.97245854	10	0.95983946	0.10414713	0.40825674	Binding_SOS	0.5778819	0.062702924	0.24579547
R40F	R40F	40	40	0.800428	0.645093	0.56113654	0.724276	0.6620743	0.63509524	0.696703	0.6472853	0.43754283	0.48702642	10	0.62966603	0.10862091	0.42579398	Binding_SOS	0.37909734	0.06539641	0.25635394
R40G	R40G	40	40	0.6018805	0.5839527	0.54974246	0.66130006	0.44786972	0.5425522	0.59113437	0.66875863	0.5567399	0.5628718	10	0.57668024	0.06289905	0.2465643	Binding_SOS	0.34719667	0.037869066	0.14844674
R40H	R40H	40	40	0.5415671	0.6175056	0.5178292	0.56628734	0.8243752	0.51395977	0.4884343	0.6583924	0.5674215	0.48972684	10	0.5785499	0.10210759	0.40026176	Binding_SOS	0.34832233	0.061474998	0.240982
R40I	R40I	40	40	0.40850043	0.33931047	0.3543482	0.46825507	0.3896224	0.4523989	0.4269132	0.346989	0.39541492	0.42510983	10	0.4006862	0.044137362	0.17301847	Binding_SOS	0.24123752	0.026573384	0.10416767
R40K	R40K	40	40	0.33243468	0.38075352	0.5921589	0.44165763	0.38232136	0.376735	0.3286413	0.36296338	0.41495258	0.36111882	10	0.3973737	0.07643431	0.29962248	Binding_SOS	0.2392432	0.046018112	0.180391
R40L	R40L	40	40	0.5345971	0.40313506	0.49503165	0.44394758	0.40543252	0.41614842	0.35169375	0.45469958	0.5264669	0.4165039	10	0.44476566	0.058624092	0.22980645	Binding_SOS	0.26777604	0.035295278	0.13835749
R40M	R40M	40	40	0.31928062	0.09924736	0.2552576	0.15254208	0.2808379	0.3239363	0.23123232	0.2760141	0.19554698	0.3261703	10	0.24600656	0.07681575	0.30111772	Binding_SOS	0.14811096	0.04624776	0.18129122
R40N	R40N	40	40	0.5473128	0.60156757	0.53993493	0.50635433	0.53598386	0.6021682	0.5783778	0.5351795	0.52126354	0.4599032	10	0.5428046	0.043513827	0.1705742	Binding_SOS	0.32680148	0.026197977	0.102696076
R40P	R40P	40	40	-0.02121611	-0.011339529	0.08799177	0.07392007	0.069727786	0.060506642	0.20597264	-0.046011563	0.027864141	0.14969291	10	0.05971087	0.07773226	0.30471045	Binding_SOS	0.035949584	0.04679956	0.18345428
R40Q	R40Q	40	40	0.59597135	0.580934	0.69155633	0.6093727	0.53642124	0.65449774	0.53485996	0.35423714	0.7019897	0.4439581	10	0.57037985	0.10877216	0.42638686	Binding_SOS	0.34340346	0.065487474	0.25671092
R40S	R40S	40	40	0.4934982	0.62597156	0.49416068	0.5346284	0.56436247	0.5852246	0.5476455	0.6089544	0.5655896	0.5644998	10	0.5584535	0.04344259	0.17029496	Binding_SOS	0.33622307	0.026155086	0.10252794
R40T	R40T	40	40	0.42334834	0.29021788	0.38621116	0.48647743	0.45003778	0.42319626	0.5290077	0.4300459	0.4156016	0.58248544	10	0.44166297	0.07960992	0.3120709	Binding_SOS	0.26590803	0.04793003	0.18788572
R40V	R40V	40	40	0.44768998	0.38274127	0.33889726	0.30535537	0.38007557	0.3036597	0.42297375	0.36506656	0.2948805	0.47224566	10	0.37135854	0.062143337	0.24360189	Binding_SOS	0.22358048	0.037414078	0.14666319
R40W	R40W	40	40	0.89417493	0.7879692	0.6918278	0.74631083	0.9077377	0.983729	1.0090747	0.9279631	0.79315066	0.9430882	10	0.8685026	0.106793165	0.41862923	Binding_SOS	0.5228915	0.064296	0.25204033
R40Y	R40Y	40	40	0.63120985	0.7358884	0.556649	0.63057476	0.6682163	0.69223005	0.79620844	0.7455032	0.56287193	0.6541324	10	0.66734844	0.07748355	0.30373552	Binding_SOS	0.40178445	0.04664982	0.1828673
R67A	R67A	67	67	-0.71970326	-0.35287434	-0.5386792	-0.42710292	-0.5491666	-0.46488085	-0.6240268	-0.90854156	-0.5822413	-0.49138603	10	-0.5658602	0.15850943	0.62135696	Binding_SOS	-0.34068236	0.09543234	0.37409478
R67C	R67C	67	67	-0.5718174	-0.8771098	-0.53849214	-0.47894964	-0.48448053	-0.39875668	-0.30293325	-0.5958841	-0.29690337	-0.43468487	10	-0.4980012	0.16775936	0.6576167	Binding_SOS	-0.29982707	0.10100136	0.39592534
R67D	R67D	67	67	-0.100797266	-0.25030285	-0.21916373	-0.17376079	-0.39902812	-0.19249226	-0.023790747	0.13328677	-0.10686139	-0.22260022	10	-0.15555105	0.14323801	0.561493	Binding_SOS	-0.09365121	0.08623801	0.33805302
R67E	R67E	67	67	-0.81087524	-0.27910224	-0.37055153	-0.4784401	-0.5599149	-0.5877545	-0.5915208	-0.42169055	-0.43173563	-0.24929547	10	-0.47808808	0.16705671	0.6548623	Binding_SOS	-0.28783816	0.10057832	0.39426702
R67F	R67F	67	67	-0.7049687	-0.7304795	-0.9860853	-0.37142718	-0.30049503	-0.70074695	-0.48437116	-0.69702625	-0.6678627	-0.6144312	10	-0.62578946	0.1972451	0.7732008	Binding_SOS	-0.3767634	0.11875358	0.46551406
R67G	R67G	67	67	-0.5276934	-0.73299277	-0.77057993	-0.6826114	-0.77634317	-0.72802544	-0.8782397	-0.5586664	-0.55539745	-0.75151926	10	-0.6962069	0.11442635	0.4485513	Binding_SOS	-0.41915902	0.068891644	0.27005526
R67H	R67H	67	67	-1.1813548	-0.9888068	-1.7070047	-1.144163	-1.3015944	-0.94570976	-0.78777736	-1.0256984	-1.1275765	-1.0163757	10	-1.1226062	0.24932802	0.97736585	Binding_SOS	-0.67587733	0.15011066	0.5884338
R67I	R67I	67	67	-0.352103	-0.67960334	-0.53074104	-0.45630497	-0.34865695	-0.43443772	-0.6884336	-0.21309373	-0.4000321	-0.33808002	10	-0.44414863	0.151668	0.59453857	Binding_SOS	-0.26740456	0.091313384	0.35794848
R67K	R67K	67	67	0.3420705	0.49863377	0.015315075	0.25267008	0.3467102	0.2692061	0.6201631	0.13904673	0.28976902	0.22472563	10	0.29983103	0.17056182	0.66860235	Binding_SOS	0.18051657	0.10268862	0.4025394
R67L	R67L	67	67	-0.31098413	-0.23695697	-0.22618502	-0.048453473	-0.057135377	0.012335554	-0.17758626	-0.15169135	-0.37449512	-0.46273068	10	-0.20338829	0.15093385	0.5916607	Binding_SOS	-0.122452155	0.09087138	0.3562158
R67M	R67M	67	67	-0.6211107	-0.7460702	-0.5356687	-0.5753036	-0.3742745	-0.5127479	-0.52923524	-0.4512719	-0.5434128	-0.4956506	10	-0.5384746	0.09914098	0.38863266	Binding_SOS	-0.32419455	0.059688915	0.23398055
R67N	R67N	67	67	-0.6825254	-0.70485514	-0.5316257	-0.645583	-0.6773773	-0.86377746	-0.85761005	-0.7826662	-0.7403069	-0.80967283	10	-0.7296	0.1030322	0.40388623	Binding_SOS	-0.4392637	0.062031668	0.24316414
R67P	R67P	67	67	0.73504734	0.5730451	0.31734392	0.4637881	0.6149662	0.5875601	0.47255978	0.54862154	0.6767413	0.6674997	10	0.5657173	0.12263967	0.48074752	Binding_SOS	0.3405963	0.07383656	0.28943932
R67Q	R67Q	67	67	-0.6823913	-1.114789	-0.8342701	-0.802319	-0.8434257	-1.0626713	-0.6849804	-0.6707096	-0.63332766	-1.0425802	10	-0.8371464	0.17881012	0.70093566	Binding_SOS	-0.5040132	0.107654594	0.422006
R67S	R67S	67	67	-0.79213476	-1.054845	-0.77871484	-0.6575619	-0.73995876	-0.76010406	-1.1251771	-0.5836888	-0.9114926	-0.70880646	10	-0.8112484	0.17093158	0.6700518	Binding_SOS	-0.48842102	0.102911234	0.40341204
R67T	R67T	67	67	-0.193629	-0.8971474	-0.8563476	-0.8936766	-0.5262059	-0.76146585	-0.79208684	-0.28343657	-0.68690646	-0.67140424	10	-0.6562306	0.2483396	0.97349125	Binding_SOS	-0.39509085	0.14951558	0.5861011
R67V	R67V	67	67	-0.41261804	-0.42828372	-0.34852916	-0.37794912	-0.37488434	-0.4148001	-0.34449184	-0.39855868	-0.19799726	-0.3833868	10	-0.3681499	0.06579815	0.25792876	Binding_SOS	-0.2216487	0.0396145	0.15528883
R67W	R67W	67	67	-0.20933095	-0.15866324	-0.11529278	-0.19930714	-0.11799367	-0.028310763	-0.2326709	-0.10355004	-0.079042226	-0.13496134	10	-0.1379123	0.063118756	0.24742553	Binding_SOS	-0.08303162	0.03800134	0.14896525
R67Y	R67Y	67	67	-1.5964884				-0.61135757	-1.4465958	-1.495444	-1.0090182	-0.69627947	-1.447536	7	-1.1861027	0.40864208	1.601877	Binding_SOS	-0.7141062	0.24602745	0.96442765
R72A	R72A	72	72	0.1545452	0.099331066	0.03035192	0.1883488	0.1884545	0.085157074	0.051621128	0.06678826	0.11534945	0.21609154	10	0.119603895	0.06410907	0.25130758	Binding_SOS	0.07200884	0.03859757	0.15130247
R72C	R72C	72	72	0.19482304	0.3527686	0.05715375	0.2808486	0.056077287	0.18688269	0.08854834	0.15252715	0.113100514	0.07186434	10	0.15545943	0.099999554	0.39199826	Binding_SOS	0.093596056	0.06020583	0.23600686
R72D	R72D	72	72	0.39364603	0.26749134	0.36669216	0.26617405	0.20354344	0.47580954	0.26805916	0.28500366	0.07610613	0.24544658	10	0.2847972	0.10937687	0.42875734	Binding_SOS	0.17146528	0.06585155	0.25813806
R72E	R72E	72	72	0.20187739	0.1377066	0.114771456	-0.20561531	-0.07573564	-0.33152777	0.06586273	-0.15178533	-0.06745127	0.11373854	10	-0.019815858	0.17376561	0.6811612	Binding_SOS	-0.011930355	0.1046175	0.4101006
R72F	R72F	72	72	0.4050999	0.42799369	0.2466254	0.32467568	0.41338277	0.4232866	0.41771883	0.46034202	0.42476264	0.3368954	10	0.3880783	0.06485691	0.25423908	Binding_SOS	0.2336468	0.039047815	0.15306744
R72G	R72G	72	72	0.2607791	0.35413405	0.30576903	0.42324853	0.23426378	0.46084604	0.262931	0.33561486	0.34594005	0.39771646	10	0.3381243	0.07427566	0.29116058	Binding_SOS	0.20357145	0.044718474	0.17529643
R72H	R72H	72	72	0.46111298	0.3378439	0.27149025	0.41791406	0.45526266	0.41450608	0.539256	0.54411244	0.4478639	0.34778675	10	0.42371488	0.08644335	0.33885795	Binding_SOS	0.2551022	0.052044168	0.20401314
R72I	R72I	72	72	0.58396035	0.45254204	0.2805816	0.6143776	0.6495341	0.57556534	0.4275648	0.39386955	0.4098092	0.40264606	10	0.47904506	0.1194108	0.46809033	Binding_SOS	0.28841433	0.07189258	0.28181893
R72K	R72K	72	72	0.20210658	0.22278495	0.19257881	0.47445446	0.2891832	0.2217965	0.23765676	0.32510725	0.33837765	0.31972823	10	0.28237742	0.08629748	0.33828613	Binding_SOS	0.17000842	0.051956344	0.20366888
R72L	R72L	72	72	0.40932614	0.41832116	0.25802854	0.38802114	0.4799239	0.34948066	0.41239792	0.44582212	0.3265729	0.3946081	10	0.38825026	0.06320644	0.24776925	Binding_SOS	0.23375033	0.03805413	0.1491722
R72M	R72M	72	72	0.28795287	0.041927245	0.2612372	0.35002062	0.4232996	0.090332836	0.42149523	0.18159065	0.21976715	0.0884636	10	0.23660867	0.13731419	0.5382716	Binding_SOS	0.14245285	0.082671516	0.32407236
R72N	R72N	72	72	0.10531031	-0.03762561	0.18013382	0.28257856	0.16567083	0.18453978	0.11207518	0.10211389	0.044230502	0.040697467	10	0.117972456	0.09051225	0.35480803	Binding_SOS	0.07102661	0.054493897	0.21361607
R72P	R72P	72	72	0.9608177	1.0034984	1.1540643	0.9113626	0.8063039	0.9188785	1.098131	1.2202063	1.2249377	1.0176524	10	1.0315853	0.13995694	0.5486312	Binding_SOS	0.6210773	0.08426261	0.33030942
R72Q	R72Q	72	72	0.24443477	-0.22314413	-0.13842365	-0.026375195	0.13617615	0.090120696	0.08208667	0.07533624	0.13339221	-0.02615103	10	0.034745272	0.13939667	0.54643494	Binding_SOS	0.020918772	0.08392529	0.32898715
R72S	R72S	72	72	0.19440688	0.16815321	0.2283223	0.22401603	0.27766475	0.25754982	0.17120269	0.15073915	0.22140232	0.25814503	10	0.2151602	0.04290133	0.16817321	Binding_SOS	0.12953956	0.025829216	0.10125053
R72T	R72T	72	72	0.2018139	0.12670636	0.15992291	0.15759295	0.16186644	0.16570236	0.12954454	0.32456526	0.24475747	0.25855908	10	0.19310313	0.06398566	0.2508238	Binding_SOS	0.11625986	0.038523268	0.15101121
R72V	R72V	72	72	0.12329053	0.016308242	0.14266722	0.15491828	0.25197	0.14304395	0.14993997	0.06655701	0.1418866	0.09365799	10	0.12842396	0.062056288	0.24326065	Binding_SOS	0.077319056	0.03736167	0.14645775
R72W	R72W	72	72	0.11455587	0.03989684	0.1685564	0.019422852	0.030535053	0.07192863	-0.007857405	0.16861017	0.10817778	0.17550157	10	0.088932775	0.06791613	0.26623124	Binding_SOS	0.053542953	0.040889654	0.16028745
R72Y	R72Y	72	72	0.14894223	0.17192893	0.0020754114	0.014048426	0.24336219	0.35154048	0.13589223	-0.08777423	0.11948808	0.10775613	10	0.12072599	0.12519453	0.4907626	Binding_SOS	0.07268441	0.075374745	0.29546902
R96A	R96A	96	96	-0.39397848	0.26431185	-0.776241	0.054751527	-0.46944308	-0.089719996	-0.20659961	0.07560173	-0.2098653	0.1367228	10	-0.16144596	0.31789964	1.2461666	Binding_SOS	-0.09720031	0.19139497	0.7502683
R96E	R96E	96	96	-0.85044664	-0.5463905	-0.59409344		1.5324639	1.4978192	-0.19747011	-0.6655692	-0.5223843	-0.2329666	9	-0.06433752	0.9177785	3.5976918	Binding_SOS	-0.03873511	0.5525586	2.1660297
R96F	R96F	96	96	-1.1408653	-1.7160611	-1.7177571	-0.82128775	-1.1076688	-1.1174213				-1.2242548	7	-1.2636166	0.33389482	1.3088677	Binding_SOS	-0.7607742	0.20102504	0.78801817
R96G	R96G	96	96	0.15371883	0.11972493	2.768486e-05	0.06419632	0.052884843	-0.1819853	-0.2169997	0.00035779361	-0.19289178	0.06013205	10	-0.01408343	0.13496041	0.5290448	Binding_SOS	-0.008479084	0.0812544	0.31851727
R96L	R96L	96	96	-2.375925	-1.9061294	-0.17161873	-0.18708548	-0.815442	-2.4918795	-2.1973238	-1.8325529	-1.6530585	-1.7909265	10	-1.5421941	0.8537554	3.3467212	Binding_SOS	-0.9284949	0.5140128	2.0149302
R96M	R96M	96	96	-1.4812129	-2.4019217	-2.5271363	-2.4226077	-2.1632285	-1.4483064				-2.1612494	7	-2.0865233	0.4456751	1.7470465	Binding_SOS	-1.2562143	0.2683236	1.0518285
R96Q	R96Q	96	96	-0.14365391	-0.24542879	-0.34421417	-0.26496923	-0.13536304	-0.027996287	-0.048003703	-0.21569704	-0.11608334	-0.40124264	10	-0.19426522	0.12228455	0.47935542	Binding_SOS	-0.116959505	0.073622756	0.28860122
R96S	R96S	96	96	-0.13615489	-0.15435535	-0.15953526	0.05469685	0.11234608	-0.13533756	-0.07704984	0.06574162	-0.26530194	-0.31833237	10	-0.10132827	0.14183322	0.5559862	Binding_SOS	-0.061005797	0.085392244	0.3347376
R96V	R96V	96	96	-0.40732634	-1.7735833	-0.9487728	-1.03034	-1.2337121	-0.91723263	-1.3730949	-1.2134047	-1.2626667	-1.3195231	10	-1.1479657	0.357709	1.4022193	Binding_SOS	-0.6911453	0.21536262	0.8442215
R96W	R96W	96	96	-0.73899597	-0.43711886	-0.5478113	-0.6062722	-0.46365568	-0.49261156	-0.45468658	-0.5788031	-0.5505032	-0.49483588	10	-0.5365294	0.090384856	0.35430863	Binding_SOS	-0.32302344	0.054417193	0.2133154
R96Y	R96Y	96	96				-0.65809715	-0.5042363	-0.29854217	-0.5493693	-0.73053896	-0.6374872	-0.59654176	7	-0.5678304	0.13976155	0.5478653	Binding_SOS	-0.34186852	0.08414498	0.32984832
S105A	S105A	105	105	0.1440956	-0.32128376	-0.28912488	0.11352782	-0.146764	-0.033951085	0.015367331	0.055009797	-0.2167525	-0.34545532	10	-0.1025331	0.18487647	0.72471577	Binding_SOS	-0.06173118	0.111306906	0.43632308
S105C	S105C	105	105	-0.20161739	-0.36700872	-0.31796777	-0.17950283	-0.18677688	-0.28469318	-0.28993967	-0.12999508	-0.2366408	-0.20943022	10	-0.24035725	0.072811075	0.2854194	Binding_SOS	-0.14470972	0.043836705	0.1718399
S105D	S105D	105	105	-0.13967833	-0.1872451	-0.37593892	-0.070240065	-0.0687952	-0.22477467	-0.07139759	-0.23504232	-0.111817226	-0.10318821	10	-0.15881176	0.09852951	0.38623568	Binding_SOS	-0.095614366	0.059320774	0.23253743
S105E	S105E	105	105	-0.038178332	-0.07168432	-0.3206318	-0.37624794	-0.20181091	-0.35284886	-0.47665566	-0.082242586	-0.43129224	-0.3567822	10	-0.2708375	0.15983847	0.6265668	Binding_SOS	-0.16306068	0.0962325	0.37723142
S105F	S105F	105	105	-0.24622841	-0.1083197	-0.15775794	-0.022578325	-0.16575797	-0.12586322	-0.36083984	-0.37080592	-0.24858455	-0.20761955	10	-0.20143554	0.1095019	0.42924744	Binding_SOS	-0.121276475	0.06592682	0.25843313
S105G	S105G	105	105	-0.06182015	-0.24881913	-0.17300199	-0.027996738	-0.18319643	0.04890909	-0.13231543	-0.11649654	-0.17838696	0.003188472	10	-0.10699357	0.09477098	0.37150225	Binding_SOS	-0.064416654	0.05705791	0.22366701
S105H	S105H	105	105	0.14317909	-0.07799771	0.022437911	0.23053874	0.05869467	0.31677887	0.20413722	0.47140887	-0.03176563	-0.06839361	10	0.12690185	0.18030027	0.70677704	Binding_SOS	0.07640265	0.108551756	0.4255229
S105I	S105I	105	105	-0.084192045	-0.42159578	-0.07547954	0.060346697	-0.0068166726	-0.19577684	0.19216938	-0.10716638	0.040935855	-0.40494713	10	-0.10025225	0.1961042	0.7687285	Binding_SOS	-0.060357966	0.11806668	0.4628214
S105K	S105K	105	105	-0.048676245	-0.030359399	-0.11996698	-0.02239437	0.1276518	-0.23055103	-0.26588893	0.06780126	-0.09346402	0.19534005	10	-0.042050786	0.1461118	0.57275826	Binding_SOS	-0.025317138	0.087968215	0.3448354
S105L	S105L	105	105	-0.4431313	-0.43377835	-0.22705226	-0.14462976	-0.13232252	-0.21084526	-0.24616718	-0.26623228	-0.20737238	-0.23821779	10	-0.2549749	0.10544686	0.4133517	Binding_SOS	-0.15351044	0.063485436	0.2488629
S105M	S105M	105	105	-0.4650102	-0.3062092	-0.10219223	-0.0983444	-0.21034826	-0.23993076	-0.19980514	-0.28629422	0.1576067	-0.09579334	10	-0.1846321	0.16564324	0.64932156	Binding_SOS	-0.11115978	0.09972733	0.39093116
S105N	S105N	105	105	-0.18371552	-0.11341768	0.13734773	0.14388655	0.18189158	-0.1532839	0.1414732	0.024389163	0.012819096	0.044457637	10	0.023584783	0.13331296	0.5225868	Binding_SOS	0.014199478	0.08026253	0.3146291
S105P	S105P	105	105	0.6003854	0.37135157	0.58050764	0.1480637	0.13992085	0.22612855	0.14700247	0.3565462	0.55962574	0.30971608	10	0.34392482	0.18348046	0.7192434	Binding_SOS	0.20706372	0.11046642	0.43302837
S105Q	S105Q	105	105	-0.3562391	-0.34436983	-0.2548395	-0.32636493	-0.4584271	-0.26891476				-0.1155544	7	-0.30352995	0.106352	0.41689986	Binding_SOS	-0.18274353	0.06403039	0.25099912
S105R	S105R	105	105	0.31012818	0.25385427	-0.0734868	0.090801984	0.32400253	0.4350787	0.070187934	0.59807307	0.23481658	0.20379046	10	0.24472468	0.19117278	0.7493973	Binding_SOS	0.14733918	0.11509767	0.45118287
S105T	S105T	105	105	-0.014543036	-0.22311327	-0.08208747	-0.09969253	0.027626876	-0.08693713	-0.2764269	-0.06333512	-0.09439446	-0.15033308	10	-0.106323615	0.09060028	0.3551531	Binding_SOS	-0.0640133	0.054546893	0.21382383
S105V	S105V	105	105	-0.18132363	-0.13623121	-0.3063274	-0.16352586	-0.08814567	0.09209028	0.01579938	-0.22549061	-0.02853773	-0.15644382	10	-0.11781363	0.11825061	0.4635424	Binding_SOS	-0.07093099	0.071194075	0.27908078
S105W	S105W	105	105	-0.8206602	-0.4038449	-0.31649995	-0.10671038	-0.24487501	-0.22500265	-0.62660855	-0.5140058	-0.68574244	-0.7437246	10	-0.46876746	0.24528965	0.96153545	Binding_SOS	-0.2822266	0.14767933	0.57890296
S105Y	S105Y	105	105	-0.06329869	-0.3210603	-0.104786664	-0.23314625	-0.09705227	-0.06633317	-0.11914994	-0.21498607	-0.40764782	0.040445793	10	-0.15870154	0.13441628	0.52691185	Binding_SOS	-0.095548004	0.0809268	0.31723306
S121A	S121A	121	121	-0.0003688035	-0.055515025	-0.10895576	0.10300891	0.0017176798	-0.032420006	0.023451613	-0.04398778	-0.06858266	-0.039737985	10	-0.022138981	0.058199372	0.22814155	Binding_SOS	-0.013329017	0.03503957	0.13735512
S121C	S121C	121	121	-0.021245856	-0.11742793	-0.16743505	-0.082301855	-0.17032686	0.064660154	-0.030211272	-0.010968394	-0.27511156	-0.01056538	10	-0.0820934	0.10092832	0.39563903	Binding_SOS	-0.049425233	0.060765002	0.23819882
S121D	S121D	121	121	-0.29188854	-0.09563308	-0.43968666	-0.2241045	-0.14742258	0.01986143	-0.0653887	-0.1476701	0.043913268	-0.08483467	10	-0.14328542	0.14526604	0.56944287	Binding_SOS	-0.08626656	0.08745901	0.34283933
S121E	S121E	121	121	-0.19471484	-0.18966042	-0.18971969	-0.13289528	-0.12923208	-0.2968064	-0.3116341	-0.028686723	-0.13152722	-0.10542667	10	-0.17103034	0.08574755	0.33613038	Binding_SOS	-0.1029707	0.05162525	0.20237099
S121F	S121F	121	121	0.16896594	0.19169608	0.13501218	0.28379378	0.17384961	-0.0095624365	0.13882315	0.1691797	0.31638977	0.17466877	10	0.17428166	0.08765054	0.3435901	Binding_SOS	0.10492818	0.05277097	0.2068622
S121G	S121G	121	121	-0.21210286	-0.23438431	-0.32108456	-0.10012462	-0.058620587	-0.10925351	-0.1436438	-0.1509003	-0.2009769	-0.13609049	10	-0.1667182	0.0765824	0.30020303	Binding_SOS	-0.10037452	0.046107277	0.18074054
S121H	S121H	121	121	0.019936329	-0.044903256	-0.10615835	0.19585912	0.25401944	0.12767427	-0.031112975	-0.16862622	-0.26890913	-0.26818883	10	-0.029040959	0.18198815	0.71339357	Binding_SOS	-0.017484428	0.10956796	0.42950642
S121I	S121I	121	121	0.18854171	0.1224439	0.20604879	0.3550305	0.3434914	0.033858467	0.0705499	0.05095016	0.20593455	0.1542234	10	0.17310728	0.11169492	0.4378441	Binding_SOS	0.104221135	0.06724715	0.26360884
S121K	S121K	121	121	0.1280742	0.14872952	-0.12328611	0.4003468	0.0013976727	-0.07471707	-0.01700684	-0.10667888	0.03744963	0.07178341	10	0.046609234	0.15495011	0.6074045	Binding_SOS	0.0280616	0.09328941	0.3656945
S121L	S121L	121	121	-0.072696574	0.10480475	-0.062151108	0.038608856	0.06641108	0.23365188	-0.045474894	-0.094867095	0.14204864	0.1023146	10	0.04126501	0.108172536	0.42403635	Binding_SOS	0.024844052	0.065126464	0.25529575
S121M	S121M	121	121	0.0589877	-0.14074737	-0.17804407	0.17385422	-0.026474252	0.10462308	-0.034111895	-0.22426866	-0.2084587	0.09193367	10	-0.03827063	0.14359732	0.5629015	Binding_SOS	-0.023041252	0.08645434	0.338901
S121N	S121N	121	121	0.09187026	-0.12765945	-0.16405217	0.013930927	0.061620764	0.035741337	-0.04419949	-0.100891516	-0.1443367	-0.12201996	10	-0.049999602	0.09414756	0.36905846	Binding_SOS	-0.03010281	0.05668257	0.22219568
S121P	S121P	121	121	-0.26340324	0.08118501	-0.13076578	0.050442725	0.0852426	0.11009218	-0.020529248	-0.037610933	-0.07966815	-0.15895015	10	-0.036396496	0.122567065	0.4804629	Binding_SOS	-0.02191291	0.073792845	0.28926796
S121Q	S121Q	121	121	-0.33521926	-0.3519086	-0.4879027	-0.23725286	-0.11724577	0.032488465	-0.18996467	-0.11507069	-0.14618802	-0.30534208	10	-0.22536063	0.1495958	0.5864155	Binding_SOS	-0.13568084	0.09006579	0.35305792
S121R	S121R	121	121	0.10292981	0.058957677	-8.835603e-05	0.015793309	0.089897394	0.0672163	0.17530298	0.19328663	0.16409336	0.047739457	10	0.09151285	0.06705725	0.26286444	Binding_SOS	0.055096317	0.040372554	0.15826042
S121T	S121T	121	121	-0.06483871	-0.2599229	-0.144362	-0.11997436	-0.09256297	-0.3270426	-0.25958386	-0.13352524	-0.09171547	0.06895445	10	-0.14245737	0.11448492	0.4487809	Binding_SOS	-0.08576802	0.0689269	0.27019346
S121V	S121V	121	121	0.063476354	0.106129505	0.09124496	-0.027030783	0.020471673	0.10579727	0.1417127	0.096453354	0.046189778	0.05820851	10	0.07026534	0.04887225	0.19157922	Binding_SOS	0.042304017	0.029424075	0.11534238
S121W	S121W	121	121	0.021917723	-0.121508956	-0.11519143	-0.10364877	-0.103374764	0.10318868	0.0077706226	0.29727718	0.08551522	-0.092477694	10	-0.0020532184	0.1353383	0.53052616	Binding_SOS	-0.0012361627	0.08148191	0.3194091
S121Y	S121Y	121	121	-0.047454692	-0.1570333	-0.13249198	0.2056143	0.06682903	0.120440446	0.05536605	0.14338228	0.047550675	-0.05442689	10	0.024777593	0.11945372	0.4682586	Binding_SOS	0.014917621	0.07191842	0.28192022
S135A	S135A	135	135	-0.2740712	0.094601266	-0.0077096205	-0.2093518	-0.058023073	-0.24172676	0.021199962	0.09991711	0.026842522	-0.43313557	10	-0.09814571	0.18018033	0.7063069	Binding_SOS	-0.0590897	0.108479545	0.42523983
S135C	S135C	135	135	0.041228484	-0.20380948	-0.3005401	-0.07502605	-0.42603046	-0.19185136	-0.19864404	-0.117118746	0.066729635	-0.31542817	10	-0.17204902	0.1558545	0.61094964	Binding_SOS	-0.103584	0.09383391	0.36782894
S135D	S135D	135	135	0.04863646	0.34146708	-0.014984285	-0.24729127	-0.4271325	0.011209354	0.17007285	0.077681474	0.00020685293	0.09123153	10	0.0051097604	0.21237595	0.83251375	Binding_SOS	0.0030763873	0.12786327	0.50122404
S135E	S135E	135	135	-0.51412046	-0.37999672	-0.5918666	-0.035093702	-0.32514197	-0.7560939	-0.4414433	-0.49575996	-0.44084576	-0.144643	10	-0.41250056	0.2086997	0.81810284	Binding_SOS	-0.24835049	0.12564994	0.49254778
S135F	S135F	135	135	0.036794186	0.119027056	0.08111411	0.28401187	-0.019212296	0.27382326	0.008387504	0.31288615	-0.15405566	0.11356709	10	0.10563432	0.14948964	0.5859994	Binding_SOS	0.0635983	0.09000188	0.35280737
S135G	S135G	135	135	-0.20621835	-0.06640771	-0.32629034	-0.20659335	-0.30658874	-0.12997495	-0.0048426464	-0.1440333	0.017546343	0.11132835	10	-0.12620747	0.14187631	0.55615515	Binding_SOS	-0.07598459	0.08541819	0.3348393
S135I	S135I	135	135	0.36081284	0.4479284	0.2692184	-0.09764647	0.44583157	0.26824257	-0.056561105	0.64301056	-0.32992798	0.3926621	10	0.23435707	0.30074432	1.1789178	Binding_SOS	0.14109725	0.18106642	0.7097804
S135K	S135K	135	135	0.05567556	-0.0693065	-0.17584696	-0.053791035	-0.013728821	0.060287572	0.20182467	0.059139263	-0.08192493	-0.40613985	10	-0.042381108	0.16447635	0.6447473	Binding_SOS	-0.02551601	0.099024795	0.38817722
S135L	S135L	135	135	-0.082046136	-0.25346795	-0.104965314	0.038814254	-0.31777182	0.08584395	-0.14257292	0.17496507	-0.024785496	0.021642597	10	-0.06043437	0.15178543	0.5949989	Binding_SOS	-0.036385175	0.09138408	0.3582256
S135M	S135M	135	135	-0.39453322	-0.058173027	-0.23597635	-0.27709132	-0.31509572	-0.114781626	-0.57734114	-0.38990885	-0.20759022	0.017487768	10	-0.25530034	0.17667723	0.69257474	Binding_SOS	-0.15370637	0.106370464	0.41697222
S135N	S135N	135	135	-0.48739225	0.22134797	0.18289328	-0.0071085873	0.049537055	-0.045642156	-0.1061847	-0.16489977		0.17884316	9	-0.019845106	0.22121575	0.8671658	Binding_SOS	-0.011947963	0.13318537	0.5220867
S135P	S135P	135	135	-0.3066724	-0.45038947	0.37407455	0.030264264	0.34556407	-0.38249597	-0.10971263	0.07084161	0.037006218	0.45341712	10	0.00618974	0.3209522	1.2581327	Binding_SOS	0.0037266007	0.1932328	0.75747263
S135R	S135R	135	135	-0.08125441	-0.16486686	-0.29748976	0.14282413	0.2994734	-0.053475168	0.040894214	0.10144064	0.049656272	0.06791969	10	0.010512213	0.1677175	0.65745264	Binding_SOS	0.0063289935	0.10097616	0.39582655
S135T	S135T	135	135	0.2687303	0.20606062	0.43172872	0.19031113	-0.16609198	0.15328969	0.08228725	0.5468782	0.0069178506	0.39305565	10	0.21131675	0.21139987	0.8286875	Binding_SOS	0.12722556	0.12727562	0.4989204
S135V	S135V	135	135	0.24143901	0.13142815	0.25695726	0.047762062	-0.20527832	0.15297341	0.35247657	0.1773431	0.14624602	0.3631936	10	0.16645409	0.16375206	0.6419081	Binding_SOS	0.10021551	0.09858873	0.3864678
S135Y	S135Y	135	135	-0.30017176	-0.24619006	-0.4044036	-0.3111759	-0.3599739	-0.4513982	-0.2448812	-0.15495366	-0.33169782	0.31102964	10	-0.24938166	0.21428308	0.83998966	Binding_SOS	-0.15014297	0.12901148	0.505725
S144C	S144C	144	144	-0.14668457				-1.0873318	-1.1942297	-0.70376223	-0.29247445	-0.9293371	-1.1238657	7	-0.7825265	0.41855335	1.6407292	Binding_SOS	-0.47112867	0.25199464	0.987819
S144D	S144D	144	144	-0.43044207	-0.13353804	-0.029964661	-0.1586037	-0.23448397	-0.09919699	-0.3062904	-0.1007247	-0.011395135	-0.028929383	10	-0.1533569	0.13487904	0.52872586	Binding_SOS	-0.0923302	0.081205405	0.3183252
S144E	S144E	144	144	-0.7440615	-0.65886897	-0.71541876	-0.07927159	-0.37307274	-0.19580771	-0.36681455	-0.24152295	-0.27302158	-0.22194715	10	-0.38698077	0.23629415	0.9262731	Binding_SOS	-0.23298602	0.14226349	0.55767286
S144F	S144F	144	144	0.2889295	0.3764591	0.38229758	0.1058687	0.46109936	0.47567767	0.43667436	0.33522224	0.17672658	0.46112123	10	0.35000762	0.12618914	0.49466145	Binding_SOS	0.21072593	0.075973555	0.29781634
S144G	S144G	144	144	0.3352633	0.038827572	-0.16969907	-0.1421926	0.3468709	0.05214544	-0.17528549	-0.21524702	0.1411383	-0.20587794	10	0.0005943418	0.21738921	0.8521657	Binding_SOS	0.00035783	0.13088156	0.51305574
S144L	S144L	144	144	0.27613991	-0.2171061	0.17728907	0.22188614	-0.43159032	-0.044446506	0.3605896	-0.37638128	-0.20055693	-0.064821474	10	-0.029899787	0.27878138	1.092823	Binding_SOS	-0.018001495	0.16784339	0.6579461
S144P	S144P	144	144	-1.4840734	-0.3025727	-0.36864188	0.5870077	-1.7359328	0.640551	-0.36861843	-0.3815761	0.25737548	-0.8919639	10	-0.40484452	0.79600376	3.1203349	Binding_SOS	-0.24374108	0.4792428	1.8786318
S144R	S144R	144	144	-0.60959315	-0.77582705	-0.6661202	-0.48202765	-0.65066195	-0.8481023	-0.5926257	-0.86785704	-1.0736661	-0.63194245	10	-0.7198423	0.17223294	0.67515314	Binding_SOS	-0.43338898	0.10369473	0.40648335
S144T	S144T	144	144	-1.1440501	-1.3351313	-1.0084385	-1.2242509	-0.94521636	-0.7623713	-0.62780726	-1.0883744	-1.0089161	-1.1290553	10	-1.0273612	0.21041696	0.82483447	Binding_SOS	-0.618534	0.12668383	0.49660063
S144V	S144V	144	144				-0.71750516	-0.5643863	-0.8502704	-0.7123476	-0.766018	-0.95863044	-0.90186334	7	-0.78157455	0.13344617	0.523109	Binding_SOS	-0.47055554	0.08034273	0.31494352
S144Y	S144Y	144	144	0.6837804	0.20908102	0.5320257	1.2865589	1.3111327	0.4399033	0.23308691	0.8577459	0.38617775	0.10171605	10	0.60412085	0.42973587	1.6845646	Binding_SOS	0.3637176	0.2587272	1.0142106
S16A	S16A	16	16	1.7991554	2.6936843	2.7240767	2.0651493	2.0280116	1.0051153	1.1638823	2.1115746	2.1172378	1.9230022	10	1.963089	0.5535982	2.170105	Binding_SOS	1.1818993	0.33329988	1.3065355
S16C	S16C	16	16	1.504624	0.95262927	0.976599	0.85384333	0.7136646	0.9614425	1.3190279	1.1326405	1.2083082	0.75750256	10	1.0380281	0.2515246	0.98597646	Binding_SOS	0.62495625	0.15143314	0.5936179
S16D	S16D	16	16	2.3502102	3.185928	2.4811714	2.6634867	2.0821674	1.9325984	2.9377527	2.1794326	2.915979	2.5434484	10	2.5272174	0.40530574	1.5887985	Binding_SOS	1.521539	0.24401876	0.9565536
S16E	S16E	16	16	0.94570065	2.255612	1.3392107	2.4649696	1.7152419	1.8830955	1.427367	1.9722693	2.0252936	1.817543	10	1.7846304	0.4500919	1.7643603	Binding_SOS	1.0744563	0.27098277	1.0622525
S16F	S16F	16	16	1.3975748	1.4625045	1.7698377	2.1139634	1.2442093	2.1605742	1.5378792	1.155	1.7982649	1.9191798	10	1.6558987	0.35048166	1.3738881	Binding_SOS	0.996952	0.21101134	0.8271645
S16G	S16G	16	16	1.6092602	1.7772517	1.6806275	1.5837094	2.0347915	1.6455004	1.8313692	1.7183588	1.8668392	1.6712567	10	1.7418964	0.13818634	0.54169047	Binding_SOS	1.0487279	0.0831966	0.3261307
S16H	S16H	16	16	2.1322875	1.755801	1.0113543	2.6374648	1.668094	2.2539945	2.4331372	2.1245148	2.268851	1.7952315	10	2.0080729	0.4657444	1.8257182	Binding_SOS	1.2089823	0.28040653	1.0991937
S16I	S16I	16	16	0.27054387	0.22188228	-0.109222844	0.4223522	0.27440563	0.047876894	0.22492331	0.1884567	0.095363505	0.3987312	10	0.20353127	0.15995304	0.62701595	Binding_SOS	0.12253823	0.09630148	0.37750182
S16K	S16K	16	16	1.4021361	2.325913	2.5406506	2.788165	2.1263795	2.7150145	2.3341148	1.5520718	1.8641492	1.1278532	10	2.0776448	0.57110673	2.2387385	Binding_SOS	1.2508689	0.34384108	1.347857
S16L	S16L	16	16	1.7490704	1.5115298	1.9132526	2.5394056	2.2222	2.3013804	1.8000711	1.9730774	1.6294746	1.905401	10	1.9544863	0.3173632	1.2440637	Binding_SOS	1.1767199	0.191072	0.7490023
S16M	S16M	16	16	2.0457993	2.0657587	0.78084207	0.9515218	1.6707134	1.018569	2.3031683	1.1244749	1.9755229	2.4868844	10	1.6423256	0.62187093	2.4377341	Binding_SOS	0.9887802	0.37440422	1.4676646
S16N	S16N	16	16	2.7263987	2.7833993	2.718347	2.7062006	2.6000638	2.8084564	2.735757	2.7008948	2.7840555	2.7099483	10	2.7273521	0.058442466	0.22909448	Binding_SOS	1.6420323	0.03518593	0.13792884
S16P	S16P	16	16	0.7536876	0.36023414	0.38788274	0.47390273	0.18909326	0.35901043	0.91725504	-0.0819951	0.7169849	0.5927385	10	0.46687943	0.29272997	1.1475015	Binding_SOS	0.28108987	0.1762413	0.6908659
S16Q	S16Q	16	16	2.965386	3.0647402	2.7991357	2.4893603	2.9542549	1.345166	1.0143294	0.7622941	2.6319153	2.7850986	10	2.2811682	0.8826568	3.4600148	Binding_SOS	1.3734024	0.5314132	2.0831397
S16R	S16R	16	16	2.907068	2.4637566	2.62539	2.4880917	1.892851	1.920781	2.0758436	2.6728475	2.3112228	2.6428957	10	2.4000747	0.34205222	1.3408448	Binding_SOS	1.4449914	0.2059363	0.8072703
S16T	S16T	16	16	-0.4971464	-0.17624004	-0.3801209	-0.25275818	-0.4309425	-0.36734772	-0.27335894	-0.30960226	-0.24538672	-0.23503563	10	-0.31679395	0.09983353	0.39134747	Binding_SOS	-0.19072928	0.060105875	0.23561503
S16V	S16V	16	16	1.6193836	1.314358	1.3973439	1.0028495	1.1021522	1.6370614	0.4701866	1.6226503	0.94902456	1.7948629	10	1.2909873	0.4099722	1.6070911	Binding_SOS	0.77725303	0.24682826	0.9675668
S16W	S16W	16	16	2.2773442	1.5283998	2.064228	2.3550692	2.1440146	2.9139593	0.8598874	2.5602913	2.3552551	2.4453332	10	2.1503782	0.5771349	2.262369	Binding_SOS	1.2946588	0.3474704	1.362084
S16Y	S16Y	16	16	2.3505435	2.031377	1.0630202	1.3691988	1.4808172	1.7789185	2.40772	1.2764888	1.4533515	1.7972972	10	1.7008731	0.4537478	1.7786914	Binding_SOS	1.0240294	0.27318385	1.0708808
S170E	S170E	170	170	0.35111403	0.3164996	0.3031895	0.07358242				-0.70651346	0.35867637	-0.66495115	7	0.004513902	0.48142475	1.8871851	Binding_SOS	0.0027176442	0.28984705	1.1362004
S170R	S170R	170	170	-0.15599582	0.07822236	0.24766995	-0.059903402	-0.15683341	0.05711145	0.3505504				7	0.051545937	0.19473374	0.76335627	Binding_SOS	0.031033797	0.117241584	0.459587
S180A	S180A	180	180	-0.0068690395	-0.18031125	-0.027278416	-0.29904258	-0.37209898	-0.042580694	0.007556969	-0.070013925	0.02836627	0.08014442	10	-0.08821272	0.14808881	0.5805082	Binding_SOS	-0.053109437	0.0891585	0.3495013
S180C	S180C	180	180	0.20915332	0.01911544				-0.10062886	-0.011953425	-0.23513886	0.17257743	0.0736583	7	0.018111905	0.15415472	0.6042865	Binding_SOS	0.010904471	0.09281054	0.36381733
S180D	S180D	180	180			0.10023821	-0.30002603	-0.24820384	0.05096283	-0.30936542	0.2374101	0.44192562		7	-0.003865506	0.29198456	1.1445795	Binding_SOS	-0.0023272703	0.1757925	0.68910664
S180E	S180E	180	180	-0.023081997	0.11690796	-0.040605098	0.345688	0.020657582	-0.034298427	-0.09215576	-0.135098	-0.23897146	-0.16926906	10	-0.025022626	0.16438253	0.64437956	Binding_SOS	-0.015065147	0.098968305	0.38795575
S180F	S180F	180	180				0.51206505	0.54035896	0.3846276	0.82355416	0.84281266	0.49186048	0.7454009	7	0.6200971	0.18102378	0.7096132	Binding_SOS	0.37333626	0.108987354	0.42723045
S180G	S180G	180	180		0.71211153	0.19392721	0.62112445	-0.7669419	0.54651946	0.7527831	0.6704946			7	0.39000267	0.5429734	2.1284559	Binding_SOS	0.23480539	0.3269031	1.2814602
S180L	S180L	180	180	0.32783285	0.19322863	-0.14250343	0.03489091	0.38795003	0.28190097	0.37936535	0.185806	0.24557771	0.054142028	10	0.1948191	0.16945879	0.66427845	Binding_SOS	0.11729297	0.102024525	0.39993614
S180P	S180P	180	180	-0.26071033			0.42345342	0.3080385	0.5835306	0.15245664	0.12327934	0.5928847	0.25609216	8	0.27237812	0.27895108	1.0934882	Binding_SOS	0.16398823	0.16794556	0.6583466
S180R	S180R	180	180	-0.31749815	-0.07456711	0.07508232	-0.20320973	-0.046690322	-0.32989442	-0.02777731	-0.13105407	-0.2891981	0.023265438	10	-0.13215414	0.145977	0.57222986	Binding_SOS	-0.07956485	0.087887056	0.34451726
S180V	S180V	180	180	0.09941795	-0.08402293	-0.11621183	-0.18696426	-0.5154229	-0.506824	-0.26404664	-0.044274688	-0.2652817	-0.017906807	10	-0.19015378	0.20240971	0.7934461	Binding_SOS	-0.11448417	0.12186299	0.47770295
S180W	S180W	180	180	-0.97968024	1.2080693	1.2322023	1.2616413	0.11123929	1.3982791	1.4163957	1.2275776	-1.4644432	0.43201405	10	0.58432955	1.0502259	4.1168857	Binding_SOS	0.35180202	0.6323	2.4786162
S38A	S38A	38	38	-0.20696943	-0.044557445	-0.15595631	-0.23699838	-0.41583547	-0.244339	-0.1626662	-0.17191684	-0.23201205	-0.049845867	10	-0.19210969	0.10604063	0.41567928	Binding_SOS	-0.11566175	0.06384292	0.25026426
S38C	S38C	38	38	-0.20415334	-0.11327713	-0.013287144	-0.09407191	-0.1439019	-0.10077799	-0.059616286	-0.1363208	-0.15591767	-0.21204878	10	-0.12333729	0.06118452	0.23984332	Binding_SOS	-0.07425657	0.036836814	0.14440031
S38D	S38D	38	38	0.78242123	0.7114427	0.74267393	0.9073069	0.68607354	0.6617483	0.8391618	0.64160657	0.77024454	0.7769907	10	0.7519671	0.081656806	0.32009467	Binding_SOS	0.45273003	0.049162377	0.19271652
S38E	S38E	38	38	0.71713763	0.597227	0.61968744	0.5988995	0.5778478	0.5118959	0.54771066	0.44676727	0.61226153	0.75744265	10	0.59868777	0.09037363	0.35426462	Binding_SOS	0.36044654	0.054410435	0.2132889
S38F	S38F	38	38	0.20887469	0.37926736	0.23770185	0.38744265	0.31343043	0.33422	0.3660704	0.39055613	0.23941945	0.3848917	10	0.32418746	0.070756055	0.27736375	Binding_SOS	0.19518061	0.04259946	0.16698988
S38G	S38G	38	38	-1.4352671	-1.3606677	-1.4471515	-1.2134632	-1.4112045	-1.3504773	-1.290333	-1.2637033	-1.3524989	-1.2943773	10	-1.3419144	0.076496065	0.2998646	Binding_SOS	-0.8079143	0.046055295	0.18053676
S38H	S38H	38	38	2.0811224	1.9383909	1.4901488	2.387819	2.0284505	1.9583547	2.1517868	1.5600101	2.063782	2.02028	10	1.9680145	0.26544538	1.040546	Binding_SOS	1.1848648	0.1598143	0.62647206
S38I	S38I	38	38	0.01608543	-0.0036289368	0.021475235	-0.14712611	0.050596233	-0.094378054	-0.0035124703	-0.029930439	-0.10557741	-0.12734227	10	-0.04233388	0.07007585	0.27469733	Binding_SOS	-0.025487576	0.042189933	0.16538455
S38K	S38K	38	38	1.9432731	2.0194752	2.437822	2.3977365	2.3205523	2.4163246	2.5102694	2.1551857	2.2221801	2.4315827	10	2.2854402	0.19289717	0.7561569	Binding_SOS	1.3759743	0.11613586	0.45525256
S38L	S38L	38	38	-0.072847486	-0.086991884	-0.12631583	-0.2031835	-0.1075907	-0.07900776	0.10027664	-0.12496256	-0.071671486	0.013755871	10	-0.07585387	0.08259037	0.32375425	Binding_SOS	-0.045668654	0.04972444	0.19491981
S38M	S38M	38	38	-0.100598775	0.012860126	-0.026726888	0.055941705	0.14798689	0.12548171	-0.10007255	0.268401	0.011582721	0.003099286	10	0.039795525	0.11456954	0.4491126	Binding_SOS	0.023959333	0.06897785	0.27039316
S38N	S38N	38	38	0.45934367	0.4404147	0.2895409	0.56776476	0.5131131	0.47895873	0.49134168	0.31127462	0.35756764	0.48233637	10	0.4391656	0.09066797	0.35541844	Binding_SOS	0.26440448	0.054587647	0.21398358
S38P	S38P	38	38	2.2567353	2.678447	3.2408478	2.5805893	2.3540714	2.0091498	3.1963377	2.816485	2.2388446	2.4986293	10	2.5870137	0.4063577	1.5929222	Binding_SOS	1.55754	0.24465212	0.95903635
S38Q	S38Q	38	38	0.5891028	0.6617642	0.16558129	0.35475457	0.3500493	0.33059675	0.67037445	0.66124207	0.83148915	1.0007042	10	0.5615659	0.2573226	1.0087047	Binding_SOS	0.3380969	0.1549239	0.6073017
S38R	S38R	38	38	2.7918625	2.4471126	2.3731406	2.9027238	2.4873683	2.733179	3.094392	2.7183397	2.714293	2.2508507	10	2.6513262	0.25836393	1.0127866	Binding_SOS	1.5962601	0.15555084	0.6097593
S38T	S38T	38	38	0.6936924	0.8456319	0.66664714	0.80123335	0.73312134	0.65863776	0.7066995	1.2245535	0.83815277	0.88475883	10	0.8053128	0.16764121	0.65715355	Binding_SOS	0.48484743	0.10093023	0.3956465
S38V	S38V	38	38	0.34238097	0.36439782	0.3818302	0.3647693	0.3743729	0.29761964	0.22052845	0.35698923	0.26180485	0.35761595	10	0.33223093	0.054083373	0.21200682	Binding_SOS	0.20002328	0.03256149	0.12764104
S38W	S38W	38	38	1.1416045	0.8286961	0.74769306	0.9172573	0.7608016	0.94296926	0.8942381	1.0814655	0.74639475	0.82795	10	0.8889071	0.13690749	0.53667736	Binding_SOS	0.5351763	0.08242665	0.3231125
S38Y	S38Y	38	38	1.299106	1.319359	1.0494744	1.2905492	1.3396862	1.1790369	1.0136943	1.0306516	1.2420926	1.018515	10	1.1782163	0.13671927	0.5359396	Binding_SOS	0.7093581	0.08231334	0.32266828
S64A	S64A	64	64	0.43117455	0.3315753	0.3774228	0.36568737	0.36829484	0.5313829	0.506305	0.4287846	0.3175364	0.41641602	10	0.40745798	0.070119254	0.27486748	Binding_SOS	0.24531455	0.042216066	0.16548698
S64C	S64C	64	64	0.25618804	0.3457667	0.16997105	0.33322924	0.37003526	0.39293855	0.32421756	0.32198447	0.40364277	0.44208744	10	0.3360061	0.07789193	0.3053364	Binding_SOS	0.20229617	0.04689569	0.18383111
S64D	S64D	64	64			-0.0953183	-0.42610446	-0.37345898	-0.3288967	-0.4831147	-0.30632997	-0.6422586		7	-0.37935454	0.16865161	0.66111434	Binding_SOS	-0.22839457	0.101538554	0.39803115
S64E	S64E	64	64	-0.019851334	-0.13978456	-0.29305294	-0.17450203	-0.23756492	0.15025061	-0.020416588	-0.33671	-0.29448035	-0.17527133	10	-0.15413836	0.15235923	0.5972482	Binding_SOS	-0.09280069	0.091729544	0.35957983
S64F	S64F	64	64	0.9507072	0.64387614	0.7187629	0.99695486	0.68410337	0.9138666	0.7686957	0.7966342	1.341027	0.6764016	10	0.849103	0.21180251	0.8302659	Binding_SOS	0.51121175	0.12751803	0.4998707
S64G	S64G	64	64	0.04437158	0.01057799	0.106506914	0.25013962	0.05651649	0.1732502	0.13137534	0.11342235	0.13978085	0.061278224	10	0.10872196	0.0702513	0.2753851	Binding_SOS	0.06545725	0.042295568	0.16579863
S64H	S64H	64	64	-0.6015067	-0.028676935	0.094402865	0.025151305	0.303323	0.19598278	-0.0076294774	-0.07251047	-0.3940705	-0.22272341	10	-0.070825756	0.2713427	1.0636634	Binding_SOS	-0.042641424	0.16336484	0.6403902
S64I	S64I	64	64	0.303798	0.14626098	-0.11042525	0.15623796	0.08038658	0.15854582	-0.025318054	0.009956087	-0.08016048	0.14878263	10	0.07880642	0.12870547	0.5045255	Binding_SOS	0.047446273	0.07748854	0.30375507
S64K	S64K	64	64	1.0915775	0.9939382	1.152645	1.1393954	0.9031095	0.91696125	1.075278	0.97686887	1.0678266	1.0529112	10	1.037051	0.086481825	0.33900875	Binding_SOS	0.6243679	0.052067332	0.20410395
S64L	S64L	64	64	0.27033162	0.32669976	0.26987925	0.27821663	0.070339926	0.2916379	0.34806344	0.28395626	0.28184536	0.31094733	10	0.27319175	0.07573246	0.29687124	Binding_SOS	0.1644781	0.04559556	0.1787346
S64M	S64M	64	64	0.18055253	-0.02101243	0.016790424	0.045140684	0.3303157	-0.038645666	0.059138976	0.0034549113	0.11134216	0.09112756	10	0.07782049	0.11035935	0.43260866	Binding_SOS	0.046852678	0.066443056	0.26045677
S64N	S64N	64	64	-0.11221589	0.17226657	-0.3709936	-0.27992564	-0.05660665	-0.20632984	-0.0010762935	-0.42537856	-0.33819604	0.33740476	10	-0.12810512	0.24700348	0.9682537	Binding_SOS	-0.07712709	0.14871116	0.58294773
S64P	S64P	64	64	-0.14862019	-0.23913012	-0.30206552	-0.034999326	-0.15031299	-0.025119197	0.011882784	-0.09984705	-0.0405277	-0.16992128	10	-0.11986606	0.10105682	0.39614275	Binding_SOS	-0.072166674	0.06084237	0.23850209
S64Q	S64Q	64	64	0.51565415	0.45691657	0.38626897	0.37768045	0.2652437	0.55579925	0.4906201	0.43391058	0.44466078	0.34686723	10	0.42736214	0.08591175	0.33677408	Binding_SOS	0.25729808	0.051724114	0.20275854
S64R	S64R	64	64	1.2355355	1.3303679	1.3073418	1.358286	1.2788626	1.4312955	1.36042	1.3266367	1.3036158	1.3305278	10	1.3262889	0.05229017	0.20497748	Binding_SOS	0.7985068	0.031481873	0.12340894
S64T	S64T	64	64	0.11619097	0.042092647	0.27983198	0.14660515	0.15302198	0.26395097	0.33369884	0.23650129	0.18536955	0.17893493	10	0.19361983	0.08624123	0.33806562	Binding_SOS	0.11657094	0.051922478	0.20353612
S64V	S64V	64	64	0.32962784	0.33700967	0.21297958	0.42483103	0.3504572	0.22921108	0.41177514	0.2762927	0.34210727	0.38357478	10	0.32978663	0.071415	0.2799468	Binding_SOS	0.19855165	0.042996183	0.16854504
S64W	S64W	64	64	0.842189	1.0551145	0.90898526	0.9386175	1.1158978	0.76226217	0.91174436	1.0697439	0.91260755	0.94411325	10	0.94612753	0.107670575	0.42206866	Binding_SOS	0.56962645	0.06482425	0.25411108
S64Y	S64Y	64	64	-0.08056421	-0.3317018	0.12653063	0.04762897	-0.1656961	0.015018677	-0.011012771	0.0024120347	0.49033564	0.37179056	10	0.046474166	0.24029191	0.9419443	Binding_SOS	0.027980281	0.14467038	0.5671079
S88G	S88G	88	88	-0.41017935	-0.5133193	-0.50286776	-0.366039	-0.32506087	-0.40774605	-0.5215513	-0.31319916	-0.40131813	-0.48401293	10	-0.42452937	0.07724995	0.30281982	Binding_SOS	-0.25559255	0.04650918	0.18231599
T123A	T123A	123	123	-0.1215823	-0.07539159	-0.17962909	-0.03770083	0.026788337	-0.031874467	0.006648783	-0.1177865	-0.022201879	-0.037902206	10	-0.059063174	0.06398827	0.25083402	Binding_SOS	-0.035559632	0.03852484	0.15101738
T123C	T123C	123	123	-0.23423038	-0.19736144	-0.07115294	-0.0706662	-0.15032947	-0.06861901	-0.17000574	-0.18144822	-0.110712476	-0.16348213	10	-0.1418008	0.058607712	0.22974224	Binding_SOS	-0.08537273	0.035285417	0.13831884
T123D	T123D	123	123	-0.30890995	-0.20444563	-0.13269752	-0.20123419	-0.3526335	-0.260256	-0.24417242	-0.18885754	-0.1582493	-0.43233144	10	-0.24837875	0.09293451	0.3643033	Binding_SOS	-0.14953916	0.055952244	0.2193328
T123E	T123E	123	123	-0.023305709	-0.14868131	-0.09781698	-0.013968627	0.004384943	-0.11932046	-0.16550884	-0.12098097	-0.18395461	-0.18271501	10	-0.10518676	0.07093054	0.2780477	Binding_SOS	-0.06332884	0.04270451	0.16740169
T123F	T123F	123	123	-0.00045363608	-0.09475859	-0.11425465	0.08138751	0.015064467	-0.011993603	-0.13266596	-0.05951411	-0.09686071	0.08181419	10	-0.033223506	0.07832125	0.3070193	Binding_SOS	-0.020002576	0.047154166	0.18484433
T123G	T123G	123	123	-0.2251123	-0.24719766	-0.23305055	-0.22860463	-0.083348304	-0.108122595	-0.22001295	-0.20416567	-0.159762	-0.1632807	10	-0.18726574	0.05635359	0.22090608	Binding_SOS	-0.11274539	0.033928297	0.13299893
T123H	T123H	123	123	-0.029649269	0.0074536954	-0.098252356	0.035774928	-0.2084026	-0.07033606	-0.017052736	-0.016045464	-0.041010723	-0.014447753	10	-0.04519684	0.06852262	0.26860866	Binding_SOS	-0.027211253	0.041254792	0.16171879
T123I	T123I	123	123	-0.016459016	-0.098937444	-0.09367331	-0.07632996	0.038317483	-0.047190342	-0.017601445	-0.022276143	-0.091406934	-0.03182527	10	-0.045738243	0.044234067	0.17339754	Binding_SOS	-0.027537212	0.026631605	0.104395896
T123K	T123K	123	123	-0.1447467	-0.1173025	-0.36692312	-0.09878201	-0.11542135	-0.058687944	-0.0011151249	-0.075773075	-0.13293199	-0.1599272	10	-0.12716112	0.0961245	0.37680805	Binding_SOS	-0.07655875	0.05787281	0.22686142
T123L	T123L	123	123	-0.014965308	-0.02806817	-0.07201435	-0.06566871	-0.02003002	-0.019518308	-0.08848692	-0.10435089	-0.008617982	-0.031128135	10	-0.045284882	0.034233615	0.13419577	Binding_SOS	-0.02726426	0.020610724	0.08079404
T123M	T123M	123	123	0.03360298	-0.008322256	-0.043976896	0.061727464	-0.113460585	-0.074394755	-0.09191753	0.09791758	0.08826363	0.08325172	10	0.0032691353	0.08027846	0.31469157	Binding_SOS	0.0019682187	0.04833253	0.18946353
T123N	T123N	123	123	0.019070549	-0.09919676	-0.14980389	-0.08021138	-0.08657451	-0.06745932	-0.09182222	-0.03382494	0.02043388	-0.056066904	10	-0.06254555	0.05285377	0.20718679	Binding_SOS	-0.037656236	0.03182119	0.12473907
T123P	T123P	123	123	-0.09755408	-0.08583646	-0.121393666	-0.21734424	-0.04439108	-0.024050241	0.0068799513	-0.14576131	-0.27177206	-0.030686557	10	-0.10319097	0.08883209	0.34822178	Binding_SOS	-0.06212726	0.053482335	0.20965075
T123Q	T123Q	123	123	-0.07482594	0.021139981	0.033124756	-0.07289147	-0.049998086	-0.12270303	0.019237703	-0.1357358	-0.011072056	-0.19312015	10	-0.05868441	0.07585495	0.29735142	Binding_SOS	-0.035331592	0.045669306	0.17902368
T123R	T123R	123	123	-0.07824202	-0.11325568	-0.12760834	-0.023759015	-0.047484104	-0.10503173	-0.023993831	-0.070719	-0.03608918	-0.07809383	10	-0.07042767	0.037209366	0.14586072	Binding_SOS	-0.042401753	0.022402307	0.08781704
T123S	T123S	123	123	-0.1433409	-0.27953678	-0.18532437	-0.20141944	-0.17582645	-0.13505869	-0.13861577	-0.09635088	-0.1357757	-0.15957229	10	-0.16508213	0.05014781	0.19657941	Binding_SOS	-0.09938951	0.030192038	0.11835279
T123V	T123V	123	123	-0.031929236	-0.14817399	-0.040283132	-0.014010945	-0.08891788	-0.13840322	-0.079554446	-0.03641066	-0.050053146	-0.016279718	10	-0.064401634	0.04807999	0.18847357	Binding_SOS	-0.03877371	0.028947085	0.11347257
T123W	T123W	123	123	-0.19087385	-0.27121726	-0.3894778	-0.1658072	-0.12554593	-0.15224403	-0.1525467	-0.22236732	-0.08553076	-0.01680279	10	-0.17724136	0.102354065	0.40122795	Binding_SOS	-0.106710106	0.061623387	0.24156368
T123Y	T123Y	123	123	-0.14216675	-0.12648456	-0.061171442	-0.057478134	-0.14939559	-0.12337	-0.09009967	-0.10748355	-0.14424095	-0.17388384	10	-0.11757745	0.038386557	0.15047531	Binding_SOS	-0.07078879	0.023111047	0.090595305
T126A	T126A	126	126	0.080902696	-0.06531529	-0.039493594	-0.0025033064	0.011988212	-0.026984872	-0.08059175	-0.081958815	-0.12366911	-0.033485916	10	-0.036111176	0.057577685	0.22570452	Binding_SOS	-0.02174113	0.034665275	0.13588788
T126C	T126C	126	126	-0.026694937	-0.1432211	-0.32788363	-0.14587113	-0.16324332	-0.026556756	-0.11679366	-0.038833987	-0.061569694	-0.08193456	10	-0.113260284	0.091127895	0.35722136	Binding_SOS	-0.0681896	0.05486455	0.21506903
T126D	T126D	126	126	-0.19748285	-0.17066848	-0.25893715	-0.25788367	-0.22074598	-0.29278055	-0.32472298	-0.14998125	-0.09007506	-0.14834137	10	-0.21116193	0.07325247	0.2871497	Binding_SOS	-0.12713236	0.044102453	0.17288162
T126E	T126E	126	126	-0.00091371493	-0.073233925	-0.038949925	0.13040353	-0.06104259	0.12600096	0.067288764	-0.06924564	0.089691505	0.09744984	10	0.026744882	0.0837984	0.32848975	Binding_SOS	0.01610205	0.050451748	0.19777085
T126F	T126F	126	126	0.06529259	0.01794073	0.0016794798	0.13984141	-0.04267038	0.08812779	-0.0032778522	0.10351295	0.13553351	0.103380755	10	0.0609361	0.06357953	0.24923176	Binding_SOS	0.036687247	0.038278755	0.15005273
T126G	T126G	126	126	-0.10102741	-0.13634025	-0.04847516	-0.011883846	-0.06494484	0.0761154	-0.06381648	-0.14671144	-0.17931545	-0.055658184	10	-0.07320576	0.07345101	0.287928	Binding_SOS	-0.04407433	0.04422199	0.1733502
T126H	T126H	126	126	-0.10153311	-0.041032992	-0.07540608	-0.06200739	-0.038133323	0.050326776	-0.039810814	-0.021744616	-0.056617033	0.047000263	10	-0.03389583	0.048868958	0.19156632	Binding_SOS	-0.020407358	0.029422093	0.11533461
T126I	T126I	126	126	0.021942336	-0.06573886	-0.09956968	-0.046740264	-0.1398199	-0.048771963	-0.1375438	0.03120546	-0.08598894	-0.015023945	10	-0.058604956	0.059625342	0.23373134	Binding_SOS	-0.035283756	0.035898093	0.14072053
T126K	T126K	126	126	0.24724567	0.07232592	0.18710156	0.3463441	0.157303	0.19955501	0.10913129	0.16815037	0.20184433	0.2596026	10	0.19486038	0.077819064	0.30505073	Binding_SOS	0.11731783	0.04685182	0.18365914
T126L	T126L	126	126	0.046185803	0.03630863	-2.8723014e-05	-0.0039438177	0.024116687	0.012883345	0.057686247	-0.014900256	0.05268725	-0.08746877	10	0.01235264	0.04303122	0.16868238	Binding_SOS	0.0074370424	0.025907418	0.101557076
T126M	T126M	126	126	0.0879533	-0.020771489	0.004907652	0.076185346	-0.018010221	0.06905427	0.00023002306	-0.08113629	-0.08405379	0.041442685	10	0.0075801476	0.061354607	0.24051006	Binding_SOS	0.004563711	0.036939215	0.14480172
T126N	T126N	126	126	-0.027328169	-0.10911979	-0.05025652	0.012654074	0.024154132	0.038709253	-0.002542555	-0.0936444	-0.07999719	-0.03710877	10	-0.032447994	0.05103948	0.20007476	Binding_SOS	-0.01953567	0.030728878	0.1204572
T126P	T126P	126	126	-0.046593033	0.16575314	0.026245512	0.04467346	-0.046736225	0.062769726	-0.023960207	-0.017555008	-0.03188552	-0.08511031	10	0.004760155	0.07254884	0.28439143	Binding_SOS	0.0028659035	0.043678824	0.17122099
T126Q	T126Q	126	126	0.018629396	0.072952665	-0.029051997	0.009099219	0.09568663	0.22359091	0.026297633	-0.004412636	0.03188928	0.063629195	10	0.05083103	0.071245655	0.279283	Binding_SOS	0.03060338	0.04289423	0.16814539
T126R	T126R	126	126	0.09697054	0.054475266	0.062498696	0.15580171	0.06589723	0.15117651	0.15479904	0.080815084	0.029184893	0.0048685935	10	0.08564875	0.053499814	0.20971927	Binding_SOS	0.05156577	0.03221015	0.12626378
T126S	T126S	126	126	-0.095628604	-0.07144588	-0.0556139	0.00092065905	-0.19893424	-0.08300695	-0.04104017	-0.07836538	-0.06509527	-0.06510292	10	-0.07533126	0.050948013	0.19971621	Binding_SOS	-0.045354012	0.03067381	0.12024134
T126V	T126V	126	126	0.030718964	0.064498454	-0.019927572	-0.034119412	-0.03073674	0.07387494	-0.00557518	-0.04380008	-0.06165597	0.0594301	10	0.0032707513	0.04971379	0.19487806	Binding_SOS	0.0019691917	0.029930733	0.11732848
T126W	T126W	126	126	-0.002576926	-0.01570959	-0.104119435	0.00880493	-0.016460104	-0.1162931	0.10400903	0.06871773	0.028003627	0.00459779	10	-0.004102605	0.06761318	0.26504365	Binding_SOS	-0.0024700183	0.040707257	0.15957245
T126Y	T126Y	126	126	-0.09125087	-0.1675008	-0.17094792	-0.07780178	-0.07448845	-0.065911196	-0.14081275	-0.055797394	0.0722146	-0.13007627	10	-0.09023728	0.07086847	0.2778044	Binding_SOS	-0.054328345	0.04266714	0.1672552
T143F	T143F	143	143	0.879059	0.1264491	0.45732224	0.36669773	0.14613992	0.02689334	0.7063921	0.34350035	-0.017480265	0.3593465	10	0.339432	0.28842524	1.1306269	Binding_SOS	0.20435876	0.17364958	0.6807064
T143K	T143K	143	143	1.26757	1.0593143	-0.22886188	0.807738	0.8898848	0.858087	1.1064733	-0.106608704	1.0398681	0.9559515	10	0.7649417	0.51005095	1.9993998	Binding_SOS	0.46054155	0.30708176	1.2037605
T147S	T147S	147	147	0.8581542	0.30971858				0.6382367	0.853904	0.810728	0.34669054	1.4277502	7	0.7493118	0.37738588	1.4793527	Binding_SOS	0.4511314	0.22720931	0.8906605
T157A	T157A	157	157	-0.07853446	-0.25594497	-0.14298713	0.07966875	0.064562626	0.14037032	0.024164593	0.15087901	0.019703347	-0.16970804	10	-0.016782593	0.13826744	0.5420084	Binding_SOS	-0.010104144	0.083245434	0.3263221
T157C	T157C	157	157				0.58870167	-1.0878462	-0.14889686	-0.20996784	-0.06886955	-0.98514926	0.6346633	7	-0.18248068	0.67591923	2.6496034	Binding_SOS	-0.109864496	0.4069446	1.5952228
T157D	T157D	157	157	-0.5286511	-0.09650271	-0.018349973	-0.16990423	-0.126059	0.27549303	-0.5463251	-0.03338995	-0.43794748	-0.0914307	10	-0.17730673	0.25715172	1.0080348	Binding_SOS	-0.10674946	0.15482102	0.6068984
T157F	T157F	157	157	-0.30919966	-0.20321374	0.019422513	0.006038282	-0.20928653	0.122384034	-0.5505966	-0.39121357	-0.23468514	-0.110885255	10	-0.18612358	0.20364733	0.7982975	Binding_SOS	-0.112057745	0.12260811	0.4806238
T157G	T157G	157	157	-0.27371567	-0.18554938	-0.15496144	-0.07978949	-0.49452272	0.053216636	-0.22986998	-0.08196708	-0.022670545	-0.14848952	10	-0.1618319	0.15178171	0.5949843	Binding_SOS	-0.09743267	0.09138184	0.35821682
T157I	T157I	157	157	-0.03872407	0.10750468	-0.5731293	-0.35185874	-0.19571939	0.03501194	-0.2860924	-0.28844115	-0.16964953	-0.13974401	10	-0.1900842	0.19913897	0.78062475	Binding_SOS	-0.11444228	0.119893804	0.46998373
T157L	T157L	157	157	-0.078614764	-0.25252503	-0.27836692	0.12783962	0.12833826	0.010935148	0.037568633	0.010256528	-0.077773385	-0.07576935	10	-0.04481113	0.13888304	0.54442155	Binding_SOS	-0.026979033	0.083616056	0.32777494
T157M	T157M	157	157	0.013215268	-0.005908074	-0.18907504	-0.33475137	-0.050598647	0.05400951	0.058111504	-0.023855967	-0.012454665	-0.0416293	10	-0.053293683	0.12061263	0.4728015	Binding_SOS	-0.03208605	0.07261616	0.28465536
T157N	T157N	157	157	-0.21692444	-0.16850632	-0.3526826	-0.3775751	-0.19935916	-0.22725275	-0.19941932	-0.14742449	-0.13189203	-0.14801446	10	-0.21690507	0.084402606	0.33085823	Binding_SOS	-0.13059008	0.050815515	0.19919683
T157R	T157R	157	157	-0.6013415	-0.82661843	-0.60844296	-0.4997564	-0.51666504	-0.78799903	-0.63054526	-0.5946061	-0.6542947	-0.4680367	10	-0.61883056	0.116210796	0.45554632	Binding_SOS	-0.37257373	0.06996599	0.2742667
T157S	T157S	157	157	0.07960285	0.31013733	0.22242372	-0.14299116	0.08420482	-0.18035333	0.16547333	0.26627555	-0.12521519	0.4434285	10	0.112298645	0.2099048	0.82282686	Binding_SOS	0.06761063	0.1263755	0.49539196
T157V	T157V	157	157	-0.043260798	-0.27852628	-0.11571457	0.010094943	-0.019805934	-0.19816023	0.06792374	-0.24186683	-0.34852	-0.004129267	10	-0.11719652	0.1413609	0.5541347	Binding_SOS	-0.07055945	0.08510788	0.33362287
T157Y	T157Y	157	157	0.05735212	-0.38492945	-0.38186416	-0.06882601	-0.89533997	-0.31357864	-0.3438863	-0.2114372	-0.27156624	-0.38547444	10	-0.31995502	0.2502382	0.9809338	Binding_SOS	-0.19263244	0.15065867	0.590582
T182A	T182A	182	182	0.14531726	-0.6299263	-0.8184579	-0.8598179	-0.28053647	-0.35629597			0.65742975	-0.6688349	8	-0.35139033	0.52433425	2.0553904	Binding_SOS	-0.2115584	0.3156812	1.2374703
T182C	T182C	182	182	0.35762018	0.01801495	0.016812695	0.2820935	0.28855258	-0.23715897				0.32206422	7	0.14971416	0.22151303	0.86833113	Binding_SOS	0.09013705	0.13336435	0.5227883
T182D	T182D	182	182	-0.66179276	0.20868859	-0.3342467	-0.41220462	-0.3289393	-0.4520878	-0.6516112	-0.26350048	-0.28930274	-0.30774313	10	-0.349274	0.2422686	0.94969296	Binding_SOS	-0.21028425	0.14586048	0.5717731
T182F	T182F	182	182	0.75804454	1.2363489	-0.030337818	0.56900275	0.7655482	1.9031682	0.8736451	0.59061193	1.5648354	0.55709183	10	0.8787959	0.5562079	2.180335	Binding_SOS	0.52908874	0.33487105	1.3126945
T182H	T182H	182	182		0.5393468	-0.30351612	0.4716259	0.0064803017	0.07149526	0.602007	0.5322025			7	0.2742345	0.34876484	1.3671582	Binding_SOS	0.1651059	0.2099777	0.8231126
T182I	T182I	182	182	0.22568443	0.5943006	0.37382007	0.89966476	1.1414204				-0.19926417	0.8681746	7	0.5576858	0.460515	1.8052188	Binding_SOS	0.33576086	0.2772581	1.0868517
T182K	T182K	182	182	-0.28730696	0.078842394	-0.672393				-0.27911055	-0.21093328	-0.24915753	-0.36591902	7	-0.28371114	0.22203659	0.87038344	Binding_SOS	-0.1708114	0.13367957	0.5240239
T182L	T182L	182	182	0.37147075	0.5752155	0.3993103	0.5466086	0.074979536	0.37808144	0.60476327	0.47004172	0.43718892	0.54224	10	0.43998998	0.15332781	0.601045	Binding_SOS	0.2649008	0.092312686	0.36186573
T182M	T182M	182	182	0.29769754				-0.18144223	0.28567415	0.1929615	0.44894943	-0.35452193	-0.014954532	7	0.09633771	0.28950742	1.1348691	Binding_SOS	0.05800118	0.17430112	0.6832604
T182N	T182N	182	182	0.27803275	0.4957876	0.10039847	0.40233818	0.3301511	-0.22088921	0.6211994	0.31385696	0.58774227	0.115037106	10	0.30236548	0.2542256	0.9965644	Binding_SOS	0.18204245	0.15305932	0.5999925
T182P	T182P	182	182				0.65714556	-0.0633443	-0.18209365	-0.9446356	0.7655124	-0.2258355	-0.9857867	7	-0.13986254	0.6871685	2.6937006	Binding_SOS	-0.08420578	0.41371733	1.6217719
T182R	T182R	182	182	0.6687842	0.62121326	0.6297833				0.7049507	-0.3709453	-0.3109976	0.6883334	7	0.37587455	0.4909025	1.9243379	Binding_SOS	0.22629939	0.29555324	1.1585687
T182W	T182W	182	182		-0.51400536	-0.41301322	0.18145815	0.24393603	-0.42546633	-0.24478222	-0.43273446			7	-0.22922961	0.31294003	1.226725	Binding_SOS	-0.1380102	0.18840899	0.73856324
T182Y	T182Y	182	182	1.2888795	1.4925272	0.95986325	1.4798585	0.84483904	1.52722				0.9587788	7	1.2217094	0.29370025	1.151305	Binding_SOS	0.73554355	0.17682546	0.6931558
T19A	T19A	19	19	-0.07800451	0.051740326	0.037241302	0.0269162	0.07295691	0.003125958	0.13324776	0.00808344	-0.10429469	0.102438495	10	0.025345117	0.07376632	0.28916398	Binding_SOS	0.015259306	0.044411823	0.17409435
T19C	T19C	19	19	-0.19943592	-0.15237705	-0.062595785	-0.1722025	0.019423572	-0.22264801	-0.11543552	-0.23269925	-0.2800048	-0.09412792	10	-0.15121031	0.089818485	0.35208848	Binding_SOS	-0.091037825	0.054076206	0.21197873
T19D	T19D	19	19	-0.2529343	-0.51120067	-0.7056295	-0.41960582	-0.348002	-0.37130362	-0.060556486	-0.29047737	-0.25664917	-0.37964815	10	-0.35960072	0.17100185	0.67032725	Binding_SOS	-0.21650156	0.10295354	0.40357786
T19E	T19E	19	19	0.030327572	-0.27456787	-0.06581344	-0.0050425534	-0.30259562	0.0073620453	-0.18290108	-0.103756435	-0.02093755	-0.024547294	10	-0.094247214	0.119590126	0.4687933	Binding_SOS	-0.05674257	0.07200055	0.28224215
T19F	T19F	19	19	0.609196	0.35394955	0.47324246	0.6051317	0.63113475	0.58046365	0.617975	0.36429328	0.39139494	0.62873685	10	0.52555186	0.11684156	0.45801893	Binding_SOS	0.31641427	0.070345744	0.27575532
T19G	T19G	19	19	-0.24828817	-0.23582086	-0.34446827	-0.2820761	-0.27570438	-0.24292804	-0.10733792	-0.19110857	-0.34039712	-0.35957488	10	-0.2627704	0.07690973	0.30148613	Binding_SOS	-0.15820381	0.046304345	0.18151304
T19H	T19H	19	19	2.4523523	1.7457196	2.061459	1.8987387	1.931074	2.0805821	2.160211	2.059764	1.8819398	2.0902436	10	2.0362084	0.19228666	0.7537637	Binding_SOS	1.2259216	0.11576829	0.4538117
T19I	T19I	19	19	-0.15134673	-0.108752705	-0.109864764	0.020881439	-0.10354907	-0.39034805	0.006919763	-0.011981317	0.10651162	-0.073416874	10	-0.081494674	0.13368525	0.5240462	Binding_SOS	-0.049064763	0.08048667	0.31550774
T19K	T19K	19	19	0.7513473	1.081241	0.8521574	1.003377	0.8163665	0.88067573	1.2078805	1.0586201	0.9379874	0.9506401	10	0.95402926	0.13745956	0.5388415	Binding_SOS	0.5743838	0.08275904	0.32441545
T19L	T19L	19	19	-0.1068546	-0.06963151	-0.1882769	-0.00027038401	-0.19761056	-0.26673523	-0.2379603	-0.10816044	-0.14245345	-0.14888836	10	-0.14668417	0.079954416	0.3134213	Binding_SOS	-0.08831281	0.048137434	0.18869874
T19M	T19M	19	19	0.17399535	0.46114144	0.39484105	0.28558248	0.29519477	0.2834839	0.37908956	0.18722598	0.3152918	0.14376445	10	0.2919611	0.10236784	0.40128195	Binding_SOS	0.17577839	0.061631683	0.2415962
T19N	T19N	19	19	-0.2968169	-0.5279958	-0.46277934	-0.36332858	-0.58317095	-0.8146049	-0.44843513	-0.27223614	-0.38556707	-0.4854716	10	-0.46404067	0.15738691	0.6169567	Binding_SOS	-0.27938077	0.09475652	0.37144557
T19P	T19P	19	19	0.89557004	0.7913752	0.90235037	0.73709005	0.81651527	0.9184357	0.7372961	0.75791574	0.8905883	0.6543277	10	0.81014645	0.089468226	0.35071546	Binding_SOS	0.48775756	0.05386533	0.21115209
T19Q	T19Q	19	19	-0.37129137	-0.6510584	-0.35917968	-0.6304329	-0.2799239	-0.8945006	-0.31093135	-0.24766874	-0.28649682	-0.25198781	10	-0.42834717	0.2199652	0.8622636	Binding_SOS	-0.25789112	0.13243246	0.51913524
T19R	T19R	19	19	2.0737104	1.7635831	1.9815645	2.216518	1.8331739	2.2190025	2.2034717	2.3070307	2.0096037	1.8143708	10	2.042203	0.19343309	0.75825775	Binding_SOS	1.2295307	0.11645851	0.45651737
T19S	T19S	19	19	-0.27075788	-0.110903814	-0.2680845	-0.27540568	-0.17602186	-0.19705696	-0.16181938	-0.26410687	-0.2643586	-0.15680456	10	-0.21453202	0.060839925	0.2384925	Binding_SOS	-0.12916136	0.036629345	0.14358704
T19V	T19V	19	19	0.32642883	0.28693828	0.43025544	0.30640036	0.27857742	0.27983627	0.3276616	0.30089074	0.23103212	0.36381012	10	0.3131831	0.054363336	0.21310428	Binding_SOS	0.18855532	0.032730043	0.12830177
T19W	T19W	19	19	2.143937	2.2530081	1.7570984	2.085789	2.3757238	2.636504	1.9558715	1.960845	1.867474	2.1229515	10	2.1159203	0.25802308	1.0114505	Binding_SOS	1.273913	0.15534563	0.6089549
T19Y	T19Y	19	19	1.5715909	1.4870603	1.9586111	1.8654894	1.5097244	1.5627283	2.0583	1.258594	1.704123	1.950307	10	1.692653	0.25744382	1.0091798	Binding_SOS	1.0190803	0.15499687	0.60758775
T1A	T1A	1	1	0.038738407	0.11017266	0.07365988	0.17658713	0.4660505	-0.024686279	0.07226684	0.11935959	0.12359558	0.103765205	10	0.12595096	0.13120629	0.51432866	Binding_SOS	0.07583016	0.078994185	0.30965722
T1C	T1C	1	1	-0.22899373	0.11555455	-0.10129066	0.33774897	0.18107717	-0.008360627	0.22613712	-0.019671157	0.017206911	0.26972207	10	0.07891307	0.17803942	0.69791454	Binding_SOS	0.04751048	0.10719059	0.42018712
T1D	T1D	1	1	-0.14918257	-0.14810365	-0.10644518	-0.087002866	-0.15990114	-0.2891843	0.08450799	-0.27705196	-0.08841699	-0.21303429	10	-0.14338149	0.107395515	0.42099044	Binding_SOS	-0.0863244	0.06465865	0.2534619
T1E	T1E	1	1	-0.21661028	0.013400138	-0.03902322	0.009158919	0.0013143611	-0.09690801	-0.1538716	0.056854527	-0.098481424	-0.09138818	10	-0.061555475	0.085093215	0.3335654	Binding_SOS	-0.03706015	0.051231302	0.2008267
T1F	T1F	1	1	0.42477992	0.22326393	0.25735554	0.31948328	0.025827326	0.03090807	0.26190352	0.3008645	0.6015017	0.19389972	10	0.26397875	0.17057909	0.66867006	Binding_SOS	0.1589313	0.10269901	0.40258014
T1G	T1G	1	1	0.04272111	0.0612999	0.07579222	0.024135092	0.12916064	0.09443763	0.09443033	0.15230735	-0.028609483	0.07876861	10	0.07244434	0.05181855	0.20312873	Binding_SOS	0.04361591	0.031197926	0.12229587
T1H	T1H	1	1	-0.10351412	0.13310516	-0.2919322	-0.10817019	-0.754372	0.20650053	0.16670689	0.23026286	0.062032126	-0.013548116	10	-0.047292907	0.29805937	1.1683928	Binding_SOS	-0.028473213	0.17944992	0.7034437
T1I	T1I	1	1	0.2952322	-0.32903302	0.24243155	0.31276652	0.17839214	0.32436433	0.20716928	0.22859718	0.11067393	0.24618524	10	0.18167794	0.19061877	0.7472256	Binding_SOS	0.1093812	0.114764124	0.44987538
T1K	T1K	1	1	0.042129062	0.063737035	0.026092393	0.0600113	0.051759213	0.05407845	0.0746572	0.049031142	0.075796194	0.039442115	10	0.05367341	0.015610095	0.061191574	Binding_SOS	0.032314666	0.009398229	0.03684106
T1L	T1L	1	1	0.3090545	0.33691135	0.35345155	0.35578114	0.61762255	0.656663	0.3555063	0.54000705	0.43959197	0.45297998	10	0.4417569	0.12388545	0.485631	Binding_SOS	0.2659646	0.07458659	0.29237944
T1M	T1M	1	1	0.039581746	-0.014528891	-0.18063143	0.06142549	-0.100152425	0.30977795	0.0892526	0.20107493	0.13305987	0.23486027	10	0.077372015	0.15113226	0.59243846	Binding_SOS	0.04658267	0.090990834	0.3566841
T1N	T1N	1	1	-0.4294806	-0.061912578	-0.26189062	-0.032129303	-0.1432701	-0.06810066	0.037246592	-0.13105276	-0.14739642	0.026151452	10	-0.121183515	0.14031199	0.550023	Binding_SOS	-0.07295986	0.084476374	0.3311474
T1P	T1P	1	1	0.79180616	0.35866114	0.6150478	0.46208924	0.17544779	0.4056943	0.631076	0.76658744	0.42191455	0.6377879	10	0.5266112	0.19444492	0.76222414	Binding_SOS	0.31705207	0.1170677	0.4589054
T1Q	T1Q	1	1	-0.5651667	-0.31868637	-0.34589323	-0.29307625	-0.45573038	-0.6348174	-0.4068778	-0.39981303	-0.4479143	-0.06745178	10	-0.3935427	0.15599564	0.6115029	Binding_SOS	-0.2369367	0.09391888	0.36816204
T1R	T1R	1	1	0.17178603	-0.025889141	0.039617423	0.11851551	0.26092607	0.05224328	0.2418442	0.014932262	0.14397015	0.07710716	10	0.109505296	0.09549773	0.37435108	Binding_SOS	0.06592886	0.057495456	0.2253822
T1S	T1S	1	1	0.024799805	0.069911584	0.026310313	0.03143595	-0.03710662	0.070576645	0.09681789	0.017116848	0.11070288	0.08060334	10	0.04911686	0.044516075	0.17450301	Binding_SOS	0.029571345	0.026801392	0.105061464
T1V	T1V	1	1	0.20907512	0.1534069	0.15427056	0.09898805	0.111010574	0.24999104	0.17790785	0.1507844	-0.08803859	0.12617506	10	0.1343571	0.09018671	0.3535319	Binding_SOS	0.08089116	0.054297898	0.21284777
T1W	T1W	1	1	0.51132953	0.35098886	0.3103202	0.36377642	0.6111872	0.5707005	0.6189213	0.52344006	0.52192205	0.69641155	10	0.5078998	0.12795609	0.50158787	Binding_SOS	0.30578667	0.07703737	0.30198652
T1Y	T1Y	1	1	-0.70326346	-0.09383514	0.08355473	0.061621048	-0.17633879	-0.0122233275	0.19173469	-0.10085502	-0.3070137	0.16649497	10	-0.0890124	0.2656413	1.0413139	Binding_SOS	-0.05359089	0.15993226	0.62693447
T34A	T34A	34	34	1.0543981	1.2746853	0.8988522	0.7615543	1.1065686	0.9778422	1.2585363	1.1713985	0.96394336	1.2056396	10	1.0673419	0.16726664	0.65568525	Binding_SOS	0.64260495	0.100704715	0.3947625
T34C	T34C	34	34	-1.0111669	-0.9271707	-1.1711849	-1.2234876	-1.2349917	-1.0349401	-1.4559466	-1.1827428	-1.0105369	-1.1976753	10	-1.1449844	0.15325572	0.6007624	Binding_SOS	-0.6893504	0.09226929	0.36169562
T34D	T34D	34	34	2.4879305	2.4790332	2.7538042	2.2827196	2.7363276	2.775034	2.3328052	2.2858994	1.7555455	2.2768176	10	2.4165914	0.30767113	1.2060709	Binding_SOS	1.4549354	0.18523678	0.7261282
T34E	T34E	34	34	2.171669	1.6683737	1.8409975	2.2392201	2.060348	2.159204	2.2016118	1.2456765	1.7313505	1.9655719	10	1.9284023	0.31317174	1.2276332	Binding_SOS	1.1610157	0.18854849	0.7391101
T34F	T34F	34	34	1.3340079	2.1854773	2.617204	2.2725239	1.8834872	2.1114979	1.7471435	2.2307959	2.6727548	1.7217417	10	2.0776634	0.4144713	1.6247275	Binding_SOS	1.25088	0.24953699	0.978185
T34G	T34G	34	34	2.9311306	2.3623898	2.8459365	2.4192603	2.6410058	2.1139417	2.580392	2.6367316	2.2732477	2.2013273	10	2.5005364	0.2719686	1.0661169	Binding_SOS	1.5054754	0.16374168	0.6418674
T34H	T34H	34	34	2.3922164	1.8559376	1.4365048	2.3881564	2.4499142	2.45834	1.8618666	2.781242	1.7849121	2.8696508	10	2.227874	0.46761656	1.8330569	Binding_SOS	1.341316	0.2815337	1.1036121
T34I	T34I	34	34	1.9233906	1.8697635	2.023098	2.1641972	1.869702	1.8744113	2.1246853	2.2546325	2.6943448	1.4056368	10	2.0203862	0.33244637	1.3031898	Binding_SOS	1.2163957	0.20015298	0.78459966
T34K	T34K	34	34	1.666539	1.9723098	2.4975798	2.492984	2.4607468	1.9716033	2.2091146	2.048288	1.7145936	2.303052	10	2.133681	0.30845988	1.2091627	Binding_SOS	1.2846061	0.18571165	0.7279897
T34L	T34L	34	34	2.1630816	2.1821725	2.681393	2.1547542	2.2530215	2.7713513	2.5907896	2.4854808	1.9427813	2.4210002	10	2.3645825	0.2673044	1.0478332	Binding_SOS	1.4236228	0.16093354	0.6308595
T34M	T34M	34	34	2.2325823	2.1540534	2.2641146	1.9994918	1.8551335	2.4949622	2.3345883	2.314282	2.083807	2.2695496	10	2.2002566	0.18346485	0.71918225	Binding_SOS	1.3246887	0.11045703	0.43299156
T34N	T34N	34	34	2.5047505	2.5511985	1.0938905	2.0958304	1.2841696	1.8489821	2.1232843	2.1766543	1.9875128	2.424705	10	2.0090978	0.48877838	1.9160113	Binding_SOS	1.2095994	0.2942744	1.1535556
T34P	T34P	34	34	1.5101773	2.2417555	1.0284237	1.6878928	2.11744	1.9675924	2.4397485	1.5197059	2.2695553	1.4730011	10	1.8255293	0.45026344	1.7650328	Binding_SOS	1.09908	0.27108604	1.0626572
T34Q	T34Q	34	34	2.4927988	2.1054256	1.6610627	2.3676674	2.2818155	2.13141	2.6972344	1.8733553	2.343855	1.6392012	10	2.1593826	0.3491689	1.3687421	Binding_SOS	1.30008	0.21022096	0.82406616
T34R	T34R	34	34	2.8420322	2.8444788	2.5491812	2.3725893	2.3574712	2.2586904	2.4181256	2.2614322	2.2778451	3.2040308	10	2.5385878	0.32086495	1.2577906	Binding_SOS	1.5283847	0.19318026	0.75726664
T34S	T34S	34	34	2.1217332	2.0193295	2.0219254	2.0927856	2.1402094	2.122706	2.0714715	2.0980937	1.9567935	2.0541816	10	2.069923	0.057386342	0.22495447	Binding_SOS	1.2462198	0.03455008	0.13543631
T34V	T34V	34	34	1.7187402	2.3151343	2.1735418	2.7060492	2.2573855	1.9169233	1.9576181	2.2331011	1.9567934	2.2888207	10	2.1524107	0.27674982	1.0848594	Binding_SOS	1.2958825	0.16662027	0.65315145
T34W	T34W	34	34	2.3093812	2.1150808	2.3127782	2.7936094	2.3520114	2.6247132	2.5633278	2.6888413	1.9831918	2.598065	10	2.4341	0.26165318	1.0256805	Binding_SOS	1.4654765	0.15753117	0.6175222
T34Y	T34Y	34	34	1.8293118	1.356245	1.8593276	1.1660072	1.4494592	2.0282152	1.8019413	2.7353258	1.7165201	1.9842712	10	1.7926626	0.43377283	1.7003895	Binding_SOS	1.0792922	0.2611577	1.0237381
T49A	T49A	49	49	-0.32037205	0.09889542	-0.043268736	-0.109317504	-0.07814823	-0.4816123	-0.5767605	-0.086264476	-0.09935626	-0.1275013	10	-0.18237057	0.2102725	0.8242682	Binding_SOS	-0.10979821	0.12659687	0.49625972
T49C	T49C	49	49	-0.30551228	-0.3972598	-0.2731761	-0.38222775	-0.37113416	-0.34806895	-0.0508839	-0.38848084	-0.32691446	-0.52419394	10	-0.33678526	0.120961405	0.47416872	Binding_SOS	-0.20276526	0.07282614	0.28547847
T49D	T49D	49	49	0.7427245	1.428057	1.1177713	1.1075586	1.1356474	1.2346146	1.5010991	1.5693759	1.3355079	1.0767956	10	1.2249153	0.24408345	0.95680714	Binding_SOS	0.73747367	0.14695312	0.57605624
T49E	T49E	49	49	1.2328826	1.1585157	0.75784576	1.3767471	1.6470293	1.5302982	0.94616723	1.8352256	2.0466068	1.9821059	10	1.4513425	0.43501204	1.7052473	Binding_SOS	0.87379664	0.26190376	1.0266628
T49F	T49F	49	49	1.0045816	1.4527463	1.333054	1.1766883	1.5906806	1.2155808	1.5193181	1.5341669	1.2393702	1.2068036	10	1.327299	0.19042857	0.74648	Binding_SOS	0.79911494	0.11464961	0.44942647
T49G	T49G	49	49	0.14048727	0.043497156	0.09761986	0.2515161	0.15642358	0.40142092	0.16465409	0.11599482	0.15110996	0.35026833	10	0.18729922	0.113188	0.44369698	Binding_SOS	0.11276555	0.06814608	0.26713264
T49H	T49H	49	49	0.69137675	0.92698234	0.67741007	0.8858723	0.8384659	0.6299484	0.8156563	0.60281736	0.76955646	0.80685544	10	0.7644941	0.10965416	0.42984432	Binding_SOS	0.46027207	0.06601849	0.2587925
T49I	T49I	49	49	0.4754892	0.38906896	0.514208	0.7043037	0.41258743	0.30761608	0.678404	0.575666	0.33346877	0.50086373	10	0.4891676	0.13483083	0.52853686	Binding_SOS	0.29450873	0.081176385	0.31821144
T49K	T49K	49	49	1.0552276	0.7481392	0.88809264	1.3250321	1.0809766	0.8446107	1.217488	1.0467775	0.97306013	1.1464624	10	1.0325868	0.17524694	0.686968	Binding_SOS	0.6216802	0.10550934	0.41359663
T49L	T49L	49	49	0.7330503	0.7732401	0.6968494	0.6987832	0.7897646	0.744185	0.7714545	0.8125627	0.8045176	0.5046169	10	0.7329024	0.08976929	0.35189563	Binding_SOS	0.44125193	0.054046586	0.21186262
T49M	T49M	49	49	0.787419	0.41712394	0.7311532	0.4961857	0.5492096	0.88378364	0.97606784	0.8023164	0.46937153	0.9938769	10	0.71065074	0.21390204	0.838496	Binding_SOS	0.42785507	0.12878208	0.5048258
T49N	T49N	49	49	1.0277504	0.79216444	1.1237857	1.4673349	0.9131406	0.96139866	0.82738006	1.0229079	0.82275444	1.1435212	10	1.0102139	0.20221514	0.79268336	Binding_SOS	0.6082103	0.12174584	0.4772437
T49P	T49P	49	49	-0.44786215	-0.47627428	-0.75520164	-0.46118504	-0.4113432	-0.47790378	-0.48092863	-0.6373102	-0.4203233	-0.5605056	10	-0.5128838	0.10843903	0.42508098	Binding_SOS	-0.30878732	0.065286905	0.25592467
T49Q	T49Q	49	49	1.3271754	1.4730202	0.90592456	1.0706841	0.97796345	1.2634007	0.95898354	0.9144641	0.8950245	0.9680425	10	1.0754683	0.20509863	0.80398667	Binding_SOS	0.6474975	0.12348188	0.48404896
T49R	T49R	49	49	0.76229036	1.1735241	0.85792744	1.06339	0.93674755	0.9266737	0.92457175	1.022129	0.84747124	0.9588531	10	0.9473578	0.11719986	0.45942345	Binding_SOS	0.57036716	0.07056146	0.27660093
T49S	T49S	49	49	0.1327626	0.18470699	0.16850597	0.09694325	0.05107484	0.095814414	0.03282031	0.1676602	0.115730226	0.19100457	10	0.12370233	0.05514077	0.21615183	Binding_SOS	0.07447635	0.033198107	0.13013658
T49V	T49V	49	49	-0.5894949	-0.45872155	-0.32025638	-0.41296563	-0.28795394	-0.52767646	-0.3610261	-0.33474204	-0.5240888	-0.4426527	10	-0.42595786	0.10055183	0.39416316	Binding_SOS	-0.2564526	0.060538333	0.23731028
T49W	T49W	49	49	1.7295489	1.265558	0.9881526	1.1546066	1.5887429	1.1820811	1.226229	1.2973269	1.4015642	1.059045	10	1.2892854	0.22950183	0.8996472	Binding_SOS	0.7762284	0.1381741	0.5416425
T49Y	T49Y	49	49	0.6189809	0.61529833	1.0326062	1.1775893	0.68054956	0.8860033	0.90618956	0.8917596	1.0248381	0.7683521	10	0.86021674	0.1886255	0.73941195	Binding_SOS	0.5179029	0.11356405	0.4451711
T57A	T57A	57	57	0.4249021	0.46173516	0.32403657	0.2955276	0.40171415	0.6086292	0.3674011	0.3274747	0.39524478	0.31568176	10	0.3922347	0.092794366	0.3637539	Binding_SOS	0.2361492	0.055867866	0.21900204
T57C	T57C	57	57	0.26260072	0.27693275	0.18796682	0.33908838	0.17670543	0.23407806	0.3920777	0.3362496	0.39260527	0.08700392	10	0.26853088	0.09966039	0.39066872	Binding_SOS	0.16167197	0.06000163	0.2352064
T57D	T57D	57	57	1.8711153	2.5020568	2.6625724	2.4686923	2.3821535	2.9998055	2.4961808	2.6728108	2.4017494	2.6648707	10	2.5122008	0.28902683	1.1329852	Binding_SOS	1.512498	0.17401177	0.68212616
T57E	T57E	57	57	2.1469045	2.2519715	2.2894156	1.9742767	2.4410653	1.9992219	2.2027705	2.2730021	1.9643805	2.4220018	10	2.1965013	0.17413488	0.6826087	Binding_SOS	1.3224276	0.10483982	0.4109721
T57F	T57F	57	57	-0.5700755	-0.5991216	-0.43857238	-0.65852773	-0.5267542	-0.41923785	-0.31204352	-0.5673693	-0.53106546	-0.76626724	10	-0.53890353	0.12800744	0.50178915	Binding_SOS	-0.3244528	0.077068284	0.3021077
T57G	T57G	57	57	0.68197614	0.5649892	0.51633096	0.6564264	0.5824401	0.46089086	0.54407525	0.70672375	0.54565704	0.6985138	10	0.5958024	0.084845915	0.332596	Binding_SOS	0.3587094	0.051082414	0.20024307
T57H	T57H	57	57	0.7019463	0.7012219	0.60387725	0.5678196	0.53829795	0.790352	0.9154898	0.80944693	0.7772517	0.7832802	10	0.7188984	0.11961697	0.46889853	Binding_SOS	0.43282068	0.07201671	0.2823055
T57I	T57I	57	57	0.25663096	0.33432066	0.20029835	0.2319318	0.4651306	0.16633302	0.5569753	0.343324	0.30422357	0.44008937	10	0.32992578	0.12532982	0.49129292	Binding_SOS	0.19863543	0.075456195	0.2957883
T57K	T57K	57	57	1.2284546	0.6413983	1.1036927	1.3106997	1.3065066	1.6819991	0.9100412	1.4494842	1.1264584	1.5596561	10	1.2318391	0.30713442	1.203967	Binding_SOS	0.74164224	0.18491365	0.7248615
T57L	T57L	57	57	1.5509259	1.5226116	1.6022816	1.6895276	1.7125788	1.7133323	1.6365297	1.4991671	1.6466291	1.5271561	10	1.610074	0.08158375	0.3198083	Binding_SOS	0.96936274	0.049118392	0.1925441
T57M	T57M	57	57	-0.17362484	0.23037413	0.07149142	-0.024490554	0.045639135	0.06280657	0.13115463	0.28639612	-0.007516445	0.15983513	10	0.078206524	0.13275778	0.52041054	Binding_SOS	0.047085095	0.07992828	0.31331885
T57N	T57N	57	57	1.169601	1.3171544	1.4513702	1.2111797	1.2761668	1.1854535	1.3106748	1.1960438	1.203709	1.3081797	10	1.2629533	0.08712967	0.3415483	Binding_SOS	0.7603749	0.052457374	0.20563291
T57P	T57P	57	57	0.938903	0.94440573	0.898918	0.9475933	0.80306834	0.92034113	0.9452056	0.9002383	0.87591666	0.894877	10	0.9069468	0.04438268	0.17398012	Binding_SOS	0.54603726	0.026721079	0.10474663
T57Q	T57Q	57	57	1.7389628	1.368477	1.1710349	1.4187691	1.4956388	1.4765496	1.6458524	1.7433748	1.3443063	1.1330315	10	1.4535997	0.21282953	0.83429176	Binding_SOS	0.8751556	0.12813635	0.5022945
T57R	T57R	57	57	1.669405	1.606698	1.5771694	1.7937499	1.5444123	1.8799626	1.5655092	1.6660936	1.5506288	1.7823231	10	1.6635952	0.11793829	0.4623181	Binding_SOS	1.0015857	0.07100604	0.27834368
T57S	T57S	57	57	0.6204345	0.67475367	0.47067803	0.6359359	0.54686093	0.5818914	0.62434465	0.62949425	0.6595767	0.5867468	10	0.6030717	0.059875958	0.23471376	Binding_SOS	0.36308593	0.03604898	0.141312
T57V	T57V	57	57	-0.23832329	-0.08481946	-0.25097144	-0.11084114	-0.045741666	-0.23633987	-0.10561131	-0.1983777	-0.23188014	-0.06610082	10	-0.15690069	0.08143199	0.31921342	Binding_SOS	-0.09446378	0.049027026	0.19218594
T57W	T57W	57	57	0.20203224	0.16137594	-0.14474235	-0.18405616	-0.2821976	-0.2143931	-0.34622943	-0.48340094	-0.64185184	-0.024081508	10	-0.19575445	0.26461565	1.0372934	Binding_SOS	-0.117856115	0.15931475	0.62451386
T57Y	T57Y	57	57	-0.54206425	-0.40293077	-0.46770737	-0.31235513	-0.340064	-0.37539285	-0.33472618	-0.1964375	-0.42145768	-0.21625362	10	-0.36093897	0.10610186	0.4159193	Binding_SOS	-0.21730727	0.06387979	0.25040877
T73A	T73A	73	73	-0.37985176	-0.4057223	-0.56314653	-0.28125274	-0.5420589	-0.39964417	-0.5914643	-0.49808818	-0.5470921	-0.3635796	10	-0.4571901	0.104282	0.40878543	Binding_SOS	-0.2752563	0.06278412	0.24611376
T73C	T73C	73	73	-0.53788024	-0.67432964	-0.4438069	-0.4714344	-0.30240855	-0.43701866	-0.59142727	-0.398451	-0.49420106	-0.75509953	10	-0.5106057	0.13394201	0.52505267	Binding_SOS	-0.30741575	0.080641255	0.3161137
T73D	T73D	73	73	0.27882564	0.0085523585	0.102940924	0.30545563	0.32466328	0.15983824	0.30980745	0.2752665	0.2545627	0.2412491	10	0.22611618	0.10335574	0.40515453	Binding_SOS	0.13613573	0.06222646	0.24392773
T73E	T73E	73	73	0.62246346	0.5254429	0.36100897	0.1432481	0.09107867	0.32756817	0.54845583	0.46599606	0.47520956	0.40975556	10	0.3970227	0.17172463	0.67316055	Binding_SOS	0.23903187	0.1033887	0.4052837
T73F	T73F	73	73	-0.9143842	-0.88663405	-0.81167555	-0.7702826	-0.6863396	-0.84047604	-1.0090796	-0.5140085	-0.90551364	-0.9049082	10	-0.8243302	0.14059015	0.55111337	Binding_SOS	-0.49629706	0.08464384	0.33180386
T73G	T73G	73	73	-0.13052982	-0.31218788	-0.1520317	-0.11239785	-0.17949034	-0.11042526	-0.16174497	-0.06514935	-0.092194825	-0.072185814	10	-0.13883379	0.071511544	0.28032526	Binding_SOS	-0.08358641	0.04305431	0.16877289
T73H	T73H	73	73	-0.64504236	-0.6783081	-0.8568835	-0.58767015	-0.75785357	-0.6742196	-0.92507166	-0.8551432	-0.71127033	-0.9100041	10	-0.7601467	0.119029485	0.4665956	Binding_SOS	-0.45765465	0.07166301	0.280919
T73I	T73I	73	73	-0.5416545	-0.7145891	-0.49818015	-0.3515096	-0.40604174	-0.5169372	-0.47849324	-0.72622865	-0.39072663	-0.56246424	10	-0.5186825	0.12602705	0.49402604	Binding_SOS	-0.31227848	0.07587597	0.2974338
T73K	T73K	73	73	1.1455612	1.237572	0.9462117	1.4645681	1.4449596	1.4456875	1.2806448	1.0117937	1.6429725	1.0708264	10	1.2690797	0.22761154	0.89223725	Binding_SOS	0.76406336	0.13703603	0.53718126
T73L	T73L	73	73	-0.45756012	-0.67978066	-0.54075354	-0.3767947	-0.38819328	-0.37914917	-0.42130566	-0.409009	-0.459799	-0.35341513	10	-0.44657597	0.0983771	0.38563824	Binding_SOS	-0.26886597	0.059229013	0.23217773
T73M	T73M	73	73	-0.27118835	-0.20116137	-0.20739514	-0.13450322	0.023644121	-0.06950532	-0.15786502	-0.11464122	-0.08732217	-0.29573432	10	-0.15156719	0.09656585	0.37853813	Binding_SOS	-0.09125269	0.05813853	0.22790304
T73N	T73N	73	73	0.14613903	0.3247141	0.1239205	0.04612957	0.06917224	0.10277364	0.023936667	0.030242598	0.22668315	0.04774035	10	0.11414518	0.09688943	0.37980658	Binding_SOS	0.06872236	0.058333345	0.22866672
T73P	T73P	73	73	-0.7869054	-0.50448984	-0.65812045	-0.7961759	-0.5605497	-0.35909027	-0.37720516	-0.43343264	-0.7190956	-0.5661919	10	-0.57612574	0.16073503	0.6300813	Binding_SOS	-0.34686282	0.09677228	0.37934735
T73Q	T73Q	73	73	-0.89019495	-0.9556224	-1.1448172	-0.82024926	-0.9693016	-0.60531634	-0.96602213	-0.9881773	-0.952659	-1.0010202	10	-0.929338	0.14048797	0.5507128	Binding_SOS	-0.5595181	0.08458232	0.3315627
T73R	T73R	73	73	0.50617945	0.6449393	0.4654481	0.48156184	0.649574	0.45889688	0.5431942	0.57546574	0.46802354	0.48973873	10	0.52830225	0.0725103	0.2842404	Binding_SOS	0.31807017	0.043655623	0.17113005
T73S	T73S	73	73	-0.29887944	-0.18318912	-0.32492617	-0.14353167	-0.070309974	-0.086918175	-0.16128874	-0.11480756	-0.1753437	-0.04433964	10	-0.16035342	0.092097685	0.36102292	Binding_SOS	-0.09654254	0.05544842	0.21735781
T73V	T73V	73	73	-0.6180382	-0.6461886	-0.657888	-0.42790613	-0.62360233	-0.5233754	-0.5519826	-0.4620456	-0.4172208	-0.61177766	10	-0.5540025	0.0916399	0.3592284	Binding_SOS	-0.3335433	0.05517281	0.21627742
T73W	T73W	73	73	-1.71991	-1.656801	-1.6518617	-0.88016236	-1.1267613	-0.8524893	-1.5515049	-1.5460149	-0.88864446	-0.94635	10	-1.28205	0.37250158	1.4602063	Binding_SOS	-0.7718723	0.22426866	0.87913316
T73Y	T73Y	73	73	-1.0407851	-1.135655	-1.2947174	-0.97661877	-0.89464164	-0.9895473	-1.3394713	-1.0710362	-1.2210163	-1.2699248	10	-1.1233414	0.15222204	0.5967104	Binding_SOS	-0.67632	0.09164695	0.35925603
T86A	T86A	86	86	-0.07962726	0.032262202	-0.68670195	0.51766306	0.12249793	-0.22744352	0.48145	-0.36310318	-0.12337407	0.34037527	10	0.0013998479	0.3812767	1.4946047	Binding_SOS	0.0008427938	0.22955182	0.89984316
T86E	T86E	86	86	-0.1456077	-0.4771614	0.01941387	-0.32852268	-0.4093072	-0.045576394	-0.0026806828	-0.14487591	-0.3388595	0.0015997987	10	-0.1871578	0.18629202	0.7302647	Binding_SOS	-0.112680405	0.112159155	0.4396639
T86G	T86G	86	86	0.14335105	0.17370647	-0.1314656	-0.2922549	0.35890073	0.22273925	0.28709674	0.044379298	0.07593745	-0.025705682	10	0.08566849	0.19699761	0.7722307	Binding_SOS	0.051577654	0.11860458	0.46492997
T86I	T86I	86	86				-0.21885614	0.005376621	0.36687937	-0.24640357	-1.0599555	-0.21237603	-0.054033212	7	-0.20276691	0.43339163	1.6988952	Binding_SOS	-0.122078046	0.26092818	1.0228385
T86N	T86N	86	86	0.24475226	0.30316934	-0.104863666	0.19610345	0.17770635	-0.5031978	-0.49018198	-0.47140265	0.13464917	-0.026915291	10	-0.054018073	0.32287425	1.2656671	Binding_SOS	-0.03252217	0.19438998	0.7620087
T86S	T86S	86	86	0.46439436	0.06713209	-0.14183363	-0.16818129	-0.26002058	0.2254059	0.2425354	-0.075858206	-0.25095522	0.21164355	10	0.031426236	0.24708578	0.96857625	Binding_SOS	0.018920511	0.1487607	0.583142
V102A	V102A	102	102	0.6334373	0.11953017	0.027484499	0.6127795	0.5978764	0.8757854	0.5462506	0.5336155	0.77369606	0.29896432	10	0.50194204	0.2724179	1.0678782	Binding_SOS	0.30219972	0.1640122	0.6429278
V102D	V102D	102	102	-0.012605222	0.2491117	0.17501135	0.0861824	-0.321651	-0.09204686	0.28926343	-0.010809149	-0.4485762	0.05712274	10	-0.0028996852	0.23579502	0.9243165	Binding_SOS	-0.0017457873	0.14196298	0.5564949
V102E	V102E	102	102		1.3045542	0.13600923	-0.04549355	-0.14926217	0.0494787	0.8443503	0.41053498			7	0.36431026	0.53222334	2.0863156	Binding_SOS	0.21933699	0.3204309	1.2560892
V102F	V102F	102	102	0.51807356	0.7238115	0.7855639	0.5982267	0.9184402	0.79425734	0.55889857	0.66257167	0.7687869	0.72221047	10	0.7050841	0.12212049	0.47871235	Binding_SOS	0.42450362	0.07352398	0.28821403
V102G	V102G	102	102	0.46908125	0.23275746	0.29066408	0.18350603	0.07827979	0.13476183	0.2554587	0.10267184	0.21036662	0.3992287	10	0.23567763	0.12501585	0.49006215	Binding_SOS	0.1418923	0.075267166	0.29504728
V102I	V102I	102	102	-0.35240442	0.4320738	0.18423873	-0.0757447	0.24528635	-0.13095878	0.17036426	0.5218775	0.44396403	-0.22629216	10	0.12124046	0.30378598	1.1908411	Binding_SOS	0.07299415	0.18289769	0.71695894
V102L	V102L	102	102	0.19415271	0.34556055	0.42323548	0.3254477	0.25606257	0.4423644	0.2295003	0.2336856	0.18878262	0.3255461	10	0.2964338	0.090415485	0.3544287	Binding_SOS	0.17847122	0.054435637	0.2133877
V102P	V102P	102	102	0.45524597	0.30799294	0.19077261	1.2026715	1.1806445	0.39191124	1.0215311	0.93791807	0.9860242	1.1379871	10	0.7812699	0.3970845	1.5565712	Binding_SOS	0.4703721	0.23906909	0.93715084
V102Q	V102Q	102	102	0.23503983				-0.1862012	-0.09387347	0.12954576	0.50420916	-0.13867614	0.39873716	7	0.121254444	0.27234772	1.0676031	Binding_SOS	0.07300257	0.16396993	0.6427621
V102S	V102S	102	102	0.36944768	0.47262895	0.38440058	0.18540697	0.5157091	0.44738272	0.595557	0.4359155	0.50272197	0.500915	10	0.4410085	0.111348666	0.43648678	Binding_SOS	0.26551402	0.067038685	0.26279166
V102Y	V102Y	102	102	0.8817729	1.2574519	0.811564	1.3672602	1.3948696	1.2190948	1.4175681	0.9551578	1.0386392	1.0049151	10	1.1348293	0.22377402	0.87719417	Binding_SOS	0.6832364	0.1347256	0.5281244
V108A	V108A	108	108	-0.09266166	-0.117319144	-0.25509706	-0.07316656	-0.22086483	-0.054041658	-0.096369855	-0.1288967	-0.382135	-0.20095003	10	-0.16215025	0.1021231	0.40032256	Binding_SOS	-0.09762434	0.06148433	0.24101858
V108C	V108C	108	108	0.02500253	-0.19285539	-0.11939868	-0.019569892	-0.13586482	-0.03222239	0.102344215	-0.02780928	-0.26844233	-0.04646015	10	-0.071527615	0.108658694	0.4259421	Binding_SOS	-0.043063987	0.06541916	0.2564431
V108D	V108D	108	108	0.6467371	0.74632764	0.28520802	0.3233895	-0.0892546	0.8166485	0.5670254	0.4400687	1.1175822	0.47075385	10	0.53244865	0.33113298	1.2980413	Binding_SOS	0.32056656	0.19936225	0.78150004
V108E	V108E	108	108	0.1306751	-0.06924428	-0.1606094	-0.4488395	0.285371	0.4435358	-0.09882684	0.21358493	0.21769138	0.8417852	10	0.13551232	0.35824028	1.4043019	Binding_SOS	0.08158668	0.21568249	0.8454754
V108F	V108F	108	108	-0.22336479	-0.07715204	-0.11510585	-0.08093243	0.077690475	0.20153387	-0.02823902	-0.19471839	-0.2788352	-0.15427549	10	-0.087339886	0.1438655	0.56395274	Binding_SOS	-0.052583937	0.0866158	0.33953395
V108G	V108G	108	108	0.3363742	0.60718346	-0.030509476	0.07894057	0.16628453	0.5688129	0.48159137	0.024791138	0.27324337	0.32657883	10	0.28332907	0.2239264	0.87779146	Binding_SOS	0.17058137	0.13481735	0.528484
V108H	V108H	108	108	-0.3809337	0.12897883	0.080736525	0.33978507	0.4863779	0.5525536	0.4044026	-0.2642938	0.0840989	0.18871677	10	0.16204228	0.30534127	1.1969378	Binding_SOS	0.09755933	0.18383406	0.7206295
V108I	V108I	108	108	-0.38967562	-0.1943233	-0.41361213	-0.34081897	-0.28112373	-0.26322982	-0.34614357	-0.2915345	-0.31030262	-0.23246005	10	-0.30632243	0.06828087	0.267661	Binding_SOS	-0.18442477	0.041109245	0.16114825
V108K	V108K	108	108	0.5630283	1.4970256	0.68850267	0.69857365	0.032855835	0.57883996	0.27486393	0.6905217	1.2599064	0.42629707	10	0.67104155	0.431375	1.69099	Binding_SOS	0.40400794	0.25971404	1.018079
V108L	V108L	108	108	-0.034253675	0.07465026	-0.06607094	-0.07173319	0.13372682	-0.057143092	-0.05296762	-0.18185906	-0.009453135	-0.055343684	10	-0.03204473	0.085743226	0.33611345	Binding_SOS	-0.019292882	0.05162265	0.2023608
V108M	V108M	108	108	-0.32136834	-0.40656424	-0.31540135	-0.3730386	-0.19923751	-0.26662645	-0.04326499	-0.12737422	-0.23233007	-0.27699235	10	-0.2562198	0.11070747	0.43397328	Binding_SOS	-0.15425995	0.06665265	0.2612784
V108N	V108N	108	108	0.81028646	0.8625394	0.6893074	0.8236624	1.2108575	1.1298902	0.5683267	0.19857311	0.76612836	1.1646247	10	0.82241964	0.3053086	1.1968098	Binding_SOS	0.49514678	0.1838144	0.7205525
V108P	V108P	108	108	0.29759622	0.48319948	0.048467718	0.26446113	0.09078654	0.32187134	0.06028203	0.22959821	0.17108843	0.22530079	10	0.21926518	0.1340755	0.52557594	Binding_SOS	0.13201101	0.080721624	0.31642878
V108Q	V108Q	108	108	0.08189103	0.18583165	-0.0860797	0.569641	0.42159888	-0.018231342	0.30666426	0.090810396	0.05519613	0.34714165	10	0.1954464	0.20951495	0.8212986	Binding_SOS	0.11767065	0.12614077	0.49447185
V108R	V108R	108	108	0.28937402	0.3146719	0.116304144	0.38597465	0.21705309	0.0659174	0.23666117	0.07722957	0.24045524	0.12657823	10	0.20702195	0.107470304	0.4212836	Binding_SOS	0.12463984	0.06470367	0.25363842
V108S	V108S	108	108	0.15438426	0.060668953	0.0040923445	0.29081717	0.24880351	-0.02590912	0.2886186	0.18099499	0.20490746	0.041500814	10	0.1448879	0.117627144	0.4610984	Binding_SOS	0.087231345	0.070818715	0.27760938
V108T	V108T	108	108	0.2731329	0.27600434	0.31455588	0.76963156	0.42819163	0.33119628	0.27267104	0.40195817	0.5310561	0.5426256	10	0.41410238	0.16078717	0.6302857	Binding_SOS	0.24931487	0.09680368	0.37947044
V108W	V108W	108	108	0.17269768	0.25275606	-0.20334207	-0.04802704	0.017813176	-0.2562415	-0.041780923	0.07035174	0.033923782	-0.14889842	10	-0.015074754	0.16023795	0.62813276	Binding_SOS	-0.009075921	0.096473016	0.37817422
V108Y	V108Y	108	108	-0.18826798	-0.39216867	-0.15673631	-0.18079688	-0.26312762	-0.37936544	-0.25819623	-0.40854385	-0.0002760291	-0.24580954	10	-0.24732885	0.12557836	0.49226716	Binding_SOS	-0.14890705	0.07560583	0.29637486
V111A	V111A	111	111	0.28963333	0.27254233	0.23410574	0.2736094	0.8074213	0.69240224	1.0968937	0.0660371	0.43560624	0.020685919	10	0.41889372	0.34354076	1.3466798	Binding_SOS	0.25219956	0.20683248	0.8107833
V111C	V111C	111	111	0.8063353	0.38531917	0.7477789	0.477605	0.5182338	0.8417176	1.5492278	0.979934	1.2595189	0.65230656	10	0.8217977	0.36235905	1.4204475	Binding_SOS	0.49477234	0.21816224	0.855196
V111D	V111D	111	111	0.47565258	-0.0005149087	-0.33137882	-0.6174086	0.024840465	-0.48827007	-0.6975256	0.47915345	0.010259844	-0.5092369	10	-0.16544285	0.42922667	1.6825686	Binding_SOS	-0.099606685	0.25842062	1.0130088
V111E	V111E	111	111	1.1339889	0.8993807	0.5884624	1.3876653	0.72037184	1.1321498	0.18765715	0.44963703	0.5697058	0.025491726	10	0.7094511	0.43420595	1.7020874	Binding_SOS	0.42713282	0.26141846	1.0247604
V111F	V111F	111	111	-0.6899841	-0.42821681	-0.28183985	-0.5785444	-0.40077198	-0.4549686	-0.80182725	-0.16775055	-0.29177228	-0.5240168	10	-0.4619693	0.19374825	0.7594932	Binding_SOS	-0.2781337	0.11664826	0.45726117
V111G	V111G	111	111	0.48394188	0.8430357	-0.083500236	0.38257095	0.9205285	0.7291154	0.34403643	0.574821	0.5507252	0.60656303	10	0.5351838	0.28538552	1.1187112	Binding_SOS	0.32221326	0.17181948	0.67353237
V111H	V111H	111	111	0.9032557				0.8687953	0.52456367	-0.12283614	0.10041691	0.88627255	-0.43342292	7	0.38957787	0.54497	2.1362824	Binding_SOS	0.23454963	0.32810515	1.2861723
V111I	V111I	111	111	-0.16587728	-0.30030745	-0.30018407	-0.050795306	-0.33006302	-0.25463608	-0.2714931	-0.2524483	-0.2878045	-0.101773165	10	-0.23153825	0.09351171	0.3665659	Binding_SOS	-0.13940014	0.05629975	0.22069502
V111K	V111K	111	111	0.8676332	0.2989529	-0.30824396	-0.195843	-0.3933755	-0.23581749	0.5345928	-1.0820565	0.3113554	-0.7012491	10	-0.09040512	0.59155923	2.3189123	Binding_SOS	-0.054429397	0.35615474	1.3961266
V111L	V111L	111	111	0.09053416	-0.3632206	-0.37560666	-0.27587608	-0.14118521	-0.12732051	-0.45266154	-0.64885527	-0.36619172	-0.28088215	10	-0.29412657	0.20200656	0.79186577	Binding_SOS	-0.17708214	0.12162027	0.47675145
V111M	V111M	111	111	-0.18547614	0.16623116	-0.38574034	-0.42347047	-0.3045911	-0.48905456	-0.21101	-0.7552822	-0.1390082	0.17957854	10	-0.25478232	0.28665018	1.1236688	Binding_SOS	-0.15339449	0.17258088	0.67651707
V111N	V111N	111	111	0.8748961	0.9472399	0.7762194	0.999652	0.7006352	0.5360553	0.6630949	0.863448	0.73336196	0.8543219	10	0.79489243	0.14029925	0.5499731	Binding_SOS	0.4785737	0.0844687	0.3311173
V111P	V111P	111	111	0.5625358	0.45962706	0.6737375	-0.36903244	-0.23250988	0.077726156	-0.38511452	0.5309304	0.011589978	-0.26037064	10	0.10691196	0.41656518	1.6329355	Binding_SOS	0.06436752	0.25079763	0.9831267
V111Q	V111Q	111	111	0.83844477	0.9247607	-0.24197078	0.89310163	0.12709004	0.5900524	0.7222464	0.35467076	0.7735093	-0.23487025	10	0.4747035	0.45044965	1.7657627	Binding_SOS	0.28580046	0.27119815	1.0630968
V111R	V111R	111	111	-0.28941068	0.4015769	0.122053064	0.4699299	-0.01498323	0.34982648	1.2037175	0.5449714	0.420735	-0.28131112	10	0.29271054	0.44078788	1.7278886	Binding_SOS	0.1762296	0.2653812	1.0402943
V111S	V111S	111	111	1.346176	1.3509263	0.53270686	0.35075405	1.0740815	1.3371634	0.7831164	0.9625988	0.49700695	0.46452633	10	0.86990565	0.39734727	1.5576013	Binding_SOS	0.52373624	0.23922728	0.93777096
V111T	V111T	111	111	0.39876547	0.21764739	-0.29994056	0.13427697	-0.042186517	0.5012337	0.43580636	0.18525241	0.25760552	0.2699034	10	0.20583642	0.23738427	0.9305464	Binding_SOS	0.12392607	0.14291981	0.56024563
V111W	V111W	111	111	0.06853393	0.6171217	0.40432763	0.5294801	1.0568515	0.53054863	-0.16508967	0.48898706	0.23144276	1.2213825	10	0.49835858	0.41578224	1.6298665	Binding_SOS	0.30004224	0.25032628	0.981279
V111Y	V111Y	111	111	-0.16713366	0.095425114	0.039552785	-0.80488116	-0.30257443	-0.76966566	-0.3148456	0.13538282	-0.06789773	0.0977418	10	-0.20588958	0.34610352	1.3567258	Binding_SOS	-0.12395808	0.20837542	0.8168317
V113A	V113A	113	113	0.32513827	0.25172195	0.16337943	0.31620088	0.49046028	0.29418048	0.20419793	0.07464602	0.20881091	0.2590924	10	0.2587828	0.11113662	0.43565556	Binding_SOS	0.15580302	0.06691103	0.26229122
V113C	V113C	113	113	0.3511796	0.085684694	0.14787462	0.38381866	0.4765905	0.2258161	0.1424357	0.117650196	0.12564172	0.300393	10	0.23570848	0.13439183	0.526816	Binding_SOS	0.14191088	0.080912076	0.31717536
V113D	V113D	113	113	0.068709746	1.0588096	0.8413624	0.8295331	-0.33673772	-0.45547968	-0.43784186	0.36907557	-0.14499338	0.06499953	10	0.18574375	0.5628135	2.206229	Binding_SOS	0.111829065	0.33884805	1.3282844
V113E	V113E	113	113	-1.2191031	-0.27507097	-0.98384655	-0.53140444	-0.2263199	0.15506049	-1.1106558	0.0059998343	-0.98663175	-0.42643356	10	-0.55984056	0.48786962	1.912449	Binding_SOS	-0.33705816	0.29372725	1.1514108
V113F	V113F	113	113	0.43815857	0.29191265	0.05503276	0.110719	0.41201264	0.4831641	0.45394874	0.25862855	0.07638005	0.2958191	10	0.2875776	0.16158155	0.63339967	Binding_SOS	0.17313924	0.09728194	0.3813452
V113G	V113G	113	113	0.63994527	0.6899801	1.4167557	0.6397522	0.57166535	0.6818474	0.5597926	0.49503106	0.7853645	0.7099648	10	0.7190099	0.2589118	1.0149342	Binding_SOS	0.4328878	0.15588069	0.61105233
V113H	V113H	113	113	-0.42105505	-0.494212	-0.72038704	-0.5262556	-1.021054	-0.8558704	-0.84012896	-0.90608007	-0.5665662	-1.0267502	10	-0.73783594	0.2237292	0.87701845	Binding_SOS	-0.4442222	0.13469861	0.5280186
V113I	V113I	113	113	-0.08660903	-0.2126718	-0.09527311	-0.12725502	-0.074515164	0.05114297	-0.08241295	-0.09390392	-0.07578593	-0.14297277	10	-0.09402567	0.06629532	0.25987765	Binding_SOS	-0.056609187	0.039913826	0.15646219
V113K	V113K	113	113	0.59870535	-0.79919857	-1.3389089	-0.82076335	-0.1486702	0.17039339	0.12637609	-0.37721956	-0.24828315	-0.44150347	10	-0.32790726	0.5631495	2.2075462	Binding_SOS	-0.19742016	0.33905035	1.3290774
V113L	V113L	113	113	-0.20550157	-0.18780561	-0.33403248	-0.08659851	0.09802909	-0.08035868	-0.1125265	-0.18589841	-0.2740473	-0.0904876	10	-0.14592275	0.120287575	0.4715273	Binding_SOS	-0.08785439	0.072420456	0.2838882
V113M	V113M	113	113	-0.36309326	-0.2709949	-0.3446662	-0.3168735	-0.398701	-0.1458538	-0.33911473	-0.2363479	-0.384972	-0.3985715	10	-0.3199189	0.081072874	0.31780568	Binding_SOS	-0.19261068	0.048810814	0.19133839
V113N	V113N	113	113	0.3257259	1.2675602	1.1930683	0.7676731	0.5623631	0.5622999	1.9628748	0.69206977	0.9665366	1.5331644	10	0.9833336	0.50609046	1.9838747	Binding_SOS	0.59202677	0.3046973	1.1944134
V113P	V113P	113	113	-0.9253905	-0.74192655	-0.355599	-0.26690003	-0.09846789	0.5476117	-0.93747324	-0.16295236	-0.2665479	-0.08360207	10	-0.32912478	0.44898388	1.7600168	Binding_SOS	-0.19815318	0.27031568	1.0596374
V113Q	V113Q	113	113	-0.52734977	-0.22888331	-0.43128264	0.36754966	0.51847684	0.09575259	0.44482768	-0.32188147	0.120609365	-0.1838344	10	-0.014601546	0.37671953	1.4767406	Binding_SOS	-0.008791021	0.22680813	0.8890879
V113R	V113R	113	113	0.23593143	0.5757125	0.91287434	0.88262707	0.010461629	0.16853681	0.45603326	0.3239013	0.4836989	0.09991144	10	0.41496882	0.30962816	1.2137424	Binding_SOS	0.24983653	0.18641503	0.7307469
V113S	V113S	113	113	0.24561489	0.6785434	0.47405258	0.6369533	0.6005097	1.0798291	0.33286306	0.6721549	0.80618	0.6882832	10	0.6214984	0.23604923	0.925313	Binding_SOS	0.37417993	0.14211603	0.5570948
V113T	V113T	113	113	0.46304357	0.68852484	0.20242456	0.8392299	0.50494486	0.8391833	0.70019114	0.40343073	0.5830646	0.79126334	10	0.6015301	0.20914051	0.81983083	Binding_SOS	0.3621578	0.12591533	0.49358812
V113W	V113W	113	113	2.1015444	0.3149429	0.99073094	1.6121696	1.6318331	1.4679527	1.945281	0.9477527	1.0203804	1.5459089	10	1.3578496	0.5364376	2.1028354	Binding_SOS	0.8175083	0.32296813	1.2660351
V113Y	V113Y	113	113	1.4611335	0.93765104	0.9105858	1.2084732	1.7463137	1.2921675	1.0908906	0.9599484	0.9741239	0.7038217	10	1.1285111	0.3061298	1.2000289	Binding_SOS	0.67943245	0.18430881	0.72249055
V124A	V124A	124	124	-0.053030103	-0.22812457	-0.19397213	-0.25728565	-0.2190574	-0.14944437	-0.2889775	-0.37921605	-0.23717119	-0.13933133	10	-0.21456103	0.08919749	0.34965417	Binding_SOS	-0.12917882	0.053702325	0.21051311
V124C	V124C	124	124	-0.13284896	-0.04169964	-0.12504883	-0.06525164	-0.022608556	-0.13435617	-0.20290501	-0.11063563	-0.16324253	-0.07476593	10	-0.1073363	0.056058884	0.21975082	Binding_SOS	-0.064623	0.033750866	0.1323034
V124D	V124D	124	124	-0.21871847	-0.28193846	-0.25376096	-0.18060717	-0.18788184	-0.14959359	-0.20167124	-0.02758735	-0.25124443	-0.22187743	10	-0.1974881	0.07132765	0.27960438	Binding_SOS	-0.118899874	0.042943593	0.1683389
V124E	V124E	124	124	-0.2575182	-0.12866795	-0.22914575	-0.27574912	-0.20591429	-0.14302252	-0.23081921	-0.08513306	-0.20165181	-0.090778045	10	-0.18484	0.06834842	0.26792583	Binding_SOS	-0.11128495	0.041149918	0.16130768
V124F	V124F	124	124	-0.09739465	-0.0938354	-0.08033719	0.015229745	0.008266869	-0.0809021	-0.012887674	-0.058001406	-0.1073761	-0.08045927	10	-0.058769714	0.04544237	0.17813408	Binding_SOS	-0.035382953	0.027359078	0.10724758
V124G	V124G	124	124	-0.2122342	-0.19561167	-0.31698418	-0.18735854	-0.21050964	-0.22359112	-0.23326375	-0.18804537	-0.25410226	-0.14970693	10	-0.21714075	0.045275465	0.17747982	Binding_SOS	-0.13073197	0.02725859	0.10685367
V124H	V124H	124	124	-0.37567204	-0.38776654	-0.3473637	-0.32883123	-0.38475555	-0.47744927	-0.24365905	-0.2437421	-0.4837837	-0.4807314	10	-0.37537545	0.088907234	0.34851637	Binding_SOS	-0.22599891	0.053527575	0.2098281
V124I	V124I	124	124	-0.06227017	-0.0871856	-0.09418548	0.12705117	-0.010798392	0.05090629	-0.03499287	-0.03574048	-0.010773185	-0.060043022	10	-0.021803174	0.06722201	0.26351026	Binding_SOS	-0.01312684	0.040471748	0.15864925
V124K	V124K	124	124	-0.3186206	-0.21688227	-0.32047775	-0.2139062	-0.18286031	-0.1499323	-0.43947265	-0.43840098	-0.39077163	-0.31599978	10	-0.29873246	0.104570895	0.40991792	Binding_SOS	-0.17985515	0.062958054	0.24679558
V124L	V124L	124	124	-0.07307087	-0.119898275	-0.18302394	-0.08804822	-0.20511985	-0.21122368	-0.12672177	-0.113762125	-0.11824593	-0.16921288	10	-0.14083275	0.048225716	0.1890448	Binding_SOS	-0.0847899	0.029034821	0.1138165
V124M	V124M	124	124	-0.09159487	-0.18495858	-0.13734224	-0.18868922	0.020028485	-0.09484932	-0.18718985	-0.12782556	-0.20754443	-0.12687169	10	-0.13268372	0.06746535	0.26446417	Binding_SOS	-0.079883695	0.040618256	0.15922357
V124N	V124N	124	124	-0.31883878	-0.26722202	-0.077989735	-0.29171503	-0.1844865	-0.32999322	-0.43168303	-0.28562808	-0.162112	-0.27757293	10	-0.2627241	0.09899361	0.38805494	Binding_SOS	-0.15817593	0.059600186	0.23363273
V124P	V124P	124	124	-0.24773422	-0.3046732	-0.31205446	-0.22328259	-0.15700829	-0.38897035	-0.22060552	-0.45390478	-0.22272456	-0.03807104	10	-0.25690293	0.1169718	0.45852947	Binding_SOS	-0.15467124	0.070424154	0.2760627
V124Q	V124Q	124	124	-0.21293503	-0.37077567	-0.51467645	-0.38784048	-0.28213325	-0.35452196	-0.3297364	-0.2261142	-0.34150925	-0.07837283	10	-0.30986154	0.118272655	0.46362883	Binding_SOS	-0.18655553	0.07120735	0.2791328
V124R	V124R	124	124	-0.22064257	-0.22776423	-0.19286181	-0.2374289	-0.28340033	-0.2678371	-0.14388563	-0.08916274	-0.026659306	-0.23650022	10	-0.19261429	0.08197142	0.32132798	Binding_SOS	-0.115965545	0.049351793	0.19345903
V124S	V124S	124	124	-0.05526492	-0.34825027	-0.31647992	-0.25177905	-0.2902243	-0.2650168	-0.25443098	-0.24949804	-0.19115709	-0.19580689	10	-0.24179085	0.0813678	0.31896177	Binding_SOS	-0.14557283	0.048988376	0.19203444
V124T	V124T	124	124	-0.14957063	-0.16010393	-0.16135572	-0.10575586	-0.19366618	-0.21434039	-0.16132574	-0.14749882	-0.13702169	-0.18210241	10	-0.16127414	0.030363828	0.11902621	Binding_SOS	-0.09709686	0.018280875	0.07166103
V124W	V124W	124	124	-0.13515344	-0.22729094	-0.37741902	-0.24073757	-0.21086533	-0.25068408	-0.13724013	-0.21683624	-0.21309848	-0.34236887	10	-0.23516941	0.076788105	0.3010094	Binding_SOS	-0.14158632	0.04623112	0.181226
V124Y	V124Y	124	124	-0.22234453	-0.2130147	-0.16696285	-0.05527387	-0.2620449	-0.21678726	-0.2670582	-0.26750714	-0.2902764	-0.122316666	10	-0.20835865	0.074069805	0.29035366	Binding_SOS	-0.1254446	0.044594537	0.17481059
V13A	V13A	13	13	-0.09135008	0.026689282	-0.13307673	-0.22311126	0.06340216	-0.22792768	0.13961625	-0.16498926	-0.097360015	-0.049325734	10	-0.0757433	0.12191606	0.47791097	Binding_SOS	-0.045602087	0.07340091	0.28773156
V13C	V13C	13	13	-0.2693078	-0.15454978	-0.05290148	-0.11544796	-0.1630197	-0.41588673	-0.20723015	-0.11572306	-0.076269835	-0.08858205	10	-0.16589186	0.10897262	0.42717266	Binding_SOS	-0.099877015	0.06560816	0.257184
V13D	V13D	13	13	-0.43178713	-0.42274693	-0.82187456	-0.7265681	-0.5702103	-0.36081862	-0.43497112	-0.49090073	-0.395247	-0.29064593	10	-0.49457702	0.16622545	0.65160376	Binding_SOS	-0.29776552	0.10007785	0.3923052
V13E	V13E	13	13	-0.67111355	-0.29516417	-0.14110073	-0.041367576	-0.036366373	-0.260287	-0.49640197	-0.22766358	-0.43930286	-0.08176082	10	-0.2690529	0.21140558	0.8287099	Binding_SOS	-0.16198625	0.12727904	0.49893385
V13F	V13F	13	13	-0.087124124	-0.41850802	-0.08220784	-0.14743398	-0.13314328	-0.5384056	-0.2397585	-0.27874467	-0.414014	-0.1157425	10	-0.24550824	0.16196221	0.63489187	Binding_SOS	-0.14781094	0.09751113	0.38224363
V13G	V13G	13	13	0.16162093	0.07086355	0.15843934	0.00022736403	0.17946976	0.14167224	0.04868097	0.19800638	0.07160646	0.22534385	10	0.12559308	0.07323776	0.28709203	Binding_SOS	0.07561469	0.044093598	0.17284691
V13H	V13H	13	13	-0.18299823	-0.25304586	-0.22364275	-0.24404564	-0.17546557	-0.12707597	-0.4062166	-0.25295117	-0.24635638	-0.19165608	10	-0.23034544	0.0744319	0.29177308	Binding_SOS	-0.13868201	0.044812545	0.17566518
V13I	V13I	13	13	-0.03562567	0.04082189	-0.11649571	-0.161427	-0.21415992	0.018651891	0.064438306	-0.058564994	-0.09450582	-0.042514704	10	-0.05993817	0.088927604	0.34859622	Binding_SOS	-0.036086433	0.05353984	0.20987616
V13K	V13K	13	13	-0.35724574	-0.23739104	-0.0706801	-0.29427075	-0.08313713	0.23218603	-0.182824	-0.13627669	0.14796694	-0.09588566	10	-0.10775582	0.18359472	0.71969134	Binding_SOS	-0.06487557	0.11053521	0.43329805
V13L	V13L	13	13	-0.3179222	-0.10109079	-0.19951215	-0.13693082	-0.22867349	-0.08200897	-0.16486456	-0.24421158	-0.16054823	-0.24183962	10	-0.18776025	0.07257849	0.2845077	Binding_SOS	-0.113043115	0.043696675	0.17129096
V13M	V13M	13	13	-0.18975374	-0.033211656	-0.09134217	-0.13264401	-0.121657744	-0.22048387	-0.20875165	-0.23043376	-0.35430977	-0.24810727	10	-0.18306957	0.091339424	0.35805055	Binding_SOS	-0.11021905	0.0549919	0.21556826
V13N	V13N	13	13	0.07267451	-0.048141815	0.03765942	0.1325161	0.0011511056	0.22010943	0.2554086	0.19308311	0.063024975	0.14337903	10	0.10708644	0.09854312	0.38628906	Binding_SOS	0.06447257	0.05932897	0.23256956
V13P	V13P	13	13	0.8504335	0.6932661	1.3897619	1.1284387	1.1048784	1.3831129	0.99532795	1.1289209	1.0094985	0.92649764	10	1.0610137	0.21795775	0.8543944	Binding_SOS	0.63879496	0.13122386	0.5143975
V13Q	V13Q	13	13	-0.3396374	-0.101759024	-0.28915045	-0.3042552	-0.044573963	-0.042261776	-0.16390315	-0.1143088	-0.4248709	-0.40332678	10	-0.22280474	0.14619604	0.57308847	Binding_SOS	-0.13414204	0.08801893	0.3450342
V13R	V13R	13	13	0.437129	0.25173584	-0.17966591	0.24864367	0.4052445	0.16451102	0.1340152	0.1730992	0.11186488	0.5223982	10	0.22689757	0.19954258	0.78220695	Binding_SOS	0.13660617	0.120136805	0.4709363
V13S	V13S	13	13	-0.06388845	-0.056814346	-0.061892614	-0.05986506	-0.0724885	-0.071876325	-0.04470718	-0.060146168	-0.05247656	-0.06363659	10	-0.060779184	0.0083235	0.03262812	Binding_SOS	-0.036592774	0.0050112545	0.019644117
V13T	V13T	13	13	-0.10021876	0.04499593	-0.124529585	-0.18783362	-0.20269886	-0.050319422	-0.14835711	-0.09992828	-0.14231664	-0.102823414	10	-0.11140297	0.07086163	0.27777758	Binding_SOS	-0.067071386	0.042663023	0.16723906
V13W	V13W	13	13	1.088716	1.6406004	1.1797414	1.7184014	0.82415867	1.2522649	0.84345263	1.3648217	1.4911511	1.1595896	10	1.2562897	0.30343595	1.189469	Binding_SOS	0.75636303	0.18268694	0.7161328
V13Y	V13Y	13	13	-0.3615129	-0.5087559	-0.3990205	-0.09679923	-0.49107754	-0.23168412	-0.15414429	0.008737273	-0.16351287	0.045938257	10	-0.2351832	0.19791092	0.77581084	Binding_SOS	-0.14159462	0.11915444	0.46708542
V151A	V151A	151	151	0.21366307	0.03970937	-0.041909236	-0.0006815068	0.07512537	0.19893235	0.11227822	0.12185703	0.18596187	0.09604686	10	0.100098334	0.08515937	0.33382472	Binding_SOS	0.0602653	0.051271133	0.20098284
V151C	V151C	151	151	0.14387746	0.10519962	0.06377312	-0.26771468	-0.08474731	-0.09388382	-0.04335015	0.010144179	-0.06415797	-0.06288579	10	-0.029374534	0.11781648	0.4618406	Binding_SOS	-0.01768526	0.0709327	0.2780562
V151D	V151D	151	151	-0.25676045	-0.16692884	0.28742838	0.23875117	0.21769859	-0.19368167	0.06714062	0.07706375	0.06314129	-0.12788382	10	0.020596901	0.19574901	0.76733613	Binding_SOS	0.01240059	0.117852844	0.46198314
V151E	V151E	151	151	-0.46226102	0.1960669	0.37546957	0.10360767	-0.042920362	-0.27401364	0.15747651	0.21189916	-0.41166413	-0.1519141	10	-0.029825341	0.28560168	1.1195586	Binding_SOS	-0.017956674	0.17194963	0.6740425
V151F	V151F	151	151	-0.31166717	-0.36602816	0.01267277	-0.11408872	-0.24742793	-0.34084582	-0.255093	-0.09073393	0.09660259	0.19207416	10	-0.14245352	0.19387451	0.75998807	Binding_SOS	-0.085765705	0.116724275	0.45755917
V151G	V151G	151	151	0.10613043	0.058473054	-0.014848484	0.046864077	-0.033169206	0.0758479	0.13445482	-0.03780905	0.0578414	0.037875082	10	0.043166	0.057355925	0.22483523	Binding_SOS	0.025988564	0.034531765	0.13536452
V151H	V151H	151	151	0.010276291	0.21979491	0.15868182	-0.23382398	-0.21422641	0.10302833	0.09898605	-0.13195008	0.17937547	-0.14509933	10	0.0045043067	0.17159782	0.6726635	Binding_SOS	0.0027118672	0.10331235	0.4049844
V151I	V151I	151	151	0.083582945	0.20952298	0.021151232	-0.21094339	0.17497846	-0.0123274345	-0.06411632	-0.09577853	-0.023506375	0.09101854	10	0.017358212	0.12723914	0.49877742	Binding_SOS	0.010450702	0.07660572	0.30029443
V151K	V151K	151	151	0.75958854	0.66300565	0.12360148	0.54387015	0.15630607	0.25870106	0.22679526	0.76439697	0.6508347	0.52597207	10	0.46730718	0.25192422	0.9875429	Binding_SOS	0.28134742	0.15167373	0.59456104
V151L	V151L	151	151	-0.2926626	-0.4681392	-0.32736558	-0.25607982	-0.14295	-0.22679889	-0.12833396	-0.14713603	-0.15748842	-0.30001345	10	-0.24469681	0.10728328	0.42055047	Binding_SOS	-0.1473224	0.06459107	0.253197
V151M	V151M	151	151	0.009945058	-0.3439167	-0.29564005	-0.13746671	-0.46887887	-0.19581336	-0.399206	-0.21907978	-0.13943148	-0.24909866	10	-0.24385867	0.14025779	0.5498105	Binding_SOS	-0.14681779	0.08444374	0.33101946
V151N	V151N	151	151	-0.44177318	-0.59682363	-0.43711066	-0.49029958	-0.34155852	-0.35325053	-0.09952784	-0.61427236	-0.39416698	-0.39822245	10	-0.41670054	0.14493713	0.56815356	Binding_SOS	-0.25087914	0.08726099	0.3420631
V151P	V151P	151	151	-0.24962251	-0.27801076	-0.14231113	-0.35474724	-0.01911075	-0.09873525	-0.15100613	-0.3738517	-0.23695028	-0.3554428	10	-0.22597885	0.12027831	0.47149098	Binding_SOS	-0.13605304	0.072414875	0.28386632
V151Q	V151Q	151	151	-0.2719451	-0.12568478	-0.17392126	-0.27148905	-0.30092263	-0.54168683	-0.36125362	-0.7599876	-0.54068893	-0.22640711	10	-0.3573987	0.19777556	0.7752802	Binding_SOS	-0.21517581	0.119072944	0.46676594
V151R	V151R	151	151	-0.33779976	-0.26228544	-0.13052367	0.08130035	-0.028199298	-0.24391778	-0.05677963	-0.1917562	-0.34457663	-0.18942843	10	-0.17039666	0.13788077	0.54049265	Binding_SOS	-0.102589175	0.08301263	0.32540953
V151S	V151S	151	151	-0.018836515	-0.0014954555	0.05663795	0.15616046	-0.010232593	0.0032132135	0.23159026	0.09804526	0.31919646	0.039001796	10	0.08732809	0.114726014	0.449726	Binding_SOS	0.052576836	0.06907205	0.27076244
V151T	V151T	151	151	-0.075104326	-0.053750984	-0.008464269	0.006223013	-0.14328201	-0.1194783	-0.16192241	-0.09665768	-0.046275996	-0.18656431	10	-0.088527724	0.06462085	0.25331375	Binding_SOS	-0.053299088	0.038905695	0.15251033
V151W	V151W	151	151	-0.5948563	-0.46697924	0.17310221	-0.23923558	0.38194713	0.56503147	0.3752313	0.28981185	-0.6457771	-0.5217773	10	-0.06835016	0.4704156	1.8440292	Binding_SOS	-0.041150965	0.28321886	1.1102179
V151Y	V151Y	151	151	0.12715209	-0.16949174	0.2011184	-0.08322099	-0.100851476	-0.21874118	-0.18180792	-0.022358209	-0.37652886	-0.33625782	10	-0.11609876	0.18375595	0.7203233	Binding_SOS	-0.06989853	0.110632285	0.43367857
V159A	V159A	159	159	0.15561959	0.12873787	0.21431448	0.1922279	0.014562222	0.04116789	-0.036276244	0.19640422	0.03656447	0.079090305	10	0.10224128	0.08726082	0.3420624	Binding_SOS	0.061555482	0.052536335	0.20594244
V159C	V159C	159	159	0.28209043	0.34161425	0.16240688	0.106945194	0.22988105	0.31597945	0.29997104	0.3445977	0.27710322	0.39937446	10	0.2759964	0.088225275	0.34584308	Binding_SOS	0.16616665	0.053116996	0.20821863
V159D	V159D	159	159	0.29552567	0.5131818	0.6812047	0.42009148	0.21114497	0.62865573	0.6608132	0.29481056	-0.09855815	-0.12743154	10	0.34794384	0.29247767	1.1465125	Binding_SOS	0.20948341	0.17608939	0.6902704
V159E	V159E	159	159	-0.6560888	-0.20367473	-0.012582311	0.2177256	-0.018838365	0.13738874	0.2650673	-0.072489545	-0.12629825	-0.19881785	10	-0.066860825	0.2635275	1.0330279	Binding_SOS	-0.040254295	0.15865964	0.6219458
V159F	V159F	159	159	-0.108054355	-0.08600457	-0.3250578	-0.024593988	0.051578432	0.058305442	-0.02754863	0.08330792	-0.28322634	-0.0487841	10	-0.071007796	0.13795125	0.5407689	Binding_SOS	-0.04275102	0.083055064	0.32557586
V159G	V159G	159	159	-0.15558422	-0.09972465	-0.23179556	-0.28781423	-0.23650225	-0.5650084	-0.16961958	-0.5528535	0.019733327	0.014720401	10	-0.22644487	0.20224755	0.7928104	Binding_SOS	-0.13633361	0.12176535	0.4773202
V159H	V159H	159	159	-0.4517451	0.004821685	-0.2145213	-0.057061914	-0.35076365	-0.123573646	-0.15869729	-0.16697201	-0.4851916	-0.32231426	10	-0.23260191	0.16431788	0.64412606	Binding_SOS	-0.14004053	0.09892938	0.3878032
V159I	V159I	159	159	-0.00011610729	-0.24235313	-0.2413162	-0.28702775	-0.07447006	-0.20061639	0.03704336	-0.06081353	-0.30859268	0.23133093	10	-0.114693165	0.17237394	0.67570585	Binding_SOS	-0.06905228	0.10377962	0.40681612
V159K	V159K	159	159	-0.54013455	-0.38202104	-0.3903653	-0.79446924	-0.13716847	-0.5064874	-0.5576654	-0.57783616	-0.5958928	-0.70788926	10	-0.51899296	0.18382974	0.7206126	Binding_SOS	-0.3124654	0.11067671	0.43385273
V159L	V159L	159	159	0.23395854	0.1673944	0.07805487	0.053542398	0.176533	0.18455066	0.15454566	0.20150048	0.08829029	0.101701066	10	0.14400715	0.059799865	0.23441547	Binding_SOS	0.08670108	0.036003165	0.14113241
V159M	V159M	159	159	0.58862	-0.02038424	0.39157122	0.28157598	0.65946096	0.32938507	0.17207395	0.20640229	0.32295534	0.554355	10	0.34860158	0.20856011	0.81755567	Binding_SOS	0.20987941	0.1255659	0.49221835
V159N	V159N	159	159	-0.39397457	-0.40361613	-0.10216844	0.43259007	0.1881509	0.57316935	0.28347886	-0.03824424	-0.29489917	0.068547614	10	0.031303417	0.34047458	1.3346604	Binding_SOS	0.018846566	0.20498645	0.8035469
V159P	V159P	159	159	0.5155214	0.9352441	0.68197113	0.7648084	0.8483594	0.6495636	0.6336801	0.7456643	0.84785	0.34148175	10	0.69641435	0.17486553	0.6854729	Binding_SOS	0.4192839	0.105279714	0.41269648
V159Q	V159Q	159	159	0.521397	0.85912484	0.1672556	-0.08364121	-0.065494254	0.038703028	0.7074036	0.4615766	0.68199915	0.63454497	10	0.39228693	0.34849846	1.366114	Binding_SOS	0.23618065	0.20981732	0.8224839
V159R	V159R	159	159	-0.3882646	-0.24649152	-0.47229582	-0.28427863	-0.29616547	-0.66066474	-0.29606575	-0.7359913	-0.8058527	-0.3098654	10	-0.4495936	0.20896207	0.8191313	Binding_SOS	-0.27068275	0.12580791	0.493167
V159S	V159S	159	159	-0.23076454	-0.31744203	-0.30554196	-0.3202504	-0.54456097	-0.18516114	-0.29418445	-0.13067843	-0.28039202	0.06739753	10	-0.25415784	0.15691137	0.6150926	Binding_SOS	-0.15301852	0.09447021	0.37032324
V159T	V159T	159	159	0.07855781	0.15437216	0.18124378	0.064682394	0.03894833	-0.11065696	-0.08868317	0.19959112	-0.16369776	-0.008169931	10	0.034618773	0.12621744	0.49477237	Binding_SOS	0.020842612	0.075990595	0.29788312
V159W	V159W	159	159	0.16453438	0.24842532	0.060424004	0.26758733	0.3994592	0.003484881	0.11762214	0.05150971	0.057605375	0.0077172597	10	0.13783696	0.1305954	0.511934	Binding_SOS	0.08298626	0.078626394	0.30821547
V159Y	V159Y	159	159	0.12031848	0.07576487	0.1439868	0.053577382	-0.0400855	0.05598624	-0.0012725682	0.09688703	-0.07388955	-0.19935217	10	0.023192104	0.104228295	0.40857494	Binding_SOS	0.01396306	0.06275179	0.24598703
V185A	V185A	185	185	0.0023284217	0.25757942	0.26341054	0.07541088	0.023966154	-0.28501192	-0.15004668	0.448923	-0.057341542	-0.284368	10	0.029485032	0.24100162	0.94472635	Binding_SOS	0.017751787	0.14509767	0.56878287
V185C	V185C	185	185	0.314708	-0.0035924665	0.1637748	0.4381764	0.18688458	0.2603621	-0.068551	0.9269651	0.43154725	0.085642144	10	0.2735917	0.28472131	1.1161076	Binding_SOS	0.16471888	0.17141959	0.6719648
V185D	V185D	185	185	0.21466753	-0.44062784				-0.3173707	0.111215755	-0.1978575	-0.13926578	-0.35634917	7	-0.16079824	0.24422084	0.9573457	Binding_SOS	-0.09681034	0.14703584	0.5763805
V185E	V185E	185	185	0.08495464	-0.045383703	-0.42798367	-0.10956696	-0.8194135				0.19612372	-0.1623952	7	-0.18338068	0.34286243	1.3440207	Binding_SOS	-0.11040635	0.20642409	0.80918247
V185F	V185F	185	185	0.90506375	1.6628014	1.8206422	1.2995074	0.9328771	0.74042654			0.6961563	1.0483627	8	1.1382297	0.41835752	1.6399615	Binding_SOS	0.6852837	0.25187674	0.98735684
V185G	V185G	185	185	0.08657513	0.14341076	-0.095983826	6.332743e-05	-0.16323158	-0.10545837	-0.015828354	-0.2605728	0.081555836	0.18804987	10	-0.014141999	0.14267433	0.5592834	Binding_SOS	-0.008514346	0.085898645	0.3367227
V185I	V185I	185	185	-0.5303246	0.38877997	0.9353157	1.1932195	0.8553028	0.43472627	0.9526998	0.7791927	-0.194886	0.4744508	10	0.52884763	0.54084045	2.1200945	Binding_SOS	0.31839854	0.32561892	1.2764262
V185L	V185L	185	185	0.20880257	-0.08033759	0.019707616	0.17508751	0.076405786	0.017384347	0.13252582	0.29520592	0.12039333	0.16978388	10	0.11349592	0.10875775	0.4263304	Binding_SOS	0.068331465	0.065478794	0.25667688
V185N	V185N	185	185	0.1652785	-0.16993354	-0.07334175	0.16250484	-0.04503142	-1.1118625	-0.5872501	0.12141739	-0.38402244	-0.15057522	10	-0.20728163	0.39809847	1.560546	Binding_SOS	-0.12479618	0.23967955	0.93954384
V185R	V185R	185	185	0.4228661	0.8297681	0.79650366	1.0208863	1.7484014	1.6978782	0.49651313	1.280223	0.88375276	1.4972361	10	1.067403	0.47121567	1.8471655	Binding_SOS	0.64264166	0.28370056	1.1121062
V185S	V185S	185	185			0.16520487	0.13273238	0.118444376	-0.2705991	0.026848117	-0.011803089	0.021549003		7	0.026053796	0.14647888	0.57419723	Binding_SOS	0.015685974	0.088189214	0.34570172
V185W	V185W	185	185				-0.059682146	0.11000713	0.42282552	0.17411214	-0.05375361	-0.19905718	0.074504405	7	0.06699375	0.20058538	0.7862947	Binding_SOS	0.04033432	0.12076463	0.47339734
V185Y	V185Y	185	185	1.243322				1.6166569	1.6514655	0.4997118	1.2188494	1.1594312	0.28883597	7	1.096896	0.52081865	2.041609	Binding_SOS	0.6603983	0.3135646	1.2291733
V28A	V28A	28	28	0.24933822	0.36444965	0.3026106	0.32563135	0.370261	0.3178076	0.37445086	0.36109418	0.32610857	0.3126382	10	0.33043903	0.038714543	0.15176101	Binding_SOS	0.19894445	0.023308516	0.09136938
V28C	V28C	28	28	0.15155296	-0.007922448	0.0763711	0.21607557	0.09873119	0.12529151	0.20755814	0.1335894	0.14737962	0.16454548	10	0.13131726	0.06521617	0.2556474	Binding_SOS	0.079060994	0.03926411	0.15391532
V28D	V28D	28	28	0.2661386	0.39941022	0.40839323	0.41566536	0.39252013	0.2646401	0.23979518	0.32515833	0.20462292	0.3464106	10	0.32627544	0.07786822	0.30524343	Binding_SOS	0.1964377	0.04688142	0.18377517
V28E	V28E	28	28	0.3851848	0.41191223	0.2054881	0.29337734	0.27561644	0.31504825	0.307732	0.3184748	0.23575315	0.37777343	10	0.31263608	0.065454766	0.25658268	Binding_SOS	0.18822598	0.03940776	0.15447842
V28F	V28F	28	28	0.65793645	0.71810174	0.8159697	0.6838116	0.65724915	0.6349517	0.6809283	0.75338614	0.71351063	0.69395274	10	0.7009798	0.05300973	0.20779814	Binding_SOS	0.4220326	0.03191509	0.12510715
V28G	V28G	28	28	0.9664393	0.9668375	0.92987376	0.9770547	1.0562836	0.98990595	0.94464296	0.95967495	0.90607095	0.99959785	10	0.96963817	0.04114325	0.16128154	Binding_SOS	0.5837813	0.024770744	0.097101316
V28H	V28H	28	28	-0.030013371	-0.11546405	-0.15588494	0.036848225	0.096273325	-0.22716337	-0.12847641	-0.09548772	-0.13149452	0.0033723705	10	-0.074749045	0.09877836	0.38721117	Binding_SOS	-0.04500348	0.059470594	0.23312473
V28I	V28I	28	28	0.15864944	0.14899059	0.24632727	0.12880942	0.026940264	0.08507613	0.1506613	0.05401357	0.1736211	0.05731073	10	0.123039976	0.06688073	0.2621725	Binding_SOS	0.07407757	0.04026628	0.15784381
V28K	V28K	28	28	-0.63565636	-0.46461716	-0.4199951	-0.4026849	-0.40446466	-0.49431655	-0.42480737	-0.70945114	-0.60963523	-0.6765085	10	-0.5242137	0.12088595	0.47387296	Binding_SOS	-0.3156086	0.07278071	0.2853004
V28L	V28L	28	28	-0.044556644	0.01823821	-0.08844582	0.0075057363	-0.025427282	-0.044815812	0.03475825	0.12610897	0.014891875	0.069337465	10	0.006759497	0.061946288	0.24282946	Binding_SOS	0.004069629	0.037295442	0.14619814
V28M	V28M	28	28	0.10050684	0.035252202	0.16219692	0.07394985	0.014391719	0.037226487	0.10786841	-0.04709604	0.021241846	0.06118364	10	0.056672186	0.05835201	0.22873987	Binding_SOS	0.034120113	0.035131466	0.13771535
V28N	V28N	28	28	0.19955824	0.08032716	0.19203539	0.35218367	0.036342833	-0.0015936419	0.10076795	0.13047245	0.20532875	0.17002061	10	0.14654434	0.101106055	0.39633575	Binding_SOS	0.08822863	0.06087201	0.23861828
V28P	V28P	28	28	0.5713055	0.55608225	0.5422546	0.5787501	0.53867614	0.73588103	0.7089336	0.5169941	0.48334938	0.5999631	10	0.583219	0.08049179	0.31552783	Binding_SOS	0.3511334	0.048460964	0.18996698
V28Q	V28Q	28	28	0.054307368	0.14774193	-0.010737299	0.15045922	0.12237525	0.061708514	0.21377094	0.19863133	0.12579569	0.07526118	10	0.11393142	0.06924307	0.27143285	Binding_SOS	0.06859366	0.041688554	0.16341913
V28R	V28R	28	28	0.04411392	0.026508266	0.07121287	0.12664466	0.14120704	0.1168084	0.12669718	0.07919683	0.12916206	0.088142835	10	0.09496941	0.039337467	0.15420288	Binding_SOS	0.057177372	0.023683554	0.09283953
V28S	V28S	28	28	0.17442042	0.19325408	0.26834843	0.19743226	0.23192143	0.15971452	0.20984094	0.20813583	0.14816207	0.25601768	10	0.20472476	0.039136194	0.15341388	Binding_SOS	0.12325679	0.023562375	0.09236451
V28T	V28T	28	28	0.009458486	0.18661334	0.030284423	0.15609401	0.04971827	0.25387603	0.15445724	0.108932555	0.13052447	-0.12564184	10	0.0954317	0.10780393	0.42259142	Binding_SOS	0.057455704	0.06490454	0.2544258
V28W	V28W	28	28	0.16117033	0.44455773	0.2890987	0.24104008	0.31440434	0.40191406	0.26572764	0.19351782	0.1029496	0.19927822	10	0.26136583	0.105893284	0.41510168	Binding_SOS	0.15735817	0.063754216	0.24991652
V28Y	V28Y	28	28	0.4988159	0.5552582	0.47235703	0.36708337	0.40559167	0.47303328	0.42273867	0.419172	0.5384029	0.3666018	10	0.4519055	0.06647263	0.2605727	Binding_SOS	0.27207467	0.040020574	0.15688065
V43A	V43A	43	43	0.14179197	0.10405883	0.042795952	0.03696242	0.20121866	0.11915083	0.046967413	0.0035088256	0.19627011	0.18487416	10	0.107759915	0.07273502	0.2851213	Binding_SOS	0.06487804	0.043790918	0.17166041
V43C	V43C	43	43	0.38535634	-0.034560315	0.03198226	0.1630804	0.03453834	0.25016528	0.20937215	0.19925898	-0.01787882	0.07031164	10	0.12916264	0.1346031	0.52764416	Binding_SOS	0.07776378	0.08103927	0.31767395
V43D	V43D	43	43	0.99038506	0.88256013	0.9452214	0.92214036	0.9828955	1.6042409	1.1666031	1.1766374	1.1457781	0.72163445	10	1.0538096	0.23969616	0.939609	Binding_SOS	0.63445765	0.1443117	0.56570184
V43E	V43E	43	43	1.5564239	1.3080201	1.5513313	1.6523447	1.4829414	1.6838899	1.6500039	1.7262994	1.8044078	1.5907385	10	1.60064	0.13877085	0.54398173	Binding_SOS	0.9636829	0.08354851	0.32751015
V43F	V43F	43	43	1.0349388	0.77459466	1.095892	0.8917019	1.135343	0.68127054	0.6810024	1.1315044	0.85673004	0.91529405	10	0.91982716	0.17490812	0.68563986	Binding_SOS	0.55379206	0.10530535	0.41279697
V43G	V43G	43	43	0.39475366	0.23402818	0.18415286	0.4509413	0.28450906	0.38887715	0.23671411	0.4180737	0.040311713	0.32766673	10	0.29600286	0.12634331	0.49526578	Binding_SOS	0.17821178	0.076066375	0.2981802
V43H	V43H	43	43	0.8042889	0.73795176	0.9350531	0.8453942	0.6865573	0.4928766	1.1020414	1.0784986	0.7156181	0.5902141	10	0.79884946	0.19756013	0.77443576	Binding_SOS	0.48095608	0.118943244	0.4662575
V43I	V43I	43	43	-0.18966661	-0.045273587	0.29984125	0.19073956	-0.12333024	0.43665013	0.5008243	0.2514894	0.24385859	0.33216342	10	0.18972962	0.23430306	0.918468	Binding_SOS	0.1142288	0.14106473	0.55297375
V43K	V43K	43	43	1.4708599	2.131889	1.5447917	2.5195982	1.3234041	1.6297965	1.756674	1.083649	2.3107135	1.433674	10	1.7205051	0.46000165	1.8032064	Binding_SOS	1.035849	0.27694905	1.0856403
V43L	V43L	43	43	0.9131981	0.93809265	1.0350859	0.9896093	0.8136442	0.9363517	0.86280155	0.8473963	0.5816798	0.9948508	10	0.891271	0.12926948	0.5067364	Binding_SOS	0.53659946	0.07782811	0.3050862
V43M	V43M	43	43	0.7514024	0.5180084	0.8930994	1.0383666	1.0126599	1.0118212	0.95960635	0.8228496	1.4980619	1.0933127	10	0.9599188	0.2540862	0.99601793	Binding_SOS	0.5779296	0.15297538	0.5996635
V43N	V43N	43	43	0.101710506	0.34199753	0.3441244	0.36822066	0.4541624	0.33123675	0.15117334	-0.2650129	0.081730954	0.3550258	10	0.22643694	0.2135333	0.83705056	Binding_SOS	0.13632885	0.12856007	0.5039555
V43P	V43P	43	43	1.4211504	0.84653836	1.3811443	1.1900034	1.2794336	1.2704285	1.7089714	0.9804804	1.1242548	1.5067517	10	1.2709157	0.25272074	0.9906653	Binding_SOS	0.7651688	0.1521533	0.5964409
V43Q	V43Q	43	43	0.60802335	0.44976488	-0.12930009	-0.17358169	0.144892	0.29074806	0.43299857	0.46698853	0.37887344	0.59656346	10	0.30659705	0.27675495	1.0848794	Binding_SOS	0.18459012	0.16662335	0.65316355
V43R	V43R	43	43	0.6977956	0.8782851	0.88610506	0.82669765	0.68466395	0.49162042	0.8676778	0.78851354	0.7583796	0.586335	10	0.74660736	0.13194738	0.5172337	Binding_SOS	0.44950315	0.07944037	0.31140625
V43S	V43S	43	43	0.05317997	0.1676949	-0.105923794	0.15446167	0.09434285	0.2926229	0.13805169	-0.058333535	0.23166947	0.23786253	10	0.12056287	0.1281982	0.50253695	Binding_SOS	0.07258619	0.077183135	0.3025579
V43T	V43T	43	43	0.13900104	0.027027423	0.34887236	0.087695755	0.2964631	0.14417805	0.23816028	0.3973489	-0.019755837	-0.055995602	10	0.16029955	0.15609995	0.6119118	Binding_SOS	0.096510105	0.09398168	0.3684082
V43W	V43W	43	43	-0.62691104	-0.40343946	-0.16063727	-0.4280971	-0.39831403	-0.3802705	-0.6184948	-0.34022892	-0.22076051	-0.5833962	10	-0.41605502	0.15792839	0.6190793	Binding_SOS	-0.2504905	0.09508252	0.3727235
V43Y	V43Y	43	43	0.45896107	0.72495055	0.83024263	1.04168	1.0122811	1.4221028	1.2529001	0.60200214	1.0893915	1.0132604	10	0.9447773	0.29387897	1.1520056	Binding_SOS	0.56881356	0.17693307	0.69357765
V44A	V44A	44	44	0.2244828	0.2517781	0.09071632	0.03128073	-0.010483227	0.0729075	0.20401408	0.34605724	0.13813345	0.057445113	10	0.1406332	0.112743184	0.4419533	Binding_SOS	0.08466976	0.06787827	0.26608282
V44C	V44C	44	44	0.3904205	0.3594335	0.4732347	0.2722535	0.55023396	0.6091304	0.34944132	0.32104096	0.37899265	0.3914229	10	0.40956044	0.10441223	0.40929595	Binding_SOS	0.24658036	0.06286253	0.24642113
V44D	V44D	44	44	0.7641664	0.6997966	0.6102704	0.73147005	0.6354309	0.7428141	0.7409154	0.5691346	0.6121045	0.9017318	10	0.7007835	0.0979662	0.3840275	Binding_SOS	0.4219144	0.058981627	0.23120798
V44E	V44E	44	44	0.5190206	0.649828	0.9901401	0.9503481	0.51625496	0.9340006	0.6949167	0.6621395	0.7903379	0.85890937	10	0.7565896	0.17432195	0.68334204	Binding_SOS	0.45551306	0.10495244	0.41141358
V44F	V44F	44	44	0.9991417	1.196748	0.9990129	0.8155951	1.0355152	1.2928212	1.067364	1.1901627	1.0676229	1.1152909	10	1.0779275	0.13231274	0.51866597	Binding_SOS	0.64897805	0.07966034	0.31226856
V44G	V44G	44	44	0.1792484	0.2700684	0.4749191	0.13392006	0.23475459	0.1285333	0.26347125	0.16224915	0.30479458	0.22346112	10	0.237542	0.10246663	0.4016692	Binding_SOS	0.14301477	0.061691158	0.24182934
V44H	V44H	44	44	0.24259587	0.5650224	0.2679177	0.14900492	0.6948742	-0.0069319694	0.19228509	0.43684047	0.26740357	0.60074884	10	0.34097612	0.22423786	0.8790124	Binding_SOS	0.20528841	0.13500486	0.5292191
V44I	V44I	44	44	0.65127397	0.35486957	0.2054722	0.5814571	0.22081295	0.419999	0.3769188	0.36297	0.38097745	0.3854722	10	0.39402232	0.13766731	0.53965586	Binding_SOS	0.23722546	0.08288412	0.32490575
V44K	V44K	44	44	-0.013231918	0.2822428	0.17286918	0.35949224	0.27222875	0.29051667	0.09427676	-0.025941836	0.31136632	0.11969135	10	0.18635103	0.13785337	0.54038525	Binding_SOS	0.11219468	0.08299613	0.32534483
V44L	V44L	44	44	0.26047397	0.43075335	0.3563998	0.052628692	0.3290168	0.1782663	0.36747438	0.4042355	0.35154545	0.4035149	10	0.31343094	0.11817103	0.46323043	Binding_SOS	0.18870454	0.07114617	0.278893
V44M	V44M	44	44	0.44448727	0.06050084	0.3693871	0.28709263	0.15765955	0.32737422	0.46804634	0.44354576	0.33563337	0.6237129	10	0.351744	0.16067845	0.6298595	Binding_SOS	0.21177134	0.09673822	0.37921384
V44N	V44N	44	44	0.10756651	0.17815064	-0.12767033	0.2395593	0.37926137	-0.16878568	0.25112224	-0.3401711	-0.0024144656	-0.05398207	10	0.046263643	0.2235123	0.87616825	Binding_SOS	0.027853534	0.13456804	0.5275067
V44P	V44P	44	44	1.0831592	0.6375011	1.2566525	0.81464773	0.6085278	0.61401767	1.004498	1.1014285	1.1602042	0.34828937	10	0.8628926	0.3006466	1.1785347	Binding_SOS	0.51951396	0.1810076	0.7095498
V44Q	V44Q	44	44	0.14876708	-0.006099262	0.085626274	-0.25393453	-0.98162735	0.05744049	-0.16375512	-0.3775252	-0.48678657	-0.66659003	10	-0.26444843	0.3669983	1.4386334	Binding_SOS	-0.15921408	0.22095536	0.866145
V44R	V44R	44	44	0.02636405	-0.02597645	-0.06419961	-0.15234056	0.019916218	-0.0062361043	0.019425167	-0.11127488	0.013698409	-0.10897499	10	-0.03895988	0.06564089	0.2573123	Binding_SOS	-0.023456223	0.039519817	0.15491769
V44S	V44S	44	44	0.48315546	0.4652975	0.48803046	0.53668416	0.4443408	0.4277925	0.22993203	0.18822064	0.26330927	0.6718427	10	0.41986054	0.15009665	0.5883789	Binding_SOS	0.25278166	0.09036734	0.35423997
V44T	V44T	44	44	0.68513364	0.7769351	0.4987351	0.7287253	0.7915611	0.64136696	0.54311275	0.4442129	0.39546582	0.7700286	10	0.6275278	0.14699109	0.5762051	Binding_SOS	0.37780997	0.0884976	0.3469106
V44W	V44W	44	44	0.41920003	0.56722736	0.46083888	0.9412726	0.4829153	0.81412554	0.6158668	0.8150008	0.5011886	0.63175803	10	0.62493944	0.17644127	0.6916498	Binding_SOS	0.37625164	0.106228404	0.41641536
V44Y	V44Y	44	44	0.721422	0.88260067	0.6935352	0.53245074	1.0839429	1.1379982	1.0158952	0.9170514	0.6902106	1.0332134	10	0.8708321	0.20203501	0.7919772	Binding_SOS	0.524294	0.1216374	0.4768186
V6A	V6A	6	6	0.12702164	0.084927656	0.5343455	0.19509652	0.4517971	0.26598802	0.2804036	0.21646895	0.25273576	0.12189726	10	0.2530682	0.14360029	0.5629131	Binding_SOS	0.1523625	0.08645613	0.33890802
V6C	V6C	6	6	0.15483919	0.38729918	0.13573003	0.48345667	0.17097142	0.42819268	0.57391477	0.4414661	-0.14685193	0.5013118	10	0.31303295	0.22508319	0.8823261	Binding_SOS	0.18846492	0.1355138	0.5312141
V6D	V6D	6	6	0.91479385	0.2726454	0.79147315	1.587006	1.616176	0.81135553	1.3420157	1.6876396	0.952835	0.90744156	10	1.0883381	0.45487508	1.7831104	Binding_SOS	0.6552459	0.27386254	1.0735412
V6E	V6E	6	6	0.5143515	0.44003898	0.37915543	0.48462296	0.71051586	0.89136624	0.6748517	0.32258767	0.5156699	0.7524231	10	0.56855834	0.18108757	0.7098633	Binding_SOS	0.3423068	0.109025754	0.42738095
V6F	V6F	6	6	-0.49117666	-0.73933023	-0.9736437	-0.6440577	-0.97991794	-0.59923214	-0.12518881	-0.6712393	-0.42735556	-0.4575905	10	-0.6108733	0.25745967	1.0092419	Binding_SOS	-0.36778295	0.15500642	0.6076252
V6G	V6G	6	6	-0.044186004	-0.085981786	0.038833074	-0.034133296	-0.07519964	0.113552965	0.024151849	-0.20598434	-0.078312844	0.1234237	10	-0.022383634	0.09996473	0.39186174	Binding_SOS	-0.013476312	0.060184862	0.23592466
V6H	V6H	6	6	0.04707	-0.36549655	-0.5242412	-0.10576627	-0.6598453	-0.52650803	-0.48892418	-0.59559816	-0.32272765	-0.33715698	10	-0.38791946	0.22141522	0.8679477	Binding_SOS	-0.23355116	0.13330546	0.52255744
V6I	V6I	6	6	0.044729944	0.12111339	0.5806488	0.8708327	0.9355967	0.074041374	0.79041064	0.16899996	0.19189498	-0.14387651	10	0.3634392	0.39199615	1.5366249	Binding_SOS	0.21881256	0.23600557	0.9251419
V6K	V6K	6	6	1.5951331	1.7094585	1.0439582	0.9383864	0.9444435	1.090944	0.9746119	1.7570752	0.9511833	1.0472412	10	1.2052435	0.33858755	1.3272632	Binding_SOS	0.72563004	0.20385036	0.7990934
V6L	V6L	6	6	0.3833518	0.29844466	0.40410995	0.38500422	0.45054775	0.1744559	0.519036	0.48606703	0.43981728	0.35561645	10	0.3896451	0.09906104	0.38831928	Binding_SOS	0.23459011	0.059640788	0.23379189
V6M	V6M	6	6	0.6606855	0.60240036	0.54305905	0.40695405	0.21266462	0.47319385	0.4039954	0.41470203	0.3709554	0.64025813	10	0.47288686	0.13966775	0.5474976	Binding_SOS	0.2847067	0.084088504	0.32962695
V6N	V6N	6	6	-0.29165664	-0.23440415	0.39000994	0.058530588	-0.6543285	-0.106863916	-0.37968114	-0.25491217	-0.35767296	-0.22203667	10	-0.20530157	0.2788845	1.0932273	Binding_SOS	-0.12360406	0.16790548	0.6581895
V6P	V6P	6	6	0.018735263	0.9343964	0.1976324	0.14889878	0.34779125	1.3087924	1.2992572	0.24765284	0.4591302	0.7299296	10	0.5692216	0.47392446	1.8577839	Binding_SOS	0.3427061	0.28533143	1.1184993
V6Q	V6Q	6	6	1.4867333	1.0966898	0.7396737	1.3247021	1.2578555	1.3411287	0.83329403	1.8434149	1.502695	1.5458244	10	1.2972012	0.33479658	1.3124026	Binding_SOS	0.7809942	0.20156795	0.79014635
V6R	V6R	6	6	0.90582263	0.9364082	0.54396373	0.75184166	0.809889	0.89284104	0.86432034	0.952347	1.0269706	0.93185645	10	0.861626	0.13526413	0.5302354	Binding_SOS	0.5187514	0.08143725	0.31923404
V6S	V6S	6	6	-0.24757019	-0.08292239	0.35209364	0.08632116	-0.036124542	-0.27967155	0.21381187	0.069975674	0.21122542	-0.17671533	10	0.011042379	0.2119609	0.8308867	Binding_SOS	0.006648185	0.12761338	0.50024444
V6T	V6T	6	6	0.5861769	0.56061244	0.366042	0.08912849	0.25644204	0.6074754	0.75917405	0.3596503	0.41646352	0.36823028	10	0.43693954	0.19441551	0.7621088	Binding_SOS	0.26306424	0.11704999	0.458836
V6W	V6W	6	6	-0.07826405	0.061702587	-0.20792434	-0.20693402	-0.01120902	0.519789	0.056201607	-0.19138508	-0.18845811	0.08769542	10	-0.015878597	0.22280172	0.87338275	Binding_SOS	-0.009559884	0.13414022	0.5258297
V6Y	V6Y	6	6	-0.42557278	-0.28424004	-0.62223613	-0.2704914	0.07994212	-0.5464082	-0.32323298	-0.16340308	-0.3407833	-0.11828667	10	-0.30147123	0.20538762	0.8051195	Binding_SOS	-0.18150407	0.12365587	0.48473102
V7A	V7A	7	7	-0.19142906	0.24824457	0.4402842	0.091619134	0.50820535	0.3055585	0.2116158	0.32394952	0.6706765	0.321074	10	0.29297987	0.23485255	0.92062205	Binding_SOS	0.17639175	0.14139555	0.55427057
V7C	V7C	7	7	0.16469836	0.20995805	0.1754153	0.27322316	-0.016427783	0.2676819	0.28444332	-0.16818804	0.03180236	0.22520095	10	0.14478076	0.14901909	0.58415484	Binding_SOS	0.087166846	0.08971858	0.35169685
V7D	V7D	7	7	0.9166966	0.2441835	-0.25693277	-0.20262267	0.17594647	0.3727626	-0.1561883	0.36513573	0.088509	0.3931966	10	0.19406866	0.35284045	1.3831346	Binding_SOS	0.11684117	0.21243146	0.83273137
V7E	V7E	7	7	0.08318275	0.742169	0.88958037	0.7038038	0.65732235	1.1395633	0.30443758	0.5114068	1.2460401	1.2988473	10	0.7576353	0.3984457	1.5619072	Binding_SOS	0.45614263	0.23988861	0.94036335
V7F	V7F	7	7	0.57225394	1.395832	1.3120444	0.8508953	1.3239487	0.982892	1.2015415	1.1462086	1.240737	0.95499575	10	1.0981349	0.2560729	1.0038059	Binding_SOS	0.66114414	0.15417151	0.60435236
V7G	V7G	7	7	-0.067858726	0.21272345	-0.20392516	0.31104964	-0.047097787	-0.036529593	0.29532653	0.5071799	0.40050438	0.24997418	10	0.16213468	0.23480715	0.920444	Binding_SOS	0.09761496	0.14136823	0.55416346
V7H	V7H	7	7	1.023875	0.92710155	0.95254487	0.94391596	1.2421883	0.8445764	1.0696827	1.0879312	0.79466087	1.037082	10	0.9923558	0.12894261	0.505455	Binding_SOS	0.5974587	0.07763131	0.30431473
V7I	V7I	7	7	0.064009376	0.24966322	0.03473423	0.21334179	0.08638423	0.1757182	0.40629888	0.513651	0.121745385	0.07798945	10	0.19435358	0.15761293	0.61784273	Binding_SOS	0.11701271	0.0948926	0.371979
V7K	V7K	7	7	-0.7140031	-0.18559	-0.2012737	-0.05211137	-0.074977435	-0.50365114	-0.7150568	0.37724474	-0.6692814	-0.0100188395	10	-0.27487192	0.3640618	1.4271222	Binding_SOS	-0.16548966	0.21918741	0.85921466
V7L	V7L	7	7	0.33606252	0.12185622	0.10829516	0.19061264	-0.017703328	0.18753062	0.084333405	0.11521611	-0.036155842	0.12833104	10	0.121837854	0.10595988	0.41536272	Binding_SOS	0.07335382	0.06379431	0.2500737
V7M	V7M	7	7	-0.045267448	-0.086023316	-0.32121396	-0.43188933	-0.40062568	-0.2905116	-0.43264592	-0.42512617	-0.5975958	-0.207464	10	-0.3238363	0.17108512	0.6706537	Binding_SOS	-0.19496919	0.10300367	0.4037744
V7N	V7N	7	7	0.8398002	0.3021507	0.7714663	0.7444205	1.117512	1.0687802	0.1432776	0.5474319	0.6926595	0.36250284	10	0.6590002	0.3206918	1.2571119	Binding_SOS	0.39675832	0.19307601	0.756858
V7P	V7P	7	7	0.89012814	0.038095407	0.19979182	0.519601	1.2722609	0.071172744	0.7177922	0.67658275	0.7436119	0.44154048	10	0.55705774	0.3866046	1.51549	Binding_SOS	0.33538273	0.23275955	0.9124175
V7Q	V7Q	7	7	-0.67201316	-0.51152897	-0.3568388	-0.39527518	-0.4219005	-0.44012293	-0.7154649	-0.6388359	-0.30531123	-0.39327243	10	-0.4850564	0.14284046	0.5599346	Binding_SOS	-0.29203352	0.08599867	0.33711478
V7R	V7R	7	7	0.41019323	1.5654676	0.8147487	1.5507247	0.22052257	0.48686758	0.32999155	1.0302732	0.3593385	0.69260013	10	0.7460727	0.49285007	1.9319723	Binding_SOS	0.44918126	0.29672578	1.1631651
V7S	V7S	7	7	0.46149135	0.5804078	0.42519176	0.39692622	0.22235288	0.33677325	0.037305094	0.1984838	0.5751186	0.25593558	10	0.34899864	0.17323537	0.6790827	Binding_SOS	0.21011846	0.10429826	0.40884918
V7T	V7T	7	7	0.47545874	-0.35723042	0.008041315	-0.31056583	-0.16763867	-0.20588712	-0.35673818	-0.13122773	-0.112089925	-0.64097756	10	-0.17988554	0.2915464	1.142862	Binding_SOS	-0.108302064	0.1755287	0.68807256
V7W	V7W	7	7	0.5994604	0.32744697	0.13461855	0.07202545	0.16171232	0.85350966	0.7490939	0.62455034	0.20692225	0.67700976	10	0.44063497	0.2896906	1.1355872	Binding_SOS	0.26528913	0.17441142	0.68369275
V7Y	V7Y	7	7	0.26020035	0.5788262	0.075431146	0.6988688	0.6953404	-0.096863344	0.56668866	0.28058344	0.50753266	1.0514117	10	0.461802	0.33665684	1.3196949	Binding_SOS	0.27803296	0.20268795	0.79453677
V80A	V80A	80	80	0.2193381	0.014280456	-0.0034633756	0.18772595	-0.029466314	0.2327144	0.085953735	-0.08199735	-0.04125008	0.058840234	10	0.06426757	0.1138042	0.44611245	Binding_SOS	0.038692996	0.06851707	0.2685869
V80C	V80C	80	80	0.27587745	-0.011236993	-0.016799398	0.16389337	0.2665834	0.0077537037	0.23182966	0.12993899	0.041116253	0.23598647	10	0.1324943	0.1187746	0.46559644	Binding_SOS	0.07976965	0.071509555	0.28031746
V80D	V80D	80	80	-0.21310373	0.5697943	-0.29954034	-0.052272744	0.6549696	0.035820063	-0.20024449	0.16311587	0.58342266	1.174777	10	0.24167383	0.48257747	1.8917037	Binding_SOS	0.14550237	0.29054105	1.1389209
V80E	V80E	80	80	-0.5821162	-0.55473846	-0.35012504	-0.4004425	-0.98080516	-0.54698044	-0.4410149	-0.17259865	-0.65860337	-0.33597133	10	-0.5023396	0.22064827	0.86494124	Binding_SOS	-0.30243906	0.13284372	0.52074736
V80F	V80F	80	80	-0.28177753	-0.63738585	-0.85575885	-0.5993295	-0.6489274	-0.7783016	-0.57523584	-0.78005594	-1.0226253	-0.61445224	10	-0.67938507	0.19751126	0.7742441	Binding_SOS	-0.40903124	0.11891382	0.46614218
V80G	V80G	80	80	0.39638844	0.52311695	0.48898232	0.6581428	0.15123653	0.43929812	0.026708594	0.42824063	0.3726678	0.21769924	10	0.37024814	0.18809776	0.73734325	Binding_SOS	0.22291195	0.11324632	0.4439256
V80H	V80H	80	80	-0.13901766	-0.33383313	-0.49400654	-0.26069453	-0.2710183	-0.37650433	-0.31180108	-0.5350412	-0.33271277	-0.65000355	10	-0.3704633	0.14990433	0.58762497	Binding_SOS	-0.2230415	0.09025154	0.35378605
V80I	V80I	80	80	-0.068985775	-0.088014424	-0.11148547	-0.414763	-0.0033396217	-0.06533596	0.30842766	0.06425766	-0.15680368	-0.1785923	10	-0.07146349	0.18436432	0.72270817	Binding_SOS	-0.04302538	0.11099856	0.43511438
V80K	V80K	80	80	0.8168648	1.4364167	0.6635932	1.1896353	0.91778535	0.41057763	0.9159489	1.1715169	1.3146795	1.0069276	10	0.98439455	0.30919713	1.2120528	Binding_SOS	0.59266555	0.18615553	0.7297297
V80L	V80L	80	80	-0.22062825	-0.14563537	-0.3148422	-0.15355693	-0.27204505	-0.2598957	-0.122869655	-0.08735456	-0.15718375	-0.13070397	10	-0.18647155	0.07523871	0.29493576	Binding_SOS	-0.11226724	0.045298293	0.17756931
V80M	V80M	80	80	-0.07482451	-0.4819475	-0.13029256	-0.27086556	-0.1957138	-0.3322193	-0.16170858	-0.07015461	-0.5358315	-0.29522303	10	-0.2548781	0.16076377	0.630194	Binding_SOS	-0.15345216	0.09678959	0.3794152
V80N	V80N	80	80	0.29318225	0.08152003	0.79732114	0.48952845	0.64163	0.45247298	0.6747924	0.41968715	0.5452952	0.2652006	10	0.46606302	0.21380007	0.8380963	Binding_SOS	0.28059834	0.12872069	0.5045851
V80P	V80P	80	80	-0.3762428	-0.32237852	-0.07980669	-0.11677637	-0.2204636	-0.2022078	-0.32838786	-0.53689927	-0.28649607	-0.09230368	10	-0.25619626	0.14349551	0.56250244	Binding_SOS	-0.15424576	0.08639305	0.33866078
V80Q	V80Q	80	80	-0.13863896	-0.7301181	-0.59923726	-0.506695	-0.46174935	-0.68670386	-0.37719357	0.029891914	-0.59753597	-0.4781436	10	-0.4546124	0.2392135	0.9377169	Binding_SOS	-0.27370438	0.14402111	0.56456274
V80R	V80R	80	80	0.8712447	1.1797006	0.5561905	1.4825317	1.1392118	1.1680833	1.4675591	1.850811	1.5290595	1.0130694	10	1.225746	0.37107325	1.4546071	Binding_SOS	0.73797387	0.22340871	0.87576216
V80S	V80S	80	80	-0.053250764	0.08371166	-0.016913543	0.024303375	0.042239867	-0.09915864	0.01635938	0.19218294	-0.097736284	0.3587838	10	0.045052182	0.14044365	0.55053914	Binding_SOS	0.02712416	0.08455564	0.33145812
V80T	V80T	80	80	0.22743508	0.19007632	0.09748732	0.0016738038	-0.1345372	-0.01816142	0.20478347	0.4096034	0.44419795	0.23960869	10	0.16621675	0.1837715	0.7203843	Binding_SOS	0.100072615	0.11064165	0.43371528
V80W	V80W	80	80	1.625947	1.6268529	1.6395334	1.4891318	1.2025824	1.8145497	1.5488793	1.4225446	1.8383056	1.3478191	10	1.5556146	0.1983289	0.7774493	Binding_SOS	0.9365748	0.11940609	0.46807188
V80Y	V80Y	80	80	0.94546616	0.47946334	0.84239537	0.6702702	0.6631245	0.2972678	0.5044088	1.0435786	0.46709636	0.73735803	10	0.6650429	0.23412374	0.9177651	Binding_SOS	0.40039638	0.14095676	0.5525505
V8A	V8A	8	8	0.22329749	-0.0077954	-0.23910333	0.15537688	0.02643506	0.026497008	0.12063945	-0.16999152	0.011505797	0.09439847	10	0.024125991	0.1411499	0.5533076	Binding_SOS	0.014525318	0.084980845	0.3331249
V8C	V8C	8	8	0.1868458	0.17773071	0.34732237	0.5325603	0.111273006	0.29069012	0.28080797	0.41419318	0.30374146	0.18709773	10	0.28322628	0.12611179	0.49435824	Binding_SOS	0.17051949	0.07592699	0.2976338
V8D	V8D	8	8	0.8221577	0.47438765	0.48644295	0.64932865	0.2286993	0.6144186	0.57273674	0.6773932	0.25915208	0.49731603	10	0.52820325	0.18270794	0.71621513	Binding_SOS	0.31801057	0.11000132	0.43120518
V8E	V8E	8	8	0.13313904	1.05516	1.2436594	1.1884077	0.12827961	-0.05697626	0.8126025	0.90954494	0.61727077	0.62612265	10	0.66572106	0.46411142	1.8193167	Binding_SOS	0.40080467	0.2794234	1.0953397
V8F	V8F	8	8	-0.40359825	-0.45504895	-0.52671933	-0.42379072	-0.36224928	-0.41049436	-0.4167327	-0.58766985	-0.79402447	-0.4006972	10	-0.4781025	0.12951107	0.5076834	Binding_SOS	-0.28784686	0.07797356	0.30565637
V8G	V8G	8	8	0.47144735	0.27491403	0.2956368	0.49451327	0.4682379	0.46942192	0.44436046	0.3282492	0.4532537	0.5830783	10	0.4283113	0.097471274	0.3820874	Binding_SOS	0.2578695	0.05868365	0.23003991
V8H	V8H	8	8	0.07907263	0.18125848	0.18283983	-0.41815054	-0.2322399	-0.46775296	0.17218941	-0.120323576	-0.2562342	-0.8389698	10	-0.17183107	0.33969098	1.3315886	Binding_SOS	-0.10345278	0.20451468	0.80169755
V8I	V8I	8	8	-0.12973256	-0.21752195	-0.013061149	-0.024674535	-0.3419584	-0.06524519	-0.24339029	-0.16979173	-0.17657344	-0.2684381	10	-0.16503873	0.10803583	0.42350048	Binding_SOS	-0.09936338	0.06504416	0.2549731
V8K	V8K	8	8	1.567329	1.0389445	0.68342716	1.3252972	1.0931052	1.9174459	2.2194126	1.5222472	1.8650601	1.6646522	10	1.489692	0.46327436	1.8160355	Binding_SOS	0.8968854	0.2789194	1.0933641
V8L	V8L	8	8	-0.7252861	-0.6380749	-0.7538858	-0.69009095	-0.75242764	-0.66929764	-0.8639013	-0.64924437	-0.7194031	-0.54602945	10	-0.7007641	0.084777236	0.33232677	Binding_SOS	-0.42190272	0.051041067	0.20008099
V8M	V8M	8	8	-0.7715587	-0.5084415	-0.674574	-0.7080383	-0.892903	-0.662886	-0.78011554	-1.053155	-0.5042313	-0.6108506	10	-0.7166754	0.16857067	0.660797	Binding_SOS	-0.4314823	0.10148982	0.3978401
V8N	V8N	8	8	0.7480187	0.9297253	0.679043	0.7229326	1.3019317	1.0734123	1.2717003	0.8660114	0.6859666	1.1329371	10	0.94116795	0.23995742	0.9406331	Binding_SOS	0.5666405	0.144469	0.56631845
V8P	V8P	8	8	0.6537647	0.8867322	1.0843518	0.26679674	0.78814316	0.34991217	0.56159896	0.50378394	0.74668324	0.34952766	10	0.6191295	0.26246566	1.0288653	Binding_SOS	0.3727537	0.15802033	0.6194397
V8Q	V8Q	8	8	0.16522318	-0.06363263	0.22027382	-0.050243344	-0.43132713	0.20733222	0.015988879	0.11205492	0.21950266	0.23679768	10	0.063197024	0.20777936	0.81449515	Binding_SOS	0.03804846	0.12509584	0.49037573
V8R	V8R	8	8	1.4332365	1.4347551	1.1310784	1.4034252	1.4909846	1.0883943	1.5135915	1.8528113	1.4956164	1.2504251	10	1.4094318	0.21822163	0.8554288	Binding_SOS	0.8485639	0.13138273	0.5150203
V8S	V8S	8	8	0.1067647	0.46418855	0.65258527	0.6097995	0.62810844	0.008701643	-0.07754811	0.22759272	0.2892157	0.1203786	10	0.3029787	0.2702214	1.059268	Binding_SOS	0.18241164	0.16268976	0.6377439
V8T	V8T	8	8	0.8843504	0.10282325	0.78836036	1.093093	0.39373097	0.73833567	0.7873826	0.698358	0.33014166	0.9602582	10	0.6776834	0.3082915	1.2085027	Binding_SOS	0.40800673	0.18561028	0.7275923
V8W	V8W	8	8	-0.09800207	-0.28611264	-0.20476724	-0.2378496	-0.2915853	-0.3001567	0.0054126633	-0.494355	0.056128103	-0.042327862	10	-0.18936157	0.16860971	0.66095006	Binding_SOS	-0.11400721	0.101513326	0.39793223
V8Y	V8Y	8	8	-0.27055538	0.16741736	-0.06706324	0.12879762	0.025617683	-0.016502367	0.29317802	-0.038481638	0.35565364	0.10946956	10	0.06875312	0.18314567	0.71793103	Binding_SOS	0.04139357	0.11026486	0.43223825
WT	WT			-1.0179173	-1.0760361	-1.0926316	-1.0116587	-1.0261232	-1.0662732	-1.0474418	-0.92236507	-0.9671623	-1.081177	10	-1.0308785	0.054062355	0.21192443	Binding_SOS	-0.6206517	0.032548834	0.12759143
Y136A	Y136A	136	136	0.34848723	0.11271297	0.04488826	0.14690343	-0.015697721	0.022724163	-0.17226829	-0.26648423	-0.15672916	-0.08309058	10	-0.001855395	0.1797003	0.7044252	Binding_SOS	-0.0011170609	0.10819054	0.42410693
Y136C	Y136C	136	136	0.21534224	-0.16484247	-0.0119681405	0.084169954	0.024001893	-0.020369995	0.026872072	-0.1943946	0.1023454	0.11012847	10	0.017128482	0.12469721	0.48881307	Binding_SOS	0.0103123905	0.07507532	0.29429525
Y136D	Y136D	136	136	-0.12319345	-0.09546353	0.09458317	0.07080801	-0.18221472	-0.1357757	0.3342419	-0.19609933	-0.124795474	-0.27215925	10	-0.06300684	0.17950718	0.7036682	Binding_SOS	-0.03793396	0.10807427	0.42365116
Y136E	Y136E	136	136	0.64746875	0.18067954	-0.26928893	0.10669807	0.101111874	-0.17946349	0.0405107	-0.028930113	-0.08754359	0.29927835	10	0.08105211	0.26081234	1.0223844	Binding_SOS	0.04879831	0.15702493	0.61553776
Y136F	Y136F	136	136	-0.1841429	0.23094538	0.13718672	0.22300503	-0.060437683	0.05206968	0.22105709	-0.05374014	-0.21059188	0.16574354	10	0.052109487	0.16950251	0.6644499	Binding_SOS	0.031373087	0.10205085	0.40003935
Y136G	Y136G	136	136	-0.13864577	-0.36786774	-0.20159352	-0.083580084	-0.3331867	-0.38845944	-0.5620985	-0.25234008	-0.2044024	0.11154422	10	-0.242063	0.18618889	0.7298605	Binding_SOS	-0.14573668	0.11209706	0.4394205
Y136H	Y136H	136	136	0.2194962	0.09688242	0.28755656	0.115905	-0.22306915	0.20089285	0.030869318	0.09329277	0.09895522	0.7403184	10	0.16610996	0.24390346	0.9561016	Binding_SOS	0.100008324	0.14684476	0.57563144
Y136I	Y136I	136	136	0.09271348	-0.18774317	-0.20240748	-0.030966055	0.0044874074	0.08039879	-0.1028551	-0.30425358	-0.29231817	-0.09346976	10	-0.10364137	0.14227347	0.557712	Binding_SOS	-0.062398423	0.085657306	0.33577666
Y136K	Y136K	136	136	-0.033460163	-0.050496798	-0.048448373	-0.05090437	-0.041455988	-0.0043577766	-0.017502159	0.027935566	-0.124109104	-0.03464755	10	-0.037744675	0.03914253	0.15343872	Binding_SOS	-0.022724595	0.02356619	0.092379466
Y136L	Y136L	136	136	-0.2776151	-0.36524028	-0.18093127	-0.25969028	-0.24888772	-0.38781086	-0.18574744	-0.12197182	-0.31404406	-0.3234518	10	-0.26653907	0.08510215	0.33360043	Binding_SOS	-0.16047277	0.05123668	0.20084779
Y136M	Y136M	136	136	-0.19469593	-0.27095348	0.095750734	0.04585495	0.37568298	-0.013380155	-0.2830151	-0.50764	-0.5511839	-0.28067997	10	-0.15842599	0.28544366	1.1189392	Binding_SOS	-0.0953821	0.1718545	0.67366964
Y136N	Y136N	136	136	-0.15034494	-0.14493632	-0.2528481	-0.013687034	-0.12657398	0.120335825	0.16329913	-0.31632826	-0.24947524	-0.2815312	10	-0.125209	0.16656205	0.6529232	Binding_SOS	-0.075383455	0.10028051	0.3930996
Y136P	Y136P	136	136	0.30049786	0.19876187	-0.48163524	0.25379336				-0.4050985	0.4302172	-0.29368642	7	0.00040715933	0.37895274	1.4854947	Binding_SOS	0.00024513475	0.22815266	0.89435846
Y136Q	Y136Q	136	136	0.08492759	0.29668924	0.4029246	0.05794037	0.26365176	-0.1665601	0.59806985	0.12502174	0.23909089	-0.06474766	10	0.18370083	0.22494735	0.8817936	Binding_SOS	0.1105991	0.13543202	0.5308935
Y136R	Y136R	136	136	-0.31129557	-0.2086547	-0.12999058	-0.2054319	-0.3929552	-0.52728057	-0.30420884	-0.47522748	-0.37059313	-0.54721874	10	-0.3472857	0.14184442	0.55603015	Binding_SOS	-0.20908716	0.08539899	0.33476403
Y136S	Y136S	136	136	-0.27983692	-0.4240612	-0.4114124	-0.353406	-0.10729814	-0.22501904	-0.29394454	-0.17092487	-0.20759836	-0.39567673	10	-0.28691784	0.108779356	0.4264151	Binding_SOS	-0.17274202	0.0654918	0.25672787
Y136T	Y136T	136	136	-0.036860593	-0.26928017	0.40038475	0.0039673867	0.019934654	0.0059090233	0.041101452	0.2551114	0.23537134	-0.16735117	10	0.048828803	0.20026682	0.785046	Binding_SOS	0.029397916	0.120572835	0.47264552
Y136V	Y136V	136	136	-0.023818817	-0.089524485	-0.22239132	-0.083021246	-0.065401554	-0.07240297	-0.61050105	-0.22337054	-0.030091677	-0.072965674	10	-0.14934893	0.17645785	0.6917148	Binding_SOS	-0.08991716	0.10623839	0.4164545
Y136W	Y136W	136	136	-0.49826953	0.14153314	0.24997903	-0.2895286	0.080697775				0.10954813	0.055746026	7	-0.021470577	0.26864293	1.0530803	Binding_SOS	-0.012926596	0.16173942	0.63401854
Y156A	Y156A	156	156	-0.1926556	-0.20161238	-0.04818989	-0.23909529	-0.15220878	-0.070626765	-0.29814473	-0.041108225	-0.14354898	-0.16159202	10	-0.15487826	0.08355563	0.32753807	Binding_SOS	-0.093246154	0.050305586	0.1971979
Y156C	Y156C	156	156	-0.006528404	-0.084181525	-0.04620317	-0.08475491	-0.020530846	0.17565386	-0.1512563	0.025986131	-0.10760934	-0.038700424	10	-0.033812493	0.09001324	0.35285193	Binding_SOS	-0.020357182	0.05419346	0.21243836
Y156D	Y156D	156	156	-0.40185785	-0.29575607	-0.4345735	-0.20251845	-0.48560107	-0.010619056	-0.2757613	-0.18238641	-0.05175815	-0.25327682	10	-0.25941086	0.15561618	0.61001545	Binding_SOS	-0.15618116	0.093690425	0.36726648
Y156E	Y156E	156	156	-0.21381071	-0.15785271	-0.2055024	-0.22980414	-0.2585108	-0.18764497	-0.17681958	-0.26081932	-0.1412196	-0.358491	10	-0.21904752	0.06293262	0.24669586	Binding_SOS	-0.13187996	0.037889272	0.14852595
Y156F	Y156F	156	156	0.04305165	0.14253744	0.052176565	-0.028237859	0.06575092	0.14575979	-0.0018580065	-0.10031099	0.068048514	0.16365093	10	0.055056892	0.083283044	0.32646954	Binding_SOS	0.033147607	0.050141472	0.19655457
Y156G	Y156G	156	156	0.10044165	-0.019089589	-0.062450416	0.066725254	0.120805226	-0.13272874	-0.06644524	-0.06871676	-0.062047634	0.17126006	10	0.004775381	0.10171032	0.39870447	Binding_SOS	0.0028750706	0.061235815	0.2400444
Y156H	Y156H	156	156	-0.3581819	-0.3376961	-0.23336513	-0.06969501	-0.14326869	-0.14894475	-0.47555482	-0.33042493	-0.40901554	-0.07082586	10	-0.25769728	0.14450076	0.566443	Binding_SOS	-0.15514947	0.08699827	0.34103322
Y156I	Y156I	156	156	0.07955469	0.3042987	-0.02625845	-0.21695697	-0.03770291	-0.043569963	0.0837969	-0.2781364	0.0033407253	-0.29353997	10	-0.042517364	0.18332961	0.71865207	Binding_SOS	-0.025598045	0.110375606	0.43267238
Y156K	Y156K	156	156	0.08235436	0.20641498	0.26632497	-0.22237508	0.041704994	-0.036120653	-0.070728384	0.03497749	0.26351064	0.08343719	10	0.06495005	0.15393128	0.6034106	Binding_SOS	0.039103888	0.09267601	0.36328998
Y156L	Y156L	156	156	-0.12939185	0.045766458	-0.10572778	-0.16860647	0.23193009	0.026737427	-0.25669876	-0.13113746	0.11699738	-0.03155825	10	-0.04016892	0.14704117	0.5764014	Binding_SOS	-0.024184138	0.088527754	0.3470288
Y156M	Y156M	156	156	-0.051397696	0.25350052	0.054819115	-0.06723923	-0.21192342	0.20134649	-0.30557692	-0.08130013	-0.0852315	0.2296258	10	-0.0063376976	0.18840268	0.7385385	Binding_SOS	-0.0038156805	0.113429904	0.44464523
Y156N	Y156N	156	156	-0.08246077	-0.35853857	0.067039505	-0.2842558	-0.17082775	-0.107720494	-0.11378429	-0.14163312	-0.28381634	-0.424291	10	-0.19002888	0.14678134	0.5753829	Binding_SOS	-0.11440897	0.088371314	0.34641555
Y156P	Y156P	156	156	-0.17187016	-0.284007	0.0009294348	-0.0782874	-0.034433834	-0.71843094	-0.38068524	0.103041954	-0.37820804	0.42826903	10	-0.15136822	0.31385222	1.2303008	Binding_SOS	-0.091132894	0.18895817	0.74071604
Y156Q	Y156Q	156	156	0.29129744	-0.054215796	-0.18534671	-0.112948634	-0.26159123	-0.26847774	-0.17105651	0.21469064	0.23295967	-0.12140854	10	-0.04360974	0.21101847	0.8271924	Binding_SOS	-0.026255721	0.12704599	0.4980203
Y156R	Y156R	156	156	0.018079413	-0.08311078	-0.0131151555	0.04455277	0.10452306	0.111701064	0.19116247	0.11530662	0.30265757	0.05150597	10	0.084326304	0.10841143	0.42497283	Binding_SOS	0.05076958	0.06527029	0.25585955
Y156S	Y156S	156	156	0.015204428	-0.13502029	-0.24601269	-0.13156778	-0.17972533	-0.22238015	0.026026262	-0.06091909	0.09907411	-0.07276754	10	-0.0908088	0.113080606	0.443276	Binding_SOS	-0.054672435	0.068081416	0.26687917
Y156T	Y156T	156	156	-0.07937521	-0.03870375	-0.056930393	-0.09667127	-0.1828391	0.020294264	-0.1132282	0.04203437	-0.12598498	-0.08060691	10	-0.07120111	0.06707211	0.26292267	Binding_SOS	-0.042867407	0.0403815	0.15829548
Y156V	Y156V	156	156	0.073996425	0.037371088	-0.02638071	-0.062736094	0.12598188	0.047849603	-0.054428767	-0.020495452	-0.017024342	0.06731213	10	0.017144576	0.062297482	0.24420613	Binding_SOS	0.01032208	0.037506882	0.14702699
Y156W	Y156W	156	156	-0.09576876	-0.29743782	-0.1527933	-0.19090725	-0.19761948	-0.032062173	0.080461405	0.059713148	-0.1195891	0.07177987	10	-0.08742235	0.12934908	0.5070484	Binding_SOS	-0.052633584	0.07787603	0.30527404
Y31A	Y31A	31	31	2.233785	1.9446962	1.8558778	1.8028249	2.1728492	1.8973564	1.6343802	1.8089354	1.8607777	2.0393665	10	1.9250848	0.18036045	0.707013	Binding_SOS	1.1590184	0.10858799	0.42566493
Y31C	Y31C	31	31	1.394188	1.4098698	1.4479719	1.1182029	1.3513376	1.2206715	1.5016965	1.3900689	1.3430225	1.4239693	10	1.3600999	0.11289641	0.44255394	Binding_SOS	0.8188631	0.06797052	0.26644444
Y31D	Y31D	31	31	3.0742157	3.2756393	2.7643402	3.0886555	3.108242	2.72566	2.941805	3.2667432	2.9770777	3.0247009	10	3.0247078	0.18300831	0.7173926	Binding_SOS	1.8210585	0.110182166	0.4319141
Y31E	Y31E	31	31	2.0601919	1.737686	2.2373517	2.105657	2.2620964	2.0189223	1.7621717	2.22735	1.8438965	2.2375271	10	2.0492852	0.20377848	0.7988116	Binding_SOS	1.2337946	0.122687064	0.4809333
Y31F	Y31F	31	31	1.4426669	1.352376	1.3519515	1.3869611	1.1813424	1.3702568	1.5367138	1.2561466	1.2633759	1.3088889	10	1.345068	0.10079661	0.3951227	Binding_SOS	0.80981296	0.060685705	0.23788796
Y31G	Y31G	31	31	2.5141788	2.7997062	2.7236962	2.5356507	2.3860621	2.7546701	2.700236	2.6536694	2.7209966	2.7753842	10	2.6564252	0.13452439	0.52733564	Binding_SOS	1.59933	0.08099189	0.3174882
Y31H	Y31H	31	31	0.20478325	0.15181531	0.14350766	-0.025066566	0.2842426	0.4365879	0.6464734	0.23735465	0.10111357	0.13420132	10	0.23150131	0.1897894	0.74397445	Binding_SOS	0.1393779	0.11426479	0.447918
Y31I	Y31I	31	31	1.8717816	1.8333074	2.0578508	1.955238	1.998138	1.9428916	2.012365	1.8752885	2.3732846	1.921366	10	1.9841511	0.15331893	0.6010102	Binding_SOS	1.19458	0.092307344	0.3618448
Y31K	Y31K	31	31	2.032312	2.691027	2.3503723	1.7534267	2.1816208	2.2062297	1.5982589	1.8838909	1.822223	2.2629025	10	2.0782266	0.32524252	1.2749507	Binding_SOS	1.2512192	0.19581583	0.7675981
Y31L	Y31L	31	31	1.4110671	1.4404926	1.4835235	1.3991413	1.3940705	1.418126	1.2710313	1.2635269	1.2294675	1.568321	10	1.3878767	0.10556944	0.4138322	Binding_SOS	0.8355864	0.06355924	0.24915223
Y31M	Y31M	31	31	1.7708753	1.4517895	1.3974179	1.9287267	1.627891	1.7886281	1.4088435	1.5226582	1.6462575	1.3443841	10	1.5887473	0.19589098	0.76789266	Binding_SOS	0.9565227	0.11793831	0.46231818
Y31N	Y31N	31	31	1.417512	1.090434	0.91875523	1.4002265	1.061843	1.2164456	1.4431926	1.4965749	1.2127974	0.8385535	10	1.2096334	0.2296959	0.90040797	Binding_SOS	0.72827303	0.13829094	0.5421005
Y31P	Y31P	31	31	2.1371672	2.1276617	2.7473886	1.9602259	2.2102985	2.904578	2.8766396	2.3699248	2.1988626	2.0873113	10	2.3620057	0.3495711	1.3703188	Binding_SOS	1.4220715	0.21046312	0.8250154
Y31Q	Y31Q	31	31	2.6416829	2.9093142	2.0869026	2.1155348	2.4468837	2.0695946	2.6719475	2.268875	2.5843709	2.6632261	10	2.4458332	0.29468453	1.1551634	Binding_SOS	1.4725407	0.17741805	0.6954788
Y31R	Y31R	31	31	2.7357595	2.7482026	2.6076593	2.5687728	2.9280684	2.7986753	2.6522844	2.6475403	2.649191	2.3697789	10	2.6705933	0.1487393	0.58305806	Binding_SOS	1.60786	0.08955012	0.3510365
Y31S	Y31S	31	31	1.7532328	1.6922652	1.831132	1.556007	1.8669996	1.6425645	1.6861027	1.9096162	1.6250849	1.750979	10	1.7313983	0.11279061	0.44213918	Binding_SOS	1.0424074	0.06790682	0.26619473
Y31T	Y31T	31	31	1.0994098	1.3535308	1.0269076	0.99786484	1.0653151	1.1853845	1.2230052	0.789699	1.1454295	1.1799378	10	1.1066484	0.15201414	0.5958954	Binding_SOS	0.66626984	0.09152178	0.35876536
Y31V	Y31V	31	31	2.8321557	2.9663484	2.7989898	2.9797072	2.7810926	2.510703	3.120012	2.9810326	2.555953	2.8265126	10	2.8352506	0.19092405	0.74842227	Binding_SOS	1.7069937	0.114947915	0.45059583
Y31W	Y31W	31	31	-0.36392462	-0.17216747	-0.15016176	-0.113462314	-0.23691063	-0.28282303	-0.09877883	-0.30438834	-0.17366777	-0.26724377	10	-0.21635287	0.087891474	0.34453458	Binding_SOS	-0.13025762	0.052916028	0.20743084
Y39A	Y39A	39	39	0.97053254	0.8668515	0.9202615	0.8848469	0.8445065	0.863753	0.89075506	0.89653635	0.8733867	0.87490404	10	0.8886334	0.03535648	0.13859741	Binding_SOS	0.5350115	0.021286758	0.08344409
Y39C	Y39C	39	39	1.1820061	1.3233651	1.2701312	1.0905422	1.0999246	1.2294395	1.1291094	1.1552283	1.3089436	1.0742068	10	1.1862895	0.09199444	0.36061823	Binding_SOS	0.7142186	0.055386264	0.21711417
Y39D	Y39D	39	39	1.0913335	0.9140424	1.0796356	1.1905878	0.8931482	1.0805924	0.80372345	1.1288351	0.982693	1.1371937	10	1.0301784	0.1253642	0.49142766	Binding_SOS	0.6202302	0.07547689	0.2958694
Y39E	Y39E	39	39	1.0110421	1.0575294	1.0612738	1.2493565	1.1519003	1.1788535	1.1357619	1.1114379	1.0626144	1.0227562	10	1.1042526	0.07529868	0.29517084	Binding_SOS	0.6648274	0.0453344	0.17771085
Y39F	Y39F	39	39	0.053625256	-0.04497685	0.18629058	0.11165715	0.0145109845	0.16209722	0.19381823	0.09512998	0.052460335	-0.06534335	10	0.075926945	0.091009274	0.35675636	Binding_SOS	0.04571265	0.05479313	0.21478908
Y39G	Y39G	39	39	0.99570113	0.97912985	0.9555881	0.9316903	1.0517343	1.0134158	0.99250394	0.8807685	0.93652356	1.0961379	10	0.9833194	0.062102742	0.24344276	Binding_SOS	0.59201825	0.037389636	0.14656737
Y39H	Y39H	39	39	0.5210675	0.36814892	0.44782028	0.5044243	0.6503746	0.50470006	0.42489842	0.3480967	0.6492755	0.28408363	10	0.470289	0.12110414	0.47472826	Binding_SOS	0.28314266	0.07291208	0.28581536
Y39I	Y39I	39	39	1.5726403	1.9511406	1.7141856	1.9255322	1.899119	1.1046436	1.9761516	1.414987	1.6765999	1.7435651	10	1.6978565	0.275751	1.080944	Binding_SOS	1.0222132	0.16601892	0.65079415
Y39K	Y39K	39	39	1.7755775	1.8004761	1.4919183	1.8267981	1.8990196	1.8726612	1.8620989	1.640128	1.7048135	1.9144945	10	1.7787987	0.13266644	0.52005243	Binding_SOS	1.0709453	0.079873286	0.3131033
Y39L	Y39L	39	39	0.85730827	0.83922565	0.82576936	0.90440553	0.7487756	0.81912297	0.8651977	0.8045817	0.8721795	0.7615634	10	0.829813	0.048817057	0.19136287	Binding_SOS	0.49959803	0.029390845	0.11521212
Y39M	Y39M	39	39	0.8588989	0.988034	0.7381222	0.7738954	0.76904273	0.9753575	0.984946	0.79875547	0.8086368	0.6990308	10	0.839472	0.10746594	0.4212665	Binding_SOS	0.50541335	0.06470105	0.25362813
Y39N	Y39N	39	39	2.2531865	1.9648226	2.5373397	2.7635603	2.273661	2.3907394	2.6326957	2.3391097	2.1784387	1.9643176	10	2.329787	0.2636252	1.0334108	Binding_SOS	1.4026738	0.15871845	0.62217635
Y39P	Y39P	39	39	2.849987	3.0712786	2.6954381	3.0527008	2.6918607	2.7174232	2.8476143	2.7019787	2.9851665	2.6064384	10	2.8219886	0.16606146	0.6509609	Binding_SOS	1.6990092	0.099979125	0.39191818
Y39Q	Y39Q	39	39	1.1740065	1.291569	0.8998475	0.9844401	1.1711551	1.1555417	1.0406495	1.0375928	0.9357668	1.1596441	10	1.0850214	0.124473184	0.4879349	Binding_SOS	0.653249	0.07494044	0.29376653
Y39R	Y39R	39	39	1.3885636	1.3647082	1.3828137	1.4009776	1.3810434	1.342165	1.4959731	1.3827481	1.3710864	1.4068626	10	1.3916941	0.040931594	0.16045184	Binding_SOS	0.83788466	0.024643315	0.0966018
Y39S	Y39S	39	39	1.4045006	1.3917614	1.3854065	1.3588506	1.2993122	1.4178362	1.3197336	1.1958821	1.3162602	1.3450528	10	1.3434596	0.06550721	0.25678828	Binding_SOS	0.8088446	0.039439335	0.1546022
Y39T	Y39T	39	39	2.2884178	2.0445604	2.0583088	1.8667123	2.154975	2.1816175	2.2148788	1.9624503	2.113469	1.8120486	10	2.0697436	0.15292697	0.5994737	Binding_SOS	1.2461119	0.09207136	0.36091974
Y39V	Y39V	39	39	0.87011486	0.88206154	0.8494077	0.79412365	0.7820506	0.9038785	0.9304026	0.81995636	0.8416094	0.9545373	10	0.86281425	0.056567237	0.22174357	Binding_SOS	0.51946676	0.034056924	0.13350314
Y39W	Y39W	39	39	0.08542488	-0.056868717	0.20530604	0.03493515	0.072975576	0.19160229	0.047601596	0.10894407	0.01041791	0.07080508	10	0.07711439	0.07869046	0.3084666	Binding_SOS	0.046427563	0.047376458	0.18571572
Y3A	Y3A	3	3	0.39885414	0.33159858	0.5176405	0.6368338	0.28105757	0.15839359	0.64338315	0.08862535	0.37788913	0.39991418	10	0.383419	0.18289636	0.71695375	Binding_SOS	0.23084162	0.11011476	0.43164986
Y3C	Y3C	3	3	0.26259688	0.39045638	0.42725745	0.29265285	0.48363963	0.41610304	0.20708704	0.23697275	0.27315855	0.3488814	10	0.3338806	0.0926579	0.363219	Binding_SOS	0.20101649	0.055785708	0.21867998
Y3D	Y3D	3	3	0.058653332	0.35583737	0.5967084	0.56991816	0.8049115	1.4691057	1.5699368	1.7450463	0.289009	0.29033494	10	0.7749461	0.6045545	2.3698535	Binding_SOS	0.4665648	0.36397865	1.4267963
Y3E	Y3E	3	3	0.30623493	-0.23665014	0.15640023	0.086072885	0.19143656	-0.26434028	0.25384971	0.19446343	0.14520207	-0.01382019	10	0.08188492	0.19569118	0.76710945	Binding_SOS	0.049299713	0.11781803	0.46184668
Y3F	Y3F	3	3	-0.020803342	-0.14145511	-0.2973393	-0.15042126	-0.21090934	0.0198367	-0.23953572	-0.18566118	0.015654972	-0.11361402	10	-0.13242476	0.10852203	0.42540637	Binding_SOS	-0.07972778	0.065336876	0.25612056
Y3G	Y3G	3	3	0.70381117	0.35266387	0.39340582	0.779763	0.38632882	0.40070412	0.42207938	0.4706695	0.6120052	0.83387065	10	0.5355302	0.18073311	0.7084738	Binding_SOS	0.32242185	0.108812355	0.42654443
Y3H	Y3H	3	3		0.37988123	0.42763978	-0.35015088	-0.2031908	0.09066473	0.54753053	0.41557285	0.07698125	-0.5580203	9	0.09187871	0.38941073	1.5264901	Binding_SOS	0.055316586	0.234449	0.9190401
Y3I	Y3I	3	3	0.09677519	-0.090716675	-0.31091744	0.017190607	-0.30955496	0.12386264	0.05491846	-0.15651672	-0.3776665	-0.11594161	10	-0.106856704	0.18108647	0.70985895	Binding_SOS	-0.06433425	0.10902509	0.42737836
Y3K	Y3K	3	3	0.48174578	0.68900526	0.3721401	0.014487068	0.49888453	0.92494315	0.44193572	0.45356646	0.15272467	0.095944285	10	0.41253772	0.27519634	1.0787697	Binding_SOS	0.24837287	0.16568498	0.6494852
Y3L	Y3L	3	3	-0.317704	0.11033834	-0.32742658	-0.25354767	-0.17846292	-0.29234487	-0.25526562	-0.4637865	-0.30714914	-0.50868756	10	-0.27940363	0.16819881	0.65933937	Binding_SOS	-0.16821802	0.10126594	0.3969625
Y3M	Y3M	3	3	0.3284883	-0.1919315	0.23367833	-0.09719918	0.1114341	0.26469412	0.46414316	0.28028706	-0.12922886	0.53393036	10	0.17982957	0.2502578	0.98101056	Binding_SOS	0.108268365	0.15067045	0.5906282
Y3N	Y3N	3	3	0.0385195	0.41611114	0.36213186	0.3248589	0.040723927	0.9407615	0.69846565	0.36009055	0.5565258	0.7539453	10	0.44921342	0.29358754	1.1508632	Binding_SOS	0.27045387	0.1767576	0.6928898
Y3P	Y3P	3	3	-0.7578626	0.06778061	0.16805425	-0.20366713	-0.21465768	-0.025980005	0.28891096	-0.025008917	-0.65771395	0.14762755	10	-0.12125169	0.34751213	1.3622476	Binding_SOS	-0.07300091	0.2092235	0.8201561
Y3Q	Y3Q	3	3	0.8170857	0.26748973	0.6318797	0.36956963	0.7245596	0.41009107	0.18072893	0.65209657	0.16280785	0.4111093	10	0.46274185	0.23101349	0.9055729	Binding_SOS	0.27859882	0.1390842	0.5452101
Y3R	Y3R	3	3	0.1844475	0.2586266	0.24077955	0.30096498	0.34877545	0.22192073	0.43493193	0.38351598	0.34706107	0.21928881	10	0.2940313	0.08205816	0.321668	Binding_SOS	0.17702477	0.049404018	0.19366375
Y3S	Y3S	3	3	0.29284528	0.40118223	-0.28367212	-0.12754111	0.3311834	0.16925777	0.14797448	0.26804283	-0.14658153	0.054825366	10	0.11075167	0.23030145	0.9027817	Binding_SOS	0.06667926	0.13865551	0.5435296
Y3T	Y3T	3	3	-0.468652	-0.5367291	-0.11669716	-0.636416	-0.7439052	-0.13938054	-0.4343721	-0.92402977	0.21722038	-0.3510702	10	-0.4134032	0.33384988	1.3086915	Binding_SOS	-0.24889395	0.20099798	0.7879121
Y3V	Y3V	3	3	-0.0012937984	0.10639437	-0.272291	-0.0465673	-0.18087439	0.015053488	-0.26527476	0.21369043	0.33661774	-0.18870986	10	-0.028325507	0.20480569	0.8028383	Binding_SOS	-0.017053682	0.123305514	0.48335764
Y3W	Y3W	3	3	0.7523172	1.1625262	0.76927	0.93460226	0.874934	0.59970546	0.85442096	0.9274652	0.6131212	0.6807085	10	0.8169071	0.17126934	0.6713758	Binding_SOS	0.49182788	0.10311459	0.4042092
Y63A	Y63A	63	63	-1.1210036	-1.0680134	-1.0798167	-1.1325605	-1.1683458	-1.189851	-1.1324663	-1.076534	-1.1333395	-1.0316236	10	-1.1133554	0.048630226	0.1906305	Binding_SOS	-0.6703078	0.029278362	0.11477118
Y63C	Y63C	63	63	-1.400023	-1.2187773	-1.4292754	-1.2111323	-1.5109688	-1.2786412	-1.62127	-1.3823627	-1.2763249	-1.3108801	10	-1.3639655	0.13162924	0.5159866	Binding_SOS	-0.8211904	0.07924883	0.31065542
Y63D	Y63D	63	63	0.2203685	0.26740474	0.2944124	0.29708678	0.05853003	0.39606282	0.20361847	0.31081143	0.26116514	-0.013222739	10	0.22962376	0.12223561	0.47916362	Binding_SOS	0.1382475	0.07359329	0.2884857
Y63E	Y63E	63	63	-0.14826971	0.14136094	0.11750009	0.013410715	-0.085896924	0.027766423	0.29578918	0.2809	-0.10049417	-0.055382814	10	0.048668377	0.15633954	0.612851	Binding_SOS	0.02930133	0.094125934	0.36897367
Y63F	Y63F	63	63	-0.775892	-0.7118039	-0.773404	-0.77167547	-0.58631724	-0.94937986	-0.703341	-0.5194289	-0.5892485	-0.7107965	10	-0.70912874	0.12279375	0.4813515	Binding_SOS	-0.42693874	0.073929325	0.28980297
Y63G	Y63G	63	63	-0.12858342	-0.24425134	-0.05709731	-0.21248427	-0.12336004	-0.13241504	-0.22496061	-0.15162936	-0.16957569	-0.09942869	10	-0.15437858	0.058941394	0.23105027	Binding_SOS	-0.092945315	0.035486314	0.13910635
Y63H	Y63H	63	63	0.36272445	0.3312247	0.096794516	0.34357315	0.17254038	0.33997813	0.31402364	0.29938594	0.3218838	0.398657	10	0.29807857	0.09208502	0.36097327	Binding_SOS	0.17946148	0.055440795	0.21732792
Y63I	Y63I	63	63	-0.25378597	-0.37853804	-0.18683308	-0.15348287	-0.24120189	-0.4206973	-0.32341927	-0.28059828	-0.23511621	-0.12167301	10	-0.25953463	0.094964236	0.37225983	Binding_SOS	-0.15625568	0.05717426	0.2241231
Y63K	Y63K	63	63	2.0538054	1.8501606	1.7423568	1.5685469	1.5765481	1.6814672	1.4916459	1.5720626	1.5574415	1.8714159	10	1.696545	0.18004648	0.70578223	Binding_SOS	1.0214236	0.10839896	0.42492393
Y63L	Y63L	63	63	-1.2473241	-1.1046667	-1.1922143	-1.1908876	-1.2044946	-0.971693	-1.0611628	-1.051189	-0.87573373	-1.1829857	10	-1.1082351	0.11844673	0.46431118	Binding_SOS	-0.6672251	0.07131215	0.27954364
Y63M	Y63M	63	63	-0.7749378	-0.7196771	-1.1477352	-0.7958685	-0.79705775	-0.8834631	-0.8489912	-0.84622306	-0.7365645	-0.46121714	10	-0.8011735	0.16941479	0.664106	Binding_SOS	-0.4823553	0.10199803	0.39983228
Y63N	Y63N	63	63	-0.82953185	-0.7015721	-0.9655017	-0.73658574	-0.7159977	-0.7240174	-0.60666865	-0.6898212	-0.8548536	-0.70223624	10	-0.75267863	0.10246518	0.4016635	Binding_SOS	-0.45315844	0.061690286	0.24182592
Y63P	Y63P	63	63	0.320669	0.33088455	0.22936496	0.40575838	0.4288471	0.6675688	0.56494266	0.34318143	0.31516144	0.46885404	10	0.40752324	0.13100125	0.5135249	Binding_SOS	0.24535385	0.078870736	0.3091733
Y63Q	Y63Q	63	63	0.21170841	0.25942412	0.16641039	0.17092355	0.1883548	0.33890852	0.28659675	0.26263428	0.40693963	0.50919753	10	0.28010982	0.1109287	0.4348405	Binding_SOS	0.16864319	0.06678584	0.2618005
Y63R	Y63R	63	63	2.207741	2.0683627	1.9661176	1.97327	2.1430004	2.0222144	1.9358251	1.9837283	2.272228	2.0363395	10	2.0608828	0.11223966	0.43997946	Binding_SOS	1.2407771	0.06757512	0.2648945
Y63S	Y63S	63	63	-0.37612918	-0.37717047	-0.41375935	-0.26355004	-0.4025993	-0.4892124	-0.53506887	-0.5198864	-0.4515004	-0.3693009	10	-0.41981775	0.08175041	0.3204616	Binding_SOS	-0.25275588	0.04921873	0.19293742
Y63T	Y63T	63	63	-0.5256173	-0.37793794	-0.49904495	-0.2759153	-0.51634043	-0.3263535	-0.3414278	-0.47436005	-0.39686993	-0.42316088	10	-0.41570282	0.086585104	0.3394136	Binding_SOS	-0.25027844	0.05212951	0.20434768
Y63V	Y63V	63	63	-0.37689936	-0.4225681	-0.4528903	-0.4381655	-0.37022388	-0.39948958	-0.48185936	-0.39182037	-0.51584643	-0.29745537	10	-0.41472188	0.062111158	0.24347575	Binding_SOS	-0.24968785	0.037394702	0.14658724
Y63W	Y63W	63	63	-0.26650465	-0.29650027	-0.16540223	-0.30991748	-0.25587848	-0.18200985	-0.32001615	-0.12266146	-0.19549248	-0.27950904	10	-0.23938921	0.068045825	0.26673964	Binding_SOS	-0.1441269	0.040967736	0.16059352
Y70A	Y70A	70	70	-0.4813057	-0.6129142	-0.77173615	-0.6950746	-0.61680007	-0.57586175	-0.32946268	-0.5587156	-0.41485325	-0.5066776	10	-0.5563401	0.13015969	0.510226	Binding_SOS	-0.33495066	0.07836407	0.30718714
Y70C	Y70C	70	70	-0.9464968	-1.2633913	-0.9853413	-0.9988079	-1.230054	-1.3497494	-1.2853904	-1.2332287	-1.0747257	-1.1125904	10	-1.1479776	0.14253011	0.5587181	Binding_SOS	-0.6911525	0.085811816	0.33638233
Y70D	Y70D	70	70	-1.2716022	-1.3834921	-1.2381922	-1.3242105	-1.1565033	-1.1938604	-1.2203302	-1.199017	-1.0496039	-0.96902674	10	-1.2005838	0.122016065	0.478303	Binding_SOS	-0.72282463	0.07346111	0.28796756
Y70E	Y70E	70	70	-0.23743568	-0.23768096	-0.6621505	-0.28600678	-0.5015026	-0.3945697	-0.5752769	-0.446462	0.0059845545	-0.13175951	10	-0.34668598	0.20711176	0.81187814	Binding_SOS	-0.2087261	0.12469391	0.48880014
Y70F	Y70F	70	70	0.107075125	0.08281307	0.07736321	0.067370415	0.07638078	0.09650637	0.06851688	0.1058863	0.032339536	0.08784	10	0.08020917	0.021927923	0.08595746	Binding_SOS	0.04829081	0.013201946	0.051751632
Y70G	Y70G	70	70	-0.12379945	-0.4034794	-0.21180537	0.009701451	-0.1653871	-0.12520757	-0.07252783	-0.4150359	-0.25950086	-0.23103225	10	-0.19980744	0.13544536	0.5309458	Binding_SOS	-0.12029626	0.081546366	0.31966177
Y70H	Y70H	70	70	-1.1289057	-1.2880518	-1.4013255	-0.9562698	-1.3754472	-1.193323	-1.01556	-0.9277145	-0.93783724	-0.9086425	10	-1.1133077	0.19154073	0.7508397	Binding_SOS	-0.67027915	0.1153192	0.45205128
Y70I	Y70I	70	70	-1.2737267	-1.3655987	-0.6948381	-0.75394744	-0.6584056	-1.1134653	-1.3674986	-0.9110053	-0.7256859	-1.0512253	10	-0.9915398	0.28125656	1.1025257	Binding_SOS	-0.5969674	0.16933359	0.6637877
Y70K	Y70K	70	70	2.1573155	2.5829601	2.6728632	2.012391	2.6584208	2.5061707	2.6674418	2.6436632	2.5992944	2.6848705	10	2.518539	0.23719887	0.9298196	Binding_SOS	1.516314	0.14280818	0.5598081
Y70L	Y70L	70	70	-0.5652488	-0.64201194	-0.78505254	-0.7578977	-0.82201916	-0.6095468	-0.5900046	-0.5274634	-0.72750664	-0.69331366	10	-0.6720065	0.10000549	0.39202154	Binding_SOS	-0.40458888	0.060209405	0.23602088
Y70M	Y70M	70	70	-0.6622525	-0.71957153	-0.5870548	-0.2965991	-0.78616285	-0.64874405	-0.74171984	-0.422412	-0.8855099	-0.711019	10	-0.6461046	0.1737277	0.68101263	Binding_SOS	-0.38899434	0.10459467	0.4100111
Y70N	Y70N	70	70	0.21734367	-0.20677751	0.2954119	-0.0040106983	0.15188543	-0.18473524	0.36575273	0.040753447	0.12487279	0.09619914	10	0.08966957	0.1868906	0.7326112	Binding_SOS	0.05398655	0.11251954	0.4410766
Y70P	Y70P	70	70	0.0037474954	0.034124028	-0.076950684	0.25731042	0.36401507	0.041466203	0.15227212	0.20955062	0.106118515	-0.11894115	10	0.09727127	0.15107922	0.59223056	Binding_SOS	0.058563236	0.0909589	0.3565589
Y70Q	Y70Q	70	70	-0.374779	-0.695589	-0.863463	-0.82629764	-0.665157	-1.0309405	-0.58924687	-0.75994223	-1.104115	-0.9611747	10	-0.78707045	0.2187751	0.85759836	Binding_SOS	-0.4738644	0.13171594	0.5163265
Y70R	Y70R	70	70	1.9889586	2.3118453	2.7639065	2.696199	2.214204	3.243115	2.2926457	2.4997332	2.2413852	1.9930171	10	2.424501	0.38708505	1.5173734	Binding_SOS	1.4596974	0.2330488	0.9135513
Y70S	Y70S	70	70	-0.0020387552	0.2208773	0.2891366	0.4218411	0.28711453	0.086727306	0.14553434	0.3029812	0.10980752	0.099445105	10	0.19614263	0.12931563	0.5069173	Binding_SOS	0.118089825	0.07785589	0.3051951
Y70T	Y70T	70	70	-0.44673076	-0.64124125	-0.24311988	-0.28128704	-0.331381	-0.566602	-0.422985	-0.15912436	-0.2914076	-0.3719089	10	-0.37557876	0.14784259	0.57954293	Binding_SOS	-0.22612132	0.08901025	0.3489202
Y70V	Y70V	70	70	-1.1117442	-1.1597732	-0.9475431	-0.8046991	-0.95428675	-1.0233164	-0.9336038	-0.80123174	-0.9850695	-0.75468624	10	-0.9475954	0.13266431	0.5200441	Binding_SOS	-0.5705102	0.079872005	0.31309825
Y70W	Y70W	70	70	-1.2034031	-0.6307611	-0.6806822	-0.61660516	-0.84745926	-0.6108559	-0.7207889	-0.6464328	-0.9569233	-0.7803776	10	-0.7694289	0.18938366	0.74238396	Binding_SOS	-0.46324313	0.11402051	0.44696042
Y95A	Y95A	95	95	0.08654759	0.9291519	0.15023313	0.26453155	0.07615526	0.094705105	-0.3076091	0.35043517	0.37995362	-0.017774079	10	0.20063302	0.3227834	1.265311	Binding_SOS	0.12079331	0.1943353	0.7617944
Y95C	Y95C	95	95	-0.49200764	-0.51380676	0.46408606	-0.0053960495	0.39225373	-0.12623517	0.1869493	-0.31447315	-0.09094595	-0.34208277	10	-0.084165834	0.34634095	1.3576566	Binding_SOS	-0.050672963	0.20851837	0.81739205
Y95D	Y95D	95	95	0.2291595	-0.51784766	0.90991974	0.9545795				0.9258009	-0.46974266	0.9338673	7	0.42367667	0.677399	2.655404	Binding_SOS	0.25507918	0.40783548	1.5987152
Y95F	Y95F	95	95	0.31156135	0.3781491	0.24752547	-0.028229395	0.7647345	0.32728168	0.31013083	0.45583335	-0.19688913	0.031996112	10	0.26020938	0.27095103	1.0621281	Binding_SOS	0.15666191	0.16312905	0.63946587
Y95G	Y95G	95	95	0.2722542	0.15932117	-0.17128763	-0.4535086	-0.37388188	-0.113021456	-0.04784721	-0.43845493	-0.2603476	-0.11773945	10	-0.15445134	0.24145392	0.94649935	Binding_SOS	-0.092989124	0.14536998	0.5698503
Y95H	Y95H	95	95	0.77272266	-0.4107276	-1.0243093	-0.030329958	0.40428475	0.45562026	0.19251071	0.4329705	0.7515863	0.09134861	10	0.16356769	0.54946125	2.1538882	Binding_SOS	0.09847772	0.33080918	1.296772
Y95L	Y95L	95	95	-0.55745494	-0.37426805	-0.22865997	-0.61008286	-0.5951701	-0.7883757	-0.8071698	-0.7573089	-0.68794006	-0.61870813	10	-0.60251385	0.18316795	0.71801835	Binding_SOS	-0.36275008	0.11027827	0.43229082
Y95N	Y95N	95	95	-0.047957398	0.88381165	0.09464206	0.81091243	-0.49853614	0.9600159	0.7029274				7	0.41511655	0.5639123	2.2105362	Binding_SOS	0.24992548	0.33950958	1.3308775
Y95P	Y95P	95	95	0.4971224	0.22873193	-0.43567565	0.31173706	-0.18678181	0.5417996	0.62675947	0.18787652	0.3293605	0.26076567	10	0.23616958	0.32689074	1.2814118	Binding_SOS	0.14218849	0.19680816	0.771488
Y95R	Y95R	95	95	1.1508979	1.0777338	1.1300416	0.8423301	1.1914636	0.99272835	1.9689921	1.9923401	1.0927753	1.1624244	10	1.2601726	0.39286265	1.5400217	Binding_SOS	0.7587007	0.23652726	0.9271869
Y95V	Y95V	95	95	0.18040083	0.46633086				0.64502984	0.20242766	0.21574143	0.56000245	-0.23635435	7	0.29051128	0.2978485	1.1675661	Binding_SOS	0.17490551	0.17932296	0.702946
Y95W	Y95W	95	95	0.42767575	0.45385495	0.45028147				0.31469178	1.1777666	0.15409936	1.4260452	7	0.6292022	0.4767762	1.8689628	Binding_SOS	0.3788181	0.28704834	1.1252295
